username,orderId,token
testuser_0064,100001,eyJhbGciOiJIUzUxMiJ9.eyJzdWIiOiJ0ZXN0dXNlcl8wMDY0Iiwicm9sZXMiOiJST0xFX1VTRVIiLCJleHAiOjE3ODcxMTU0NTUsInVzZXJJZCI6IjY0IiwiaWF0IjoxNzg3MDI5MDU1fQ.mTVtlU2BZ8Xlc8xT2eutZs4L4ySLYPng9dnIcd84iXhA3JNtBPdlteoVPznI4X951FDTWkAx48mWBmzX4TT2Ww
testuser_0600,100002,eyJhbGciOiJIUzUxMiJ9.eyJzdWIiOiJ0ZXN0dXNlcl8wNjAwIiwicm9sZXMiOiJST0xFX1VTRVIiLCJleHAiOjE3ODcxMTU0NTUsInVzZXJJZCI6IjYwMCIsImlhdCI6MTc4NzAyOTA1NX0.MI-95Lwdx486gtl3OrFVvxD2nlqmRpmX6vSgDIxbuCZQH0tdEU2pCRNJKvAcxgtcn2xsErOX-70ijOP8bYx-iQ
testuser_0560,100003,eyJhbGciOiJIUzUxMiJ9.eyJzdWIiOiJ0ZXN0dXNlcl8wNTYwIiwicm9sZXMiOiJST0xFX1VTRVIiLCJleHAiOjE3ODcxMTU0NTUsInVzZXJJZCI6IjU2MCIsImlhdCI6MTc4NzAyOTA1NX0.xPsPfdxg2G89XqbRlfkR22jolVqsEfyBNtJl0I4b_pEsZE1wFvwseDBZ7_qi-MtRRL1RbirebMbMnomagRIlBg
testuser_0100,100004,eyJhbGciOiJIUzUxMiJ9.eyJzdWIiOiJ0ZXN0dXNlcl8wMTAwIiwicm9sZXMiOiJST0xFX1VTRVIiLCJleHAiOjE3ODcxMTU0NTUsInVzZXJJZCI6IjEwMCIsImlhdCI6MTc4NzAyOTA1NX0.wLjyryZRdj8bzuxqfXmeNImfIA76UZefiAbOs7HFEB29-ZgkZi5NVCFWaxzHhXBT_fQ6b3PPGRZbKv2E1M9-eQ
testuser_0399,100005,eyJhbGciOiJIUzUxMiJ9.eyJzdWIiOiJ0ZXN0dXNlcl8wMzk5Iiwicm9sZXMiOiJST0xFX1VTRVIiLCJleHAiOjE3ODcxMTU0NTUsInVzZXJJZCI6IjM5OSIsImlhdCI6MTc4NzAyOTA1NX0.eSdY8DpNIbjZ2PLu4tnz-QYqgDpxr7BxBsU1jButr30URE8TB4zi6J33wqSil14tnZzE_kGkZo4a_AibvMNxtg
testuser_0866,100006,eyJhbGciOiJIUzUxMiJ9.eyJzdWIiOiJ0ZXN0dXNlcl8wODY2Iiwicm9sZXMiOiJST0xFX1VTRVIiLCJleHAiOjE3ODcxMTU0NTUsInVzZXJJZCI6Ijg2NiIsImlhdCI6MTc4NzAyOTA1NX0.n5usiYM_DUYR7M8HyD-RVjyjptLNBC3270szWVAI8RCE2FD_RHQoQnL5nuJ-B7Te4Qn_6EC5PBbg8Go42uT4sw
testuser_0678,100007,eyJhbGciOiJIUzUxMiJ9.eyJzdWIiOiJ0ZXN0dXNlcl8wNjc4Iiwicm9sZXMiOiJST0xFX1VTRVIiLCJleHAiOjE3ODcxMTU0NTUsInVzZXJJZCI6IjY3OCIsImlhdCI6MTc4NzAyOTA1NX0.oYA-oUPvR0jLSUpWP17V88KYOUyz2smO2KYNK6gJUuGKUjbri2AFT7upX_Ie9BtIhfuCh5uPHfg7TSkG1wxtrA
testuser_0031,100008,eyJhbGciOiJIUzUxMiJ9.eyJzdWIiOiJ0ZXN0dXNlcl8wMDMxIiwicm9sZXMiOiJST0xFX1VTRVIiLCJleHAiOjE3ODcxMTU0NTUsInVzZXJJZCI6IjMxIiwiaWF0IjoxNzg3MDI5MDU1fQ.pKcGsKcTwMNmAlYi8379StdGwKVfjZMjjsEUCsUlfJwfMe64hALLG_71gTXTriQquTy6fTK2kgD1kI2x8X3-pA
testuser_0422,100009,eyJhbGciOiJIUzUxMiJ9.eyJzdWIiOiJ0ZXN0dXNlcl8wNDIyIiwicm9sZXMiOiJST0xFX1VTRVIiLCJleHAiOjE3ODcxMTU0NTUsInVzZXJJZCI6IjQyMiIsImlhdCI6MTc4NzAyOTA1NX0.zBqYW_sHN559UcLVtdDlyMQ51MgVu9lw_FCieYeUKCwLEL_El_-P26yyZf2SC__80i_TRcMeYPtD2qFeVBJ7Rw
testuser_0185,100010,eyJhbGciOiJIUzUxMiJ9.eyJzdWIiOiJ0ZXN0dXNlcl8wMTg1Iiwicm9sZXMiOiJST0xFX1VTRVIiLCJleHAiOjE3ODcxMTU0NTUsInVzZXJJZCI6IjE4NSIsImlhdCI6MTc4NzAyOTA1NX0.g9sanUzC2_dNU8Ns9B-ByDz6m9NA5V6wYR7Rw5tDZBeKmTyB68eT5aM3TkNGzUCO_YNvZ-xLDwvQJz89aaqabQ
testuser_0346,100011,eyJhbGciOiJIUzUxMiJ9.eyJzdWIiOiJ0ZXN0dXNlcl8wMzQ2Iiwicm9sZXMiOiJST0xFX1VTRVIiLCJleHAiOjE3ODcxMTU0NTYsInVzZXJJZCI6IjM0NiIsImlhdCI6MTc4NzAyOTA1Nn0.e4Y_1-y52dB7U0Asrr2XO5MkgkcbX6uUq9_SW_wubwKrUEmumxWjWlfS-D0Okxo_6T4x7cuGJTMEj5V04dsrDA
testuser_0472,100012,eyJhbGciOiJIUzUxMiJ9.eyJzdWIiOiJ0ZXN0dXNlcl8wNDcyIiwicm9sZXMiOiJST0xFX1VTRVIiLCJleHAiOjE3ODcxMTU0NTYsInVzZXJJZCI6IjQ3MiIsImlhdCI6MTc4NzAyOTA1Nn0.--tsOJLq2XxIFZcjJ-K5Psw6oR_G4h3uRzqnTmNjvt752sdGd2kBlf_RwMHzw2wrfhCqQHqNx-lfQHEWMw2mvA
testuser_0114,100013,eyJhbGciOiJIUzUxMiJ9.eyJzdWIiOiJ0ZXN0dXNlcl8wMTE0Iiwicm9sZXMiOiJST0xFX1VTRVIiLCJleHAiOjE3ODcxMTU0NTYsInVzZXJJZCI6IjExNCIsImlhdCI6MTc4NzAyOTA1Nn0.dBiSMMUmRas7GSouHyG4vXw76HkAQWTcB6Uz0h7SyvsHw2P7uJnHk1bE99DNWMgoIXeZQrBwV9Zrnxf7hezAYQ
testuser_0901,100014,eyJhbGciOiJIUzUxMiJ9.eyJzdWIiOiJ0ZXN0dXNlcl8wOTAxIiwicm9sZXMiOiJST0xFX1VTRVIiLCJleHAiOjE3ODcxMTU0NTYsInVzZXJJZCI6IjkwMSIsImlhdCI6MTc4NzAyOTA1Nn0.PPQzl6xZv9raPadTDmo6mY-wiVzLgSdq_rHYL4oITkhsb-XtUoEqocVWU4rIcDLIK8jUfKBumpIOobkw1CdH5Q
testuser_0921,100015,eyJhbGciOiJIUzUxMiJ9.eyJzdWIiOiJ0ZXN0dXNlcl8wOTIxIiwicm9sZXMiOiJST0xFX1VTRVIiLCJleHAiOjE3ODcxMTU0NTYsInVzZXJJZCI6IjkyMSIsImlhdCI6MTc4NzAyOTA1Nn0.eR3UW4qaxin9NW57KEGFg2WEByaZaB7ILz3uY4XfzCCWsPicc6lklhKYfkFJXFyoSkYv28sFcsyTn_dx3oGWDw
testuser_0613,100016,eyJhbGciOiJIUzUxMiJ9.eyJzdWIiOiJ0ZXN0dXNlcl8wNjEzIiwicm9sZXMiOiJST0xFX1VTRVIiLCJleHAiOjE3ODcxMTU0NTYsInVzZXJJZCI6IjYxMyIsImlhdCI6MTc4NzAyOTA1Nn0.-MdH-zPyKr-xWlTh05kog9ruxQX68KLmDhpLM8Tmk9YV9FfkJOVm4d8KyV6yg50zZUldELlqCHSiIhORBD3sCQ
testuser_0965,100017,eyJhbGciOiJIUzUxMiJ9.eyJzdWIiOiJ0ZXN0dXNlcl8wOTY1Iiwicm9sZXMiOiJST0xFX1VTRVIiLCJleHAiOjE3ODcxMTU0NTYsInVzZXJJZCI6Ijk2NSIsImlhdCI6MTc4NzAyOTA1Nn0.8z-rjyYPIwjO0mHg5ipdSXfKx8UK7v-NKcGRz1jAvL5SWb63XnyHsNZ62kjCy7NkLs3dZT0keWyOUf_Nh5RYZw
testuser_0497,100018,eyJhbGciOiJIUzUxMiJ9.eyJzdWIiOiJ0ZXN0dXNlcl8wNDk3Iiwicm9sZXMiOiJST0xFX1VTRVIiLCJleHAiOjE3ODcxMTU0NTYsInVzZXJJZCI6IjQ5NyIsImlhdCI6MTc4NzAyOTA1Nn0.stYsOo6U7IaFV-ytkI17IGm4MBBtEKoUYtJnnuPzb1oOT2gHKFA8sQlBDVTL8rmu8jUH08b2ZX4eLpC1bbPbUw
testuser_0203,100019,eyJhbGciOiJIUzUxMiJ9.eyJzdWIiOiJ0ZXN0dXNlcl8wMjAzIiwicm9sZXMiOiJST0xFX1VTRVIiLCJleHAiOjE3ODcxMTU0NTYsInVzZXJJZCI6IjIwMyIsImlhdCI6MTc4NzAyOTA1Nn0.lzUTeqg7gLa5Tmtt1BYH5TdnbVFXCEDQ4-bFhnr77O3EQQ40T32yCB555TrQlOSNJZiwS_sThMMVYC5VyO7Oyw
testuser_0156,100020,eyJhbGciOiJIUzUxMiJ9.eyJzdWIiOiJ0ZXN0dXNlcl8wMTU2Iiwicm9sZXMiOiJST0xFX1VTRVIiLCJleHAiOjE3ODcxMTU0NTYsInVzZXJJZCI6IjE1NiIsImlhdCI6MTc4NzAyOTA1Nn0.7sDAi_PeAEqY1w7I9T1WWZvwHYVkPPm_y5UjpdbwQqK5fun1tDf0pdYVoD63nlI2m3yzQ09sns5Mh7D4bxZUBw
testuser_0946,100021,eyJhbGciOiJIUzUxMiJ9.eyJzdWIiOiJ0ZXN0dXNlcl8wOTQ2Iiwicm9sZXMiOiJST0xFX1VTRVIiLCJleHAiOjE3ODcxMTU0NTcsInVzZXJJZCI6Ijk0NiIsImlhdCI6MTc4NzAyOTA1N30.1TVa9QJrjze7LhNcemfZ7NtBjjAx43YCOtAPqZts2c74KMeiwjMq_oQ0qtyzqYgY6TJQtMedyKbvpEufxqpnsQ
testuser_0588,100022,eyJhbGciOiJIUzUxMiJ9.eyJzdWIiOiJ0ZXN0dXNlcl8wNTg4Iiwicm9sZXMiOiJST0xFX1VTRVIiLCJleHAiOjE3ODcxMTU0NTcsInVzZXJJZCI6IjU4OCIsImlhdCI6MTc4NzAyOTA1N30.fdRGwuIl-Q_2rrwUxUMyDT7D39ZMFmfMe1rIfoQXf9N7YW6PQhycMNtel2U5Vm8KqduNw-nHtlayLryUElY8sA
testuser_0122,100023,eyJhbGciOiJIUzUxMiJ9.eyJzdWIiOiJ0ZXN0dXNlcl8wMTIyIiwicm9sZXMiOiJST0xFX1VTRVIiLCJleHAiOjE3ODcxMTU0NTcsInVzZXJJZCI6IjEyMiIsImlhdCI6MTc4NzAyOTA1N30.yHuExEYh7ay0euXpEYFaNVoOt1Q1Zi_uaFU_CTw1jBP4PB-uYbhuIevwMIdLYQtzM8XpL6sZE3UAxfPzpcrVDw
testuser_0394,100024,eyJhbGciOiJIUzUxMiJ9.eyJzdWIiOiJ0ZXN0dXNlcl8wMzk0Iiwicm9sZXMiOiJST0xFX1VTRVIiLCJleHAiOjE3ODcxMTU0NTcsInVzZXJJZCI6IjM5NCIsImlhdCI6MTc4NzAyOTA1N30.DdtxgliIIvrFVJuujETQPbgP68W2llqlsk5hjlK2wf_8jzD7nBzupDff3RjpKVqhPZwZT3C9vlFXpyAeXP3dGA
testuser_0609,100025,eyJhbGciOiJIUzUxMiJ9.eyJzdWIiOiJ0ZXN0dXNlcl8wNjA5Iiwicm9sZXMiOiJST0xFX1VTRVIiLCJleHAiOjE3ODcxMTU0NTcsInVzZXJJZCI6IjYwOSIsImlhdCI6MTc4NzAyOTA1N30.SHWrhw4rT2uNvMxOhC85TIH3yrKLNtaeSD_j7pJzdA5XtKzAKw5G13gcb3s6a8q-omCkEub9iFV2cNHLfjBIEA
testuser_0902,100026,eyJhbGciOiJIUzUxMiJ9.eyJzdWIiOiJ0ZXN0dXNlcl8wOTAyIiwicm9sZXMiOiJST0xFX1VTRVIiLCJleHAiOjE3ODcxMTU0NTcsInVzZXJJZCI6IjkwMiIsImlhdCI6MTc4NzAyOTA1N30.ZURX16C1JvaLVwGCH2m_eDlm9rfb_K8vYt9gHg6dQ45dKr_zc1qXldFX0LcE5pMh1mSOjFLN3mlfEtoCSNvnig
testuser_0703,100027,eyJhbGciOiJIUzUxMiJ9.eyJzdWIiOiJ0ZXN0dXNlcl8wNzAzIiwicm9sZXMiOiJST0xFX1VTRVIiLCJleHAiOjE3ODcxMTU0NTcsInVzZXJJZCI6IjcwMyIsImlhdCI6MTc4NzAyOTA1N30.qbGLtMEFdD4Fcwb9fbv_-t7JcPqjSKCBlmKl7R7yN_i2h7heK5D4K4np1paM_-_OK1rtG8fbs-6riZ6Sn1-QhQ
testuser_0685,100028,eyJhbGciOiJIUzUxMiJ9.eyJzdWIiOiJ0ZXN0dXNlcl8wNjg1Iiwicm9sZXMiOiJST0xFX1VTRVIiLCJleHAiOjE3ODcxMTU0NTcsInVzZXJJZCI6IjY4NSIsImlhdCI6MTc4NzAyOTA1N30.wgWGep2-sG3-Xdga0r2LJIubR0vJCX2zOsv4t_5M-jl5KmVDfkAAHrTikbxz9Va9v-_6BR6nwkOe-Y_0vwDdkA
testuser_0384,100029,eyJhbGciOiJIUzUxMiJ9.eyJzdWIiOiJ0ZXN0dXNlcl8wMzg0Iiwicm9sZXMiOiJST0xFX1VTRVIiLCJleHAiOjE3ODcxMTU0NTcsInVzZXJJZCI6IjM4NCIsImlhdCI6MTc4NzAyOTA1N30.pO84BbcVQhGohjm4zRJhNUj-4ksw0ppnVXdrnXvtGD6GdnZWwW3FeiVEw0-AOuQWBgHZOFNGslXKDoqv0FB0EQ
testuser_0298,100030,eyJhbGciOiJIUzUxMiJ9.eyJzdWIiOiJ0ZXN0dXNlcl8wMjk4Iiwicm9sZXMiOiJST0xFX1VTRVIiLCJleHAiOjE3ODcxMTU0NTcsInVzZXJJZCI6IjI5OCIsImlhdCI6MTc4NzAyOTA1N30.ypQJkRrBPxPW-ejWNUj41zDCeRZFd5t4cbKjg-ZAjUvrVM6j1wv1bDGlb5D69gh5iq6v9TxcUbmpTAyHx5aPIw
testuser_0644,100031,eyJhbGciOiJIUzUxMiJ9.eyJzdWIiOiJ0ZXN0dXNlcl8wNjQ0Iiwicm9sZXMiOiJST0xFX1VTRVIiLCJleHAiOjE3ODcxMTU0NTcsInVzZXJJZCI6IjY0NCIsImlhdCI6MTc4NzAyOTA1N30.pJFZmd7Y8Es_dGKCk01ICUeRenoSFUAmAzfZsIy8fs159c_F5li9ddDWX_G_frXa2UqNmoIWPZvAsvz20cRJPQ
testuser_0949,100032,eyJhbGciOiJIUzUxMiJ9.eyJzdWIiOiJ0ZXN0dXNlcl8wOTQ5Iiwicm9sZXMiOiJST0xFX1VTRVIiLCJleHAiOjE3ODcxMTU0NTgsInVzZXJJZCI6Ijk0OSIsImlhdCI6MTc4NzAyOTA1OH0.b8c1Ru-h30nKFGK4DqDdCitg8gLr0-f1oY0wzSMSu39tLbqgffeg3NtVI5AM1hK35_0lJKJT8Fnqg3AvCDyMTw
testuser_0769,100033,eyJhbGciOiJIUzUxMiJ9.eyJzdWIiOiJ0ZXN0dXNlcl8wNzY5Iiwicm9sZXMiOiJST0xFX1VTRVIiLCJleHAiOjE3ODcxMTU0NTgsInVzZXJJZCI6Ijc2OSIsImlhdCI6MTc4NzAyOTA1OH0.rlOvHd6-W7Pa1I2IWcAtdckZrfHcxjwaeynC6G8cG8MYslobXszm_X11L2u9i_3eCq8wXtfv6zlFlt1tfpXxFg
testuser_0993,100034,eyJhbGciOiJIUzUxMiJ9.eyJzdWIiOiJ0ZXN0dXNlcl8wOTkzIiwicm9sZXMiOiJST0xFX1VTRVIiLCJleHAiOjE3ODcxMTU0NTgsInVzZXJJZCI6Ijk5MyIsImlhdCI6MTc4NzAyOTA1OH0.46Gp7upjVNGFZUDMzb0SCo-s7QiAUnYRFtduhL54yGok7Lwx7AFZ27tQValp2ZKRIIuMCUrHc6cvA-UVH0g9ZA
testuser_0836,100035,eyJhbGciOiJIUzUxMiJ9.eyJzdWIiOiJ0ZXN0dXNlcl8wODM2Iiwicm9sZXMiOiJST0xFX1VTRVIiLCJleHAiOjE3ODcxMTU0NTgsInVzZXJJZCI6IjgzNiIsImlhdCI6MTc4NzAyOTA1OH0.e7JxvpP7ymxiFPqjLR7k3tDRAJf1Jau1uzPS1be_8l526MsTfYO5D9fjZbg_32CI7DodWR5X95JEi7IfCqNIew
testuser_0823,100036,eyJhbGciOiJIUzUxMiJ9.eyJzdWIiOiJ0ZXN0dXNlcl8wODIzIiwicm9sZXMiOiJST0xFX1VTRVIiLCJleHAiOjE3ODcxMTU0NTgsInVzZXJJZCI6IjgyMyIsImlhdCI6MTc4NzAyOTA1OH0.Zszj9P3KP1LaV3I2KgmWf53QGu7wf2jukKhfJetl5aCOZVDI90FunhygD4DnLoPx_G4n8HC4jHb4rOdHHtR_UA
testuser_0651,100037,eyJhbGciOiJIUzUxMiJ9.eyJzdWIiOiJ0ZXN0dXNlcl8wNjUxIiwicm9sZXMiOiJST0xFX1VTRVIiLCJleHAiOjE3ODcxMTU0NTgsInVzZXJJZCI6IjY1MSIsImlhdCI6MTc4NzAyOTA1OH0.U2IkRYa2qNAXfZTu8wSlZFUbVck8K_mhPOenRzLuOE2xg8qT2WI_3zNQwK8FvGJK0VAWZGq5uv-J5WbuWfIo9Q
testuser_0787,100038,eyJhbGciOiJIUzUxMiJ9.eyJzdWIiOiJ0ZXN0dXNlcl8wNzg3Iiwicm9sZXMiOiJST0xFX1VTRVIiLCJleHAiOjE3ODcxMTU0NTgsInVzZXJJZCI6Ijc4NyIsImlhdCI6MTc4NzAyOTA1OH0.M-n0PWuu9lgXiu8WBNY9sh7eZe6uNhKY9uziqfD4ilnl87Rov9gwoc0NkIcouq7zZHf-tI_HtjxBg5n6WbI0Aw
testuser_0625,100039,eyJhbGciOiJIUzUxMiJ9.eyJzdWIiOiJ0ZXN0dXNlcl8wNjI1Iiwicm9sZXMiOiJST0xFX1VTRVIiLCJleHAiOjE3ODcxMTU0NTgsInVzZXJJZCI6IjYyNSIsImlhdCI6MTc4NzAyOTA1OH0.ocjQPybCkAH1a4YDqcJ2DdftIlKF8umcDlXUuPlykmYCWU1AFPt_5J9fxOdwQKo5Qi48H4PnpzqVYMTgxMOo6w
testuser_0439,100040,eyJhbGciOiJIUzUxMiJ9.eyJzdWIiOiJ0ZXN0dXNlcl8wNDM5Iiwicm9sZXMiOiJST0xFX1VTRVIiLCJleHAiOjE3ODcxMTU0NTgsInVzZXJJZCI6IjQzOSIsImlhdCI6MTc4NzAyOTA1OH0.DZSM6_wLh1WiJh0hCTKyI5xpmm1ObAY5JWogy_H7mmeENpn0pb1M_sDd52TmiA2q1HzFetb8qYAW1d9SufldUg
testuser_0082,100041,eyJhbGciOiJIUzUxMiJ9.eyJzdWIiOiJ0ZXN0dXNlcl8wMDgyIiwicm9sZXMiOiJST0xFX1VTRVIiLCJleHAiOjE3ODcxMTU0NTgsInVzZXJJZCI6IjgyIiwiaWF0IjoxNzg3MDI5MDU4fQ.tVTQy6HSuDqljRg9XjVHlnL4CbWGpnnDoyRcl5bUXRjkT_9_vj1sWtHK7P1Cpcc9DZtsGL77vs1rV2C1ddVSzg
testuser_0459,100042,eyJhbGciOiJIUzUxMiJ9.eyJzdWIiOiJ0ZXN0dXNlcl8wNDU5Iiwicm9sZXMiOiJST0xFX1VTRVIiLCJleHAiOjE3ODcxMTU0NTksInVzZXJJZCI6IjQ1OSIsImlhdCI6MTc4NzAyOTA1OX0.tcEc5LtYHgNIxz1ATORdO44nHOysEM_M7hUSHLjvJNyIYbFMZl2f1tr6PRYObdQ-94gm5u0uIypVv_0wweXZ2g
testuser_0293,100043,eyJhbGciOiJIUzUxMiJ9.eyJzdWIiOiJ0ZXN0dXNlcl8wMjkzIiwicm9sZXMiOiJST0xFX1VTRVIiLCJleHAiOjE3ODcxMTU0NTksInVzZXJJZCI6IjI5MyIsImlhdCI6MTc4NzAyOTA1OX0.CPxiEHgS9KlcrC8Sjb1C8rZtRWvjQqOhoW1Q8qqqZDJNIfnKf3lEBoTRTMUCHdT5VzyanTX245hnxbn62WrLYg
testuser_0893,100044,eyJhbGciOiJIUzUxMiJ9.eyJzdWIiOiJ0ZXN0dXNlcl8wODkzIiwicm9sZXMiOiJST0xFX1VTRVIiLCJleHAiOjE3ODcxMTU0NTksInVzZXJJZCI6Ijg5MyIsImlhdCI6MTc4NzAyOTA1OX0.WTwjNlxT2qca7adf9-1Lio5m4E1r6aS0l8YXluANbds3DLVk3fHiiDH_Wavw5bXmPlheloB71dyfQd-Il8dmnw
testuser_0473,100045,eyJhbGciOiJIUzUxMiJ9.eyJzdWIiOiJ0ZXN0dXNlcl8wNDczIiwicm9sZXMiOiJST0xFX1VTRVIiLCJleHAiOjE3ODcxMTU0NTksInVzZXJJZCI6IjQ3MyIsImlhdCI6MTc4NzAyOTA1OX0.dnQUcAeuX5XsK6ogA5P-JzThWVqFmisFPQm1_qNLhB9w2Lofa-C24KCT_vH0pNETDzgNUKYeVD5vRX5_GWi5RQ
testuser_0435,100046,eyJhbGciOiJIUzUxMiJ9.eyJzdWIiOiJ0ZXN0dXNlcl8wNDM1Iiwicm9sZXMiOiJST0xFX1VTRVIiLCJleHAiOjE3ODcxMTU0NTksInVzZXJJZCI6IjQzNSIsImlhdCI6MTc4NzAyOTA1OX0.RDSiLfjF39KnVs8Ur-mNq_irUYQ-R3jBzQtG9lyNEF7S_PXXaGwA-YR5ih5yz_vQJUhQLcX9GO4A4O_MQgnoJg
testuser_0903,100047,eyJhbGciOiJIUzUxMiJ9.eyJzdWIiOiJ0ZXN0dXNlcl8wOTAzIiwicm9sZXMiOiJST0xFX1VTRVIiLCJleHAiOjE3ODcxMTU0NTksInVzZXJJZCI6IjkwMyIsImlhdCI6MTc4NzAyOTA1OX0.j4gSC5NAZrzO_ZhntOXwcdP4wyR-U6fxVdRD6fKMShHFeIaEVojHgm0SLPAmLukYCJNLNHRLBQhiKLzRvQSXpA
testuser_0451,100048,eyJhbGciOiJIUzUxMiJ9.eyJzdWIiOiJ0ZXN0dXNlcl8wNDUxIiwicm9sZXMiOiJST0xFX1VTRVIiLCJleHAiOjE3ODcxMTU0NTksInVzZXJJZCI6IjQ1MSIsImlhdCI6MTc4NzAyOTA1OX0.AvZuDl0N3cPDTfINUJ3LtmIv1LaPs0EggCLcVSG2jAH_hsGQgLwVHniWM-I9IJdx0x7gFmeq1vLswsF-5G4Djw
testuser_0496,100049,eyJhbGciOiJIUzUxMiJ9.eyJzdWIiOiJ0ZXN0dXNlcl8wNDk2Iiwicm9sZXMiOiJST0xFX1VTRVIiLCJleHAiOjE3ODcxMTU0NTksInVzZXJJZCI6IjQ5NiIsImlhdCI6MTc4NzAyOTA1OX0.Dm7BynP1U6PKosYMCkfzxl31sLFssYGzC7RxGAx549F8FQiqAuCutc07QXYwk8_OH28qN1-kclPSiDj0xHplbA
testuser_0351,100050,eyJhbGciOiJIUzUxMiJ9.eyJzdWIiOiJ0ZXN0dXNlcl8wMzUxIiwicm9sZXMiOiJST0xFX1VTRVIiLCJleHAiOjE3ODcxMTU0NTksInVzZXJJZCI6IjM1MSIsImlhdCI6MTc4NzAyOTA1OX0.LrGfxdOaFM2kOwCSB1wTaufw9o-JWAJnDR_0n48sHHz9ZUT9XAs4Zm43shwedu2ysasMIJQz2XhyOBKVWt1ChQ
testuser_0096,100051,eyJhbGciOiJIUzUxMiJ9.eyJzdWIiOiJ0ZXN0dXNlcl8wMDk2Iiwicm9sZXMiOiJST0xFX1VTRVIiLCJleHAiOjE3ODcxMTU0NTksInVzZXJJZCI6Ijk2IiwiaWF0IjoxNzg3MDI5MDU5fQ.EWH-J0Qcs-kbGm-SGNzcTSbzj7q8rUYbtyQeyDfPNcBlNec58I2f-zaHibTTolVLAGqYPLyYU9_HFlbJk1kqAg
testuser_0633,100052,eyJhbGciOiJIUzUxMiJ9.eyJzdWIiOiJ0ZXN0dXNlcl8wNjMzIiwicm9sZXMiOiJST0xFX1VTRVIiLCJleHAiOjE3ODcxMTU0NjAsInVzZXJJZCI6IjYzMyIsImlhdCI6MTc4NzAyOTA2MH0.nggRNxGSEObzW6PMevGl70Hzyk-BJFgYITepUTSoLe8xEJpS-tCPE2EFskvXCL3IP333KHwcS84y-wFCe2HEJg
testuser_0574,100053,eyJhbGciOiJIUzUxMiJ9.eyJzdWIiOiJ0ZXN0dXNlcl8wNTc0Iiwicm9sZXMiOiJST0xFX1VTRVIiLCJleHAiOjE3ODcxMTU0NjAsInVzZXJJZCI6IjU3NCIsImlhdCI6MTc4NzAyOTA2MH0.2wUJQmHhawyloLYl860PWn5H4OxLwSqPdJ2cHeHaCZwtTTSw2n8BSwGbZ7QW4qXavUqX5IMPLzGn6ue0grRqWA
testuser_0604,100054,eyJhbGciOiJIUzUxMiJ9.eyJzdWIiOiJ0ZXN0dXNlcl8wNjA0Iiwicm9sZXMiOiJST0xFX1VTRVIiLCJleHAiOjE3ODcxMTU0NjAsInVzZXJJZCI6IjYwNCIsImlhdCI6MTc4NzAyOTA2MH0.jdYptFEjhh2xW1FwxXaYLBwV8A8VbCCKqppJpfiuZ7cDdQdv1hGUhFfCywK0JOpsL2vIjfFzI0foOa7U_POkRw
testuser_0478,100055,eyJhbGciOiJIUzUxMiJ9.eyJzdWIiOiJ0ZXN0dXNlcl8wNDc4Iiwicm9sZXMiOiJST0xFX1VTRVIiLCJleHAiOjE3ODcxMTU0NjAsInVzZXJJZCI6IjQ3OCIsImlhdCI6MTc4NzAyOTA2MH0.01fnVnNr1prI9PnLrQDLVAKUrdb3axMd9F-aJkG9kWYJME6pzwguSifBtt-owQNEVyPPAbhmOPxvBDITMsOZrg
testuser_0589,100056,eyJhbGciOiJIUzUxMiJ9.eyJzdWIiOiJ0ZXN0dXNlcl8wNTg5Iiwicm9sZXMiOiJST0xFX1VTRVIiLCJleHAiOjE3ODcxMTU0NjAsInVzZXJJZCI6IjU4OSIsImlhdCI6MTc4NzAyOTA2MH0.-xA51vmIAX36-FNzHKqYAUHvBQfvcPBVp7B2MsRtp6LArs4C3E9IiKsx9puuBxJIKrd6oDWI8jacZhqYCtKlGg
testuser_0849,100057,eyJhbGciOiJIUzUxMiJ9.eyJzdWIiOiJ0ZXN0dXNlcl8wODQ5Iiwicm9sZXMiOiJST0xFX1VTRVIiLCJleHAiOjE3ODcxMTU0NjAsInVzZXJJZCI6Ijg0OSIsImlhdCI6MTc4NzAyOTA2MH0.qI-sKr49UhaYm8p3kwixWpZa7LhjzTZIrommVlh1LO4bWzeo_xbd06H3sIIc13nMlp4xVJN6vUBaKJpe3rB-DA
testuser_0265,100058,eyJhbGciOiJIUzUxMiJ9.eyJzdWIiOiJ0ZXN0dXNlcl8wMjY1Iiwicm9sZXMiOiJST0xFX1VTRVIiLCJleHAiOjE3ODcxMTU0NjAsInVzZXJJZCI6IjI2NSIsImlhdCI6MTc4NzAyOTA2MH0.lTYO_4mf_bl_Z7VWXBCB7mAUPhaE9JyVEv8AtvlMjRv3DUBmmPpLTkvBeYQ7aiY26E-vem3XYnWEZA7iS0wCDA
testuser_0046,100059,eyJhbGciOiJIUzUxMiJ9.eyJzdWIiOiJ0ZXN0dXNlcl8wMDQ2Iiwicm9sZXMiOiJST0xFX1VTRVIiLCJleHAiOjE3ODcxMTU0NjAsInVzZXJJZCI6IjQ2IiwiaWF0IjoxNzg3MDI5MDYwfQ.fAp5I8AW-4XBPOpkfZhJ3Y3lEwEt4Ysn-84DLm_sztuCsIZbtVCmyJvZtD5PPpDaBMuBu8gaJltgOso0FJypQw
testuser_0911,100061,eyJhbGciOiJIUzUxMiJ9.eyJzdWIiOiJ0ZXN0dXNlcl8wOTExIiwicm9sZXMiOiJST0xFX1VTRVIiLCJleHAiOjE3ODcxMTU0NjAsInVzZXJJZCI6IjkxMSIsImlhdCI6MTc4NzAyOTA2MH0.LeOzFGv_tj5aRwl452ap09GP5sCkDN06i7f_dsmWb_4V8AtVJh2Z1jw0DAeNLKI526wKTmPn31P_GIEdzbxCOg
testuser_0223,100063,eyJhbGciOiJIUzUxMiJ9.eyJzdWIiOiJ0ZXN0dXNlcl8wMjIzIiwicm9sZXMiOiJST0xFX1VTRVIiLCJleHAiOjE3ODcxMTU0NjAsInVzZXJJZCI6IjIyMyIsImlhdCI6MTc4NzAyOTA2MH0.Iu0SSwhRjI2JO_dV1T3cErik1slylI-NGrQFw0X_kF2-fRXq-Sjf4ZUgA3XY-YWXidKVU92dWbRq2CVCj3VeoQ
testuser_0142,100064,eyJhbGciOiJIUzUxMiJ9.eyJzdWIiOiJ0ZXN0dXNlcl8wMTQyIiwicm9sZXMiOiJST0xFX1VTRVIiLCJleHAiOjE3ODcxMTU0NjAsInVzZXJJZCI6IjE0MiIsImlhdCI6MTc4NzAyOTA2MH0.jij2NrYLL4XpEwAJFnM4fMVZ5kTlfIdd1YwdxnhkLykhRv4BcFPDwB7y0Ard3CM6pKVBfSPUADhDJlb9b2cM3Q
testuser_0404,100065,eyJhbGciOiJIUzUxMiJ9.eyJzdWIiOiJ0ZXN0dXNlcl8wNDA0Iiwicm9sZXMiOiJST0xFX1VTRVIiLCJleHAiOjE3ODcxMTU0NjEsInVzZXJJZCI6IjQwNCIsImlhdCI6MTc4NzAyOTA2MX0.8lVdGh_dHdE-WIJ6p3FhTvYQdyHl3bCvkT8v8YpVeVaC4PMf1guEiSzLK0aM1mkFctPfK6BY0Y_qf24V9NVvQw
testuser_0640,100066,eyJhbGciOiJIUzUxMiJ9.eyJzdWIiOiJ0ZXN0dXNlcl8wNjQwIiwicm9sZXMiOiJST0xFX1VTRVIiLCJleHAiOjE3ODcxMTU0NjEsInVzZXJJZCI6IjY0MCIsImlhdCI6MTc4NzAyOTA2MX0.chHH5cIzuQqeO9mSEtSqspRG2yGd64NGV8HztTNGm0yPbOaogLjJ4FCZ334k6DD3AGgRUaFZpf_NwYnKLMx87Q
testuser_0398,100067,eyJhbGciOiJIUzUxMiJ9.eyJzdWIiOiJ0ZXN0dXNlcl8wMzk4Iiwicm9sZXMiOiJST0xFX1VTRVIiLCJleHAiOjE3ODcxMTU0NjEsInVzZXJJZCI6IjM5OCIsImlhdCI6MTc4NzAyOTA2MX0.JokjLMbqZVYHdoIDLJid4f2vc_kVi5q7pGhaowJKWamAhW2Iwxr5GaNfMsu83MJhkTSIR9lvK_0gTHNlvs2PGQ
testuser_0258,100068,eyJhbGciOiJIUzUxMiJ9.eyJzdWIiOiJ0ZXN0dXNlcl8wMjU4Iiwicm9sZXMiOiJST0xFX1VTRVIiLCJleHAiOjE3ODcxMTU0NjEsInVzZXJJZCI6IjI1OCIsImlhdCI6MTc4NzAyOTA2MX0.zNiu4mJZgtvSosrFT8SkOIuATB6fdgyjMDZy1FVXr5EB5ggsVVVfkvDObFgOqv5bFyav1nBfa9E_kpv0N8GxrA
testuser_0513,100069,eyJhbGciOiJIUzUxMiJ9.eyJzdWIiOiJ0ZXN0dXNlcl8wNTEzIiwicm9sZXMiOiJST0xFX1VTRVIiLCJleHAiOjE3ODcxMTU0NjEsInVzZXJJZCI6IjUxMyIsImlhdCI6MTc4NzAyOTA2MX0.b3lXYaVfGz38kFZ9Sw_515rAPsCsKTyK410LuQJ8h2QfSwrlJWOpE4nqDapmNH_h3pSsHNItfZIYGeHo4lAC2g
testuser_0019,100070,eyJhbGciOiJIUzUxMiJ9.eyJzdWIiOiJ0ZXN0dXNlcl8wMDE5Iiwicm9sZXMiOiJST0xFX1VTRVIiLCJleHAiOjE3ODcxMTU0NjEsInVzZXJJZCI6IjE5IiwiaWF0IjoxNzg3MDI5MDYxfQ.mymv1vlzL18HP3rzj2sFXRfWUTODOjHxBNwHivFy6gT6iMFFYFenZ8Hmy_uejK_WusD3I-ezX0ZGVsmW8_c1dA
testuser_0374,100071,eyJhbGciOiJIUzUxMiJ9.eyJzdWIiOiJ0ZXN0dXNlcl8wMzc0Iiwicm9sZXMiOiJST0xFX1VTRVIiLCJleHAiOjE3ODcxMTU0NjEsInVzZXJJZCI6IjM3NCIsImlhdCI6MTc4NzAyOTA2MX0.0RxlOMong38rKzYMknHy31GYgA_yfuquyP1VeWFOfbW4_gUtqCq3yEGbLtaOTOOrqOkyD-Yt452XzCJymB7anA
testuser_0256,100072,eyJhbGciOiJIUzUxMiJ9.eyJzdWIiOiJ0ZXN0dXNlcl8wMjU2Iiwicm9sZXMiOiJST0xFX1VTRVIiLCJleHAiOjE3ODcxMTU0NjEsInVzZXJJZCI6IjI1NiIsImlhdCI6MTc4NzAyOTA2MX0.nYHfsdjuiZGRKy2xGbB4rR53rcLtfdsfgNnZB8lDc9QM-okNuXjWee9oBZ62siT1ekPinUroNyDm9lcv6-00Ug
testuser_0883,100073,eyJhbGciOiJIUzUxMiJ9.eyJzdWIiOiJ0ZXN0dXNlcl8wODgzIiwicm9sZXMiOiJST0xFX1VTRVIiLCJleHAiOjE3ODcxMTU0NjEsInVzZXJJZCI6Ijg4MyIsImlhdCI6MTc4NzAyOTA2MX0.OPwD9mEeBZaKLi-2BjIev6rOId2UAn9hSwxO65naBLfJe5hqs1GPcf9jeG6D7AS6ldUt1UPPhdnQWeDKAkiGDQ
testuser_0511,100074,eyJhbGciOiJIUzUxMiJ9.eyJzdWIiOiJ0ZXN0dXNlcl8wNTExIiwicm9sZXMiOiJST0xFX1VTRVIiLCJleHAiOjE3ODcxMTU0NjEsInVzZXJJZCI6IjUxMSIsImlhdCI6MTc4NzAyOTA2MX0.xainGs4BedgRAQnonZ3V3Ls8SHskYeSxWf7kwD6tSjGYK864QKGS5k15zbDl_ReTiQO4APbQICU8uhgl47vTTg
testuser_0153,100075,eyJhbGciOiJIUzUxMiJ9.eyJzdWIiOiJ0ZXN0dXNlcl8wMTUzIiwicm9sZXMiOiJST0xFX1VTRVIiLCJleHAiOjE3ODcxMTU0NjEsInVzZXJJZCI6IjE1MyIsImlhdCI6MTc4NzAyOTA2MX0.66tHD48jXwxKrpQ2eFf67_K3BbVHST0NhB8ZQ5aWvaUvtRdhHPnOwnPE25-7lyMn8RXmZmYIgyeKi_pLvWejZg
testuser_0634,100076,eyJhbGciOiJIUzUxMiJ9.eyJzdWIiOiJ0ZXN0dXNlcl8wNjM0Iiwicm9sZXMiOiJST0xFX1VTRVIiLCJleHAiOjE3ODcxMTU0NjIsInVzZXJJZCI6IjYzNCIsImlhdCI6MTc4NzAyOTA2Mn0.FlMTWSlz4G0chvZRJ4xZEHmJgwtjKqPt3BNCU3qa3uT6-bO-93CFRelwx7YtZjGejefAMbeAY-Smp-lmBaecPw
testuser_0028,100078,eyJhbGciOiJIUzUxMiJ9.eyJzdWIiOiJ0ZXN0dXNlcl8wMDI4Iiwicm9sZXMiOiJST0xFX1VTRVIiLCJleHAiOjE3ODcxMTU0NjIsInVzZXJJZCI6IjI4IiwiaWF0IjoxNzg3MDI5MDYyfQ.o73XgqNjgeDvyEEUNX6t8nm1TAJ1C-UcaMKUEmZvYenM3mFqKtIbHF3WxkQhb0RFy-ycHuk3f3yDDITr6UV1mw
testuser_0197,100079,eyJhbGciOiJIUzUxMiJ9.eyJzdWIiOiJ0ZXN0dXNlcl8wMTk3Iiwicm9sZXMiOiJST0xFX1VTRVIiLCJleHAiOjE3ODcxMTU0NjIsInVzZXJJZCI6IjE5NyIsImlhdCI6MTc4NzAyOTA2Mn0.yV3ZlqAI_f7AoEqGVYnHwXntNIw4-bqhe0lcrXIner0RCPPTcefVEV_-L0w9Gbx-DAelzLB9r6bwR9eE4zZZug
testuser_0832,100080,eyJhbGciOiJIUzUxMiJ9.eyJzdWIiOiJ0ZXN0dXNlcl8wODMyIiwicm9sZXMiOiJST0xFX1VTRVIiLCJleHAiOjE3ODcxMTU0NjIsInVzZXJJZCI6IjgzMiIsImlhdCI6MTc4NzAyOTA2Mn0.Oml6L_M_cHScNi1MjtGjGaWq4suNDaonchHks-dcz3Lo1UOb3BKujzkZd16FIWZ3ikBNHOBvgic554bA0N7yfQ
testuser_0598,100081,eyJhbGciOiJIUzUxMiJ9.eyJzdWIiOiJ0ZXN0dXNlcl8wNTk4Iiwicm9sZXMiOiJST0xFX1VTRVIiLCJleHAiOjE3ODcxMTU0NjIsInVzZXJJZCI6IjU5OCIsImlhdCI6MTc4NzAyOTA2Mn0.9lHAv59wkM8BStHftColqIr0znw_Os_TiXtpv_OCO9FNny5ET9VrZXA8ZANTjsCp1XLJsOeTt6fjqqKwl1oIQg
testuser_0484,100082,eyJhbGciOiJIUzUxMiJ9.eyJzdWIiOiJ0ZXN0dXNlcl8wNDg0Iiwicm9sZXMiOiJST0xFX1VTRVIiLCJleHAiOjE3ODcxMTU0NjIsInVzZXJJZCI6IjQ4NCIsImlhdCI6MTc4NzAyOTA2Mn0.zx5BopUhm8yh8W2qeGxxiQvK4WwAZCcNwYAjQ82ebPCESGqJZqpuVRhL5hOc8qj6KgcPaKkV6P7yOSiL7ApkmA
testuser_0758,100083,eyJhbGciOiJIUzUxMiJ9.eyJzdWIiOiJ0ZXN0dXNlcl8wNzU4Iiwicm9sZXMiOiJST0xFX1VTRVIiLCJleHAiOjE3ODcxMTU0NjIsInVzZXJJZCI6Ijc1OCIsImlhdCI6MTc4NzAyOTA2Mn0.ozBwozIBT_cSKogdKW-czd9_3itM5H3-EZEqUaxPnxiSOKhrJ8VzvlBOzUSzM7cHAGwCBtBjiY420GOCyrz3EQ
testuser_0509,100085,eyJhbGciOiJIUzUxMiJ9.eyJzdWIiOiJ0ZXN0dXNlcl8wNTA5Iiwicm9sZXMiOiJST0xFX1VTRVIiLCJleHAiOjE3ODcxMTU0NjIsInVzZXJJZCI6IjUwOSIsImlhdCI6MTc4NzAyOTA2Mn0.3EDTK-VV-iF1Qz1eXXJ6TNMVA9k40LXG7ADL75XX42IzCpgUSul278C0SIPuDEilGOV4-F5e87FzRp6w8whx-g
testuser_0171,100086,eyJhbGciOiJIUzUxMiJ9.eyJzdWIiOiJ0ZXN0dXNlcl8wMTcxIiwicm9sZXMiOiJST0xFX1VTRVIiLCJleHAiOjE3ODcxMTU0NjIsInVzZXJJZCI6IjE3MSIsImlhdCI6MTc4NzAyOTA2Mn0.JQ1_097l-NqUEe4dQlzi5F_hv8hSpf4UgvG0s30uGmxFP9z92Afl3J0VKRPzOA7xhZQEzIDXobbqGwBQZTpb5Q
testuser_0151,100087,eyJhbGciOiJIUzUxMiJ9.eyJzdWIiOiJ0ZXN0dXNlcl8wMTUxIiwicm9sZXMiOiJST0xFX1VTRVIiLCJleHAiOjE3ODcxMTU0NjIsInVzZXJJZCI6IjE1MSIsImlhdCI6MTc4NzAyOTA2Mn0.LeFjx2VByrvhsPUuUQFbFyRW-EVQU90Sp0npK8wJCGenxuOWnYMz3QMP4cbaSnmTt240VwNjrGNSzZLZjpaLVw
testuser_0168,100088,eyJhbGciOiJIUzUxMiJ9.eyJzdWIiOiJ0ZXN0dXNlcl8wMTY4Iiwicm9sZXMiOiJST0xFX1VTRVIiLCJleHAiOjE3ODcxMTU0NjMsInVzZXJJZCI6IjE2OCIsImlhdCI6MTc4NzAyOTA2M30.-IuvJgZXVhwlEfuMViOYMEbSxPa2MMIQomKpUGesdD5Qi9GUW3H_ByVCAkv7Cq1dED8MiP9HLWXOMhY7AOgqZg
testuser_0427,100089,eyJhbGciOiJIUzUxMiJ9.eyJzdWIiOiJ0ZXN0dXNlcl8wNDI3Iiwicm9sZXMiOiJST0xFX1VTRVIiLCJleHAiOjE3ODcxMTU0NjMsInVzZXJJZCI6IjQyNyIsImlhdCI6MTc4NzAyOTA2M30.-3O9z5e26WATNSJnFtPS-PlxczwULFHxPSNs6K638DHZnTy1dKWZLuAF24OGz_EJEOT_ud8azd11L-Y2pzw9MQ
testuser_0355,100090,eyJhbGciOiJIUzUxMiJ9.eyJzdWIiOiJ0ZXN0dXNlcl8wMzU1Iiwicm9sZXMiOiJST0xFX1VTRVIiLCJleHAiOjE3ODcxMTU0NjMsInVzZXJJZCI6IjM1NSIsImlhdCI6MTc4NzAyOTA2M30.uPo_gV1NmhJMVDx4pesErLVutCjup8HblfaPYDMo8fMA15cUJbUr9kpNavzeS7MjhAYx3pO7oh7pTH9CUQHPiw
testuser_0138,100091,eyJhbGciOiJIUzUxMiJ9.eyJzdWIiOiJ0ZXN0dXNlcl8wMTM4Iiwicm9sZXMiOiJST0xFX1VTRVIiLCJleHAiOjE3ODcxMTU0NjMsInVzZXJJZCI6IjEzOCIsImlhdCI6MTc4NzAyOTA2M30.sxQV5E9VN2BO0IWXGigT2CinyYsZAgR1UdGUvpD1eINApCPJairHcIny93yWRWjjwDkangF_u4OVFKKaIHpJMg
testuser_0520,100092,eyJhbGciOiJIUzUxMiJ9.eyJzdWIiOiJ0ZXN0dXNlcl8wNTIwIiwicm9sZXMiOiJST0xFX1VTRVIiLCJleHAiOjE3ODcxMTU0NjMsInVzZXJJZCI6IjUyMCIsImlhdCI6MTc4NzAyOTA2M30.Z6_jDi3E0ytE-20cpFdq6LG7SXDcgn1ar0t3BsZ0H1nkXASc1tW5EBHnPi7bckjaPVRaUSncQQQaRQfkQyDvCg
testuser_0079,100093,eyJhbGciOiJIUzUxMiJ9.eyJzdWIiOiJ0ZXN0dXNlcl8wMDc5Iiwicm9sZXMiOiJST0xFX1VTRVIiLCJleHAiOjE3ODcxMTU0NjMsInVzZXJJZCI6Ijc5IiwiaWF0IjoxNzg3MDI5MDYzfQ.PqFAmzh4592o10vX5ovPi0FlkPaZBAOIlwv3qczVQW7Ot7tQ66pexcCB_Wz9P0Y-YbbjtTZU_ZKv4DQvnzkMbA
testuser_0854,100094,eyJhbGciOiJIUzUxMiJ9.eyJzdWIiOiJ0ZXN0dXNlcl8wODU0Iiwicm9sZXMiOiJST0xFX1VTRVIiLCJleHAiOjE3ODcxMTU0NjMsInVzZXJJZCI6Ijg1NCIsImlhdCI6MTc4NzAyOTA2M30.Qssp6I_ZFst7swPxcaH9DMC8JSX4JqI7zY0J6oAxAQJAKrX61IpW9zGjRULvE5TgnZwTKQGmJxFMKwTc5CD6kA
testuser_0390,100095,eyJhbGciOiJIUzUxMiJ9.eyJzdWIiOiJ0ZXN0dXNlcl8wMzkwIiwicm9sZXMiOiJST0xFX1VTRVIiLCJleHAiOjE3ODcxMTU0NjMsInVzZXJJZCI6IjM5MCIsImlhdCI6MTc4NzAyOTA2M30.4sT107LWwCCkFYXRC1qNgME5S6WUjYGMPakoxHN9Sl4aGOmDhsLiacTLpgRFkARu-s1GVDcjXti7_PT_luCtKQ
testuser_0646,100096,eyJhbGciOiJIUzUxMiJ9.eyJzdWIiOiJ0ZXN0dXNlcl8wNjQ2Iiwicm9sZXMiOiJST0xFX1VTRVIiLCJleHAiOjE3ODcxMTU0NjMsInVzZXJJZCI6IjY0NiIsImlhdCI6MTc4NzAyOTA2M30._54aB1uXI96hTXW6UogLRozOMl3wbWsG9BUMYxSY6Z6RpSrK9kAseQjZDgIoeuHScEdwPiGd6azOhhhKv3OskA
testuser_0624,100097,eyJhbGciOiJIUzUxMiJ9.eyJzdWIiOiJ0ZXN0dXNlcl8wNjI0Iiwicm9sZXMiOiJST0xFX1VTRVIiLCJleHAiOjE3ODcxMTU0NjMsInVzZXJJZCI6IjYyNCIsImlhdCI6MTc4NzAyOTA2M30.-OmTYepzWkKpBObJVfAIL1FIeNg9BNF3BppsU87tZZls6ZopafBauBempgCWT_hktVZaSdpkN1jqC1RRCDVUZQ
testuser_0804,100098,eyJhbGciOiJIUzUxMiJ9.eyJzdWIiOiJ0ZXN0dXNlcl8wODA0Iiwicm9sZXMiOiJST0xFX0FETUlOIiwiZXhwIjoxNzg3MTE1NDYzLCJ1c2VySWQiOiI4MDQiLCJpYXQiOjE3ODcwMjkwNjN9.ocnKkTybGmY3q4TDg2HSRJyh_IlYC-ZTM_wcm1ZAwKnKtQCoaWXTxFTA5KqVuJ8bQ_7lOctdnrvxrMysi5Usug
testuser_0249,100099,eyJhbGciOiJIUzUxMiJ9.eyJzdWIiOiJ0ZXN0dXNlcl8wMjQ5Iiwicm9sZXMiOiJST0xFX1VTRVIiLCJleHAiOjE3ODcxMTU0NjQsInVzZXJJZCI6IjI0OSIsImlhdCI6MTc4NzAyOTA2NH0.Z_O1AEg9d-xzCxSkOyYcnK4DmNTZDW7uOprlEPlI8kQOYvcmmJdU8WR9To8FxumpE7wYC-xgGGMx9Dy400MKhQ
testuser_0078,100100,eyJhbGciOiJIUzUxMiJ9.eyJzdWIiOiJ0ZXN0dXNlcl8wMDc4Iiwicm9sZXMiOiJST0xFX1VTRVIiLCJleHAiOjE3ODcxMTU0NjQsInVzZXJJZCI6Ijc4IiwiaWF0IjoxNzg3MDI5MDY0fQ.MAyEMFcCLKrly3vc-WW6tBGRYGGhCHp5LnFjt-CP4jen3DyjPK6HXds8I0Kuq92Om2V9Qm_VRsuim5-p5YQK8g
testuser_0102,100101,eyJhbGciOiJIUzUxMiJ9.eyJzdWIiOiJ0ZXN0dXNlcl8wMTAyIiwicm9sZXMiOiJST0xFX1VTRVIiLCJleHAiOjE3ODcxMTU0NjQsInVzZXJJZCI6IjEwMiIsImlhdCI6MTc4NzAyOTA2NH0.eHX5-FJ5PyECAOWK7bL11hjRYRZRhdHan_D5vHhtt0MmjNrfKFxOLnfOpA6booJstNzQtMekSJSXvOjKpGvAsQ
testuser_0452,100102,eyJhbGciOiJIUzUxMiJ9.eyJzdWIiOiJ0ZXN0dXNlcl8wNDUyIiwicm9sZXMiOiJST0xFX1VTRVIiLCJleHAiOjE3ODcxMTU0NjQsInVzZXJJZCI6IjQ1MiIsImlhdCI6MTc4NzAyOTA2NH0.3uSFu8dDhahV6Ih-73159bP7sLhzKWcB_FSn2PML99mHd8CZl55Zp4VbpMBMm9uExHZACAs0UoS4hKFnGJ27VA
testuser_0007,100103,eyJhbGciOiJIUzUxMiJ9.eyJzdWIiOiJ0ZXN0dXNlcl8wMDA3Iiwicm9sZXMiOiJST0xFX1VTRVIiLCJleHAiOjE3ODcxMTU0NjQsInVzZXJJZCI6IjciLCJpYXQiOjE3ODcwMjkwNjR9.4hJtqNffwLfABrgYYeZ_qXjRnt9UyVuigMQOo8DMcu6zUEXRqDS6aVhERSMPwhY1Cfx2rueEiVYgyDx0Mw7tZQ
testuser_0077,100104,eyJhbGciOiJIUzUxMiJ9.eyJzdWIiOiJ0ZXN0dXNlcl8wMDc3Iiwicm9sZXMiOiJST0xFX1VTRVIiLCJleHAiOjE3ODcxMTU0NjQsInVzZXJJZCI6Ijc3IiwiaWF0IjoxNzg3MDI5MDY0fQ.LJOvmdWFTNjL1EKSeFYCGtVoCR8PvvElo9MG2xNKcHYDcQbTKOHDxpV_ykSA-BVf-Tphmag_fsn4AzdlVCy3gQ
testuser_0307,100105,eyJhbGciOiJIUzUxMiJ9.eyJzdWIiOiJ0ZXN0dXNlcl8wMzA3Iiwicm9sZXMiOiJST0xFX1VTRVIiLCJleHAiOjE3ODcxMTU0NjQsInVzZXJJZCI6IjMwNyIsImlhdCI6MTc4NzAyOTA2NH0.51bQaQhFruyK0FMYSDGTkIvt1H8g33pBmaMSQmOwUXghfIX0Jb42SRJVMREVnpOpOOoDIhxhtcoko4jI6gHfqg
testuser_0548,100106,eyJhbGciOiJIUzUxMiJ9.eyJzdWIiOiJ0ZXN0dXNlcl8wNTQ4Iiwicm9sZXMiOiJST0xFX1VTRVIiLCJleHAiOjE3ODcxMTU0NjQsInVzZXJJZCI6IjU0OCIsImlhdCI6MTc4NzAyOTA2NH0.zDEz5OqI2T_wtPnzjKyFr5cvpigVD1dXNkTIolVvGJcQjlhMxLvo1I_GTm-L03A3YW118-hfVinU88sQknwJyw
testuser_0259,100107,eyJhbGciOiJIUzUxMiJ9.eyJzdWIiOiJ0ZXN0dXNlcl8wMjU5Iiwicm9sZXMiOiJST0xFX1VTRVIiLCJleHAiOjE3ODcxMTU0NjQsInVzZXJJZCI6IjI1OSIsImlhdCI6MTc4NzAyOTA2NH0.BTdYTzYBD8YmxJbaBTcvqBnekkhkoV2_l3cyEugjx-JejAB72-qPLWfOswTIJIGGSxW3oELxx96Bl2fttJALGQ
testuser_0704,100108,eyJhbGciOiJIUzUxMiJ9.eyJzdWIiOiJ0ZXN0dXNlcl8wNzA0Iiwicm9sZXMiOiJST0xFX1VTRVIiLCJleHAiOjE3ODcxMTU0NjQsInVzZXJJZCI6IjcwNCIsImlhdCI6MTc4NzAyOTA2NH0.A9g6dBFfndl4wO1XeTUXUP6iWLng-sQFY-dFjiYhId57dEJgqPapzUeLX14ED7XEXfcItA5z9oBBnpCih22HQA
testuser_0602,100109,eyJhbGciOiJIUzUxMiJ9.eyJzdWIiOiJ0ZXN0dXNlcl8wNjAyIiwicm9sZXMiOiJST0xFX1VTRVIiLCJleHAiOjE3ODcxMTU0NjQsInVzZXJJZCI6IjYwMiIsImlhdCI6MTc4NzAyOTA2NH0.P7E54ktYUrI5hXeXH2VrPHm6u1YrCSUlW6bRsP_IVJZbhArY4K_rrwFJGSA-GcHbXSCgau-KCXdsQxregKMMyA
testuser_0350,100110,eyJhbGciOiJIUzUxMiJ9.eyJzdWIiOiJ0ZXN0dXNlcl8wMzUwIiwicm9sZXMiOiJST0xFX1VTRVIiLCJleHAiOjE3ODcxMTU0NjQsInVzZXJJZCI6IjM1MCIsImlhdCI6MTc4NzAyOTA2NH0.kDoSetBGRsRrfqVJq_b_pmLGTKhR20fDlwfM3UimakvLMgdgTFOFkR0GDb1__BzUkUvEpwQ3P3NbV8yFHKxqPQ
testuser_0389,100111,eyJhbGciOiJIUzUxMiJ9.eyJzdWIiOiJ0ZXN0dXNlcl8wMzg5Iiwicm9sZXMiOiJST0xFX1VTRVIiLCJleHAiOjE3ODcxMTU0NjUsInVzZXJJZCI6IjM4OSIsImlhdCI6MTc4NzAyOTA2NX0.TK_PS6V-ry5QmmezMjpAKHrDCm2zSG4YSqAf_qK3lPTq4t5RgVmksG40ReynG51Kc3cpQ-18kR69qIpHna5QMA
testuser_0856,100112,eyJhbGciOiJIUzUxMiJ9.eyJzdWIiOiJ0ZXN0dXNlcl8wODU2Iiwicm9sZXMiOiJST0xFX1VTRVIiLCJleHAiOjE3ODcxMTU0NjUsInVzZXJJZCI6Ijg1NiIsImlhdCI6MTc4NzAyOTA2NX0.hv88AM3_3ruPXtrtPcEY7PebdbFCRZTqJZlhqIq1xaHeyWjh8aqHAzV4oLm7eey3Jd32wr5t-VyBoGof3oviBA
testuser_0300,100113,eyJhbGciOiJIUzUxMiJ9.eyJzdWIiOiJ0ZXN0dXNlcl8wMzAwIiwicm9sZXMiOiJST0xFX1VTRVIiLCJleHAiOjE3ODcxMTU0NjUsInVzZXJJZCI6IjMwMCIsImlhdCI6MTc4NzAyOTA2NX0.uclM1VFLeweD7tTVRT9KKAUWT33B34GqcpFlT0UGen5Yg-2Rfaj7gijZW4EjWDVJGfs2ZOrLq1l4AU2rVSBW5A
testuser_0500,100114,eyJhbGciOiJIUzUxMiJ9.eyJzdWIiOiJ0ZXN0dXNlcl8wNTAwIiwicm9sZXMiOiJST0xFX1VTRVIiLCJleHAiOjE3ODcxMTU0NjUsInVzZXJJZCI6IjUwMCIsImlhdCI6MTc4NzAyOTA2NX0.3O2lRTBHr_1ak-Ws-t2S4CBHrRZMz5JSzCdufZwqknQYdxqAW2ZJmQu0tYUahJSRSKZMw1smE2pO9pfYU0j0LQ
testuser_0731,100115,eyJhbGciOiJIUzUxMiJ9.eyJzdWIiOiJ0ZXN0dXNlcl8wNzMxIiwicm9sZXMiOiJST0xFX1VTRVIiLCJleHAiOjE3ODcxMTU0NjUsInVzZXJJZCI6IjczMSIsImlhdCI6MTc4NzAyOTA2NX0.IGV8EL89gfE2I-3wA_2KvRSvbAXdp8Lx9CoUQt1Kdj6WfAVIQFhGzsHQhEsNKeBRGnYZDUA4yZShY5rfU3LIow
testuser_0612,100116,eyJhbGciOiJIUzUxMiJ9.eyJzdWIiOiJ0ZXN0dXNlcl8wNjEyIiwicm9sZXMiOiJST0xFX1VTRVIiLCJleHAiOjE3ODcxMTU0NjUsInVzZXJJZCI6IjYxMiIsImlhdCI6MTc4NzAyOTA2NX0.53khYX7QtiKMXBnF7Qb-TMtuznPZJI2R4iJsifZCQzz_79iYtXGdBrkWMVmS8Oxxt1ifhAMEQ-Ox2s7SRE10IQ
testuser_0447,100117,eyJhbGciOiJIUzUxMiJ9.eyJzdWIiOiJ0ZXN0dXNlcl8wNDQ3Iiwicm9sZXMiOiJST0xFX1VTRVIiLCJleHAiOjE3ODcxMTU0NjUsInVzZXJJZCI6IjQ0NyIsImlhdCI6MTc4NzAyOTA2NX0.KuviGNn6zPtsMfAeVnU6-S9mxv-TPOetKZvyZ0b3YX-HDB-HXqJdTVQWcKI86kmew8kNzOlXd69gVFIEicjFnQ
testuser_0323,100119,eyJhbGciOiJIUzUxMiJ9.eyJzdWIiOiJ0ZXN0dXNlcl8wMzIzIiwicm9sZXMiOiJST0xFX1VTRVIiLCJleHAiOjE3ODcxMTU0NjUsInVzZXJJZCI6IjMyMyIsImlhdCI6MTc4NzAyOTA2NX0._DbvPgNc6pblvtzMrhHflTSGh9m124r7Bj5WIHtfx5t7K_Ywiab1sq2MQGOUua51bomnuwCLxiVUWdX-6k2rug
testuser_0354,100120,eyJhbGciOiJIUzUxMiJ9.eyJzdWIiOiJ0ZXN0dXNlcl8wMzU0Iiwicm9sZXMiOiJST0xFX1VTRVIiLCJleHAiOjE3ODcxMTU0NjUsInVzZXJJZCI6IjM1NCIsImlhdCI6MTc4NzAyOTA2NX0.Fi6sa6BwVuSswdBp6oHl5EMCdy86UhUT2v1DRX6CxUBXn3kq9MKkzRbgro4zRaPABlTH263URo27nCr5H6FT_Q
testuser_0110,100121,eyJhbGciOiJIUzUxMiJ9.eyJzdWIiOiJ0ZXN0dXNlcl8wMTEwIiwicm9sZXMiOiJST0xFX1VTRVIiLCJleHAiOjE3ODcxMTU0NjUsInVzZXJJZCI6IjExMCIsImlhdCI6MTc4NzAyOTA2NX0.SeDbcdKOh5otkYi7bjrc3X2mbAp-XKFopY5-UemRdnY-QdxFJFeo3TKsU6awSXMp4U7FnYSyNs1qklGRJNrsqg
testuser_0863,100122,eyJhbGciOiJIUzUxMiJ9.eyJzdWIiOiJ0ZXN0dXNlcl8wODYzIiwicm9sZXMiOiJST0xFX1VTRVIiLCJleHAiOjE3ODcxMTU0NjUsInVzZXJJZCI6Ijg2MyIsImlhdCI6MTc4NzAyOTA2NX0.bRCGGU01gPNE-cpCgSI-q4-C4tZgWZdCNlMuWJkwIXLR3J9FHZnwidHZeQYdNtoPM7m95fULLZ5x-G1fSCU0Mg
testuser_0492,100124,eyJhbGciOiJIUzUxMiJ9.eyJzdWIiOiJ0ZXN0dXNlcl8wNDkyIiwicm9sZXMiOiJST0xFX1VTRVIiLCJleHAiOjE3ODcxMTU0NjYsInVzZXJJZCI6IjQ5MiIsImlhdCI6MTc4NzAyOTA2Nn0.fYqQtKLMy2-l1ORtyq95REYiIZ68cSgFOTyVjsbQkagXdC2UShWY7wS581zn95zaZgevhrI5yj9NhVKxMek_uw
testuser_0090,100125,eyJhbGciOiJIUzUxMiJ9.eyJzdWIiOiJ0ZXN0dXNlcl8wMDkwIiwicm9sZXMiOiJST0xFX1VTRVIiLCJleHAiOjE3ODcxMTU0NjYsInVzZXJJZCI6IjkwIiwiaWF0IjoxNzg3MDI5MDY2fQ.DUCV09wXJm89NrVvuwEaZyVbJkjPYnM503cIY8oDn0jtabDfV4sVSOobz26YxSB3HzNebEpr9fI4kKgPE2OCig
testuser_0062,100126,eyJhbGciOiJIUzUxMiJ9.eyJzdWIiOiJ0ZXN0dXNlcl8wMDYyIiwicm9sZXMiOiJST0xFX1VTRVIiLCJleHAiOjE3ODcxMTU0NjYsInVzZXJJZCI6IjYyIiwiaWF0IjoxNzg3MDI5MDY2fQ.WjRItMiU2hF1Wmt4hBChLv44p28svshJvgjt7coIfZigVA1S8Ze_Bk3QwnVrLMs9hK50TDfHYDRZ6z0LpVK5_g
testuser_0743,100127,eyJhbGciOiJIUzUxMiJ9.eyJzdWIiOiJ0ZXN0dXNlcl8wNzQzIiwicm9sZXMiOiJST0xFX1VTRVIiLCJleHAiOjE3ODcxMTU0NjYsInVzZXJJZCI6Ijc0MyIsImlhdCI6MTc4NzAyOTA2Nn0.T3jY__6_oCQTSKz9pZhYBGlsepYRJPnx7zyTU9HhbilZnL2r9M1QEjqp3S_c7IorVE9NNzXxJXZ1SzUHJ55Q4w
testuser_0523,100129,eyJhbGciOiJIUzUxMiJ9.eyJzdWIiOiJ0ZXN0dXNlcl8wNTIzIiwicm9sZXMiOiJST0xFX1VTRVIiLCJleHAiOjE3ODcxMTU0NjYsInVzZXJJZCI6IjUyMyIsImlhdCI6MTc4NzAyOTA2Nn0.b_EjSYyomsROjlenwSo9J9r7u3WXSH1l3ZtZeN3cbEFTzhchBa8VXjzuWHTcaeb8uBYAPgVs1pF4MOSDbre7LA
testuser_0858,100130,eyJhbGciOiJIUzUxMiJ9.eyJzdWIiOiJ0ZXN0dXNlcl8wODU4Iiwicm9sZXMiOiJST0xFX1VTRVIiLCJleHAiOjE3ODcxMTU0NjYsInVzZXJJZCI6Ijg1OCIsImlhdCI6MTc4NzAyOTA2Nn0.ehLDqhswpC7cUWiGrj4JxbLGeuv-izzG1Wz-4hzBRPVgB93-qFLVZJ-HRTRcoMkguBLQ2IUo46q0TFTwoDeffQ
testuser_0467,100132,eyJhbGciOiJIUzUxMiJ9.eyJzdWIiOiJ0ZXN0dXNlcl8wNDY3Iiwicm9sZXMiOiJST0xFX1VTRVIiLCJleHAiOjE3ODcxMTU0NjYsInVzZXJJZCI6IjQ2NyIsImlhdCI6MTc4NzAyOTA2Nn0.985Om3EJa1mM7ROxSApi6GupNVVxhYe4OynKv8ayJ0I02CEW40vs5yktEIzpr-iOh3mUZmTkyKcriN9CAItHtg
testuser_0822,100133,eyJhbGciOiJIUzUxMiJ9.eyJzdWIiOiJ0ZXN0dXNlcl8wODIyIiwicm9sZXMiOiJST0xFX1VTRVIiLCJleHAiOjE3ODcxMTU0NjYsInVzZXJJZCI6IjgyMiIsImlhdCI6MTc4NzAyOTA2Nn0.Lg0v1en5Ob5HQJ1t3ZjrjHMatt7QPuYhU8rUdvwjiwBgeCs2FLirRqmHKYrtu2X9rLo2TjpmQj1ECEQRkmU3Xg
testuser_0009,100134,eyJhbGciOiJIUzUxMiJ9.eyJzdWIiOiJ0ZXN0dXNlcl8wMDA5Iiwicm9sZXMiOiJST0xFX1VTRVIiLCJleHAiOjE3ODcxMTU0NjYsInVzZXJJZCI6IjkiLCJpYXQiOjE3ODcwMjkwNjZ9.u6oXkK78-l6YmHQqP7Vq6ShF-dQrSEz9ML1wBNXsQwXDwr0upTUutG4qfp1-aNtUJ6We_E_-ovY7I89kiDtpsw
testuser_0934,100135,eyJhbGciOiJIUzUxMiJ9.eyJzdWIiOiJ0ZXN0dXNlcl8wOTM0Iiwicm9sZXMiOiJST0xFX1VTRVIiLCJleHAiOjE3ODcxMTU0NjYsInVzZXJJZCI6IjkzNCIsImlhdCI6MTc4NzAyOTA2Nn0.SRqVzjJHK4rWw4nwB1SneFhSJtbpI1OVNJ_HL6bH6VanvGzoFLWRIs-AIb_VlUjKeRq7A9C1sRWAGxbOheCDpw
testuser_0311,100136,eyJhbGciOiJIUzUxMiJ9.eyJzdWIiOiJ0ZXN0dXNlcl8wMzExIiwicm9sZXMiOiJST0xFX1VTRVIiLCJleHAiOjE3ODcxMTU0NjYsInVzZXJJZCI6IjMxMSIsImlhdCI6MTc4NzAyOTA2Nn0.irUJemJ8mUF1ySfgLnjiLKALSIexs7-Bol783OKmx_-ZbOkAlSs16O5JJbTPy166tJolN7zHeZ4kmR0TmnqBsA
testuser_0807,100137,eyJhbGciOiJIUzUxMiJ9.eyJzdWIiOiJ0ZXN0dXNlcl8wODA3Iiwicm9sZXMiOiJST0xFX1VTRVIiLCJleHAiOjE3ODcxMTU0NjcsInVzZXJJZCI6IjgwNyIsImlhdCI6MTc4NzAyOTA2N30.NKaEhpifcop83r7w75tx8vOzgLmOET-etK6vNxtsQoeYZsC-cI_x06wehoUQKg5rlt_os31Wk7e_-oDVAL8kJA
testuser_0358,100138,eyJhbGciOiJIUzUxMiJ9.eyJzdWIiOiJ0ZXN0dXNlcl8wMzU4Iiwicm9sZXMiOiJST0xFX1VTRVIiLCJleHAiOjE3ODcxMTU0NjcsInVzZXJJZCI6IjM1OCIsImlhdCI6MTc4NzAyOTA2N30.ztA7QuEtGYe6VqlJVgIHqSM8FLy5cKI30As-4QoI-InIIRzQsEDBFSlfj7swwf_S4Wp_DL6C43cZ1Z38PRuMXA
testuser_0954,100139,eyJhbGciOiJIUzUxMiJ9.eyJzdWIiOiJ0ZXN0dXNlcl8wOTU0Iiwicm9sZXMiOiJST0xFX1VTRVIiLCJleHAiOjE3ODcxMTU0NjcsInVzZXJJZCI6Ijk1NCIsImlhdCI6MTc4NzAyOTA2N30.aoQw6_IFgUBWmrGKxgaJBjVLgWihbU-r3qyWuWQL5oD_p-Kia8bsKc8DHrPIz97_p-2fcwbeeVWhTwGfPPklDw
testuser_0984,100140,eyJhbGciOiJIUzUxMiJ9.eyJzdWIiOiJ0ZXN0dXNlcl8wOTg0Iiwicm9sZXMiOiJST0xFX1VTRVIiLCJleHAiOjE3ODcxMTU0NjcsInVzZXJJZCI6Ijk4NCIsImlhdCI6MTc4NzAyOTA2N30.QJ0UYZpOPbTyQEeV7V7cTtwQMH2L3O0-KTWygTSKD_uHIwFkU22GBW3gJjLjYpYDkzroCDGd3kSoNkw5eYOpaw
testuser_0629,100141,eyJhbGciOiJIUzUxMiJ9.eyJzdWIiOiJ0ZXN0dXNlcl8wNjI5Iiwicm9sZXMiOiJST0xFX1VTRVIiLCJleHAiOjE3ODcxMTU0NjcsInVzZXJJZCI6IjYyOSIsImlhdCI6MTc4NzAyOTA2N30.ZXROqpm506jgjXEBbDhhDsQcwBddQiWVkyLih2n3_Ky_1qTFlH7oiLcl5bYZyzjFRV2qazlic1r5tn1xadoVOw
testuser_0488,100142,eyJhbGciOiJIUzUxMiJ9.eyJzdWIiOiJ0ZXN0dXNlcl8wNDg4Iiwicm9sZXMiOiJST0xFX1VTRVIiLCJleHAiOjE3ODcxMTU0NjcsInVzZXJJZCI6IjQ4OCIsImlhdCI6MTc4NzAyOTA2N30.5PkJpuAodmaSWlq5jaVXkm0YmdJNOXMmYA6yG6RvkbPAAua3ia7_UZ2sBJObfnNw9bTBZ5ASq85XLtBGqk4S3g
testuser_0564,100143,eyJhbGciOiJIUzUxMiJ9.eyJzdWIiOiJ0ZXN0dXNlcl8wNTY0Iiwicm9sZXMiOiJST0xFX1VTRVIiLCJleHAiOjE3ODcxMTU0NjcsInVzZXJJZCI6IjU2NCIsImlhdCI6MTc4NzAyOTA2N30.NOxUl5CrIcBSFupZQ4pBeCVFXDNOC-xpJ2dtG3l_DQfFltgYJCwJ1_1NcbJ-Rrayi9d3nEpKW6Ei5f3NFiirXQ
testuser_0864,100144,eyJhbGciOiJIUzUxMiJ9.eyJzdWIiOiJ0ZXN0dXNlcl8wODY0Iiwicm9sZXMiOiJST0xFX1VTRVIiLCJleHAiOjE3ODcxMTU0NjcsInVzZXJJZCI6Ijg2NCIsImlhdCI6MTc4NzAyOTA2N30._oEEvyvhPabYtcyoCZ-L_H_o8lnzLgYRcFNs6nElP9rdhaslDhJT8etDy2yd6CekY1KipmZR654kFvdvSrlq8g
testuser_0075,100145,eyJhbGciOiJIUzUxMiJ9.eyJzdWIiOiJ0ZXN0dXNlcl8wMDc1Iiwicm9sZXMiOiJST0xFX1VTRVIiLCJleHAiOjE3ODcxMTU0NjcsInVzZXJJZCI6Ijc1IiwiaWF0IjoxNzg3MDI5MDY3fQ.ZI3abKpL2uY2ufCSHag8U5z1_QQuQnr9syqkMy3gEh-Uddnu5YC7MN1f6zkk3hypEOMqorLvyv4hI16LgRvnbw
testuser_0483,100146,eyJhbGciOiJIUzUxMiJ9.eyJzdWIiOiJ0ZXN0dXNlcl8wNDgzIiwicm9sZXMiOiJST0xFX1VTRVIiLCJleHAiOjE3ODcxMTU0NjcsInVzZXJJZCI6IjQ4MyIsImlhdCI6MTc4NzAyOTA2N30.7Em36qVWdjq923NBodXVOKHpKLG2Ap867GBimjXUilWeKGPacmXCiwQzakLKjJmoPNi5Mp1BCaa-4hTToEizKQ
testuser_0932,100147,eyJhbGciOiJIUzUxMiJ9.eyJzdWIiOiJ0ZXN0dXNlcl8wOTMyIiwicm9sZXMiOiJST0xFX1VTRVIiLCJleHAiOjE3ODcxMTU0NjcsInVzZXJJZCI6IjkzMiIsImlhdCI6MTc4NzAyOTA2N30.0Rc-N6AT6-MY-gqE2fGMyxHvYS-aGBawmx6eY3wKBtOwm1A5rA-z-FsgJEWbiSxDXsm-CTp5oDCimKoR3aVX-w
testuser_0106,100148,eyJhbGciOiJIUzUxMiJ9.eyJzdWIiOiJ0ZXN0dXNlcl8wMTA2Iiwicm9sZXMiOiJST0xFX1VTRVIiLCJleHAiOjE3ODcxMTU0NjgsInVzZXJJZCI6IjEwNiIsImlhdCI6MTc4NzAyOTA2OH0.ZwlFTDAil8drklKumbg2ToUDCaH2eDqOu-ZSeKjvBHwZHKi638XD4a2im3mn-8nvRl2uLwQ_qpwq_10BLhC22w
testuser_0212,100149,eyJhbGciOiJIUzUxMiJ9.eyJzdWIiOiJ0ZXN0dXNlcl8wMjEyIiwicm9sZXMiOiJST0xFX1VTRVIiLCJleHAiOjE3ODcxMTU0NjgsInVzZXJJZCI6IjIxMiIsImlhdCI6MTc4NzAyOTA2OH0.Hi6nmXVQlQTRG5LpUFPCmCnSsEXVMGwVWbvChqU5jLO9rw5htFOnCF6D9AU6JT4y4fPS5Xzb_nHR8xm46LsElA
testuser_0880,100150,eyJhbGciOiJIUzUxMiJ9.eyJzdWIiOiJ0ZXN0dXNlcl8wODgwIiwicm9sZXMiOiJST0xFX1VTRVIiLCJleHAiOjE3ODcxMTU0NjgsInVzZXJJZCI6Ijg4MCIsImlhdCI6MTc4NzAyOTA2OH0.SMHY3WdHb49WkVOQvk3UFjoa2GJke43T5jCmndcTOKMVV8u4FcddFNFeURzjNi3CENd_KGbl44uYKkT_B3ao_w
testuser_0842,100152,eyJhbGciOiJIUzUxMiJ9.eyJzdWIiOiJ0ZXN0dXNlcl8wODQyIiwicm9sZXMiOiJST0xFX1VTRVIiLCJleHAiOjE3ODcxMTU0NjgsInVzZXJJZCI6Ijg0MiIsImlhdCI6MTc4NzAyOTA2OH0.25O-JfBollo5iljd58BaorUpU3_cmsNr0pzoaMBgQyJLxvXloPStss9OSZfhvNfP7Ma-B0lGYPliXVusxksdCg
testuser_0764,100155,eyJhbGciOiJIUzUxMiJ9.eyJzdWIiOiJ0ZXN0dXNlcl8wNzY0Iiwicm9sZXMiOiJST0xFX1VTRVIiLCJleHAiOjE3ODcxMTU0NjgsInVzZXJJZCI6Ijc2NCIsImlhdCI6MTc4NzAyOTA2OH0.25ZakTjw6ooxhLywJIk7QZloUGKtol703bHv5qbz4co40yEmbP-A1sU-2uQJqAMSpAGoieB6F087X-CCGn5Hqw
testuser_0732,100157,eyJhbGciOiJIUzUxMiJ9.eyJzdWIiOiJ0ZXN0dXNlcl8wNzMyIiwicm9sZXMiOiJST0xFX1VTRVIiLCJleHAiOjE3ODcxMTU0NjgsInVzZXJJZCI6IjczMiIsImlhdCI6MTc4NzAyOTA2OH0.Cn-gid2pDH9GkzFVkhTZ7dNq5iI_HcC84xlmsQSgfhSHlVenk6p1vUIvshszaPWJGhDnVq-ebLU17_RPkjfCFA
testuser_0973,100158,eyJhbGciOiJIUzUxMiJ9.eyJzdWIiOiJ0ZXN0dXNlcl8wOTczIiwicm9sZXMiOiJST0xFX1VTRVIiLCJleHAiOjE3ODcxMTU0NjgsInVzZXJJZCI6Ijk3MyIsImlhdCI6MTc4NzAyOTA2OH0.RbS3LGrMSNqZgJvpGeIeXjqDky5TMSmsmybMl3znyVCLC4JJFsN40TIG-wRO4IsjXWaFcPBKTItWn_PL7UM0yg
testuser_0474,100159,eyJhbGciOiJIUzUxMiJ9.eyJzdWIiOiJ0ZXN0dXNlcl8wNDc0Iiwicm9sZXMiOiJST0xFX1VTRVIiLCJleHAiOjE3ODcxMTU0NjgsInVzZXJJZCI6IjQ3NCIsImlhdCI6MTc4NzAyOTA2OH0.JSC9qkkg5ydzXVJ3OwrrZ3Ueqb7aCxGKotoG_QzHqhb6Y6GGCp9GYQttRc3Di1wg-Ti3PTXeHBY8jq7jj3fCew
testuser_0547,100160,eyJhbGciOiJIUzUxMiJ9.eyJzdWIiOiJ0ZXN0dXNlcl8wNTQ3Iiwicm9sZXMiOiJST0xFX1VTRVIiLCJleHAiOjE3ODcxMTU0NjgsInVzZXJJZCI6IjU0NyIsImlhdCI6MTc4NzAyOTA2OH0.Be7pXAz2aPe75etY1QD98M_DXfj94V6-yFXYAclbwAQSbbTUGNL4h9ruSQ0ZOfabYQZSkaiROSZKQdGbhgT5IQ
testuser_0210,100161,eyJhbGciOiJIUzUxMiJ9.eyJzdWIiOiJ0ZXN0dXNlcl8wMjEwIiwicm9sZXMiOiJST0xFX1VTRVIiLCJleHAiOjE3ODcxMTU0NjgsInVzZXJJZCI6IjIxMCIsImlhdCI6MTc4NzAyOTA2OH0.UFvJ1BkROYWdcjfVDZwOQoV_Qg-0YEY9YQVYmgMmkZPvdbS8Gim8FgoOFNF87WefLPzx9F3ckUMKq9fKKkv7eA
testuser_0821,100162,eyJhbGciOiJIUzUxMiJ9.eyJzdWIiOiJ0ZXN0dXNlcl8wODIxIiwicm9sZXMiOiJST0xFX1VTRVIiLCJleHAiOjE3ODcxMTU0NjgsInVzZXJJZCI6IjgyMSIsImlhdCI6MTc4NzAyOTA2OH0.tDHdSOz7BnxWk8_aeu7Mt53uH_UzhHqMXMVN4JwhumlTA9ENNt_hDEz0CTuoA_2BXapU7zkU8a5oopLugo5Efg
testuser_0657,100163,eyJhbGciOiJIUzUxMiJ9.eyJzdWIiOiJ0ZXN0dXNlcl8wNjU3Iiwicm9sZXMiOiJST0xFX1VTRVIiLCJleHAiOjE3ODcxMTU0NjksInVzZXJJZCI6IjY1NyIsImlhdCI6MTc4NzAyOTA2OX0.psQnkHv6Nk0J0yTIXka8a6rG9o3kDpMN8feG2Se9jHVFe57ZWbe3Ei_xqG7zYQlWEZIH_TzhAqzk5Bi5EGgefg
testuser_0975,100164,eyJhbGciOiJIUzUxMiJ9.eyJzdWIiOiJ0ZXN0dXNlcl8wOTc1Iiwicm9sZXMiOiJST0xFX1VTRVIiLCJleHAiOjE3ODcxMTU0NjksInVzZXJJZCI6Ijk3NSIsImlhdCI6MTc4NzAyOTA2OX0.D_lZ7HEQ9AepZlJ5Iblg_jGjnojN1Y2FWT3uu6FfEoHn1ZrnHJgz0WbC9cWI2XE2BDIHK2Yzuctx2_3V6wVcCQ
testuser_0027,100166,eyJhbGciOiJIUzUxMiJ9.eyJzdWIiOiJ0ZXN0dXNlcl8wMDI3Iiwicm9sZXMiOiJST0xFX1VTRVIiLCJleHAiOjE3ODcxMTU0NjksInVzZXJJZCI6IjI3IiwiaWF0IjoxNzg3MDI5MDY5fQ.T99zeJHTSJmDow5Ww6oDk5JnmEGxhDQCch3nHjF20x4xvA8UjMRkQQkZUjdYEyBYPOuwAmUClXUWwfeoybNEtg
testuser_0343,100167,eyJhbGciOiJIUzUxMiJ9.eyJzdWIiOiJ0ZXN0dXNlcl8wMzQzIiwicm9sZXMiOiJST0xFX1VTRVIiLCJleHAiOjE3ODcxMTU0NjksInVzZXJJZCI6IjM0MyIsImlhdCI6MTc4NzAyOTA2OX0.fVnAqvZl9diM1E7D3ZbHptTf1Z6gKQ40RY10U5UHpGrm0TrGPEm9nrwj7b4PNKrV9cKhyCDe17M4EY-0XseW9A
testuser_0752,100168,eyJhbGciOiJIUzUxMiJ9.eyJzdWIiOiJ0ZXN0dXNlcl8wNzUyIiwicm9sZXMiOiJST0xFX1VTRVIiLCJleHAiOjE3ODcxMTU0NjksInVzZXJJZCI6Ijc1MiIsImlhdCI6MTc4NzAyOTA2OX0.J0RVMm1MsJFUWqyUjsuFDEK5fadHnL9vBPvTfecg_pTPnyLw0lTBqMK10ZQ38OxYUYNv8T3WBAfPSVvqFFoNwg
testuser_0270,100169,eyJhbGciOiJIUzUxMiJ9.eyJzdWIiOiJ0ZXN0dXNlcl8wMjcwIiwicm9sZXMiOiJST0xFX1VTRVIiLCJleHAiOjE3ODcxMTU0NjksInVzZXJJZCI6IjI3MCIsImlhdCI6MTc4NzAyOTA2OX0.TVoJJWLWZEh8R9vAqg-MoV5JczKSxAu7TGwvBfKeX20hBwUjlk1Kr71sis5gxlYu07B8M6VxmLbQWZUP4avukQ
testuser_0178,100170,eyJhbGciOiJIUzUxMiJ9.eyJzdWIiOiJ0ZXN0dXNlcl8wMTc4Iiwicm9sZXMiOiJST0xFX1VTRVIiLCJleHAiOjE3ODcxMTU0NjksInVzZXJJZCI6IjE3OCIsImlhdCI6MTc4NzAyOTA2OX0._oyli9PzamDOfetQ1JXg9L6RUxF-6SfZVuwNnoMuCRVCdKDcBp3JwXRuh3xyDMO1iKznIgmNu2pYri1ZxQJECQ
testuser_0508,100171,eyJhbGciOiJIUzUxMiJ9.eyJzdWIiOiJ0ZXN0dXNlcl8wNTA4Iiwicm9sZXMiOiJST0xFX1VTRVIiLCJleHAiOjE3ODcxMTU0NjksInVzZXJJZCI6IjUwOCIsImlhdCI6MTc4NzAyOTA2OX0.q4W-B0rAtYg9_8tpKblc0qiZmnW02TysyPdsuKhxMHoCUYVvVYiXhRr3iMj3Ekuv9WUfVB7yx9Bw_WxRgqhviA
testuser_0780,100172,eyJhbGciOiJIUzUxMiJ9.eyJzdWIiOiJ0ZXN0dXNlcl8wNzgwIiwicm9sZXMiOiJST0xFX1VTRVIiLCJleHAiOjE3ODcxMTU0NjksInVzZXJJZCI6Ijc4MCIsImlhdCI6MTc4NzAyOTA2OX0.Fspi_bizbbMPJvHYv41LPCPkhnicKpFOzqMBAGSFh5QsJL70qkgEjgb072cEc-Kbp9X5Ey1r2794N5rdHf6Jjw
testuser_0779,100173,eyJhbGciOiJIUzUxMiJ9.eyJzdWIiOiJ0ZXN0dXNlcl8wNzc5Iiwicm9sZXMiOiJST0xFX1VTRVIiLCJleHAiOjE3ODcxMTU0NjksInVzZXJJZCI6Ijc3OSIsImlhdCI6MTc4NzAyOTA2OX0.hGxPcVrwWQVk_9rNI2_ekUc-YADLCQBxcjv1LsWfIScYfJiEAb42CfzEoMC5A2lEWblX94604HvRbCBkJ0TH_w
testuser_0438,100174,eyJhbGciOiJIUzUxMiJ9.eyJzdWIiOiJ0ZXN0dXNlcl8wNDM4Iiwicm9sZXMiOiJST0xFX1VTRVIiLCJleHAiOjE3ODcxMTU0NjksInVzZXJJZCI6IjQzOCIsImlhdCI6MTc4NzAyOTA2OX0.dRgR5u89mbqL6k4D0294OvEFadpOoXsXqvaO4Ecw69f2ljbFI6Ywp0ajqEoDSEWLum-fbmZvlKrb7vapYPDFFw
testuser_0759,100175,eyJhbGciOiJIUzUxMiJ9.eyJzdWIiOiJ0ZXN0dXNlcl8wNzU5Iiwicm9sZXMiOiJST0xFX1VTRVIiLCJleHAiOjE3ODcxMTU0NzAsInVzZXJJZCI6Ijc1OSIsImlhdCI6MTc4NzAyOTA3MH0.2AhJhzoL-pZ9Bk-Q4S_sVB9uNUxkR1ucm0d7MJSGDNp_1KD4mfAR12uE_sQRtAYyOGvuBI_IKyYVHTuHuExlGA
testuser_0799,100176,eyJhbGciOiJIUzUxMiJ9.eyJzdWIiOiJ0ZXN0dXNlcl8wNzk5Iiwicm9sZXMiOiJST0xFX1VTRVIiLCJleHAiOjE3ODcxMTU0NzAsInVzZXJJZCI6Ijc5OSIsImlhdCI6MTc4NzAyOTA3MH0.iEFz8uToZDpvU5CeYMA0H2dzMLbFsRVksZa4pJ1V6FrJ61tgqACcgk9hNXq6VjbPdaggbebv60TGjA58j6LLPA
testuser_0124,100177,eyJhbGciOiJIUzUxMiJ9.eyJzdWIiOiJ0ZXN0dXNlcl8wMTI0Iiwicm9sZXMiOiJST0xFX1VTRVIiLCJleHAiOjE3ODcxMTU0NzAsInVzZXJJZCI6IjEyNCIsImlhdCI6MTc4NzAyOTA3MH0.Qzf6Z6ODWIVBfIjPBLnQhJT8R9UzfLy-Jo39VHoIDETNw64d_HIX3m9F7yzU2u-qg46lupS4bnodw4V4jJxw1A
testuser_0528,100179,eyJhbGciOiJIUzUxMiJ9.eyJzdWIiOiJ0ZXN0dXNlcl8wNTI4Iiwicm9sZXMiOiJST0xFX1VTRVIiLCJleHAiOjE3ODcxMTU0NzAsInVzZXJJZCI6IjUyOCIsImlhdCI6MTc4NzAyOTA3MH0.AcFTSXKmv9rR1B3pl-pxenu7UX5c9I-KI83irEkffwYdgCEh8qZ3YErdZJazYpzunIgOn2PMV2azs5cKvh3fSA
testuser_0084,100180,eyJhbGciOiJIUzUxMiJ9.eyJzdWIiOiJ0ZXN0dXNlcl8wMDg0Iiwicm9sZXMiOiJST0xFX1VTRVIiLCJleHAiOjE3ODcxMTU0NzAsInVzZXJJZCI6Ijg0IiwiaWF0IjoxNzg3MDI5MDcwfQ.DLl5Yhc5WxzugqLtfH0FPxt37SXR0pOkihnUVp3eNt12Y7svkzGnuHp0mWJXRX6Ti5n48F7vvphpK5ZzpOnw5g
testuser_0415,100181,eyJhbGciOiJIUzUxMiJ9.eyJzdWIiOiJ0ZXN0dXNlcl8wNDE1Iiwicm9sZXMiOiJST0xFX1VTRVIiLCJleHAiOjE3ODcxMTU0NzAsInVzZXJJZCI6IjQxNSIsImlhdCI6MTc4NzAyOTA3MH0.HAwu7HTXv7OooKdy1F4OwJOBT42K5rEe8xvz7XqXWvU_gEAMNza1emV5ErXRPxpJZuqze2irUnrr3Xn6ikHrVw
testuser_0444,100183,eyJhbGciOiJIUzUxMiJ9.eyJzdWIiOiJ0ZXN0dXNlcl8wNDQ0Iiwicm9sZXMiOiJST0xFX1VTRVIiLCJleHAiOjE3ODcxMTU0NzAsInVzZXJJZCI6IjQ0NCIsImlhdCI6MTc4NzAyOTA3MH0.lwIVbjAhoyT_jW5px78S-sQnhpTgZK7aV59RhoISekbhNZjs8RwaumGxa1tsTOjp-Vt2v_QRMNjtfPP_wZPpMA
testuser_0460,100185,eyJhbGciOiJIUzUxMiJ9.eyJzdWIiOiJ0ZXN0dXNlcl8wNDYwIiwicm9sZXMiOiJST0xFX1VTRVIiLCJleHAiOjE3ODcxMTU0NzAsInVzZXJJZCI6IjQ2MCIsImlhdCI6MTc4NzAyOTA3MH0.egstK4GbQCE33zcxjyYshJksb2YgDTSQm2KP9lY9VeDzO7QzRSzplYu_wZMx5QYRCtWP5wiTydMO4ZY2FrgeXw
testuser_0648,100186,eyJhbGciOiJIUzUxMiJ9.eyJzdWIiOiJ0ZXN0dXNlcl8wNjQ4Iiwicm9sZXMiOiJST0xFX1VTRVIiLCJleHAiOjE3ODcxMTU0NzAsInVzZXJJZCI6IjY0OCIsImlhdCI6MTc4NzAyOTA3MH0.h30FeB-JaBoowU8cYzHYverk2O8p2A5gHFYXkKtIIcJzcvNqEqzAhnQTyswtxI7m6l3PnsAQ0_fZGSKNro3aTQ
testuser_0081,100187,eyJhbGciOiJIUzUxMiJ9.eyJzdWIiOiJ0ZXN0dXNlcl8wMDgxIiwicm9sZXMiOiJST0xFX1VTRVIiLCJleHAiOjE3ODcxMTU0NzAsInVzZXJJZCI6IjgxIiwiaWF0IjoxNzg3MDI5MDcwfQ.Yk8uazLYkrUbIDvir2dAtZBufBF3CC1ugI7ut9RH7j8PedhOdl5g8l9NBYMT9EJnbfNjdyjiRvZInPgqMEBp1g
testuser_0073,100188,eyJhbGciOiJIUzUxMiJ9.eyJzdWIiOiJ0ZXN0dXNlcl8wMDczIiwicm9sZXMiOiJST0xFX1VTRVIiLCJleHAiOjE3ODcxMTU0NzAsInVzZXJJZCI6IjczIiwiaWF0IjoxNzg3MDI5MDcwfQ.80gzWeom8XxdDP5iulfpNbnnqd95oysOETUFwf2bk32HXuDdyoXGkC_tCr41dHgqOLsHGSmoHbOTWG_v36BGag
testuser_0802,100190,eyJhbGciOiJIUzUxMiJ9.eyJzdWIiOiJ0ZXN0dXNlcl8wODAyIiwicm9sZXMiOiJST0xFX1VTRVIiLCJleHAiOjE3ODcxMTU0NzEsInVzZXJJZCI6IjgwMiIsImlhdCI6MTc4NzAyOTA3MX0.4uotb6XZ-2uQ8QTYhqvxbRxk_WbMwI4W5rZPClfvB98cOekFKs6laxNRw8_E0FuQ8tfovBNLk7ZJOZZUy0aCoQ
testuser_0666,100191,eyJhbGciOiJIUzUxMiJ9.eyJzdWIiOiJ0ZXN0dXNlcl8wNjY2Iiwicm9sZXMiOiJST0xFX1VTRVIiLCJleHAiOjE3ODcxMTU0NzEsInVzZXJJZCI6IjY2NiIsImlhdCI6MTc4NzAyOTA3MX0.-nTxo30COX7AMt_sEoRKZ6I35CwToYkehcuvalauxUieBijw2Jc_bqYcTaI3BNvVS9VVsLGihbm1ZGm5m2rcHg
testuser_0914,100192,eyJhbGciOiJIUzUxMiJ9.eyJzdWIiOiJ0ZXN0dXNlcl8wOTE0Iiwicm9sZXMiOiJST0xFX1VTRVIiLCJleHAiOjE3ODcxMTU0NzEsInVzZXJJZCI6IjkxNCIsImlhdCI6MTc4NzAyOTA3MX0.dmkHdbMBlSs2M6azf-clhY7wvc1H4yX-XjtD4EQks44JHI_2csj-9GhA7owWvDo8RmoaoWp50l6uaKDePGiMiA
testuser_0273,100194,eyJhbGciOiJIUzUxMiJ9.eyJzdWIiOiJ0ZXN0dXNlcl8wMjczIiwicm9sZXMiOiJST0xFX1VTRVIiLCJleHAiOjE3ODcxMTU0NzEsInVzZXJJZCI6IjI3MyIsImlhdCI6MTc4NzAyOTA3MX0.3lyx8EytRT4Pd-gzRWOPevladbsnJZFROBgc9m8Vx3UxW0p45N6Kjin5aLazGufucId3VJoE5Hboh-KUXR8tdA
testuser_0213,100195,eyJhbGciOiJIUzUxMiJ9.eyJzdWIiOiJ0ZXN0dXNlcl8wMjEzIiwicm9sZXMiOiJST0xFX1VTRVIiLCJleHAiOjE3ODcxMTU0NzEsInVzZXJJZCI6IjIxMyIsImlhdCI6MTc4NzAyOTA3MX0.UQH38FGKdWKX7RtR2SobIKy9gqfuAIELc8nJiBRkvHecIriM7FFVoLmSSpzEFBgYRMd1QIsWB4MPcnc6CzaGpg
testuser_0705,100196,eyJhbGciOiJIUzUxMiJ9.eyJzdWIiOiJ0ZXN0dXNlcl8wNzA1Iiwicm9sZXMiOiJST0xFX1VTRVIiLCJleHAiOjE3ODcxMTU0NzEsInVzZXJJZCI6IjcwNSIsImlhdCI6MTc4NzAyOTA3MX0.soHwuiwXIaDRyj5uNwhcfSqf2j4nA9wYlLM98ZtKRaIaHzn7TWX-a__ly3XCxK_jplI8hL6y4UrkAdNg2C2L4w
testuser_0111,100197,eyJhbGciOiJIUzUxMiJ9.eyJzdWIiOiJ0ZXN0dXNlcl8wMTExIiwicm9sZXMiOiJST0xFX1VTRVIiLCJleHAiOjE3ODcxMTU0NzEsInVzZXJJZCI6IjExMSIsImlhdCI6MTc4NzAyOTA3MX0.t5bEzZxM8RksB1VLT32K3y7OeghlFjTFSyypuHlUek2nxxKguQHI_f4wnjbnk9hteDLfXK1yF0O1ghQ5SiGXrw
testuser_0321,100198,eyJhbGciOiJIUzUxMiJ9.eyJzdWIiOiJ0ZXN0dXNlcl8wMzIxIiwicm9sZXMiOiJST0xFX1VTRVIiLCJleHAiOjE3ODcxMTU0NzEsInVzZXJJZCI6IjMyMSIsImlhdCI6MTc4NzAyOTA3MX0.mqsDkYBh3lCw8yM2UWOGZQhM00ptr0nYNFIkWinquhJxsUQMxMY8jcC0BAWqxuj7Zj4GNqnWLWicap1tQP6iXA
testuser_0552,100199,eyJhbGciOiJIUzUxMiJ9.eyJzdWIiOiJ0ZXN0dXNlcl8wNTUyIiwicm9sZXMiOiJST0xFX1VTRVIiLCJleHAiOjE3ODcxMTU0NzEsInVzZXJJZCI6IjU1MiIsImlhdCI6MTc4NzAyOTA3MX0.N4qdeA6Pkt2crmRftizOGH15LcM-EfKe6J4gfU82tLNCBFYcgdMHZPw3SwLAB-DgPdVaxKVlEuPELt7ZtqRzrw
testuser_0985,100200,eyJhbGciOiJIUzUxMiJ9.eyJzdWIiOiJ0ZXN0dXNlcl8wOTg1Iiwicm9sZXMiOiJST0xFX1VTRVIiLCJleHAiOjE3ODcxMTU0NzEsInVzZXJJZCI6Ijk4NSIsImlhdCI6MTc4NzAyOTA3MX0.MHQXE0Oyz5qRB2rLMNkE2xV-8QTtTOxnn064CtvVjUhDKz4kJwyRepkkpzi9dSb62eQwIr5O0cgrBO8U-vg8Rw
testuser_0004,100201,eyJhbGciOiJIUzUxMiJ9.eyJzdWIiOiJ0ZXN0dXNlcl8wMDA0Iiwicm9sZXMiOiJST0xFX1VTRVIiLCJleHAiOjE3ODcxMTU0NzEsInVzZXJJZCI6IjQiLCJpYXQiOjE3ODcwMjkwNzF9.6GM0ywfFvDKlN1AFk_cpo-Ctg2wcEyDO3MoMIfnxzdsBm8U_-z59ziXuHsv4i1rria1YtiFAtK65n2qMTDx8KA
testuser_0538,100202,eyJhbGciOiJIUzUxMiJ9.eyJzdWIiOiJ0ZXN0dXNlcl8wNTM4Iiwicm9sZXMiOiJST0xFX1VTRVIiLCJleHAiOjE3ODcxMTU0NzIsInVzZXJJZCI6IjUzOCIsImlhdCI6MTc4NzAyOTA3Mn0.kwOiW5fo2Je-MoFrDq-wKF827VdX4dU2ht8Q66yJmYtLrCDZ8kJ3HpD7Xuf9sf-GFoNON5DiH_Md6a-Ewujfkg
testuser_0418,100203,eyJhbGciOiJIUzUxMiJ9.eyJzdWIiOiJ0ZXN0dXNlcl8wNDE4Iiwicm9sZXMiOiJST0xFX1VTRVIiLCJleHAiOjE3ODcxMTU0NzIsInVzZXJJZCI6IjQxOCIsImlhdCI6MTc4NzAyOTA3Mn0.mDjX-6u3O4FAZDEoB_CuNOaJof27c1W7rxD-GQGxl9f1rWi2pdc8DeH7IjZb5Hy9JKdc4xzkXyezz7dNplO8Ew
testuser_0660,100204,eyJhbGciOiJIUzUxMiJ9.eyJzdWIiOiJ0ZXN0dXNlcl8wNjYwIiwicm9sZXMiOiJST0xFX1VTRVIiLCJleHAiOjE3ODcxMTU0NzIsInVzZXJJZCI6IjY2MCIsImlhdCI6MTc4NzAyOTA3Mn0.fxv3HJG6gXqmwQggWyO5vLWR9EG3jei_UptXFHMiAVP4GHcZnkExXNnj5BGtNHgYpI5yDXlafzGI7ZzNLwx1LQ
testuser_0941,100206,eyJhbGciOiJIUzUxMiJ9.eyJzdWIiOiJ0ZXN0dXNlcl8wOTQxIiwicm9sZXMiOiJST0xFX1VTRVIiLCJleHAiOjE3ODcxMTU0NzIsInVzZXJJZCI6Ijk0MSIsImlhdCI6MTc4NzAyOTA3Mn0.F7l9wSZeB9h488fXbM_9944c63bPC0XZ1eAjK_ODjeI9cIQKtlzzImaBZOAKQ5IbxcJ-Quj4rnpGSCQYYJsrKA
testuser_0791,100207,eyJhbGciOiJIUzUxMiJ9.eyJzdWIiOiJ0ZXN0dXNlcl8wNzkxIiwicm9sZXMiOiJST0xFX1VTRVIiLCJleHAiOjE3ODcxMTU0NzIsInVzZXJJZCI6Ijc5MSIsImlhdCI6MTc4NzAyOTA3Mn0.3poXAf_0R9GLWP7Vm83feyBPSPKswqKw8sfpejuEuCtHwbRCCOINDiYiDAOvBgUjoe4cBy6A3y0uxLCFLZFEOg
testuser_0120,100208,eyJhbGciOiJIUzUxMiJ9.eyJzdWIiOiJ0ZXN0dXNlcl8wMTIwIiwicm9sZXMiOiJST0xFX1VTRVIiLCJleHAiOjE3ODcxMTU0NzIsInVzZXJJZCI6IjEyMCIsImlhdCI6MTc4NzAyOTA3Mn0.JrJFiVJMQxj4ixKagXZeti1F9C7VF1uJJHsW3-VP0_lZ532H6KspuZior9TVTP0NLcITbROLmSvXXe_aZjpJqQ
testuser_0366,100209,eyJhbGciOiJIUzUxMiJ9.eyJzdWIiOiJ0ZXN0dXNlcl8wMzY2Iiwicm9sZXMiOiJST0xFX1VTRVIiLCJleHAiOjE3ODcxMTU0NzIsInVzZXJJZCI6IjM2NiIsImlhdCI6MTc4NzAyOTA3Mn0.xjtuSzYjCjq3vU1Qp-4visVL11aaeBJFphxa9hKMJy1micYBD7y8dMBupE2mqmSbrpjGI12BUwLjOofL86uZ0g
testuser_0189,100210,eyJhbGciOiJIUzUxMiJ9.eyJzdWIiOiJ0ZXN0dXNlcl8wMTg5Iiwicm9sZXMiOiJST0xFX1VTRVIiLCJleHAiOjE3ODcxMTU0NzIsInVzZXJJZCI6IjE4OSIsImlhdCI6MTc4NzAyOTA3Mn0.W0HXcLp5eS3DegEDWhS6UT4K13rmoaZZYlhfJvwBON_mmINZjO7h2akdF1bHBghpSWn97yEWf6RW4RdMlUmlpQ
testuser_0964,100211,eyJhbGciOiJIUzUxMiJ9.eyJzdWIiOiJ0ZXN0dXNlcl8wOTY0Iiwicm9sZXMiOiJST0xFX1VTRVIiLCJleHAiOjE3ODcxMTU0NzIsInVzZXJJZCI6Ijk2NCIsImlhdCI6MTc4NzAyOTA3Mn0.oVnKsa9d1SUtCD8wSvUPS8hQjoV_qeKg2gIUcBKYcAPjdCl-FkGK3c7WKvPophArdAAGkKZvh9OJLlewOhdRsg
testuser_0747,100213,eyJhbGciOiJIUzUxMiJ9.eyJzdWIiOiJ0ZXN0dXNlcl8wNzQ3Iiwicm9sZXMiOiJST0xFX1VTRVIiLCJleHAiOjE3ODcxMTU0NzIsInVzZXJJZCI6Ijc0NyIsImlhdCI6MTc4NzAyOTA3Mn0.MYvzbjYhJhhH2D6NpOGJO4ny3PVQnyZO0w2QxCiYGE6qiC9BI9YyydL86RRV31tzFjx7P19CpApcodDDcA2Z3A
testuser_0486,100214,eyJhbGciOiJIUzUxMiJ9.eyJzdWIiOiJ0ZXN0dXNlcl8wNDg2Iiwicm9sZXMiOiJST0xFX1VTRVIiLCJleHAiOjE3ODcxMTU0NzIsInVzZXJJZCI6IjQ4NiIsImlhdCI6MTc4NzAyOTA3Mn0.mQ37Bn2G6gzmbnWD4TZKfpOTEISwQW-3Dcrn8lDHENFX7LLA_zdwLBOW_0ugedKsRSUKKdz53P3D1HY_z5OZJg
testuser_0254,100215,eyJhbGciOiJIUzUxMiJ9.eyJzdWIiOiJ0ZXN0dXNlcl8wMjU0Iiwicm9sZXMiOiJST0xFX1VTRVIiLCJleHAiOjE3ODcxMTU0NzMsInVzZXJJZCI6IjI1NCIsImlhdCI6MTc4NzAyOTA3M30.2yg3p2YyznNN8c2T-MKu978tG22BFV5z8OLUni3VytWYHeh91q5AIk_PWv3_dlyOU31m9aEmYa2dNoGrPZ5OEA
testuser_0173,100216,eyJhbGciOiJIUzUxMiJ9.eyJzdWIiOiJ0ZXN0dXNlcl8wMTczIiwicm9sZXMiOiJST0xFX1VTRVIiLCJleHAiOjE3ODcxMTU0NzMsInVzZXJJZCI6IjE3MyIsImlhdCI6MTc4NzAyOTA3M30.c8HVV_vuBxL5zsuGDs8whiBeozbpoZBzCtqYjZTdnk9uIXB7gXx4QvlGW1YzO4EXPHsbI_XKA7eVyeCODswuNQ
testuser_0183,100217,eyJhbGciOiJIUzUxMiJ9.eyJzdWIiOiJ0ZXN0dXNlcl8wMTgzIiwicm9sZXMiOiJST0xFX1VTRVIiLCJleHAiOjE3ODcxMTU0NzMsInVzZXJJZCI6IjE4MyIsImlhdCI6MTc4NzAyOTA3M30.c9Q86oY8WKhDH3ztk1XG1fg17E5hpbeXsTxg_01ymJwv-7pTvZiLS-VdrrA8WNLD7nBdprsc1-gPIJjq5hK4tg
testuser_0834,100218,eyJhbGciOiJIUzUxMiJ9.eyJzdWIiOiJ0ZXN0dXNlcl8wODM0Iiwicm9sZXMiOiJST0xFX1VTRVIiLCJleHAiOjE3ODcxMTU0NzMsInVzZXJJZCI6IjgzNCIsImlhdCI6MTc4NzAyOTA3M30.qw8AOUgUZx_SA53axKcKW-3jx77abCgX3ot-9WkaZRXeKsws4Y8sgaP9s6bPBuEHN-TUzkg1tMxaVElPgYNbCw
testuser_0295,100219,eyJhbGciOiJIUzUxMiJ9.eyJzdWIiOiJ0ZXN0dXNlcl8wMjk1Iiwicm9sZXMiOiJST0xFX1VTRVIiLCJleHAiOjE3ODcxMTU0NzMsInVzZXJJZCI6IjI5NSIsImlhdCI6MTc4NzAyOTA3M30.qOrINxEwbAK3uzEDilRqKIlY29dlZpujA2FcWP4WKzn8W4DS5iyuFiLg6Cx0RObZ5RJo2Hm261BPfkUi-vGNNA
testuser_0981,100221,eyJhbGciOiJIUzUxMiJ9.eyJzdWIiOiJ0ZXN0dXNlcl8wOTgxIiwicm9sZXMiOiJST0xFX1VTRVIiLCJleHAiOjE3ODcxMTU0NzMsInVzZXJJZCI6Ijk4MSIsImlhdCI6MTc4NzAyOTA3M30.7qGD2fLNcZZ2Atxu0lVlY0-Xp_MNr0HmeBhLUKnWcGCKztvkfJyAB4lOeqklN5nq_eEXgargEyPKvBQcN_G6qw
testuser_0930,100222,eyJhbGciOiJIUzUxMiJ9.eyJzdWIiOiJ0ZXN0dXNlcl8wOTMwIiwicm9sZXMiOiJST0xFX1VTRVIiLCJleHAiOjE3ODcxMTU0NzMsInVzZXJJZCI6IjkzMCIsImlhdCI6MTc4NzAyOTA3M30.Wl8vjWQPRIPpR-DYtEJGdDiKBaA2-9AVJFCDIEu6G3YqURlIF7r1UJiWXFqNFTNcSsvD029J6rKcRc1ZS40nMw
testuser_0554,100223,eyJhbGciOiJIUzUxMiJ9.eyJzdWIiOiJ0ZXN0dXNlcl8wNTU0Iiwicm9sZXMiOiJST0xFX1VTRVIiLCJleHAiOjE3ODcxMTU0NzMsInVzZXJJZCI6IjU1NCIsImlhdCI6MTc4NzAyOTA3M30.pN6zZYeZq6hHJFZzTHxJ0XeYzF6xTdoAa83r5npH7yCzs06pB_yuvSuKmPlLgT4r4cvZU9-mb6GEft2BsrJM4w
testuser_0044,100224,eyJhbGciOiJIUzUxMiJ9.eyJzdWIiOiJ0ZXN0dXNlcl8wMDQ0Iiwicm9sZXMiOiJST0xFX1VTRVIiLCJleHAiOjE3ODcxMTU0NzMsInVzZXJJZCI6IjQ0IiwiaWF0IjoxNzg3MDI5MDczfQ.2Epvys9s9vqdoxzRa1Ri0okIWtTHo57ldEz-0OqBR4Ozc4POqXf_MyB0XYHgTlVuw8IXJ_keEypzs1lKw99ZiQ
testuser_0512,100225,eyJhbGciOiJIUzUxMiJ9.eyJzdWIiOiJ0ZXN0dXNlcl8wNTEyIiwicm9sZXMiOiJST0xFX1VTRVIiLCJleHAiOjE3ODcxMTU0NzMsInVzZXJJZCI6IjUxMiIsImlhdCI6MTc4NzAyOTA3M30.5skuWTpUM9XRm8mu-iP7clqWBWT-qaKh3EXLvwIcUkV0YQk1lGWtlELqQU02_OWN9VaH5T5mcRsgFDrhjQwnNw
testuser_0279,100226,eyJhbGciOiJIUzUxMiJ9.eyJzdWIiOiJ0ZXN0dXNlcl8wMjc5Iiwicm9sZXMiOiJST0xFX1VTRVIiLCJleHAiOjE3ODcxMTU0NzMsInVzZXJJZCI6IjI3OSIsImlhdCI6MTc4NzAyOTA3M30.Q653NH2iVBj6tnwCNmn1whG-3Nas4MTd_vWWrQcoLZVMHXXWPw0tLG4guuPycvjlAHGexXQu720sAMHK9Lfe5g
testuser_0219,100227,eyJhbGciOiJIUzUxMiJ9.eyJzdWIiOiJ0ZXN0dXNlcl8wMjE5Iiwicm9sZXMiOiJST0xFX1VTRVIiLCJleHAiOjE3ODcxMTU0NzQsInVzZXJJZCI6IjIxOSIsImlhdCI6MTc4NzAyOTA3NH0.De3qCnCGOwGkmqqiNpMBdkke7mdmnQVxFqCXAT-fecHsMR4WN_BYS2SkKo6CIgb2SK_8JPd4Dst4Td8i2pwCZQ
testuser_0599,100228,eyJhbGciOiJIUzUxMiJ9.eyJzdWIiOiJ0ZXN0dXNlcl8wNTk5Iiwicm9sZXMiOiJST0xFX1VTRVIiLCJleHAiOjE3ODcxMTU0NzQsInVzZXJJZCI6IjU5OSIsImlhdCI6MTc4NzAyOTA3NH0.LEzOeTa_tYf5nyWHsP3frUq13AZ2nQGHkih0Z9ajBz6LJgpmqW50azlzXB2V457N23xDbYh-jPgABOxSzl52dw
testuser_0051,100229,eyJhbGciOiJIUzUxMiJ9.eyJzdWIiOiJ0ZXN0dXNlcl8wMDUxIiwicm9sZXMiOiJST0xFX1VTRVIiLCJleHAiOjE3ODcxMTU0NzQsInVzZXJJZCI6IjUxIiwiaWF0IjoxNzg3MDI5MDc0fQ.8j7MmIoJDNohkPzoPseViVaGSRRlsLAvBcNRZrMZv0SRTXzakz0hcvrDBCBEXKQzvOCsNzqbVF9Ed7eWn0I-vA
testuser_0550,100230,eyJhbGciOiJIUzUxMiJ9.eyJzdWIiOiJ0ZXN0dXNlcl8wNTUwIiwicm9sZXMiOiJST0xFX1VTRVIiLCJleHAiOjE3ODcxMTU0NzQsInVzZXJJZCI6IjU1MCIsImlhdCI6MTc4NzAyOTA3NH0.mwEMjejA_7sncfoq0TIRcoGIOjovPPwVEbeAe-vdBlZ2zcAd0WkAczPYMjZflE5E6pOgVpAEdPqaCsI3jSPw6A
testuser_0963,100232,eyJhbGciOiJIUzUxMiJ9.eyJzdWIiOiJ0ZXN0dXNlcl8wOTYzIiwicm9sZXMiOiJST0xFX1VTRVIiLCJleHAiOjE3ODcxMTU0NzQsInVzZXJJZCI6Ijk2MyIsImlhdCI6MTc4NzAyOTA3NH0.HRicH3tzUvo8U4dwjOA6LXSpHpDTQB5ILG0wYPbvgnfuEZuZgsTL_WAY51zCvHF0vd5WWSkRJJc4nijBVXnCYg
testuser_0622,100233,eyJhbGciOiJIUzUxMiJ9.eyJzdWIiOiJ0ZXN0dXNlcl8wNjIyIiwicm9sZXMiOiJST0xFX1VTRVIiLCJleHAiOjE3ODcxMTU0NzQsInVzZXJJZCI6IjYyMiIsImlhdCI6MTc4NzAyOTA3NH0.SX46N2pK8J8IeWzq9bJvL5I_npawfp4TUulIWCTM7MhhzMmk0PUXuZjtqFpBryLvXZk9zXGbImzNxHLXLCnFrg
testuser_0526,100234,eyJhbGciOiJIUzUxMiJ9.eyJzdWIiOiJ0ZXN0dXNlcl8wNTI2Iiwicm9sZXMiOiJST0xFX1VTRVIiLCJleHAiOjE3ODcxMTU0NzQsInVzZXJJZCI6IjUyNiIsImlhdCI6MTc4NzAyOTA3NH0.7BzTPIlt3Z5JrQw5I10JxVeN5Q3hdvR9D75gH1uPewRpu85vxvbcYHKYVMQg481tZFAthfnxnYUKX_xsvuVnqA
testuser_0069,100235,eyJhbGciOiJIUzUxMiJ9.eyJzdWIiOiJ0ZXN0dXNlcl8wMDY5Iiwicm9sZXMiOiJST0xFX1VTRVIiLCJleHAiOjE3ODcxMTU0NzQsInVzZXJJZCI6IjY5IiwiaWF0IjoxNzg3MDI5MDc0fQ.9Zec4MvSx6KH8QwpbOVyhGZv23AnQyXW1FTzRd6RRyoV70Sz-MNAu76NvW1W5Fq5fig3NQapdS2aFP5Zrw-foA
testuser_0720,100236,eyJhbGciOiJIUzUxMiJ9.eyJzdWIiOiJ0ZXN0dXNlcl8wNzIwIiwicm9sZXMiOiJST0xFX1VTRVIiLCJleHAiOjE3ODcxMTU0NzQsInVzZXJJZCI6IjcyMCIsImlhdCI6MTc4NzAyOTA3NH0.SNwdZj_U10y-rXNLhqgfAE6bakcEV5YdElr_pwWIE5A5ByQWK68dzvOFIjz_3bIPXfMid_AyGaIdx4ghzhSwgw
testuser_0813,100237,eyJhbGciOiJIUzUxMiJ9.eyJzdWIiOiJ0ZXN0dXNlcl8wODEzIiwicm9sZXMiOiJST0xFX1VTRVIiLCJleHAiOjE3ODcxMTU0NzQsInVzZXJJZCI6IjgxMyIsImlhdCI6MTc4NzAyOTA3NH0.p6yRvGwvlkxpxInu042xBE-_zW39B2lk1ELNSwBEzACF0TxIxy0iiIhAGzAzVXkZtdYH6HsMcJCERy-xJDSJIg
testuser_0403,100240,eyJhbGciOiJIUzUxMiJ9.eyJzdWIiOiJ0ZXN0dXNlcl8wNDAzIiwicm9sZXMiOiJST0xFX1VTRVIiLCJleHAiOjE3ODcxMTU0NzQsInVzZXJJZCI6IjQwMyIsImlhdCI6MTc4NzAyOTA3NH0.qHe2wqYTNEzku9Y5U6aR4itlN3Z0RVSY4PpZl-acvD5Z_xqiAjGUM48Dlst2jc9jpdJ2sJH5ZOABSrFaLKCfvg
testuser_0400,100241,eyJhbGciOiJIUzUxMiJ9.eyJzdWIiOiJ0ZXN0dXNlcl8wNDAwIiwicm9sZXMiOiJST0xFX1VTRVIiLCJleHAiOjE3ODcxMTU0NzUsInVzZXJJZCI6IjQwMCIsImlhdCI6MTc4NzAyOTA3NX0.24M7JQ6bNspcg5dysqhvtZcp1XlvjJCAGiO-mArW2aJLpCJT5NpBgrQGjYrAh7L46lw5_CcGEPyFIgdp2zGkrA
testuser_0074,100243,eyJhbGciOiJIUzUxMiJ9.eyJzdWIiOiJ0ZXN0dXNlcl8wMDc0Iiwicm9sZXMiOiJST0xFX1VTRVIiLCJleHAiOjE3ODcxMTU0NzUsInVzZXJJZCI6Ijc0IiwiaWF0IjoxNzg3MDI5MDc1fQ.TFoXoO2Yfh0JwaTj_J7v4pAl_SZaiIVf0X1LIvUpvldyA0JPfpyZALzfa9f1DFMFOWsFc3gKG3sJp_UhP8EtyQ
testuser_0682,100244,eyJhbGciOiJIUzUxMiJ9.eyJzdWIiOiJ0ZXN0dXNlcl8wNjgyIiwicm9sZXMiOiJST0xFX1VTRVIiLCJleHAiOjE3ODcxMTU0NzUsInVzZXJJZCI6IjY4MiIsImlhdCI6MTc4NzAyOTA3NX0.EUKyeExycU0s9vmWLrRyW0RWt25BH5BpqT_1EEfV9tsEC2wW_pHLctF2R3oIaBRYAMe-cTiNtdQUzwQ-0YuYQw
testuser_0155,100245,eyJhbGciOiJIUzUxMiJ9.eyJzdWIiOiJ0ZXN0dXNlcl8wMTU1Iiwicm9sZXMiOiJST0xFX1VTRVIiLCJleHAiOjE3ODcxMTU0NzUsInVzZXJJZCI6IjE1NSIsImlhdCI6MTc4NzAyOTA3NX0.SxRVD80Yhr3K0bzZEdX8gq4AJNjnM5Acv4gE0VvYJzLxiuglCC4Zk09ono8Ei5_O4umPr5Stax5nEz9jUxXn0A
testuser_0246,100246,eyJhbGciOiJIUzUxMiJ9.eyJzdWIiOiJ0ZXN0dXNlcl8wMjQ2Iiwicm9sZXMiOiJST0xFX1VTRVIiLCJleHAiOjE3ODcxMTU0NzUsInVzZXJJZCI6IjI0NiIsImlhdCI6MTc4NzAyOTA3NX0.28e39HSfRjjZM8bG729_01xAEB2QKllNb_4f2lNOShfCOExzgdQ3mNusPnjOJ2Xv_TqEV31Nh5Q7AOV4uo9aAA
testuser_0245,100247,eyJhbGciOiJIUzUxMiJ9.eyJzdWIiOiJ0ZXN0dXNlcl8wMjQ1Iiwicm9sZXMiOiJST0xFX1VTRVIiLCJleHAiOjE3ODcxMTU0NzUsInVzZXJJZCI6IjI0NSIsImlhdCI6MTc4NzAyOTA3NX0.vf4J7-re4SvhqnDysQ182eoowtIm0hYTzKXxHL5NmboZZJN6R7nYaqnA4dyhVFnIa66KXScecYQLu2jflSDIDA
testuser_0057,100249,eyJhbGciOiJIUzUxMiJ9.eyJzdWIiOiJ0ZXN0dXNlcl8wMDU3Iiwicm9sZXMiOiJST0xFX1VTRVIiLCJleHAiOjE3ODcxMTU0NzUsInVzZXJJZCI6IjU3IiwiaWF0IjoxNzg3MDI5MDc1fQ.teALqYL3POEUDOK-aEactD62roY7XrM9aP_BHjcvwRqjQoIVqjSw5ExHOQaZlUeS39AsRJwZGGlMar9LCGiD6A
testuser_0608,100252,eyJhbGciOiJIUzUxMiJ9.eyJzdWIiOiJ0ZXN0dXNlcl8wNjA4Iiwicm9sZXMiOiJST0xFX1VTRVIiLCJleHAiOjE3ODcxMTU0NzUsInVzZXJJZCI6IjYwOCIsImlhdCI6MTc4NzAyOTA3NX0.o6kG75aIvf0dUUtn2uOvHJonv3KHxgVZQbUxnlDY8pLvIxuCozoOfeV-LB33OHRu7Jv5rxj3OE-P_QH1FSaIwg
testuser_0177,100253,eyJhbGciOiJIUzUxMiJ9.eyJzdWIiOiJ0ZXN0dXNlcl8wMTc3Iiwicm9sZXMiOiJST0xFX1VTRVIiLCJleHAiOjE3ODcxMTU0NzUsInVzZXJJZCI6IjE3NyIsImlhdCI6MTc4NzAyOTA3NX0.H7zC8qIeTlUA42bgvymWLgUjPmdhv3efoGyQX5F4qzVW_2Jp-fssN_j2-LgY5U6WIoCRjfmiRUBRNbYE1b3IsA
testuser_0886,100254,eyJhbGciOiJIUzUxMiJ9.eyJzdWIiOiJ0ZXN0dXNlcl8wODg2Iiwicm9sZXMiOiJST0xFX1VTRVIiLCJleHAiOjE3ODcxMTU0NzUsInVzZXJJZCI6Ijg4NiIsImlhdCI6MTc4NzAyOTA3NX0.AaYfYDrkJ3J_vHnQIbN8olzsPfu8KgnGzNJ1HWq4dEj_SB6__LeYHEbDesG1Noz-_JjA9RTcplKPS6K65dTa1g
testuser_0163,100255,eyJhbGciOiJIUzUxMiJ9.eyJzdWIiOiJ0ZXN0dXNlcl8wMTYzIiwicm9sZXMiOiJST0xFX1VTRVIiLCJleHAiOjE3ODcxMTU0NzUsInVzZXJJZCI6IjE2MyIsImlhdCI6MTc4NzAyOTA3NX0.IAEnz9oz3QP55kSZUNjyrwtAWRnalS-QW2gVJCQUmy8YTJ5qsHS73vbxaUrASjuuRoBOcefQhmBTuRKsdc6mGg
testuser_0675,100256,eyJhbGciOiJIUzUxMiJ9.eyJzdWIiOiJ0ZXN0dXNlcl8wNjc1Iiwicm9sZXMiOiJST0xFX1VTRVIiLCJleHAiOjE3ODcxMTU0NzYsInVzZXJJZCI6IjY3NSIsImlhdCI6MTc4NzAyOTA3Nn0.tethes3M89ojUJehCt3IXcHDoGQngxP7HBMBxVrdzyhMtp9HJW49olng1OfpeVrLsypCfLuDFA1mLtnEmOXNkQ
testuser_0541,100257,eyJhbGciOiJIUzUxMiJ9.eyJzdWIiOiJ0ZXN0dXNlcl8wNTQxIiwicm9sZXMiOiJST0xFX1VTRVIiLCJleHAiOjE3ODcxMTU0NzYsInVzZXJJZCI6IjU0MSIsImlhdCI6MTc4NzAyOTA3Nn0.qd7dLvYjPmjWiJQVqMBMfRDn3enr11TzZ9TolVoUbm0ziYuDfnS6CFdNLoT3YI0Go9jJd66t6Lux2ZZTmvmMLQ
testuser_0639,100258,eyJhbGciOiJIUzUxMiJ9.eyJzdWIiOiJ0ZXN0dXNlcl8wNjM5Iiwicm9sZXMiOiJST0xFX1VTRVIiLCJleHAiOjE3ODcxMTU0NzYsInVzZXJJZCI6IjYzOSIsImlhdCI6MTc4NzAyOTA3Nn0.JNZ4WkgYQi5FRqEI9aN3N0SKDUXgz_e6RmbPKw9ZaB-wYHVofzXIs1GaWxqvRlBZbH3oY3PfNm_lA-gYm6BSMA
testuser_0296,100259,eyJhbGciOiJIUzUxMiJ9.eyJzdWIiOiJ0ZXN0dXNlcl8wMjk2Iiwicm9sZXMiOiJST0xFX1VTRVIiLCJleHAiOjE3ODcxMTU0NzYsInVzZXJJZCI6IjI5NiIsImlhdCI6MTc4NzAyOTA3Nn0.dyx0TeqS3H8YgcQeoLV7ylg9k197IiQSsiOnlPXyGWkIq_Zs4tgBBrtFTIb3z8W2hS3aKGcOeKF_aY8CBqQsag
testuser_0365,100260,eyJhbGciOiJIUzUxMiJ9.eyJzdWIiOiJ0ZXN0dXNlcl8wMzY1Iiwicm9sZXMiOiJST0xFX1VTRVIiLCJleHAiOjE3ODcxMTU0NzYsInVzZXJJZCI6IjM2NSIsImlhdCI6MTc4NzAyOTA3Nn0.38PpsDC2aQtH5pCWsmO4ZloLhsPKA-lifwp8pTcHFw0ebsAyC5yx-c9DobQcSB08T6TtA69uVaHj6NqmDOW7dw
testuser_0234,100261,eyJhbGciOiJIUzUxMiJ9.eyJzdWIiOiJ0ZXN0dXNlcl8wMjM0Iiwicm9sZXMiOiJST0xFX1VTRVIiLCJleHAiOjE3ODcxMTU0NzYsInVzZXJJZCI6IjIzNCIsImlhdCI6MTc4NzAyOTA3Nn0.gNjBQaX5Lr48Wu71PFPDBWUZYTV9zZ4Ym_ZA5VsfU8grmbJVC363cUtsI_0-Yt1U7DZq3TYAS2pu9Yo367fPCQ
testuser_0283,100264,eyJhbGciOiJIUzUxMiJ9.eyJzdWIiOiJ0ZXN0dXNlcl8wMjgzIiwicm9sZXMiOiJST0xFX1VTRVIiLCJleHAiOjE3ODcxMTU0NzYsInVzZXJJZCI6IjI4MyIsImlhdCI6MTc4NzAyOTA3Nn0.1IE_hseue6DA7VFY6Ttu4EGytich4Mr1U1mFiFU7nXW8CWdpOD32sqR6RO7pzU-LE8p8q7OmEu4Cojlc6axX3Q
testuser_0291,100265,eyJhbGciOiJIUzUxMiJ9.eyJzdWIiOiJ0ZXN0dXNlcl8wMjkxIiwicm9sZXMiOiJST0xFX1VTRVIiLCJleHAiOjE3ODcxMTU0NzYsInVzZXJJZCI6IjI5MSIsImlhdCI6MTc4NzAyOTA3Nn0.3kkf0yb8-AtKqxQruenQx-Qj-LYxTrXI3ohHK5_UveR6t98yT34p7pwyp-qQ05yUiVHF1KRFWDO3wVzAiqGLfw
testuser_0926,100266,eyJhbGciOiJIUzUxMiJ9.eyJzdWIiOiJ0ZXN0dXNlcl8wOTI2Iiwicm9sZXMiOiJST0xFX1VTRVIiLCJleHAiOjE3ODcxMTU0NzYsInVzZXJJZCI6IjkyNiIsImlhdCI6MTc4NzAyOTA3Nn0.t6H7EsFU5dZDAaXXjRYPcIuG4d76olwnxKyK1EFHNA3RdVHOouTl-3JisQw0g9_5TGe7WQgJh5G0xfVrIH96SA
testuser_0193,100267,eyJhbGciOiJIUzUxMiJ9.eyJzdWIiOiJ0ZXN0dXNlcl8wMTkzIiwicm9sZXMiOiJST0xFX1VTRVIiLCJleHAiOjE3ODcxMTU0NzYsInVzZXJJZCI6IjE5MyIsImlhdCI6MTc4NzAyOTA3Nn0.1xZ2kK-Mi6d9YxT5WgSDr30UI2ApIy7HlMgukbfjMxVbQSbHWYLnvybZgD7u5L7GtHKpfhHZ2fTJzf3hm-EEGQ
testuser_0208,100268,eyJhbGciOiJIUzUxMiJ9.eyJzdWIiOiJ0ZXN0dXNlcl8wMjA4Iiwicm9sZXMiOiJST0xFX1VTRVIiLCJleHAiOjE3ODcxMTU0NzYsInVzZXJJZCI6IjIwOCIsImlhdCI6MTc4NzAyOTA3Nn0.Utu_FYLSCBaUkHA9R3PSMnZ5BwG9mIzwmLdOgg-F0yH_4AeMlO2cIKJiBB6Dojw05pvBQtbX22YSN2dg9Z0MbQ
testuser_0654,100269,eyJhbGciOiJIUzUxMiJ9.eyJzdWIiOiJ0ZXN0dXNlcl8wNjU0Iiwicm9sZXMiOiJST0xFX1VTRVIiLCJleHAiOjE3ODcxMTU0NzcsInVzZXJJZCI6IjY1NCIsImlhdCI6MTc4NzAyOTA3N30.gDXFGhT36y9V_-9bUt92S98aFrdnvk9UaHuVefZDf6DFWPJyjy-nqnydEouvB2655TfdI95kZfC7TNOLw9n7Vw
testuser_0923,100270,eyJhbGciOiJIUzUxMiJ9.eyJzdWIiOiJ0ZXN0dXNlcl8wOTIzIiwicm9sZXMiOiJST0xFX1VTRVIiLCJleHAiOjE3ODcxMTU0NzcsInVzZXJJZCI6IjkyMyIsImlhdCI6MTc4NzAyOTA3N30.tKn6wBFJolBHW-CYXvS66qHd59j9relQE6MWFR_nwNRTlNc_HqeZyxatpZodLnBoKRQcet7U3ICBrLbYOb0JJw
testuser_0881,100271,eyJhbGciOiJIUzUxMiJ9.eyJzdWIiOiJ0ZXN0dXNlcl8wODgxIiwicm9sZXMiOiJST0xFX1VTRVIiLCJleHAiOjE3ODcxMTU0NzcsInVzZXJJZCI6Ijg4MSIsImlhdCI6MTc4NzAyOTA3N30.MeR-a9r34I61Uc_IpTDLIXN6W8LIXNQTpdCpoHG2G5vxr6sSpwX6RfGv1QtYsouQVNbFou_Gjh09hZ_lW0duuw
testuser_0456,100272,eyJhbGciOiJIUzUxMiJ9.eyJzdWIiOiJ0ZXN0dXNlcl8wNDU2Iiwicm9sZXMiOiJST0xFX1VTRVIiLCJleHAiOjE3ODcxMTU0NzcsInVzZXJJZCI6IjQ1NiIsImlhdCI6MTc4NzAyOTA3N30.nSpzNgYrtEkPG209ni9E_Z-CqDZS3J2W_JKqSGtX125nsckfsT7cNoU4IIDQlIKRHwrPrhhYDyYTNvD2vElXCQ
testuser_0841,100273,eyJhbGciOiJIUzUxMiJ9.eyJzdWIiOiJ0ZXN0dXNlcl8wODQxIiwicm9sZXMiOiJST0xFX1VTRVIiLCJleHAiOjE3ODcxMTU0NzcsInVzZXJJZCI6Ijg0MSIsImlhdCI6MTc4NzAyOTA3N30.ViDJs6ZmM4BXRO2V3bD6SYKFz5CBEVLQsTEDO6gfBX8pH0xz87VVxt6d9HfffXy2EmemMsAI6q0_jF7sb4IhUA
testuser_0668,100274,eyJhbGciOiJIUzUxMiJ9.eyJzdWIiOiJ0ZXN0dXNlcl8wNjY4Iiwicm9sZXMiOiJST0xFX1VTRVIiLCJleHAiOjE3ODcxMTU0NzcsInVzZXJJZCI6IjY2OCIsImlhdCI6MTc4NzAyOTA3N30.AGRX99XobyRdL5qUJLAG0-trpwGutmMe9R9Db1lsGvVYU_4MTmBwuExpkdRbaiRwvH3n9eFqQEJZhu2JCZDaUw
testuser_0781,100276,eyJhbGciOiJIUzUxMiJ9.eyJzdWIiOiJ0ZXN0dXNlcl8wNzgxIiwicm9sZXMiOiJST0xFX1VTRVIiLCJleHAiOjE3ODcxMTU0NzcsInVzZXJJZCI6Ijc4MSIsImlhdCI6MTc4NzAyOTA3N30.V4O5hhVn_6odg_MXybXubR8nV1fNtfjM_AwpASp-TV7TYD5bBRvoIAvmSiFtgerdnOVgGwC__U7UkX3qIHFWqw
testuser_0017,100281,eyJhbGciOiJIUzUxMiJ9.eyJzdWIiOiJ0ZXN0dXNlcl8wMDE3Iiwicm9sZXMiOiJST0xFX1VTRVIiLCJleHAiOjE3ODcxMTU0NzcsInVzZXJJZCI6IjE3IiwiaWF0IjoxNzg3MDI5MDc3fQ.aGkbeD9AtLiZqalWQrgu6TSoZD3bz64AluLjQWA910u2VuCdcuJDg09PwGh5cM2GbCIotY-G6vSekObytOuwZg
testuser_0945,100282,eyJhbGciOiJIUzUxMiJ9.eyJzdWIiOiJ0ZXN0dXNlcl8wOTQ1Iiwicm9sZXMiOiJST0xFX1VTRVIiLCJleHAiOjE3ODcxMTU0NzcsInVzZXJJZCI6Ijk0NSIsImlhdCI6MTc4NzAyOTA3N30.Gvu27KsOPrutFeE84m4tQmFUEkh7ocZIb7k-L3ZLlbZWfcXLf5FWFnXrnRSJJI3Ea_01khWjEjsFMP_8xxB0cA
testuser_0174,100283,eyJhbGciOiJIUzUxMiJ9.eyJzdWIiOiJ0ZXN0dXNlcl8wMTc0Iiwicm9sZXMiOiJST0xFX1VTRVIiLCJleHAiOjE3ODcxMTU0NzcsInVzZXJJZCI6IjE3NCIsImlhdCI6MTc4NzAyOTA3N30.qYEGg9rpjdELvrdT-Zyt4Ax0jJwkPzkMk6S8vvxz61uZaAlWsVJKQfZoJ8wXvNXk8GJXskVb_Tw-jqAtRACEAw
testuser_0313,100284,eyJhbGciOiJIUzUxMiJ9.eyJzdWIiOiJ0ZXN0dXNlcl8wMzEzIiwicm9sZXMiOiJST0xFX1VTRVIiLCJleHAiOjE3ODcxMTU0NzcsInVzZXJJZCI6IjMxMyIsImlhdCI6MTc4NzAyOTA3N30.8Y_zxmfvcbv0VsVYJQS-rSDISdw0D88fo9ogncn77guHACPY3hlpKF6opgCWQH5_Z8AUcO2rsEJFRIr8Jq5WLg
testuser_0251,100285,eyJhbGciOiJIUzUxMiJ9.eyJzdWIiOiJ0ZXN0dXNlcl8wMjUxIiwicm9sZXMiOiJST0xFX1VTRVIiLCJleHAiOjE3ODcxMTU0NzgsInVzZXJJZCI6IjI1MSIsImlhdCI6MTc4NzAyOTA3OH0.XK9KzJyog4x3e9O3RWDBHcYEXSIE_0fckDYhBvURZiMF9m85Wkd3kG1yRMPAqBYQFFzO3Q2eeOx1TKzWOEaELg
testuser_0800,100288,eyJhbGciOiJIUzUxMiJ9.eyJzdWIiOiJ0ZXN0dXNlcl8wODAwIiwicm9sZXMiOiJST0xFX1VTRVIiLCJleHAiOjE3ODcxMTU0NzgsInVzZXJJZCI6IjgwMCIsImlhdCI6MTc4NzAyOTA3OH0.Fy4hnRQki3aRYrT7nTozV82NJkjX3BO6iajhUadNfpaMwyljECzO_IiPVSVuEHW5-YYPKzVdUj_t8o9Ki3W9ew
testuser_0936,100289,eyJhbGciOiJIUzUxMiJ9.eyJzdWIiOiJ0ZXN0dXNlcl8wOTM2Iiwicm9sZXMiOiJST0xFX1VTRVIiLCJleHAiOjE3ODcxMTU0NzgsInVzZXJJZCI6IjkzNiIsImlhdCI6MTc4NzAyOTA3OH0.uudn2K4HUdT5NETYu5KWAdNBf7_X9dK9NRQd9YLtx0wNNnK44ZIdDLUd35HVt5KbZmi7KTrr0UY_3RCajy7--A
testuser_0906,100290,eyJhbGciOiJIUzUxMiJ9.eyJzdWIiOiJ0ZXN0dXNlcl8wOTA2Iiwicm9sZXMiOiJST0xFX1VTRVIiLCJleHAiOjE3ODcxMTU0NzgsInVzZXJJZCI6IjkwNiIsImlhdCI6MTc4NzAyOTA3OH0.t8Ceau8TAaMyypBvdH0z9x86N-AnqOaEr6i8wc5G0e8_rdFJ0iwSaSTzaoCDJlHqi8_-j_Ah_uMFJgKunZ2lvw
testuser_0443,100293,eyJhbGciOiJIUzUxMiJ9.eyJzdWIiOiJ0ZXN0dXNlcl8wNDQzIiwicm9sZXMiOiJST0xFX1VTRVIiLCJleHAiOjE3ODcxMTU0NzgsInVzZXJJZCI6IjQ0MyIsImlhdCI6MTc4NzAyOTA3OH0.BrJ_d-LYLx_0pIMw5dZmuDCN8XHe8IHLajR_gDUAnrwfd5oLbej0gCk56G5qfvaQzfZeyei7yN5213nXJYNFcA
testuser_0204,100294,eyJhbGciOiJIUzUxMiJ9.eyJzdWIiOiJ0ZXN0dXNlcl8wMjA0Iiwicm9sZXMiOiJST0xFX1VTRVIiLCJleHAiOjE3ODcxMTU0NzgsInVzZXJJZCI6IjIwNCIsImlhdCI6MTc4NzAyOTA3OH0.SNYJ-dKp-GD1ntoliwAnpRaPRfeNB6PUohRs2K32tzw5nvTY0UT-5vTnkBZPd50iQTo0ccVgnl1olxhXomJeuQ
testuser_0517,100295,eyJhbGciOiJIUzUxMiJ9.eyJzdWIiOiJ0ZXN0dXNlcl8wNTE3Iiwicm9sZXMiOiJST0xFX1VTRVIiLCJleHAiOjE3ODcxMTU0NzgsInVzZXJJZCI6IjUxNyIsImlhdCI6MTc4NzAyOTA3OH0.0tGlilL-9zvjoXp-QRvg4anVQ0NNYbyHDRzOCQGORODHkKloGcdpe9UA6X0THVpUZpyt-YkIdiwCXL4RJ29S2w
testuser_0635,100296,eyJhbGciOiJIUzUxMiJ9.eyJzdWIiOiJ0ZXN0dXNlcl8wNjM1Iiwicm9sZXMiOiJST0xFX1VTRVIiLCJleHAiOjE3ODcxMTU0NzgsInVzZXJJZCI6IjYzNSIsImlhdCI6MTc4NzAyOTA3OH0.5TncJTWD6U_GWXCGmpRm4wzub1guZlI8uJEhmisK8QSUjORSyEC4kZz0gRTkZWoumSRPkXoKoillDFsJHTr8kw
testuser_0576,100297,eyJhbGciOiJIUzUxMiJ9.eyJzdWIiOiJ0ZXN0dXNlcl8wNTc2Iiwicm9sZXMiOiJST0xFX1VTRVIiLCJleHAiOjE3ODcxMTU0NzgsInVzZXJJZCI6IjU3NiIsImlhdCI6MTc4NzAyOTA3OH0.5anj8Z8wnvr_9kUZsQYiPaLof_mlpD99yPf-ylWhu9o4kJT0g1a4Hilcb3XKwfQaSB3fjCEdLymxEhMyi2pJgQ
testuser_0895,100298,eyJhbGciOiJIUzUxMiJ9.eyJzdWIiOiJ0ZXN0dXNlcl8wODk1Iiwicm9sZXMiOiJST0xFX1VTRVIiLCJleHAiOjE3ODcxMTU0NzgsInVzZXJJZCI6Ijg5NSIsImlhdCI6MTc4NzAyOTA3OH0.bgH-sh1K-llrDPRFDBhcIJZxo4mE8uXUtaRmIUhBrkiOQtaQ9AqyVZi9gaqHinLLAkWrXTeWIXTqWx5qkKIAfQ
testuser_0128,100299,eyJhbGciOiJIUzUxMiJ9.eyJzdWIiOiJ0ZXN0dXNlcl8wMTI4Iiwicm9sZXMiOiJST0xFX1VTRVIiLCJleHAiOjE3ODcxMTU0NzgsInVzZXJJZCI6IjEyOCIsImlhdCI6MTc4NzAyOTA3OH0.q9qVhvnDrlPto7D1c-SDhF8OYjRzGHrgA_nSRAxw0ARlChDD-WGgomhD6cK46ZmruyhUek8oeNvtI8KA-HIHMA
testuser_0152,100300,eyJhbGciOiJIUzUxMiJ9.eyJzdWIiOiJ0ZXN0dXNlcl8wMTUyIiwicm9sZXMiOiJST0xFX1VTRVIiLCJleHAiOjE3ODcxMTU0NzksInVzZXJJZCI6IjE1MiIsImlhdCI6MTc4NzAyOTA3OX0.4HWlOSKQ3tXZ7fUT7WJj2zTYwMpyOvaR93eOUp7XRmeQHdeK8RdQjZyXdHaaezJrfHT6GNwDb1W6DuQvL7DwHQ
testuser_0041,100301,eyJhbGciOiJIUzUxMiJ9.eyJzdWIiOiJ0ZXN0dXNlcl8wMDQxIiwicm9sZXMiOiJST0xFX1VTRVIiLCJleHAiOjE3ODcxMTU0NzksInVzZXJJZCI6IjQxIiwiaWF0IjoxNzg3MDI5MDc5fQ.yZa-wTSXaZiKCT95Fh86Or6Wzy1V6XJEzF-l45a2pKkCt1AHLRO6wvAphS8E_gBtlrWH3y01ccGib-6Vdfvi4g
testuser_0502,100302,eyJhbGciOiJIUzUxMiJ9.eyJzdWIiOiJ0ZXN0dXNlcl8wNTAyIiwicm9sZXMiOiJST0xFX1VTRVIiLCJleHAiOjE3ODcxMTU0NzksInVzZXJJZCI6IjUwMiIsImlhdCI6MTc4NzAyOTA3OX0.uomXsLAvQleYKSOzwvvrB9rIvqgHH-iBGfLFXEI9ebxhLrQg6rjNQhkZMJ7YngVOCcTZfesjLPJHnLf1jVxwTg
testuser_0717,100303,eyJhbGciOiJIUzUxMiJ9.eyJzdWIiOiJ0ZXN0dXNlcl8wNzE3Iiwicm9sZXMiOiJST0xFX1VTRVIiLCJleHAiOjE3ODcxMTU0NzksInVzZXJJZCI6IjcxNyIsImlhdCI6MTc4NzAyOTA3OX0.6PXbV1mOK3aFjqSHSGxCbZbWCT0YthjGs_RY5fWIFcRHjrPQ0n03n8kf9gs0VV7BWdzk6ATIyVrjToeCYVbd0w
testuser_0687,100304,eyJhbGciOiJIUzUxMiJ9.eyJzdWIiOiJ0ZXN0dXNlcl8wNjg3Iiwicm9sZXMiOiJST0xFX1VTRVIiLCJleHAiOjE3ODcxMTU0NzksInVzZXJJZCI6IjY4NyIsImlhdCI6MTc4NzAyOTA3OX0.S55_1lXGcxPdn2eLofgpPo-GSCH7luDKzkxzDYwsj_NmnQBlspePMnOcycik4ox0ZlEl7l6pAg9csnXv-y780w
testuser_0206,100305,eyJhbGciOiJIUzUxMiJ9.eyJzdWIiOiJ0ZXN0dXNlcl8wMjA2Iiwicm9sZXMiOiJST0xFX1VTRVIiLCJleHAiOjE3ODcxMTU0NzksInVzZXJJZCI6IjIwNiIsImlhdCI6MTc4NzAyOTA3OX0.aTNegJf0eDJa6wwJPtv8WH9lxmFdWpFykMxgpQ4ExXk3wmWvv4ZRrPJp6chyfDGCLvSOq2zUhwgak1X0WSIkaQ
testuser_0393,100306,eyJhbGciOiJIUzUxMiJ9.eyJzdWIiOiJ0ZXN0dXNlcl8wMzkzIiwicm9sZXMiOiJST0xFX1VTRVIiLCJleHAiOjE3ODcxMTU0NzksInVzZXJJZCI6IjM5MyIsImlhdCI6MTc4NzAyOTA3OX0.-A7anMtnakfff3G78tUWal59KkfTLv1AMBBL3ZyKXj-njCy78bI7RZ9pIyZx7P_Vljw272boCPXN1DdBplPwVQ
testuser_0014,100308,eyJhbGciOiJIUzUxMiJ9.eyJzdWIiOiJ0ZXN0dXNlcl8wMDE0Iiwicm9sZXMiOiJST0xFX1VTRVIiLCJleHAiOjE3ODcxMTU0NzksInVzZXJJZCI6IjE0IiwiaWF0IjoxNzg3MDI5MDc5fQ.9sj3NUOfClHr-mxB9yhykmkYFSzuBpvKT540UjYRRZMxSzI663FRHHyLkJBIjuLAFGJLfFnSvzXpEGlWzPFuig
testuser_1000,100309,eyJhbGciOiJIUzUxMiJ9.eyJzdWIiOiJ0ZXN0dXNlcl8xMDAwIiwicm9sZXMiOiJST0xFX1VTRVIiLCJleHAiOjE3ODcxMTU0NzksInVzZXJJZCI6IjEwMDAiLCJpYXQiOjE3ODcwMjkwNzl9.OpiKHWTpBHAOXg1hNnGjGqTC9zf--lurO2XBK7_4xrO8Xl6xRU2yERGT31VRdkykSl8q5uhDNrdphVTxZDoGBg
testuser_0957,100311,eyJhbGciOiJIUzUxMiJ9.eyJzdWIiOiJ0ZXN0dXNlcl8wOTU3Iiwicm9sZXMiOiJST0xFX1VTRVIiLCJleHAiOjE3ODcxMTU0NzksInVzZXJJZCI6Ijk1NyIsImlhdCI6MTc4NzAyOTA3OX0.0B1jc_0lY_exb0cj0DDnk069_nS51atC4bdHdyA4EZKprme8BFcjcvGhVtCk57GGOCfBBJksdXbnEC09JZXLEQ
testuser_0818,100312,eyJhbGciOiJIUzUxMiJ9.eyJzdWIiOiJ0ZXN0dXNlcl8wODE4Iiwicm9sZXMiOiJST0xFX1VTRVIiLCJleHAiOjE3ODcxMTU0NzksInVzZXJJZCI6IjgxOCIsImlhdCI6MTc4NzAyOTA3OX0.4mHF18QbI_Cbb6l0gO3NJrv52RlNI_KSnIrf6EF7up11UoqyiAwQ5spPemloiYrUsdLnyxqt9DUDCML3rGbjBw
testuser_0969,100313,eyJhbGciOiJIUzUxMiJ9.eyJzdWIiOiJ0ZXN0dXNlcl8wOTY5Iiwicm9sZXMiOiJST0xFX1VTRVIiLCJleHAiOjE3ODcxMTU0ODAsInVzZXJJZCI6Ijk2OSIsImlhdCI6MTc4NzAyOTA4MH0.dkVJrZDrXJZe6TzEZbaPuClo6UlBVFIuxs7QibNaf1mWES8CNbFmB-gj4r8gIB3rEtUnNze-r15SqkstOsmJxQ
testuser_0167,100314,eyJhbGciOiJIUzUxMiJ9.eyJzdWIiOiJ0ZXN0dXNlcl8wMTY3Iiwicm9sZXMiOiJST0xFX1VTRVIiLCJleHAiOjE3ODcxMTU0ODAsInVzZXJJZCI6IjE2NyIsImlhdCI6MTc4NzAyOTA4MH0.5DuiucV_nX9UOsnQDwUkPWZCkrfcL27N63tkM6yKzTnmW55Dvj2AajbT6fhtVvByu0HewQcE7cscCSS2ofPnTg
testuser_0544,100315,eyJhbGciOiJIUzUxMiJ9.eyJzdWIiOiJ0ZXN0dXNlcl8wNTQ0Iiwicm9sZXMiOiJST0xFX1VTRVIiLCJleHAiOjE3ODcxMTU0ODAsInVzZXJJZCI6IjU0NCIsImlhdCI6MTc4NzAyOTA4MH0.m6QnAt1DCxcleL8iNQOMfpq7Ik66Qo7UPhuiT2dgiLZL1328SgYbJpgyFHOlpWH4THbmMudqLyzX6F5kxmclwQ
testuser_0105,100316,eyJhbGciOiJIUzUxMiJ9.eyJzdWIiOiJ0ZXN0dXNlcl8wMTA1Iiwicm9sZXMiOiJST0xFX1VTRVIiLCJleHAiOjE3ODcxMTU0ODAsInVzZXJJZCI6IjEwNSIsImlhdCI6MTc4NzAyOTA4MH0.x-y14e0MYrU1WJRvnjPCNMZnorOF2IGF0vIFoGE-mBRl5DSwYzSRG8vNhMz6ToHclgwsIqWDA7qHK_79dioGzA
testuser_0844,100317,eyJhbGciOiJIUzUxMiJ9.eyJzdWIiOiJ0ZXN0dXNlcl8wODQ0Iiwicm9sZXMiOiJST0xFX1VTRVIiLCJleHAiOjE3ODcxMTU0ODAsInVzZXJJZCI6Ijg0NCIsImlhdCI6MTc4NzAyOTA4MH0.OqVxGCQJbjiCfOFxmHS5QmNdb5GzoZIvkNlbswV3eetmVmv8RKTNbevkHH_URowdIhOhOt3W_tNnSJzha7MYww
testuser_0955,100318,eyJhbGciOiJIUzUxMiJ9.eyJzdWIiOiJ0ZXN0dXNlcl8wOTU1Iiwicm9sZXMiOiJST0xFX1VTRVIiLCJleHAiOjE3ODcxMTU0ODAsInVzZXJJZCI6Ijk1NSIsImlhdCI6MTc4NzAyOTA4MH0.X0SqvK2MmEa37uWlPYotEtgENllwdiVgvrxYZEs2augZ6ynTDMmBxDMl5CERvWkxx0d_JL2-bNRLNmR3j7Jzqw
testuser_0281,100319,eyJhbGciOiJIUzUxMiJ9.eyJzdWIiOiJ0ZXN0dXNlcl8wMjgxIiwicm9sZXMiOiJST0xFX1VTRVIiLCJleHAiOjE3ODcxMTU0ODAsInVzZXJJZCI6IjI4MSIsImlhdCI6MTc4NzAyOTA4MH0.ScOB3zV2zU9asBVpdkvTY2ZTkmIoUYyMqb-gx8OWwpy-wZL-JVsRc3VGQLaRHcgCzMdJ08hubddPGPVq4fHW5g
testuser_0148,100320,eyJhbGciOiJIUzUxMiJ9.eyJzdWIiOiJ0ZXN0dXNlcl8wMTQ4Iiwicm9sZXMiOiJST0xFX1VTRVIiLCJleHAiOjE3ODcxMTU0ODAsInVzZXJJZCI6IjE0OCIsImlhdCI6MTc4NzAyOTA4MH0.HZxjRe8hMytg-gS9cSitndnEMm-JZG9pWyk17M4JiOTR9Kx3F7c7Asn_PvOK_tLzwrKrfXAHPm-WmK0do3RiAA
testuser_0652,100321,eyJhbGciOiJIUzUxMiJ9.eyJzdWIiOiJ0ZXN0dXNlcl8wNjUyIiwicm9sZXMiOiJST0xFX1VTRVIiLCJleHAiOjE3ODcxMTU0ODAsInVzZXJJZCI6IjY1MiIsImlhdCI6MTc4NzAyOTA4MH0.UFPauEe1qPA0mOfPMt8P1vqkq5a4jJPxf8YNvFVDwp03CX4NDQGm07KCfUqWgTLulisfo9EVgGi6ajgKIUAJHg
testuser_0843,100322,eyJhbGciOiJIUzUxMiJ9.eyJzdWIiOiJ0ZXN0dXNlcl8wODQzIiwicm9sZXMiOiJST0xFX1VTRVIiLCJleHAiOjE3ODcxMTU0ODAsInVzZXJJZCI6Ijg0MyIsImlhdCI6MTc4NzAyOTA4MH0.1jpi2F8EWSPnu-iWtd-yk5z5TuHmNaBIID_eDa5LVu5Xint5_bbTLYYgs4t9lvovjRWtbomVuSGahV3Y79SzCg
testuser_0746,100323,eyJhbGciOiJIUzUxMiJ9.eyJzdWIiOiJ0ZXN0dXNlcl8wNzQ2Iiwicm9sZXMiOiJST0xFX1VTRVIiLCJleHAiOjE3ODcxMTU0ODAsInVzZXJJZCI6Ijc0NiIsImlhdCI6MTc4NzAyOTA4MH0.af5iTrVxSpDYFV5sh5ZFLfjj057vT7VQ_63RnEwNbxiokyGu7PN6FKYGmqcEOb8PoRQdlQjt1T5q4HMoy2N9MQ
testuser_0241,100325,eyJhbGciOiJIUzUxMiJ9.eyJzdWIiOiJ0ZXN0dXNlcl8wMjQxIiwicm9sZXMiOiJST0xFX1VTRVIiLCJleHAiOjE3ODcxMTU0ODEsInVzZXJJZCI6IjI0MSIsImlhdCI6MTc4NzAyOTA4MX0.fEOIU5c42c5dUxLO8GrZE82SogWdOVBdBvHpz79ZMoAK14ig-9AEwzGNY0nnL6F-EECLCBw0oZCtRrz2s81jrw
testuser_0620,100326,eyJhbGciOiJIUzUxMiJ9.eyJzdWIiOiJ0ZXN0dXNlcl8wNjIwIiwicm9sZXMiOiJST0xFX1VTRVIiLCJleHAiOjE3ODcxMTU0ODEsInVzZXJJZCI6IjYyMCIsImlhdCI6MTc4NzAyOTA4MX0.wDcE_y4TjeYvK14QLpQbaJVR88nSX0RxWCyMHUgZXWwpNf7ufg9dN25pJZmfhvxGIxoLUBLzgsRWZPvwPCse8A
testuser_0785,100327,eyJhbGciOiJIUzUxMiJ9.eyJzdWIiOiJ0ZXN0dXNlcl8wNzg1Iiwicm9sZXMiOiJST0xFX1VTRVIiLCJleHAiOjE3ODcxMTU0ODEsInVzZXJJZCI6Ijc4NSIsImlhdCI6MTc4NzAyOTA4MX0.m8cmQs2I8wdbxv0_rEpbziKlDErDm1i-0B73IMm1JqMlmHDjiAFxQNNyieV0ioBbYGa1fRWNo0j_Gyki6OneIw
testuser_0118,100329,eyJhbGciOiJIUzUxMiJ9.eyJzdWIiOiJ0ZXN0dXNlcl8wMTE4Iiwicm9sZXMiOiJST0xFX1VTRVIiLCJleHAiOjE3ODcxMTU0ODEsInVzZXJJZCI6IjExOCIsImlhdCI6MTc4NzAyOTA4MX0.fkjQmp2biWW2jtiohmxtxnp3T499VKaJyPle1qYJKl_mwZUfeJgMqvAfoWWM3idOUrXSAzMauV18bvYUNOUdFw
testuser_0805,100330,eyJhbGciOiJIUzUxMiJ9.eyJzdWIiOiJ0ZXN0dXNlcl8wODA1Iiwicm9sZXMiOiJST0xFX1VTRVIiLCJleHAiOjE3ODcxMTU0ODEsInVzZXJJZCI6IjgwNSIsImlhdCI6MTc4NzAyOTA4MX0.Bepud_09Gdkvgj73mYQo-sOsfwjQAjqAwn3KmRrA4M43CdwY9rvVNRhRHGVcgVxDsGvWw496lWyhLrxOo0vi7g
testuser_0578,100331,eyJhbGciOiJIUzUxMiJ9.eyJzdWIiOiJ0ZXN0dXNlcl8wNTc4Iiwicm9sZXMiOiJST0xFX1VTRVIiLCJleHAiOjE3ODcxMTU0ODEsInVzZXJJZCI6IjU3OCIsImlhdCI6MTc4NzAyOTA4MX0.16f6f6_xeZTsDyTNwsw3vd_S85oPT3RbfxmRYdQJ8w1yQXi7sPP2YjY2wmmNJNcDYJmj5W56aGuDtKA7n7dVKw
testuser_0188,100332,eyJhbGciOiJIUzUxMiJ9.eyJzdWIiOiJ0ZXN0dXNlcl8wMTg4Iiwicm9sZXMiOiJST0xFX1VTRVIiLCJleHAiOjE3ODcxMTU0ODEsInVzZXJJZCI6IjE4OCIsImlhdCI6MTc4NzAyOTA4MX0.xWwIDg3LDMIAbAS9fenudFnoYY1eD3A7VLmODIPILrXrRBXBDw_LfFm7mSQXMM7eSJ_7fkre_SKO6UmtiQT8eg
testuser_0733,100333,eyJhbGciOiJIUzUxMiJ9.eyJzdWIiOiJ0ZXN0dXNlcl8wNzMzIiwicm9sZXMiOiJST0xFX1VTRVIiLCJleHAiOjE3ODcxMTU0ODEsInVzZXJJZCI6IjczMyIsImlhdCI6MTc4NzAyOTA4MX0.AgIiqBFA_7Dk93clzL_uMGK6SwUiW9_0pyihKMcXPyCcXBBynXfa2fNrXLCXZiyHzeMAjAzxPjhhgmQsyEVq5Q
testuser_0302,100334,eyJhbGciOiJIUzUxMiJ9.eyJzdWIiOiJ0ZXN0dXNlcl8wMzAyIiwicm9sZXMiOiJST0xFX1VTRVIiLCJleHAiOjE3ODcxMTU0ODEsInVzZXJJZCI6IjMwMiIsImlhdCI6MTc4NzAyOTA4MX0.2MorS63wP2ukI-9ozTdANszq4e3wOCLuVOzghcthbrN3ofPTmRYnb8g9028PDpe3pNmIPwQUY3hC4RSm9FxUbQ
testuser_0112,100335,eyJhbGciOiJIUzUxMiJ9.eyJzdWIiOiJ0ZXN0dXNlcl8wMTEyIiwicm9sZXMiOiJST0xFX1VTRVIiLCJleHAiOjE3ODcxMTU0ODEsInVzZXJJZCI6IjExMiIsImlhdCI6MTc4NzAyOTA4MX0.bJEdE8ywjuj5MD2jZzZNmt31miLOEHU2YuhyDiHkYyPH9kiPyoWOjxahWBFIgiHMHsAK_ADZ2cX6lwYGUSPHDA
testuser_0994,100336,eyJhbGciOiJIUzUxMiJ9.eyJzdWIiOiJ0ZXN0dXNlcl8wOTk0Iiwicm9sZXMiOiJST0xFX1VTRVIiLCJleHAiOjE3ODcxMTU0ODEsInVzZXJJZCI6Ijk5NCIsImlhdCI6MTc4NzAyOTA4MX0.IxJOkxTHfEI7rqHVN249MCdQe4Ol0nbg4G3sJwbnySq5CY4FfMkVFT4Mox-ZL0E_rJ6jedxp8cx8-GBAW-L51w
testuser_0899,100337,eyJhbGciOiJIUzUxMiJ9.eyJzdWIiOiJ0ZXN0dXNlcl8wODk5Iiwicm9sZXMiOiJST0xFX1VTRVIiLCJleHAiOjE3ODcxMTU0ODIsInVzZXJJZCI6Ijg5OSIsImlhdCI6MTc4NzAyOTA4Mn0.Rnnlv3IPxa-mubVy6aho0K4Q52BqgoPETLvTNL7sUjkYn3ebSnWraXT6LrTlOkWFa7yCEJf4BiyKFlY9SQs6Uw
testuser_0909,100340,eyJhbGciOiJIUzUxMiJ9.eyJzdWIiOiJ0ZXN0dXNlcl8wOTA5Iiwicm9sZXMiOiJST0xFX1VTRVIiLCJleHAiOjE3ODcxMTU0ODIsInVzZXJJZCI6IjkwOSIsImlhdCI6MTc4NzAyOTA4Mn0.XdJm16e5gbhj4bfwRfndk_g0d1yB-7zRWpC8-cURlJWi2PdqMzxeVzWdJ39i2H2_Nx7oIt0iHX2GLaqqwYOfHw
testuser_0475,100342,eyJhbGciOiJIUzUxMiJ9.eyJzdWIiOiJ0ZXN0dXNlcl8wNDc1Iiwicm9sZXMiOiJST0xFX1VTRVIiLCJleHAiOjE3ODcxMTU0ODIsInVzZXJJZCI6IjQ3NSIsImlhdCI6MTc4NzAyOTA4Mn0.TQ1PM3j0mOiThAT1-HNS_Lryu2dixA14ecqH1HAT6YuuZWgFDfsWBNovDWRW29aZfMyV1dfpKwFAL2KCX-7CQw
testuser_0861,100343,eyJhbGciOiJIUzUxMiJ9.eyJzdWIiOiJ0ZXN0dXNlcl8wODYxIiwicm9sZXMiOiJST0xFX1VTRVIiLCJleHAiOjE3ODcxMTU0ODIsInVzZXJJZCI6Ijg2MSIsImlhdCI6MTc4NzAyOTA4Mn0.rpQsyR5mIHioe6mtRQ05n-gQbHQTp4UFo4WhdTQmpn7sMe1Hl53bRCb3zSCX1RAG4PMZInIicO0VW9aiA8sHOg
testuser_0317,100344,eyJhbGciOiJIUzUxMiJ9.eyJzdWIiOiJ0ZXN0dXNlcl8wMzE3Iiwicm9sZXMiOiJST0xFX1VTRVIiLCJleHAiOjE3ODcxMTU0ODIsInVzZXJJZCI6IjMxNyIsImlhdCI6MTc4NzAyOTA4Mn0.jRbLxXaUvGDVc5teAsRXiEJiMad7JTcJjsonI9IaokYHNB0OrQAHnlRMOq9b0diin0TWQMtgcO4TmJJqSwSDoA
testuser_0205,100346,eyJhbGciOiJIUzUxMiJ9.eyJzdWIiOiJ0ZXN0dXNlcl8wMjA1Iiwicm9sZXMiOiJST0xFX1VTRVIiLCJleHAiOjE3ODcxMTU0ODIsInVzZXJJZCI6IjIwNSIsImlhdCI6MTc4NzAyOTA4Mn0.11AdNXO7cXYYdrEGhyxLmrM_3aV-KrInqO8yX6HahKJez5zpocOvTjFKnnpRJtwKVsuJ8_zeGNnBMgN2xS9Nuw
testuser_0056,100347,eyJhbGciOiJIUzUxMiJ9.eyJzdWIiOiJ0ZXN0dXNlcl8wMDU2Iiwicm9sZXMiOiJST0xFX1VTRVIiLCJleHAiOjE3ODcxMTU0ODIsInVzZXJJZCI6IjU2IiwiaWF0IjoxNzg3MDI5MDgyfQ.5deWq0NFTk-qM7RvUrQw7VjpApO0IiFZoaiGSkIPmEO8c6pxPL8g3xtF_4-G0mRsdQtWPXA0naB0m2xOPO7xCw
testuser_0723,100348,eyJhbGciOiJIUzUxMiJ9.eyJzdWIiOiJ0ZXN0dXNlcl8wNzIzIiwicm9sZXMiOiJST0xFX1VTRVIiLCJleHAiOjE3ODcxMTU0ODIsInVzZXJJZCI6IjcyMyIsImlhdCI6MTc4NzAyOTA4Mn0.yfGicmqHimigMDsYepqsrSg80u8SMgq9pkdxMI016I5DY4HCVAR_85i4LI-x8r9CzWQYtOr6-Byb40dpVXGSdg
testuser_0331,100349,eyJhbGciOiJIUzUxMiJ9.eyJzdWIiOiJ0ZXN0dXNlcl8wMzMxIiwicm9sZXMiOiJST0xFX1VTRVIiLCJleHAiOjE3ODcxMTU0ODIsInVzZXJJZCI6IjMzMSIsImlhdCI6MTc4NzAyOTA4Mn0.Fw0uYQMyKWc715tM7i_N8NUzjJwuTU86uXmBkNGF5uBEQfzK0qfWcXjR3uoMgNmsMHW3VpgEHQc7VXCuuDc8-g
testuser_0891,100350,eyJhbGciOiJIUzUxMiJ9.eyJzdWIiOiJ0ZXN0dXNlcl8wODkxIiwicm9sZXMiOiJST0xFX1VTRVIiLCJleHAiOjE3ODcxMTU0ODIsInVzZXJJZCI6Ijg5MSIsImlhdCI6MTc4NzAyOTA4Mn0.8GxsgGqjiFEhMtOJbxS6HR2L-LjV3pqC1K9hSIWGK-VCpfWboR5yXMg4W70VkeLsSTyflgh8_i7PespnFdNFtQ
testuser_0169,100351,eyJhbGciOiJIUzUxMiJ9.eyJzdWIiOiJ0ZXN0dXNlcl8wMTY5Iiwicm9sZXMiOiJST0xFX1VTRVIiLCJleHAiOjE3ODcxMTU0ODMsInVzZXJJZCI6IjE2OSIsImlhdCI6MTc4NzAyOTA4M30.FwORh-neL2S5oT0yJqr1rpLCkQ-ow_Bs8o0wOVQGqVOQGOF2HAtfpC1gFVphib7TchBNEzFv5v7JtokQfgPUZQ
testuser_0569,100352,eyJhbGciOiJIUzUxMiJ9.eyJzdWIiOiJ0ZXN0dXNlcl8wNTY5Iiwicm9sZXMiOiJST0xFX1VTRVIiLCJleHAiOjE3ODcxMTU0ODMsInVzZXJJZCI6IjU2OSIsImlhdCI6MTc4NzAyOTA4M30.hWuB8o5Ka7slu9aOL8zKEU_l6wQlJ8Uc19atT-LwFI2IQeIcqtd30ef9RAuQU4hTBGGNyWm6gWZRdw1mIc1MCA
testuser_0786,100353,eyJhbGciOiJIUzUxMiJ9.eyJzdWIiOiJ0ZXN0dXNlcl8wNzg2Iiwicm9sZXMiOiJST0xFX1VTRVIiLCJleHAiOjE3ODcxMTU0ODMsInVzZXJJZCI6Ijc4NiIsImlhdCI6MTc4NzAyOTA4M30.cZ2rXmKnSwH3WPpFYVElreFACfmRvPdBtK4M7dhCHjVKSxcAPeMnYjG_WQP6E9-Kb7DT-OghtbrHeAhTOJou6w
testuser_0653,100354,eyJhbGciOiJIUzUxMiJ9.eyJzdWIiOiJ0ZXN0dXNlcl8wNjUzIiwicm9sZXMiOiJST0xFX1VTRVIiLCJleHAiOjE3ODcxMTU0ODMsInVzZXJJZCI6IjY1MyIsImlhdCI6MTc4NzAyOTA4M30.Zuzsd70_VAVIHwpKJUgd3EqKw-xI6vWAJ2DeZxht15BwabdG-74A-CnHIb0rhqSPO4LGM5sJ6F7XE0ZL4ZIz0w
testuser_0506,100357,eyJhbGciOiJIUzUxMiJ9.eyJzdWIiOiJ0ZXN0dXNlcl8wNTA2Iiwicm9sZXMiOiJST0xFX1VTRVIiLCJleHAiOjE3ODcxMTU0ODMsInVzZXJJZCI6IjUwNiIsImlhdCI6MTc4NzAyOTA4M30.V7_1gCQ8rqmmX0-Afmv_dOyJZRMmzs20IcRM_ik4_mhtMiKC0ggzaMzE67MoaVfpu1cyDo5hmGDOrAa6vdhXJg
testuser_0922,100359,eyJhbGciOiJIUzUxMiJ9.eyJzdWIiOiJ0ZXN0dXNlcl8wOTIyIiwicm9sZXMiOiJST0xFX1VTRVIiLCJleHAiOjE3ODcxMTU0ODMsInVzZXJJZCI6IjkyMiIsImlhdCI6MTc4NzAyOTA4M30.kDJe1kV9sECiY2nWRRFF1qf1_oIqX6zqzktL7fBC8-_C-URzPYT2eEUFZgqc7DOYnM6cserYEdMnCgw6Ag76SQ
testuser_0445,100360,eyJhbGciOiJIUzUxMiJ9.eyJzdWIiOiJ0ZXN0dXNlcl8wNDQ1Iiwicm9sZXMiOiJST0xFX1VTRVIiLCJleHAiOjE3ODcxMTU0ODMsInVzZXJJZCI6IjQ0NSIsImlhdCI6MTc4NzAyOTA4M30.Dcc7CWI5F3UGwCtr-wvZWxamqQfeQx5SW5ZmMNKepN7zn2T_2bkfLbP5v4Yyx5rnDdFsf1KWGs7xcJCDD52Z3A
testuser_0015,100361,eyJhbGciOiJIUzUxMiJ9.eyJzdWIiOiJ0ZXN0dXNlcl8wMDE1Iiwicm9sZXMiOiJST0xFX1VTRVIiLCJleHAiOjE3ODcxMTU0ODMsInVzZXJJZCI6IjE1IiwiaWF0IjoxNzg3MDI5MDgzfQ.4zFHtG4rJcHSRJykgoNC30cch--YbTlcz5oUGwejLe86MewfQK4jvSy6oQm7eRf-rbIFLMuOakRh5jkQD7euCw
testuser_0344,100362,eyJhbGciOiJIUzUxMiJ9.eyJzdWIiOiJ0ZXN0dXNlcl8wMzQ0Iiwicm9sZXMiOiJST0xFX1VTRVIiLCJleHAiOjE3ODcxMTU0ODMsInVzZXJJZCI6IjM0NCIsImlhdCI6MTc4NzAyOTA4M30.5Gsr-4En3VIafzQ7z9PayJVAo4c9_v7stwl77GX2VORQH1Vp-ovkse3hAO_Y1bk1kpvt2iD37BrJ2SzOzRRVdw
testuser_0669,100364,eyJhbGciOiJIUzUxMiJ9.eyJzdWIiOiJ0ZXN0dXNlcl8wNjY5Iiwicm9sZXMiOiJST0xFX1VTRVIiLCJleHAiOjE3ODcxMTU0ODMsInVzZXJJZCI6IjY2OSIsImlhdCI6MTc4NzAyOTA4M30.YTG91k-kO2rs0lGESf277lLdGQK17OYP26pn_zndWIT3SAPFAnB-1RMXFyBkQwIYp3_QF8wbs6nA8TvVigGoGw
testuser_0810,100365,eyJhbGciOiJIUzUxMiJ9.eyJzdWIiOiJ0ZXN0dXNlcl8wODEwIiwicm9sZXMiOiJST0xFX1VTRVIiLCJleHAiOjE3ODcxMTU0ODMsInVzZXJJZCI6IjgxMCIsImlhdCI6MTc4NzAyOTA4M30.AlrqkWYaggROHF8DeKScjOGyW9Xq6fk4_rqGDGcjwDvG7KrDpSC2cfvvH00fW-A0uIDFViHZ09U_izVOLGTrXQ
testuser_0143,100366,eyJhbGciOiJIUzUxMiJ9.eyJzdWIiOiJ0ZXN0dXNlcl8wMTQzIiwicm9sZXMiOiJST0xFX1VTRVIiLCJleHAiOjE3ODcxMTU0ODQsInVzZXJJZCI6IjE0MyIsImlhdCI6MTc4NzAyOTA4NH0.QvAAHoQGm-rS7A2BRiypsklyLofVibddpk9Dmim-TBrGqEJFmmLR3tzz2Aa9xNjll4p0iFztZ0AjjfpgQHJJ0w
testuser_0534,100368,eyJhbGciOiJIUzUxMiJ9.eyJzdWIiOiJ0ZXN0dXNlcl8wNTM0Iiwicm9sZXMiOiJST0xFX1VTRVIiLCJleHAiOjE3ODcxMTU0ODQsInVzZXJJZCI6IjUzNCIsImlhdCI6MTc4NzAyOTA4NH0.B-1CdlpMBtutdWXwdzbQm4x8NRBVxW48lCgQctSeksTPYd5pM7IU5M_fqrr3QYrYaC17nXGZ5v1w8xZsn4mm3Q
testuser_0580,100370,eyJhbGciOiJIUzUxMiJ9.eyJzdWIiOiJ0ZXN0dXNlcl8wNTgwIiwicm9sZXMiOiJST0xFX1VTRVIiLCJleHAiOjE3ODcxMTU0ODQsInVzZXJJZCI6IjU4MCIsImlhdCI6MTc4NzAyOTA4NH0.nK3fXCy8UglbQ1ZO0BTxw5QjbCuoEQvXQLVRuxvfvO9iSlWqOxVJsSBxUn9J4u7aqtQFc7qDRyhfrPmuSQxXrQ
testuser_0299,100371,eyJhbGciOiJIUzUxMiJ9.eyJzdWIiOiJ0ZXN0dXNlcl8wMjk5Iiwicm9sZXMiOiJST0xFX1VTRVIiLCJleHAiOjE3ODcxMTU0ODQsInVzZXJJZCI6IjI5OSIsImlhdCI6MTc4NzAyOTA4NH0.amHv0hLi9j8BXfR2ow3l-Kmkotjejj6UcB8lF3Kadaif_ZNdgT_urLpW-sNMk2bWlmDE5qMyYpcG-lHyBqaBvg
testuser_0194,100372,eyJhbGciOiJIUzUxMiJ9.eyJzdWIiOiJ0ZXN0dXNlcl8wMTk0Iiwicm9sZXMiOiJST0xFX1VTRVIiLCJleHAiOjE3ODcxMTU0ODQsInVzZXJJZCI6IjE5NCIsImlhdCI6MTc4NzAyOTA4NH0.ViSk5zYxksbjv8wRh_0kx1o9lth6jmqV8NBcM_3A-If2T7omDo8JZG_nrUqlb7k2BYMh0zo2xn_XgeJ_6_acJA
testuser_0803,100373,eyJhbGciOiJIUzUxMiJ9.eyJzdWIiOiJ0ZXN0dXNlcl8wODAzIiwicm9sZXMiOiJST0xFX1VTRVIiLCJleHAiOjE3ODcxMTU0ODQsInVzZXJJZCI6IjgwMyIsImlhdCI6MTc4NzAyOTA4NH0.CYlRmgugJ0fIVj53x9wz5vNFN5B1Ey9rgnkVXCdjIejaZIcuHY1nzlGQbAOusJrwtYxlJ0RHiBWoB71ZuuqprQ
testuser_0336,100375,eyJhbGciOiJIUzUxMiJ9.eyJzdWIiOiJ0ZXN0dXNlcl8wMzM2Iiwicm9sZXMiOiJST0xFX1VTRVIiLCJleHAiOjE3ODcxMTU0ODQsInVzZXJJZCI6IjMzNiIsImlhdCI6MTc4NzAyOTA4NH0.zuj7BOX0i1fvAuktRm5YiBTqAB_xs1tGXR7oorLIGaPpIzv3Ph6OXTZHyIWlJPFrfyl6QTYWzJFakIaxceRelA
testuser_0434,100377,eyJhbGciOiJIUzUxMiJ9.eyJzdWIiOiJ0ZXN0dXNlcl8wNDM0Iiwicm9sZXMiOiJST0xFX1VTRVIiLCJleHAiOjE3ODcxMTU0ODQsInVzZXJJZCI6IjQzNCIsImlhdCI6MTc4NzAyOTA4NH0.-Y9wKWzBXNz3XVVr4nuF_R7P6XbQS2NMH0qkJpb5u0Kx23PEpWu5gJAJGHmSE4is4NP_P42TJQ2mrTstHTe58g
testuser_0794,100381,eyJhbGciOiJIUzUxMiJ9.eyJzdWIiOiJ0ZXN0dXNlcl8wNzk0Iiwicm9sZXMiOiJST0xFX1VTRVIiLCJleHAiOjE3ODcxMTU0ODQsInVzZXJJZCI6Ijc5NCIsImlhdCI6MTc4NzAyOTA4NH0.dVv5JeKiRElbqkBOnbyU7K4zFUcPKHBKcBQ7zfDw1aBiAULs8wTe-ZwQ3GsSvh5XZ_7LcugSCb4BfHm-3nMXoQ
testuser_0707,100383,eyJhbGciOiJIUzUxMiJ9.eyJzdWIiOiJ0ZXN0dXNlcl8wNzA3Iiwicm9sZXMiOiJST0xFX1VTRVIiLCJleHAiOjE3ODcxMTU0ODQsInVzZXJJZCI6IjcwNyIsImlhdCI6MTc4NzAyOTA4NH0.RG8V2-yEkGOn8UJRVlhFQ6ewnormy8pyS_tx6qZvzaYMvVwNoWPmLCKwFOwOe4ZQkQkxWy5GCSuGB-xOMLGCZg
testuser_0072,100384,eyJhbGciOiJIUzUxMiJ9.eyJzdWIiOiJ0ZXN0dXNlcl8wMDcyIiwicm9sZXMiOiJST0xFX1VTRVIiLCJleHAiOjE3ODcxMTU0ODQsInVzZXJJZCI6IjcyIiwiaWF0IjoxNzg3MDI5MDg0fQ.MpItvBiZy7sOCFoXBDpVJyFJLprpl0mO_0YYRzOW5nZmXYs9RAA_DOnmR4rV-Zsr5KolLtWSwBRJ7CvwvMDFgg
testuser_0596,100385,eyJhbGciOiJIUzUxMiJ9.eyJzdWIiOiJ0ZXN0dXNlcl8wNTk2Iiwicm9sZXMiOiJST0xFX1VTRVIiLCJleHAiOjE3ODcxMTU0ODUsInVzZXJJZCI6IjU5NiIsImlhdCI6MTc4NzAyOTA4NX0.GjCp6sgXGy68RaymqejxY6RE-VnYBbIJuPDqRE-FOQHbNLqEV22PhhE2WVO0DiDRLi1muu1XB6gHlxpuAngN0Q
testuser_0812,100386,eyJhbGciOiJIUzUxMiJ9.eyJzdWIiOiJ0ZXN0dXNlcl8wODEyIiwicm9sZXMiOiJST0xFX1VTRVIiLCJleHAiOjE3ODcxMTU0ODUsInVzZXJJZCI6IjgxMiIsImlhdCI6MTc4NzAyOTA4NX0.mv1s-kFoJ26hX4L7piQa-6iJ5rTzjWKFnZLsT-KZ3HgHcPheOFkS22G3lGke7o7Ncu5H_vupJtVqHapLSNYSZQ
testuser_0806,100387,eyJhbGciOiJIUzUxMiJ9.eyJzdWIiOiJ0ZXN0dXNlcl8wODA2Iiwicm9sZXMiOiJST0xFX1VTRVIiLCJleHAiOjE3ODcxMTU0ODUsInVzZXJJZCI6IjgwNiIsImlhdCI6MTc4NzAyOTA4NX0.ZPfxy-hjtaCtxQk_gCln5Uq-Ohz2CEXizfwBEONu_0aoxwKUWfrhQlfuwsht0-bU_RDFW785mFF0VIb8xvJ3CQ
testuser_0908,100389,eyJhbGciOiJIUzUxMiJ9.eyJzdWIiOiJ0ZXN0dXNlcl8wOTA4Iiwicm9sZXMiOiJST0xFX1VTRVIiLCJleHAiOjE3ODcxMTU0ODUsInVzZXJJZCI6IjkwOCIsImlhdCI6MTc4NzAyOTA4NX0.pDMJ_gxJgAK_THBHqnv7WmUhcOdr2odCvjPHjFCzAwOLV6fTxiNuIBh4NbHHjaXEqFd8nE78XhCZRRv_DSrcpQ
testuser_0274,100393,eyJhbGciOiJIUzUxMiJ9.eyJzdWIiOiJ0ZXN0dXNlcl8wMjc0Iiwicm9sZXMiOiJST0xFX1VTRVIiLCJleHAiOjE3ODcxMTU0ODUsInVzZXJJZCI6IjI3NCIsImlhdCI6MTc4NzAyOTA4NX0.yPYG5jJEf_ySgGQidLWnrNv-SbYw1GzTOklUTx05CguLCQpGxlXY8LqbXp622wUH2Qfz7qd9ZSfrbMI3WJHqaw
testuser_0649,100395,eyJhbGciOiJIUzUxMiJ9.eyJzdWIiOiJ0ZXN0dXNlcl8wNjQ5Iiwicm9sZXMiOiJST0xFX1VTRVIiLCJleHAiOjE3ODcxMTU0ODUsInVzZXJJZCI6IjY0OSIsImlhdCI6MTc4NzAyOTA4NX0.PQsPONPAvPoyhkFgAV7jhi1dRn3EvSVRuj5pjcLhD1FJig9y5QLnxCDhgqjMnLzjWbYF5ATM5WJqWG91ncUSgw
testuser_0737,100397,eyJhbGciOiJIUzUxMiJ9.eyJzdWIiOiJ0ZXN0dXNlcl8wNzM3Iiwicm9sZXMiOiJST0xFX1VTRVIiLCJleHAiOjE3ODcxMTU0ODUsInVzZXJJZCI6IjczNyIsImlhdCI6MTc4NzAyOTA4NX0.FrwrUIYqEPvaWQDF4q5iqyN47Seg6nPGeG5nIux85PnnhtHoPub85zoyD4CSzya084jlH1IkWzrH0m_fujygrg
testuser_0558,100398,eyJhbGciOiJIUzUxMiJ9.eyJzdWIiOiJ0ZXN0dXNlcl8wNTU4Iiwicm9sZXMiOiJST0xFX1VTRVIiLCJleHAiOjE3ODcxMTU0ODUsInVzZXJJZCI6IjU1OCIsImlhdCI6MTc4NzAyOTA4NX0.ud5rShEepbxgFAIopV6bDh3RgCZQTUynmGkDc_oyqUz72oB_vO6-Eys2RCEDb-hWVIrtv__bLH9Ksha1d4_cmw
testuser_0125,100399,eyJhbGciOiJIUzUxMiJ9.eyJzdWIiOiJ0ZXN0dXNlcl8wMTI1Iiwicm9sZXMiOiJST0xFX1VTRVIiLCJleHAiOjE3ODcxMTU0ODUsInVzZXJJZCI6IjEyNSIsImlhdCI6MTc4NzAyOTA4NX0.ziMAtuHYy8K5tULGZsrIMrU4cPT_n5yehoqqDvI-JpqlZh5hylYpgjQNgMVPxx3X3hb9rWqy8bhZuS1WKazpcQ
testuser_0894,100400,eyJhbGciOiJIUzUxMiJ9.eyJzdWIiOiJ0ZXN0dXNlcl8wODk0Iiwicm9sZXMiOiJST0xFX1VTRVIiLCJleHAiOjE3ODcxMTU0ODUsInVzZXJJZCI6Ijg5NCIsImlhdCI6MTc4NzAyOTA4NX0.2qCKI-raemrQCWVP3eyYczVNeeewqtG3GPI7Z3vE_Y6yqqFdcxZ9gGFfiQbSaJtw_WyGu0KAPfJbohvOC4eTIw
testuser_0264,100401,eyJhbGciOiJIUzUxMiJ9.eyJzdWIiOiJ0ZXN0dXNlcl8wMjY0Iiwicm9sZXMiOiJST0xFX1VTRVIiLCJleHAiOjE3ODcxMTU0ODUsInVzZXJJZCI6IjI2NCIsImlhdCI6MTc4NzAyOTA4NX0.zot0175m8hYGHMjd6qymMg9UF-NokWFoyvCrIRp3_0okoiYRK2QSb9O2Glc9w2_dxFk44clrkhzgd6RhDJwiWQ
testuser_0322,100402,eyJhbGciOiJIUzUxMiJ9.eyJzdWIiOiJ0ZXN0dXNlcl8wMzIyIiwicm9sZXMiOiJST0xFX1VTRVIiLCJleHAiOjE3ODcxMTU0ODYsInVzZXJJZCI6IjMyMiIsImlhdCI6MTc4NzAyOTA4Nn0.cdMHzPYwwi9DfR4B1KwkqxsMS0_0NC4mmvHCXy-VBEhTIeJIUgfM0umJhfZ_VzJM_QX2CqeZRY0NbItpLVH5FQ
testuser_0927,100403,eyJhbGciOiJIUzUxMiJ9.eyJzdWIiOiJ0ZXN0dXNlcl8wOTI3Iiwicm9sZXMiOiJST0xFX1VTRVIiLCJleHAiOjE3ODcxMTU0ODYsInVzZXJJZCI6IjkyNyIsImlhdCI6MTc4NzAyOTA4Nn0.J52qU6tCuiHSdsQmAmSrSKovq7r8WzWT9iW9e2YdlmRz8inoRZfs3h8JXLbn-GiiDylnyBNr4yqFqpDgJ0AJLQ
testuser_0681,100404,eyJhbGciOiJIUzUxMiJ9.eyJzdWIiOiJ0ZXN0dXNlcl8wNjgxIiwicm9sZXMiOiJST0xFX1VTRVIiLCJleHAiOjE3ODcxMTU0ODYsInVzZXJJZCI6IjY4MSIsImlhdCI6MTc4NzAyOTA4Nn0.3Mrhzp6U3QvBq6Vu0DrlIE4pDBsVxk29O5jNqgJMlv8r2kdCadAr5-Dp1v3fz35-KryzP_SulskwDUOpgXtLiA
testuser_0462,100406,eyJhbGciOiJIUzUxMiJ9.eyJzdWIiOiJ0ZXN0dXNlcl8wNDYyIiwicm9sZXMiOiJST0xFX1VTRVIiLCJleHAiOjE3ODcxMTU0ODYsInVzZXJJZCI6IjQ2MiIsImlhdCI6MTc4NzAyOTA4Nn0.TVjx1dMaZPPox3j_fv47U0gBVl5eZHqOHAZ_MUAsL6N3eqA756WoWuhm8tX7lP6_-H6aItAUJ0r2n1clelICBg
testuser_0387,100410,eyJhbGciOiJIUzUxMiJ9.eyJzdWIiOiJ0ZXN0dXNlcl8wMzg3Iiwicm9sZXMiOiJST0xFX1VTRVIiLCJleHAiOjE3ODcxMTU0ODYsInVzZXJJZCI6IjM4NyIsImlhdCI6MTc4NzAyOTA4Nn0.seLgZgMMgsHTv_dvkzowV-nnmk8FuXFH8UPVY7y34kg2b3kIR7liaEcIqeAGzk1NvojTwGwzDZPnq-Fl2rLa-A
testuser_0960,100411,eyJhbGciOiJIUzUxMiJ9.eyJzdWIiOiJ0ZXN0dXNlcl8wOTYwIiwicm9sZXMiOiJST0xFX1VTRVIiLCJleHAiOjE3ODcxMTU0ODYsInVzZXJJZCI6Ijk2MCIsImlhdCI6MTc4NzAyOTA4Nn0.EhKz4JNLwKqLgNsVV7fzlyNpIglb4plhPYtkqiQg35UTrdlGMaxWW_0zM7YdIjP__IvpBh0R30TRbcFtsu8WhA
testuser_0076,100413,eyJhbGciOiJIUzUxMiJ9.eyJzdWIiOiJ0ZXN0dXNlcl8wMDc2Iiwicm9sZXMiOiJST0xFX1VTRVIiLCJleHAiOjE3ODcxMTU0ODYsInVzZXJJZCI6Ijc2IiwiaWF0IjoxNzg3MDI5MDg2fQ.95u25m5ExR377M8rWz3A5hX4wf9e7CWvV-vGFy-k-fSXimTG1QbwLxr3gU8mcKHgiTl_WxVHAMy_0JAAJMd4Kg
testuser_0436,100414,eyJhbGciOiJIUzUxMiJ9.eyJzdWIiOiJ0ZXN0dXNlcl8wNDM2Iiwicm9sZXMiOiJST0xFX1VTRVIiLCJleHAiOjE3ODcxMTU0ODYsInVzZXJJZCI6IjQzNiIsImlhdCI6MTc4NzAyOTA4Nn0.SKFpNWJxXnBUE_JOntw8ETmgPmVjLbeG2Edbm7Xe3K_yr_bE8E1od4bqERp0e123mpwFSOIsprDn4V3W57ztDQ
testuser_0052,100415,eyJhbGciOiJIUzUxMiJ9.eyJzdWIiOiJ0ZXN0dXNlcl8wMDUyIiwicm9sZXMiOiJST0xFX1VTRVIiLCJleHAiOjE3ODcxMTU0ODYsInVzZXJJZCI6IjUyIiwiaWF0IjoxNzg3MDI5MDg2fQ.p7n0eDQ2gzJKjbME1cdKvgwEOIs_cYB0CA0syiByhrcZRIPuPyznsIx3p2AchvGcIAN88wwDAt7WpMvtCJXDSA
testuser_0139,100416,eyJhbGciOiJIUzUxMiJ9.eyJzdWIiOiJ0ZXN0dXNlcl8wMTM5Iiwicm9sZXMiOiJST0xFX1VTRVIiLCJleHAiOjE3ODcxMTU0ODYsInVzZXJJZCI6IjEzOSIsImlhdCI6MTc4NzAyOTA4Nn0.W-rPZLJMsIa8ApzumWSejqbJw40igUfbAEwK8qxdR9l4UPtk7keLfhfdemdur932qCXTv4f3BUSjN6OFXF_0tQ
testuser_0952,100417,eyJhbGciOiJIUzUxMiJ9.eyJzdWIiOiJ0ZXN0dXNlcl8wOTUyIiwicm9sZXMiOiJST0xFX1VTRVIiLCJleHAiOjE3ODcxMTU0ODYsInVzZXJJZCI6Ijk1MiIsImlhdCI6MTc4NzAyOTA4Nn0.LKP3RdYFLkDIPEgCQOq0j5lO-Qu6JYT_mhf9DMuVLIxrsXVKkY0m8h6-FNOpPCKozW-l7Ui3nKTgpEH0zB1Qqw
testuser_0097,100418,eyJhbGciOiJIUzUxMiJ9.eyJzdWIiOiJ0ZXN0dXNlcl8wMDk3Iiwicm9sZXMiOiJST0xFX1VTRVIiLCJleHAiOjE3ODcxMTU0ODcsInVzZXJJZCI6Ijk3IiwiaWF0IjoxNzg3MDI5MDg3fQ.RTE-r7m70mNySWfr6--inlZ6Wnae8c5sCK9iqDXqM-Alzp2KKsyO-J-b_dD80yk5A1KqCyUCL3v2s2f8VoTz4Q
testuser_0796,100419,eyJhbGciOiJIUzUxMiJ9.eyJzdWIiOiJ0ZXN0dXNlcl8wNzk2Iiwicm9sZXMiOiJST0xFX1VTRVIiLCJleHAiOjE3ODcxMTU0ODcsInVzZXJJZCI6Ijc5NiIsImlhdCI6MTc4NzAyOTA4N30.Q4CbjbxIYnQHimvL_JOHVY_GXkGy0eZAU64n9mfeigO5pcXi9YXXSVIMyU8KBjceMX9JGe_zkwtKqWaESUSaNA
testuser_0581,100420,eyJhbGciOiJIUzUxMiJ9.eyJzdWIiOiJ0ZXN0dXNlcl8wNTgxIiwicm9sZXMiOiJST0xFX1VTRVIiLCJleHAiOjE3ODcxMTU0ODcsInVzZXJJZCI6IjU4MSIsImlhdCI6MTc4NzAyOTA4N30.LrLK4tQv8C7UCvnm_qxSt5cBCRkwwUWFJIlvY38Uw3WRNKjMFDVkQ7_-eHYOmnNkQAPN2uKGJTG-tpEM9iz5AA
testuser_0149,100421,eyJhbGciOiJIUzUxMiJ9.eyJzdWIiOiJ0ZXN0dXNlcl8wMTQ5Iiwicm9sZXMiOiJST0xFX1VTRVIiLCJleHAiOjE3ODcxMTU0ODcsInVzZXJJZCI6IjE0OSIsImlhdCI6MTc4NzAyOTA4N30.lAn9FeVQdBBuTdbGcrOzYA9nbJzXYAjAm0r6K53S-FXaCAlvGFTdL4YJoAV225eZq_CnrH6QZht0z1XzG_F0pA
testuser_0411,100422,eyJhbGciOiJIUzUxMiJ9.eyJzdWIiOiJ0ZXN0dXNlcl8wNDExIiwicm9sZXMiOiJST0xFX1VTRVIiLCJleHAiOjE3ODcxMTU0ODcsInVzZXJJZCI6IjQxMSIsImlhdCI6MTc4NzAyOTA4N30.hKd93YJucoHDsZcnmPUeAIVUw6bJ-TSECK8y6azd3mjyphwQPuw_l-HHzsbI2SH2QgnqVXHK48gcQGaqp4Sktg
testuser_0161,100424,eyJhbGciOiJIUzUxMiJ9.eyJzdWIiOiJ0ZXN0dXNlcl8wMTYxIiwicm9sZXMiOiJST0xFX1VTRVIiLCJleHAiOjE3ODcxMTU0ODcsInVzZXJJZCI6IjE2MSIsImlhdCI6MTc4NzAyOTA4N30.2_EEtZWt4WTDToryxlOWD5wCNUcxrRLIfSRDJcSjF1NiByPCV4pgO_SWo_hRf3CQ9DDwTp4uPxdjgzH1212TAA
testuser_0412,100425,eyJhbGciOiJIUzUxMiJ9.eyJzdWIiOiJ0ZXN0dXNlcl8wNDEyIiwicm9sZXMiOiJST0xFX1VTRVIiLCJleHAiOjE3ODcxMTU0ODcsInVzZXJJZCI6IjQxMiIsImlhdCI6MTc4NzAyOTA4N30.SkiKFjhoBSMe5kecG6sN4CJnB7ynmK7lWbE6EpJydar94NTJciN-vhKC4Q3xFdA8g0739ybzvuH6B8z5pRXVeg
testuser_0976,100426,eyJhbGciOiJIUzUxMiJ9.eyJzdWIiOiJ0ZXN0dXNlcl8wOTc2Iiwicm9sZXMiOiJST0xFX1VTRVIiLCJleHAiOjE3ODcxMTU0ODcsInVzZXJJZCI6Ijk3NiIsImlhdCI6MTc4NzAyOTA4N30.-nLMAlq20ngW7Q6wc9OnCPOv55mHY0eM5WC6TTWCi5zcTog_K04OUcn8-Sx3JFyBoMorAQTAoB-_M0WlhTV34Q
testuser_0272,100427,eyJhbGciOiJIUzUxMiJ9.eyJzdWIiOiJ0ZXN0dXNlcl8wMjcyIiwicm9sZXMiOiJST0xFX1VTRVIiLCJleHAiOjE3ODcxMTU0ODcsInVzZXJJZCI6IjI3MiIsImlhdCI6MTc4NzAyOTA4N30.BrtXXxxVAmrfCD4jfrNc7eD9s7VmR35Q8LXYhZ7eWc_RVtfpZs3vt1R5QtHMAEf4db-8jYbm91qBgCSU4MAJIg
testuser_0665,100429,eyJhbGciOiJIUzUxMiJ9.eyJzdWIiOiJ0ZXN0dXNlcl8wNjY1Iiwicm9sZXMiOiJST0xFX1VTRVIiLCJleHAiOjE3ODcxMTU0ODcsInVzZXJJZCI6IjY2NSIsImlhdCI6MTc4NzAyOTA4N30.SN8yoKU-wIj7wXV5BSsU3p6KFtRUImPg2Yy2BC1DmckPJCBbsJLxRgPRvTQKhg8fcSlbZM2fAteHOS9c_QrWiA
testuser_0032,100432,eyJhbGciOiJIUzUxMiJ9.eyJzdWIiOiJ0ZXN0dXNlcl8wMDMyIiwicm9sZXMiOiJST0xFX1VTRVIiLCJleHAiOjE3ODcxMTU0ODcsInVzZXJJZCI6IjMyIiwiaWF0IjoxNzg3MDI5MDg3fQ.a4iIe0kVjNhcRiV68x4rQPzqucUDy24Y107viOiEsQ4uRMGM2Kq8Bdya8u7DSbVnqFd9Ec_lwQ245Jm3f8TUgg
testuser_0931,100434,eyJhbGciOiJIUzUxMiJ9.eyJzdWIiOiJ0ZXN0dXNlcl8wOTMxIiwicm9sZXMiOiJST0xFX1VTRVIiLCJleHAiOjE3ODcxMTU0ODgsInVzZXJJZCI6IjkzMSIsImlhdCI6MTc4NzAyOTA4OH0.o68fZ-MEQKHBvUt3uVQThxmUg_QfltsbuInhyc5nWxFz7eCFEK2vNUGHq9BwveaDBEVn6hKa3UF4TMmLFfnkQg
testuser_0095,100435,eyJhbGciOiJIUzUxMiJ9.eyJzdWIiOiJ0ZXN0dXNlcl8wMDk1Iiwicm9sZXMiOiJST0xFX1VTRVIiLCJleHAiOjE3ODcxMTU0ODgsInVzZXJJZCI6Ijk1IiwiaWF0IjoxNzg3MDI5MDg4fQ.BJypNpwHw3YON66yE5hf02KYThbPsc0MV6eyiI0O0qtnkYdOnzoveUHzBKqzg8fPShzKWn7OBq4TDfzQzCOodg
testuser_0524,100436,eyJhbGciOiJIUzUxMiJ9.eyJzdWIiOiJ0ZXN0dXNlcl8wNTI0Iiwicm9sZXMiOiJST0xFX1VTRVIiLCJleHAiOjE3ODcxMTU0ODgsInVzZXJJZCI6IjUyNCIsImlhdCI6MTc4NzAyOTA4OH0.esdH6FipyGwWYz64Ue51uN3q9A2IB6ZyxJOspym-EQTHAfIPu80lSVwdAZxrPFrAHGp9NYZNjm7PZBmIuTLWTQ
testuser_0674,100437,eyJhbGciOiJIUzUxMiJ9.eyJzdWIiOiJ0ZXN0dXNlcl8wNjc0Iiwicm9sZXMiOiJST0xFX1VTRVIiLCJleHAiOjE3ODcxMTU0ODgsInVzZXJJZCI6IjY3NCIsImlhdCI6MTc4NzAyOTA4OH0.FgYtUCgorpIeYc593lVheOFtZhKkE2BxGBAyIng26aLFPInODtHmYOBbLjLcGrrFGJ69EpEfuYGE6mPqtr3u3A
testuser_0847,100439,eyJhbGciOiJIUzUxMiJ9.eyJzdWIiOiJ0ZXN0dXNlcl8wODQ3Iiwicm9sZXMiOiJST0xFX1VTRVIiLCJleHAiOjE3ODcxMTU0ODgsInVzZXJJZCI6Ijg0NyIsImlhdCI6MTc4NzAyOTA4OH0.EloNjLsdr3bGZqoq-6BfG-KE6Ewiyo2wGk5q73a4UJ-s6YBKEL_8cbsiLL-Ld-opDR5YJQDGiHyd34v6-QmPvw
testuser_0239,100440,eyJhbGciOiJIUzUxMiJ9.eyJzdWIiOiJ0ZXN0dXNlcl8wMjM5Iiwicm9sZXMiOiJST0xFX1VTRVIiLCJleHAiOjE3ODcxMTU0ODgsInVzZXJJZCI6IjIzOSIsImlhdCI6MTc4NzAyOTA4OH0.ntZgPo0eVL5F3kP5eyLNIw7RSKmtiZfSTHEnoHzUMX_jrq-XByXxlFSG8KLKtuOOeqJ9BHRwWUtNSGJFI9V9qw
testuser_0490,100441,eyJhbGciOiJIUzUxMiJ9.eyJzdWIiOiJ0ZXN0dXNlcl8wNDkwIiwicm9sZXMiOiJST0xFX1VTRVIiLCJleHAiOjE3ODcxMTU0ODgsInVzZXJJZCI6IjQ5MCIsImlhdCI6MTc4NzAyOTA4OH0.tN7YMQBKxpvhIN2DX7Khz5bW4Pb9qvs45-6MM3KOhz4Lg-Su2XU-OPt8VXYjXX708vxx8t7XcR5E3y-yTF6O3g
testuser_0790,100443,eyJhbGciOiJIUzUxMiJ9.eyJzdWIiOiJ0ZXN0dXNlcl8wNzkwIiwicm9sZXMiOiJST0xFX1VTRVIiLCJleHAiOjE3ODcxMTU0ODgsInVzZXJJZCI6Ijc5MCIsImlhdCI6MTc4NzAyOTA4OH0.LXPVqFZejTEYrXxjRLXh07aRZhV-Co4Le5_hFFYdkmdycRRjgK3e3-HF1D2bMzshvY_yP_oAlP_vFv_2mQaPzA
testuser_0407,100444,eyJhbGciOiJIUzUxMiJ9.eyJzdWIiOiJ0ZXN0dXNlcl8wNDA3Iiwicm9sZXMiOiJST0xFX1VTRVIiLCJleHAiOjE3ODcxMTU0ODgsInVzZXJJZCI6IjQwNyIsImlhdCI6MTc4NzAyOTA4OH0.GdGF6DhrP4TwEXgN8bNu7cvs9fZAs1kWV794FLVhJrjyDWSifWzufdDKKBbUWggWg5rFVnsJD7-UuQWvViOIKQ
testuser_0978,100446,eyJhbGciOiJIUzUxMiJ9.eyJzdWIiOiJ0ZXN0dXNlcl8wOTc4Iiwicm9sZXMiOiJST0xFX1VTRVIiLCJleHAiOjE3ODcxMTU0ODgsInVzZXJJZCI6Ijk3OCIsImlhdCI6MTc4NzAyOTA4OH0.oUbiZ2zBTSriluFaUdiRe8wzBRn4_7S1s-0oaD7vL2AOZtiO-vDeWn6Z1QIG1UyfQjepTIkMtbLjr1DUZJf_EQ
testuser_0958,100447,eyJhbGciOiJIUzUxMiJ9.eyJzdWIiOiJ0ZXN0dXNlcl8wOTU4Iiwicm9sZXMiOiJST0xFX1VTRVIiLCJleHAiOjE3ODcxMTU0ODgsInVzZXJJZCI6Ijk1OCIsImlhdCI6MTc4NzAyOTA4OH0.6n4GJ5PdiC7dEGQK4dVG4u07y1cAp3doQvp9GWt5ldP7AbdzhZWAz5_Q9_ZZT3h3MHmrh-v3Ks4dcJdzkbrvMA
testuser_0840,100449,eyJhbGciOiJIUzUxMiJ9.eyJzdWIiOiJ0ZXN0dXNlcl8wODQwIiwicm9sZXMiOiJST0xFX1VTRVIiLCJleHAiOjE3ODcxMTU0ODgsInVzZXJJZCI6Ijg0MCIsImlhdCI6MTc4NzAyOTA4OH0.vASI2bZj6mGqN1AAJYlazGg3hwTYccm-uQ8meg2HRIDvZkRfgQ1nxC0uZiUqOvvZj1HqOCYcC3ogoRyx_dQuAA
testuser_0068,100450,eyJhbGciOiJIUzUxMiJ9.eyJzdWIiOiJ0ZXN0dXNlcl8wMDY4Iiwicm9sZXMiOiJST0xFX1VTRVIiLCJleHAiOjE3ODcxMTU0ODksInVzZXJJZCI6IjY4IiwiaWF0IjoxNzg3MDI5MDg5fQ.sKxgNa3cJsW9HtxjEvJaJxtYgTT1d1Dri8VggBZS-GETGKOc7gx9u91nLAHB49g3N9HFeI-n5rk5skDERId27g
testuser_0948,100451,eyJhbGciOiJIUzUxMiJ9.eyJzdWIiOiJ0ZXN0dXNlcl8wOTQ4Iiwicm9sZXMiOiJST0xFX1VTRVIiLCJleHAiOjE3ODcxMTU0ODksInVzZXJJZCI6Ijk0OCIsImlhdCI6MTc4NzAyOTA4OX0._cmFxMd5jS4gMpOWBLJsffSsO1-YWllLH3qDsVJWY3uWa-2Vrz_gfBXHb5X1iEJvHNyTblz66PUt9IIttGq_Sw
testuser_0289,100454,eyJhbGciOiJIUzUxMiJ9.eyJzdWIiOiJ0ZXN0dXNlcl8wMjg5Iiwicm9sZXMiOiJST0xFX1VTRVIiLCJleHAiOjE3ODcxMTU0ODksInVzZXJJZCI6IjI4OSIsImlhdCI6MTc4NzAyOTA4OX0.jlJ9GMiFGyWSV4T1sBp15_IV6xVurOnFoztv-4ehaLapygWIOi5fgFGq5VQNJmaTBIuJHSKONAv3moER4TQT1w
testuser_0679,100456,eyJhbGciOiJIUzUxMiJ9.eyJzdWIiOiJ0ZXN0dXNlcl8wNjc5Iiwicm9sZXMiOiJST0xFX1VTRVIiLCJleHAiOjE3ODcxMTU0ODksInVzZXJJZCI6IjY3OSIsImlhdCI6MTc4NzAyOTA4OX0.qBriEs7IHA2EoqXs5to35pqrqDLxyF1IpLUl8nJrs7E6TSBFfV7i1nt1UGdcPje4iKaEXwpJ6MqPt2sMCGPOWA
testuser_0838,100459,eyJhbGciOiJIUzUxMiJ9.eyJzdWIiOiJ0ZXN0dXNlcl8wODM4Iiwicm9sZXMiOiJST0xFX1VTRVIiLCJleHAiOjE3ODcxMTU0ODksInVzZXJJZCI6IjgzOCIsImlhdCI6MTc4NzAyOTA4OX0.MTtGbtAPhzgEWRNlcSOaJvfC-r6n1I6_YyPawTul-PjQ80h4O-wcMo0Bo0FS1Q-I3FjE2EkOHqzPZRtrsKLKVQ
testuser_0592,100461,eyJhbGciOiJIUzUxMiJ9.eyJzdWIiOiJ0ZXN0dXNlcl8wNTkyIiwicm9sZXMiOiJST0xFX1VTRVIiLCJleHAiOjE3ODcxMTU0ODksInVzZXJJZCI6IjU5MiIsImlhdCI6MTc4NzAyOTA4OX0.kWldCQcqhfLu98SLC1et-j2CSqt1QfOfF-M1j-d9PZYz4XfOn5_NY0tdVJdYDe-Rn5tpVyTZDyoiGWjWFRXzdw
testuser_0375,100468,eyJhbGciOiJIUzUxMiJ9.eyJzdWIiOiJ0ZXN0dXNlcl8wMzc1Iiwicm9sZXMiOiJST0xFX1VTRVIiLCJleHAiOjE3ODcxMTU0ODksInVzZXJJZCI6IjM3NSIsImlhdCI6MTc4NzAyOTA4OX0.JVFCkuqKT4ArpEu5NS3XAT7DP9n5ga5BrjUuSDQ2f7oOkUPtZcbrHYDI1xfaPFFagZOLCOtzthiAAk_cFqLaKw
testuser_0211,100470,eyJhbGciOiJIUzUxMiJ9.eyJzdWIiOiJ0ZXN0dXNlcl8wMjExIiwicm9sZXMiOiJST0xFX1VTRVIiLCJleHAiOjE3ODcxMTU0ODksInVzZXJJZCI6IjIxMSIsImlhdCI6MTc4NzAyOTA4OX0.tNmYyRY8ZkuG2a8oGvJl6FMahEQAG0llOfYMgMHkxRUw4RycuBysr0UPZ6Dr5gREhs9U9fB5o8KZnR39Lebyzg
testuser_0431,100471,eyJhbGciOiJIUzUxMiJ9.eyJzdWIiOiJ0ZXN0dXNlcl8wNDMxIiwicm9sZXMiOiJST0xFX1VTRVIiLCJleHAiOjE3ODcxMTU0ODksInVzZXJJZCI6IjQzMSIsImlhdCI6MTc4NzAyOTA4OX0.j9xlBcplUDhr0YFF1C0WEJKVHGYoRzEq-ZtTFI8elzFOzQJvE7WRdwNjKd9UqqQtaSBFqU0qdUxXTmy_B3MbZQ
testuser_0726,100472,eyJhbGciOiJIUzUxMiJ9.eyJzdWIiOiJ0ZXN0dXNlcl8wNzI2Iiwicm9sZXMiOiJST0xFX1VTRVIiLCJleHAiOjE3ODcxMTU0ODksInVzZXJJZCI6IjcyNiIsImlhdCI6MTc4NzAyOTA4OX0.EAQoKobuPcPsZnfm9101jRHbEJVjezhcXyqFWKpwUITqNP2WghQNXMNiHVC_Pxe0Bp5IbSaRJwLixbbCHFZUyQ
testuser_0700,100473,eyJhbGciOiJIUzUxMiJ9.eyJzdWIiOiJ0ZXN0dXNlcl8wNzAwIiwicm9sZXMiOiJST0xFX1VTRVIiLCJleHAiOjE3ODcxMTU0ODksInVzZXJJZCI6IjcwMCIsImlhdCI6MTc4NzAyOTA4OX0.EAnapo0uJuGSyMsSvuveC4kFGWzelsnOu_dA-9fIzCGnLmaLQtWeOgO4l1grRboXUO-dsfgo3TUnnXmTQc-1tg
testuser_0833,100474,eyJhbGciOiJIUzUxMiJ9.eyJzdWIiOiJ0ZXN0dXNlcl8wODMzIiwicm9sZXMiOiJST0xFX1VTRVIiLCJleHAiOjE3ODcxMTU0OTAsInVzZXJJZCI6IjgzMyIsImlhdCI6MTc4NzAyOTA5MH0.gfisM0RIghs3_Jh8j_NPYa0VWYk1fMJPe3SieCQvnZlBHMOWi3h4D3KoJP9k72_-sAExmlypju5wZYYNh3uEDg
testuser_0495,100475,eyJhbGciOiJIUzUxMiJ9.eyJzdWIiOiJ0ZXN0dXNlcl8wNDk1Iiwicm9sZXMiOiJST0xFX1VTRVIiLCJleHAiOjE3ODcxMTU0OTAsInVzZXJJZCI6IjQ5NSIsImlhdCI6MTc4NzAyOTA5MH0.xxRfQeWb9mdxzGKFhJ00OX8H5y0m033psD7xydDwCeprP7Dt9Zj8jGrkBOkUMMDKSDGs56U0p0SB5ktDBby0vA
testuser_0571,100476,eyJhbGciOiJIUzUxMiJ9.eyJzdWIiOiJ0ZXN0dXNlcl8wNTcxIiwicm9sZXMiOiJST0xFX1VTRVIiLCJleHAiOjE3ODcxMTU0OTAsInVzZXJJZCI6IjU3MSIsImlhdCI6MTc4NzAyOTA5MH0.MSl2RV14PU5suNOoYBnxI7vH-3_pbNBW1Q4o-2GDyircq5Ss5vNHK-30VBlsV8ezHlKfbiCNz2oXFUhp4c7ozw
testuser_0477,100478,eyJhbGciOiJIUzUxMiJ9.eyJzdWIiOiJ0ZXN0dXNlcl8wNDc3Iiwicm9sZXMiOiJST0xFX1VTRVIiLCJleHAiOjE3ODcxMTU0OTAsInVzZXJJZCI6IjQ3NyIsImlhdCI6MTc4NzAyOTA5MH0.VQaTJt3_yp7qq3TuBUjVrpIy-2dmdOzjGGtLSAVOY-9zgF5R1CCpJHZpq2kYh_JuD-b2BkGDrJz2CgNKN59-tQ
testuser_0312,100479,eyJhbGciOiJIUzUxMiJ9.eyJzdWIiOiJ0ZXN0dXNlcl8wMzEyIiwicm9sZXMiOiJST0xFX1VTRVIiLCJleHAiOjE3ODcxMTU0OTAsInVzZXJJZCI6IjMxMiIsImlhdCI6MTc4NzAyOTA5MH0.h7mN16RiUDukabF1CDZCRxnPyYqxh8sn6SbJiMbsQrm9bXFoTjq15BwPNDu0YayG_FvLQWZH6_Z1F52e74qLSA
testuser_0199,100480,eyJhbGciOiJIUzUxMiJ9.eyJzdWIiOiJ0ZXN0dXNlcl8wMTk5Iiwicm9sZXMiOiJST0xFX1VTRVIiLCJleHAiOjE3ODcxMTU0OTAsInVzZXJJZCI6IjE5OSIsImlhdCI6MTc4NzAyOTA5MH0.hp4yrJlqSJd2RiHtECFvkzZWTAKZdtQbJQaLwHb3KU4BcD4BZOBA4ds1MRlDQ9_EGOvn9vdIszB_OhY9Ih277w
testuser_0826,100481,eyJhbGciOiJIUzUxMiJ9.eyJzdWIiOiJ0ZXN0dXNlcl8wODI2Iiwicm9sZXMiOiJST0xFX1VTRVIiLCJleHAiOjE3ODcxMTU0OTAsInVzZXJJZCI6IjgyNiIsImlhdCI6MTc4NzAyOTA5MH0.9-gdi2qYYh93x9qLeVOEK7lO2O4k8OfbBQEV3AmyutQhZoEgx0dEXhuNg-BVJq2PHiCV4RSek5BSCj2Zdsh1wQ
testuser_0809,100482,eyJhbGciOiJIUzUxMiJ9.eyJzdWIiOiJ0ZXN0dXNlcl8wODA5Iiwicm9sZXMiOiJST0xFX1VTRVIiLCJleHAiOjE3ODcxMTU0OTAsInVzZXJJZCI6IjgwOSIsImlhdCI6MTc4NzAyOTA5MH0.SSWjS9cioY9x-Xn_-11z6cxiqaOMmf2hLT4hGzJ1NA9LzL20HnInBl7yUDNYUudwRCX1i8H3VaTa7JBVgn9GFw
testuser_0093,100483,eyJhbGciOiJIUzUxMiJ9.eyJzdWIiOiJ0ZXN0dXNlcl8wMDkzIiwicm9sZXMiOiJST0xFX1VTRVIiLCJleHAiOjE3ODcxMTU0OTAsInVzZXJJZCI6IjkzIiwiaWF0IjoxNzg3MDI5MDkwfQ.fgQyV1nmVkys_8hEtyFJcPJ1yUBF-qMvdghG8rr9llRPTjBI5r4f86LpT6feAyEmLif57Q2ZmarQortsSCtgDQ
testuser_0979,100484,eyJhbGciOiJIUzUxMiJ9.eyJzdWIiOiJ0ZXN0dXNlcl8wOTc5Iiwicm9sZXMiOiJST0xFX1VTRVIiLCJleHAiOjE3ODcxMTU0OTAsInVzZXJJZCI6Ijk3OSIsImlhdCI6MTc4NzAyOTA5MH0.DgIXnGLAEwX15xIcUXYzDRqW4KytUjXddHyphiwgO2S_mLpKtdoUDsQyygmq_1yNCZ7aAhB9UDBILJhFQ6j1nw
testuser_0815,100486,eyJhbGciOiJIUzUxMiJ9.eyJzdWIiOiJ0ZXN0dXNlcl8wODE1Iiwicm9sZXMiOiJST0xFX1VTRVIiLCJleHAiOjE3ODcxMTU0OTAsInVzZXJJZCI6IjgxNSIsImlhdCI6MTc4NzAyOTA5MH0.OvzZI2uUDSLAoK08fs8wjFMCEMZy2_ClrfbnpvaXCgMkiHvk827mJCCmGuSexCWsykuO4lyUprsmGLPj4jdsyg
testuser_0684,100488,eyJhbGciOiJIUzUxMiJ9.eyJzdWIiOiJ0ZXN0dXNlcl8wNjg0Iiwicm9sZXMiOiJST0xFX1VTRVIiLCJleHAiOjE3ODcxMTU0OTEsInVzZXJJZCI6IjY4NCIsImlhdCI6MTc4NzAyOTA5MX0.Iskgg9V-L7nyQObQAuheiAs8DqFLfYtGN7C11C9fqHp-cfe_YhxOb9KAV0V1zMSa4k7RF9jzs-3-kPZavQD7GQ
testuser_0568,100491,eyJhbGciOiJIUzUxMiJ9.eyJzdWIiOiJ0ZXN0dXNlcl8wNTY4Iiwicm9sZXMiOiJST0xFX1VTRVIiLCJleHAiOjE3ODcxMTU0OTEsInVzZXJJZCI6IjU2OCIsImlhdCI6MTc4NzAyOTA5MX0.XVGRMzuEj6lViwUEoL-7XSZ6xghbOLMHG71LeTc4gAXJf0HExC1bkUupSoPi5FBvfEzaPO3K7zmWli3kctmGCQ
testuser_0753,100492,eyJhbGciOiJIUzUxMiJ9.eyJzdWIiOiJ0ZXN0dXNlcl8wNzUzIiwicm9sZXMiOiJST0xFX1VTRVIiLCJleHAiOjE3ODcxMTU0OTEsInVzZXJJZCI6Ijc1MyIsImlhdCI6MTc4NzAyOTA5MX0.l-NZ9ZDbOu3lKwufI87Z_YCucCbav_4ymiH8scg4uUdsJm3keODAvyf0HGHH961EWXSZI4bQGoVeioC78n8w5w
testuser_0308,100493,eyJhbGciOiJIUzUxMiJ9.eyJzdWIiOiJ0ZXN0dXNlcl8wMzA4Iiwicm9sZXMiOiJST0xFX1VTRVIiLCJleHAiOjE3ODcxMTU0OTEsInVzZXJJZCI6IjMwOCIsImlhdCI6MTc4NzAyOTA5MX0.bOG3R3SsymrVLTEyejhSHaDew47SnxG8OwlaB9uv0PAJuOHVh3BOq9D6c4je1rV4f2PG9FjBnGNh2Mg9i_jaZQ
testuser_0130,100494,eyJhbGciOiJIUzUxMiJ9.eyJzdWIiOiJ0ZXN0dXNlcl8wMTMwIiwicm9sZXMiOiJST0xFX1VTRVIiLCJleHAiOjE3ODcxMTU0OTEsInVzZXJJZCI6IjEzMCIsImlhdCI6MTc4NzAyOTA5MX0.U_Ow1XV3W1cHkl8KNkmOYPQYmQVWFSJQI3-jWNqTUH06madbQGJuM9oteCgVhw1LLXTf5s2acr3LoUUeeDAoug
testuser_0109,100495,eyJhbGciOiJIUzUxMiJ9.eyJzdWIiOiJ0ZXN0dXNlcl8wMTA5Iiwicm9sZXMiOiJST0xFX1VTRVIiLCJleHAiOjE3ODcxMTU0OTEsInVzZXJJZCI6IjEwOSIsImlhdCI6MTc4NzAyOTA5MX0.hL6FFQ-gZkpscf0bcRFeXVLHVx9RCcBhaNWyUI8oBDCpK7D0TWA5dIN_vIkuuL3GVi4chq_T8SddXYCykRDqiQ
testuser_0468,100496,eyJhbGciOiJIUzUxMiJ9.eyJzdWIiOiJ0ZXN0dXNlcl8wNDY4Iiwicm9sZXMiOiJST0xFX1VTRVIiLCJleHAiOjE3ODcxMTU0OTEsInVzZXJJZCI6IjQ2OCIsImlhdCI6MTc4NzAyOTA5MX0.NtAJ0KK0raueTw5IPMtgI4z6oeHe8Wmf-k-6W3ibAjaQmpywIupzx_i46MEQXOj8YK68HKdjFTfkLHlWvnrP8Q
testuser_0702,100499,eyJhbGciOiJIUzUxMiJ9.eyJzdWIiOiJ0ZXN0dXNlcl8wNzAyIiwicm9sZXMiOiJST0xFX1VTRVIiLCJleHAiOjE3ODcxMTU0OTEsInVzZXJJZCI6IjcwMiIsImlhdCI6MTc4NzAyOTA5MX0.f150orLWL6LO8dcPKF2kvmHcdqSjKEUzAJ5ihBWxBvMxL17On_nbcr5ZTWcBQq4VlB5mN7RW2UVCYb78NqVKxw
testuser_0742,100502,eyJhbGciOiJIUzUxMiJ9.eyJzdWIiOiJ0ZXN0dXNlcl8wNzQyIiwicm9sZXMiOiJST0xFX1VTRVIiLCJleHAiOjE3ODcxMTU0OTEsInVzZXJJZCI6Ijc0MiIsImlhdCI6MTc4NzAyOTA5MX0.RPiIUrOEqKnFTOJqsvJMghedx8JPucHbcWhTj8HqVj6OXr-yacN1L0HqOFaT2g11s2UiUHz34N7dn6biW1VdOw
testuser_0432,100505,eyJhbGciOiJIUzUxMiJ9.eyJzdWIiOiJ0ZXN0dXNlcl8wNDMyIiwicm9sZXMiOiJST0xFX1VTRVIiLCJleHAiOjE3ODcxMTU0OTEsInVzZXJJZCI6IjQzMiIsImlhdCI6MTc4NzAyOTA5MX0.TsTC0sKkbooaIVnLATNoXeEpOK6yTO-I84YJGJtYNwh4lpCfO_nAIa_sG2iv3T_Li_nDMnlXUIOkcsZzFs-GWA
testuser_0454,100506,eyJhbGciOiJIUzUxMiJ9.eyJzdWIiOiJ0ZXN0dXNlcl8wNDU0Iiwicm9sZXMiOiJST0xFX1VTRVIiLCJleHAiOjE3ODcxMTU0OTEsInVzZXJJZCI6IjQ1NCIsImlhdCI6MTc4NzAyOTA5MX0.M9KAw81ZrGNviZ8hiSqQX9FetOSwsAxYVBmln9DQnVOWLM6RO0R0GkgUkbPJ8aGEFC7jFsyXpnpvL5k9_Ty8KQ
testuser_0349,100507,eyJhbGciOiJIUzUxMiJ9.eyJzdWIiOiJ0ZXN0dXNlcl8wMzQ5Iiwicm9sZXMiOiJST0xFX1VTRVIiLCJleHAiOjE3ODcxMTU0OTIsInVzZXJJZCI6IjM0OSIsImlhdCI6MTc4NzAyOTA5Mn0.fbcfikC5Neb9bkrPm58gc-q678GxxeeHdvf8y48fKVU1Axi_V4wx3EaTgiIf1ERoW2rC6SJyyVpetO-VtGYajQ
testuser_0493,100509,eyJhbGciOiJIUzUxMiJ9.eyJzdWIiOiJ0ZXN0dXNlcl8wNDkzIiwicm9sZXMiOiJST0xFX1VTRVIiLCJleHAiOjE3ODcxMTU0OTIsInVzZXJJZCI6IjQ5MyIsImlhdCI6MTc4NzAyOTA5Mn0.AiIelyanqaJhcOVyu690pGAxcRgixJWwj58n_mKvCqt2RgE6KaOtpCJgmgreIOHn9b3dOQZucULGnspXu_g9hg
testuser_0257,100510,eyJhbGciOiJIUzUxMiJ9.eyJzdWIiOiJ0ZXN0dXNlcl8wMjU3Iiwicm9sZXMiOiJST0xFX1VTRVIiLCJleHAiOjE3ODcxMTU0OTIsInVzZXJJZCI6IjI1NyIsImlhdCI6MTc4NzAyOTA5Mn0.UOg9yLGCAjiLbATYVyxaHi971SJrad5bVst23DZjPhhvgMvaLaV4iuXKc6z6gSAGJ0jWQ-NrS1dx4qUhIsep1A
testuser_0147,100512,eyJhbGciOiJIUzUxMiJ9.eyJzdWIiOiJ0ZXN0dXNlcl8wMTQ3Iiwicm9sZXMiOiJST0xFX1VTRVIiLCJleHAiOjE3ODcxMTU0OTIsInVzZXJJZCI6IjE0NyIsImlhdCI6MTc4NzAyOTA5Mn0.vutwQUjOCqYCQ68SEcEYAJVxrLgT-1x839TYTAJTFRAXIQ4y86827iIhvQhToq8-kNpi_61z_KoN6kLYNVeNOQ
testuser_0892,100513,eyJhbGciOiJIUzUxMiJ9.eyJzdWIiOiJ0ZXN0dXNlcl8wODkyIiwicm9sZXMiOiJST0xFX1VTRVIiLCJleHAiOjE3ODcxMTU0OTIsInVzZXJJZCI6Ijg5MiIsImlhdCI6MTc4NzAyOTA5Mn0.1IOey_ll0NUv39--GlBZBllYM1iIMZ12nCE_1gifEEa5tY0UpmMc3v-LmQjUMoq02PRmK5kRsg9vInve3GoaJg
testuser_0673,100514,eyJhbGciOiJIUzUxMiJ9.eyJzdWIiOiJ0ZXN0dXNlcl8wNjczIiwicm9sZXMiOiJST0xFX1VTRVIiLCJleHAiOjE3ODcxMTU0OTIsInVzZXJJZCI6IjY3MyIsImlhdCI6MTc4NzAyOTA5Mn0.9hOYticxokmGlk9yu2PCWupzILwKoj0VbN8-9MfeXTq5gsg0CSeollXEvB347UvhiJzLdEi8t5csuf-xbP5vqg
testuser_0441,100517,eyJhbGciOiJIUzUxMiJ9.eyJzdWIiOiJ0ZXN0dXNlcl8wNDQxIiwicm9sZXMiOiJST0xFX1VTRVIiLCJleHAiOjE3ODcxMTU0OTIsInVzZXJJZCI6IjQ0MSIsImlhdCI6MTc4NzAyOTA5Mn0.L3fiP2pwNm4s0cgwYYIIlUOd5PsEalLwDGy7EfVNcsvr4wTS-kgvJZtOHamRi7Hp1KbvDZP0UJrvu9DaTMew1A
testuser_0215,100518,eyJhbGciOiJIUzUxMiJ9.eyJzdWIiOiJ0ZXN0dXNlcl8wMjE1Iiwicm9sZXMiOiJST0xFX1VTRVIiLCJleHAiOjE3ODcxMTU0OTIsInVzZXJJZCI6IjIxNSIsImlhdCI6MTc4NzAyOTA5Mn0.cv61Rx4VWQAdJElDDxOVX6E-XqJFAtZ-i2z_2n9hQjGyWrCZe4V23OM9GsMJOIQLu8JHNe421Cb16dTxbXyfEg
testuser_0385,100520,eyJhbGciOiJIUzUxMiJ9.eyJzdWIiOiJ0ZXN0dXNlcl8wMzg1Iiwicm9sZXMiOiJST0xFX1VTRVIiLCJleHAiOjE3ODcxMTU0OTIsInVzZXJJZCI6IjM4NSIsImlhdCI6MTc4NzAyOTA5Mn0.d_anDAkDevNKy6lFIYC1wS0Hz94Z0dxaLm68GhdpiUHFputVEoGW5CJQYqNUk2j7D6hMbBoMPlHmDQLQaqwKLw
testuser_0423,100523,eyJhbGciOiJIUzUxMiJ9.eyJzdWIiOiJ0ZXN0dXNlcl8wNDIzIiwicm9sZXMiOiJST0xFX1VTRVIiLCJleHAiOjE3ODcxMTU0OTIsInVzZXJJZCI6IjQyMyIsImlhdCI6MTc4NzAyOTA5Mn0.cF3_KgfN1D74ot10OYK5YI1KV3XzIbrvoEl-q_DKoBemfHl52SUCIR12EGPi9BCkbfCijdIi9oNj8x8IaNsp2g
testuser_0917,100526,eyJhbGciOiJIUzUxMiJ9.eyJzdWIiOiJ0ZXN0dXNlcl8wOTE3Iiwicm9sZXMiOiJST0xFX1VTRVIiLCJleHAiOjE3ODcxMTU0OTIsInVzZXJJZCI6IjkxNyIsImlhdCI6MTc4NzAyOTA5Mn0.UR6-24uxi8hGsdhXQBUOro8NwOof8D6jcTaG3lgzkTTN545F7O0oehS2n-FqJDPT626f4CZlFPUorNr9ehlp4Q
testuser_0734,100529,eyJhbGciOiJIUzUxMiJ9.eyJzdWIiOiJ0ZXN0dXNlcl8wNzM0Iiwicm9sZXMiOiJST0xFX1VTRVIiLCJleHAiOjE3ODcxMTU0OTMsInVzZXJJZCI6IjczNCIsImlhdCI6MTc4NzAyOTA5M30.DrqMtgIBKLoEqzvLbz_-fVnAVOEBuFvX9B__RrJoI7dOvTa-XJQ8c_nUHSA9N8se63IMGdIwWkB_o4KM2T7i7g
testuser_0763,100530,eyJhbGciOiJIUzUxMiJ9.eyJzdWIiOiJ0ZXN0dXNlcl8wNzYzIiwicm9sZXMiOiJST0xFX1VTRVIiLCJleHAiOjE3ODcxMTU0OTMsInVzZXJJZCI6Ijc2MyIsImlhdCI6MTc4NzAyOTA5M30._-qptPpah9CkEU59Nz6P9r7s8q6q6xgex_yjV13HWnWsKCh5L8eGkxq5JY2orc_Cq761_IjKEJ_Qke9aqlWvvg
testuser_0912,100534,eyJhbGciOiJIUzUxMiJ9.eyJzdWIiOiJ0ZXN0dXNlcl8wOTEyIiwicm9sZXMiOiJST0xFX1VTRVIiLCJleHAiOjE3ODcxMTU0OTMsInVzZXJJZCI6IjkxMiIsImlhdCI6MTc4NzAyOTA5M30.qwpnP_Vj4Y2HveDDs9GkrjD8p5R2ogLyzHT2DoPfgvX6rZKeWfNMhNONYcQaSodvKq_dNuVzhzs_1ak_es7mXQ
testuser_0551,100535,eyJhbGciOiJIUzUxMiJ9.eyJzdWIiOiJ0ZXN0dXNlcl8wNTUxIiwicm9sZXMiOiJST0xFX1VTRVIiLCJleHAiOjE3ODcxMTU0OTMsInVzZXJJZCI6IjU1MSIsImlhdCI6MTc4NzAyOTA5M30.14Gu49r0kBYpF6RdJ1_F7AulLns9zJ9wSxQXm9L9jNFxf3jLViJy0wg3u44bJOybuZC3lrg5lHZaSeuaBuKAHg
testuser_0929,100538,eyJhbGciOiJIUzUxMiJ9.eyJzdWIiOiJ0ZXN0dXNlcl8wOTI5Iiwicm9sZXMiOiJST0xFX1VTRVIiLCJleHAiOjE3ODcxMTU0OTMsInVzZXJJZCI6IjkyOSIsImlhdCI6MTc4NzAyOTA5M30.ROpCtOO-WHNZJLAPn65_bwkKUG6ET8frvi4tJiAspUTclDE9K5pIp2vCdzC1QpeYKPkTb-pnZNGfTPrmVm6Ynw
testuser_0304,100540,eyJhbGciOiJIUzUxMiJ9.eyJzdWIiOiJ0ZXN0dXNlcl8wMzA0Iiwicm9sZXMiOiJST0xFX1VTRVIiLCJleHAiOjE3ODcxMTU0OTMsInVzZXJJZCI6IjMwNCIsImlhdCI6MTc4NzAyOTA5M30.VTI7mk_rhYmNIxQOk0h48JXldtO4d1-65B1K5rEZxVpzaxImEPu_1q1X7HD7c9EIPZt35g7Q2erL-BVyfQvvAw
testuser_0479,100543,eyJhbGciOiJIUzUxMiJ9.eyJzdWIiOiJ0ZXN0dXNlcl8wNDc5Iiwicm9sZXMiOiJST0xFX1VTRVIiLCJleHAiOjE3ODcxMTU0OTMsInVzZXJJZCI6IjQ3OSIsImlhdCI6MTc4NzAyOTA5M30.PvL_0jHBN9khatwwNAGdFtzzUPps7CuJqg63kFOXpxnGLZ-YdcwX602ZqEiZMpjcFOIXo-_clFoOm9uuGmagSw
testuser_0220,100545,eyJhbGciOiJIUzUxMiJ9.eyJzdWIiOiJ0ZXN0dXNlcl8wMjIwIiwicm9sZXMiOiJST0xFX1VTRVIiLCJleHAiOjE3ODcxMTU0OTMsInVzZXJJZCI6IjIyMCIsImlhdCI6MTc4NzAyOTA5M30.uunwFMJEngDz5qBwM8IjMIR5g3d2FFDGxN90s2s7E0iRxJ5vHknughcRWKwQVGXe-H7YDRfaqolYKr14ENdA4A
testuser_0425,100546,eyJhbGciOiJIUzUxMiJ9.eyJzdWIiOiJ0ZXN0dXNlcl8wNDI1Iiwicm9sZXMiOiJST0xFX1VTRVIiLCJleHAiOjE3ODcxMTU0OTMsInVzZXJJZCI6IjQyNSIsImlhdCI6MTc4NzAyOTA5M30.eJgquHLMobx872MBcNwjkvdOc4hPczED9Rfbc4ubs5uLdxbHsLGtcviwP1Eb76GdokC5a0tz7k395IfqIad2RQ
testuser_0402,100547,eyJhbGciOiJIUzUxMiJ9.eyJzdWIiOiJ0ZXN0dXNlcl8wNDAyIiwicm9sZXMiOiJST0xFX1VTRVIiLCJleHAiOjE3ODcxMTU0OTMsInVzZXJJZCI6IjQwMiIsImlhdCI6MTc4NzAyOTA5M30.qS2F5j0JmtBQWKLpR7yPNpdOYpZ14caYsuCzqeP6nu2b8Dk0EfzxaOhThPRSfHlA5y7d-3K6YtEWnNYINPrB0Q
testuser_0159,100550,eyJhbGciOiJIUzUxMiJ9.eyJzdWIiOiJ0ZXN0dXNlcl8wMTU5Iiwicm9sZXMiOiJST0xFX1VTRVIiLCJleHAiOjE3ODcxMTU0OTQsInVzZXJJZCI6IjE1OSIsImlhdCI6MTc4NzAyOTA5NH0.OZRFpIQ2sKfok6YOILvLqe05ECKV9oPVt50y5dl4PwvNFy9Swmfr-BtB7VHfd-kbBnpuMJCxxhiGMrLHbfbGQw
testuser_0738,100551,eyJhbGciOiJIUzUxMiJ9.eyJzdWIiOiJ0ZXN0dXNlcl8wNzM4Iiwicm9sZXMiOiJST0xFX1VTRVIiLCJleHAiOjE3ODcxMTU0OTQsInVzZXJJZCI6IjczOCIsImlhdCI6MTc4NzAyOTA5NH0.XnbNVpmWoaiA6wj3jyu12zBzzeQjqS9gjiSuNs4oBewtLZ_BrNuJpYhPn2g97TKzpM7eExqcpxh869MSrfY_yA
testuser_0915,100552,eyJhbGciOiJIUzUxMiJ9.eyJzdWIiOiJ0ZXN0dXNlcl8wOTE1Iiwicm9sZXMiOiJST0xFX1VTRVIiLCJleHAiOjE3ODcxMTU0OTQsInVzZXJJZCI6IjkxNSIsImlhdCI6MTc4NzAyOTA5NH0.VlL9si_Ki5wN2jE3-pf7YH0p3q3hBVsMK6LjDXAPj6FN1FVlOELo_o6rN2X9ofVFYLcIRJhZuDisrMtgnDuYng
testuser_0417,100553,eyJhbGciOiJIUzUxMiJ9.eyJzdWIiOiJ0ZXN0dXNlcl8wNDE3Iiwicm9sZXMiOiJST0xFX1VTRVIiLCJleHAiOjE3ODcxMTU0OTQsInVzZXJJZCI6IjQxNyIsImlhdCI6MTc4NzAyOTA5NH0.b0OFxmCboDFmjHXYjoWtHwogADi9-v5_Lhm0Gbv3GUImFX-WDJlK3l01FHu36VVX2OafdlzCJOftca-nhwcKSQ
testuser_0835,100557,eyJhbGciOiJIUzUxMiJ9.eyJzdWIiOiJ0ZXN0dXNlcl8wODM1Iiwicm9sZXMiOiJST0xFX1VTRVIiLCJleHAiOjE3ODcxMTU0OTQsInVzZXJJZCI6IjgzNSIsImlhdCI6MTc4NzAyOTA5NH0.Mlj6swgg5-b7Oii_Wwa0GfE14Mji-jwXUTTQ0ZxxW3qEScKI1OO459acbnqcElgOeKP8BBmE55T-BPqasxg9fw
testuser_0269,100558,eyJhbGciOiJIUzUxMiJ9.eyJzdWIiOiJ0ZXN0dXNlcl8wMjY5Iiwicm9sZXMiOiJST0xFX1VTRVIiLCJleHAiOjE3ODcxMTU0OTQsInVzZXJJZCI6IjI2OSIsImlhdCI6MTc4NzAyOTA5NH0.40tmT83FcAkyRL3VNArJVK6ja4--QKLgrItgOeBZuhkSdX_gyU1flOoZIEpN3Y65uQg3NaxCDokyD1T8QXyIvA
testuser_0180,100559,eyJhbGciOiJIUzUxMiJ9.eyJzdWIiOiJ0ZXN0dXNlcl8wMTgwIiwicm9sZXMiOiJST0xFX1VTRVIiLCJleHAiOjE3ODcxMTU0OTQsInVzZXJJZCI6IjE4MCIsImlhdCI6MTc4NzAyOTA5NH0.iO6DP3fUO99bZd4YPjCO3gnX6KTzZBjoBHBUSDhDiN0QbYvaV61dvUFFV1fHuGHLvhsp65JL-dP_5f4xii29Jg
testuser_0721,100560,eyJhbGciOiJIUzUxMiJ9.eyJzdWIiOiJ0ZXN0dXNlcl8wNzIxIiwicm9sZXMiOiJST0xFX1VTRVIiLCJleHAiOjE3ODcxMTU0OTQsInVzZXJJZCI6IjcyMSIsImlhdCI6MTc4NzAyOTA5NH0.g_0Nz2OsZnBNnoTMOSmAMrLGnzyb0xAN8UBp6YsX1bZffLz_sTOOHQkg0md91vN7cZ2DTOf0yvoBFwwe1J5-1Q
testuser_0039,100561,eyJhbGciOiJIUzUxMiJ9.eyJzdWIiOiJ0ZXN0dXNlcl8wMDM5Iiwicm9sZXMiOiJST0xFX1VTRVIiLCJleHAiOjE3ODcxMTU0OTQsInVzZXJJZCI6IjM5IiwiaWF0IjoxNzg3MDI5MDk0fQ.NQmaWbnmT3EYwS7n4RkDrmYHgJWyJE6Il4bkawJ4QJz1iRyLlaK0GGOq0TTsr1iClhKy2Fiacem7N9M0US7hYw
testuser_0091,100563,eyJhbGciOiJIUzUxMiJ9.eyJzdWIiOiJ0ZXN0dXNlcl8wMDkxIiwicm9sZXMiOiJST0xFX1VTRVIiLCJleHAiOjE3ODcxMTU0OTQsInVzZXJJZCI6IjkxIiwiaWF0IjoxNzg3MDI5MDk0fQ.8YzcjUZX9ajgXjKfPHtmQEZGiiqiWLyvR3XJNbHzvAyku45-3o1jhwHB_teV4btRcfyWmWXyngGQnc8okOKnbg
testuser_0579,100564,eyJhbGciOiJIUzUxMiJ9.eyJzdWIiOiJ0ZXN0dXNlcl8wNTc5Iiwicm9sZXMiOiJST0xFX1VTRVIiLCJleHAiOjE3ODcxMTU0OTQsInVzZXJJZCI6IjU3OSIsImlhdCI6MTc4NzAyOTA5NH0.Cadzv7y6mCMqZNgAkQP7ODlraLdifvdz3UfSdelGbJqsjOnKGB0OzxBhsydi0nWc2dbRn83tdttnBagVXZdFmQ
testuser_0333,100565,eyJhbGciOiJIUzUxMiJ9.eyJzdWIiOiJ0ZXN0dXNlcl8wMzMzIiwicm9sZXMiOiJST0xFX1VTRVIiLCJleHAiOjE3ODcxMTU0OTQsInVzZXJJZCI6IjMzMyIsImlhdCI6MTc4NzAyOTA5NH0.tqyvE3EosMVx46sPXMUYyxvWvdz1AZFm2h7wmuoGV9pMS9hV-4rmuuNd-9tPr0qziIRqgDXe629AnQzZU0hWYw
testuser_0798,100567,eyJhbGciOiJIUzUxMiJ9.eyJzdWIiOiJ0ZXN0dXNlcl8wNzk4Iiwicm9sZXMiOiJST0xFX1VTRVIiLCJleHAiOjE3ODcxMTU0OTUsInVzZXJJZCI6Ijc5OCIsImlhdCI6MTc4NzAyOTA5NX0.Hf0v8ITDqTMC91_r9WJ02JXcAiBM6ZaeUO3Q1iRXR1OhkdqQXSEcBADtXaaPxEq7DOuJ7-2_d9NEbPezgfa8oQ
testuser_0395,100569,eyJhbGciOiJIUzUxMiJ9.eyJzdWIiOiJ0ZXN0dXNlcl8wMzk1Iiwicm9sZXMiOiJST0xFX1VTRVIiLCJleHAiOjE3ODcxMTU0OTUsInVzZXJJZCI6IjM5NSIsImlhdCI6MTc4NzAyOTA5NX0.fUinN_x3BZW8aGWiJkNC3LXk9AzI4Xmj3G5br_D6PpWURmEzloIgXakpi1RZ4MobC2djrCrab7ds33OvrqbcYA
testuser_0855,100571,eyJhbGciOiJIUzUxMiJ9.eyJzdWIiOiJ0ZXN0dXNlcl8wODU1Iiwicm9sZXMiOiJST0xFX1VTRVIiLCJleHAiOjE3ODcxMTU0OTUsInVzZXJJZCI6Ijg1NSIsImlhdCI6MTc4NzAyOTA5NX0.vr-9TIFTmfDG2KeJzQr6UJM8IjqBwoF7vW2G3XgzsFZngvGX0JnbshOqNjuKeZVYZ5g3EPHM9T-hhbfkAuleSQ
testuser_0594,100572,eyJhbGciOiJIUzUxMiJ9.eyJzdWIiOiJ0ZXN0dXNlcl8wNTk0Iiwicm9sZXMiOiJST0xFX1VTRVIiLCJleHAiOjE3ODcxMTU0OTUsInVzZXJJZCI6IjU5NCIsImlhdCI6MTc4NzAyOTA5NX0.vZCWgO4nCJDbqUJNaqSPl6iJF8rK_R2kCem2rP5QipLfQxufhe5PVyZsz9b-L-Cdf8uVxe-YKc6I0kwW6MYyLw
testuser_0601,100573,eyJhbGciOiJIUzUxMiJ9.eyJzdWIiOiJ0ZXN0dXNlcl8wNjAxIiwicm9sZXMiOiJST0xFX1VTRVIiLCJleHAiOjE3ODcxMTU0OTUsInVzZXJJZCI6IjYwMSIsImlhdCI6MTc4NzAyOTA5NX0.0k8_GYOWveiHjNfSTMYW_aEG02Fp9cRDW9mrASTzM9J2z-Yf1xJYDZr8Tbjtw-YKRkZ6FVd27Y6qlqVW0Ilyuw
testuser_0751,100575,eyJhbGciOiJIUzUxMiJ9.eyJzdWIiOiJ0ZXN0dXNlcl8wNzUxIiwicm9sZXMiOiJST0xFX1VTRVIiLCJleHAiOjE3ODcxMTU0OTUsInVzZXJJZCI6Ijc1MSIsImlhdCI6MTc4NzAyOTA5NX0.e1gbqF8_ZhYg49nVf0hiFoLmk3JGmDT7_C6iDrBqwlUI1iKE63VklSp68o66QzXPbGPZ1cNFt8pzTX_cPOrMNg
testuser_0026,100576,eyJhbGciOiJIUzUxMiJ9.eyJzdWIiOiJ0ZXN0dXNlcl8wMDI2Iiwicm9sZXMiOiJST0xFX1VTRVIiLCJleHAiOjE3ODcxMTU0OTUsInVzZXJJZCI6IjI2IiwiaWF0IjoxNzg3MDI5MDk1fQ.Q1w5fscill1gOLabSM23wIzFHQ47zZo2CAVqIug5ZwVdrMVQW5StqsvICEwzbLmIB5NFnOdAOxFOq7QDjmIIuQ
testuser_0567,100578,eyJhbGciOiJIUzUxMiJ9.eyJzdWIiOiJ0ZXN0dXNlcl8wNTY3Iiwicm9sZXMiOiJST0xFX1VTRVIiLCJleHAiOjE3ODcxMTU0OTUsInVzZXJJZCI6IjU2NyIsImlhdCI6MTc4NzAyOTA5NX0.-vysOB27P8_dIJRnZYYzI7t7SFW3IIbQKM2-6fj64SnDG_UPIEhYXOv8lykDTW1TtAOZr4X0BhoxAppWpz2zQg
testuser_0521,100579,eyJhbGciOiJIUzUxMiJ9.eyJzdWIiOiJ0ZXN0dXNlcl8wNTIxIiwicm9sZXMiOiJST0xFX1VTRVIiLCJleHAiOjE3ODcxMTU0OTUsInVzZXJJZCI6IjUyMSIsImlhdCI6MTc4NzAyOTA5NX0.-uhJnmiB14LpOSBSox36uupycuJFDoc54fDCdsuSm86n1yfIhv8Cpc9mDRQL429jrgZbiJoDkQLy20EiGrvPkQ
testuser_0919,100580,eyJhbGciOiJIUzUxMiJ9.eyJzdWIiOiJ0ZXN0dXNlcl8wOTE5Iiwicm9sZXMiOiJST0xFX1VTRVIiLCJleHAiOjE3ODcxMTU0OTUsInVzZXJJZCI6IjkxOSIsImlhdCI6MTc4NzAyOTA5NX0.amJkNsLgDASRKoeraV9530fJ2P2_3Vpml5XN6tT8izR3nN4RW8i9g9tVNn_WvffrhAdY49RGheXdWtfcDdlZvA
testuser_0347,100581,eyJhbGciOiJIUzUxMiJ9.eyJzdWIiOiJ0ZXN0dXNlcl8wMzQ3Iiwicm9sZXMiOiJST0xFX1VTRVIiLCJleHAiOjE3ODcxMTU0OTYsInVzZXJJZCI6IjM0NyIsImlhdCI6MTc4NzAyOTA5Nn0.oi4P0M0xzOMsFQ7U9Xe_6KCO8mzb5UsDdouvrBR_PzRZMG4qb_VJQFrgPMwM_6iydbWBp_bDrvtfiqG5ojqMtg
testuser_0962,100582,eyJhbGciOiJIUzUxMiJ9.eyJzdWIiOiJ0ZXN0dXNlcl8wOTYyIiwicm9sZXMiOiJST0xFX1VTRVIiLCJleHAiOjE3ODcxMTU0OTYsInVzZXJJZCI6Ijk2MiIsImlhdCI6MTc4NzAyOTA5Nn0.GrNlqyKV94SfMy_KcEhUP7xAKtyCU_y90kySqZZavg_vysidqCN1CrVHqyjkTP47KgWuZeP0OKC3K5baodcvPg
testuser_0827,100583,eyJhbGciOiJIUzUxMiJ9.eyJzdWIiOiJ0ZXN0dXNlcl8wODI3Iiwicm9sZXMiOiJST0xFX1VTRVIiLCJleHAiOjE3ODcxMTU0OTYsInVzZXJJZCI6IjgyNyIsImlhdCI6MTc4NzAyOTA5Nn0.5I2fn8cmzXWjd6IvemF_skAliTggc1UP335cufX_1jJzpeB4wzhHWOzVHqBFxtWP08GxkRWbgUY85OPIvSS5og
testuser_0837,100584,eyJhbGciOiJIUzUxMiJ9.eyJzdWIiOiJ0ZXN0dXNlcl8wODM3Iiwicm9sZXMiOiJST0xFX1VTRVIiLCJleHAiOjE3ODcxMTU0OTYsInVzZXJJZCI6IjgzNyIsImlhdCI6MTc4NzAyOTA5Nn0.zJKKki7b1bCvebJ_HRkvzOnEErcSaZAm6aqMFJ2RASM5nTnfrgwccA70ZTOhWNCMi6vkG8BzgE1FOB2hkSr-MA
testuser_0988,100585,eyJhbGciOiJIUzUxMiJ9.eyJzdWIiOiJ0ZXN0dXNlcl8wOTg4Iiwicm9sZXMiOiJST0xFX1VTRVIiLCJleHAiOjE3ODcxMTU0OTYsInVzZXJJZCI6Ijk4OCIsImlhdCI6MTc4NzAyOTA5Nn0.dNc-Eu5c7RepN-mlWStddTR_wTUHyND6JgvnnB9BX-W20lhGL2FZBax-HxTnyOB-tbnsjxDG6xNGN5R9cuUYJg
testuser_0503,100586,eyJhbGciOiJIUzUxMiJ9.eyJzdWIiOiJ0ZXN0dXNlcl8wNTAzIiwicm9sZXMiOiJST0xFX1VTRVIiLCJleHAiOjE3ODcxMTU0OTYsInVzZXJJZCI6IjUwMyIsImlhdCI6MTc4NzAyOTA5Nn0.1jdISL4wcbey9u2hpnXx4uZRpcIGAenOvBJtD8k_CdS1BafyP9aavA0LQ_Do03hZUAL_-OoyzOm53sltVgmMpQ
testuser_0217,100591,eyJhbGciOiJIUzUxMiJ9.eyJzdWIiOiJ0ZXN0dXNlcl8wMjE3Iiwicm9sZXMiOiJST0xFX1VTRVIiLCJleHAiOjE3ODcxMTU0OTYsInVzZXJJZCI6IjIxNyIsImlhdCI6MTc4NzAyOTA5Nn0.tLkppCCKu_ASJ8FvRcvIHNKQHVTbSRGwDRDJ9KBo9IH-hLcHnETTX1tw1qwTlbl5xOEW_669bBmGPISt4v9MVQ
testuser_0584,100592,eyJhbGciOiJIUzUxMiJ9.eyJzdWIiOiJ0ZXN0dXNlcl8wNTg0Iiwicm9sZXMiOiJST0xFX1VTRVIiLCJleHAiOjE3ODcxMTU0OTYsInVzZXJJZCI6IjU4NCIsImlhdCI6MTc4NzAyOTA5Nn0.1Kr928N623s41GR_Kfkl4-nXuQ2nALTseBUs5k-lYvofQrPS73ZPn7Kt-jutMzGczWVaykapzphqoR5upbVw5g
testuser_0939,100594,eyJhbGciOiJIUzUxMiJ9.eyJzdWIiOiJ0ZXN0dXNlcl8wOTM5Iiwicm9sZXMiOiJST0xFX1VTRVIiLCJleHAiOjE3ODcxMTU0OTYsInVzZXJJZCI6IjkzOSIsImlhdCI6MTc4NzAyOTA5Nn0.ktIvju7eMXbiGnBjQ1bmmPngVYlfqZpmc6kx0ueCPHYtGyDmMRoSdm8a2FN5VVv5cIj685MoXOAwRcqFEGydWw
testuser_0286,100595,eyJhbGciOiJIUzUxMiJ9.eyJzdWIiOiJ0ZXN0dXNlcl8wMjg2Iiwicm9sZXMiOiJST0xFX1VTRVIiLCJleHAiOjE3ODcxMTU0OTYsInVzZXJJZCI6IjI4NiIsImlhdCI6MTc4NzAyOTA5Nn0.waZUkv_Coj75dG_qzifL_aaU7fBMLCZRHxa-cnzQJo7ON38dcc7TblyLOX230vvKVNuwsPmHpUgG-PGTXT_WJA
testuser_0373,100600,eyJhbGciOiJIUzUxMiJ9.eyJzdWIiOiJ0ZXN0dXNlcl8wMzczIiwicm9sZXMiOiJST0xFX1VTRVIiLCJleHAiOjE3ODcxMTU0OTYsInVzZXJJZCI6IjM3MyIsImlhdCI6MTc4NzAyOTA5Nn0.ig_PSYnf-jeMRV0c8sK7RK1k-G0ASFmQwApI2gmHVbXNn1OlSHsnmjV1CS-esTURbsefni8nEa1k4pDK4qznUg
testuser_0103,100602,eyJhbGciOiJIUzUxMiJ9.eyJzdWIiOiJ0ZXN0dXNlcl8wMTAzIiwicm9sZXMiOiJST0xFX1VTRVIiLCJleHAiOjE3ODcxMTU0OTYsInVzZXJJZCI6IjEwMyIsImlhdCI6MTc4NzAyOTA5Nn0.T_K1lXtsi9o0QkSvwpuNfEySzPJF9pDG56ppwz75sjiYDC59G9hsc0FiMv4gDMEwRQM-zpIMP12tXwucpVM8tQ
testuser_0309,100603,eyJhbGciOiJIUzUxMiJ9.eyJzdWIiOiJ0ZXN0dXNlcl8wMzA5Iiwicm9sZXMiOiJST0xFX1VTRVIiLCJleHAiOjE3ODcxMTU0OTcsInVzZXJJZCI6IjMwOSIsImlhdCI6MTc4NzAyOTA5N30.oY3Oi7wj6ZIndwIVE7_5JYbLD6uT7G6mmXKVyzpJNjZhX0ROoDFCihJ-u5T2knUZo00RJ2_Py8sAAUu46K15fQ
testuser_0623,100604,eyJhbGciOiJIUzUxMiJ9.eyJzdWIiOiJ0ZXN0dXNlcl8wNjIzIiwicm9sZXMiOiJST0xFX1VTRVIiLCJleHAiOjE3ODcxMTU0OTcsInVzZXJJZCI6IjYyMyIsImlhdCI6MTc4NzAyOTA5N30.1if7M0WOEL44KrRDYpwujPB8RgY0yHRD0DDv7kQ7WtO8rx-71ML2ucUVcQyqVfK5Xct91LlZplUk7be_PMKl9A
testuser_0214,100605,eyJhbGciOiJIUzUxMiJ9.eyJzdWIiOiJ0ZXN0dXNlcl8wMjE0Iiwicm9sZXMiOiJST0xFX1VTRVIiLCJleHAiOjE3ODcxMTU0OTcsInVzZXJJZCI6IjIxNCIsImlhdCI6MTc4NzAyOTA5N30.bUDcP3HMcTtidEFCCqRoVR4n047aatjNamATDuXQoWgEEeMiXMNLz3cHfo0X7ZtdOuPfeX-N73NpZ-AKHgl9ZQ
testuser_0555,100607,eyJhbGciOiJIUzUxMiJ9.eyJzdWIiOiJ0ZXN0dXNlcl8wNTU1Iiwicm9sZXMiOiJST0xFX1VTRVIiLCJleHAiOjE3ODcxMTU0OTcsInVzZXJJZCI6IjU1NSIsImlhdCI6MTc4NzAyOTA5N30.KMnUhb8SogJjlrRH074avUwvnhQf_Lxj5ubhWUTw_8gd0hecxfhzNe5lyz7qS8z6KYUXHYeBz5HlHtZzUIWQHA
testuser_0489,100608,eyJhbGciOiJIUzUxMiJ9.eyJzdWIiOiJ0ZXN0dXNlcl8wNDg5Iiwicm9sZXMiOiJST0xFX1VTRVIiLCJleHAiOjE3ODcxMTU0OTcsInVzZXJJZCI6IjQ4OSIsImlhdCI6MTc4NzAyOTA5N30.KtJIt1BezEVj5fe3DVaPkowP0VIa271SR63x_LL1Tl2ME8sXCAkCce41BbiC8g39f0IBPkc3ixFPRt8NhfrbPw
testuser_0776,100613,eyJhbGciOiJIUzUxMiJ9.eyJzdWIiOiJ0ZXN0dXNlcl8wNzc2Iiwicm9sZXMiOiJST0xFX1VTRVIiLCJleHAiOjE3ODcxMTU0OTcsInVzZXJJZCI6Ijc3NiIsImlhdCI6MTc4NzAyOTA5N30.aZ9aT34HzfwT1fvMZlZm1WBzGuIa3iWIvH-c4gTZBu6BFjkMiw5g-N6-Iwd-Pbyjbpnp-QQ7MzfoEPlSBBcTCw
testuser_0879,100614,eyJhbGciOiJIUzUxMiJ9.eyJzdWIiOiJ0ZXN0dXNlcl8wODc5Iiwicm9sZXMiOiJST0xFX1VTRVIiLCJleHAiOjE3ODcxMTU0OTcsInVzZXJJZCI6Ijg3OSIsImlhdCI6MTc4NzAyOTA5N30.TTPHWhq4m_SwwuilKZVvGYgBj_HcM_ovhmwF-dJADIQmb0n97JnyJVMWAW1pIsHaUHWy-qaFtnZWHOHDCDD5YQ
testuser_0756,100615,eyJhbGciOiJIUzUxMiJ9.eyJzdWIiOiJ0ZXN0dXNlcl8wNzU2Iiwicm9sZXMiOiJST0xFX1VTRVIiLCJleHAiOjE3ODcxMTU0OTcsInVzZXJJZCI6Ijc1NiIsImlhdCI6MTc4NzAyOTA5N30.56JbBMbuBHvwokqP1-3Goavlr8G6E8i5BoE9FgzF9oG2ZWc_7VhbizePiK8mL_F4awOm9UzYuFq3YLf6gNPEcg
testuser_0546,100617,eyJhbGciOiJIUzUxMiJ9.eyJzdWIiOiJ0ZXN0dXNlcl8wNTQ2Iiwicm9sZXMiOiJST0xFX1VTRVIiLCJleHAiOjE3ODcxMTU0OTcsInVzZXJJZCI6IjU0NiIsImlhdCI6MTc4NzAyOTA5N30.fHnUCdQMbX-swee1L_u7qGtZrtONdElsrrtBY81--7Cc6aE2jhUEvyla1evoZ5OVu7K2jzjuFxYT-NBK8YLYUg
testuser_0131,100619,eyJhbGciOiJIUzUxMiJ9.eyJzdWIiOiJ0ZXN0dXNlcl8wMTMxIiwicm9sZXMiOiJST0xFX1VTRVIiLCJleHAiOjE3ODcxMTU0OTcsInVzZXJJZCI6IjEzMSIsImlhdCI6MTc4NzAyOTA5N30.hCG_ICSLgZzblYDljU8EsFrisn-SFMNLm8CEgnJKbQ58e-Y7RihytTmXDuxBtKJCHk35YhpQINIlCXuQ40IFsw
testuser_0160,100620,eyJhbGciOiJIUzUxMiJ9.eyJzdWIiOiJ0ZXN0dXNlcl8wMTYwIiwicm9sZXMiOiJST0xFX1VTRVIiLCJleHAiOjE3ODcxMTU0OTcsInVzZXJJZCI6IjE2MCIsImlhdCI6MTc4NzAyOTA5N30.EhYn0mFAoGQbCERm9nR01itrn4cRlnaQgW97Kh2m1LZpEykovvrvSuecAcC4XnyU8aNE0GOpt7WSGfC3h1pPag
testuser_0662,100624,eyJhbGciOiJIUzUxMiJ9.eyJzdWIiOiJ0ZXN0dXNlcl8wNjYyIiwicm9sZXMiOiJST0xFX1VTRVIiLCJleHAiOjE3ODcxMTU0OTgsInVzZXJJZCI6IjY2MiIsImlhdCI6MTc4NzAyOTA5OH0.-TRth3reYbNKupuWBH8KnrA_Oet8BBu62m_yt8eHcDdssVkHD4EM5xIAPZbaI0P6oRLnRQcfsjXXQ2nxsXS82w
testuser_0065,100625,eyJhbGciOiJIUzUxMiJ9.eyJzdWIiOiJ0ZXN0dXNlcl8wMDY1Iiwicm9sZXMiOiJST0xFX1VTRVIiLCJleHAiOjE3ODcxMTU0OTgsInVzZXJJZCI6IjY1IiwiaWF0IjoxNzg3MDI5MDk4fQ.mzdhmpxDdWIU8b0n2THJd2VPvMNESQozjtY47h9boriZV8ndAQHdgmX11oACmpon9dRyT9uJf1S6dr_FjW78ew
testuser_0586,100629,eyJhbGciOiJIUzUxMiJ9.eyJzdWIiOiJ0ZXN0dXNlcl8wNTg2Iiwicm9sZXMiOiJST0xFX1VTRVIiLCJleHAiOjE3ODcxMTU0OTgsInVzZXJJZCI6IjU4NiIsImlhdCI6MTc4NzAyOTA5OH0.c0AQmU1izBLvrLMCzgOWuWKCHWCwrN0z9X4EEpHXzmlJnpYdMflA42N_F9TMqyuAg-hEyIXjoC-mMurwr7dXxA
testuser_0701,100630,eyJhbGciOiJIUzUxMiJ9.eyJzdWIiOiJ0ZXN0dXNlcl8wNzAxIiwicm9sZXMiOiJST0xFX1VTRVIiLCJleHAiOjE3ODcxMTU0OTgsInVzZXJJZCI6IjcwMSIsImlhdCI6MTc4NzAyOTA5OH0.LqP0-6V_-5DbmmjIRRABJ5JRvE5cTA8Wh9WPp-fXQ7rGnC6GdlytcSghRwJ6HJwrJXbHlbqX-0yXbmkIY74RHQ
testuser_0825,100632,eyJhbGciOiJIUzUxMiJ9.eyJzdWIiOiJ0ZXN0dXNlcl8wODI1Iiwicm9sZXMiOiJST0xFX1VTRVIiLCJleHAiOjE3ODcxMTU0OTgsInVzZXJJZCI6IjgyNSIsImlhdCI6MTc4NzAyOTA5OH0.t2vsXXesklOC2vM_YLWbBAoCg8AQDz3B-90qM41YWEC1HhHfpAYg6fnNcR9CrGC2aff4oDKmkQsn3IFrzhSd6w
testuser_0104,100633,eyJhbGciOiJIUzUxMiJ9.eyJzdWIiOiJ0ZXN0dXNlcl8wMTA0Iiwicm9sZXMiOiJST0xFX1VTRVIiLCJleHAiOjE3ODcxMTU0OTgsInVzZXJJZCI6IjEwNCIsImlhdCI6MTc4NzAyOTA5OH0.ozZA7BnG9odfJcM289FdpgSJ8S_pj2x64QI9aOVElRqEP-z6SZxGQ2Sj5u_g2m2cNLZ16lV-84O2RdJ2SyMAAw
testuser_0530,100635,eyJhbGciOiJIUzUxMiJ9.eyJzdWIiOiJ0ZXN0dXNlcl8wNTMwIiwicm9sZXMiOiJST0xFX1VTRVIiLCJleHAiOjE3ODcxMTU0OTgsInVzZXJJZCI6IjUzMCIsImlhdCI6MTc4NzAyOTA5OH0.VLHrTkqtHex4QAbwedjb-oazlBXLxnZrw9y0fZTc16tnIJTE6YC1UIrmcTqY6bhsQMGpRevai0A1ElAr3ahTlA
testuser_0562,100637,eyJhbGciOiJIUzUxMiJ9.eyJzdWIiOiJ0ZXN0dXNlcl8wNTYyIiwicm9sZXMiOiJST0xFX1VTRVIiLCJleHAiOjE3ODcxMTU0OTgsInVzZXJJZCI6IjU2MiIsImlhdCI6MTc4NzAyOTA5OH0.zR41KgwbUzZXsJKTDaFc1pO7WOxTeUhWFDafRfuctn8pBihYSw8D3vV-z0FogdDxFzbqr_F3fwPjRFEtPex2CA
testuser_0587,100642,eyJhbGciOiJIUzUxMiJ9.eyJzdWIiOiJ0ZXN0dXNlcl8wNTg3Iiwicm9sZXMiOiJST0xFX1VTRVIiLCJleHAiOjE3ODcxMTU0OTgsInVzZXJJZCI6IjU4NyIsImlhdCI6MTc4NzAyOTA5OH0.tT3_E7ehSHj8U7GAFzCQfzV7ygcIiBQ__EMgiKnrdWFl524VY7PpN4IOFf69I2T0OShsbJwqVkYv0oIxJ5KHZQ
testuser_0191,100647,eyJhbGciOiJIUzUxMiJ9.eyJzdWIiOiJ0ZXN0dXNlcl8wMTkxIiwicm9sZXMiOiJST0xFX1VTRVIiLCJleHAiOjE3ODcxMTU0OTgsInVzZXJJZCI6IjE5MSIsImlhdCI6MTc4NzAyOTA5OH0.Ty6x6EzfDZeVz8IhoyOauDVsp8M0OXs_dKFwyqP0a4ci5_dUXvjuL6gtqe6SmD-4D6rJh5nldFjoJPLWdoBupw
testuser_0428,100648,eyJhbGciOiJIUzUxMiJ9.eyJzdWIiOiJ0ZXN0dXNlcl8wNDI4Iiwicm9sZXMiOiJST0xFX1VTRVIiLCJleHAiOjE3ODcxMTU0OTgsInVzZXJJZCI6IjQyOCIsImlhdCI6MTc4NzAyOTA5OH0.WBDAoe4v9_okd05GQlbCzVQL4TTLLsWaJd7F_KI3kuJPliI7ph3Q7Chxgsz1ZlhQ_8jclB-SVvdkxEy91xJv7g
testuser_0491,100651,eyJhbGciOiJIUzUxMiJ9.eyJzdWIiOiJ0ZXN0dXNlcl8wNDkxIiwicm9sZXMiOiJST0xFX1VTRVIiLCJleHAiOjE3ODcxMTU0OTksInVzZXJJZCI6IjQ5MSIsImlhdCI6MTc4NzAyOTA5OX0.oclliRrIy2t2MedWsmy4QS-mYR7ADkl0EjGr2UrDo8znR_8QnB9OX1kzqEgUIRBuKAoa1H9rScCWWWM1WIL_mw
testuser_0904,100652,eyJhbGciOiJIUzUxMiJ9.eyJzdWIiOiJ0ZXN0dXNlcl8wOTA0Iiwicm9sZXMiOiJST0xFX1VTRVIiLCJleHAiOjE3ODcxMTU0OTksInVzZXJJZCI6IjkwNCIsImlhdCI6MTc4NzAyOTA5OX0.Pdu1QJ1XSl0cNpOt04_esl3UKrmK2gDl5Jal1CGC2jhZu5iMWHq5v461zpx2zb_xX2XFWjA6fmyqO7QoTrRHRQ
testuser_0933,100654,eyJhbGciOiJIUzUxMiJ9.eyJzdWIiOiJ0ZXN0dXNlcl8wOTMzIiwicm9sZXMiOiJST0xFX1VTRVIiLCJleHAiOjE3ODcxMTU0OTksInVzZXJJZCI6IjkzMyIsImlhdCI6MTc4NzAyOTA5OX0.5dOkHdvKu0nXyr-sGY2-3k4nrG5mEBkdDrY5WL5bwxTQfhS1FYNgOtl00gWResJytCwK6-KRhE240kUT8_7YCg
testuser_0693,100655,eyJhbGciOiJIUzUxMiJ9.eyJzdWIiOiJ0ZXN0dXNlcl8wNjkzIiwicm9sZXMiOiJST0xFX1VTRVIiLCJleHAiOjE3ODcxMTU0OTksInVzZXJJZCI6IjY5MyIsImlhdCI6MTc4NzAyOTA5OX0.aVgFah38APdHEcy7KDTG1iJPtLNetyqjl-OTU7982Ly0sAVE_NByJsPmq5n1PZhN1S8I62Pz0rJ-skscpoP-0w
testuser_0202,100659,eyJhbGciOiJIUzUxMiJ9.eyJzdWIiOiJ0ZXN0dXNlcl8wMjAyIiwicm9sZXMiOiJST0xFX1VTRVIiLCJleHAiOjE3ODcxMTU0OTksInVzZXJJZCI6IjIwMiIsImlhdCI6MTc4NzAyOTA5OX0.Q0tM_wBEtD9FoL37V1JS3kmDPlt_5UO3YihEoyC8DZShsH7c4JQyRHfap3IN-VabxZjBmYXiJfdQrjwhKlg0cg
testuser_0050,100660,eyJhbGciOiJIUzUxMiJ9.eyJzdWIiOiJ0ZXN0dXNlcl8wMDUwIiwicm9sZXMiOiJST0xFX1VTRVIiLCJleHAiOjE3ODcxMTU0OTksInVzZXJJZCI6IjUwIiwiaWF0IjoxNzg3MDI5MDk5fQ.1TxSuRcqsc6wpD3eGHU20UitVS3USVIy34IpE435zgIPLiPpOSfvIDJH9cSRPzJKm1Jb0qxYd76NRWckJWJVxg
testuser_0875,100662,eyJhbGciOiJIUzUxMiJ9.eyJzdWIiOiJ0ZXN0dXNlcl8wODc1Iiwicm9sZXMiOiJST0xFX1VTRVIiLCJleHAiOjE3ODcxMTU0OTksInVzZXJJZCI6Ijg3NSIsImlhdCI6MTc4NzAyOTA5OX0.MMoT8T_vv7zjcNBNKpSQJXmqCGAFN9eZ6GidShwrahAMAlgNR5htNAjwnEMPN6IZw_nwfIlQ9cxEj8e3fK-5-A
testuser_0450,100665,eyJhbGciOiJIUzUxMiJ9.eyJzdWIiOiJ0ZXN0dXNlcl8wNDUwIiwicm9sZXMiOiJST0xFX1VTRVIiLCJleHAiOjE3ODcxMTU0OTksInVzZXJJZCI6IjQ1MCIsImlhdCI6MTc4NzAyOTA5OX0.KcjDkXBH97r39fBnGSc-H33yK4RTHGDeGWYzVOZh9wW2XA7_lK0vY2swltSTc1GEpJvcCmc3_sf-93hpwDJneQ
testuser_0616,100667,eyJhbGciOiJIUzUxMiJ9.eyJzdWIiOiJ0ZXN0dXNlcl8wNjE2Iiwicm9sZXMiOiJST0xFX1VTRVIiLCJleHAiOjE3ODcxMTU0OTksInVzZXJJZCI6IjYxNiIsImlhdCI6MTc4NzAyOTA5OX0.FEQQI5FY5szF7GUX10O2w32HIgEIvQJyYSCQeMf1O53nmzXUhq_jXsRrr6SW_wdbNbCSqXoHmjZZ3E2ts9_W_Q
testuser_0029,100668,eyJhbGciOiJIUzUxMiJ9.eyJzdWIiOiJ0ZXN0dXNlcl8wMDI5Iiwicm9sZXMiOiJST0xFX1VTRVIiLCJleHAiOjE3ODcxMTU0OTksInVzZXJJZCI6IjI5IiwiaWF0IjoxNzg3MDI5MDk5fQ.oNU88Ib60GreB_dQTwSA_zyv-ZlV_KtOk-fmy8cIbXLRWJOVrLs6gyHV3vimIjMqLllg1Zhx1zz8Dp3UqJ4fwg
testuser_0482,100670,eyJhbGciOiJIUzUxMiJ9.eyJzdWIiOiJ0ZXN0dXNlcl8wNDgyIiwicm9sZXMiOiJST0xFX1VTRVIiLCJleHAiOjE3ODcxMTU0OTksInVzZXJJZCI6IjQ4MiIsImlhdCI6MTc4NzAyOTA5OX0.VLUQ-MlpFR_HAqMal6PLEpgpQLpPIjw4nH4C_KriwaesnA5xtfF1IKVwyjwVZvZPW8667Ur3ECkMz7SKjKin-w
testuser_0859,100671,eyJhbGciOiJIUzUxMiJ9.eyJzdWIiOiJ0ZXN0dXNlcl8wODU5Iiwicm9sZXMiOiJST0xFX1VTRVIiLCJleHAiOjE3ODcxMTU1MDAsInVzZXJJZCI6Ijg1OSIsImlhdCI6MTc4NzAyOTEwMH0.V_SNUMegVyKWuKyrzCAugA43HbhcXVh6EWxLFlzjw-7l6G_Yj4cMX5AxDgCYQUbNGfBIAft44jHgOg9WUYbNHg
testuser_0724,100672,eyJhbGciOiJIUzUxMiJ9.eyJzdWIiOiJ0ZXN0dXNlcl8wNzI0Iiwicm9sZXMiOiJST0xFX1VTRVIiLCJleHAiOjE3ODcxMTU1MDAsInVzZXJJZCI6IjcyNCIsImlhdCI6MTc4NzAyOTEwMH0.TnZtaEVxpbW-5NvDeZx99Xg8snbZwA2RXiRUicNt07mrFjqRN0DanxxBqSLAL_CG6W0OjDIE2h-Q06UgwNyFsg
testuser_0745,100680,eyJhbGciOiJIUzUxMiJ9.eyJzdWIiOiJ0ZXN0dXNlcl8wNzQ1Iiwicm9sZXMiOiJST0xFX1VTRVIiLCJleHAiOjE3ODcxMTU1MDAsInVzZXJJZCI6Ijc0NSIsImlhdCI6MTc4NzAyOTEwMH0.JY_0URcZXOOD4dEbEtBIjHGQb2mov8Y2r2AF8seMyNflMNn5zfJ2sczuxeW5uQYB2PhiJn839RqdKQB-x7sFSg
testuser_0176,100682,eyJhbGciOiJIUzUxMiJ9.eyJzdWIiOiJ0ZXN0dXNlcl8wMTc2Iiwicm9sZXMiOiJST0xFX1VTRVIiLCJleHAiOjE3ODcxMTU1MDAsInVzZXJJZCI6IjE3NiIsImlhdCI6MTc4NzAyOTEwMH0.sxodDWZMgo5IfAjCS4jNwShP9y6vDl4ZrsR6uAUofs2kwkg7j3-IjGL_SZqAlT9sK8MPfj8NbB6GDg6JlbLuEw
testuser_0522,100684,eyJhbGciOiJIUzUxMiJ9.eyJzdWIiOiJ0ZXN0dXNlcl8wNTIyIiwicm9sZXMiOiJST0xFX1VTRVIiLCJleHAiOjE3ODcxMTU1MDAsInVzZXJJZCI6IjUyMiIsImlhdCI6MTc4NzAyOTEwMH0.WS-GVVk7OWRGUnrcmiBrtLjWrZgKee7rqMUXAKE8F6s9H96PFohdU9vTrkSoVCZNmCcR6tkXoumJt_yUTQvLxQ
testuser_0036,100685,eyJhbGciOiJIUzUxMiJ9.eyJzdWIiOiJ0ZXN0dXNlcl8wMDM2Iiwicm9sZXMiOiJST0xFX1VTRVIiLCJleHAiOjE3ODcxMTU1MDAsInVzZXJJZCI6IjM2IiwiaWF0IjoxNzg3MDI5MTAwfQ.2v4ZJou-beVRKoLT6dSEr-xv4MQy3x1K1DzcZLqJhxJ0ZfZeThJH4kxCNlYOwkSPilfF5qtDSEyNIKCNm2F6Gg
testuser_0535,100686,eyJhbGciOiJIUzUxMiJ9.eyJzdWIiOiJ0ZXN0dXNlcl8wNTM1Iiwicm9sZXMiOiJST0xFX1VTRVIiLCJleHAiOjE3ODcxMTU1MDAsInVzZXJJZCI6IjUzNSIsImlhdCI6MTc4NzAyOTEwMH0.rzZ2-fKwZ8oJIqAS-nYH71lmNxdO85P5hWe-aBnSU6MjED0k2PyjS5R8kYYHX_00uHKSfzpIYdbGM5BO92Ty8g
testuser_0545,100687,eyJhbGciOiJIUzUxMiJ9.eyJzdWIiOiJ0ZXN0dXNlcl8wNTQ1Iiwicm9sZXMiOiJST0xFX1VTRVIiLCJleHAiOjE3ODcxMTU1MDAsInVzZXJJZCI6IjU0NSIsImlhdCI6MTc4NzAyOTEwMH0.Bdv55YXQT4nMD53cwUqn-OC4ZgcKDz1CiPbt2TJ2JMssVC6XpVGrlF2F2nKjQHx2jFymLfPrSkF95ApeSBDKKQ
testuser_0757,100689,eyJhbGciOiJIUzUxMiJ9.eyJzdWIiOiJ0ZXN0dXNlcl8wNzU3Iiwicm9sZXMiOiJST0xFX1VTRVIiLCJleHAiOjE3ODcxMTU1MDAsInVzZXJJZCI6Ijc1NyIsImlhdCI6MTc4NzAyOTEwMH0.ae-haGtARhPhcrqLlm8UQVJxyEC_NzflT1XObkNk3WNy0Q-zX-PLvPO9723p9UMg_GR1MAebMYKMvuI2dqDfJA
testuser_0054,100690,eyJhbGciOiJIUzUxMiJ9.eyJzdWIiOiJ0ZXN0dXNlcl8wMDU0Iiwicm9sZXMiOiJST0xFX1VTRVIiLCJleHAiOjE3ODcxMTU1MDAsInVzZXJJZCI6IjU0IiwiaWF0IjoxNzg3MDI5MTAwfQ.Z3jBaMyjolD0OH77DMWo3sCacv8EIvrny9knBKlBjXJBXGPYoD9P1UhbbuYlYKGrfGjD82Y4Yw3zD8UkDBaW5g
testuser_0980,100692,eyJhbGciOiJIUzUxMiJ9.eyJzdWIiOiJ0ZXN0dXNlcl8wOTgwIiwicm9sZXMiOiJST0xFX1VTRVIiLCJleHAiOjE3ODcxMTU1MDEsInVzZXJJZCI6Ijk4MCIsImlhdCI6MTc4NzAyOTEwMX0.OgIGu3x5CsMzNxjHYfp8R-u9Z2Dv6mViAUkezJPNUuplPBoSMcasY7RI8XGSD3WmZgPIUiAHqoqShCHzCFQbVg
testuser_0699,100693,eyJhbGciOiJIUzUxMiJ9.eyJzdWIiOiJ0ZXN0dXNlcl8wNjk5Iiwicm9sZXMiOiJST0xFX1VTRVIiLCJleHAiOjE3ODcxMTU1MDEsInVzZXJJZCI6IjY5OSIsImlhdCI6MTc4NzAyOTEwMX0.lCWKfY89ORBDwuDOLJwhB0c_fkAPViTA_msaphC5vOxI1N-4V_GSOjx1VnLuEpL8CyAmwe9mw6TouEJT9m-Kdw
testuser_0190,100699,eyJhbGciOiJIUzUxMiJ9.eyJzdWIiOiJ0ZXN0dXNlcl8wMTkwIiwicm9sZXMiOiJST0xFX1VTRVIiLCJleHAiOjE3ODcxMTU1MDEsInVzZXJJZCI6IjE5MCIsImlhdCI6MTc4NzAyOTEwMX0.RurviesoDPEuxj280ZXWnEiAMNxL335z8woV6z2LcQZ1lM0GYa-q-e8wpBZxvPk7NKBj671YKuo48FuwLc4EXA
testuser_0263,100704,eyJhbGciOiJIUzUxMiJ9.eyJzdWIiOiJ0ZXN0dXNlcl8wMjYzIiwicm9sZXMiOiJST0xFX1VTRVIiLCJleHAiOjE3ODcxMTU1MDEsInVzZXJJZCI6IjI2MyIsImlhdCI6MTc4NzAyOTEwMX0.Erd8yOTT-EqaJaqnu-7FCdEg4r38Dn8x63qR2I6Ub6xD0nkJBLI7vZnQiVWJn84XSc_eAyjzbA3Z41qxGJnk_Q
testuser_0766,100705,eyJhbGciOiJIUzUxMiJ9.eyJzdWIiOiJ0ZXN0dXNlcl8wNzY2Iiwicm9sZXMiOiJST0xFX1VTRVIiLCJleHAiOjE3ODcxMTU1MDEsInVzZXJJZCI6Ijc2NiIsImlhdCI6MTc4NzAyOTEwMX0.IT071O1vBWjRBIw-snXvmbwEvdRh-x_Zd8AOAGZZBeRjYPSRrn3chKa_I66TZriAxOzXT5LboYmBjZ4ZixVULg
testuser_0182,100706,eyJhbGciOiJIUzUxMiJ9.eyJzdWIiOiJ0ZXN0dXNlcl8wMTgyIiwicm9sZXMiOiJST0xFX1VTRVIiLCJleHAiOjE3ODcxMTU1MDEsInVzZXJJZCI6IjE4MiIsImlhdCI6MTc4NzAyOTEwMX0.IEAC5NfiRBse5Bvfq0LQ9kGitz9f5xLRoVMM8WYVGDso1G1osIzeW_0Kfn5xQ5pQzqVibQPgzzNP7gQJuA75iA
testuser_0982,100711,eyJhbGciOiJIUzUxMiJ9.eyJzdWIiOiJ0ZXN0dXNlcl8wOTgyIiwicm9sZXMiOiJST0xFX1VTRVIiLCJleHAiOjE3ODcxMTU1MDEsInVzZXJJZCI6Ijk4MiIsImlhdCI6MTc4NzAyOTEwMX0.-ZJfOtxqNkSHOUbT8RnOsdNq0TdiqjFCTDkuKimOVY1R7Z4VSyS_1rmOI5C82yOHB2guydhj4hoBXKgGAsHXRw
testuser_0341,100714,eyJhbGciOiJIUzUxMiJ9.eyJzdWIiOiJ0ZXN0dXNlcl8wMzQxIiwicm9sZXMiOiJST0xFX1VTRVIiLCJleHAiOjE3ODcxMTU1MDEsInVzZXJJZCI6IjM0MSIsImlhdCI6MTc4NzAyOTEwMX0.YZpm1kS3_p7FZi3cf84oLcAJVZEV65VhOHY2w70LkHYDCluaRrlO6ne_e0--36szOSBPdd_HLvozd73J4WeREQ
testuser_0771,100716,eyJhbGciOiJIUzUxMiJ9.eyJzdWIiOiJ0ZXN0dXNlcl8wNzcxIiwicm9sZXMiOiJST0xFX1VTRVIiLCJleHAiOjE3ODcxMTU1MDEsInVzZXJJZCI6Ijc3MSIsImlhdCI6MTc4NzAyOTEwMX0.pd4LE8abiPMmGcwgSbo4M0AnyXfGL64mgdzyur_Ejwd3U2yFzdRwxO6Um05ONnMAk5taA6FeJA-N4RAsfBFBuw
testuser_0695,100719,eyJhbGciOiJIUzUxMiJ9.eyJzdWIiOiJ0ZXN0dXNlcl8wNjk1Iiwicm9sZXMiOiJST0xFX1VTRVIiLCJleHAiOjE3ODcxMTU1MDEsInVzZXJJZCI6IjY5NSIsImlhdCI6MTc4NzAyOTEwMX0.KNuYtr9R8cVUmcD6knZrFjx1XaqBcgU43Worbrp4zyK-N4sVEIqLC_4T9obf0JsdHwPrHfb31SksvtEPlazjVQ
testuser_0573,100720,eyJhbGciOiJIUzUxMiJ9.eyJzdWIiOiJ0ZXN0dXNlcl8wNTczIiwicm9sZXMiOiJST0xFX1VTRVIiLCJleHAiOjE3ODcxMTU1MDEsInVzZXJJZCI6IjU3MyIsImlhdCI6MTc4NzAyOTEwMX0.t9E-PBwxmHAs4Go53ynfREZuPIXbn5ax3BHKnzHdGuQlQt52QsGekK2ywT3q7sKPC2XnaFTG54bHddoCxXVgbw
testuser_0789,100722,eyJhbGciOiJIUzUxMiJ9.eyJzdWIiOiJ0ZXN0dXNlcl8wNzg5Iiwicm9sZXMiOiJST0xFX1VTRVIiLCJleHAiOjE3ODcxMTU1MDIsInVzZXJJZCI6Ijc4OSIsImlhdCI6MTc4NzAyOTEwMn0.oJ8D7mJj5tAy5Sv8jyT4xyxO5t_Oot_1xG3KmQz8_csmssqZalc5RidMvG8i4WuTIm8MwQ3Ir-8ngwLDBmmDBA
testuser_0126,100723,eyJhbGciOiJIUzUxMiJ9.eyJzdWIiOiJ0ZXN0dXNlcl8wMTI2Iiwicm9sZXMiOiJST0xFX1VTRVIiLCJleHAiOjE3ODcxMTU1MDIsInVzZXJJZCI6IjEyNiIsImlhdCI6MTc4NzAyOTEwMn0.9txIn4zPfCLaNYvea5B84oQkJk7sQq_EXjKSvwJ0igMlaOEA52GWIwOfGizLlYR9kC4L0R4MSA_tmR2GbbXg0A
testuser_0725,100724,eyJhbGciOiJIUzUxMiJ9.eyJzdWIiOiJ0ZXN0dXNlcl8wNzI1Iiwicm9sZXMiOiJST0xFX1VTRVIiLCJleHAiOjE3ODcxMTU1MDIsInVzZXJJZCI6IjcyNSIsImlhdCI6MTc4NzAyOTEwMn0.YcUwMleLNmuWz5-Yd03KB23zaUKsVZSjs-xBeuSOmuPAV_kj7_jlXMaKMbxxXQ4mkcuqJdLfRSelVjWWqXOjFw
testuser_0481,100725,eyJhbGciOiJIUzUxMiJ9.eyJzdWIiOiJ0ZXN0dXNlcl8wNDgxIiwicm9sZXMiOiJST0xFX1VTRVIiLCJleHAiOjE3ODcxMTU1MDIsInVzZXJJZCI6IjQ4MSIsImlhdCI6MTc4NzAyOTEwMn0._yXqMRMw5zyj0crpkf0MNv-uKJ-FN_yIYMHEdTHdXxXajSClwPM2Y-BmK1kbOJNVDC9m3-orbBjq3AnSenqEcA
testuser_0713,100727,eyJhbGciOiJIUzUxMiJ9.eyJzdWIiOiJ0ZXN0dXNlcl8wNzEzIiwicm9sZXMiOiJST0xFX1VTRVIiLCJleHAiOjE3ODcxMTU1MDIsInVzZXJJZCI6IjcxMyIsImlhdCI6MTc4NzAyOTEwMn0.WsgqCcIGkWlmCpHZ3labzXWXYx971bUPuHyDRLRijVxbTBl-SJdhNeiT1PKmwrdQw0TaGAu08c6rpRYk2bp7Uw
testuser_0320,100728,eyJhbGciOiJIUzUxMiJ9.eyJzdWIiOiJ0ZXN0dXNlcl8wMzIwIiwicm9sZXMiOiJST0xFX1VTRVIiLCJleHAiOjE3ODcxMTU1MDIsInVzZXJJZCI6IjMyMCIsImlhdCI6MTc4NzAyOTEwMn0.WcyDM1S09S5O-7FsMw89PiDAwIhpzZN0JI5xAsBrGSOnIX1hutcansveSTmeWjKLSOlqa8V1FPMblqd95x_Yrw
testuser_0086,100729,eyJhbGciOiJIUzUxMiJ9.eyJzdWIiOiJ0ZXN0dXNlcl8wMDg2Iiwicm9sZXMiOiJST0xFX1VTRVIiLCJleHAiOjE3ODcxMTU1MDIsInVzZXJJZCI6Ijg2IiwiaWF0IjoxNzg3MDI5MTAyfQ.ZQintlCM8sYp29qTdxSx0PvMwnYfQZzC0hRg9B_yeDvXicPadPnPIsk_TJEG3V4DiWHwJMCMnzxmwebJ1Ka9Xw
testuser_0154,100734,eyJhbGciOiJIUzUxMiJ9.eyJzdWIiOiJ0ZXN0dXNlcl8wMTU0Iiwicm9sZXMiOiJST0xFX1VTRVIiLCJleHAiOjE3ODcxMTU1MDIsInVzZXJJZCI6IjE1NCIsImlhdCI6MTc4NzAyOTEwMn0.gGR0n4wHg0UbKcfaUS_U3MwXWl65T75qYhdP14rxot9C-Ef76UAGAWTR-8V08ZKswmVeUprdfh-vY4H-lKOl_g
testuser_0553,100736,eyJhbGciOiJIUzUxMiJ9.eyJzdWIiOiJ0ZXN0dXNlcl8wNTUzIiwicm9sZXMiOiJST0xFX1VTRVIiLCJleHAiOjE3ODcxMTU1MDIsInVzZXJJZCI6IjU1MyIsImlhdCI6MTc4NzAyOTEwMn0.8MNpTDupa6vDg1IwxnW3GRuDclKBdNENUlLkmYTz1zNJ1Ltj9qM0Ya7vBc_eKPPYCXKXTDJcXM9xjtrA2H64Bw
testuser_0760,100737,eyJhbGciOiJIUzUxMiJ9.eyJzdWIiOiJ0ZXN0dXNlcl8wNzYwIiwicm9sZXMiOiJST0xFX1VTRVIiLCJleHAiOjE3ODcxMTU1MDIsInVzZXJJZCI6Ijc2MCIsImlhdCI6MTc4NzAyOTEwMn0.rcoB_A7V7hS3wUw39xH4p-umMDM2TYUUUBRpK1ivB69wHVNyBPlryrWkyx3qBVa0G8YcnmYuG4IEp-UL8_IxCw
testuser_0676,100738,eyJhbGciOiJIUzUxMiJ9.eyJzdWIiOiJ0ZXN0dXNlcl8wNjc2Iiwicm9sZXMiOiJST0xFX1VTRVIiLCJleHAiOjE3ODcxMTU1MDIsInVzZXJJZCI6IjY3NiIsImlhdCI6MTc4NzAyOTEwMn0.Lzsd8k5RbYPipkvhAN-FOG13wSABGgkGMAK3xjQ75kNe6Iys_lHbToiT8rtH1P1Pza53VRxHgwDah3B4mrLcWA
testuser_0195,100739,eyJhbGciOiJIUzUxMiJ9.eyJzdWIiOiJ0ZXN0dXNlcl8wMTk1Iiwicm9sZXMiOiJST0xFX1VTRVIiLCJleHAiOjE3ODcxMTU1MDMsInVzZXJJZCI6IjE5NSIsImlhdCI6MTc4NzAyOTEwM30.-xK6Y9relFqYOb1urtOv_Rr3UyJo4uewam5IHY0bsuXxt48desoXNCA8z8FppYSqV1GHNcQ9C6Oqgv3_s9kuNQ
testuser_0860,100740,eyJhbGciOiJIUzUxMiJ9.eyJzdWIiOiJ0ZXN0dXNlcl8wODYwIiwicm9sZXMiOiJST0xFX1VTRVIiLCJleHAiOjE3ODcxMTU1MDMsInVzZXJJZCI6Ijg2MCIsImlhdCI6MTc4NzAyOTEwM30.QBQT6i3jr9P9AHysL0EeEgUIgz_io42abYxg6GAXHBJTB57Ghwl8SVHsdwPXvJrP7kyRqnVgQ0LO960JEmJ9BQ
testuser_0248,100741,eyJhbGciOiJIUzUxMiJ9.eyJzdWIiOiJ0ZXN0dXNlcl8wMjQ4Iiwicm9sZXMiOiJST0xFX1VTRVIiLCJleHAiOjE3ODcxMTU1MDMsInVzZXJJZCI6IjI0OCIsImlhdCI6MTc4NzAyOTEwM30.Uh1e25lsolCFNkpTEFaaZZAGk0kP5VYfupLF1ZrPI6FTWkDPZvFOoxNWDHOqYhFkPVNX0Uj0-CQ2g0f_9fcr5g
testuser_0364,100742,eyJhbGciOiJIUzUxMiJ9.eyJzdWIiOiJ0ZXN0dXNlcl8wMzY0Iiwicm9sZXMiOiJST0xFX1VTRVIiLCJleHAiOjE3ODcxMTU1MDMsInVzZXJJZCI6IjM2NCIsImlhdCI6MTc4NzAyOTEwM30.YTxbU5mYCfkvKKVJVE49X8g4AJ8v_2N0xcHnc3R6777pPGtSGwiLNOthXWtKQl-XiiYLigNfXM9HtpJcb4juww
testuser_0900,100743,eyJhbGciOiJIUzUxMiJ9.eyJzdWIiOiJ0ZXN0dXNlcl8wOTAwIiwicm9sZXMiOiJST0xFX1VTRVIiLCJleHAiOjE3ODcxMTU1MDMsInVzZXJJZCI6IjkwMCIsImlhdCI6MTc4NzAyOTEwM30.pgHN4JRWTlRFCUokICyb_iVKN4eE9wHUveJLX1SQwHpNK84ofmka6HAyJrtTAuiqh0eNcgSDav74YFhPUpRfJw
testuser_0947,100745,eyJhbGciOiJIUzUxMiJ9.eyJzdWIiOiJ0ZXN0dXNlcl8wOTQ3Iiwicm9sZXMiOiJST0xFX1VTRVIiLCJleHAiOjE3ODcxMTU1MDMsInVzZXJJZCI6Ijk0NyIsImlhdCI6MTc4NzAyOTEwM30.81EJ1JFolgRC4SlTunae2d-xAEInWz2h-CS_OEhTWgjFNjakpOIy1WD5gBaoji1sdgc_9lveN2pgBK55lGor3w
testuser_0830,100748,eyJhbGciOiJIUzUxMiJ9.eyJzdWIiOiJ0ZXN0dXNlcl8wODMwIiwicm9sZXMiOiJST0xFX1VTRVIiLCJleHAiOjE3ODcxMTU1MDMsInVzZXJJZCI6IjgzMCIsImlhdCI6MTc4NzAyOTEwM30.sw9izXof1gej6Rch7hRRhrYgl3EVuTgnrNdkupUEU38vSoyUDlImoBXBgbWOvnlBgN6TJixBOj-Mu5XM76wabw
testuser_0463,100750,eyJhbGciOiJIUzUxMiJ9.eyJzdWIiOiJ0ZXN0dXNlcl8wNDYzIiwicm9sZXMiOiJST0xFX1VTRVIiLCJleHAiOjE3ODcxMTU1MDMsInVzZXJJZCI6IjQ2MyIsImlhdCI6MTc4NzAyOTEwM30.9xPTftWBHQjiOG6Xx8B_yuVD0dE3z9O7sQW9b2dl67w-i3Jxq4gqZ1jAVmcB-qOYL0Osat-BpU8P0lLnJB2VGQ
testuser_0380,100751,eyJhbGciOiJIUzUxMiJ9.eyJzdWIiOiJ0ZXN0dXNlcl8wMzgwIiwicm9sZXMiOiJST0xFX1VTRVIiLCJleHAiOjE3ODcxMTU1MDMsInVzZXJJZCI6IjM4MCIsImlhdCI6MTc4NzAyOTEwM30.Fc8ErBTP6GHteINNA4A4BEnZFBMinM4ZeTKtp5yzXMNoYtiIIdcuUYp05Fj4bR53w2_dURYEKblRz_ynNx8_uw
testuser_0053,100753,eyJhbGciOiJIUzUxMiJ9.eyJzdWIiOiJ0ZXN0dXNlcl8wMDUzIiwicm9sZXMiOiJST0xFX1VTRVIiLCJleHAiOjE3ODcxMTU1MDMsInVzZXJJZCI6IjUzIiwiaWF0IjoxNzg3MDI5MTAzfQ.aj24kyKQ-T7w6H7x2kc70alioW3rzl1Ec_dKShpt84BIXVAL_OjORBQwEl8syKUCl8rhWe_nS7zSEroZav2K7w
testuser_0691,100757,eyJhbGciOiJIUzUxMiJ9.eyJzdWIiOiJ0ZXN0dXNlcl8wNjkxIiwicm9sZXMiOiJST0xFX1VTRVIiLCJleHAiOjE3ODcxMTU1MDMsInVzZXJJZCI6IjY5MSIsImlhdCI6MTc4NzAyOTEwM30.8OHmNclNYa_aQd_BkoCauCKehhTXL5ns3N6aPOe5sFkCpmIjF_vhy4jPRI85ZvSQf68cTmmxc_MnkhsDK-wytA
testuser_0430,100759,eyJhbGciOiJIUzUxMiJ9.eyJzdWIiOiJ0ZXN0dXNlcl8wNDMwIiwicm9sZXMiOiJST0xFX1VTRVIiLCJleHAiOjE3ODcxMTU1MDQsInVzZXJJZCI6IjQzMCIsImlhdCI6MTc4NzAyOTEwNH0.pJWQuiqio2Ve4uTyyWy42GjHCQ3OsUwXxBYN-NU-bc00bGGryC9gqwLqk8nA6cdkKoQkrqXknF4d16EKkBsFQQ
testuser_0021,100760,eyJhbGciOiJIUzUxMiJ9.eyJzdWIiOiJ0ZXN0dXNlcl8wMDIxIiwicm9sZXMiOiJST0xFX1VTRVIiLCJleHAiOjE3ODcxMTU1MDQsInVzZXJJZCI6IjIxIiwiaWF0IjoxNzg3MDI5MTA0fQ.RjEHiYfxRE0YUqHgfAS67T8CfUZBfVmdGNmITz7xMUwnGgWnnWG_TLZf8CB8yJxJm42dohqBZ3yGxgeXoGN6NA
testuser_0209,100761,eyJhbGciOiJIUzUxMiJ9.eyJzdWIiOiJ0ZXN0dXNlcl8wMjA5Iiwicm9sZXMiOiJST0xFX1VTRVIiLCJleHAiOjE3ODcxMTU1MDQsInVzZXJJZCI6IjIwOSIsImlhdCI6MTc4NzAyOTEwNH0.MsqWosU7AHST26f7NQmMELcWFvUiRky_19ZuxdpRMghxOwlk1V8bL9d8c1PKZFidCWrOiWLxodOUXtQnkO50og
testuser_0621,100762,eyJhbGciOiJIUzUxMiJ9.eyJzdWIiOiJ0ZXN0dXNlcl8wNjIxIiwicm9sZXMiOiJST0xFX1VTRVIiLCJleHAiOjE3ODcxMTU1MDQsInVzZXJJZCI6IjYyMSIsImlhdCI6MTc4NzAyOTEwNH0.VXCGdRiavSv6Y77ykbggaagk_3X4vD8qom4sjk-aDLKB_YXyVqf6RiWVqn06l_2vK0VShIvg8QFE4EMB1mPIJg
testuser_0253,100764,eyJhbGciOiJIUzUxMiJ9.eyJzdWIiOiJ0ZXN0dXNlcl8wMjUzIiwicm9sZXMiOiJST0xFX1VTRVIiLCJleHAiOjE3ODcxMTU1MDQsInVzZXJJZCI6IjI1MyIsImlhdCI6MTc4NzAyOTEwNH0.mndHu_9zNYkt5dzsLGiZgqMO3o94ulfU2mUL34wvvX-jhZ8vtIgCLW2MMGI-VqPRSg2TkjgOzmzf5bz6MTpWvg
testuser_0038,100765,eyJhbGciOiJIUzUxMiJ9.eyJzdWIiOiJ0ZXN0dXNlcl8wMDM4Iiwicm9sZXMiOiJST0xFX1VTRVIiLCJleHAiOjE3ODcxMTU1MDQsInVzZXJJZCI6IjM4IiwiaWF0IjoxNzg3MDI5MTA0fQ.IO728ZUe2dEH2gn81gfMQWkBUtdQSAu9o5NsOuNtebe_bWKjvcTWyPbYs_sEHcGtMusBt8G0QvsWZ_2R7_xgGg
testuser_0559,100766,eyJhbGciOiJIUzUxMiJ9.eyJzdWIiOiJ0ZXN0dXNlcl8wNTU5Iiwicm9sZXMiOiJST0xFX1VTRVIiLCJleHAiOjE3ODcxMTU1MDQsInVzZXJJZCI6IjU1OSIsImlhdCI6MTc4NzAyOTEwNH0.-MLGv7gSoWIL0_HW2TrDY8zi05S0Am2ONi7XWfbJw9yxJXpRVB05wwOkJKYoZJmWdSK78an7VA_KqCcuzVvKwA
testuser_0788,100767,eyJhbGciOiJIUzUxMiJ9.eyJzdWIiOiJ0ZXN0dXNlcl8wNzg4Iiwicm9sZXMiOiJST0xFX1VTRVIiLCJleHAiOjE3ODcxMTU1MDQsInVzZXJJZCI6Ijc4OCIsImlhdCI6MTc4NzAyOTEwNH0.74xul1bI2p3GCIde7FieG3b0r4lZktanaeqSjr5U_MhYrlYTJre87-9lbO5lRJNzRJQ8Xtp4Yaou3QXgtaLYRQ
testuser_0712,100768,eyJhbGciOiJIUzUxMiJ9.eyJzdWIiOiJ0ZXN0dXNlcl8wNzEyIiwicm9sZXMiOiJST0xFX1VTRVIiLCJleHAiOjE3ODcxMTU1MDQsInVzZXJJZCI6IjcxMiIsImlhdCI6MTc4NzAyOTEwNH0.KXA0rlSw5T3PGpP9soLlY1piUuMETJ1BqZ0AwIJc4it6aMgiXDE9Msyn9ykw68b8P_5Gh5ldsonHpDnylAW5rg
testuser_0225,100771,eyJhbGciOiJIUzUxMiJ9.eyJzdWIiOiJ0ZXN0dXNlcl8wMjI1Iiwicm9sZXMiOiJST0xFX1VTRVIiLCJleHAiOjE3ODcxMTU1MDQsInVzZXJJZCI6IjIyNSIsImlhdCI6MTc4NzAyOTEwNH0.7kCTVEy--Dkd9dMFlL4vvfOgKiUBm63hT_RjXhI1L4VUcWBs0T8qsM303CX5hGGe4D8MDJXVK6IBJA4LV8KD0Q
testuser_0501,100783,eyJhbGciOiJIUzUxMiJ9.eyJzdWIiOiJ0ZXN0dXNlcl8wNTAxIiwicm9sZXMiOiJST0xFX1VTRVIiLCJleHAiOjE3ODcxMTU1MDQsInVzZXJJZCI6IjUwMSIsImlhdCI6MTc4NzAyOTEwNH0.S18_Lk0OtU9tMBuqmmCyXHKiekyAeMR_6HvkeTjz9C-v7-_Ch2wrbNtEKJfbXqjVYV16rst-_N5nDYQYPqBN1g
testuser_0117,100784,eyJhbGciOiJIUzUxMiJ9.eyJzdWIiOiJ0ZXN0dXNlcl8wMTE3Iiwicm9sZXMiOiJST0xFX1VTRVIiLCJleHAiOjE3ODcxMTU1MDUsInVzZXJJZCI6IjExNyIsImlhdCI6MTc4NzAyOTEwNX0.0vY3gSyAW3fpXy--cnuq9MJoH0e-vcmeRHIzGTqSIS7C0YjNiYPqrHHPOpEp4FrQRqFphh6ZTDzA-Ra46n5OXw
testuser_0750,100788,eyJhbGciOiJIUzUxMiJ9.eyJzdWIiOiJ0ZXN0dXNlcl8wNzUwIiwicm9sZXMiOiJST0xFX1VTRVIiLCJleHAiOjE3ODcxMTU1MDUsInVzZXJJZCI6Ijc1MCIsImlhdCI6MTc4NzAyOTEwNX0.mLQQd6mop0NjhvbSsSRxMZ-hY5Can6AyviLY8ygOzTy6iKwFDNm4P_uNzB_9dhj3jWD2PI1facadI5nmeENrtQ
testuser_0226,100791,eyJhbGciOiJIUzUxMiJ9.eyJzdWIiOiJ0ZXN0dXNlcl8wMjI2Iiwicm9sZXMiOiJST0xFX1VTRVIiLCJleHAiOjE3ODcxMTU1MDUsInVzZXJJZCI6IjIyNiIsImlhdCI6MTc4NzAyOTEwNX0.FxB6QBdauRQXd4HqBgHE5-x0UOQXOrXX7QtaHZh53Xodo8CUL5EwVr0bqCAB8yWaf_8qIvN9IKpvMF6kNLcPAg
testuser_0744,100795,eyJhbGciOiJIUzUxMiJ9.eyJzdWIiOiJ0ZXN0dXNlcl8wNzQ0Iiwicm9sZXMiOiJST0xFX1VTRVIiLCJleHAiOjE3ODcxMTU1MDUsInVzZXJJZCI6Ijc0NCIsImlhdCI6MTc4NzAyOTEwNX0.dIbqwr3RBfh5UHhfRcdjtoOBhQ2Ma8wSKVElLZliZp9bvjcPC1ujmqJgXxNrZJvpcQIrhj_tSNCV5_ul-pbbuA
testuser_0010,100796,eyJhbGciOiJIUzUxMiJ9.eyJzdWIiOiJ0ZXN0dXNlcl8wMDEwIiwicm9sZXMiOiJST0xFX1VTRVIiLCJleHAiOjE3ODcxMTU1MDUsInVzZXJJZCI6IjEwIiwiaWF0IjoxNzg3MDI5MTA1fQ.mTQ8usydy6xFy0W2Pez0duZOmBEGv07MGk1jGWLtiz2rypay5qUAFBOsbTIOM71h4-NTJwflghZWre5_NK4Tuw
testuser_0466,100800,eyJhbGciOiJIUzUxMiJ9.eyJzdWIiOiJ0ZXN0dXNlcl8wNDY2Iiwicm9sZXMiOiJST0xFX1VTRVIiLCJleHAiOjE3ODcxMTU1MDUsInVzZXJJZCI6IjQ2NiIsImlhdCI6MTc4NzAyOTEwNX0.qEBFWUsUsuey6x1d0VrmHKeGXW8zHIKQP1REzpFUHiSq0M3TV34kUnxRvATGsJ03Y5b0UBi1GoFmr_S37EjsaA
testuser_0135,100801,eyJhbGciOiJIUzUxMiJ9.eyJzdWIiOiJ0ZXN0dXNlcl8wMTM1Iiwicm9sZXMiOiJST0xFX1VTRVIiLCJleHAiOjE3ODcxMTU1MDUsInVzZXJJZCI6IjEzNSIsImlhdCI6MTc4NzAyOTEwNX0.eJI2VKCvyIVqSsMhIWJu_Jll2Ou-xI_Brxlneisy6_Uifo9YST0DQTwPh1b2unH3T30r3RCBInMjcu4BZrjdtA
testuser_0670,100802,eyJhbGciOiJIUzUxMiJ9.eyJzdWIiOiJ0ZXN0dXNlcl8wNjcwIiwicm9sZXMiOiJST0xFX1VTRVIiLCJleHAiOjE3ODcxMTU1MDUsInVzZXJJZCI6IjY3MCIsImlhdCI6MTc4NzAyOTEwNX0.zlTw8sbPsL-logqAXkIIhbqXrNd3ehPIeoQnYogsL4oTUxTv3w1DEeiruthEsMrdzrotUCltXr10QgxviUSBmg
testuser_0464,100803,eyJhbGciOiJIUzUxMiJ9.eyJzdWIiOiJ0ZXN0dXNlcl8wNDY0Iiwicm9sZXMiOiJST0xFX1VTRVIiLCJleHAiOjE3ODcxMTU1MDUsInVzZXJJZCI6IjQ2NCIsImlhdCI6MTc4NzAyOTEwNX0.XnkdQaJlNsXccOxrjfHgIi8uiWEoj-LtwNlkepaYqv1_nKyy10KCcfcNY7wWHYgxoStRYcJF5_21GH1mwZehXw
testuser_0974,100804,eyJhbGciOiJIUzUxMiJ9.eyJzdWIiOiJ0ZXN0dXNlcl8wOTc0Iiwicm9sZXMiOiJST0xFX1VTRVIiLCJleHAiOjE3ODcxMTU1MDUsInVzZXJJZCI6Ijk3NCIsImlhdCI6MTc4NzAyOTEwNX0.gIT4q0oOgSMTqdYOBpj9yv8zxr_Y0Hrk41sMvi7tFBKo8BstGfM_hTGTycI_ZW8QHpC85G68aXxl4zO5hK5mhg
testuser_0013,100807,eyJhbGciOiJIUzUxMiJ9.eyJzdWIiOiJ0ZXN0dXNlcl8wMDEzIiwicm9sZXMiOiJST0xFX1VTRVIiLCJleHAiOjE3ODcxMTU1MDYsInVzZXJJZCI6IjEzIiwiaWF0IjoxNzg3MDI5MTA2fQ.W_PW9hba5eMq7iDXlN4Kd-n86EV3wj7qRU07jnOsyQF7yYR_GC_k4uwiSacNOGcsPBFW5EgtnYbJPBBLQK8nWg
testuser_0485,100809,eyJhbGciOiJIUzUxMiJ9.eyJzdWIiOiJ0ZXN0dXNlcl8wNDg1Iiwicm9sZXMiOiJST0xFX1VTRVIiLCJleHAiOjE3ODcxMTU1MDYsInVzZXJJZCI6IjQ4NSIsImlhdCI6MTc4NzAyOTEwNn0.SLtw0YYxwf2CrPNubk9OR5cIQtGzDVn-mh8twVg3Zd-2VCMov_EgUonaE1KKgxeWlB4YKNigQngs-hL5Asz9eQ
testuser_0961,100817,eyJhbGciOiJIUzUxMiJ9.eyJzdWIiOiJ0ZXN0dXNlcl8wOTYxIiwicm9sZXMiOiJST0xFX1VTRVIiLCJleHAiOjE3ODcxMTU1MDYsInVzZXJJZCI6Ijk2MSIsImlhdCI6MTc4NzAyOTEwNn0.CKdtBiDyaw1Bxv-L6Cxx66YqM9Q89V_wYVQm8GrPLBVENFDrgOsmCtVeinTttW91EEUywKW7DZ1R1QgwXLMAag
testuser_0414,100818,eyJhbGciOiJIUzUxMiJ9.eyJzdWIiOiJ0ZXN0dXNlcl8wNDE0Iiwicm9sZXMiOiJST0xFX1VTRVIiLCJleHAiOjE3ODcxMTU1MDYsInVzZXJJZCI6IjQxNCIsImlhdCI6MTc4NzAyOTEwNn0.tf16MUApkt-zbMJ135T2w5CRFk72C53M3ACGWqii1rikGe9-9ZClhHulrVaUdSqxntgRDCta9kGw4lxiLTuQKw
testuser_0631,100819,eyJhbGciOiJIUzUxMiJ9.eyJzdWIiOiJ0ZXN0dXNlcl8wNjMxIiwicm9sZXMiOiJST0xFX1VTRVIiLCJleHAiOjE3ODcxMTU1MDYsInVzZXJJZCI6IjYzMSIsImlhdCI6MTc4NzAyOTEwNn0.a6IybuYYvTcPbPoaVhgPmdkmQ5ctDGXTc6ZWfpHwATYXiLMJl1NHg1hc2vuYclBUvDrf7E94gr4zpnlLDIh7Yw
testuser_0697,100820,eyJhbGciOiJIUzUxMiJ9.eyJzdWIiOiJ0ZXN0dXNlcl8wNjk3Iiwicm9sZXMiOiJST0xFX1VTRVIiLCJleHAiOjE3ODcxMTU1MDYsInVzZXJJZCI6IjY5NyIsImlhdCI6MTc4NzAyOTEwNn0.abEJ4dPK7T8k4-9GlTBVGddOTF5v3ZWJr4poe2-IcYxb2N-9T73DFuo_BZUYmuauYcj7VGKDQkwiCTJPgeymBg
testuser_0232,100821,eyJhbGciOiJIUzUxMiJ9.eyJzdWIiOiJ0ZXN0dXNlcl8wMjMyIiwicm9sZXMiOiJST0xFX1VTRVIiLCJleHAiOjE3ODcxMTU1MDYsInVzZXJJZCI6IjIzMiIsImlhdCI6MTc4NzAyOTEwNn0.eRftWWg1V3UuSeQqcyQTkefVhqw_eIxqQRpI5e_A6KMisH-_EceHtvcGI_0cHlbzoIWE7KRb9PWfIwfE02O3eQ
testuser_0505,100824,eyJhbGciOiJIUzUxMiJ9.eyJzdWIiOiJ0ZXN0dXNlcl8wNTA1Iiwicm9sZXMiOiJST0xFX1VTRVIiLCJleHAiOjE3ODcxMTU1MDYsInVzZXJJZCI6IjUwNSIsImlhdCI6MTc4NzAyOTEwNn0.lVa8VMKgZnvf6uP_xXNVHHu_o68w6hFJpjuil-EVc5cmCTdGQeI6cDb7Q9qDLzv3bxXKE3LRLbpxX2li7JNv9g
testuser_0145,100827,eyJhbGciOiJIUzUxMiJ9.eyJzdWIiOiJ0ZXN0dXNlcl8wMTQ1Iiwicm9sZXMiOiJST0xFX1VTRVIiLCJleHAiOjE3ODcxMTU1MDYsInVzZXJJZCI6IjE0NSIsImlhdCI6MTc4NzAyOTEwNn0.ZpmrRT5HmK-7pDyyBE5Duuj_WgOSKf939cesv0iLFT4rTfv5OfJBh40Z1Z8UCCtnASKLHHleyzp2ISkUuSWS4Q
testuser_0361,100828,eyJhbGciOiJIUzUxMiJ9.eyJzdWIiOiJ0ZXN0dXNlcl8wMzYxIiwicm9sZXMiOiJST0xFX1VTRVIiLCJleHAiOjE3ODcxMTU1MDYsInVzZXJJZCI6IjM2MSIsImlhdCI6MTc4NzAyOTEwNn0.6JfOPJxbUxpsA9DBtWwFbmNhnR6QGF6SUU9Y2q_KhkaqM9o7lcpllc3n9ZOLIKE7FUMibEiHa4tYyJzIuuAmfA
testuser_0867,100829,eyJhbGciOiJIUzUxMiJ9.eyJzdWIiOiJ0ZXN0dXNlcl8wODY3Iiwicm9sZXMiOiJST0xFX1VTRVIiLCJleHAiOjE3ODcxMTU1MDYsInVzZXJJZCI6Ijg2NyIsImlhdCI6MTc4NzAyOTEwNn0.WDB6R08CUpRpjmmCW8gJ9Y7Qi6BmvbcRDho1GBbXlny4RAmqrWZ3pk7JVPmlck28g2p82HrzPz0K4TK9UhYapg
testuser_0916,100840,eyJhbGciOiJIUzUxMiJ9.eyJzdWIiOiJ0ZXN0dXNlcl8wOTE2Iiwicm9sZXMiOiJST0xFX1VTRVIiLCJleHAiOjE3ODcxMTU1MDYsInVzZXJJZCI6IjkxNiIsImlhdCI6MTc4NzAyOTEwNn0.fU49WXpYNrWgSThdFF2KL3niFGJtuBpkEgyPhRLe-sCs_A_sfPhjy19Ke-K7DPvrrpvUHus1SGY7X5wb4LI8gQ
testuser_0132,100841,eyJhbGciOiJIUzUxMiJ9.eyJzdWIiOiJ0ZXN0dXNlcl8wMTMyIiwicm9sZXMiOiJST0xFX1VTRVIiLCJleHAiOjE3ODcxMTU1MDcsInVzZXJJZCI6IjEzMiIsImlhdCI6MTc4NzAyOTEwN30.EyM9Bkw5jRc3QV5Y-9OzUANlkATrVhmLblOwA_Cl5OHAIUIkiUTk03l5VaNTWsGth6W4hhhTnSDEVSw30GYEgQ
testuser_0937,100842,eyJhbGciOiJIUzUxMiJ9.eyJzdWIiOiJ0ZXN0dXNlcl8wOTM3Iiwicm9sZXMiOiJST0xFX1VTRVIiLCJleHAiOjE3ODcxMTU1MDcsInVzZXJJZCI6IjkzNyIsImlhdCI6MTc4NzAyOTEwN30.OGL6tvtNbEnhxjcaOqIrZgTanCZ82tmL26EGWpxegbE_IKEfJPNLHhJE7_aNR_f2xm7W1u4oPoaI3DruZ5T3Mg
testuser_0235,100844,eyJhbGciOiJIUzUxMiJ9.eyJzdWIiOiJ0ZXN0dXNlcl8wMjM1Iiwicm9sZXMiOiJST0xFX1VTRVIiLCJleHAiOjE3ODcxMTU1MDcsInVzZXJJZCI6IjIzNSIsImlhdCI6MTc4NzAyOTEwN30.vjZuXcAa2dl0NN9ITocT8tmutw-6UgXKCt0-QhMW0B5tt9odm_Cp4ZA5j5yyZLbLd3P9tkQsWf_DC5eNMZ4eYg
testuser_0136,100847,eyJhbGciOiJIUzUxMiJ9.eyJzdWIiOiJ0ZXN0dXNlcl8wMTM2Iiwicm9sZXMiOiJST0xFX1VTRVIiLCJleHAiOjE3ODcxMTU1MDcsInVzZXJJZCI6IjEzNiIsImlhdCI6MTc4NzAyOTEwN30.cagdkFF3Lo2ClmI6r6zu-vTiSaNco9I0SbFqR0rU7ERlH-83Oo-nYFsKxSClorGSNwSgGloooQUXisJg1URZ4g
testuser_0749,100854,eyJhbGciOiJIUzUxMiJ9.eyJzdWIiOiJ0ZXN0dXNlcl8wNzQ5Iiwicm9sZXMiOiJST0xFX1VTRVIiLCJleHAiOjE3ODcxMTU1MDcsInVzZXJJZCI6Ijc0OSIsImlhdCI6MTc4NzAyOTEwN30.17SeLhl339tC8vM38JxYJ6OTTUK5pQCDdJp4Qv0t4GnaIYNDaTJqQ4Zx5LGG6isDH0pOi527onhe9PwLGIl2Rg
testuser_0730,100855,eyJhbGciOiJIUzUxMiJ9.eyJzdWIiOiJ0ZXN0dXNlcl8wNzMwIiwicm9sZXMiOiJST0xFX1VTRVIiLCJleHAiOjE3ODcxMTU1MDcsInVzZXJJZCI6IjczMCIsImlhdCI6MTc4NzAyOTEwN30.NLApumdCjkCZ8X-x-19G25DNUJnk9Qovgt9n8DLGRHJ_XyEfsASVn8wSnxwTDKCkdaS71_OfMaD5kPU4NRHr0Q
testuser_0990,100857,eyJhbGciOiJIUzUxMiJ9.eyJzdWIiOiJ0ZXN0dXNlcl8wOTkwIiwicm9sZXMiOiJST0xFX1VTRVIiLCJleHAiOjE3ODcxMTU1MDcsInVzZXJJZCI6Ijk5MCIsImlhdCI6MTc4NzAyOTEwN30.BE3yS7MOQztx3pNq97SvETyhE8eybkLRP4KWh6Ctgo0k1zsJMBuasg1yaYwOsdaSU-PqThx28akEVep10TPjKQ
testuser_0777,100858,eyJhbGciOiJIUzUxMiJ9.eyJzdWIiOiJ0ZXN0dXNlcl8wNzc3Iiwicm9sZXMiOiJST0xFX1VTRVIiLCJleHAiOjE3ODcxMTU1MDcsInVzZXJJZCI6Ijc3NyIsImlhdCI6MTc4NzAyOTEwN30.GueKsRp9JXwdwzhFsLLnBY92poJH9xdOKWCFeHia0Wmq-Jq8hssSQEvTcdN9RtDI-yGzdt9fTkLWYHMTgWMxkg
testuser_0071,100863,eyJhbGciOiJIUzUxMiJ9.eyJzdWIiOiJ0ZXN0dXNlcl8wMDcxIiwicm9sZXMiOiJST0xFX1VTRVIiLCJleHAiOjE3ODcxMTU1MDcsInVzZXJJZCI6IjcxIiwiaWF0IjoxNzg3MDI5MTA3fQ.P4TPguQ55JmSqpSs9fez5NB3Lqi6FibJBowoJDA50M71PZ3eQZE57iA3qRMyj8Qm1XL5_lkb5fdUCU2Kx-mVYQ
testuser_0250,100864,eyJhbGciOiJIUzUxMiJ9.eyJzdWIiOiJ0ZXN0dXNlcl8wMjUwIiwicm9sZXMiOiJST0xFX1VTRVIiLCJleHAiOjE3ODcxMTU1MDcsInVzZXJJZCI6IjI1MCIsImlhdCI6MTc4NzAyOTEwN30.jw_MCUc2QkxliC67t-Xqd-qiR0UJky_6oGYVYURF2Q9MYBHN5UQDxEbTii0eUuZT8aaY2Kqqdr79QRGFRVaNZA
testuser_0672,100865,eyJhbGciOiJIUzUxMiJ9.eyJzdWIiOiJ0ZXN0dXNlcl8wNjcyIiwicm9sZXMiOiJST0xFX1VTRVIiLCJleHAiOjE3ODcxMTU1MDgsInVzZXJJZCI6IjY3MiIsImlhdCI6MTc4NzAyOTEwOH0.-gPPuO8PgaChe3j_dRA78UAT-MrmbI5dOB6a5WDj5Cd8lUxhiUer1ZFRVjNYXJSTRuAeH-FThslCYEtNrz09-A
testuser_0816,100871,eyJhbGciOiJIUzUxMiJ9.eyJzdWIiOiJ0ZXN0dXNlcl8wODE2Iiwicm9sZXMiOiJST0xFX1VTRVIiLCJleHAiOjE3ODcxMTU1MDgsInVzZXJJZCI6IjgxNiIsImlhdCI6MTc4NzAyOTEwOH0.cJHjkTEzd_GwgWraJezH2F8t8DeuUG6XAcMsYYNo7chcou8tavLfK3gwzYOZ7szE84E5gjf4k7B4OLYgt9Jg3Q
testuser_0951,100877,eyJhbGciOiJIUzUxMiJ9.eyJzdWIiOiJ0ZXN0dXNlcl8wOTUxIiwicm9sZXMiOiJST0xFX1VTRVIiLCJleHAiOjE3ODcxMTU1MDgsInVzZXJJZCI6Ijk1MSIsImlhdCI6MTc4NzAyOTEwOH0.F3v-SmaC9Tykh594TJh0t2d85qjt27TOqCMcw4HnNwBbvt5vLLpOLsLK6ZS_4NRV4t7Fi1sAqFKQhURKcm244g
testuser_0504,100878,eyJhbGciOiJIUzUxMiJ9.eyJzdWIiOiJ0ZXN0dXNlcl8wNTA0Iiwicm9sZXMiOiJST0xFX1VTRVIiLCJleHAiOjE3ODcxMTU1MDgsInVzZXJJZCI6IjUwNCIsImlhdCI6MTc4NzAyOTEwOH0.DOS0iZnHWup_1GH232MRmKFeGVOArRJwOGk0n_R2f-9OLQK34Bf3v_wjrfeAKY4-PGaY2Yag_tVprefcozfqjw
testuser_0216,100881,eyJhbGciOiJIUzUxMiJ9.eyJzdWIiOiJ0ZXN0dXNlcl8wMjE2Iiwicm9sZXMiOiJST0xFX1VTRVIiLCJleHAiOjE3ODcxMTU1MDgsInVzZXJJZCI6IjIxNiIsImlhdCI6MTc4NzAyOTEwOH0.-Y37d-71dwdlWWfo4rqM_EAnkxeJVEvQan8Htg9XKUvv80Hx2vlx9d94caSC58WZ-Wb5hxBynpON20vjg-Pi4Q
testuser_0852,100885,eyJhbGciOiJIUzUxMiJ9.eyJzdWIiOiJ0ZXN0dXNlcl8wODUyIiwicm9sZXMiOiJST0xFX1VTRVIiLCJleHAiOjE3ODcxMTU1MDgsInVzZXJJZCI6Ijg1MiIsImlhdCI6MTc4NzAyOTEwOH0.zp45NL0JKhVnnVMiFgfH34ow0Q7u2aqwxo-IcSXXjDzFhfCNGZhwBLU09onm0hx62IPjJh4-D7yddTFxSC8fyQ
testuser_0419,100886,eyJhbGciOiJIUzUxMiJ9.eyJzdWIiOiJ0ZXN0dXNlcl8wNDE5Iiwicm9sZXMiOiJST0xFX1VTRVIiLCJleHAiOjE3ODcxMTU1MDgsInVzZXJJZCI6IjQxOSIsImlhdCI6MTc4NzAyOTEwOH0._YkR4FgxiWG2UUNMQAwnWuUYFPunEDLqh6yAxmFloeQ2wDG9GKC6kt9DksQz7yUVCg0WlptZgHyDSPiih6kOgg
testuser_0698,100888,eyJhbGciOiJIUzUxMiJ9.eyJzdWIiOiJ0ZXN0dXNlcl8wNjk4Iiwicm9sZXMiOiJST0xFX1VTRVIiLCJleHAiOjE3ODcxMTU1MDgsInVzZXJJZCI6IjY5OCIsImlhdCI6MTc4NzAyOTEwOH0.c1dap0osdYAAjak9ItAucQRMx3qk8SV7fHFVkTnVqj9wSuMmbMDFm46owR2gFbtWz9BrC8-sUwCMKBypNK90uQ
testuser_0405,100889,eyJhbGciOiJIUzUxMiJ9.eyJzdWIiOiJ0ZXN0dXNlcl8wNDA1Iiwicm9sZXMiOiJST0xFX1VTRVIiLCJleHAiOjE3ODcxMTU1MDgsInVzZXJJZCI6IjQwNSIsImlhdCI6MTc4NzAyOTEwOH0.x4eFQm5Qz65sTziaS8SmiOrUCpJTQzQIMlQ2DQ-ce8jg6QoF1hOe6j3oHfSy6lx1OYZ_Y24WvlwfB3JPLnn3jQ
testuser_0710,100891,eyJhbGciOiJIUzUxMiJ9.eyJzdWIiOiJ0ZXN0dXNlcl8wNzEwIiwicm9sZXMiOiJST0xFX1VTRVIiLCJleHAiOjE3ODcxMTU1MDgsInVzZXJJZCI6IjcxMCIsImlhdCI6MTc4NzAyOTEwOH0.6w7wqqUtiYX2q6Arrz8fkW-IM3zGJCyABtXwKa7Dk0pUfAX8Y-QTU3MgJWQoQ8qoNuwcSYlBinK-gsHTuFI89w
testuser_0238,100892,eyJhbGciOiJIUzUxMiJ9.eyJzdWIiOiJ0ZXN0dXNlcl8wMjM4Iiwicm9sZXMiOiJST0xFX1VTRVIiLCJleHAiOjE3ODcxMTU1MDgsInVzZXJJZCI6IjIzOCIsImlhdCI6MTc4NzAyOTEwOH0.NLfI4Y-xmjgdrzmnWtaHPHPYYdmEmoLGo93zQD-WVjj4HKiwyFobVEYcA6co-Rc_lf_yijVvGQTWJpcSqmveNw
testuser_0563,100893,eyJhbGciOiJIUzUxMiJ9.eyJzdWIiOiJ0ZXN0dXNlcl8wNTYzIiwicm9sZXMiOiJST0xFX1VTRVIiLCJleHAiOjE3ODcxMTU1MDksInVzZXJJZCI6IjU2MyIsImlhdCI6MTc4NzAyOTEwOX0.HI7yR6Ze3jxpBhV1DtqpZNeqhZ26WVqheasoSPq_--Brk_ZLDJoRH95BTNvnLLXPRXTkKZVyUO39gdOBjJXd9Q
testuser_0059,100895,eyJhbGciOiJIUzUxMiJ9.eyJzdWIiOiJ0ZXN0dXNlcl8wMDU5Iiwicm9sZXMiOiJST0xFX1VTRVIiLCJleHAiOjE3ODcxMTU1MDksInVzZXJJZCI6IjU5IiwiaWF0IjoxNzg3MDI5MTA5fQ.blO7ZOm7qoqJPCRUcmGfGP7gJIDqJWuZ6RgOD8N-5_EALSPJ9sRg9YNkOZAFSkHcN933jamtHzhBNBZ_0uXocg
testuser_0089,100897,eyJhbGciOiJIUzUxMiJ9.eyJzdWIiOiJ0ZXN0dXNlcl8wMDg5Iiwicm9sZXMiOiJST0xFX1VTRVIiLCJleHAiOjE3ODcxMTU1MDksInVzZXJJZCI6Ijg5IiwiaWF0IjoxNzg3MDI5MTA5fQ.yq0lmhQa72nnL25Y-ilVL5nyQZXxzhi1filTZjRwqjEwsaQODV5GgzRCTthxS06EtBbIaZErgYQrdHFhtSBu5Q
testuser_0632,100898,eyJhbGciOiJIUzUxMiJ9.eyJzdWIiOiJ0ZXN0dXNlcl8wNjMyIiwicm9sZXMiOiJST0xFX1VTRVIiLCJleHAiOjE3ODcxMTU1MDksInVzZXJJZCI6IjYzMiIsImlhdCI6MTc4NzAyOTEwOX0.jxXHAG8BL2s1R65lnMTwe6kpJFKz22PAExCWmGYNap7speZDL5Lxod8Q9mWjHq_EuRCNN4luM95tgVIc_p1T9Q
testuser_0207,100902,eyJhbGciOiJIUzUxMiJ9.eyJzdWIiOiJ0ZXN0dXNlcl8wMjA3Iiwicm9sZXMiOiJST0xFX1VTRVIiLCJleHAiOjE3ODcxMTU1MDksInVzZXJJZCI6IjIwNyIsImlhdCI6MTc4NzAyOTEwOX0.zA-egIi6JR55COoh8i0hgZVi8pO-QzqmG5WpH_JXYXXViydqZ-I5e4nA2WAPS6UZsDFMb-lWSSNR-sgXkWZBJA
testuser_0198,100903,eyJhbGciOiJIUzUxMiJ9.eyJzdWIiOiJ0ZXN0dXNlcl8wMTk4Iiwicm9sZXMiOiJST0xFX1VTRVIiLCJleHAiOjE3ODcxMTU1MDksInVzZXJJZCI6IjE5OCIsImlhdCI6MTc4NzAyOTEwOX0.7dVDKO_VBQyarg8zqxHSVXTG4VwnDh_kyYGJXtsKWJ_czGc5Q69kf-EZtPCFDXORP7bj9Zun-JR2zyQ62gNuGA
testuser_0181,100904,eyJhbGciOiJIUzUxMiJ9.eyJzdWIiOiJ0ZXN0dXNlcl8wMTgxIiwicm9sZXMiOiJST0xFX1VTRVIiLCJleHAiOjE3ODcxMTU1MDksInVzZXJJZCI6IjE4MSIsImlhdCI6MTc4NzAyOTEwOX0.q6pMMxlolUi-bsIoWFy8NxeIhWOOqFg4AAICIPBRbspPRg_MAoFY2feU-7HJF6TSgIQC6Ye_HpVwWotcN77RsQ
testuser_0683,100910,eyJhbGciOiJIUzUxMiJ9.eyJzdWIiOiJ0ZXN0dXNlcl8wNjgzIiwicm9sZXMiOiJST0xFX1VTRVIiLCJleHAiOjE3ODcxMTU1MDksInVzZXJJZCI6IjY4MyIsImlhdCI6MTc4NzAyOTEwOX0.fodvBN56O_hyE9cuKtl3XOuRd5ryjqmkzl05egbiMWO8dn1XqWua8sPUBeuwWIWmo6S8LA8BqtY5x978-E4hfQ
testuser_0719,100911,eyJhbGciOiJIUzUxMiJ9.eyJzdWIiOiJ0ZXN0dXNlcl8wNzE5Iiwicm9sZXMiOiJST0xFX1VTRVIiLCJleHAiOjE3ODcxMTU1MDksInVzZXJJZCI6IjcxOSIsImlhdCI6MTc4NzAyOTEwOX0.-BcgmGgC44JJyMRKLA03W7BmqeEEIUsQl0pshlu7K1SvbNDvqXSXbj7OL06ScFyJdYYyQUx4zaaNLclJCEGAfw
testuser_0340,100918,eyJhbGciOiJIUzUxMiJ9.eyJzdWIiOiJ0ZXN0dXNlcl8wMzQwIiwicm9sZXMiOiJST0xFX1VTRVIiLCJleHAiOjE3ODcxMTU1MDksInVzZXJJZCI6IjM0MCIsImlhdCI6MTc4NzAyOTEwOX0.5oEBrdqRQhWyJnpqTeSyCsnns8ETBQKVDFYVQA-YnpZlrdpuX8Y4K7x_qVMuYT1U6qhWoYAry9kQTWnNo0t9DA
testuser_0465,100919,eyJhbGciOiJIUzUxMiJ9.eyJzdWIiOiJ0ZXN0dXNlcl8wNDY1Iiwicm9sZXMiOiJST0xFX1VTRVIiLCJleHAiOjE3ODcxMTU1MTAsInVzZXJJZCI6IjQ2NSIsImlhdCI6MTc4NzAyOTExMH0.-bIRHK4AGZ5FWdWnvIGueYmKiuZsuINN-deWXcSOgMd3SVXUHg_2kz8sudmnrGapE1FRQ1Cn3frgpEd1znQTKg
testuser_0471,100921,eyJhbGciOiJIUzUxMiJ9.eyJzdWIiOiJ0ZXN0dXNlcl8wNDcxIiwicm9sZXMiOiJST0xFX1VTRVIiLCJleHAiOjE3ODcxMTU1MTAsInVzZXJJZCI6IjQ3MSIsImlhdCI6MTc4NzAyOTExMH0.fs5F65zhuEvgw5cyVdf7VXirhlsVWaWYOgR9J_uWIuFi961yOED7N-y1Oz1nJEHb9JFkPLZ6FBeJiXrLpUi-Hg
testuser_0543,100924,eyJhbGciOiJIUzUxMiJ9.eyJzdWIiOiJ0ZXN0dXNlcl8wNTQzIiwicm9sZXMiOiJST0xFX1VTRVIiLCJleHAiOjE3ODcxMTU1MTAsInVzZXJJZCI6IjU0MyIsImlhdCI6MTc4NzAyOTExMH0.ZBXgYnh4aq-i_GS9IlFXOQiVhAP3rZQFvmvBsqJtAp0om473_eLuWjg-1-FWwkN9xQRg5zYkPj738W-Y7F_6VQ
testuser_0088,100927,eyJhbGciOiJIUzUxMiJ9.eyJzdWIiOiJ0ZXN0dXNlcl8wMDg4Iiwicm9sZXMiOiJST0xFX1VTRVIiLCJleHAiOjE3ODcxMTU1MTAsInVzZXJJZCI6Ijg4IiwiaWF0IjoxNzg3MDI5MTEwfQ.Dw3DzrVXdJg5ZpI9E_suLJThYcJ7KNsuxJXllswJ5TCF4gi40wKaXiz2EawNERbPbcMFTz1MdbvoI9Lo90K43Q
testuser_0741,100929,eyJhbGciOiJIUzUxMiJ9.eyJzdWIiOiJ0ZXN0dXNlcl8wNzQxIiwicm9sZXMiOiJST0xFX1VTRVIiLCJleHAiOjE3ODcxMTU1MTAsInVzZXJJZCI6Ijc0MSIsImlhdCI6MTc4NzAyOTExMH0.Jb_e5cNl94edm0ovNXERhzyqq1dOQB_y1p77Ma4Sralfsbv0c2PG9z5ESQQQHDp0PvvOh60LM9k1MwJZYdwssw
testuser_0722,100931,eyJhbGciOiJIUzUxMiJ9.eyJzdWIiOiJ0ZXN0dXNlcl8wNzIyIiwicm9sZXMiOiJST0xFX1VTRVIiLCJleHAiOjE3ODcxMTU1MTAsInVzZXJJZCI6IjcyMiIsImlhdCI6MTc4NzAyOTExMH0.d398vdVFxOdCwAin_zCXvSzd9dAEOTajej35Jtm6lsQcd3KeeQ5-EGvk2_3gp5ZHmu5GuPwBlYk1O8YyqFtzCQ
testuser_0085,100933,eyJhbGciOiJIUzUxMiJ9.eyJzdWIiOiJ0ZXN0dXNlcl8wMDg1Iiwicm9sZXMiOiJST0xFX1VTRVIiLCJleHAiOjE3ODcxMTU1MTAsInVzZXJJZCI6Ijg1IiwiaWF0IjoxNzg3MDI5MTEwfQ.ceN9IVwMY2mJhanuRCsGFOua0zUrOS7gdI3_E9okHgWunwbJXVJ2jH_tyVwHTrlYFgn6tWPCOIaHnm6cnucxJg
testuser_0539,100939,eyJhbGciOiJIUzUxMiJ9.eyJzdWIiOiJ0ZXN0dXNlcl8wNTM5Iiwicm9sZXMiOiJST0xFX1VTRVIiLCJleHAiOjE3ODcxMTU1MTAsInVzZXJJZCI6IjUzOSIsImlhdCI6MTc4NzAyOTExMH0.Pq9QJ5L5zvVewNJY0G3JRVLH9yi5w9z91WFbxZN9VGSFJ4mawf0MxHqDfUG74J2qfhO3Hj9DnDwkvGJIrx4EKw
testuser_0150,100942,eyJhbGciOiJIUzUxMiJ9.eyJzdWIiOiJ0ZXN0dXNlcl8wMTUwIiwicm9sZXMiOiJST0xFX1VTRVIiLCJleHAiOjE3ODcxMTU1MTAsInVzZXJJZCI6IjE1MCIsImlhdCI6MTc4NzAyOTExMH0.-tAX6yoKV230Ytbd8Sw5srXgtiDsVQt4hMBCdt-gCRu7stNj1EfkDJSiaRHTw1OxRi2tma42R5FGdAs_pUcyMA
testuser_0229,100944,eyJhbGciOiJIUzUxMiJ9.eyJzdWIiOiJ0ZXN0dXNlcl8wMjI5Iiwicm9sZXMiOiJST0xFX1VTRVIiLCJleHAiOjE3ODcxMTU1MTAsInVzZXJJZCI6IjIyOSIsImlhdCI6MTc4NzAyOTExMH0.vz0QdSlNYGuxSl61lrpHFwRH-JKjSBv2x2yGISfHzhDt1lKHpzCqDEFCh61-tiyDP5xc8oTCgQs8BpFHA10FyQ
testuser_0037,100946,eyJhbGciOiJIUzUxMiJ9.eyJzdWIiOiJ0ZXN0dXNlcl8wMDM3Iiwicm9sZXMiOiJST0xFX1VTRVIiLCJleHAiOjE3ODcxMTU1MTAsInVzZXJJZCI6IjM3IiwiaWF0IjoxNzg3MDI5MTEwfQ.tSmOfK5tejMYlvgLl9lgHDhKCiy38X_uMzxhCZ53k103FPpB0IAI0S8NdgYLQE8qclYtPk04X-FU1jfrgYz2Pw
testuser_0896,100947,eyJhbGciOiJIUzUxMiJ9.eyJzdWIiOiJ0ZXN0dXNlcl8wODk2Iiwicm9sZXMiOiJST0xFX1VTRVIiLCJleHAiOjE3ODcxMTU1MTEsInVzZXJJZCI6Ijg5NiIsImlhdCI6MTc4NzAyOTExMX0.g2h3tIxxn8WZTpQYxW1EyxqAGR4G5ILIXV6eFObsG_cGMyPzxuXlczgVcrzDhkeu1FJkH61cw1xgY_E7so59Fw
testuser_0996,100948,eyJhbGciOiJIUzUxMiJ9.eyJzdWIiOiJ0ZXN0dXNlcl8wOTk2Iiwicm9sZXMiOiJST0xFX1VTRVIiLCJleHAiOjE3ODcxMTU1MTEsInVzZXJJZCI6Ijk5NiIsImlhdCI6MTc4NzAyOTExMX0.Uf1z3zlU0d-tcNVT_FylWS4oqyDWL2IKDFb7Q1CN-OuA6P2T6mPF3RyUjAR5hFPE53hvV8LUdUNB0gfGyA5Uyg
testuser_0410,100951,eyJhbGciOiJIUzUxMiJ9.eyJzdWIiOiJ0ZXN0dXNlcl8wNDEwIiwicm9sZXMiOiJST0xFX1VTRVIiLCJleHAiOjE3ODcxMTU1MTEsInVzZXJJZCI6IjQxMCIsImlhdCI6MTc4NzAyOTExMX0.o6a41tjOyybxS5-p0cM_AZOe8Zbq2hgjjSms5GD1Tx2KxlRhvrYr1BuZYaHB6ertkgGXYRdANdIdxQ1pVUGPSw
testuser_0770,100952,eyJhbGciOiJIUzUxMiJ9.eyJzdWIiOiJ0ZXN0dXNlcl8wNzcwIiwicm9sZXMiOiJST0xFX1VTRVIiLCJleHAiOjE3ODcxMTU1MTEsInVzZXJJZCI6Ijc3MCIsImlhdCI6MTc4NzAyOTExMX0.AMug2TKdwFJSD1LpgZAC67_Z6IJ7WW-HpRTKvs1bUaVFRXdkQ4ih56KO-kOHXtLn4PEdtjRC13xDw55wdx-Sqg
testuser_0024,100953,eyJhbGciOiJIUzUxMiJ9.eyJzdWIiOiJ0ZXN0dXNlcl8wMDI0Iiwicm9sZXMiOiJST0xFX1VTRVIiLCJleHAiOjE3ODcxMTU1MTEsInVzZXJJZCI6IjI0IiwiaWF0IjoxNzg3MDI5MTExfQ.pOK6X_sO8pqpoiU8enntT1XMB8o_1oJvzKzh5zt4Rqj5tlIkP9U5LXQuAV_033FT-u6kKtMuTdzzwJhPUDvFyA
testuser_0561,100955,eyJhbGciOiJIUzUxMiJ9.eyJzdWIiOiJ0ZXN0dXNlcl8wNTYxIiwicm9sZXMiOiJST0xFX1VTRVIiLCJleHAiOjE3ODcxMTU1MTEsInVzZXJJZCI6IjU2MSIsImlhdCI6MTc4NzAyOTExMX0.nk_cUuUcXIRuFVzttl5vDYQNZm_dSf5c0Km-Sl0sJMzlwJ9fT4WlKW3816Xi9rcwGrd0Ty7gzNw9kKHSM4jSOw
testuser_0284,100959,eyJhbGciOiJIUzUxMiJ9.eyJzdWIiOiJ0ZXN0dXNlcl8wMjg0Iiwicm9sZXMiOiJST0xFX1VTRVIiLCJleHAiOjE3ODcxMTU1MTEsInVzZXJJZCI6IjI4NCIsImlhdCI6MTc4NzAyOTExMX0.O2wS2pPSFqKOqrzExlhUowQgCGnhktcetOdspyKlfN9tlSvUuTqpt4qnYQUjnp1YG_jkrNrwLc9abJXQ8p77sg
testuser_0022,100962,eyJhbGciOiJIUzUxMiJ9.eyJzdWIiOiJ0ZXN0dXNlcl8wMDIyIiwicm9sZXMiOiJST0xFX1VTRVIiLCJleHAiOjE3ODcxMTU1MTEsInVzZXJJZCI6IjIyIiwiaWF0IjoxNzg3MDI5MTExfQ.lwWJrlvt-37VRZyc6gsS3mPkmElr4anvlh9HAPQCkbGsU0Q9JvxSxDsBgbGwUEXuSG4Y3K4FR4sr155feO9huw
testuser_0953,100965,eyJhbGciOiJIUzUxMiJ9.eyJzdWIiOiJ0ZXN0dXNlcl8wOTUzIiwicm9sZXMiOiJST0xFX1VTRVIiLCJleHAiOjE3ODcxMTU1MTEsInVzZXJJZCI6Ijk1MyIsImlhdCI6MTc4NzAyOTExMX0.ZoJdTnlF53rPVcBKCVgour5inKQ9yvzf4BQf4wqJ6AAeIhh92SY3yQ-jTswvr3Cd6hMuwADTZr6u-4p2AN339g
testuser_0162,100966,eyJhbGciOiJIUzUxMiJ9.eyJzdWIiOiJ0ZXN0dXNlcl8wMTYyIiwicm9sZXMiOiJST0xFX1VTRVIiLCJleHAiOjE3ODcxMTU1MTEsInVzZXJJZCI6IjE2MiIsImlhdCI6MTc4NzAyOTExMX0.SMD1I2SuDvhNkfEUUCrQFP_9RUbcJHMdjC8SKpTYMiy1slo-d8Ztp9dDbX7EUkGJP_USJWylkDGpA7UCYnF-4A
testuser_0357,100967,eyJhbGciOiJIUzUxMiJ9.eyJzdWIiOiJ0ZXN0dXNlcl8wMzU3Iiwicm9sZXMiOiJST0xFX1VTRVIiLCJleHAiOjE3ODcxMTU1MTEsInVzZXJJZCI6IjM1NyIsImlhdCI6MTc4NzAyOTExMX0.zcVWoKRUuaSXtlb_6hWkwsxpCo5l2cvs4rbzT3xbmLqjL-32B6_Os3LhBnPrqEfhX0TQIIgKb8al1pTdZxgrSg
testuser_0146,100968,eyJhbGciOiJIUzUxMiJ9.eyJzdWIiOiJ0ZXN0dXNlcl8wMTQ2Iiwicm9sZXMiOiJST0xFX1VTRVIiLCJleHAiOjE3ODcxMTU1MTIsInVzZXJJZCI6IjE0NiIsImlhdCI6MTc4NzAyOTExMn0.BUR0VUn-CUc-faVDJ1OSzLKl9uJs1w6RU_THwcJjFSOaNo6AMM3BV86tENCqCHXP_SQU6xxupihUM4uEG-p_yA
testuser_0337,100971,eyJhbGciOiJIUzUxMiJ9.eyJzdWIiOiJ0ZXN0dXNlcl8wMzM3Iiwicm9sZXMiOiJST0xFX1VTRVIiLCJleHAiOjE3ODcxMTU1MTIsInVzZXJJZCI6IjMzNyIsImlhdCI6MTc4NzAyOTExMn0.XQQiuVK7crzPutzIyYvj2AwoQxEz4nWzeTeFNfn5HSsLw3IY4EpHHd0SjEQV21Tg_JAYBNfV8Pl0Uf034s-Mvw
testuser_0709,100972,eyJhbGciOiJIUzUxMiJ9.eyJzdWIiOiJ0ZXN0dXNlcl8wNzA5Iiwicm9sZXMiOiJST0xFX1VTRVIiLCJleHAiOjE3ODcxMTU1MTIsInVzZXJJZCI6IjcwOSIsImlhdCI6MTc4NzAyOTExMn0.3J5An0berp6EGGTpSaSVxnEjBgBr9XXihR625DZDPV9QUlHM5YNXoWbbKX_2v1RGYpz8OgpVXho-IH-zuOMP2A
testuser_0121,100973,eyJhbGciOiJIUzUxMiJ9.eyJzdWIiOiJ0ZXN0dXNlcl8wMTIxIiwicm9sZXMiOiJST0xFX1VTRVIiLCJleHAiOjE3ODcxMTU1MTIsInVzZXJJZCI6IjEyMSIsImlhdCI6MTc4NzAyOTExMn0.CY1jq00cei9sgsMEY_j0B4fGqqdEg3Ks8tN2GGpsLykJNS4cGnebolB5p2XodSWZFz8ydi37WVY52qYuHTQTRQ
testuser_0628,100974,eyJhbGciOiJIUzUxMiJ9.eyJzdWIiOiJ0ZXN0dXNlcl8wNjI4Iiwicm9sZXMiOiJST0xFX1VTRVIiLCJleHAiOjE3ODcxMTU1MTIsInVzZXJJZCI6IjYyOCIsImlhdCI6MTc4NzAyOTExMn0.hdOt4rwIMyz36bDUTmMbGI-tTb0G4O56_z3a-crYl90cZ02RGSnsVjRIJkboszAd_WU8sQwttd4XwFi8_p1NBQ
testuser_0607,100976,eyJhbGciOiJIUzUxMiJ9.eyJzdWIiOiJ0ZXN0dXNlcl8wNjA3Iiwicm9sZXMiOiJST0xFX1VTRVIiLCJleHAiOjE3ODcxMTU1MTIsInVzZXJJZCI6IjYwNyIsImlhdCI6MTc4NzAyOTExMn0.fGHvOVQThyKzVP1NtRcgLle396asQqk0FjOTdmwgmoJkW3ebNZ1wJZI3GkZr60BhLaJtxfWEUOSeOuNclOVn0Q
testuser_0391,100977,eyJhbGciOiJIUzUxMiJ9.eyJzdWIiOiJ0ZXN0dXNlcl8wMzkxIiwicm9sZXMiOiJST0xFX1VTRVIiLCJleHAiOjE3ODcxMTU1MTIsInVzZXJJZCI6IjM5MSIsImlhdCI6MTc4NzAyOTExMn0.LDqCmjCrJeT_SJW1BnH47cBybay431www1Jq_9jlDpFQN0mmPlWM1ky9HfGTUdvIgMWy8Wz6eAYQ-oeioP-YHQ
testuser_0689,100978,eyJhbGciOiJIUzUxMiJ9.eyJzdWIiOiJ0ZXN0dXNlcl8wNjg5Iiwicm9sZXMiOiJST0xFX1VTRVIiLCJleHAiOjE3ODcxMTU1MTIsInVzZXJJZCI6IjY4OSIsImlhdCI6MTc4NzAyOTExMn0.qh6JoYqqUP__KDJ8qZK4p10-ZIF0-PU1PUGEt2YImZIPExaUJ7dLwANjPDrSORNqz0eQNTebNBsc244tCj9ElQ
testuser_0663,100982,eyJhbGciOiJIUzUxMiJ9.eyJzdWIiOiJ0ZXN0dXNlcl8wNjYzIiwicm9sZXMiOiJST0xFX1VTRVIiLCJleHAiOjE3ODcxMTU1MTIsInVzZXJJZCI6IjY2MyIsImlhdCI6MTc4NzAyOTExMn0.Baq33EKdVCplFktybd4ufFbkBHR70vW-a9vhNhl5sgJM4Ttg1haPmeaOIW7bKORg5QFyZzkRgzoZAHGWq5ubwA
testuser_0515,100986,eyJhbGciOiJIUzUxMiJ9.eyJzdWIiOiJ0ZXN0dXNlcl8wNTE1Iiwicm9sZXMiOiJST0xFX1VTRVIiLCJleHAiOjE3ODcxMTU1MTIsInVzZXJJZCI6IjUxNSIsImlhdCI6MTc4NzAyOTExMn0.hQKqGESCEyZ07f4wxJjEboU5wCY5Kq7X567Ae0kmltfb1LCJBRrzp0BAo_PBZ-7r8Sd2mgYQqXD7tV_21z8CTg
testuser_0325,100987,eyJhbGciOiJIUzUxMiJ9.eyJzdWIiOiJ0ZXN0dXNlcl8wMzI1Iiwicm9sZXMiOiJST0xFX1VTRVIiLCJleHAiOjE3ODcxMTU1MTMsInVzZXJJZCI6IjMyNSIsImlhdCI6MTc4NzAyOTExM30.56_No1e2ddjZWqevAclXhkH9XI77c96a2OAcdphLvw_yQ7KeloU3msAgDhgUKqvZw0DNMlhNi8KoznGBwNYr5A
testuser_0846,100990,eyJhbGciOiJIUzUxMiJ9.eyJzdWIiOiJ0ZXN0dXNlcl8wODQ2Iiwicm9sZXMiOiJST0xFX1VTRVIiLCJleHAiOjE3ODcxMTU1MTMsInVzZXJJZCI6Ijg0NiIsImlhdCI6MTc4NzAyOTExM30.ZZbXqz0m0HPqC2KKdpCd9fdcKNhc6Dpps1qQSWTKJFMLadxPs0MPWeqd58jOvi70iG-Ccm64lV7B4PxQTF8hEA
testuser_0736,100991,eyJhbGciOiJIUzUxMiJ9.eyJzdWIiOiJ0ZXN0dXNlcl8wNzM2Iiwicm9sZXMiOiJST0xFX1VTRVIiLCJleHAiOjE3ODcxMTU1MTMsInVzZXJJZCI6IjczNiIsImlhdCI6MTc4NzAyOTExM30.05mkH7ndcnVYdQePZJP_MFu1r6OERJu8JBRA_Xoeul6QYmW3JVyPi5zt-1g_ln9ZFhVFJS7NdLMgT8dBEQNSMQ
testuser_0869,100994,eyJhbGciOiJIUzUxMiJ9.eyJzdWIiOiJ0ZXN0dXNlcl8wODY5Iiwicm9sZXMiOiJST0xFX1VTRVIiLCJleHAiOjE3ODcxMTU1MTMsInVzZXJJZCI6Ijg2OSIsImlhdCI6MTc4NzAyOTExM30.Vjo9mD7_17Xl5NgrcdFkO6lyt5NflpBUr8RkGRNx0dDL7i9SDddr9mEC9SBRuTuJjxzR4xEHklU4xHbtrxxCuQ
testuser_0011,101003,eyJhbGciOiJIUzUxMiJ9.eyJzdWIiOiJ0ZXN0dXNlcl8wMDExIiwicm9sZXMiOiJST0xFX1VTRVIiLCJleHAiOjE3ODcxMTU1MTMsInVzZXJJZCI6IjExIiwiaWF0IjoxNzg3MDI5MTEzfQ.SIjwaGH9AZxsWjXuWYvOpiiU5z2qXKomfWzOYKKG-DlJ-eqERgHoQLUm4fga2HWrzeecJSlh2PrlAXNBROC09w
testuser_0795,101005,eyJhbGciOiJIUzUxMiJ9.eyJzdWIiOiJ0ZXN0dXNlcl8wNzk1Iiwicm9sZXMiOiJST0xFX1VTRVIiLCJleHAiOjE3ODcxMTU1MTMsInVzZXJJZCI6Ijc5NSIsImlhdCI6MTc4NzAyOTExM30.Z4PgYyR3lW3kc5YN1sCLzmQyXkzztaPMsFj_XGa8ErrRYNEqeKtwYmdG6K98p__2OdcmnU7PTCYw3RU4aDLJJw
testuser_0047,101006,eyJhbGciOiJIUzUxMiJ9.eyJzdWIiOiJ0ZXN0dXNlcl8wMDQ3Iiwicm9sZXMiOiJST0xFX1VTRVIiLCJleHAiOjE3ODcxMTU1MTMsInVzZXJJZCI6IjQ3IiwiaWF0IjoxNzg3MDI5MTEzfQ.R8_r4mq7Y49vqRiE-JTNglfimTR_zkDfsrfenW8Ww_Dw728w8yPnTYuzoAFkn1QfQGNkIDcUNAWI7J8Vb1UKfg
testuser_0773,101008,eyJhbGciOiJIUzUxMiJ9.eyJzdWIiOiJ0ZXN0dXNlcl8wNzczIiwicm9sZXMiOiJST0xFX1VTRVIiLCJleHAiOjE3ODcxMTU1MTMsInVzZXJJZCI6Ijc3MyIsImlhdCI6MTc4NzAyOTExM30.qANW42N3ZM9fdpr7hJRZvjOD_VNNttGZ9gtU7sffr9Z155EuW1PvNJ1AK30Oxkmk3e292HISJZ5gBOZmhwsfxw
testuser_0667,101009,eyJhbGciOiJIUzUxMiJ9.eyJzdWIiOiJ0ZXN0dXNlcl8wNjY3Iiwicm9sZXMiOiJST0xFX1VTRVIiLCJleHAiOjE3ODcxMTU1MTMsInVzZXJJZCI6IjY2NyIsImlhdCI6MTc4NzAyOTExM30.caS0c4JtkTAEYRnFq43d_i7VQY-_6KG6NCaTke5BI27PmY3gk9XV93HkkcDIv53ySV3ApI6SGvX_lQlEgJ6aNQ
testuser_0627,101011,eyJhbGciOiJIUzUxMiJ9.eyJzdWIiOiJ0ZXN0dXNlcl8wNjI3Iiwicm9sZXMiOiJST0xFX1VTRVIiLCJleHAiOjE3ODcxMTU1MTMsInVzZXJJZCI6IjYyNyIsImlhdCI6MTc4NzAyOTExM30.UMB0mNLh5bHdloZ_mCIEmsOYni6KmTXanh5LRb46osJ1BSElE0aaqyq4u_3LuxA-x4V9_L4gzIoIsaSpcCTNCg
testuser_0094,101013,eyJhbGciOiJIUzUxMiJ9.eyJzdWIiOiJ0ZXN0dXNlcl8wMDk0Iiwicm9sZXMiOiJST0xFX1VTRVIiLCJleHAiOjE3ODcxMTU1MTMsInVzZXJJZCI6Ijk0IiwiaWF0IjoxNzg3MDI5MTEzfQ.zGSMQ4v9uVHK1Pd73KLUBbkFB8cQ3AuJ5QBUoWkuZKArfkp8ZzWawWW3S3VKSv_ubyUnX25aZGo0s48ArQMz7Q
testuser_0396,101016,eyJhbGciOiJIUzUxMiJ9.eyJzdWIiOiJ0ZXN0dXNlcl8wMzk2Iiwicm9sZXMiOiJST0xFX1VTRVIiLCJleHAiOjE3ODcxMTU1MTQsInVzZXJJZCI6IjM5NiIsImlhdCI6MTc4NzAyOTExNH0.Y3I_t5y7fgRw_lNRVFOLRgZ4q1ewkna0NBnlPCCk99deK4rNAAWJYJmvtXbCpSgLIsiXsCmKykbKjPhFuZ40Mw
testuser_0113,101018,eyJhbGciOiJIUzUxMiJ9.eyJzdWIiOiJ0ZXN0dXNlcl8wMTEzIiwicm9sZXMiOiJST0xFX1VTRVIiLCJleHAiOjE3ODcxMTU1MTQsInVzZXJJZCI6IjExMyIsImlhdCI6MTc4NzAyOTExNH0.Vzkq4o7_lB2R6M3alKIYh7-I9ysy-zD-ln49MDux3fmnTlcp5pGZRTgQeClGf2bNtVNotKi0rclGCXe_dT3PoA
testuser_0107,101019,eyJhbGciOiJIUzUxMiJ9.eyJzdWIiOiJ0ZXN0dXNlcl8wMTA3Iiwicm9sZXMiOiJST0xFX1VTRVIiLCJleHAiOjE3ODcxMTU1MTQsInVzZXJJZCI6IjEwNyIsImlhdCI6MTc4NzAyOTExNH0.hszDCDo8yE6fFwPpsnU9OwgDMCJNV7Oz4g8E1nhakGxKjw6dLlUcKNv-J9wo1fFEdqKXSIj6-go0Ui6dV4--NA
testuser_0324,101027,eyJhbGciOiJIUzUxMiJ9.eyJzdWIiOiJ0ZXN0dXNlcl8wMzI0Iiwicm9sZXMiOiJST0xFX1VTRVIiLCJleHAiOjE3ODcxMTU1MTQsInVzZXJJZCI6IjMyNCIsImlhdCI6MTc4NzAyOTExNH0.hIvUGCuIITOcry3fhhzRrt1-03oOIVxo61omz7l8b_5hKn_CXLjmwLfqqzaAarxnvg5X8Smfx1Xev5qlRdVVzA
testuser_0637,101028,eyJhbGciOiJIUzUxMiJ9.eyJzdWIiOiJ0ZXN0dXNlcl8wNjM3Iiwicm9sZXMiOiJST0xFX1VTRVIiLCJleHAiOjE3ODcxMTU1MTQsInVzZXJJZCI6IjYzNyIsImlhdCI6MTc4NzAyOTExNH0.Rlt34DPg7fbPqv5UTmFJEsaR7NJbEEuRKbGMWUg94997RCIWPyYHD_FyYZOq2x1NzPRNi9JzIm501SlgVpFADQ
testuser_0593,101029,eyJhbGciOiJIUzUxMiJ9.eyJzdWIiOiJ0ZXN0dXNlcl8wNTkzIiwicm9sZXMiOiJST0xFX1VTRVIiLCJleHAiOjE3ODcxMTU1MTQsInVzZXJJZCI6IjU5MyIsImlhdCI6MTc4NzAyOTExNH0.Ed7bdyuoBlCDaBDJcIC2zgzjyEmG0pOSFaHG5KDwf9ElyTAnhP4ejRefCROspIGG9Djf9kSYaC9wHEXQFYau0w
testuser_0140,101033,eyJhbGciOiJIUzUxMiJ9.eyJzdWIiOiJ0ZXN0dXNlcl8wMTQwIiwicm9sZXMiOiJST0xFX1VTRVIiLCJleHAiOjE3ODcxMTU1MTQsInVzZXJJZCI6IjE0MCIsImlhdCI6MTc4NzAyOTExNH0.TLnAKRoVDCZy_Xp0zgl19ICZL4M0rwKvwWIJkkqI1D6B3aN46T49DUHvEbkypthp75LC25AngtWgueFkaBJ4lA
testuser_0542,101040,eyJhbGciOiJIUzUxMiJ9.eyJzdWIiOiJ0ZXN0dXNlcl8wNTQyIiwicm9sZXMiOiJST0xFX1VTRVIiLCJleHAiOjE3ODcxMTU1MTQsInVzZXJJZCI6IjU0MiIsImlhdCI6MTc4NzAyOTExNH0.73Mm-zaQ4nVtNBy1FSv1BcDkx2AJ8k6K4XT9AORbeERqzw3Azkm4f4xp_MeayM8u1NZdXPmumIvvDvLN5pF0xQ
testuser_0590,101043,eyJhbGciOiJIUzUxMiJ9.eyJzdWIiOiJ0ZXN0dXNlcl8wNTkwIiwicm9sZXMiOiJST0xFX1VTRVIiLCJleHAiOjE3ODcxMTU1MTQsInVzZXJJZCI6IjU5MCIsImlhdCI6MTc4NzAyOTExNH0.qANa9dec2lgn7aj0rzLHK-u1OeGsE1QHIC95VQoYchjK168qXpx92PLzI-upd1bCaK01q7XLAUIwaBRSxH_q0w
testuser_0714,101044,eyJhbGciOiJIUzUxMiJ9.eyJzdWIiOiJ0ZXN0dXNlcl8wNzE0Iiwicm9sZXMiOiJST0xFX1VTRVIiLCJleHAiOjE3ODcxMTU1MTQsInVzZXJJZCI6IjcxNCIsImlhdCI6MTc4NzAyOTExNH0.QcoFbAeKxFxdD9Xvt7NI8iq1wStKXLA2hzKmWQ-KkAFZvO5vYQYXaEs7cXFsfsLukxuOae6hh2odjgpRJ_sBdA
testuser_0987,101047,eyJhbGciOiJIUzUxMiJ9.eyJzdWIiOiJ0ZXN0dXNlcl8wOTg3Iiwicm9sZXMiOiJST0xFX1VTRVIiLCJleHAiOjE3ODcxMTU1MTQsInVzZXJJZCI6Ijk4NyIsImlhdCI6MTc4NzAyOTExNH0.-VZGFLKDLwN1cRbjCvGBkrEVWDMT8gtWBbVZJatfcxHihyzC4GQ3bds_RQSrbRSpc5PscNgkzJJkOl0iQUdk9Q
testuser_0228,101052,eyJhbGciOiJIUzUxMiJ9.eyJzdWIiOiJ0ZXN0dXNlcl8wMjI4Iiwicm9sZXMiOiJST0xFX1VTRVIiLCJleHAiOjE3ODcxMTU1MTUsInVzZXJJZCI6IjIyOCIsImlhdCI6MTc4NzAyOTExNX0.GBc8m3iAgTOL8DoAAnc4tClzsivpgVz4--O77g0MRL1JFJgp2yEVFdI9747BrTfLvKFQBVLiTttzrBnfCR_NDw
testuser_0942,101057,eyJhbGciOiJIUzUxMiJ9.eyJzdWIiOiJ0ZXN0dXNlcl8wOTQyIiwicm9sZXMiOiJST0xFX1VTRVIiLCJleHAiOjE3ODcxMTU1MTUsInVzZXJJZCI6Ijk0MiIsImlhdCI6MTc4NzAyOTExNX0.seDs4ZjfpsE5UZiDWGP1q-3O3O7YqsPfpnXeo0ZEtDuARusot60iISYdJI-FTTUtfBBMuVZjlNlGGF268UyUlg
testuser_0416,101060,eyJhbGciOiJIUzUxMiJ9.eyJzdWIiOiJ0ZXN0dXNlcl8wNDE2Iiwicm9sZXMiOiJST0xFX1VTRVIiLCJleHAiOjE3ODcxMTU1MTUsInVzZXJJZCI6IjQxNiIsImlhdCI6MTc4NzAyOTExNX0.C_rrhFoZsOCL_BUMiJhIXT0wLa8xhIBjFqJd8SGU1RScSXN71rLpeF5eUQj-NCoYj68td88aPH0MTvuiPkWE5A
testuser_0774,101064,eyJhbGciOiJIUzUxMiJ9.eyJzdWIiOiJ0ZXN0dXNlcl8wNzc0Iiwicm9sZXMiOiJST0xFX1VTRVIiLCJleHAiOjE3ODcxMTU1MTUsInVzZXJJZCI6Ijc3NCIsImlhdCI6MTc4NzAyOTExNX0.QQ4GX37KLvGDOKiq9xF2-Xc5SEAAb5NdZwmdcxRlnJNRNxT6OPa24WqcPa9wZZA-mWxJhml3HOGQfF7uQfspgQ
testuser_0619,101065,eyJhbGciOiJIUzUxMiJ9.eyJzdWIiOiJ0ZXN0dXNlcl8wNjE5Iiwicm9sZXMiOiJST0xFX1VTRVIiLCJleHAiOjE3ODcxMTU1MTUsInVzZXJJZCI6IjYxOSIsImlhdCI6MTc4NzAyOTExNX0.jNUUkWTsn4UtEyawzCLlom_nl1131J3n0GclqbHqqIEZvzsKkMDODk7rFB8L1-sKAnxkz2DF1ysmnLQ0ec-X8w
testuser_0280,101067,eyJhbGciOiJIUzUxMiJ9.eyJzdWIiOiJ0ZXN0dXNlcl8wMjgwIiwicm9sZXMiOiJST0xFX1VTRVIiLCJleHAiOjE3ODcxMTU1MTUsInVzZXJJZCI6IjI4MCIsImlhdCI6MTc4NzAyOTExNX0.u5V_2nIF9b1CpAs8-jRC13CUja8oDtOe54_JnC9tk6Rk4P9Aa3Va-nwgTXkzSnBTtfkf9YrS6NNLi5KO-cJHIw
testuser_0565,101076,eyJhbGciOiJIUzUxMiJ9.eyJzdWIiOiJ0ZXN0dXNlcl8wNTY1Iiwicm9sZXMiOiJST0xFX1VTRVIiLCJleHAiOjE3ODcxMTU1MTUsInVzZXJJZCI6IjU2NSIsImlhdCI6MTc4NzAyOTExNX0.vjC5mAbjPTZ4eQShDcN0zWqPnZrgsQ7BnLFd2dSp84yuooV6KgNkY0JA5-FN7EFzqWLUEQR-HpPyzSIxbumP3A
testuser_0420,101077,eyJhbGciOiJIUzUxMiJ9.eyJzdWIiOiJ0ZXN0dXNlcl8wNDIwIiwicm9sZXMiOiJST0xFX1VTRVIiLCJleHAiOjE3ODcxMTU1MTUsInVzZXJJZCI6IjQyMCIsImlhdCI6MTc4NzAyOTExNX0.ZjiXIvBVpPBqLSxBZ_ghoqjfDkTR_MD1ubNYfb8A152293Vb4_wfjXxDiCKI2vVWm9sYUCj8v7Sy0HqGqK36Ng
testuser_0531,101081,eyJhbGciOiJIUzUxMiJ9.eyJzdWIiOiJ0ZXN0dXNlcl8wNTMxIiwicm9sZXMiOiJST0xFX1VTRVIiLCJleHAiOjE3ODcxMTU1MTUsInVzZXJJZCI6IjUzMSIsImlhdCI6MTc4NzAyOTExNX0.Q-SZ63VL5FxVUMxKlf_hbZBIT7mVAw4N_cEldvWLF6UCGwS6bsrdpx1erShlBa_HMWhBwlkMyJbIKk_ug-iNkg
testuser_0092,101085,eyJhbGciOiJIUzUxMiJ9.eyJzdWIiOiJ0ZXN0dXNlcl8wMDkyIiwicm9sZXMiOiJST0xFX1VTRVIiLCJleHAiOjE3ODcxMTU1MTUsInVzZXJJZCI6IjkyIiwiaWF0IjoxNzg3MDI5MTE1fQ.n1Kr3goRsr0jr-h7lgd-qp3e9RhziDtPfSA6avVpRZ7fWF2eKrtORXoDh7z9H6M86P6W352Bj0pKq5lR4DTk-w
testuser_0267,101089,eyJhbGciOiJIUzUxMiJ9.eyJzdWIiOiJ0ZXN0dXNlcl8wMjY3Iiwicm9sZXMiOiJST0xFX1VTRVIiLCJleHAiOjE3ODcxMTU1MTUsInVzZXJJZCI6IjI2NyIsImlhdCI6MTc4NzAyOTExNX0.hkUtxjskRtCR3b0KUzuTRwvtWofocFdWwSiGyY4PJA8gMRBxEIIDbisPCtm_jomVvw4hOsSZVOrl493GcRWxuQ
testuser_0944,101090,eyJhbGciOiJIUzUxMiJ9.eyJzdWIiOiJ0ZXN0dXNlcl8wOTQ0Iiwicm9sZXMiOiJST0xFX1VTRVIiLCJleHAiOjE3ODcxMTU1MTYsInVzZXJJZCI6Ijk0NCIsImlhdCI6MTc4NzAyOTExNn0.xH8sna2W4uKJ4RGLcqzJhdEQjWD8-TK61nHZEyGO05xnZoNA7jufw6bTdbfyLk0QP_-a23a-foMHHXIj7RuYHg
testuser_0566,101096,eyJhbGciOiJIUzUxMiJ9.eyJzdWIiOiJ0ZXN0dXNlcl8wNTY2Iiwicm9sZXMiOiJST0xFX1VTRVIiLCJleHAiOjE3ODcxMTU1MTYsInVzZXJJZCI6IjU2NiIsImlhdCI6MTc4NzAyOTExNn0.zvW7jwo1z44BQjBJ7hztyqBPCFfElQhnaMNr5YlpfjuJviYjSPTnGE4KWpma9Yaa4wlvJ8w-AE7cE5Qe95foAw
testuser_0268,101099,eyJhbGciOiJIUzUxMiJ9.eyJzdWIiOiJ0ZXN0dXNlcl8wMjY4Iiwicm9sZXMiOiJST0xFX1VTRVIiLCJleHAiOjE3ODcxMTU1MTYsInVzZXJJZCI6IjI2OCIsImlhdCI6MTc4NzAyOTExNn0.I98joZXqLVFUUUTHrV3efvTltzXgzHBLF0ad-fd-xn268zg5AsBOXtUDTQUJcQK3OLX7_T9LvDrXEEp6Gq9l6Q
testuser_0187,101100,eyJhbGciOiJIUzUxMiJ9.eyJzdWIiOiJ0ZXN0dXNlcl8wMTg3Iiwicm9sZXMiOiJST0xFX1VTRVIiLCJleHAiOjE3ODcxMTU1MTYsInVzZXJJZCI6IjE4NyIsImlhdCI6MTc4NzAyOTExNn0.QTFcWz8CnaoUM6ywOnI0QEe_dgAS_NzmZOfHSZRIHvS8r4f5BMg030hgl41mPuLMt_yEDdc9Y8XkU2lPVwtvnA
testuser_0740,101101,eyJhbGciOiJIUzUxMiJ9.eyJzdWIiOiJ0ZXN0dXNlcl8wNzQwIiwicm9sZXMiOiJST0xFX1VTRVIiLCJleHAiOjE3ODcxMTU1MTYsInVzZXJJZCI6Ijc0MCIsImlhdCI6MTc4NzAyOTExNn0.7q1q0RdaL6Wk3nV9I66lLGopiHW9-GxtaSaKi64O6Lux8UJ9CsvKVtGgFStQ_4qqXx4GMkeQ2151E3L4Pd8EWw
testuser_0144,101103,eyJhbGciOiJIUzUxMiJ9.eyJzdWIiOiJ0ZXN0dXNlcl8wMTQ0Iiwicm9sZXMiOiJST0xFX1VTRVIiLCJleHAiOjE3ODcxMTU1MTYsInVzZXJJZCI6IjE0NCIsImlhdCI6MTc4NzAyOTExNn0.cZhskuKD-gZtARa7fNEVWOJZPLlmIa0C3O0tBgE7BVEZFb2aGSQ6zY3IujxDWhAh1XZaTzLabv5JkvQeRvCDFA
testuser_0455,101107,eyJhbGciOiJIUzUxMiJ9.eyJzdWIiOiJ0ZXN0dXNlcl8wNDU1Iiwicm9sZXMiOiJST0xFX1VTRVIiLCJleHAiOjE3ODcxMTU1MTYsInVzZXJJZCI6IjQ1NSIsImlhdCI6MTc4NzAyOTExNn0.QOVGzTWdkKH78F2PBCdKCzD10ryuhucHcekhCucAYJxcUfRxgFhhIuXLcc0LavOQgJnBG9mSb-YAsXPOi-g4TA
testuser_0392,101108,eyJhbGciOiJIUzUxMiJ9.eyJzdWIiOiJ0ZXN0dXNlcl8wMzkyIiwicm9sZXMiOiJST0xFX1VTRVIiLCJleHAiOjE3ODcxMTU1MTYsInVzZXJJZCI6IjM5MiIsImlhdCI6MTc4NzAyOTExNn0.zPtBX3-1XH-692Hvsi4PGYg23NaQPA0nIsDEaAF2DamDqWJwJuf9-a4MWIwVMdDd72WyEbHgpTlNTzyKjXtreA
testuser_0925,101111,eyJhbGciOiJIUzUxMiJ9.eyJzdWIiOiJ0ZXN0dXNlcl8wOTI1Iiwicm9sZXMiOiJST0xFX1VTRVIiLCJleHAiOjE3ODcxMTU1MTYsInVzZXJJZCI6IjkyNSIsImlhdCI6MTc4NzAyOTExNn0.fOHvYvt4-TWyBCeEW4aEUdV6vG49Kw-hL8M_doQIjpQv4X2uvSJYUvtg8sgm3S5IkMz3Of1FChoDQy5hXHI7tQ
testuser_0872,101115,eyJhbGciOiJIUzUxMiJ9.eyJzdWIiOiJ0ZXN0dXNlcl8wODcyIiwicm9sZXMiOiJST0xFX1VTRVIiLCJleHAiOjE3ODcxMTU1MTYsInVzZXJJZCI6Ijg3MiIsImlhdCI6MTc4NzAyOTExNn0.lvFCKK_9ef7gNM98x6zCHubiS0OucdiVFRl4z7y9UA5LT1Kq_Y4K4YajQwYAkiziSc8znfQQYqPIkWtbErV9Hg
testuser_0409,101116,eyJhbGciOiJIUzUxMiJ9.eyJzdWIiOiJ0ZXN0dXNlcl8wNDA5Iiwicm9sZXMiOiJST0xFX1VTRVIiLCJleHAiOjE3ODcxMTU1MTYsInVzZXJJZCI6IjQwOSIsImlhdCI6MTc4NzAyOTExNn0.Bk1k4yPvGpl5GYDfYRJ9cEnnqVgOlCh6r0OPglQIZdaW50kDSzSAyEQ0KpanB-GbZUIeiloxxnucdJ2sa53ivA
testuser_0469,101119,eyJhbGciOiJIUzUxMiJ9.eyJzdWIiOiJ0ZXN0dXNlcl8wNDY5Iiwicm9sZXMiOiJST0xFX1VTRVIiLCJleHAiOjE3ODcxMTU1MTcsInVzZXJJZCI6IjQ2OSIsImlhdCI6MTc4NzAyOTExN30.ZIDG7SxLRM1QTMGOrRrm9opkeEY0GHQSvu0fbaumuAuMJUmfYhzYuU7o3-df1seelCRu8DIdy67ssmcYvWdmqA
testuser_0116,101120,eyJhbGciOiJIUzUxMiJ9.eyJzdWIiOiJ0ZXN0dXNlcl8wMTE2Iiwicm9sZXMiOiJST0xFX1VTRVIiLCJleHAiOjE3ODcxMTU1MTcsInVzZXJJZCI6IjExNiIsImlhdCI6MTc4NzAyOTExN30.lb-2YsjWU0k5gVKtSPqZrN6Fd38BRX1mCHeUhqPOYG8VP1R0sCoJJ_B1iLcCSrxStrbGcfCSlQ37CyBXqbCk1A
testuser_0060,101122,eyJhbGciOiJIUzUxMiJ9.eyJzdWIiOiJ0ZXN0dXNlcl8wMDYwIiwicm9sZXMiOiJST0xFX1VTRVIiLCJleHAiOjE3ODcxMTU1MTcsInVzZXJJZCI6IjYwIiwiaWF0IjoxNzg3MDI5MTE3fQ.Gr1AoFSC6fUDnToTBeUZ27fbpqAoAI2Md0mhwNWX3C3fSftxZQxiYSXDxUMyE0UbsjRy0U3ursH0h4cg6q-SFQ
testuser_0127,101124,eyJhbGciOiJIUzUxMiJ9.eyJzdWIiOiJ0ZXN0dXNlcl8wMTI3Iiwicm9sZXMiOiJST0xFX1VTRVIiLCJleHAiOjE3ODcxMTU1MTcsInVzZXJJZCI6IjEyNyIsImlhdCI6MTc4NzAyOTExN30.vly-ZB81cSb0tdZwJ6uMfa5lXVY7D0ACLJ8r1aBWrxCe8dI4IyWdxb3SJ4y-mHOoN_a6uFsex1yWAUsRN_xreQ
testuser_0005,101127,eyJhbGciOiJIUzUxMiJ9.eyJzdWIiOiJ0ZXN0dXNlcl8wMDA1Iiwicm9sZXMiOiJST0xFX1VTRVIiLCJleHAiOjE3ODcxMTU1MTcsInVzZXJJZCI6IjUiLCJpYXQiOjE3ODcwMjkxMTd9.jBQRarVkfLjVcwEw0S4H211JGdkU6cdABWQLae2fWVxST_cY94iAf_rfS2Y29zLD07Nz0863-XUNm_b1dCLyIA
testuser_0397,101129,eyJhbGciOiJIUzUxMiJ9.eyJzdWIiOiJ0ZXN0dXNlcl8wMzk3Iiwicm9sZXMiOiJST0xFX1VTRVIiLCJleHAiOjE3ODcxMTU1MTcsInVzZXJJZCI6IjM5NyIsImlhdCI6MTc4NzAyOTExN30.FV49R-QUM84xA17m64qgx52uM9apvwDuKZ6Qn7nsYXy1XSz9Nky3cI5gWWLwiZsB9SiQBt07UxWmzkIAkGVoCQ
testuser_0938,101140,eyJhbGciOiJIUzUxMiJ9.eyJzdWIiOiJ0ZXN0dXNlcl8wOTM4Iiwicm9sZXMiOiJST0xFX1VTRVIiLCJleHAiOjE3ODcxMTU1MTcsInVzZXJJZCI6IjkzOCIsImlhdCI6MTc4NzAyOTExN30.UyPcE8eKKqc0VhCNvynvrvClK7xFqaAPeAg_nPUpdvYu-U6LHrXYal_eBhaeaomByoHrkZI_XhPlFHoewSJJBQ
testuser_0266,101149,eyJhbGciOiJIUzUxMiJ9.eyJzdWIiOiJ0ZXN0dXNlcl8wMjY2Iiwicm9sZXMiOiJST0xFX1VTRVIiLCJleHAiOjE3ODcxMTU1MTcsInVzZXJJZCI6IjI2NiIsImlhdCI6MTc4NzAyOTExN30.d-hvUo7lh09i6zThYfzfP_jUEU51KAsrXtb_0SJdDeUkSqjQN4Yp1AwtGUMubMR6PVe48Mv6AoGUIQeZN_eGgg
testuser_0137,101150,eyJhbGciOiJIUzUxMiJ9.eyJzdWIiOiJ0ZXN0dXNlcl8wMTM3Iiwicm9sZXMiOiJST0xFX1VTRVIiLCJleHAiOjE3ODcxMTU1MTcsInVzZXJJZCI6IjEzNyIsImlhdCI6MTc4NzAyOTExN30.9PY3jpyGgv78FNaRdFyXEgxeZYqO7YYfFP1m1RBUI8XLOdd8lt-9SptsMT7LKoPUqbTPuVAx7bPiw4sJ16RQog
testuser_0811,101151,eyJhbGciOiJIUzUxMiJ9.eyJzdWIiOiJ0ZXN0dXNlcl8wODExIiwicm9sZXMiOiJST0xFX1VTRVIiLCJleHAiOjE3ODcxMTU1MTcsInVzZXJJZCI6IjgxMSIsImlhdCI6MTc4NzAyOTExN30._bgwUSXZKDpV-3l4vjqrL7YqbFlzqWwIqBvOfOxF9VEiVFUCUpp2v0Vssl0Z89wrVh2niVqntEoH8Y27ZsJApg
testuser_0345,101155,eyJhbGciOiJIUzUxMiJ9.eyJzdWIiOiJ0ZXN0dXNlcl8wMzQ1Iiwicm9sZXMiOiJST0xFX1VTRVIiLCJleHAiOjE3ODcxMTU1MTcsInVzZXJJZCI6IjM0NSIsImlhdCI6MTc4NzAyOTExN30.kVNEtyE2kJDCd9yho4UzYuq_NkPIC8pD9BqRRcBOqbwx47ZK62nPHXSXYIFVEUphNFBUO_FbcUwagbnxj8WiXw
testuser_0244,101156,eyJhbGciOiJIUzUxMiJ9.eyJzdWIiOiJ0ZXN0dXNlcl8wMjQ0Iiwicm9sZXMiOiJST0xFX1VTRVIiLCJleHAiOjE3ODcxMTU1MTgsInVzZXJJZCI6IjI0NCIsImlhdCI6MTc4NzAyOTExOH0.zmRx-hZzDhqN9fOruSMoklsLIDIZMxoYK0e-ELN4AE8K4HpDTAulXXfa7sCnlMKe7tl3IlKADEpkJrw3El_zlg
testuser_0694,101157,eyJhbGciOiJIUzUxMiJ9.eyJzdWIiOiJ0ZXN0dXNlcl8wNjk0Iiwicm9sZXMiOiJST0xFX1VTRVIiLCJleHAiOjE3ODcxMTU1MTgsInVzZXJJZCI6IjY5NCIsImlhdCI6MTc4NzAyOTExOH0.KmQl0GPHmh9iMhFN3gY-s1dCg_fuK4Aop5lOne0Aq7IQi9xVIqm2WbS4KmrVpKSG2wAcakhUPeZ92nqQepLr4A
testuser_0655,101159,eyJhbGciOiJIUzUxMiJ9.eyJzdWIiOiJ0ZXN0dXNlcl8wNjU1Iiwicm9sZXMiOiJST0xFX1VTRVIiLCJleHAiOjE3ODcxMTU1MTgsInVzZXJJZCI6IjY1NSIsImlhdCI6MTc4NzAyOTExOH0.8Gna0yNLJDbqkogyCCxkrOibpVIRLOjgDJyLmRFWecod-EoKmyOpVQbFYgxuv0UbgzNNe0V3ZQ7Lo3bOpi7HHg
testuser_0831,101163,eyJhbGciOiJIUzUxMiJ9.eyJzdWIiOiJ0ZXN0dXNlcl8wODMxIiwicm9sZXMiOiJST0xFX1VTRVIiLCJleHAiOjE3ODcxMTU1MTgsInVzZXJJZCI6IjgzMSIsImlhdCI6MTc4NzAyOTExOH0.2lf-susRaJhPCJPvaukFK1NIWPO8VYJoyoOGf89mSn6_AWgP7SXBa3hux9yC992W0w4BR2TJoeTIJlUFoh-uzg
testuser_0277,101165,eyJhbGciOiJIUzUxMiJ9.eyJzdWIiOiJ0ZXN0dXNlcl8wMjc3Iiwicm9sZXMiOiJST0xFX1VTRVIiLCJleHAiOjE3ODcxMTU1MTgsInVzZXJJZCI6IjI3NyIsImlhdCI6MTc4NzAyOTExOH0.H85vhy11gA27K198HnBpRuy-8bv0JSQbKCkARWScOFbUjagBaHSMZbYVJtDQdmjs_Hv-PsICUM8i2-ulyODh0Q
testuser_0768,101169,eyJhbGciOiJIUzUxMiJ9.eyJzdWIiOiJ0ZXN0dXNlcl8wNzY4Iiwicm9sZXMiOiJST0xFX1VTRVIiLCJleHAiOjE3ODcxMTU1MTgsInVzZXJJZCI6Ijc2OCIsImlhdCI6MTc4NzAyOTExOH0.Aonm5ooFiYDYPwTYp1QAvQC2zmoV-GlubQS0Gh1nCO1m1Vu2LQd9qR8SL7MZpQwVDa8STq_D_AAx9xCdaXJGaQ
testuser_0680,101171,eyJhbGciOiJIUzUxMiJ9.eyJzdWIiOiJ0ZXN0dXNlcl8wNjgwIiwicm9sZXMiOiJST0xFX1VTRVIiLCJleHAiOjE3ODcxMTU1MTgsInVzZXJJZCI6IjY4MCIsImlhdCI6MTc4NzAyOTExOH0.3A5sgW124Kd8gQ8v2tz3Ld2ei9DbnXfuEYxui8FEDuctiIXTV2ReKQVYKpB0sE63pFfM3auNdyjLVLWMjUmTwQ
testuser_0971,101176,eyJhbGciOiJIUzUxMiJ9.eyJzdWIiOiJ0ZXN0dXNlcl8wOTcxIiwicm9sZXMiOiJST0xFX1VTRVIiLCJleHAiOjE3ODcxMTU1MTgsInVzZXJJZCI6Ijk3MSIsImlhdCI6MTc4NzAyOTExOH0.KfI_WgEAC8lkG7Kc4aUH4eTdHjeGpZ71RsPI19DeKANqMjbWzjCmkbH9df5dQ4aWfj7IJRMkIBCHb5_2Din_yQ
testuser_0348,101179,eyJhbGciOiJIUzUxMiJ9.eyJzdWIiOiJ0ZXN0dXNlcl8wMzQ4Iiwicm9sZXMiOiJST0xFX1VTRVIiLCJleHAiOjE3ODcxMTU1MTgsInVzZXJJZCI6IjM0OCIsImlhdCI6MTc4NzAyOTExOH0.UShpdWvnM8BB8xpnc0_i4uE8H1N9BpYIkpzJASrRRR5SiwXKynN4KWFUPBLj1zTlfRvW__zqnCl-of43QIHZGg
testuser_0819,101185,eyJhbGciOiJIUzUxMiJ9.eyJzdWIiOiJ0ZXN0dXNlcl8wODE5Iiwicm9sZXMiOiJST0xFX1VTRVIiLCJleHAiOjE3ODcxMTU1MTgsInVzZXJJZCI6IjgxOSIsImlhdCI6MTc4NzAyOTExOH0.ajyQ7TGpzKjqx5ofD9TOPkr-fFZpAkLdqYSYn0zGMwkyoJDKMo2W8Mg1VTwHZkf4eFTLBL3sQ2Pmm-HgAPE16A
testuser_0641,101186,eyJhbGciOiJIUzUxMiJ9.eyJzdWIiOiJ0ZXN0dXNlcl8wNjQxIiwicm9sZXMiOiJST0xFX1VTRVIiLCJleHAiOjE3ODcxMTU1MTksInVzZXJJZCI6IjY0MSIsImlhdCI6MTc4NzAyOTExOX0.Q-_stbJtcb22NJGknYkGVkD33IpH38HZyn2W6HzVDWU4Pw1ZHQ5lDgrRzC3D9FKOT2PciD4K9_cco2SJLc0krA
testuser_0192,101188,eyJhbGciOiJIUzUxMiJ9.eyJzdWIiOiJ0ZXN0dXNlcl8wMTkyIiwicm9sZXMiOiJST0xFX1VTRVIiLCJleHAiOjE3ODcxMTU1MTksInVzZXJJZCI6IjE5MiIsImlhdCI6MTc4NzAyOTExOX0.Xkfz862OXJ0thRwKRr3Q6-cKI5qZFXug4EQsJDYqPGU8uQeqctsaCtuchwzI1SfElGYxt24jyOuxbXCAdw-rUg
testuser_0476,101189,eyJhbGciOiJIUzUxMiJ9.eyJzdWIiOiJ0ZXN0dXNlcl8wNDc2Iiwicm9sZXMiOiJST0xFX1VTRVIiLCJleHAiOjE3ODcxMTU1MTksInVzZXJJZCI6IjQ3NiIsImlhdCI6MTc4NzAyOTExOX0.3BaPc3ENwfXbYQuKnY7toFWbxGFEBzMANqEJiGCr-eDrY15sIgK8F2abDG3IzvOwE-SUxDNbxu9e2mluKp5XjA
testuser_0583,101191,eyJhbGciOiJIUzUxMiJ9.eyJzdWIiOiJ0ZXN0dXNlcl8wNTgzIiwicm9sZXMiOiJST0xFX1VTRVIiLCJleHAiOjE3ODcxMTU1MTksInVzZXJJZCI6IjU4MyIsImlhdCI6MTc4NzAyOTExOX0.-gP3-BwIzvZPgdrBh0_oVFHa4z6cmA4tpCITMq2W-3PfRJzK2aPFCx5ZZxX1YSdOYJIF9d_kQbUyqJCuFOSjVw
testuser_0647,101193,eyJhbGciOiJIUzUxMiJ9.eyJzdWIiOiJ0ZXN0dXNlcl8wNjQ3Iiwicm9sZXMiOiJST0xFX1VTRVIiLCJleHAiOjE3ODcxMTU1MTksInVzZXJJZCI6IjY0NyIsImlhdCI6MTc4NzAyOTExOX0.ylSv-1pikQlxjmOdittDpZq3_vNMD6p-Um9DqwCi92zDaIDL4UumuN0pjO94qkwH472bob-Ja7XopC6jMqtJ-Q
testuser_0237,101205,eyJhbGciOiJIUzUxMiJ9.eyJzdWIiOiJ0ZXN0dXNlcl8wMjM3Iiwicm9sZXMiOiJST0xFX1VTRVIiLCJleHAiOjE3ODcxMTU1MTksInVzZXJJZCI6IjIzNyIsImlhdCI6MTc4NzAyOTExOX0.9YYzNrJgyLA81Ec31lXHiq4URe4OP59kKnLFQ1cg3AFzGdMwAtFUYnwfFNQ13KIA0tuW5EOSBGafyrJFFW67qA
testuser_0141,101208,eyJhbGciOiJIUzUxMiJ9.eyJzdWIiOiJ0ZXN0dXNlcl8wMTQxIiwicm9sZXMiOiJST0xFX1VTRVIiLCJleHAiOjE3ODcxMTU1MTksInVzZXJJZCI6IjE0MSIsImlhdCI6MTc4NzAyOTExOX0.lTS9BoJhkj0HSnqTW6W64SUV_3jQSxap_C84BHmMHZWDttiXHjsXILEQL7zEnCk4bCZx4829jXmunAmfSCic5Q
testuser_0498,101209,eyJhbGciOiJIUzUxMiJ9.eyJzdWIiOiJ0ZXN0dXNlcl8wNDk4Iiwicm9sZXMiOiJST0xFX1VTRVIiLCJleHAiOjE3ODcxMTU1MTksInVzZXJJZCI6IjQ5OCIsImlhdCI6MTc4NzAyOTExOX0.oCUWIXrlpoId70tgaKCcT4YcX9a-RnG3ML2ikR8zhFjIfhTYDE6byr4zctLcy1TVgAxAbn9hdkGWjLtFZNzVOA
testuser_0728,101213,eyJhbGciOiJIUzUxMiJ9.eyJzdWIiOiJ0ZXN0dXNlcl8wNzI4Iiwicm9sZXMiOiJST0xFX1VTRVIiLCJleHAiOjE3ODcxMTU1MTksInVzZXJJZCI6IjcyOCIsImlhdCI6MTc4NzAyOTExOX0.lQVpxw-rC0Z77VJynEAruyL0xn83XFNtPd4vMmyu59jW6DtyrEQNvn-UTJGotprcvDacBEQGHcpQu681cWtkyg
testuser_0262,101214,eyJhbGciOiJIUzUxMiJ9.eyJzdWIiOiJ0ZXN0dXNlcl8wMjYyIiwicm9sZXMiOiJST0xFX1VTRVIiLCJleHAiOjE3ODcxMTU1MTksInVzZXJJZCI6IjI2MiIsImlhdCI6MTc4NzAyOTExOX0.OKLmhzCwdKZersi1-G-9dVShhNsALnf70sn1xzdOY3myGjYwGIFm8jmKx0eZB7VgTuGin7cO3TYqCihNktKYhw
testuser_0782,101215,eyJhbGciOiJIUzUxMiJ9.eyJzdWIiOiJ0ZXN0dXNlcl8wNzgyIiwicm9sZXMiOiJST0xFX1VTRVIiLCJleHAiOjE3ODcxMTU1MTksInVzZXJJZCI6Ijc4MiIsImlhdCI6MTc4NzAyOTExOX0.L3g2ediKxMs7suJ5kmKdU1ka3PVTzGPHegul8JaZTkLGVCsLP0Xf6lukovm1JKafKpHe-q8l-hcj8OjkBceyxg
testuser_0877,101219,eyJhbGciOiJIUzUxMiJ9.eyJzdWIiOiJ0ZXN0dXNlcl8wODc3Iiwicm9sZXMiOiJST0xFX1VTRVIiLCJleHAiOjE3ODcxMTU1MjAsInVzZXJJZCI6Ijg3NyIsImlhdCI6MTc4NzAyOTEyMH0.WJOucRXwvtZDHtqgLrOgjpCqOu5KF0sxIeicxcBomCvu9GOOZJY3xv5q7zt7_H_nsr0l3T10gk0NuDWmrLGUkQ
testuser_0287,101222,eyJhbGciOiJIUzUxMiJ9.eyJzdWIiOiJ0ZXN0dXNlcl8wMjg3Iiwicm9sZXMiOiJST0xFX1VTRVIiLCJleHAiOjE3ODcxMTU1MjAsInVzZXJJZCI6IjI4NyIsImlhdCI6MTc4NzAyOTEyMH0.gPISRT-AQwgeYKrke1OjggVupGbP23UrmLDYGi-c1L-5DxyjUEsadwA4LupL70tgOV0oV1I3Cd52_bRl1Rhnkw
testuser_0433,101232,eyJhbGciOiJIUzUxMiJ9.eyJzdWIiOiJ0ZXN0dXNlcl8wNDMzIiwicm9sZXMiOiJST0xFX1VTRVIiLCJleHAiOjE3ODcxMTU1MjAsInVzZXJJZCI6IjQzMyIsImlhdCI6MTc4NzAyOTEyMH0.s1jzGLouyWUhuBWYkh45XeKPb0s5fAqNj7oMmqCNoZqiMzOia0lo8POm8UULUQajpfkb-cMARvrXitrM-w_AeQ
testuser_0966,101235,eyJhbGciOiJIUzUxMiJ9.eyJzdWIiOiJ0ZXN0dXNlcl8wOTY2Iiwicm9sZXMiOiJST0xFX1VTRVIiLCJleHAiOjE3ODcxMTU1MjAsInVzZXJJZCI6Ijk2NiIsImlhdCI6MTc4NzAyOTEyMH0.B-DIXLjyVrlgWP_HGWMJVHdCZsjrCkxjfNWQd9gsPVlIBungvjYD0l86qkOvcoBTsiA_ooQuxyKWsZrCPexx2g
testuser_0690,101236,eyJhbGciOiJIUzUxMiJ9.eyJzdWIiOiJ0ZXN0dXNlcl8wNjkwIiwicm9sZXMiOiJST0xFX1VTRVIiLCJleHAiOjE3ODcxMTU1MjAsInVzZXJJZCI6IjY5MCIsImlhdCI6MTc4NzAyOTEyMH0.dRsXVTQMkcg9B-JqOnjqTAiExTCsAlJbi83_Un7FUF7n-oQDjeo3DkYG_TtE2KG6406TyTAmfWnG8isC4SeH_g
testuser_0292,101237,eyJhbGciOiJIUzUxMiJ9.eyJzdWIiOiJ0ZXN0dXNlcl8wMjkyIiwicm9sZXMiOiJST0xFX1VTRVIiLCJleHAiOjE3ODcxMTU1MjAsInVzZXJJZCI6IjI5MiIsImlhdCI6MTc4NzAyOTEyMH0.39WA9IXpE6YxtyqAlMV8W5qXTRXki8uBZxT1bD4w_PMguH1gEcHPnd7PaU6XF6XoOnT2s_bkFRKPOcQ3P-THlg
testuser_0048,101252,eyJhbGciOiJIUzUxMiJ9.eyJzdWIiOiJ0ZXN0dXNlcl8wMDQ4Iiwicm9sZXMiOiJST0xFX1VTRVIiLCJleHAiOjE3ODcxMTU1MjAsInVzZXJJZCI6IjQ4IiwiaWF0IjoxNzg3MDI5MTIwfQ.Htm2WcTisMSkCOY5Yb8JW-MZIuJEnBfFd_2ivHi9ykI980iMRyK7H4GqB-0qLKJ50EeP9iHINDBUlIDDvkv5Mw
testuser_0910,101253,eyJhbGciOiJIUzUxMiJ9.eyJzdWIiOiJ0ZXN0dXNlcl8wOTEwIiwicm9sZXMiOiJST0xFX1VTRVIiLCJleHAiOjE3ODcxMTU1MjAsInVzZXJJZCI6IjkxMCIsImlhdCI6MTc4NzAyOTEyMH0.GYauplcxxZfIkSG5qLthBoZteER4eb-japsKOLqKycdb0JRy00YCiJnpaFopMtdNjK1scDlWhX8b8SOT45LbhQ
testuser_0970,101259,eyJhbGciOiJIUzUxMiJ9.eyJzdWIiOiJ0ZXN0dXNlcl8wOTcwIiwicm9sZXMiOiJST0xFX1VTRVIiLCJleHAiOjE3ODcxMTU1MjAsInVzZXJJZCI6Ijk3MCIsImlhdCI6MTc4NzAyOTEyMH0.pyKXONJwCGOczO82_q1bkEqd1MGaY7i29HH9ToxR_XKdcYDP-K_4B5qi3RIS8-wTmR4Tj5whrr26Vr342F19og
testuser_0406,101264,eyJhbGciOiJIUzUxMiJ9.eyJzdWIiOiJ0ZXN0dXNlcl8wNDA2Iiwicm9sZXMiOiJST0xFX1VTRVIiLCJleHAiOjE3ODcxMTU1MjAsInVzZXJJZCI6IjQwNiIsImlhdCI6MTc4NzAyOTEyMH0.aV-5ja2nmJP-qYyp25DRBvAd55HVWDc-bgOYumTgIO7frawEEM5pj7dq2w4mJm7Y3SAGFz_OXLL6p4TnFtHutw
testuser_0577,101269,eyJhbGciOiJIUzUxMiJ9.eyJzdWIiOiJ0ZXN0dXNlcl8wNTc3Iiwicm9sZXMiOiJST0xFX1VTRVIiLCJleHAiOjE3ODcxMTU1MjAsInVzZXJJZCI6IjU3NyIsImlhdCI6MTc4NzAyOTEyMH0.bTEFvqS0yNIS2YNGnclZNCUT0Tme1LqRTqis3_HNjsiNgWWp8jR8FBw68BW7BGqP9AfiOs7JxbVRGLKTokdXfg
testuser_0659,101270,eyJhbGciOiJIUzUxMiJ9.eyJzdWIiOiJ0ZXN0dXNlcl8wNjU5Iiwicm9sZXMiOiJST0xFX1VTRVIiLCJleHAiOjE3ODcxMTU1MjEsInVzZXJJZCI6IjY1OSIsImlhdCI6MTc4NzAyOTEyMX0.G3uPSuedjp5ZLkwsNglImJFbUT8gmTevKCt8G_gNLbO8VdyULbtLFWB1gfEJ4TLHnYkzU6MUhBdCQLQ6Q0jtOw
testuser_0739,101272,eyJhbGciOiJIUzUxMiJ9.eyJzdWIiOiJ0ZXN0dXNlcl8wNzM5Iiwicm9sZXMiOiJST0xFX1VTRVIiLCJleHAiOjE3ODcxMTU1MjEsInVzZXJJZCI6IjczOSIsImlhdCI6MTc4NzAyOTEyMX0.x2EUa9ktC-zeJ-Sfq8mUKotqaN6f3I7eEsB-h3HRALbXV9WFZ7rmPLtfob18xP19ZWuiWCMuKkuoi6SxZinvig
testuser_0240,101278,eyJhbGciOiJIUzUxMiJ9.eyJzdWIiOiJ0ZXN0dXNlcl8wMjQwIiwicm9sZXMiOiJST0xFX1VTRVIiLCJleHAiOjE3ODcxMTU1MjEsInVzZXJJZCI6IjI0MCIsImlhdCI6MTc4NzAyOTEyMX0.ulBMOx9eUfrQVtdKCSBDWaIXZx-prHuLlUA3ABA3u11H1W-FrcemsuCDQKqx3Q3SO_ZrDQa3w9MI_viY95eScw
testuser_0040,101289,eyJhbGciOiJIUzUxMiJ9.eyJzdWIiOiJ0ZXN0dXNlcl8wMDQwIiwicm9sZXMiOiJST0xFX1VTRVIiLCJleHAiOjE3ODcxMTU1MjEsInVzZXJJZCI6IjQwIiwiaWF0IjoxNzg3MDI5MTIxfQ.gkaj_b4JmxVybgq46jQSYbkAU9mueKe_uGiFvsykXqyXxQm02XpCGvpYE95fqvDgxkS7M4dUZUAO49Mvn1mJ5A
testuser_0570,101298,eyJhbGciOiJIUzUxMiJ9.eyJzdWIiOiJ0ZXN0dXNlcl8wNTcwIiwicm9sZXMiOiJST0xFX1VTRVIiLCJleHAiOjE3ODcxMTU1MjEsInVzZXJJZCI6IjU3MCIsImlhdCI6MTc4NzAyOTEyMX0.IdwiWtOfnU69DbuWjzyXd6F9mwxD3_QDnZYGZWGP-meoIVAdvXr5gDa4afCYEn6NFgCT4dLHALEYSLQxHMD2HA
testuser_0470,101306,eyJhbGciOiJIUzUxMiJ9.eyJzdWIiOiJ0ZXN0dXNlcl8wNDcwIiwicm9sZXMiOiJST0xFX1VTRVIiLCJleHAiOjE3ODcxMTU1MjEsInVzZXJJZCI6IjQ3MCIsImlhdCI6MTc4NzAyOTEyMX0.vg_v7Cx9WeYf9hnwoIqzeJ7FBRQKSNKigGhgSPzz7RaTqNztQOjd33ODuUSPBCk1FfSpfNAl_m4DXBQc1AGFSw
testuser_0342,101307,eyJhbGciOiJIUzUxMiJ9.eyJzdWIiOiJ0ZXN0dXNlcl8wMzQyIiwicm9sZXMiOiJST0xFX1VTRVIiLCJleHAiOjE3ODcxMTU1MjEsInVzZXJJZCI6IjM0MiIsImlhdCI6MTc4NzAyOTEyMX0.PH_739FKQCRtw7OK9dzH1M4FfCZxCkm12GeHDJfnbXLDXQ48S0rWV8EK7wz6GYbVfFUIf6JeA5xue2rotyMpAQ
testuser_0874,101308,eyJhbGciOiJIUzUxMiJ9.eyJzdWIiOiJ0ZXN0dXNlcl8wODc0Iiwicm9sZXMiOiJST0xFX1VTRVIiLCJleHAiOjE3ODcxMTU1MjEsInVzZXJJZCI6Ijg3NCIsImlhdCI6MTc4NzAyOTEyMX0.wjtGaDi8ydahd0AlZlDlWUDIF2uJXm_22ytknW8owthSIgqVCxyxwErjMLtVc2nOPpZQ1pCImWbAFBtQy3Ur9g
testuser_0369,101309,eyJhbGciOiJIUzUxMiJ9.eyJzdWIiOiJ0ZXN0dXNlcl8wMzY5Iiwicm9sZXMiOiJST0xFX1VTRVIiLCJleHAiOjE3ODcxMTU1MjEsInVzZXJJZCI6IjM2OSIsImlhdCI6MTc4NzAyOTEyMX0.WzrvSpZym7itnBMQJGsi7ssFQ64k_3WdDWtiqnw46JG-8kpFuUFhUdMoO7huVRaCeAzmGqJZlyxvdrfTCmLO8g
testuser_0905,101321,eyJhbGciOiJIUzUxMiJ9.eyJzdWIiOiJ0ZXN0dXNlcl8wOTA1Iiwicm9sZXMiOiJST0xFX1VTRVIiLCJleHAiOjE3ODcxMTU1MjEsInVzZXJJZCI6IjkwNSIsImlhdCI6MTc4NzAyOTEyMX0.PJu-YH0FtAqy0ZrQBIIUV0GC3-fbf2JF85qYD7mErJxZ9Hv-2J1-aM5QOJS3QV4D8fvqF2fvfJwKeYpnxadCZw
testuser_0661,101324,eyJhbGciOiJIUzUxMiJ9.eyJzdWIiOiJ0ZXN0dXNlcl8wNjYxIiwicm9sZXMiOiJST0xFX1VTRVIiLCJleHAiOjE3ODcxMTU1MjEsInVzZXJJZCI6IjY2MSIsImlhdCI6MTc4NzAyOTEyMX0.T-2405xxYnNuLpYCkt_vvrLUOSt5-Wmih-f7dDRr7NyjmfR5Wus5FqHnppolj5ny4ObFZyVhZ9auczN0y47UQg
testuser_0783,101331,eyJhbGciOiJIUzUxMiJ9.eyJzdWIiOiJ0ZXN0dXNlcl8wNzgzIiwicm9sZXMiOiJST0xFX0FETUlOIiwiZXhwIjoxNzg3MTE1NTIyLCJ1c2VySWQiOiI3ODMiLCJpYXQiOjE3ODcwMjkxMjJ9.xtLkbEhsoKGcV-LuFMSlTJzMasShOkjb4psHuwtchbyjgENvF5BPmffzbBlzIvFKVS-DnaNSsCGSIzlQCnA4-w
testuser_0294,101335,eyJhbGciOiJIUzUxMiJ9.eyJzdWIiOiJ0ZXN0dXNlcl8wMjk0Iiwicm9sZXMiOiJST0xFX1VTRVIiLCJleHAiOjE3ODcxMTU1MjIsInVzZXJJZCI6IjI5NCIsImlhdCI6MTc4NzAyOTEyMn0.Y0VVPqApmrOTFqCqpqfMGLuCKKRuVHmQq10qdUFijuM59FJRIrOd4jhtuZ5CxRil2_xEJdSnQfmM0aWm8raJ4A
testuser_0557,101339,eyJhbGciOiJIUzUxMiJ9.eyJzdWIiOiJ0ZXN0dXNlcl8wNTU3Iiwicm9sZXMiOiJST0xFX1VTRVIiLCJleHAiOjE3ODcxMTU1MjIsInVzZXJJZCI6IjU1NyIsImlhdCI6MTc4NzAyOTEyMn0.j368xBl8ZCW14uWvd3ADjBArN-T9ntcQWntKMWVvp0jsTkGGZM54Sw0Or69RjF4VDnuiAUFxHQaPtGzjLVP9eQ
testuser_0446,101343,eyJhbGciOiJIUzUxMiJ9.eyJzdWIiOiJ0ZXN0dXNlcl8wNDQ2Iiwicm9sZXMiOiJST0xFX1VTRVIiLCJleHAiOjE3ODcxMTU1MjIsInVzZXJJZCI6IjQ0NiIsImlhdCI6MTc4NzAyOTEyMn0.V5_J-W1tlfl0CQwEpH44AG-75ljCja4tTjO9Ru-O-OUzxXJ3o1vkKlV0qHmPN83iWZNpVmqL9xuzp4fCK1vhqQ
testuser_0184,101350,eyJhbGciOiJIUzUxMiJ9.eyJzdWIiOiJ0ZXN0dXNlcl8wMTg0Iiwicm9sZXMiOiJST0xFX1VTRVIiLCJleHAiOjE3ODcxMTU1MjIsInVzZXJJZCI6IjE4NCIsImlhdCI6MTc4NzAyOTEyMn0.tLgyqw-MdQlZ33PsqHRzN9tZS7LcHD5K8AVXp1lAwKaObyWMeiquvhSD6SRocoE7rKglD-2YjR2amO46M4tDjA
testuser_0362,101355,eyJhbGciOiJIUzUxMiJ9.eyJzdWIiOiJ0ZXN0dXNlcl8wMzYyIiwicm9sZXMiOiJST0xFX1VTRVIiLCJleHAiOjE3ODcxMTU1MjIsInVzZXJJZCI6IjM2MiIsImlhdCI6MTc4NzAyOTEyMn0.05kgG3g7tcR770AAHYDTYF8EskRe8Tl3Kh_IMqlhvfFmwlWUETqAfpAG2q2QmugZEIs8s-iei9xnfOaNEPtQ0Q
testuser_0449,101359,eyJhbGciOiJIUzUxMiJ9.eyJzdWIiOiJ0ZXN0dXNlcl8wNDQ5Iiwicm9sZXMiOiJST0xFX1VTRVIiLCJleHAiOjE3ODcxMTU1MjIsInVzZXJJZCI6IjQ0OSIsImlhdCI6MTc4NzAyOTEyMn0.-SFQOcbk1W_sQiBpV17sNsTzwSe-v5S5ZQhNVYb2oBMh4HOG84xBbXcbMW78A7fGgDjUa4wlWWEhDNDK4qcN0A
testuser_0012,101361,eyJhbGciOiJIUzUxMiJ9.eyJzdWIiOiJ0ZXN0dXNlcl8wMDEyIiwicm9sZXMiOiJST0xFX1VTRVIiLCJleHAiOjE3ODcxMTU1MjIsInVzZXJJZCI6IjEyIiwiaWF0IjoxNzg3MDI5MTIyfQ.GDA0l5IVe9l0yJ4JKqpX3fRdIy7j1qo6vYz9F2viNfDZ0EZWVCCPwdpNaD6J5SVNvuJJ2GU-83QweEIjcy-H8g
testuser_0276,101370,eyJhbGciOiJIUzUxMiJ9.eyJzdWIiOiJ0ZXN0dXNlcl8wMjc2Iiwicm9sZXMiOiJST0xFX1VTRVIiLCJleHAiOjE3ODcxMTU1MjIsInVzZXJJZCI6IjI3NiIsImlhdCI6MTc4NzAyOTEyMn0.O-18KZm_5QSuzg01RxIRENIajXfXH2AZCItPoQkMLaTJN1lgLH6Aolp9_XY76yKW-DiiyiOkbVC7e189iLJEzQ
testuser_0221,101371,eyJhbGciOiJIUzUxMiJ9.eyJzdWIiOiJ0ZXN0dXNlcl8wMjIxIiwicm9sZXMiOiJST0xFX1VTRVIiLCJleHAiOjE3ODcxMTU1MjIsInVzZXJJZCI6IjIyMSIsImlhdCI6MTc4NzAyOTEyMn0.sheam3ueFsyZ9Yz3zVqv31JnOdppBIUb8ntkZsw0Y9qiM5F9gs9iEi_TU_SJRnq2SdqRz3181VfcEckB5YjdEw
testuser_0686,101372,eyJhbGciOiJIUzUxMiJ9.eyJzdWIiOiJ0ZXN0dXNlcl8wNjg2Iiwicm9sZXMiOiJST0xFX1VTRVIiLCJleHAiOjE3ODcxMTU1MjMsInVzZXJJZCI6IjY4NiIsImlhdCI6MTc4NzAyOTEyM30.GP1-2qRKwvB2QFEs2W11-D41x3t-oCMxd0umeTjQltAJtQ4ae6ULEWhRFttfEe2uJSdvjdOdOIKjdfa_ut1YTg
testuser_0326,101373,eyJhbGciOiJIUzUxMiJ9.eyJzdWIiOiJ0ZXN0dXNlcl8wMzI2Iiwicm9sZXMiOiJST0xFX1VTRVIiLCJleHAiOjE3ODcxMTU1MjMsInVzZXJJZCI6IjMyNiIsImlhdCI6MTc4NzAyOTEyM30.zbNfFsdENssD1KvjaiBolZIyNNpJZA2tdfgbZ1LR5WreeNSgyRUSOpVkn16bXfv_0qgGef5OITnHfEljOzj28g
testuser_0025,101376,eyJhbGciOiJIUzUxMiJ9.eyJzdWIiOiJ0ZXN0dXNlcl8wMDI1Iiwicm9sZXMiOiJST0xFX1VTRVIiLCJleHAiOjE3ODcxMTU1MjMsInVzZXJJZCI6IjI1IiwiaWF0IjoxNzg3MDI5MTIzfQ.R1TBZBC05jqP6LT6K-SpjcOb9ptpMHxFlopJgQ3iNgICxgg-ZjQ6IuxOrV91QrEF39O0nzowIIe6hHs5qdKtvA
testuser_0061,101378,eyJhbGciOiJIUzUxMiJ9.eyJzdWIiOiJ0ZXN0dXNlcl8wMDYxIiwicm9sZXMiOiJST0xFX1VTRVIiLCJleHAiOjE3ODcxMTU1MjMsInVzZXJJZCI6IjYxIiwiaWF0IjoxNzg3MDI5MTIzfQ.nhSMH0IkSOENh7vOIh-kTHcESsMoxNFhSg2r8pd-DmphdzOnS7Aeby-m3pwJN3fJPCJO5g3ZGlIRhs7MjG5Mzw
testuser_0290,101381,eyJhbGciOiJIUzUxMiJ9.eyJzdWIiOiJ0ZXN0dXNlcl8wMjkwIiwicm9sZXMiOiJST0xFX1VTRVIiLCJleHAiOjE3ODcxMTU1MjMsInVzZXJJZCI6IjI5MCIsImlhdCI6MTc4NzAyOTEyM30.Y_XibKUcXq3ocjWxC3b-jazDzMSPPl6CgDZwy7gsnbi5Yq_G2GdgWcekeHuui8aXDxS5nSNF7RoWCbfx93Bw3w
testuser_0179,101389,eyJhbGciOiJIUzUxMiJ9.eyJzdWIiOiJ0ZXN0dXNlcl8wMTc5Iiwicm9sZXMiOiJST0xFX1VTRVIiLCJleHAiOjE3ODcxMTU1MjMsInVzZXJJZCI6IjE3OSIsImlhdCI6MTc4NzAyOTEyM30.2jV8qDLc8hYtL6EPnhzm_Met2t_4EfZbIY9Ud9SRuFyv1a1C0Z54dNq6IIwgO0F-B-QUR1xDtl_p_YGoEDT16g
testuser_0157,101390,eyJhbGciOiJIUzUxMiJ9.eyJzdWIiOiJ0ZXN0dXNlcl8wMTU3Iiwicm9sZXMiOiJST0xFX1VTRVIiLCJleHAiOjE3ODcxMTU1MjMsInVzZXJJZCI6IjE1NyIsImlhdCI6MTc4NzAyOTEyM30.PgWDFJNpHbfptKn8iQJjtCfAXoMPJlN1ACEcrwI5fIHUdZHZVEEqXhtQJN1QdC9NU__zTJyY1CgGJOdoJppDDw
testuser_0888,101395,eyJhbGciOiJIUzUxMiJ9.eyJzdWIiOiJ0ZXN0dXNlcl8wODg4Iiwicm9sZXMiOiJST0xFX1VTRVIiLCJleHAiOjE3ODcxMTU1MjMsInVzZXJJZCI6Ijg4OCIsImlhdCI6MTc4NzAyOTEyM30.SAu9LzS_9YHPov3u2xIZLurGMZclm1jkao4lLV1ewIr7abYvXkcsnjEw_GeU6DsEBeJfJbyuxWRU4b0ta9bGlg
testuser_0201,101399,eyJhbGciOiJIUzUxMiJ9.eyJzdWIiOiJ0ZXN0dXNlcl8wMjAxIiwicm9sZXMiOiJST0xFX1VTRVIiLCJleHAiOjE3ODcxMTU1MjMsInVzZXJJZCI6IjIwMSIsImlhdCI6MTc4NzAyOTEyM30.6KzNQ8P8YbAMUdhjUjKpuILgPwfA5SPGKqnbCsIrjF1-qSIAtrqfcv34zhbFynEKXU9SUmAiu129GReRxy51eQ
testuser_0884,101403,eyJhbGciOiJIUzUxMiJ9.eyJzdWIiOiJ0ZXN0dXNlcl8wODg0Iiwicm9sZXMiOiJST0xFX1VTRVIiLCJleHAiOjE3ODcxMTU1MjMsInVzZXJJZCI6Ijg4NCIsImlhdCI6MTc4NzAyOTEyM30.8hZHPz7FHz7poKr0mOrDyNrAAM0C50gsugYBq9AXXxa20p-KfvUxqdJROYvxkn7rfxQ2e21RRWUzcb832PEviA
testuser_0510,101404,eyJhbGciOiJIUzUxMiJ9.eyJzdWIiOiJ0ZXN0dXNlcl8wNTEwIiwicm9sZXMiOiJST0xFX1VTRVIiLCJleHAiOjE3ODcxMTU1MjMsInVzZXJJZCI6IjUxMCIsImlhdCI6MTc4NzAyOTEyM30.mAzXoQONU1RNRHjYJgsrJZOH5AbHzCPc4fOyIHnaCMjT6f3t73GmsO_LbIks98Q8zhrSd2UBrLbrC6OITCCdHA
testuser_0271,101408,eyJhbGciOiJIUzUxMiJ9.eyJzdWIiOiJ0ZXN0dXNlcl8wMjcxIiwicm9sZXMiOiJST0xFX1VTRVIiLCJleHAiOjE3ODcxMTU1MjQsInVzZXJJZCI6IjI3MSIsImlhdCI6MTc4NzAyOTEyNH0.BTtdGUX5_neT5Otq1nmqlaxpVOKyPJNDqA9IQVCwI0LSHWOnX8odf9OhhjoXC4eOhqRs_kX9T36XPTnHjvXZkg
testuser_0421,101410,eyJhbGciOiJIUzUxMiJ9.eyJzdWIiOiJ0ZXN0dXNlcl8wNDIxIiwicm9sZXMiOiJST0xFX1VTRVIiLCJleHAiOjE3ODcxMTU1MjQsInVzZXJJZCI6IjQyMSIsImlhdCI6MTc4NzAyOTEyNH0.1bKVuReTUZh5oxOaJT9Hc9in9N7hPgPEEJNopZ-z_CrzJXs-AESeApZSgbWIwFeJp-ftBZWg5VlOKnOLbK9i8w
testuser_0715,101413,eyJhbGciOiJIUzUxMiJ9.eyJzdWIiOiJ0ZXN0dXNlcl8wNzE1Iiwicm9sZXMiOiJST0xFX1VTRVIiLCJleHAiOjE3ODcxMTU1MjQsInVzZXJJZCI6IjcxNSIsImlhdCI6MTc4NzAyOTEyNH0.qSPqlTKAK2cqGXe3C5qgZzETPJAaMWniXYwO7buYo5DcXC5mriOOXajz7JCNlYfRToQRBJvoYvnl5dnhqrcxxw
testuser_0956,101415,eyJhbGciOiJIUzUxMiJ9.eyJzdWIiOiJ0ZXN0dXNlcl8wOTU2Iiwicm9sZXMiOiJST0xFX1VTRVIiLCJleHAiOjE3ODcxMTU1MjQsInVzZXJJZCI6Ijk1NiIsImlhdCI6MTc4NzAyOTEyNH0.ZkCE-2jJkq9O-bur-QvHE--SqoD9Q_SOQkR2lgWRrIEvotiF0jNg-crFiO0gqM5U-T1iB1X1fRSVmOAyO1P-4A
testuser_0008,101419,eyJhbGciOiJIUzUxMiJ9.eyJzdWIiOiJ0ZXN0dXNlcl8wMDA4Iiwicm9sZXMiOiJST0xFX1VTRVIiLCJleHAiOjE3ODcxMTU1MjQsInVzZXJJZCI6IjgiLCJpYXQiOjE3ODcwMjkxMjR9.wddp7A6ZjTfdhU1u2u15K47errDFwQJ3nwawD-dhguQLibjl8W0xP9pA7b6nK3dS1A_QGV30v7DAf7zv3xErcQ
testuser_0087,101422,eyJhbGciOiJIUzUxMiJ9.eyJzdWIiOiJ0ZXN0dXNlcl8wMDg3Iiwicm9sZXMiOiJST0xFX1VTRVIiLCJleHAiOjE3ODcxMTU1MjQsInVzZXJJZCI6Ijg3IiwiaWF0IjoxNzg3MDI5MTI0fQ.h0h2pFMCVhT4DBMJeStG0DJaSaK4cC2jX4tEKmJ1faUzeKPAp6NjB7Ll2koZB1tcAVLwJDF8tssnuTBI2iBPhg
testuser_0448,101425,eyJhbGciOiJIUzUxMiJ9.eyJzdWIiOiJ0ZXN0dXNlcl8wNDQ4Iiwicm9sZXMiOiJST0xFX1VTRVIiLCJleHAiOjE3ODcxMTU1MjQsInVzZXJJZCI6IjQ0OCIsImlhdCI6MTc4NzAyOTEyNH0.DuxMhYnCZNVa_kf8X1ukrBymdznahzipWvLVl5qvngCKXqcjdzUx160xJUkYz_i0ZRJyrFrg0kcDxEPWGe1qmg
testuser_0992,101428,eyJhbGciOiJIUzUxMiJ9.eyJzdWIiOiJ0ZXN0dXNlcl8wOTkyIiwicm9sZXMiOiJST0xFX1VTRVIiLCJleHAiOjE3ODcxMTU1MjQsInVzZXJJZCI6Ijk5MiIsImlhdCI6MTc4NzAyOTEyNH0.e3Q5YD3ufvIqxfpac8qbPc9xD0_jW2Hdbt267mxhXMNdF2xtyo6TBDPKtZ6-qBTHD6qj4XX-1hSvHeyan0voXQ
testuser_0808,101429,eyJhbGciOiJIUzUxMiJ9.eyJzdWIiOiJ0ZXN0dXNlcl8wODA4Iiwicm9sZXMiOiJST0xFX1VTRVIiLCJleHAiOjE3ODcxMTU1MjQsInVzZXJJZCI6IjgwOCIsImlhdCI6MTc4NzAyOTEyNH0.VJ05MuplWKPUBnsjZjHlb5rAU4MYbpLhUyqo99RdzJsFsfBvziF5KdXkbA5qFq2Jz0bVwP-KQ7x5wgAfbnXIVQ
testuser_0775,101436,eyJhbGciOiJIUzUxMiJ9.eyJzdWIiOiJ0ZXN0dXNlcl8wNzc1Iiwicm9sZXMiOiJST0xFX1VTRVIiLCJleHAiOjE3ODcxMTU1MjQsInVzZXJJZCI6Ijc3NSIsImlhdCI6MTc4NzAyOTEyNH0.RSKtDNSOUnutlonRI4iQWh8GX751OLLJoSbe3laph85NHp3c3pggvwQnNNxLwibRWwFICQE9iTmGlLodBI3IuA
testuser_0614,101438,eyJhbGciOiJIUzUxMiJ9.eyJzdWIiOiJ0ZXN0dXNlcl8wNjE0Iiwicm9sZXMiOiJST0xFX1VTRVIiLCJleHAiOjE3ODcxMTU1MjQsInVzZXJJZCI6IjYxNCIsImlhdCI6MTc4NzAyOTEyNH0.MRdtJy1VjEy7EflKX1sbRspbWh3PmiVAbKUZyNpfhClPNtQ-mnCQ2iquJZQaegYBuCfQ8KWJAt71F3hUM34nSA
testuser_0885,101439,eyJhbGciOiJIUzUxMiJ9.eyJzdWIiOiJ0ZXN0dXNlcl8wODg1Iiwicm9sZXMiOiJST0xFX1VTRVIiLCJleHAiOjE3ODcxMTU1MjUsInVzZXJJZCI6Ijg4NSIsImlhdCI6MTc4NzAyOTEyNX0.ezi1VG_OFzIhPDkuEMszmlVS0joUnzYzelEFFuPZvoNEFZiqmDvrM8lD5AR0ovQLYhGvyUDrNtGiDWhZ2rCgnA
testuser_0943,101444,eyJhbGciOiJIUzUxMiJ9.eyJzdWIiOiJ0ZXN0dXNlcl8wOTQzIiwicm9sZXMiOiJST0xFX1VTRVIiLCJleHAiOjE3ODcxMTU1MjUsInVzZXJJZCI6Ijk0MyIsImlhdCI6MTc4NzAyOTEyNX0.iHMBCucrCHQNv65vBtqpowYH-X1zV94jOR6j9JTu77tT2i3e1-LqvU0q3D5vwGnBqIspMRJ3HtFLtk0GPQBmbg
testuser_0165,101451,eyJhbGciOiJIUzUxMiJ9.eyJzdWIiOiJ0ZXN0dXNlcl8wMTY1Iiwicm9sZXMiOiJST0xFX1VTRVIiLCJleHAiOjE3ODcxMTU1MjUsInVzZXJJZCI6IjE2NSIsImlhdCI6MTc4NzAyOTEyNX0.60Bc1MLUWuPN2gdu3VaX7p2Jez71baOBK_qbk1K6vgUdAGUNd9Ct4OAN0tI9ArGRMlcCGrrCZ8m1T2XhnzM-jg
testuser_0383,101455,eyJhbGciOiJIUzUxMiJ9.eyJzdWIiOiJ0ZXN0dXNlcl8wMzgzIiwicm9sZXMiOiJST0xFX1VTRVIiLCJleHAiOjE3ODcxMTU1MjUsInVzZXJJZCI6IjM4MyIsImlhdCI6MTc4NzAyOTEyNX0.LQpVfc2l8BvfxTv83mBmQGmLblZAET7Sif8Hx-k10v4cM-8itpq3ZgNO2x7TnsOqJtbE2UWZZPdrx8WqlWaSng
testuser_0696,101457,eyJhbGciOiJIUzUxMiJ9.eyJzdWIiOiJ0ZXN0dXNlcl8wNjk2Iiwicm9sZXMiOiJST0xFX1VTRVIiLCJleHAiOjE3ODcxMTU1MjUsInVzZXJJZCI6IjY5NiIsImlhdCI6MTc4NzAyOTEyNX0.bY-LeES126Qj8kz7E0cbJtngIQUoDvyZxMyGkAvsB5Mtrb8crkL2Ih0WRZwgdTMkJzdFT2VwIyfyfsbi0OB_FQ
testuser_0968,101458,eyJhbGciOiJIUzUxMiJ9.eyJzdWIiOiJ0ZXN0dXNlcl8wOTY4Iiwicm9sZXMiOiJST0xFX1VTRVIiLCJleHAiOjE3ODcxMTU1MjUsInVzZXJJZCI6Ijk2OCIsImlhdCI6MTc4NzAyOTEyNX0.H1JJSPcuvqdf2iBqXW5qfxvGG1iEqf7Bf6VD6AMfjeAjk-4LeMkTOFHs32pJP8N2-72BiEchfaI2m01N4J8OBg
testuser_0352,101466,eyJhbGciOiJIUzUxMiJ9.eyJzdWIiOiJ0ZXN0dXNlcl8wMzUyIiwicm9sZXMiOiJST0xFX1VTRVIiLCJleHAiOjE3ODcxMTU1MjUsInVzZXJJZCI6IjM1MiIsImlhdCI6MTc4NzAyOTEyNX0.y9ME4bn3Uvw5s5ttNtVccNERIE5H_RX51F_lTqOadqk2T0aKb3_0EEgQfRZxRlpiDHtJz7uAQxIHQ9X-YEaDJg
testuser_0850,101467,eyJhbGciOiJIUzUxMiJ9.eyJzdWIiOiJ0ZXN0dXNlcl8wODUwIiwicm9sZXMiOiJST0xFX1VTRVIiLCJleHAiOjE3ODcxMTU1MjUsInVzZXJJZCI6Ijg1MCIsImlhdCI6MTc4NzAyOTEyNX0.LcUQwN8IGddPqnD8Mr2nTbTufev0IJiHklQU7Dje6FoOTbVKdv2kvA_OCEjlSUyUBJ2EfoK50NuNIWOHvzrp2Q
testuser_0765,101470,eyJhbGciOiJIUzUxMiJ9.eyJzdWIiOiJ0ZXN0dXNlcl8wNzY1Iiwicm9sZXMiOiJST0xFX1VTRVIiLCJleHAiOjE3ODcxMTU1MjUsInVzZXJJZCI6Ijc2NSIsImlhdCI6MTc4NzAyOTEyNX0.7mbMsEFymV6d976MGgPfvgecMUGiICpxD9OZq96fdn14cxoIBFG2OHOZww9Y21KUR-wqiccZbJMjwlmr_UAxpQ
testuser_0310,101472,eyJhbGciOiJIUzUxMiJ9.eyJzdWIiOiJ0ZXN0dXNlcl8wMzEwIiwicm9sZXMiOiJST0xFX1VTRVIiLCJleHAiOjE3ODcxMTU1MjUsInVzZXJJZCI6IjMxMCIsImlhdCI6MTc4NzAyOTEyNX0.5DkRviZq67SdlgjnBIxVwJ8NOqZ1cesMMMX7ussS1Z27TjKG0PY5B5dFJKYjIO6WGfOpptWSiHR_HENiyDO-mw
testuser_0643,101476,eyJhbGciOiJIUzUxMiJ9.eyJzdWIiOiJ0ZXN0dXNlcl8wNjQzIiwicm9sZXMiOiJST0xFX1VTRVIiLCJleHAiOjE3ODcxMTU1MjUsInVzZXJJZCI6IjY0MyIsImlhdCI6MTc4NzAyOTEyNX0.KFCoLXrqKD4qdK3zBbocw7sFUanGSqLR-JSzwEJuc6dasyulG-_04KRXoSFBb8CBhjQR4JgCBWRxF_bagMWhHg
testuser_0034,101480,eyJhbGciOiJIUzUxMiJ9.eyJzdWIiOiJ0ZXN0dXNlcl8wMDM0Iiwicm9sZXMiOiJST0xFX1VTRVIiLCJleHAiOjE3ODcxMTU1MjYsInVzZXJJZCI6IjM0IiwiaWF0IjoxNzg3MDI5MTI2fQ.92Ut5dg_kGOC4emouzpqCv4c1daWtPj2l0rBNbcok9H-gBX8rgwSTHt9yqDgtDhwK3ftYyOIKFSc0hCBTtDIzw
testuser_0797,101482,eyJhbGciOiJIUzUxMiJ9.eyJzdWIiOiJ0ZXN0dXNlcl8wNzk3Iiwicm9sZXMiOiJST0xFX1VTRVIiLCJleHAiOjE3ODcxMTU1MjYsInVzZXJJZCI6Ijc5NyIsImlhdCI6MTc4NzAyOTEyNn0.TfxU26pTTit8OMZxdf3XWu7lHA0qR727vxRY8G6E7QTLFIcDLH3hplS1Wro-QvwdSdw1tExDVw7GLCkEXlwyzA
testuser_0995,101486,eyJhbGciOiJIUzUxMiJ9.eyJzdWIiOiJ0ZXN0dXNlcl8wOTk1Iiwicm9sZXMiOiJST0xFX1VTRVIiLCJleHAiOjE3ODcxMTU1MjYsInVzZXJJZCI6Ijk5NSIsImlhdCI6MTc4NzAyOTEyNn0.-cM1c_LgpKkWM9IAkaMtBl_GLFjRPfkBta64KvszqzEA6XDAxwOt4Lwab8Me-a91h6VID52iZWXus5XFRoqWMQ
testuser_0605,101492,eyJhbGciOiJIUzUxMiJ9.eyJzdWIiOiJ0ZXN0dXNlcl8wNjA1Iiwicm9sZXMiOiJST0xFX1VTRVIiLCJleHAiOjE3ODcxMTU1MjYsInVzZXJJZCI6IjYwNSIsImlhdCI6MTc4NzAyOTEyNn0.F-y7S79ctSmUOCoxrz37GM_UPtauo920HMHuzD1cKY9Dkaefufl1HWXUe0H18e7yV8SI8Hm87ribJ7PQSlQNoQ
testuser_0158,101494,eyJhbGciOiJIUzUxMiJ9.eyJzdWIiOiJ0ZXN0dXNlcl8wMTU4Iiwicm9sZXMiOiJST0xFX1VTRVIiLCJleHAiOjE3ODcxMTU1MjYsInVzZXJJZCI6IjE1OCIsImlhdCI6MTc4NzAyOTEyNn0.nnmylygjxAoLdLZzpamrigNCN86N0-2OMCtB1chpD1tFMufwTZLDdJH66XWn-knDQjxzBprwD4xktnAKBbkBdw
testuser_0305,101495,eyJhbGciOiJIUzUxMiJ9.eyJzdWIiOiJ0ZXN0dXNlcl8wMzA1Iiwicm9sZXMiOiJST0xFX1VTRVIiLCJleHAiOjE3ODcxMTU1MjYsInVzZXJJZCI6IjMwNSIsImlhdCI6MTc4NzAyOTEyNn0.1QzKIULbSsySlPtYujzwaDXtEpwJE76F0eL6D0PyfkVA9O53WI7tmHXNQ4fdzi5DHwFIRqB0b3r38e261XA74A
testuser_0166,101498,eyJhbGciOiJIUzUxMiJ9.eyJzdWIiOiJ0ZXN0dXNlcl8wMTY2Iiwicm9sZXMiOiJST0xFX1VTRVIiLCJleHAiOjE3ODcxMTU1MjYsInVzZXJJZCI6IjE2NiIsImlhdCI6MTc4NzAyOTEyNn0.QXXXUvUTzD-h7J1kPQ-E-nn4LovZxsNflue3rGZOSIeluTEZZbsXJez48d42f_YUmPKBsG7iHIL0_MLInkEvmQ
testuser_0252,101502,eyJhbGciOiJIUzUxMiJ9.eyJzdWIiOiJ0ZXN0dXNlcl8wMjUyIiwicm9sZXMiOiJST0xFX1VTRVIiLCJleHAiOjE3ODcxMTU1MjYsInVzZXJJZCI6IjI1MiIsImlhdCI6MTc4NzAyOTEyNn0.C1u3s-bSw9wlP16go-xQAvVtsM_b3ih1KaJpGtgwhOdFpeaXhK7_KOU0oFDGcKYw-2sk0E12vvj7VImQsPwWpg
testuser_0656,101508,eyJhbGciOiJIUzUxMiJ9.eyJzdWIiOiJ0ZXN0dXNlcl8wNjU2Iiwicm9sZXMiOiJST0xFX1VTRVIiLCJleHAiOjE3ODcxMTU1MjYsInVzZXJJZCI6IjY1NiIsImlhdCI6MTc4NzAyOTEyNn0.KtWfHiXwT51vFz4G7IxwFxqbH_fA5P9OMbdw6ov9W8RVwdlIeRVxbiLfMUqPtPlyXTagPlhihXSNqHVPJckagA
testuser_0042,101510,eyJhbGciOiJIUzUxMiJ9.eyJzdWIiOiJ0ZXN0dXNlcl8wMDQyIiwicm9sZXMiOiJST0xFX1VTRVIiLCJleHAiOjE3ODcxMTU1MjYsInVzZXJJZCI6IjQyIiwiaWF0IjoxNzg3MDI5MTI2fQ.XXz5SRYf3rkwQKalHlt62LHiuEZYumwkQuk3HR2rUsfSuV0sv3oQXCWfqgLC10q4HoD-stCksutYrKdy2NdipQ
testuser_0327,101517,eyJhbGciOiJIUzUxMiJ9.eyJzdWIiOiJ0ZXN0dXNlcl8wMzI3Iiwicm9sZXMiOiJST0xFX1VTRVIiLCJleHAiOjE3ODcxMTU1MjYsInVzZXJJZCI6IjMyNyIsImlhdCI6MTc4NzAyOTEyNn0.l8yeBCogIh-GTN6OCNGPZqdRylA11uJtLTqNizefGx3fHJuGrLJH3qG14CZdF43xJdQL_F_f29KAZrvj3BJAJQ
testuser_0386,101526,eyJhbGciOiJIUzUxMiJ9.eyJzdWIiOiJ0ZXN0dXNlcl8wMzg2Iiwicm9sZXMiOiJST0xFX1VTRVIiLCJleHAiOjE3ODcxMTU1MjcsInVzZXJJZCI6IjM4NiIsImlhdCI6MTc4NzAyOTEyN30.ulYKY7KcUxuimdwZAJI3j9FPaTcwqSyhjWtIfq6WdwWisOR7rPkLSeEGWxEUrIiu3vnoF_39qp6d1JqjeTm-fg
testuser_0793,101531,eyJhbGciOiJIUzUxMiJ9.eyJzdWIiOiJ0ZXN0dXNlcl8wNzkzIiwicm9sZXMiOiJST0xFX1VTRVIiLCJleHAiOjE3ODcxMTU1MjcsInVzZXJJZCI6Ijc5MyIsImlhdCI6MTc4NzAyOTEyN30.xLrzHQ4iBBinM409DF0ThPVTbkdvK-2QQhiHgrIgU-TzKL3UalPRESDZ6J2xkJIAOpwPGEG_-Eu-jqd_goVgAQ
testuser_0907,101534,eyJhbGciOiJIUzUxMiJ9.eyJzdWIiOiJ0ZXN0dXNlcl8wOTA3Iiwicm9sZXMiOiJST0xFX1VTRVIiLCJleHAiOjE3ODcxMTU1MjcsInVzZXJJZCI6IjkwNyIsImlhdCI6MTc4NzAyOTEyN30.KVPLkAZSphHBTQz08_dwyi6NF8U1rg433SaUdqwq3DoNZlf6Ldp6Q3Kd04oaHh4_Ao1xOe5CQUOXErieWXV76A
testuser_0650,101540,eyJhbGciOiJIUzUxMiJ9.eyJzdWIiOiJ0ZXN0dXNlcl8wNjUwIiwicm9sZXMiOiJST0xFX1VTRVIiLCJleHAiOjE3ODcxMTU1MjcsInVzZXJJZCI6IjY1MCIsImlhdCI6MTc4NzAyOTEyN30.sKC0Ire5tLPky-pGAJVo5Mcksr1SEDJPP0I99qj1jlaBitlG4GlM32tie1HVCH75ZFUkOaxCJD-fpFVlvFYeWA
testuser_0429,101547,eyJhbGciOiJIUzUxMiJ9.eyJzdWIiOiJ0ZXN0dXNlcl8wNDI5Iiwicm9sZXMiOiJST0xFX1VTRVIiLCJleHAiOjE3ODcxMTU1MjcsInVzZXJJZCI6IjQyOSIsImlhdCI6MTc4NzAyOTEyN30.GUwjENQDV9OdSdabHRIL_9SwGYHEiypcK4Mgf0-xDrmx3B2k7MY5UUON5MhdGZEMiP2MJ9DCbJrwl6tQyu2_yw
testuser_0236,101553,eyJhbGciOiJIUzUxMiJ9.eyJzdWIiOiJ0ZXN0dXNlcl8wMjM2Iiwicm9sZXMiOiJST0xFX1VTRVIiLCJleHAiOjE3ODcxMTU1MjcsInVzZXJJZCI6IjIzNiIsImlhdCI6MTc4NzAyOTEyN30.lfgLvWlZFpyY-qAeUdS32CxSAfqVceLE294VOh9czuxkrrtTTPELaL9b7olpA-a6RdFtIuyc0NPS96MwJF4IXA
testuser_0603,101568,eyJhbGciOiJIUzUxMiJ9.eyJzdWIiOiJ0ZXN0dXNlcl8wNjAzIiwicm9sZXMiOiJST0xFX1VTRVIiLCJleHAiOjE3ODcxMTU1MjcsInVzZXJJZCI6IjYwMyIsImlhdCI6MTc4NzAyOTEyN30.9sqAPhx5KUyGkb4z_7343I38FXCyu9cN-qdsAo769D0gnBtpJPhiXzFJ1WCWIUrWlQCtqt4x9dcEwI1xcNLsKA
testuser_0871,101576,eyJhbGciOiJIUzUxMiJ9.eyJzdWIiOiJ0ZXN0dXNlcl8wODcxIiwicm9sZXMiOiJST0xFX1VTRVIiLCJleHAiOjE3ODcxMTU1MjcsInVzZXJJZCI6Ijg3MSIsImlhdCI6MTc4NzAyOTEyN30.V05Ld_FJti9rIstxsJce1nEjkYqwfMOtPm20GrJFhR2PQtdmC-itAhCSMq_mo35WEIjtqQqK7BA5Q9OBFpXhpg
testuser_0792,101577,eyJhbGciOiJIUzUxMiJ9.eyJzdWIiOiJ0ZXN0dXNlcl8wNzkyIiwicm9sZXMiOiJST0xFX1VTRVIiLCJleHAiOjE3ODcxMTU1MjcsInVzZXJJZCI6Ijc5MiIsImlhdCI6MTc4NzAyOTEyN30.pG2KjL5YhTZS3L0NQCI3EcUOu7rL3T8MfEFOLFd9DQPmSSE-iwG09FOCDkEimp09ByEm5DezLyxvRnb81jF4vg
testuser_0442,101582,eyJhbGciOiJIUzUxMiJ9.eyJzdWIiOiJ0ZXN0dXNlcl8wNDQyIiwicm9sZXMiOiJST0xFX1VTRVIiLCJleHAiOjE3ODcxMTU1MjcsInVzZXJJZCI6IjQ0MiIsImlhdCI6MTc4NzAyOTEyN30.IcArd4Kfh7WkUxbaIwuhOjzfzJNMTT1OJZO1OPOTCX1nDHuTbubDWTErHZH_hlwTcqueqbp4UWjcJz33jUSBPw
testuser_0379,101589,eyJhbGciOiJIUzUxMiJ9.eyJzdWIiOiJ0ZXN0dXNlcl8wMzc5Iiwicm9sZXMiOiJST0xFX1VTRVIiLCJleHAiOjE3ODcxMTU1MjgsInVzZXJJZCI6IjM3OSIsImlhdCI6MTc4NzAyOTEyOH0.XxZ5PWYYCs5CVJEabggVEpltGBy1prUmkjgWy9KbinPdKyfvP4bbvT8eKBlFoM1E2Sm6hGyjLsmvo9KwEqgmTg
testuser_0388,101590,eyJhbGciOiJIUzUxMiJ9.eyJzdWIiOiJ0ZXN0dXNlcl8wMzg4Iiwicm9sZXMiOiJST0xFX1VTRVIiLCJleHAiOjE3ODcxMTU1MjgsInVzZXJJZCI6IjM4OCIsImlhdCI6MTc4NzAyOTEyOH0.qOvTGvXmKhoyEgn2v0KXbNLOPUr_N7PQ4z-TMHtLevHOA_GWl5KpxEPBbcN0VtTM5qzLfgvkO5YZ6ckH6UbymA
testuser_0319,101592,eyJhbGciOiJIUzUxMiJ9.eyJzdWIiOiJ0ZXN0dXNlcl8wMzE5Iiwicm9sZXMiOiJST0xFX1VTRVIiLCJleHAiOjE3ODcxMTU1MjgsInVzZXJJZCI6IjMxOSIsImlhdCI6MTc4NzAyOTEyOH0.PxG08ns9kAyIsmHBpGw88h8wSrYewvLoioJVSUmwXBvBmRpvnE6bLw8bVOnSgrD_Jk8vuGxWwEOxK4wjg7Sz1Q
testuser_0516,101594,eyJhbGciOiJIUzUxMiJ9.eyJzdWIiOiJ0ZXN0dXNlcl8wNTE2Iiwicm9sZXMiOiJST0xFX1VTRVIiLCJleHAiOjE3ODcxMTU1MjgsInVzZXJJZCI6IjUxNiIsImlhdCI6MTc4NzAyOTEyOH0.MsuBRhFlNubdF6kcCpvzr0eySGNpI1Ra0Hq5TuogXUDwBy3tV-tr4DesraOoIRnBBZkjhRH6Zo-0gJnTmxDZNQ
testuser_0862,101596,eyJhbGciOiJIUzUxMiJ9.eyJzdWIiOiJ0ZXN0dXNlcl8wODYyIiwicm9sZXMiOiJST0xFX1VTRVIiLCJleHAiOjE3ODcxMTU1MjgsInVzZXJJZCI6Ijg2MiIsImlhdCI6MTc4NzAyOTEyOH0.SyRjLe36p6zD7K5Bej2dR9chOYcOuW_MTy489F2SLe0AUqCANOy1BKWqDEC13oLukOu3lUBFKzwe23N-VhLlHg
testuser_0851,101601,eyJhbGciOiJIUzUxMiJ9.eyJzdWIiOiJ0ZXN0dXNlcl8wODUxIiwicm9sZXMiOiJST0xFX1VTRVIiLCJleHAiOjE3ODcxMTU1MjgsInVzZXJJZCI6Ijg1MSIsImlhdCI6MTc4NzAyOTEyOH0.8E0_LLfPQ5sNPOOxDqDSMqPv5q1sFdVzbg66aZriukp19k6SipROhGLopGT5t4N-bdGK81kA_vxFNZdb0JdJwg
testuser_0991,101603,eyJhbGciOiJIUzUxMiJ9.eyJzdWIiOiJ0ZXN0dXNlcl8wOTkxIiwicm9sZXMiOiJST0xFX1VTRVIiLCJleHAiOjE3ODcxMTU1MjgsInVzZXJJZCI6Ijk5MSIsImlhdCI6MTc4NzAyOTEyOH0.eNsjHxUVT4HPeHytcinmI73f14-fxlsIENEltbJ_Pxc4KKhLLntDDzFctuBrhu4Xmxr8t7yA6M2LSE24zRhfpw
testuser_0123,101606,eyJhbGciOiJIUzUxMiJ9.eyJzdWIiOiJ0ZXN0dXNlcl8wMTIzIiwicm9sZXMiOiJST0xFX1VTRVIiLCJleHAiOjE3ODcxMTU1MjgsInVzZXJJZCI6IjEyMyIsImlhdCI6MTc4NzAyOTEyOH0.ACzncLjwmVOOukriYu_KPm46ZFhqKPOt7ELkoNqZUGIH3O09KGKvmGEcRo9lpc1oto4w2cQ7-FuhqEc5qK53Lw
testuser_0828,101609,eyJhbGciOiJIUzUxMiJ9.eyJzdWIiOiJ0ZXN0dXNlcl8wODI4Iiwicm9sZXMiOiJST0xFX1VTRVIiLCJleHAiOjE3ODcxMTU1MjgsInVzZXJJZCI6IjgyOCIsImlhdCI6MTc4NzAyOTEyOH0.8SJ8rRFLFV7vKtbjAeyFyz58md9UjpVyu6PWxx_jrWdXMMh839R3N2tmOd8LsZ_iKygIO7_0hvSsbOEK1XcEQQ
testuser_0817,101611,eyJhbGciOiJIUzUxMiJ9.eyJzdWIiOiJ0ZXN0dXNlcl8wODE3Iiwicm9sZXMiOiJST0xFX1VTRVIiLCJleHAiOjE3ODcxMTU1MjgsInVzZXJJZCI6IjgxNyIsImlhdCI6MTc4NzAyOTEyOH0.NjQ5NHTocBsS9LtL6rH-SUSL0LTtvEK3yTDn6NfW1M4k_pjpAtTgcljSujD6FUX4MuKXnHXvVCXAXM_nyxuetQ
testuser_0359,101619,eyJhbGciOiJIUzUxMiJ9.eyJzdWIiOiJ0ZXN0dXNlcl8wMzU5Iiwicm9sZXMiOiJST0xFX1VTRVIiLCJleHAiOjE3ODcxMTU1MjgsInVzZXJJZCI6IjM1OSIsImlhdCI6MTc4NzAyOTEyOH0.mUqq0Q2VFTQbwYoHAm6MEE6z6fJYm5sACI1a8hUi7oDkKOj99h83G4BlVfa3rb4d7eqH7Qt2EZI-om8jFmGtRA
testuser_0999,101627,eyJhbGciOiJIUzUxMiJ9.eyJzdWIiOiJ0ZXN0dXNlcl8wOTk5Iiwicm9sZXMiOiJST0xFX1VTRVIiLCJleHAiOjE3ODcxMTU1MjksInVzZXJJZCI6Ijk5OSIsImlhdCI6MTc4NzAyOTEyOX0.rnp5qUKvYROTjA-WB_V7FD5x7-9IKmThI-BItjaHcR9e-XqBjgwoZY_fr8Mi5DY4Lnt7dZgH3YsUBL4gDcKG2w
testuser_0778,101630,eyJhbGciOiJIUzUxMiJ9.eyJzdWIiOiJ0ZXN0dXNlcl8wNzc4Iiwicm9sZXMiOiJST0xFX1VTRVIiLCJleHAiOjE3ODcxMTU1MjksInVzZXJJZCI6Ijc3OCIsImlhdCI6MTc4NzAyOTEyOX0.YzKqFEMTdnddH9FewPVKKmeQiYY5v8XO3oWQYfmw7voU22DGEGG0i0tNk1q_11b2F2yi04BP-pkMbkcrj1EngQ
testuser_0338,101633,eyJhbGciOiJIUzUxMiJ9.eyJzdWIiOiJ0ZXN0dXNlcl8wMzM4Iiwicm9sZXMiOiJST0xFX1VTRVIiLCJleHAiOjE3ODcxMTU1MjksInVzZXJJZCI6IjMzOCIsImlhdCI6MTc4NzAyOTEyOX0.3_y-P-ClZMpaWS5zYzsLXzlJAHHILpPMlUiUc2HWmbNXpnp9nLGROxS0kMWaRgfVipm31Z7XSJgFdJfMJy00wA
testuser_0230,101639,eyJhbGciOiJIUzUxMiJ9.eyJzdWIiOiJ0ZXN0dXNlcl8wMjMwIiwicm9sZXMiOiJST0xFX1VTRVIiLCJleHAiOjE3ODcxMTU1MjksInVzZXJJZCI6IjIzMCIsImlhdCI6MTc4NzAyOTEyOX0.rsEunwWTvAMe7e09RiyMFsSJuaEdHaao1C_Ek_EOOKUat_DL_QsP-WHe93kqYZpAShgeMWyXdewl-3bLqgWQKw
testuser_0172,101644,eyJhbGciOiJIUzUxMiJ9.eyJzdWIiOiJ0ZXN0dXNlcl8wMTcyIiwicm9sZXMiOiJST0xFX1VTRVIiLCJleHAiOjE3ODcxMTU1MjksInVzZXJJZCI6IjE3MiIsImlhdCI6MTc4NzAyOTEyOX0.6HsY4XMAu099KkyFlvDaEVIEGuHxamy3vStdgC-Wq4RFSfEmQszRREWrvlJ8H15goxceTpyEz32fd_9XSXT-BQ
testuser_0595,101647,eyJhbGciOiJIUzUxMiJ9.eyJzdWIiOiJ0ZXN0dXNlcl8wNTk1Iiwicm9sZXMiOiJST0xFX1VTRVIiLCJleHAiOjE3ODcxMTU1MjksInVzZXJJZCI6IjU5NSIsImlhdCI6MTc4NzAyOTEyOX0.0TEDXmwGdvboKi_bPjT7KZPuALLzcrMDd6kX-TyekgdP9OPbYtBzQhr7rpdnFOD77XfKGQ4eJ-QSRu0nPLp20A
testuser_0371,101650,eyJhbGciOiJIUzUxMiJ9.eyJzdWIiOiJ0ZXN0dXNlcl8wMzcxIiwicm9sZXMiOiJST0xFX1VTRVIiLCJleHAiOjE3ODcxMTU1MjksInVzZXJJZCI6IjM3MSIsImlhdCI6MTc4NzAyOTEyOX0.gzFzHkGWeLdVwlnPWLCQWRWKTweJW72-z0DW33WyHsx4k5WLEiq_mtFj0QaFLatdZYtwOmvO0seGyenrKtop5w
testuser_0814,101655,eyJhbGciOiJIUzUxMiJ9.eyJzdWIiOiJ0ZXN0dXNlcl8wODE0Iiwicm9sZXMiOiJST0xFX1VTRVIiLCJleHAiOjE3ODcxMTU1MjksInVzZXJJZCI6IjgxNCIsImlhdCI6MTc4NzAyOTEyOX0.WAzBW_WNMmbwzCH5cCogrw-WxUNJ9RMlvmnWNQR65Zd7PRwn9rZFLw9cdf4rRPM8vyeLsVDrP2G-qmuu2sWGsQ
testuser_0413,101659,eyJhbGciOiJIUzUxMiJ9.eyJzdWIiOiJ0ZXN0dXNlcl8wNDEzIiwicm9sZXMiOiJST0xFX1VTRVIiLCJleHAiOjE3ODcxMTU1MjksInVzZXJJZCI6IjQxMyIsImlhdCI6MTc4NzAyOTEyOX0.jIPzXfkZvQqjbpgt_1ld-6E722KfJOMb9EM_QKpCbkI2PdZmD53sZIlsD8Nl4B1Pg2O74m4Glf41QktuFXU80A
testuser_0282,101666,eyJhbGciOiJIUzUxMiJ9.eyJzdWIiOiJ0ZXN0dXNlcl8wMjgyIiwicm9sZXMiOiJST0xFX1VTRVIiLCJleHAiOjE3ODcxMTU1MjksInVzZXJJZCI6IjI4MiIsImlhdCI6MTc4NzAyOTEyOX0.mkfqXT0YVfEDnXJqPlwM1yqZTipclaA7ANeWRe75addGqnW1Iy0EibJmMxoKstnJfF3At5qfyXgKWhB-sPq9Bw
testuser_0533,101669,eyJhbGciOiJIUzUxMiJ9.eyJzdWIiOiJ0ZXN0dXNlcl8wNTMzIiwicm9sZXMiOiJST0xFX1VTRVIiLCJleHAiOjE3ODcxMTU1MjksInVzZXJJZCI6IjUzMyIsImlhdCI6MTc4NzAyOTEyOX0.7ZgI_aCnWOM41T_kslOBPzzfrfOavrq5EHFlVgyHQ3iSs9rPYGuEYhRerInLOjvAn7HQjquySNasZK91YqUFjQ
testuser_0761,101671,eyJhbGciOiJIUzUxMiJ9.eyJzdWIiOiJ0ZXN0dXNlcl8wNzYxIiwicm9sZXMiOiJST0xFX1VTRVIiLCJleHAiOjE3ODcxMTU1MzAsInVzZXJJZCI6Ijc2MSIsImlhdCI6MTc4NzAyOTEzMH0.s6xXq49Lc0YTq7CdZEbJbBo6bkrs3xGlnnLd8PXXwyZPFIEPJPkc08xo5wHDGKAb2FIrRMaW0hTmAHkwg8tjww
testuser_0839,101675,eyJhbGciOiJIUzUxMiJ9.eyJzdWIiOiJ0ZXN0dXNlcl8wODM5Iiwicm9sZXMiOiJST0xFX1VTRVIiLCJleHAiOjE3ODcxMTU1MzAsInVzZXJJZCI6IjgzOSIsImlhdCI6MTc4NzAyOTEzMH0.sITTay7AJoS7iTRw88ywRjZAWjYglGfWqiohfZmRMJumcOtt0DgRjHJe6jmvkBcg-bs7qzErv13YvfTa_ppgww
testuser_0868,101679,eyJhbGciOiJIUzUxMiJ9.eyJzdWIiOiJ0ZXN0dXNlcl8wODY4Iiwicm9sZXMiOiJST0xFX1VTRVIiLCJleHAiOjE3ODcxMTU1MzAsInVzZXJJZCI6Ijg2OCIsImlhdCI6MTc4NzAyOTEzMH0.aZJngm7BcBzgJ3lmh04F-ypU5kb8PXSBIzlBaO_q4Z3fS4XiDJKrpADOGc-HwlfAbeYPI16UqH7fVY3daM81Zw
testuser_0224,101689,eyJhbGciOiJIUzUxMiJ9.eyJzdWIiOiJ0ZXN0dXNlcl8wMjI0Iiwicm9sZXMiOiJST0xFX1VTRVIiLCJleHAiOjE3ODcxMTU1MzAsInVzZXJJZCI6IjIyNCIsImlhdCI6MTc4NzAyOTEzMH0.WnydUsPL7um156vR8vN28XxAbyhHFyfiyJUPbuidlpoNRjaBSbn14h6Nus2df02rT-IMKUYR-yUOALDjXSur9Q
testuser_0716,101701,eyJhbGciOiJIUzUxMiJ9.eyJzdWIiOiJ0ZXN0dXNlcl8wNzE2Iiwicm9sZXMiOiJST0xFX1VTRVIiLCJleHAiOjE3ODcxMTU1MzAsInVzZXJJZCI6IjcxNiIsImlhdCI6MTc4NzAyOTEzMH0.GErVW-Fu554zgks0dN01HJoGhcoprX5BIeSjSCeKOQ136PUJA93f8R83ZG2nnzBsOjgd4JX7kWj4tQsLYcv13g
testuser_0066,101703,eyJhbGciOiJIUzUxMiJ9.eyJzdWIiOiJ0ZXN0dXNlcl8wMDY2Iiwicm9sZXMiOiJST0xFX1VTRVIiLCJleHAiOjE3ODcxMTU1MzAsInVzZXJJZCI6IjY2IiwiaWF0IjoxNzg3MDI5MTMwfQ.nE5HS9XsCU1k2lPtbrLTvHYeBQtyxAIPigZuKJ-n8VN9p4pT9ke1ye9gsYPL8Fz5w8ycEv31HHnTrqs7Z12yCQ
testuser_0688,101704,eyJhbGciOiJIUzUxMiJ9.eyJzdWIiOiJ0ZXN0dXNlcl8wNjg4Iiwicm9sZXMiOiJST0xFX1VTRVIiLCJleHAiOjE3ODcxMTU1MzAsInVzZXJJZCI6IjY4OCIsImlhdCI6MTc4NzAyOTEzMH0.y198TlKZg9bE-Ycecl9DbI5pCKsrJlenNCAZFvLDeSr1MIOv9GrHAJLK6oUAB8B3NQbaCgYrgLqKmTit8fvs6Q
testuser_0977,101706,eyJhbGciOiJIUzUxMiJ9.eyJzdWIiOiJ0ZXN0dXNlcl8wOTc3Iiwicm9sZXMiOiJST0xFX1VTRVIiLCJleHAiOjE3ODcxMTU1MzAsInVzZXJJZCI6Ijk3NyIsImlhdCI6MTc4NzAyOTEzMH0.TfqoVsrXYGgUHZ637ekrOK-K8CmCopxpeFE-zobtNpBY5b0dZWElGO6WqBpsryC6AuWVJmCt3Zh7qIMB51v7-g
testuser_0718,101707,eyJhbGciOiJIUzUxMiJ9.eyJzdWIiOiJ0ZXN0dXNlcl8wNzE4Iiwicm9sZXMiOiJST0xFX1VTRVIiLCJleHAiOjE3ODcxMTU1MzAsInVzZXJJZCI6IjcxOCIsImlhdCI6MTc4NzAyOTEzMH0.YrRybZkASzMGnBA0mLAFxYz7tM0aMsbXVQAOPVDxzKzeSjVsQBQnrEaHrMD5wnQUk1fmhFJievDcKyuHQqNwlQ
testuser_0801,101708,eyJhbGciOiJIUzUxMiJ9.eyJzdWIiOiJ0ZXN0dXNlcl8wODAxIiwicm9sZXMiOiJST0xFX1VTRVIiLCJleHAiOjE3ODcxMTU1MzAsInVzZXJJZCI6IjgwMSIsImlhdCI6MTc4NzAyOTEzMH0.ZmlvgFUlMC4L38mv81u-4IPvE6Ni0HispeO-5v6DurK4XJmQ4F4KD4XkJQyE40MkzVwPoE3de-sQj-hVihtzSg
testuser_0638,101716,eyJhbGciOiJIUzUxMiJ9.eyJzdWIiOiJ0ZXN0dXNlcl8wNjM4Iiwicm9sZXMiOiJST0xFX1VTRVIiLCJleHAiOjE3ODcxMTU1MzAsInVzZXJJZCI6IjYzOCIsImlhdCI6MTc4NzAyOTEzMH0.pu2msJDrIoyN8k2YrSX7ej4W-VgqqT9Qo_8RuZa8k9kOkCcYON4-9APlEcbcIDAXJZ3ouf5eYy2-qxQeq6Ivhw
testuser_0080,101722,eyJhbGciOiJIUzUxMiJ9.eyJzdWIiOiJ0ZXN0dXNlcl8wMDgwIiwicm9sZXMiOiJST0xFX1VTRVIiLCJleHAiOjE3ODcxMTU1MzEsInVzZXJJZCI6IjgwIiwiaWF0IjoxNzg3MDI5MTMxfQ.unZm_IfSnj8K-f0W8gx6-qhNpAyU_NfMeQi7Y9sbRFl7RIihQRzeZKYBu-LT2_tpYHmvrI40CU7HITyukZGZvQ
testuser_0001,101730,eyJhbGciOiJIUzUxMiJ9.eyJzdWIiOiJ0ZXN0dXNlcl8wMDAxIiwicm9sZXMiOiJST0xFX1VTRVIiLCJleHAiOjE3ODcxMTU1MzEsInVzZXJJZCI6IjEiLCJpYXQiOjE3ODcwMjkxMzF9.gjKFC__bStUekUkYpJQACukH6pLTYFZsmE7nLoWjV7-9MINnewWFQGyRLMaQFEqqS3uAyERdwFXI3l1dvNL0yA
testuser_0748,101732,eyJhbGciOiJIUzUxMiJ9.eyJzdWIiOiJ0ZXN0dXNlcl8wNzQ4Iiwicm9sZXMiOiJST0xFX1VTRVIiLCJleHAiOjE3ODcxMTU1MzEsInVzZXJJZCI6Ijc0OCIsImlhdCI6MTc4NzAyOTEzMX0._dTnEjD8sgUaLu0Yk2SABt2ifq-OLK5dcxvmWffjtUIlh810ay86F4dcl3T4x08ne9s55KuoDUJhl4SKK4T6SQ
testuser_0853,101733,eyJhbGciOiJIUzUxMiJ9.eyJzdWIiOiJ0ZXN0dXNlcl8wODUzIiwicm9sZXMiOiJST0xFX1VTRVIiLCJleHAiOjE3ODcxMTU1MzEsInVzZXJJZCI6Ijg1MyIsImlhdCI6MTc4NzAyOTEzMX0.1T47ofTgyCNc32Qwr9d7Erx1psqiYZcHovGtpbLB_MoD6kCDzcDR3pwG7vD-iH-t9LETFUGwSZSOR9mqGIzSsg
testuser_0356,101734,eyJhbGciOiJIUzUxMiJ9.eyJzdWIiOiJ0ZXN0dXNlcl8wMzU2Iiwicm9sZXMiOiJST0xFX1VTRVIiLCJleHAiOjE3ODcxMTU1MzEsInVzZXJJZCI6IjM1NiIsImlhdCI6MTc4NzAyOTEzMX0.R1jiBwsn6LpTWpfZU3BzJAeesMB95-oWWM_1TmkntqWNraK9ZV3FoFrqc8IoEY_4_4xaQxrs-UQdASfDbDs5Tw
testuser_0755,101739,eyJhbGciOiJIUzUxMiJ9.eyJzdWIiOiJ0ZXN0dXNlcl8wNzU1Iiwicm9sZXMiOiJST0xFX1VTRVIiLCJleHAiOjE3ODcxMTU1MzEsInVzZXJJZCI6Ijc1NSIsImlhdCI6MTc4NzAyOTEzMX0.FWXKekzhm_Eu-qhZsfYUlBJ7IdDa8qo_5Z_BJ-BQr3NKtRocMfnXHZ2KziPt2ahAw46uIKNtjmOXQpkiL7XHOg
testuser_0617,101754,eyJhbGciOiJIUzUxMiJ9.eyJzdWIiOiJ0ZXN0dXNlcl8wNjE3Iiwicm9sZXMiOiJST0xFX1VTRVIiLCJleHAiOjE3ODcxMTU1MzEsInVzZXJJZCI6IjYxNyIsImlhdCI6MTc4NzAyOTEzMX0.82wWCivqIH6_9wEqse_XdmJmTtn9NP3hMpWNOTbD_vF1_wzlsSBWHNdJtUNgXgua1LmLJ1E9TEclHDVGv0ozMg
testuser_0218,101761,eyJhbGciOiJIUzUxMiJ9.eyJzdWIiOiJ0ZXN0dXNlcl8wMjE4Iiwicm9sZXMiOiJST0xFX1VTRVIiLCJleHAiOjE3ODcxMTU1MzEsInVzZXJJZCI6IjIxOCIsImlhdCI6MTc4NzAyOTEzMX0.NPp7wo4d7HcOP8QLiMuwRNMOgkbHWA1yybjP3bWEEbAdgEl8NMI4ZfiJZdRdy2ba7domFjck0yCh9HX2MZ_muw
testuser_0227,101775,eyJhbGciOiJIUzUxMiJ9.eyJzdWIiOiJ0ZXN0dXNlcl8wMjI3Iiwicm9sZXMiOiJST0xFX1VTRVIiLCJleHAiOjE3ODcxMTU1MzEsInVzZXJJZCI6IjIyNyIsImlhdCI6MTc4NzAyOTEzMX0.GgOGKzQdQJcsF47mUOJSEoFf7ZQVmEzXnhLw814Pspe-aRop1oMEkhwHlBMiHukUm5Ce0ihE5ym80gi9WhbRfA
testuser_0615,101783,eyJhbGciOiJIUzUxMiJ9.eyJzdWIiOiJ0ZXN0dXNlcl8wNjE1Iiwicm9sZXMiOiJST0xFX1VTRVIiLCJleHAiOjE3ODcxMTU1MzEsInVzZXJJZCI6IjYxNSIsImlhdCI6MTc4NzAyOTEzMX0.MdxXqrRu8T0QlcYYycEt2kmOm00rbVlRTL0hHm8Bjir4Wfu9v7JcS_7cEXunA_pdqEMHVd0v42EZTgnauzefAQ
testuser_0762,101790,eyJhbGciOiJIUzUxMiJ9.eyJzdWIiOiJ0ZXN0dXNlcl8wNzYyIiwicm9sZXMiOiJST0xFX1VTRVIiLCJleHAiOjE3ODcxMTU1MzEsInVzZXJJZCI6Ijc2MiIsImlhdCI6MTc4NzAyOTEzMX0.vl7GOiZU-JJ0gKFj5MBnflnAS0ZKl85LG7b8p21AxgLWRsaelYJWNcPxy4q9OEDjECfgVk7yBVAbP0jWi-sz0Q
testuser_0913,101791,eyJhbGciOiJIUzUxMiJ9.eyJzdWIiOiJ0ZXN0dXNlcl8wOTEzIiwicm9sZXMiOiJST0xFX1VTRVIiLCJleHAiOjE3ODcxMTU1MzIsInVzZXJJZCI6IjkxMyIsImlhdCI6MTc4NzAyOTEzMn0.upjm514q77TV-llfVR8LlI5UU4x8NVm4YPwoMaKlBlNQtPwvhWe4SGkqDKcsd9AEo65gCGGESPwa8nbMkKHJ_Q
testuser_0626,101792,eyJhbGciOiJIUzUxMiJ9.eyJzdWIiOiJ0ZXN0dXNlcl8wNjI2Iiwicm9sZXMiOiJST0xFX1VTRVIiLCJleHAiOjE3ODcxMTU1MzIsInVzZXJJZCI6IjYyNiIsImlhdCI6MTc4NzAyOTEzMn0._pc1yk3lhy1v0j6JAuaPHoon5FqDq2YMqbS-LAsZpJiXxbfkwtY7LoBl6P6ixWkl63uM5KXDds4F5_pzcDhpyw
testuser_0527,101794,eyJhbGciOiJIUzUxMiJ9.eyJzdWIiOiJ0ZXN0dXNlcl8wNTI3Iiwicm9sZXMiOiJST0xFX1VTRVIiLCJleHAiOjE3ODcxMTU1MzIsInVzZXJJZCI6IjUyNyIsImlhdCI6MTc4NzAyOTEzMn0.go9dI5f8vjfWWdkTA-B-hDSzj5MMGhVYDPqlb-mUETAmqExgEgh-zvldPRimJ1Pye6bT13WZ88q4GmZm2S9oqA
testuser_0585,101805,eyJhbGciOiJIUzUxMiJ9.eyJzdWIiOiJ0ZXN0dXNlcl8wNTg1Iiwicm9sZXMiOiJST0xFX1VTRVIiLCJleHAiOjE3ODcxMTU1MzIsInVzZXJJZCI6IjU4NSIsImlhdCI6MTc4NzAyOTEzMn0.C-LWLZ300rGLxydE5oUa1m-UIQGcmMxZMJbqczjAUoGqVO3auUbvw2hpRNobpD5fVGm13_RX_CjXv3Be8RbTBg
testuser_0003,101811,eyJhbGciOiJIUzUxMiJ9.eyJzdWIiOiJ0ZXN0dXNlcl8wMDAzIiwicm9sZXMiOiJST0xFX1VTRVIiLCJleHAiOjE3ODcxMTU1MzIsInVzZXJJZCI6IjMiLCJpYXQiOjE3ODcwMjkxMzJ9.sbQ3x8MhYAMKmdP-IlXWkZ6P8-jZUH5PbTXRvCby8uAEbr29E0AJiMG9OJvlW49ntLvUoE4IVgiI4xC65sRFOA
testuser_0006,101813,eyJhbGciOiJIUzUxMiJ9.eyJzdWIiOiJ0ZXN0dXNlcl8wMDA2Iiwicm9sZXMiOiJST0xFX1VTRVIiLCJleHAiOjE3ODcxMTU1MzIsInVzZXJJZCI6IjYiLCJpYXQiOjE3ODcwMjkxMzJ9.cotVPps_7R0g3hjg7S7NJLYBMganaO2ksrcQlEH9KeGsKsiOHQCccXGsqeB6R4w9G17Q2bfq80mit64p4j32UQ
testuser_0370,101817,eyJhbGciOiJIUzUxMiJ9.eyJzdWIiOiJ0ZXN0dXNlcl8wMzcwIiwicm9sZXMiOiJST0xFX1VTRVIiLCJleHAiOjE3ODcxMTU1MzIsInVzZXJJZCI6IjM3MCIsImlhdCI6MTc4NzAyOTEzMn0.5BUK5IQfkY10Oip4zdhFOpwuQ68eqIjNiM40DrsHADxgF3u_aT5Ga7fMSZ7X4lF0N0-9aAWMsuXdRl36ZwXEUw
testuser_0630,101847,eyJhbGciOiJIUzUxMiJ9.eyJzdWIiOiJ0ZXN0dXNlcl8wNjMwIiwicm9sZXMiOiJST0xFX1VTRVIiLCJleHAiOjE3ODcxMTU1MzIsInVzZXJJZCI6IjYzMCIsImlhdCI6MTc4NzAyOTEzMn0.aUZ6SiA1OSg81pblD5vLrCjMyPwX0Aw7AVDmPGq-vqq3QddKCJ3YPu5k4Ue6sx_UquHbqqynR-0p4tk9VBmu-A
testuser_0045,101849,eyJhbGciOiJIUzUxMiJ9.eyJzdWIiOiJ0ZXN0dXNlcl8wMDQ1Iiwicm9sZXMiOiJST0xFX1VTRVIiLCJleHAiOjE3ODcxMTU1MzIsInVzZXJJZCI6IjQ1IiwiaWF0IjoxNzg3MDI5MTMyfQ.XjjLL23fnGzfuvuwIQ_6fPulfKpRvapvFOJtE5FLSAHgKTgHHn2bj-7h81qpYqYTqYeIgWe0E5OkkrY0fybjgQ
testuser_0049,101856,eyJhbGciOiJIUzUxMiJ9.eyJzdWIiOiJ0ZXN0dXNlcl8wMDQ5Iiwicm9sZXMiOiJST0xFX1VTRVIiLCJleHAiOjE3ODcxMTU1MzIsInVzZXJJZCI6IjQ5IiwiaWF0IjoxNzg3MDI5MTMyfQ.WPU3w_K_rdn35CEpJxXm_887BOHxZQr2gZrKgf0x3koPA8gRJU0EgHGY9VJwExjH1pvI55ThPZyH5g2qtXXOlg
testuser_0334,101857,eyJhbGciOiJIUzUxMiJ9.eyJzdWIiOiJ0ZXN0dXNlcl8wMzM0Iiwicm9sZXMiOiJST0xFX1VTRVIiLCJleHAiOjE3ODcxMTU1MzIsInVzZXJJZCI6IjMzNCIsImlhdCI6MTc4NzAyOTEzMn0.lANgbUnY_ij4cKoqTERMjKDxZjmhMD4a1kElDmBHwp5QYQXluCTZ17bG09zssLCa4_ZTXvaGF1WBREHvWdHN8w
testuser_0381,101868,eyJhbGciOiJIUzUxMiJ9.eyJzdWIiOiJ0ZXN0dXNlcl8wMzgxIiwicm9sZXMiOiJST0xFX1VTRVIiLCJleHAiOjE3ODcxMTU1MzMsInVzZXJJZCI6IjM4MSIsImlhdCI6MTc4NzAyOTEzM30.S6sZe5H2jOCsHl0fNIZf1u8-7pWIvIE7Q5J4UuIp_KRLhXadqHqAje1320IoPEfn9OtTOwmp04hK5R4NLhudeg
testuser_0519,101884,eyJhbGciOiJIUzUxMiJ9.eyJzdWIiOiJ0ZXN0dXNlcl8wNTE5Iiwicm9sZXMiOiJST0xFX1VTRVIiLCJleHAiOjE3ODcxMTU1MzMsInVzZXJJZCI6IjUxOSIsImlhdCI6MTc4NzAyOTEzM30.__CP6MlNie6sZ9OmWSIUuXbzsYf4DVG2ivKLBUw4etVusbmadzaKOCC0gHVEFqwQLk19Hihrceq2iCQNzWREnw
testuser_0671,101899,eyJhbGciOiJIUzUxMiJ9.eyJzdWIiOiJ0ZXN0dXNlcl8wNjcxIiwicm9sZXMiOiJST0xFX1VTRVIiLCJleHAiOjE3ODcxMTU1MzMsInVzZXJJZCI6IjY3MSIsImlhdCI6MTc4NzAyOTEzM30.Y9C7R3BeykPIKN0t-lwdeucQKscDEXxQnWXEzDMMDYx7ypNmls17H2UgioknqWic6wRc_UFlxDXVF91zQ1Y-Ug
testuser_0967,101902,eyJhbGciOiJIUzUxMiJ9.eyJzdWIiOiJ0ZXN0dXNlcl8wOTY3Iiwicm9sZXMiOiJST0xFX1VTRVIiLCJleHAiOjE3ODcxMTU1MzMsInVzZXJJZCI6Ijk2NyIsImlhdCI6MTc4NzAyOTEzM30.IA1T-q2qZJ-ZN-Z-gDJqCM73tDYu5SI--ZzPNNDkDsXmYiP7m71ZjFI1O-0kRk5Lx7KD2ic8gHyaxpQJbUYJzQ
testuser_0920,101910,eyJhbGciOiJIUzUxMiJ9.eyJzdWIiOiJ0ZXN0dXNlcl8wOTIwIiwicm9sZXMiOiJST0xFX1VTRVIiLCJleHAiOjE3ODcxMTU1MzMsInVzZXJJZCI6IjkyMCIsImlhdCI6MTc4NzAyOTEzM30.8Vfhal-EjSgNwH21z4s61zL0Zh31OKgR13GeFJBObDihBh38Qgzc8kHMyTkqYcBNOiJGbGmXc4DOOrOaBZBoOQ
testuser_0924,101921,eyJhbGciOiJIUzUxMiJ9.eyJzdWIiOiJ0ZXN0dXNlcl8wOTI0Iiwicm9sZXMiOiJST0xFX1VTRVIiLCJleHAiOjE3ODcxMTU1MzMsInVzZXJJZCI6IjkyNCIsImlhdCI6MTc4NzAyOTEzM30.2TtXIcUjYhTr8qWgFLaLUi446oUJ01BLtYlqh68I6U2h0-NcP_FzRXgHYxx-XUY4SbfEMVl3QE6lN6WxvizorQ
testuser_0882,101930,eyJhbGciOiJIUzUxMiJ9.eyJzdWIiOiJ0ZXN0dXNlcl8wODgyIiwicm9sZXMiOiJST0xFX1VTRVIiLCJleHAiOjE3ODcxMTU1MzMsInVzZXJJZCI6Ijg4MiIsImlhdCI6MTc4NzAyOTEzM30.ClsvF4qpFkk66T9qZRUGX5lZIK3aKFTFL_9dPrRkfwU1T6AiKtkzgTdhR-zoxfbVvhGTwABPla_wIddCVVLJ1Q
testuser_0636,101934,eyJhbGciOiJIUzUxMiJ9.eyJzdWIiOiJ0ZXN0dXNlcl8wNjM2Iiwicm9sZXMiOiJST0xFX1VTRVIiLCJleHAiOjE3ODcxMTU1MzMsInVzZXJJZCI6IjYzNiIsImlhdCI6MTc4NzAyOTEzM30.9LRGWxfnfMvA7usGeAcN6ZfP3vM-t2ZYZq0H8yixOl2XJgIQqQ2FJfBvsplhCAhgC-bKX0kUVHWoraOMId5IEQ
testuser_0457,101947,eyJhbGciOiJIUzUxMiJ9.eyJzdWIiOiJ0ZXN0dXNlcl8wNDU3Iiwicm9sZXMiOiJST0xFX1VTRVIiLCJleHAiOjE3ODcxMTU1MzMsInVzZXJJZCI6IjQ1NyIsImlhdCI6MTc4NzAyOTEzM30.gu7H7APhK0JqO_pmELseO-asstponPjZIl-OJAHnGydNm-eHxfr5iEg2kwHyC4LCkqzTryhuVD38Mx1G97JYwg
testuser_0315,101951,eyJhbGciOiJIUzUxMiJ9.eyJzdWIiOiJ0ZXN0dXNlcl8wMzE1Iiwicm9sZXMiOiJST0xFX1VTRVIiLCJleHAiOjE3ODcxMTU1MzMsInVzZXJJZCI6IjMxNSIsImlhdCI6MTc4NzAyOTEzM30.jCMkOph2MMvV8Wvgcs8-29lPUwBlpko8kqsn7aJJVWqtrH5l304eoP0uusVY6fAzTyydsis06Avnn-8AEX8dOA
testuser_0735,101963,eyJhbGciOiJIUzUxMiJ9.eyJzdWIiOiJ0ZXN0dXNlcl8wNzM1Iiwicm9sZXMiOiJST0xFX1VTRVIiLCJleHAiOjE3ODcxMTU1MzMsInVzZXJJZCI6IjczNSIsImlhdCI6MTc4NzAyOTEzM30.UjZG_6jcWj58DG28Cxyf1ZSStW8DYWjnigKXlF4gT0bbcgpNR3pDbtAhXXcGBpPFkjU-Krs-u022ZcmC0M-_CQ
testuser_0645,101965,eyJhbGciOiJIUzUxMiJ9.eyJzdWIiOiJ0ZXN0dXNlcl8wNjQ1Iiwicm9sZXMiOiJST0xFX1VTRVIiLCJleHAiOjE3ODcxMTU1MzQsInVzZXJJZCI6IjY0NSIsImlhdCI6MTc4NzAyOTEzNH0.fYU8lvXLIXBHkDe_UORlEoGoD8V90W4dfzH04qSyaKu3H9ygLzZSaD0VeudSOljcRsmhs1GoaCl6y9Y8PrBYIQ
testuser_0870,101968,eyJhbGciOiJIUzUxMiJ9.eyJzdWIiOiJ0ZXN0dXNlcl8wODcwIiwicm9sZXMiOiJST0xFX1VTRVIiLCJleHAiOjE3ODcxMTU1MzQsInVzZXJJZCI6Ijg3MCIsImlhdCI6MTc4NzAyOTEzNH0.tcEHCs9fgvvlxggJiqqA2RXcRJWohYNJXc8j5ivrNnZaQUIwNm6OjJUrhPL2yY06n7l9kTVrCudh-aUqzdHC1Q
testuser_0134,101970,eyJhbGciOiJIUzUxMiJ9.eyJzdWIiOiJ0ZXN0dXNlcl8wMTM0Iiwicm9sZXMiOiJST0xFX1VTRVIiLCJleHAiOjE3ODcxMTU1MzQsInVzZXJJZCI6IjEzNCIsImlhdCI6MTc4NzAyOTEzNH0.WuUyP7ZMj-KjE3Lxt7nXmrorA8UQ2z5CngvcoMT6muUz4921vjpJojarOch0Oh9Rn7wxj7j8epiVwNJ8kNOJQQ
testuser_0989,101974,eyJhbGciOiJIUzUxMiJ9.eyJzdWIiOiJ0ZXN0dXNlcl8wOTg5Iiwicm9sZXMiOiJST0xFX1VTRVIiLCJleHAiOjE3ODcxMTU1MzQsInVzZXJJZCI6Ijk4OSIsImlhdCI6MTc4NzAyOTEzNH0.Pk5jCsE1CvP54gdleP67CVxsvPaKtbNSjlyirn8yBrPRfNPOZosKqeV9eir2J_8mjFmHjw4hzekHxO-x8I766Q
testuser_0437,101978,eyJhbGciOiJIUzUxMiJ9.eyJzdWIiOiJ0ZXN0dXNlcl8wNDM3Iiwicm9sZXMiOiJST0xFX1VTRVIiLCJleHAiOjE3ODcxMTU1MzQsInVzZXJJZCI6IjQzNyIsImlhdCI6MTc4NzAyOTEzNH0.WVm4Jx2A-16HmuKfCM3yjec3GWysQlXU1q8BnPmpjKLRE6kOkt6xuIMl3d3rGIqZ5qoj-9VRzHzlga1OWfSC3A
testuser_0618,101981,eyJhbGciOiJIUzUxMiJ9.eyJzdWIiOiJ0ZXN0dXNlcl8wNjE4Iiwicm9sZXMiOiJST0xFX1VTRVIiLCJleHAiOjE3ODcxMTU1MzQsInVzZXJJZCI6IjYxOCIsImlhdCI6MTc4NzAyOTEzNH0.uM2M5jK4ex0CXnU0bewu5cDH5Eniw6Tu4_-6AWRohR-pZC4b_ohO24YYnVBnm2TkvNs-wLpy5XszeNsqudI43g
testuser_0030,102007,eyJhbGciOiJIUzUxMiJ9.eyJzdWIiOiJ0ZXN0dXNlcl8wMDMwIiwicm9sZXMiOiJST0xFX1VTRVIiLCJleHAiOjE3ODcxMTU1MzQsInVzZXJJZCI6IjMwIiwiaWF0IjoxNzg3MDI5MTM0fQ.NhJ6C6mlm7aEXxNphblzfDi6gARPG16yaOxrKtOyTFKuatZEMVucM3yPe2VLe68lN3Si0yNRrc_eu5ui6px-eQ
testuser_0083,102010,eyJhbGciOiJIUzUxMiJ9.eyJzdWIiOiJ0ZXN0dXNlcl8wMDgzIiwicm9sZXMiOiJST0xFX1VTRVIiLCJleHAiOjE3ODcxMTU1MzQsInVzZXJJZCI6IjgzIiwiaWF0IjoxNzg3MDI5MTM0fQ.YriHG8ZRbi9mD7vWYBzo7MMIBU-jM1LLByPpN6q6cRd3iK_hPjbLmgHkNhD3Sx4x1JGsTSLZ5HLtYvLqPLzr-Q
testuser_0998,102011,eyJhbGciOiJIUzUxMiJ9.eyJzdWIiOiJ0ZXN0dXNlcl8wOTk4Iiwicm9sZXMiOiJST0xFX1VTRVIiLCJleHAiOjE3ODcxMTU1MzQsInVzZXJJZCI6Ijk5OCIsImlhdCI6MTc4NzAyOTEzNH0.ELh9a5ywzLBKs4N7KYcV0TMGju-LksnzJhqiZNlY1G5E2N3GcdxiiF7GsdkJ9YKCHoWMMLdO7V75wuRjv640UA
testuser_0408,102014,eyJhbGciOiJIUzUxMiJ9.eyJzdWIiOiJ0ZXN0dXNlcl8wNDA4Iiwicm9sZXMiOiJST0xFX1VTRVIiLCJleHAiOjE3ODcxMTU1MzQsInVzZXJJZCI6IjQwOCIsImlhdCI6MTc4NzAyOTEzNH0.lkoNoVddd_LAdmV18OPwTzAPqv5TlqDmGUktauE3gKn7jwW0s8JNeKJJivPDHDCt86MlxXrvjg1S9nPngrEhPQ
testuser_0983,102023,eyJhbGciOiJIUzUxMiJ9.eyJzdWIiOiJ0ZXN0dXNlcl8wOTgzIiwicm9sZXMiOiJST0xFX1VTRVIiLCJleHAiOjE3ODcxMTU1MzQsInVzZXJJZCI6Ijk4MyIsImlhdCI6MTc4NzAyOTEzNH0.4PUdpZizyxnUZYldMOJZubeljtVFw3pbV08ND9rGIW1smNAc9ilOVj6uusk_fskFJhFQKpd0VJimUBfwoMnA3A
testuser_0070,102029,eyJhbGciOiJIUzUxMiJ9.eyJzdWIiOiJ0ZXN0dXNlcl8wMDcwIiwicm9sZXMiOiJST0xFX0FETUlOIiwiZXhwIjoxNzg3MTE1NTM1LCJ1c2VySWQiOiI3MCIsImlhdCI6MTc4NzAyOTEzNX0.iaPKBbZ3hZ0aZ71nHSVSadSCEkxxp4DcmuW04gl30EAzn2bMFw2BQNGjSW819JG9dVAt3gIgI_Oj6pOAZHa_cw
testuser_0494,102031,eyJhbGciOiJIUzUxMiJ9.eyJzdWIiOiJ0ZXN0dXNlcl8wNDk0Iiwicm9sZXMiOiJST0xFX1VTRVIiLCJleHAiOjE3ODcxMTU1MzUsInVzZXJJZCI6IjQ5NCIsImlhdCI6MTc4NzAyOTEzNX0.L4rN_XtN14Mgb5Kb6qBHqcBi3tEAf_-fvlWGrUhJKoFfC_Am-kIc2_7QWS4ui4_BmAet_-BG1tydk9vXd9l2gQ
testuser_0115,102034,eyJhbGciOiJIUzUxMiJ9.eyJzdWIiOiJ0ZXN0dXNlcl8wMTE1Iiwicm9sZXMiOiJST0xFX1VTRVIiLCJleHAiOjE3ODcxMTU1MzUsInVzZXJJZCI6IjExNSIsImlhdCI6MTc4NzAyOTEzNX0.06ivI2D-iY2c_JDJhBEGbj6V-QqlxjmyII1ahRXpAGMThuMkeyPw7ay803dNDOGik2zKERGN-wzCVMxT7CyRvw
testuser_0518,102038,eyJhbGciOiJIUzUxMiJ9.eyJzdWIiOiJ0ZXN0dXNlcl8wNTE4Iiwicm9sZXMiOiJST0xFX1VTRVIiLCJleHAiOjE3ODcxMTU1MzUsInVzZXJJZCI6IjUxOCIsImlhdCI6MTc4NzAyOTEzNX0._jrOr6wOqvOOkZ81QdMbFIqPT-X669u6JxhhEGbL89sXfmf-YfKiTwRQ4I_qAPIfiBeN0wbFwlFk-IXTkIDSyA
testuser_0572,102046,eyJhbGciOiJIUzUxMiJ9.eyJzdWIiOiJ0ZXN0dXNlcl8wNTcyIiwicm9sZXMiOiJST0xFX1VTRVIiLCJleHAiOjE3ODcxMTU1MzUsInVzZXJJZCI6IjU3MiIsImlhdCI6MTc4NzAyOTEzNX0.Vds0YwNE4eMXedcGLvE0kCL-KCEP2NaBh_ow-QcMDkheL-cur_ox9KJhwxhjScvmKWC2vR236K3nOJoDfEODZg
testuser_0170,102052,eyJhbGciOiJIUzUxMiJ9.eyJzdWIiOiJ0ZXN0dXNlcl8wMTcwIiwicm9sZXMiOiJST0xFX1VTRVIiLCJleHAiOjE3ODcxMTU1MzUsInVzZXJJZCI6IjE3MCIsImlhdCI6MTc4NzAyOTEzNX0.dANWhLCfEPayg7P7ekIhQD4AwLISJ2iDiVZi25SrRP-4PgF37yDqNFeiQxVmGl8nXf6hDaV4X5AG120IygAl1Q
testuser_0164,102066,eyJhbGciOiJIUzUxMiJ9.eyJzdWIiOiJ0ZXN0dXNlcl8wMTY0Iiwicm9sZXMiOiJST0xFX1VTRVIiLCJleHAiOjE3ODcxMTU1MzUsInVzZXJJZCI6IjE2NCIsImlhdCI6MTc4NzAyOTEzNX0.HWAZfQFlqL-xmcWJB4lrGS27UknX8P2FLnk41cjk3f3IjANszqdkSjKnUX8s2sbjxTiNXamVaFg-dmkSrcikHg
testuser_0023,102074,eyJhbGciOiJIUzUxMiJ9.eyJzdWIiOiJ0ZXN0dXNlcl8wMDIzIiwicm9sZXMiOiJST0xFX1VTRVIiLCJleHAiOjE3ODcxMTU1MzUsInVzZXJJZCI6IjIzIiwiaWF0IjoxNzg3MDI5MTM1fQ.xjqWqqiT3-KjKWdyhu0o2-a-KQjrS5s9V1glkF4TDBg-44hxlMpawR-VARdWdh-vMCGkqiS5jETnVQ_LaiXLVg
testuser_0247,102090,eyJhbGciOiJIUzUxMiJ9.eyJzdWIiOiJ0ZXN0dXNlcl8wMjQ3Iiwicm9sZXMiOiJST0xFX0FETUlOIiwiZXhwIjoxNzg3MTE1NTM1LCJ1c2VySWQiOiIyNDciLCJpYXQiOjE3ODcwMjkxMzV9.WyjGUCf7rPYvzgD6C3P_kjvE-PbV2BfmLi_RoVooj6qfJ7tJpA18X-EM52gGXfQr4lYU_XVcmOJ5tcx6EsKqYw
testuser_0898,102093,eyJhbGciOiJIUzUxMiJ9.eyJzdWIiOiJ0ZXN0dXNlcl8wODk4Iiwicm9sZXMiOiJST0xFX1VTRVIiLCJleHAiOjE3ODcxMTU1MzUsInVzZXJJZCI6Ijg5OCIsImlhdCI6MTc4NzAyOTEzNX0.NrTc0wTtKDnxf68pPbGG2nPTayoAzqTctkp6Xkkhno4FNeusgQ9KCf_r7oHCWrdSjahiyFrjXWMRkrKF5JuC-w
testuser_0175,102116,eyJhbGciOiJIUzUxMiJ9.eyJzdWIiOiJ0ZXN0dXNlcl8wMTc1Iiwicm9sZXMiOiJST0xFX1VTRVIiLCJleHAiOjE3ODcxMTU1MzUsInVzZXJJZCI6IjE3NSIsImlhdCI6MTc4NzAyOTEzNX0.y-dSWRibgN2ej9ABw_1u8hfl7p1Ht-bylO3FSwTpF4Z2I-Ab9lp10Yer8J7_neKUGkJq6HMtSawleeAjEDSSYg
testuser_0820,102119,eyJhbGciOiJIUzUxMiJ9.eyJzdWIiOiJ0ZXN0dXNlcl8wODIwIiwicm9sZXMiOiJST0xFX1VTRVIiLCJleHAiOjE3ODcxMTU1MzYsInVzZXJJZCI6IjgyMCIsImlhdCI6MTc4NzAyOTEzNn0.nmQOJbVt_LSYkVAvOVb3ZAB8j3Cw_E_rzBDUjCRsAh1m0YGEidnRNlRhiPlRU913iuQt8wK2gyWJWSeCGLpDHg
testuser_0363,102135,eyJhbGciOiJIUzUxMiJ9.eyJzdWIiOiJ0ZXN0dXNlcl8wMzYzIiwicm9sZXMiOiJST0xFX1VTRVIiLCJleHAiOjE3ODcxMTU1MzYsInVzZXJJZCI6IjM2MyIsImlhdCI6MTc4NzAyOTEzNn0.rhowWTckqRWqTVk0VXM_1srV7RKVuGKvx0dAyicUqho8rwU5ChLnapwZXFFm0Pj75_xHQkoC9qrmoDDwDzsGvw
testuser_0865,102141,eyJhbGciOiJIUzUxMiJ9.eyJzdWIiOiJ0ZXN0dXNlcl8wODY1Iiwicm9sZXMiOiJST0xFX1VTRVIiLCJleHAiOjE3ODcxMTU1MzYsInVzZXJJZCI6Ijg2NSIsImlhdCI6MTc4NzAyOTEzNn0.icWpuERl1qES3G3OlHz_TC_bRKdbYikNsydmX46Vr3rrUc90-ws_t-w5CYv5f5gdnxhUHNTIQ0Pf5NeHOTrk1Q
testuser_0196,102142,eyJhbGciOiJIUzUxMiJ9.eyJzdWIiOiJ0ZXN0dXNlcl8wMTk2Iiwicm9sZXMiOiJST0xFX1VTRVIiLCJleHAiOjE3ODcxMTU1MzYsInVzZXJJZCI6IjE5NiIsImlhdCI6MTc4NzAyOTEzNn0.WuI7DYrv4Td7cYxPsMwHmwmreKYCyjRhuCVWNNXDxiM3xINQHlP8yLVaggBb81zHL1w2IMtoysnEQQAoId1ldw
testuser_0997,102151,eyJhbGciOiJIUzUxMiJ9.eyJzdWIiOiJ0ZXN0dXNlcl8wOTk3Iiwicm9sZXMiOiJST0xFX1VTRVIiLCJleHAiOjE3ODcxMTU1MzYsInVzZXJJZCI6Ijk5NyIsImlhdCI6MTc4NzAyOTEzNn0.5acfTj6MgsaM_58rHf6j9le0_gakDzpfioJvNo7Cz4XmZjQ7n9I9k2lnVk9g2MqsgwZpzhMc2GhmtDRe9zY1Zg
testuser_0972,102160,eyJhbGciOiJIUzUxMiJ9.eyJzdWIiOiJ0ZXN0dXNlcl8wOTcyIiwicm9sZXMiOiJST0xFX1VTRVIiLCJleHAiOjE3ODcxMTU1MzYsInVzZXJJZCI6Ijk3MiIsImlhdCI6MTc4NzAyOTEzNn0.3DZmQ1Nw9O4WxYxw_6db0In6V6e8V6xLIbm6_mowViYe6qeUb52qGzwfbCRdx8tKBsPDzh1mz7fkT-q1PhkNTw
testuser_0525,102178,eyJhbGciOiJIUzUxMiJ9.eyJzdWIiOiJ0ZXN0dXNlcl8wNTI1Iiwicm9sZXMiOiJST0xFX1VTRVIiLCJleHAiOjE3ODcxMTU1MzYsInVzZXJJZCI6IjUyNSIsImlhdCI6MTc4NzAyOTEzNn0.-yYTaYvVUV2nV1Pjja8ax34_3OSU3lSv7rTjoy28BDiFT-NoyFRZade9DT8KInIFcNEau7W446JCTlgEaL81kA
testuser_0186,102185,eyJhbGciOiJIUzUxMiJ9.eyJzdWIiOiJ0ZXN0dXNlcl8wMTg2Iiwicm9sZXMiOiJST0xFX1VTRVIiLCJleHAiOjE3ODcxMTU1MzYsInVzZXJJZCI6IjE4NiIsImlhdCI6MTc4NzAyOTEzNn0.Yr2FVgmovub7ijUCXE4qWmwfnHm3ZucSLUCQj41Lsr4etCh32AqpYZtIDdc2npaovrU1jJmpmos2qXz-l6-L9Q
testuser_0043,102190,eyJhbGciOiJIUzUxMiJ9.eyJzdWIiOiJ0ZXN0dXNlcl8wMDQzIiwicm9sZXMiOiJST0xFX1VTRVIiLCJleHAiOjE3ODcxMTU1MzYsInVzZXJJZCI6IjQzIiwiaWF0IjoxNzg3MDI5MTM2fQ.LZidWcvH8bUN0_E-LqXXjEC4Hvl6BOBtMndD1P73XywqswsurBx1iODFkoFWUq-Xj7cUnX8Xd_RQAiFoQhA1MA
testuser_0582,102199,eyJhbGciOiJIUzUxMiJ9.eyJzdWIiOiJ0ZXN0dXNlcl8wNTgyIiwicm9sZXMiOiJST0xFX1VTRVIiLCJleHAiOjE3ODcxMTU1MzYsInVzZXJJZCI6IjU4MiIsImlhdCI6MTc4NzAyOTEzNn0.J0-fDYAMfgaHct-MGjdm_Jqnvcb2A-kCOrcVktaHHBBvtViiCSwxRBAh6tsRHkhKJJlvnzNYFKQQ0klYt6YJMQ
testuser_0706,102206,eyJhbGciOiJIUzUxMiJ9.eyJzdWIiOiJ0ZXN0dXNlcl8wNzA2Iiwicm9sZXMiOiJST0xFX1VTRVIiLCJleHAiOjE3ODcxMTU1MzYsInVzZXJJZCI6IjcwNiIsImlhdCI6MTc4NzAyOTEzNn0.8FmKke6T7qoEuGfEODB3bdSFgDYVSXiKBVm-GzRSREVSlKI4xhUUyaCXNd4ITugRitvBpXlRqy_WsCd58eJvXg
testuser_0556,102209,eyJhbGciOiJIUzUxMiJ9.eyJzdWIiOiJ0ZXN0dXNlcl8wNTU2Iiwicm9sZXMiOiJST0xFX1VTRVIiLCJleHAiOjE3ODcxMTU1MzcsInVzZXJJZCI6IjU1NiIsImlhdCI6MTc4NzAyOTEzN30.lk8xbFwY0U0dcy2izqxVGcWrE_iKoCQx3ukr3rA2CwHOyFISzTNvbNGIifyMg7CjTADlFSzfYJZ0RLL36yxwDw
testuser_0611,102216,eyJhbGciOiJIUzUxMiJ9.eyJzdWIiOiJ0ZXN0dXNlcl8wNjExIiwicm9sZXMiOiJST0xFX1VTRVIiLCJleHAiOjE3ODcxMTU1MzcsInVzZXJJZCI6IjYxMSIsImlhdCI6MTc4NzAyOTEzN30.C_odH6MwauniFFVVwc5OuyYB5esIN0l0DypJ2WMK0vwWB4p1_h-QtuOHCj__Y22K7NZHt4hRJLthfLTxUr_zdg
testuser_0382,102220,eyJhbGciOiJIUzUxMiJ9.eyJzdWIiOiJ0ZXN0dXNlcl8wMzgyIiwicm9sZXMiOiJST0xFX1VTRVIiLCJleHAiOjE3ODcxMTU1MzcsInVzZXJJZCI6IjM4MiIsImlhdCI6MTc4NzAyOTEzN30.2LT_4dxUxK6SmCGuPuttgyYsFWVFA6j0Je17d-aG-as_Shp0bnM3ua5AcI4_C2sIGF4hdkbGJxsjS862gZ7eKg
testuser_0658,102228,eyJhbGciOiJIUzUxMiJ9.eyJzdWIiOiJ0ZXN0dXNlcl8wNjU4Iiwicm9sZXMiOiJST0xFX0FETUlOIiwiZXhwIjoxNzg3MTE1NTM3LCJ1c2VySWQiOiI2NTgiLCJpYXQiOjE3ODcwMjkxMzd9.7NOkoChftJ38GeeCwg664Sase9APETv-6Ko3GvUpnWoEXCrbSvlELE9MKQP78VQruap6Q1U3ZTt2Oic4G6DP2w
testuser_0610,102233,eyJhbGciOiJIUzUxMiJ9.eyJzdWIiOiJ0ZXN0dXNlcl8wNjEwIiwicm9sZXMiOiJST0xFX1VTRVIiLCJleHAiOjE3ODcxMTU1MzcsInVzZXJJZCI6IjYxMCIsImlhdCI6MTc4NzAyOTEzN30.G3fjlpWEKs24QKBnwZk3hNMnS0r3DibT8I-fWn9Yac_gVyLJm7dUutGZcxUKGiNI3RDlZ1YqNIF77Uwot8RJVA
testuser_0480,102235,eyJhbGciOiJIUzUxMiJ9.eyJzdWIiOiJ0ZXN0dXNlcl8wNDgwIiwicm9sZXMiOiJST0xFX1VTRVIiLCJleHAiOjE3ODcxMTU1MzcsInVzZXJJZCI6IjQ4MCIsImlhdCI6MTc4NzAyOTEzN30.hzjG7K6sHKrQwEapmr49kZmyRZQJipeBRtlD3ja_LBhqczX22K6PeBCCLZG73e56ttvBiZofZCrjPG1dWYbVyQ
testuser_0119,102247,eyJhbGciOiJIUzUxMiJ9.eyJzdWIiOiJ0ZXN0dXNlcl8wMTE5Iiwicm9sZXMiOiJST0xFX1VTRVIiLCJleHAiOjE3ODcxMTU1MzcsInVzZXJJZCI6IjExOSIsImlhdCI6MTc4NzAyOTEzN30.Tckx3oLSybPP57ywznADRt-ZhTtMCXI8As5EyjKLFJvA5PtleIPSBY6dWG9sz-VI1DfmFTx3i41r8RsZqkNZYw
testuser_0275,102249,eyJhbGciOiJIUzUxMiJ9.eyJzdWIiOiJ0ZXN0dXNlcl8wMjc1Iiwicm9sZXMiOiJST0xFX1VTRVIiLCJleHAiOjE3ODcxMTU1MzcsInVzZXJJZCI6IjI3NSIsImlhdCI6MTc4NzAyOTEzN30.6Yv3iDx9cn6RgW2V03HuKDXjxWDaLCpsAqid-epFmqep22yKIwfavMDDJ2SD0ck8cSq_Cvl138RpKiOqIJe-nQ
testuser_0708,102255,eyJhbGciOiJIUzUxMiJ9.eyJzdWIiOiJ0ZXN0dXNlcl8wNzA4Iiwicm9sZXMiOiJST0xFX1VTRVIiLCJleHAiOjE3ODcxMTU1MzcsInVzZXJJZCI6IjcwOCIsImlhdCI6MTc4NzAyOTEzN30.TQlLtJtCZcH_vDNZm6lzU585AQkURp6cwRKqGYIDSoNHRd1beJAoQdZHIr5IE1A8AW_ONuggME2xYGWAfxs8kw
testuser_0532,102258,eyJhbGciOiJIUzUxMiJ9.eyJzdWIiOiJ0ZXN0dXNlcl8wNTMyIiwicm9sZXMiOiJST0xFX1VTRVIiLCJleHAiOjE3ODcxMTU1MzcsInVzZXJJZCI6IjUzMiIsImlhdCI6MTc4NzAyOTEzN30.IAcREKV8bGa4kjAFZpCzjVb3GVDeMgJFbjS-5h-L1PEy9eVRiPggiKSl7_1rQII5iN2YRxMqO6LAfTc3dPaMEg
testuser_0055,102263,eyJhbGciOiJIUzUxMiJ9.eyJzdWIiOiJ0ZXN0dXNlcl8wMDU1Iiwicm9sZXMiOiJST0xFX1VTRVIiLCJleHAiOjE3ODcxMTU1MzgsInVzZXJJZCI6IjU1IiwiaWF0IjoxNzg3MDI5MTM4fQ.yyuOnhXyAKJGzgjCX2EKo1zTsGYY-1plKc2N6ssJ9zT1MG8I8mEUoVPaFtSDI1ODzVWOfNPJ9EIdGp8oq10pmA
testuser_0591,102264,eyJhbGciOiJIUzUxMiJ9.eyJzdWIiOiJ0ZXN0dXNlcl8wNTkxIiwicm9sZXMiOiJST0xFX1VTRVIiLCJleHAiOjE3ODcxMTU1MzgsInVzZXJJZCI6IjU5MSIsImlhdCI6MTc4NzAyOTEzOH0.Qqp2WtChTbIolJlzv8V4dTiqqdDvQ0zjS4Ih0U1aPzAIxxOSxnKuBmns2vlTnDVH41QYBsWV3jNzflO-u5a9Cw
testuser_0133,102277,eyJhbGciOiJIUzUxMiJ9.eyJzdWIiOiJ0ZXN0dXNlcl8wMTMzIiwicm9sZXMiOiJST0xFX1VTRVIiLCJleHAiOjE3ODcxMTU1MzgsInVzZXJJZCI6IjEzMyIsImlhdCI6MTc4NzAyOTEzOH0.ExfP7n3No3YtR0MmZ3MsV5cLJx2TQ3EhkYJ2BQLWpQCKli2igIcLJ5_khpZsxG6xEYtvH4CVKJMEUJ2EOGK_Yw
testuser_0108,102278,eyJhbGciOiJIUzUxMiJ9.eyJzdWIiOiJ0ZXN0dXNlcl8wMTA4Iiwicm9sZXMiOiJST0xFX1VTRVIiLCJleHAiOjE3ODcxMTU1MzgsInVzZXJJZCI6IjEwOCIsImlhdCI6MTc4NzAyOTEzOH0.mEoSPa8rv4ovqCTwXHG6dEyRURKFZo54G55Jc0s2CgdOx-CpvB8S-l6Q51jDofLONZS2ZItU9KUafbHtZ03vxA
testuser_0461,102284,eyJhbGciOiJIUzUxMiJ9.eyJzdWIiOiJ0ZXN0dXNlcl8wNDYxIiwicm9sZXMiOiJST0xFX1VTRVIiLCJleHAiOjE3ODcxMTU1MzgsInVzZXJJZCI6IjQ2MSIsImlhdCI6MTc4NzAyOTEzOH0.pykpg1Y_GKnD33Dtr_PNC3wCd3Z946rZymuAM1aUM0iUsbEgqnJuPsGGmzX8LLwTOVVT5-vHdMqrt0a3PcX-6w
testuser_0316,102290,eyJhbGciOiJIUzUxMiJ9.eyJzdWIiOiJ0ZXN0dXNlcl8wMzE2Iiwicm9sZXMiOiJST0xFX1VTRVIiLCJleHAiOjE3ODcxMTU1MzgsInVzZXJJZCI6IjMxNiIsImlhdCI6MTc4NzAyOTEzOH0.wy2KOPIHQZdUzb100sEeT_ItYgBm7Shvy__egCpomNT0qEsu2KTkPRQWH7o_4ATxBN0aGkkJsFNhw0TBoN7g4g
testuser_0918,102295,eyJhbGciOiJIUzUxMiJ9.eyJzdWIiOiJ0ZXN0dXNlcl8wOTE4Iiwicm9sZXMiOiJST0xFX1VTRVIiLCJleHAiOjE3ODcxMTU1MzgsInVzZXJJZCI6IjkxOCIsImlhdCI6MTc4NzAyOTEzOH0.KfCqXWSpmq-9peYQIPn2hA-_frpRtzwj-oEOMi8g6wElmigrpnLLSQ7iMbOD7v3pKNI6U9MqWiRmnmzlVT0kdg
testuser_0330,102307,eyJhbGciOiJIUzUxMiJ9.eyJzdWIiOiJ0ZXN0dXNlcl8wMzMwIiwicm9sZXMiOiJST0xFX1VTRVIiLCJleHAiOjE3ODcxMTU1MzgsInVzZXJJZCI6IjMzMCIsImlhdCI6MTc4NzAyOTEzOH0.OZy523go4vWQ9If-VfkUb5yccZo587CA7pt40cZz8JNtG6QWS9dpj0J7tGVBPsvyMtdExNQzxRPbnlJ256MFyA
testuser_0018,102314,eyJhbGciOiJIUzUxMiJ9.eyJzdWIiOiJ0ZXN0dXNlcl8wMDE4Iiwicm9sZXMiOiJST0xFX1VTRVIiLCJleHAiOjE3ODcxMTU1MzgsInVzZXJJZCI6IjE4IiwiaWF0IjoxNzg3MDI5MTM4fQ.kjObu2rZG_vdk9FJzR_17nnw6zpTanpz-25iYgyuAY4WZTOo66XlR0-osascH594-Z6Of5oF2c3p_RtcnJBAhQ
testuser_0575,102334,eyJhbGciOiJIUzUxMiJ9.eyJzdWIiOiJ0ZXN0dXNlcl8wNTc1Iiwicm9sZXMiOiJST0xFX1VTRVIiLCJleHAiOjE3ODcxMTU1MzgsInVzZXJJZCI6IjU3NSIsImlhdCI6MTc4NzAyOTEzOH0.8Y2sI5zOdJok00N5FkDVRCfyGLKV1BdBycLDsZfaNN0wWjAvubw6VwCClNjjTcDqF2D68qrgVb7eX9s2KetoiA
testuser_0314,102359,eyJhbGciOiJIUzUxMiJ9.eyJzdWIiOiJ0ZXN0dXNlcl8wMzE0Iiwicm9sZXMiOiJST0xFX1VTRVIiLCJleHAiOjE3ODcxMTU1MzgsInVzZXJJZCI6IjMxNCIsImlhdCI6MTc4NzAyOTEzOH0.zyF05L8QdelYzKv9FwRvwXpUBJiFAs8z8eO8ifk8zysFwpotym-f-0Ui_SKWWGxIQwOGBAafCRYqQXjvRNdLog
testuser_0597,102361,eyJhbGciOiJIUzUxMiJ9.eyJzdWIiOiJ0ZXN0dXNlcl8wNTk3Iiwicm9sZXMiOiJST0xFX1VTRVIiLCJleHAiOjE3ODcxMTU1MzksInVzZXJJZCI6IjU5NyIsImlhdCI6MTc4NzAyOTEzOX0.NKSmcmZMKXfD__Jbb5YAMLZq56KUf_AENEb7arr7UB80q0ja9tmA-L6j8Hc85t2iAdLfECpcX9SM9lhjLo2KbA
testuser_0424,102390,eyJhbGciOiJIUzUxMiJ9.eyJzdWIiOiJ0ZXN0dXNlcl8wNDI0Iiwicm9sZXMiOiJST0xFX1VTRVIiLCJleHAiOjE3ODcxMTU1MzksInVzZXJJZCI6IjQyNCIsImlhdCI6MTc4NzAyOTEzOX0.AlCPwonVZWwCv8-Sm8alaE0bVCe2UaXUiIApAWXNkpUvVXRiNPlHDFEuq1JuasZ3FH9UXHhjOAuKMDIakSnH0w
testuser_0487,102402,eyJhbGciOiJIUzUxMiJ9.eyJzdWIiOiJ0ZXN0dXNlcl8wNDg3Iiwicm9sZXMiOiJST0xFX1VTRVIiLCJleHAiOjE3ODcxMTU1MzksInVzZXJJZCI6IjQ4NyIsImlhdCI6MTc4NzAyOTEzOX0.0i3fTzo4n_FtvQgL7cNiPH41lfVc0VHyRW3reY2PPG2KeIciratRNEZlnHb64LCwM4cZBlhXHsNXZnkpr-9H3A
testuser_0278,102414,eyJhbGciOiJIUzUxMiJ9.eyJzdWIiOiJ0ZXN0dXNlcl8wMjc4Iiwicm9sZXMiOiJST0xFX1VTRVIiLCJleHAiOjE3ODcxMTU1MzksInVzZXJJZCI6IjI3OCIsImlhdCI6MTc4NzAyOTEzOX0.__b76OLfqB1cr-FQTTBMH1QpIcSMoPG7r2OACRMBbkghpaiQYNrOOH1R0qMS2g-edodZG5QVQxi_mCupDckdUw
testuser_0335,102428,eyJhbGciOiJIUzUxMiJ9.eyJzdWIiOiJ0ZXN0dXNlcl8wMzM1Iiwicm9sZXMiOiJST0xFX1VTRVIiLCJleHAiOjE3ODcxMTU1MzksInVzZXJJZCI6IjMzNSIsImlhdCI6MTc4NzAyOTEzOX0.sqA_x7O7FlNDpUsLXI7EdInfOllSKc-rovaMxtVnB3pzpr09US6gUUT7iXLrm89UX5CVFkfwvouf_NOx2CXVlA
testuser_0857,102429,eyJhbGciOiJIUzUxMiJ9.eyJzdWIiOiJ0ZXN0dXNlcl8wODU3Iiwicm9sZXMiOiJST0xFX1VTRVIiLCJleHAiOjE3ODcxMTU1MzksInVzZXJJZCI6Ijg1NyIsImlhdCI6MTc4NzAyOTEzOX0.teGCpQlE2tXvEGkoE95pRAsJGtVYmiQLk9X-_4458GiAXfA2hUJnFuams1SyJtyLepEU7zrcvVTBbbDFf_saKQ
testuser_0889,102442,eyJhbGciOiJIUzUxMiJ9.eyJzdWIiOiJ0ZXN0dXNlcl8wODg5Iiwicm9sZXMiOiJST0xFX1VTRVIiLCJleHAiOjE3ODcxMTU1MzksInVzZXJJZCI6Ijg4OSIsImlhdCI6MTc4NzAyOTEzOX0.IGBidJXC3hdtuh06L4OktXA-nrhRoX-AkyXmMZAcgiQh4DLrDUWTKYUXx_b8NNyLU9GjHUFqgtAzOpOs01rXGA
testuser_0035,102455,eyJhbGciOiJIUzUxMiJ9.eyJzdWIiOiJ0ZXN0dXNlcl8wMDM1Iiwicm9sZXMiOiJST0xFX1VTRVIiLCJleHAiOjE3ODcxMTU1MzksInVzZXJJZCI6IjM1IiwiaWF0IjoxNzg3MDI5MTM5fQ.l-gxabV6RbzNaFHXKAsiX0s2McBAHjhR2EgU6bQkIR7zl2zmvZHOL9ZLxnF5aGlpaguRoZC6sQKceNjddracTQ
testuser_0353,102466,eyJhbGciOiJIUzUxMiJ9.eyJzdWIiOiJ0ZXN0dXNlcl8wMzUzIiwicm9sZXMiOiJST0xFX1VTRVIiLCJleHAiOjE3ODcxMTU1MzksInVzZXJJZCI6IjM1MyIsImlhdCI6MTc4NzAyOTEzOX0.t7sKWUY81cEtiVdmvrZ2eJWYakDGkVY9f268q-sj2BYH8W8BUrJyBEZ-l_ALhUSikOBpIJDLyGIKtVEHEALl3g
testuser_0928,102473,eyJhbGciOiJIUzUxMiJ9.eyJzdWIiOiJ0ZXN0dXNlcl8wOTI4Iiwicm9sZXMiOiJST0xFX1VTRVIiLCJleHAiOjE3ODcxMTU1MzksInVzZXJJZCI6IjkyOCIsImlhdCI6MTc4NzAyOTEzOX0.vjjK4I91LPjOgX-O4n7Z1fbC-8jBSPBj6YuxwOwrRUY8Fo2tjKZQhWhWDa-uGpSr6iYCity8l7r0cmYcaEH0sw
testuser_0887,102474,eyJhbGciOiJIUzUxMiJ9.eyJzdWIiOiJ0ZXN0dXNlcl8wODg3Iiwicm9sZXMiOiJST0xFX1VTRVIiLCJleHAiOjE3ODcxMTU1MzksInVzZXJJZCI6Ijg4NyIsImlhdCI6MTc4NzAyOTEzOX0.2LpIgsgCsnckbPX-KAlhQ8_31iN1cICIhbeEOxQ5KIy2P_w9QqzS-V5p68ZdydXEM5XM_-0LCcWBfIfprm1y1Q
testuser_0328,102475,eyJhbGciOiJIUzUxMiJ9.eyJzdWIiOiJ0ZXN0dXNlcl8wMzI4Iiwicm9sZXMiOiJST0xFX1VTRVIiLCJleHAiOjE3ODcxMTU1NDAsInVzZXJJZCI6IjMyOCIsImlhdCI6MTc4NzAyOTE0MH0.hh8s2qa0uCcH4YmbiUokQlZ1BRV8Xn9Wwq2Y1JQImcasuxUVwTKhYLnW_dfkqCxwswODGzuuJCnK7o0dhsWP2Q
testuser_0537,102477,eyJhbGciOiJIUzUxMiJ9.eyJzdWIiOiJ0ZXN0dXNlcl8wNTM3Iiwicm9sZXMiOiJST0xFX1VTRVIiLCJleHAiOjE3ODcxMTU1NDAsInVzZXJJZCI6IjUzNyIsImlhdCI6MTc4NzAyOTE0MH0.-Cn54UYX3kFNQfBavvpgRIZugbMxoaHONCv_3I-qmOULEYQJrINmnqC6qHPIwDI6K48E03aMjdoLTTY9X6ArFA
testuser_0378,102504,eyJhbGciOiJIUzUxMiJ9.eyJzdWIiOiJ0ZXN0dXNlcl8wMzc4Iiwicm9sZXMiOiJST0xFX1VTRVIiLCJleHAiOjE3ODcxMTU1NDAsInVzZXJJZCI6IjM3OCIsImlhdCI6MTc4NzAyOTE0MH0.0jstH2d917hIkKMjlml2kLdZ-dgd1PIXSSpZ1m8F6w5ie4VxsjTIg1lWCs-B4cjon5ZiUVSForFr04D2iMQuNg
testuser_0959,102505,eyJhbGciOiJIUzUxMiJ9.eyJzdWIiOiJ0ZXN0dXNlcl8wOTU5Iiwicm9sZXMiOiJST0xFX1VTRVIiLCJleHAiOjE3ODcxMTU1NDAsInVzZXJJZCI6Ijk1OSIsImlhdCI6MTc4NzAyOTE0MH0.UhVMdgePHwmvviazUWEXR4wVZoym-zM8WV3XU7E3vCuc0S-uGMBHnZgRp5UrGgxivjZ6yKzwFm9YS__hOeBHgw
testuser_0784,102507,eyJhbGciOiJIUzUxMiJ9.eyJzdWIiOiJ0ZXN0dXNlcl8wNzg0Iiwicm9sZXMiOiJST0xFX1VTRVIiLCJleHAiOjE3ODcxMTU1NDAsInVzZXJJZCI6Ijc4NCIsImlhdCI6MTc4NzAyOTE0MH0.MRF3ysoa0dEAQvFrfRc5C328sIU1bvUFZZKXcLGdrp8py4BZtG5UWvxb5vaUdUvRpWKHYW6J10BYVbsDky9laA
testuser_0692,102535,eyJhbGciOiJIUzUxMiJ9.eyJzdWIiOiJ0ZXN0dXNlcl8wNjkyIiwicm9sZXMiOiJST0xFX1VTRVIiLCJleHAiOjE3ODcxMTU1NDAsInVzZXJJZCI6IjY5MiIsImlhdCI6MTc4NzAyOTE0MH0.U_xm9e4zVlYAnlqgYAXeD522ouDeM26RJetJlJVP3mUty25LIbpBtOY92V6ZTYrRqyW4lppz9mL_TtiW6KUxjQ
testuser_0288,102536,eyJhbGciOiJIUzUxMiJ9.eyJzdWIiOiJ0ZXN0dXNlcl8wMjg4Iiwicm9sZXMiOiJST0xFX1VTRVIiLCJleHAiOjE3ODcxMTU1NDAsInVzZXJJZCI6IjI4OCIsImlhdCI6MTc4NzAyOTE0MH0.TFCUO0d86O4bTffzLj87v5NiFEWc0zgDslMx6Um7wDY-utDDQU3lMyz8liRLTqN3tx-SyRR1fSTYaEsICfzgGQ
testuser_0099,102574,eyJhbGciOiJIUzUxMiJ9.eyJzdWIiOiJ0ZXN0dXNlcl8wMDk5Iiwicm9sZXMiOiJST0xFX1VTRVIiLCJleHAiOjE3ODcxMTU1NDAsInVzZXJJZCI6Ijk5IiwiaWF0IjoxNzg3MDI5MTQwfQ.ZrDgyBtJfsAZ76cD_GwLwaAqiN_0tE8IUjBQsL3aHMbxyLVGYr6PZmA7Y7FGZSFTDoU9FnAYHEipiblCaLdG3A
testuser_0233,102605,eyJhbGciOiJIUzUxMiJ9.eyJzdWIiOiJ0ZXN0dXNlcl8wMjMzIiwicm9sZXMiOiJST0xFX1VTRVIiLCJleHAiOjE3ODcxMTU1NDAsInVzZXJJZCI6IjIzMyIsImlhdCI6MTc4NzAyOTE0MH0.pHVP-XyZZxwNhPmuoV-QDRoTDPF8-q64tA-r6OGHy4-fJPXJjxMzJ0f-8K7_poRBdyZhnts24TIDyNHexDur7A
testuser_0339,102642,eyJhbGciOiJIUzUxMiJ9.eyJzdWIiOiJ0ZXN0dXNlcl8wMzM5Iiwicm9sZXMiOiJST0xFX1VTRVIiLCJleHAiOjE3ODcxMTU1NDAsInVzZXJJZCI6IjMzOSIsImlhdCI6MTc4NzAyOTE0MH0.v8EABIdpVL_9ioWkm33rQoygt251AwdZXg5j8eo2-YHsB26EkPKK5wmulAsrUuMblrN9i9YQTsfYvGnLoInyfg
testuser_0890,102668,eyJhbGciOiJIUzUxMiJ9.eyJzdWIiOiJ0ZXN0dXNlcl8wODkwIiwicm9sZXMiOiJST0xFX1VTRVIiLCJleHAiOjE3ODcxMTU1NDAsInVzZXJJZCI6Ijg5MCIsImlhdCI6MTc4NzAyOTE0MH0.4FMB5YfFMW_DANkBdRPCtONxSdTPrBb2dkulMOrFKF8gdXiXq5dKXK1GqDZjfv87NUiVkfXRHQ2ynWYXmm9hdw
testuser_0986,102669,eyJhbGciOiJIUzUxMiJ9.eyJzdWIiOiJ0ZXN0dXNlcl8wOTg2Iiwicm9sZXMiOiJST0xFX1VTRVIiLCJleHAiOjE3ODcxMTU1NDEsInVzZXJJZCI6Ijk4NiIsImlhdCI6MTc4NzAyOTE0MX0.muD3_itl48JPxMEs0kHGJrVDeoL__fjNlxlb9YzhUf5srzbP0Rec-Ok2Z4hRyTmCUEkrj_gqEkFKelOTwj3JOA
testuser_0200,102690,eyJhbGciOiJIUzUxMiJ9.eyJzdWIiOiJ0ZXN0dXNlcl8wMjAwIiwicm9sZXMiOiJST0xFX1VTRVIiLCJleHAiOjE3ODcxMTU1NDEsInVzZXJJZCI6IjIwMCIsImlhdCI6MTc4NzAyOTE0MX0.v8aJxj3cI6Xn904DWc4celjddHG-JZuPyO-Suih2OD7zbgDE1AcII4aem1rjhp2PE1q1fVRQHI8bCJHlGUm54g
testuser_0301,102698,eyJhbGciOiJIUzUxMiJ9.eyJzdWIiOiJ0ZXN0dXNlcl8wMzAxIiwicm9sZXMiOiJST0xFX1VTRVIiLCJleHAiOjE3ODcxMTU1NDEsInVzZXJJZCI6IjMwMSIsImlhdCI6MTc4NzAyOTE0MX0.dmUgyO8MXLyT1wJw_TCQfOb2j-NJ0pXI1QqPNANAHfS93AODOu9hMCyasGsoOjpqPXySswU5koT_01GbsnK_Jw
testuser_0360,102703,eyJhbGciOiJIUzUxMiJ9.eyJzdWIiOiJ0ZXN0dXNlcl8wMzYwIiwicm9sZXMiOiJST0xFX1VTRVIiLCJleHAiOjE3ODcxMTU1NDEsInVzZXJJZCI6IjM2MCIsImlhdCI6MTc4NzAyOTE0MX0.I1Dm06bJ2WhCkz_3vB2d6ZOJ44HXWgzbzykGGq_K0Ov7jbI-HJCJYqZP6qeK66f_0FDBJSh09WPSk2CzxfUQjg
testuser_0426,102710,eyJhbGciOiJIUzUxMiJ9.eyJzdWIiOiJ0ZXN0dXNlcl8wNDI2Iiwicm9sZXMiOiJST0xFX1VTRVIiLCJleHAiOjE3ODcxMTU1NDEsInVzZXJJZCI6IjQyNiIsImlhdCI6MTc4NzAyOTE0MX0.BdUa6O8CVPAsQTK_AlMN8dYUcmIrDUWjOebI4yc-3xOXNoisevl81MXGM7DtpBLicTn8sTvNXtXlFD6HN-O6Dg
testuser_0711,102738,eyJhbGciOiJIUzUxMiJ9.eyJzdWIiOiJ0ZXN0dXNlcl8wNzExIiwicm9sZXMiOiJST0xFX1VTRVIiLCJleHAiOjE3ODcxMTU1NDEsInVzZXJJZCI6IjcxMSIsImlhdCI6MTc4NzAyOTE0MX0.69TIb3VuNfUnJz_eb9p0-t3sXmVvOyikjhGr8_GMkWuLMBPKudUWOjZjdd1FiFhQvKEZW0y7zC24SPxQXcsfZQ
testuser_0058,102750,eyJhbGciOiJIUzUxMiJ9.eyJzdWIiOiJ0ZXN0dXNlcl8wMDU4Iiwicm9sZXMiOiJST0xFX1VTRVIiLCJleHAiOjE3ODcxMTU1NDEsInVzZXJJZCI6IjU4IiwiaWF0IjoxNzg3MDI5MTQxfQ.TmJG0qFPhDGxe574l2rDxWUblFQzIrdyIdC-zjQg13V_cLFBP5b_Fw95ndmUffmQ_jr37aKtUrcEwI_2Xw1y4w
testuser_0129,102756,eyJhbGciOiJIUzUxMiJ9.eyJzdWIiOiJ0ZXN0dXNlcl8wMTI5Iiwicm9sZXMiOiJST0xFX1VTRVIiLCJleHAiOjE3ODcxMTU1NDEsInVzZXJJZCI6IjEyOSIsImlhdCI6MTc4NzAyOTE0MX0.EgavppYMOtWxsMuEowniTaoxgw7Upx37ZfJh0ZsBLorND2OzIhGKht6VA9YVn1Xt5AgDIL9Wh4uQmk2J3N8c7Q
testuser_0549,102762,eyJhbGciOiJIUzUxMiJ9.eyJzdWIiOiJ0ZXN0dXNlcl8wNTQ5Iiwicm9sZXMiOiJST0xFX1VTRVIiLCJleHAiOjE3ODcxMTU1NDEsInVzZXJJZCI6IjU0OSIsImlhdCI6MTc4NzAyOTE0MX0._z3_idzwTJseMXoOBhJje0vxj0_7AVQXhbTCEtNqOeITXXXWuWYXPqp0CC2xfWgFTzVt5aJ0YrG1LezWaIJsMw
testuser_0231,102770,eyJhbGciOiJIUzUxMiJ9.eyJzdWIiOiJ0ZXN0dXNlcl8wMjMxIiwicm9sZXMiOiJST0xFX1VTRVIiLCJleHAiOjE3ODcxMTU1NDEsInVzZXJJZCI6IjIzMSIsImlhdCI6MTc4NzAyOTE0MX0.0hwzh7yW9882k199rHp5BE7DJYN6Gxdgr4HOhr_a-8mXa3HvAzjAHHB-XcnlK7zkEdov-j7uPvrVzI_Um4wT3A
testuser_0876,102783,eyJhbGciOiJIUzUxMiJ9.eyJzdWIiOiJ0ZXN0dXNlcl8wODc2Iiwicm9sZXMiOiJST0xFX1VTRVIiLCJleHAiOjE3ODcxMTU1NDIsInVzZXJJZCI6Ijg3NiIsImlhdCI6MTc4NzAyOTE0Mn0.aTcObIlxwuEk6k38UVq9MivK5c_VzIHGzCowDaBaMoab5stAvIgZYNOilwluVg2S7fx1WZYpBnH5IUsdwOJG8w
testuser_0067,102808,eyJhbGciOiJIUzUxMiJ9.eyJzdWIiOiJ0ZXN0dXNlcl8wMDY3Iiwicm9sZXMiOiJST0xFX1VTRVIiLCJleHAiOjE3ODcxMTU1NDIsInVzZXJJZCI6IjY3IiwiaWF0IjoxNzg3MDI5MTQyfQ.9UBaHO4RE4ufgjJumu7WzPFpVXJbKeiSQnHkQOU3FA0n8U6TnP-DlhDudjPR4vXqdSshcEroSA34GRJ1s-yWbg
testuser_0935,102834,eyJhbGciOiJIUzUxMiJ9.eyJzdWIiOiJ0ZXN0dXNlcl8wOTM1Iiwicm9sZXMiOiJST0xFX1VTRVIiLCJleHAiOjE3ODcxMTU1NDIsInVzZXJJZCI6IjkzNSIsImlhdCI6MTc4NzAyOTE0Mn0.vFeQzsNfc7HsLIBcLPEHecyR6fPKuSfypcR-f5v2HpRFnxWek1xkWCH2l2auZfSW1UWLhA4WYWjwDcLIPgb2SA
testuser_0367,102885,eyJhbGciOiJIUzUxMiJ9.eyJzdWIiOiJ0ZXN0dXNlcl8wMzY3Iiwicm9sZXMiOiJST0xFX1VTRVIiLCJleHAiOjE3ODcxMTU1NDIsInVzZXJJZCI6IjM2NyIsImlhdCI6MTc4NzAyOTE0Mn0.OcCvhAZJHp4heHOZ3jDEOp6-M2uMRIjFpEIS_Cxo4dKVlQlI2EPNMDpafFjr28g8qBF4nnLVHoYSjJQO15YITQ
testuser_0242,102914,eyJhbGciOiJIUzUxMiJ9.eyJzdWIiOiJ0ZXN0dXNlcl8wMjQyIiwicm9sZXMiOiJST0xFX1VTRVIiLCJleHAiOjE3ODcxMTU1NDIsInVzZXJJZCI6IjI0MiIsImlhdCI6MTc4NzAyOTE0Mn0.YegZ2DMxWeg-YvCF0CBmBI7C11IXnTTnAQXU7goU0wz_59Q4eRDB5FQSqnfJAuBzoDwBTZSub76BMx12MYeYaw
testuser_0950,102939,eyJhbGciOiJIUzUxMiJ9.eyJzdWIiOiJ0ZXN0dXNlcl8wOTUwIiwicm9sZXMiOiJST0xFX1VTRVIiLCJleHAiOjE3ODcxMTU1NDIsInVzZXJJZCI6Ijk1MCIsImlhdCI6MTc4NzAyOTE0Mn0.vGDNyVyZu0g3iFVXF5uEimY5HH9ff2eDlz4ziM7EGdRdN-tthR-KU9effYPxVKP-pVHhg799GO-_-5jQcNfotA
testuser_0664,102946,eyJhbGciOiJIUzUxMiJ9.eyJzdWIiOiJ0ZXN0dXNlcl8wNjY0Iiwicm9sZXMiOiJST0xFX1VTRVIiLCJleHAiOjE3ODcxMTU1NDIsInVzZXJJZCI6IjY2NCIsImlhdCI6MTc4NzAyOTE0Mn0.EjB4TlTG5IGEc3PMNZKrEVMDNX3GbgrXQ7A5ZS44qEYb0jhlwKa_zat0hSHF4Fo2X37PyVNFR8gEI1UA_LRceA
testuser_0878,102958,eyJhbGciOiJIUzUxMiJ9.eyJzdWIiOiJ0ZXN0dXNlcl8wODc4Iiwicm9sZXMiOiJST0xFX1VTRVIiLCJleHAiOjE3ODcxMTU1NDIsInVzZXJJZCI6Ijg3OCIsImlhdCI6MTc4NzAyOTE0Mn0.YroIJKEalPmxbhw_1SCbxAg1_gHcWg_hZsIRLeHnyCdwkc8ImHpaTviPCFXfmmnW6KmMiOlW5xsn3q4GEUZxBQ
testuser_0401,102997,eyJhbGciOiJIUzUxMiJ9.eyJzdWIiOiJ0ZXN0dXNlcl8wNDAxIiwicm9sZXMiOiJST0xFX1VTRVIiLCJleHAiOjE3ODcxMTU1NDIsInVzZXJJZCI6IjQwMSIsImlhdCI6MTc4NzAyOTE0Mn0.6MehAWA_QHcpxQkoxXplO1zduG7ZJ7zDSasxxBOzAHPDjQg8ydZUBiC-n2XqKsLAsmnkruHz6Hmo40rkiVlWvQ
testuser_0529,103007,eyJhbGciOiJIUzUxMiJ9.eyJzdWIiOiJ0ZXN0dXNlcl8wNTI5Iiwicm9sZXMiOiJST0xFX1VTRVIiLCJleHAiOjE3ODcxMTU1NDIsInVzZXJJZCI6IjUyOSIsImlhdCI6MTc4NzAyOTE0Mn0.ZrCVJ7DvSChQ_gAqrSpG6X8N2aidsyiY_eaw88lshZYUA15u5a9fv_-Y7EKuTpgqSeqR3ev0_rf6HCRsIr-Avw
testuser_0754,103030,eyJhbGciOiJIUzUxMiJ9.eyJzdWIiOiJ0ZXN0dXNlcl8wNzU0Iiwicm9sZXMiOiJST0xFX1VTRVIiLCJleHAiOjE3ODcxMTU1NDIsInVzZXJJZCI6Ijc1NCIsImlhdCI6MTc4NzAyOTE0Mn0.uqaCnYXEC_9IzMbMCBavUEEhVfCNVudiZTuIsIBJ6ACFzLSW4uTWTs20w7fxJn-L-vsk7uxpnvJvUMxqwTL-eQ
testuser_0101,103037,eyJhbGciOiJIUzUxMiJ9.eyJzdWIiOiJ0ZXN0dXNlcl8wMTAxIiwicm9sZXMiOiJST0xFX1VTRVIiLCJleHAiOjE3ODcxMTU1NDMsInVzZXJJZCI6IjEwMSIsImlhdCI6MTc4NzAyOTE0M30.DT_Gw-E75hd8KmD4EeRaNurs19muqb3-O6GJ0Nl9oiifu-ZyRH2FwTqAV0t2oluQP7e2cc6SrE34_Oo7i-gzJQ
testuser_0540,103059,eyJhbGciOiJIUzUxMiJ9.eyJzdWIiOiJ0ZXN0dXNlcl8wNTQwIiwicm9sZXMiOiJST0xFX1VTRVIiLCJleHAiOjE3ODcxMTU1NDMsInVzZXJJZCI6IjU0MCIsImlhdCI6MTc4NzAyOTE0M30.wS21r18pT-fAH1Zwt6zs2R6LypadCvk7Ex-SkNkrujdz1AvpLM4ntbYiwgoZXWPm3GfVempcFPiKrTcPaud7iA
testuser_0440,103074,eyJhbGciOiJIUzUxMiJ9.eyJzdWIiOiJ0ZXN0dXNlcl8wNDQwIiwicm9sZXMiOiJST0xFX1VTRVIiLCJleHAiOjE3ODcxMTU1NDMsInVzZXJJZCI6IjQ0MCIsImlhdCI6MTc4NzAyOTE0M30.eS2QFwr5mdYWtMWbgGO-mswi0uY8Ofm-5neA17JdSUEfkiTFedKX6LRAc-XjQZ-MNwHGF8AEdlbsme1jufN-Ew
testuser_0329,103137,eyJhbGciOiJIUzUxMiJ9.eyJzdWIiOiJ0ZXN0dXNlcl8wMzI5Iiwicm9sZXMiOiJST0xFX1VTRVIiLCJleHAiOjE3ODcxMTU1NDMsInVzZXJJZCI6IjMyOSIsImlhdCI6MTc4NzAyOTE0M30.17fZybiLCd09YULPujYLGxhTxlVdItrHLt_Ykk2KalnYYMhSsDv27vm-uSjYaHEwV9rW8zSAevKC7n4mbb0FKg
testuser_0297,103179,eyJhbGciOiJIUzUxMiJ9.eyJzdWIiOiJ0ZXN0dXNlcl8wMjk3Iiwicm9sZXMiOiJST0xFX1VTRVIiLCJleHAiOjE3ODcxMTU1NDMsInVzZXJJZCI6IjI5NyIsImlhdCI6MTc4NzAyOTE0M30.Uo89vnc5q5PmZBrL9naySsbVKCb_u5LCaoW2jTB0wteZnRfU1vROiVYsukRQcbqx5jtxdhFCWWzTEfcOQ94ATw
testuser_0873,103210,eyJhbGciOiJIUzUxMiJ9.eyJzdWIiOiJ0ZXN0dXNlcl8wODczIiwicm9sZXMiOiJST0xFX1VTRVIiLCJleHAiOjE3ODcxMTU1NDMsInVzZXJJZCI6Ijg3MyIsImlhdCI6MTc4NzAyOTE0M30.SY7CdCXC3ES5r5AkkreLknt21HFtT95bRH_PwKGfjN1GvYT3cq8nCQPNDA91FYWQjhODla6UZNQKWqukRvcinw
testuser_0255,103263,eyJhbGciOiJIUzUxMiJ9.eyJzdWIiOiJ0ZXN0dXNlcl8wMjU1Iiwicm9sZXMiOiJST0xFX1VTRVIiLCJleHAiOjE3ODcxMTU1NDMsInVzZXJJZCI6IjI1NSIsImlhdCI6MTc4NzAyOTE0M30.ElXEyJZJYo1VOjvVPmqn-OoVwy1Toy3-48len9vsxrz5Vn12TNO9LoWuMqV5LprjDLARZUOF37Mxc4UrCQ9t7Q
testuser_0306,103284,eyJhbGciOiJIUzUxMiJ9.eyJzdWIiOiJ0ZXN0dXNlcl8wMzA2Iiwicm9sZXMiOiJST0xFX1VTRVIiLCJleHAiOjE3ODcxMTU1NDMsInVzZXJJZCI6IjMwNiIsImlhdCI6MTc4NzAyOTE0M30.nvgizAlr47S1XSmp3yqOy-Ok9vwG-SUkJlImR5uKRk5tO72l88jHGbgdlSbiUwZW_z5XKULoulbn5YIdS79TWA
testuser_0368,103302,eyJhbGciOiJIUzUxMiJ9.eyJzdWIiOiJ0ZXN0dXNlcl8wMzY4Iiwicm9sZXMiOiJST0xFX1VTRVIiLCJleHAiOjE3ODcxMTU1NDMsInVzZXJJZCI6IjM2OCIsImlhdCI6MTc4NzAyOTE0M30.Llo1HUQit1anhhNVhJU3WtT9_gG0UjPdrRyCjDVFwCHuUBrxPluscdxSEafryRD2ZhM247jw2l3eG-upvQxfcg
testuser_0767,103329,eyJhbGciOiJIUzUxMiJ9.eyJzdWIiOiJ0ZXN0dXNlcl8wNzY3Iiwicm9sZXMiOiJST0xFX1VTRVIiLCJleHAiOjE3ODcxMTU1NDMsInVzZXJJZCI6Ijc2NyIsImlhdCI6MTc4NzAyOTE0M30.Q3ST6j-OZhgli3Ct76e291FivfwhO39Opj48d0HePlTzW2fu-sYU1Se-xPNYTevtF9LHHmdPkjJW2S3OFjP-dg
testuser_0507,103332,eyJhbGciOiJIUzUxMiJ9.eyJzdWIiOiJ0ZXN0dXNlcl8wNTA3Iiwicm9sZXMiOiJST0xFX1VTRVIiLCJleHAiOjE3ODcxMTU1NDMsInVzZXJJZCI6IjUwNyIsImlhdCI6MTc4NzAyOTE0M30.3O48TNg8VzprkHjLB9OEJSSdETw0L48QG_-db_6FkOOFvXvWIoKedlJPjH2PZ1Y-F4No7QFuVj0AncPSor61wg
testuser_0536,103404,eyJhbGciOiJIUzUxMiJ9.eyJzdWIiOiJ0ZXN0dXNlcl8wNTM2Iiwicm9sZXMiOiJST0xFX1VTRVIiLCJleHAiOjE3ODcxMTU1NDQsInVzZXJJZCI6IjUzNiIsImlhdCI6MTc4NzAyOTE0NH0.yMjRSrnIUhPgGThatmv1aG5e7FI51TQOE_ubY_pBW0cke2JUQwRItSJlauTOBzdeu-MOisLbPyJa4BE2pKc2Kw
testuser_0514,103468,eyJhbGciOiJIUzUxMiJ9.eyJzdWIiOiJ0ZXN0dXNlcl8wNTE0Iiwicm9sZXMiOiJST0xFX1VTRVIiLCJleHAiOjE3ODcxMTU1NDQsInVzZXJJZCI6IjUxNCIsImlhdCI6MTc4NzAyOTE0NH0.-w94VLTHrrbAvW6lHOYu-gBztede9-uzCMosp_C0Y5nF8e2flsFNB_R8qpATrMo5Jw8iRgO9BVNTafC0ihh4bA
testuser_0020,103478,eyJhbGciOiJIUzUxMiJ9.eyJzdWIiOiJ0ZXN0dXNlcl8wMDIwIiwicm9sZXMiOiJST0xFX1VTRVIiLCJleHAiOjE3ODcxMTU1NDQsInVzZXJJZCI6IjIwIiwiaWF0IjoxNzg3MDI5MTQ0fQ.IU7rkLChbE1Yfdje3kQBBu-1XpBtHzoEHpWtWMl1ngrySOlobqtmBvhs-62gdMBm-yoq2q2jLfpSO7xM94ouyw
testuser_0260,103481,eyJhbGciOiJIUzUxMiJ9.eyJzdWIiOiJ0ZXN0dXNlcl8wMjYwIiwicm9sZXMiOiJST0xFX1VTRVIiLCJleHAiOjE3ODcxMTU1NDQsInVzZXJJZCI6IjI2MCIsImlhdCI6MTc4NzAyOTE0NH0.xvLMDBhM-2PowKipJh73hJUESFvWi7wM7k2R9e9e6NGcgs-vHggUOftJ0movXCZR5SLw7QSbWl1-ZQKqSBvbwQ
testuser_0829,103505,eyJhbGciOiJIUzUxMiJ9.eyJzdWIiOiJ0ZXN0dXNlcl8wODI5Iiwicm9sZXMiOiJST0xFX1VTRVIiLCJleHAiOjE3ODcxMTU1NDQsInVzZXJJZCI6IjgyOSIsImlhdCI6MTc4NzAyOTE0NH0.8_edRJapRWcXtWe_26rM6UW9Un-NpOS2eUQLYlZL6_Ry8wKeTp5XdeQB97BaXIPH3Ylv3vubR7qFQnn8d36Xgg
testuser_0642,103552,eyJhbGciOiJIUzUxMiJ9.eyJzdWIiOiJ0ZXN0dXNlcl8wNjQyIiwicm9sZXMiOiJST0xFX1VTRVIiLCJleHAiOjE3ODcxMTU1NDQsInVzZXJJZCI6IjY0MiIsImlhdCI6MTc4NzAyOTE0NH0.lWQ-yIlLC2qJIYqZoK29ZHHrTjA7_A2L0CjH7yFUo2fSTvL-D82Sk-uxfoiDnDhaWSpSiEwTm4NrS2WFH5JL-Q
testuser_0453,103557,eyJhbGciOiJIUzUxMiJ9.eyJzdWIiOiJ0ZXN0dXNlcl8wNDUzIiwicm9sZXMiOiJST0xFX1VTRVIiLCJleHAiOjE3ODcxMTU1NDQsInVzZXJJZCI6IjQ1MyIsImlhdCI6MTc4NzAyOTE0NH0.qFGcSFkQXpFY3YVdq1eAh95QmSh_2OUxkQTtlYvfOlrBt9aIn3u-tWpYSedDOLT6Id-wl9dAxt3ufbu8b7a3Xw
testuser_0727,103672,eyJhbGciOiJIUzUxMiJ9.eyJzdWIiOiJ0ZXN0dXNlcl8wNzI3Iiwicm9sZXMiOiJST0xFX1VTRVIiLCJleHAiOjE3ODcxMTU1NDQsInVzZXJJZCI6IjcyNyIsImlhdCI6MTc4NzAyOTE0NH0.yiq1pf2sBT9ggkKbAKDJrNf7rV2nFR8nPfJXz4SMAuG6KIfXsnKB6qGX6-yOP5RM4CiychmbYW52zf8pAbskqA
testuser_0458,103675,eyJhbGciOiJIUzUxMiJ9.eyJzdWIiOiJ0ZXN0dXNlcl8wNDU4Iiwicm9sZXMiOiJST0xFX1VTRVIiLCJleHAiOjE3ODcxMTU1NDQsInVzZXJJZCI6IjQ1OCIsImlhdCI6MTc4NzAyOTE0NH0.1Ruuc3f2bbdNx3bIGMouL_FiH4qm75N8sfcCmBlQF4Ra8LXACNNgeuMq_fXm71_JkacLuIX1qtylCSnancwDQA
testuser_0606,103748,eyJhbGciOiJIUzUxMiJ9.eyJzdWIiOiJ0ZXN0dXNlcl8wNjA2Iiwicm9sZXMiOiJST0xFX1VTRVIiLCJleHAiOjE3ODcxMTU1NDQsInVzZXJJZCI6IjYwNiIsImlhdCI6MTc4NzAyOTE0NH0.Q5VAMoBkM-n_7iU3aY2l8a9YoDWedG9H5PfEGsS440AeefevFz390VGzjEPQC2QSsJh9TPDdPNaFCAM9Q_NuDQ
testuser_0845,103764,eyJhbGciOiJIUzUxMiJ9.eyJzdWIiOiJ0ZXN0dXNlcl8wODQ1Iiwicm9sZXMiOiJST0xFX1VTRVIiLCJleHAiOjE3ODcxMTU1NDUsInVzZXJJZCI6Ijg0NSIsImlhdCI6MTc4NzAyOTE0NX0.PqEqpY906RUjdFt1T6GRzf7bcLz7ltMz-TLGDLnSMUC-gc3pBoT5KiJWyJtWvfKgRCEpyJ1uXwGzkUF4oPAb4Q
testuser_0261,103971,eyJhbGciOiJIUzUxMiJ9.eyJzdWIiOiJ0ZXN0dXNlcl8wMjYxIiwicm9sZXMiOiJST0xFX1VTRVIiLCJleHAiOjE3ODcxMTU1NDUsInVzZXJJZCI6IjI2MSIsImlhdCI6MTc4NzAyOTE0NX0.ltu34qyVo5XRpYNSHfp77YxHT9Xl9KU4QdehLbFMCb5a9sBoJZipFJeLsYMOQrt7X2xtFRKVOqMPA6TKyyxMwg
testuser_0285,103974,eyJhbGciOiJIUzUxMiJ9.eyJzdWIiOiJ0ZXN0dXNlcl8wMjg1Iiwicm9sZXMiOiJST0xFX1VTRVIiLCJleHAiOjE3ODcxMTU1NDUsInVzZXJJZCI6IjI4NSIsImlhdCI6MTc4NzAyOTE0NX0.3LU1UCEhhLEuZxe2IF0rmA3WAsuuwNfpKCpfdbAuq_mfdqK7x2zIyTA90orGrads7k-Rd5x3Mqw1kaFVyC3acw
testuser_0332,104101,eyJhbGciOiJIUzUxMiJ9.eyJzdWIiOiJ0ZXN0dXNlcl8wMzMyIiwicm9sZXMiOiJST0xFX1VTRVIiLCJleHAiOjE3ODcxMTU1NDUsInVzZXJJZCI6IjMzMiIsImlhdCI6MTc4NzAyOTE0NX0.70hw1nteBtn7NHoS_z-o_Olih-kMWfWeAWqjUq3LfIgIOHfuELlGue6p3KTybwsXJJ0ph38dYPka8Vvm-CqCGg
testuser_0243,104117,eyJhbGciOiJIUzUxMiJ9.eyJzdWIiOiJ0ZXN0dXNlcl8wMjQzIiwicm9sZXMiOiJST0xFX1VTRVIiLCJleHAiOjE3ODcxMTU1NDUsInVzZXJJZCI6IjI0MyIsImlhdCI6MTc4NzAyOTE0NX0.yjBgWbVcwf2e9uIcOzZp9MqoMq3BEPdx9xZ0z9DpwndG-3bG29YVx9L-QkuFrLnILBupiRLJBRXyHRsoASMFmw
testuser_0002,104293,eyJhbGciOiJIUzUxMiJ9.eyJzdWIiOiJ0ZXN0dXNlcl8wMDAyIiwicm9sZXMiOiJST0xFX1VTRVIiLCJleHAiOjE3ODcxMTU1NDUsInVzZXJJZCI6IjIiLCJpYXQiOjE3ODcwMjkxNDV9.iDKB5zV3g7_myH1-j5o3Bu8GscHdEF67lawA8Q__oMXlweSZ2_Rw2-93_ckl-VZGPCTrabqQ7sTHzAu3NV7_oQ
testuser_0897,104370,eyJhbGciOiJIUzUxMiJ9.eyJzdWIiOiJ0ZXN0dXNlcl8wODk3Iiwicm9sZXMiOiJST0xFX1VTRVIiLCJleHAiOjE3ODcxMTU1NDUsInVzZXJJZCI6Ijg5NyIsImlhdCI6MTc4NzAyOTE0NX0.-8jpUp42kO3DLzUF6-jO0fRB9QEnPRnSSwbavtgWOeHdGywvFl6uwoIaaN9iFfi4CmmeAgfoFgLqoss1qF5Miw
testuser_0377,104390,eyJhbGciOiJIUzUxMiJ9.eyJzdWIiOiJ0ZXN0dXNlcl8wMzc3Iiwicm9sZXMiOiJST0xFX1VTRVIiLCJleHAiOjE3ODcxMTU1NDUsInVzZXJJZCI6IjM3NyIsImlhdCI6MTc4NzAyOTE0NX0.FAq3scx17MSKieUCNQyUIeKKPBuOCdSwLpxI1AzZk84uhxTTWr2Ga9PTYAluNXP9qKnPUA5kz1Qv4SVmZA4ESg
testuser_0222,104403,eyJhbGciOiJIUzUxMiJ9.eyJzdWIiOiJ0ZXN0dXNlcl8wMjIyIiwicm9sZXMiOiJST0xFX1VTRVIiLCJleHAiOjE3ODcxMTU1NDUsInVzZXJJZCI6IjIyMiIsImlhdCI6MTc4NzAyOTE0NX0.oaOXGzbhX9skd2OKbclAuYjDLKgLxSEg5iLq6CeFF98QTRajBdmUikSi5OnmsVphrG9cLGFj_ALNv0W_2sIwQA
testuser_0499,104482,eyJhbGciOiJIUzUxMiJ9.eyJzdWIiOiJ0ZXN0dXNlcl8wNDk5Iiwicm9sZXMiOiJST0xFX1VTRVIiLCJleHAiOjE3ODcxMTU1NDUsInVzZXJJZCI6IjQ5OSIsImlhdCI6MTc4NzAyOTE0NX0.nZ4lEIZRc-1lWvcmNB0cftA_LDXc-Bvsf9dEUC6_nYBD7p2_SFB0bPQ08Oi4MnbRGW_XqN1XVOcT-Lnzuv9RrA
testuser_0063,104584,eyJhbGciOiJIUzUxMiJ9.eyJzdWIiOiJ0ZXN0dXNlcl8wMDYzIiwicm9sZXMiOiJST0xFX1VTRVIiLCJleHAiOjE3ODcxMTU1NDUsInVzZXJJZCI6IjYzIiwiaWF0IjoxNzg3MDI5MTQ1fQ.iLmCbzpuqSQFoMhXo4y9YMg4l19JV6wD2jQLTYnCi0112f93tI0qu01PjjLnOwVckRdYCb2d-wr5S8hx2_QFbA
testuser_0824,104632,eyJhbGciOiJIUzUxMiJ9.eyJzdWIiOiJ0ZXN0dXNlcl8wODI0Iiwicm9sZXMiOiJST0xFX1VTRVIiLCJleHAiOjE3ODcxMTU1NDYsInVzZXJJZCI6IjgyNCIsImlhdCI6MTc4NzAyOTE0Nn0.vQkMrYAKGs77pRSNRKJI4M4NjKRRBptOffUClVifq_LjIy_nCfYal78z7YOcwEe1e57rRyah92WPfA1Ed3il6g
testuser_0376,104640,eyJhbGciOiJIUzUxMiJ9.eyJzdWIiOiJ0ZXN0dXNlcl8wMzc2Iiwicm9sZXMiOiJST0xFX1VTRVIiLCJleHAiOjE3ODcxMTU1NDYsInVzZXJJZCI6IjM3NiIsImlhdCI6MTc4NzAyOTE0Nn0.-FEvlO00gTCFXXPHyDc0hsgzA-9mrb-bQ-NWNlQZplJQotyhZi98FrOFisCUnOvWKMDNftLgahc_VDX4ZJy_BQ
testuser_0318,104677,eyJhbGciOiJIUzUxMiJ9.eyJzdWIiOiJ0ZXN0dXNlcl8wMzE4Iiwicm9sZXMiOiJST0xFX1VTRVIiLCJleHAiOjE3ODcxMTU1NDYsInVzZXJJZCI6IjMxOCIsImlhdCI6MTc4NzAyOTE0Nn0.1zNlLfsnIZBJzUQQlw6tj6IVswgTNsDnXs1wcx7H2cwCnFpZiprfgi6qSn2L8G9ajsqCm9fqAbnEr4VfXRDjJQ
testuser_0848,104681,eyJhbGciOiJIUzUxMiJ9.eyJzdWIiOiJ0ZXN0dXNlcl8wODQ4Iiwicm9sZXMiOiJST0xFX1VTRVIiLCJleHAiOjE3ODcxMTU1NDYsInVzZXJJZCI6Ijg0OCIsImlhdCI6MTc4NzAyOTE0Nn0.H8YBYXvV7uUXVbU75qb8088jPKSzBABGfYCb1meL5SCTQW1D5g49IU0CJTV2oqC0zoW682GBps1HsJ1JL9WBXw
testuser_0033,104684,eyJhbGciOiJIUzUxMiJ9.eyJzdWIiOiJ0ZXN0dXNlcl8wMDMzIiwicm9sZXMiOiJST0xFX1VTRVIiLCJleHAiOjE3ODcxMTU1NDYsInVzZXJJZCI6IjMzIiwiaWF0IjoxNzg3MDI5MTQ2fQ.4nAI6clqHjbOBLrQuvjY-c_OilpmfnthZO-qnja4aZtiJvB3CCzfMKkd4T82PqWHisQ_NztnwkRkBJ1RpboaUg
testuser_0729,104810,eyJhbGciOiJIUzUxMiJ9.eyJzdWIiOiJ0ZXN0dXNlcl8wNzI5Iiwicm9sZXMiOiJST0xFX1VTRVIiLCJleHAiOjE3ODcxMTU1NDYsInVzZXJJZCI6IjcyOSIsImlhdCI6MTc4NzAyOTE0Nn0.Vri2mcuA3ScPtGZTEb9hdhvHtiKs161gRZl96SGmD6Wdj4Oxjf8NZpiaQ_Vdtu1L24eMMLGqw73JFnHHnpjIlA
testuser_0372,104916,eyJhbGciOiJIUzUxMiJ9.eyJzdWIiOiJ0ZXN0dXNlcl8wMzcyIiwicm9sZXMiOiJST0xFX1VTRVIiLCJleHAiOjE3ODcxMTU1NDYsInVzZXJJZCI6IjM3MiIsImlhdCI6MTc4NzAyOTE0Nn0.ZJsJyyH36GiN1rtryCYSxo8J9wilCUaRCZdRiFTN3hLjLFPELXyhrlvlqxTvUoFNAKS56M1hC3tQSa4NTXmW_A
testuser_0303,105064,eyJhbGciOiJIUzUxMiJ9.eyJzdWIiOiJ0ZXN0dXNlcl8wMzAzIiwicm9sZXMiOiJST0xFX1VTRVIiLCJleHAiOjE3ODcxMTU1NDYsInVzZXJJZCI6IjMwMyIsImlhdCI6MTc4NzAyOTE0Nn0.IDsDxkVRRTt5NUpJnY-TFa0Od7kk5-g3EJjjedGscoFcd6-r0CdoHj7M1Pg9GXz5IF-M0LVR4fuCGtc9ZF0dFA
testuser_0940,105151,eyJhbGciOiJIUzUxMiJ9.eyJzdWIiOiJ0ZXN0dXNlcl8wOTQwIiwicm9sZXMiOiJST0xFX1VTRVIiLCJleHAiOjE3ODcxMTU1NDYsInVzZXJJZCI6Ijk0MCIsImlhdCI6MTc4NzAyOTE0Nn0.AP_BDBY6diAl-uzndskICcduAPU58gHjDQP6cvvLoiW-wOlvrZNdGZBDFRlUxu7zOqLCh0Da0q5M9h71DBck_g
testuser_0016,105170,eyJhbGciOiJIUzUxMiJ9.eyJzdWIiOiJ0ZXN0dXNlcl8wMDE2Iiwicm9sZXMiOiJST0xFX1VTRVIiLCJleHAiOjE3ODcxMTU1NDYsInVzZXJJZCI6IjE2IiwiaWF0IjoxNzg3MDI5MTQ2fQ.LA3Rz4-cq-TWJu9mGvA6kM4tJrpX3yB22KvrUFl38xl9yV5gb6gE-RPZIB7dXKuHEhhiNzTQLd5_FTgONs4dPg
testuser_0677,105336,eyJhbGciOiJIUzUxMiJ9.eyJzdWIiOiJ0ZXN0dXNlcl8wNjc3Iiwicm9sZXMiOiJST0xFX1VTRVIiLCJleHAiOjE3ODcxMTU1NDYsInVzZXJJZCI6IjY3NyIsImlhdCI6MTc4NzAyOTE0Nn0.Txwlcs3x1gpspvWukyVpXhdnqT-1uPzZ4X7DFRHOkUUqLsK0pZqZdTQS7SXkMaXMppaDa5AAn2CdZTx21zvSvQ
testuser_0098,105444,eyJhbGciOiJIUzUxMiJ9.eyJzdWIiOiJ0ZXN0dXNlcl8wMDk4Iiwicm9sZXMiOiJST0xFX1VTRVIiLCJleHAiOjE3ODcxMTU1NDcsInVzZXJJZCI6Ijk4IiwiaWF0IjoxNzg3MDI5MTQ3fQ.SlFhMLno0W0LiwDnWhH1PJOBXKKVNLRv_qtz-QJMBvN-pcLxwAUApqcz2AAgkL4ZoAsS_07zJnqUNyBDcULcMA
testuser_0772,105524,eyJhbGciOiJIUzUxMiJ9.eyJzdWIiOiJ0ZXN0dXNlcl8wNzcyIiwicm9sZXMiOiJST0xFX1VTRVIiLCJleHAiOjE3ODcxMTU1NDcsInVzZXJJZCI6Ijc3MiIsImlhdCI6MTc4NzAyOTE0N30.FAV5N8uyc-Vmq8rd8fdwdHAT3PL0nzDrcBGhNjMCFqNhroPhFQO-sztuceejBDzH_TeP7sSJ1qVMA57zm89N1g
