id,product_id,buyer_id,seller_id,order_status,total_price,delivery_method,meetup_location_id,meetup_time_slot,shipping_address_id,shipping_provider,tracking_number,create_time
100001,4540,64,816,PENDING_PAYMENT,50.0,EXPRESS,,,137,SF,,2026-08-12 10:33:42
100002,1075,600,36,PENDING_PAYMENT,5.0,MEETUP,12,17:00-18:00,,,,2026-08-12 00:49:42
100003,2352,560,65,PENDING_PAYMENT,15.0,MEETUP,18,19:00-20:00,,,,2026-08-12 08:19:42
100004,1417,100,238,PENDING_PAYMENT,100.0,MEETUP,4,12:00-13:00,,,,2026-08-11 01:59:42
100005,3937,399,114,PENDING_PAYMENT,2.0,EXPRESS,,,808,SF,,2026-08-10 16:20:42
100006,2291,866,267,PENDING_PAYMENT,10.0,MEETUP,13,18:00-19:00,,,,2026-08-09 16:39:42
100007,850,678,154,PENDING_PAYMENT,5.0,EXPRESS,,,1357,SF,,2026-08-09 09:06:42
100008,970,31,131,PENDING_PAYMENT,80.0,EXPRESS,,,64,SF,,2026-08-10 11:59:42
100009,1063,422,15,PENDING_PAYMENT,12.0,MEETUP,28,18:00-19:00,,,,2026-08-10 11:56:42
100010,262,185,610,PENDING_PAYMENT,25.0,EXPRESS,,,389,SF,,2026-08-09 01:08:42
100011,3396,346,237,PENDING_PAYMENT,2.0,MEETUP,11,19:00-20:00,,,,2026-08-08 06:29:42
100012,3204,472,719,PENDING_PAYMENT,3.0,MEETUP,14,12:00-13:00,,,,2026-08-13 14:00:42
100013,791,114,132,PENDING_PAYMENT,80.0,MEETUP,9,18:00-19:00,,,,2026-08-08 05:50:42
100014,2933,901,582,PENDING_PAYMENT,50.0,EXPRESS,,,1796,SF,,2026-08-07 00:23:42
100015,2445,921,657,PENDING_PAYMENT,120.0,EXPRESS,,,1838,SF,,2026-08-07 21:33:42
100016,544,613,899,PENDING_PAYMENT,30.0,EXPRESS,,,1222,SF,,2026-08-14 03:08:42
100017,3433,965,82,PENDING_PAYMENT,5.0,MEETUP,26,12:00-13:00,,,,2026-08-08 13:57:42
100018,1798,497,809,PENDING_PAYMENT,60.0,MEETUP,1,18:00-19:00,,,,2026-08-07 05:55:42
100019,1347,203,28,PENDING_PAYMENT,3.0,MEETUP,23,12:00-13:00,,,,2026-08-12 04:10:42
100020,2012,156,333,PENDING_PAYMENT,100.0,EXPRESS,,,324,SF,,2026-08-14 10:43:42
100021,4010,946,330,PENDING_PAYMENT,120.0,EXPRESS,,,1893,SF,,2026-08-15 05:47:42
100022,2818,588,353,PENDING_PAYMENT,2.0,EXPRESS,,,1175,SF,,2026-08-15 02:32:42
100023,578,122,371,PENDING_PAYMENT,2.0,EXPRESS,,,250,SF,,2026-08-09 04:02:42
100024,977,394,105,PENDING_PAYMENT,50.0,MEETUP,4,18:00-19:00,,,,2026-08-07 12:22:42
100025,414,609,147,PENDING_PAYMENT,120.0,EXPRESS,,,1215,SF,,2026-08-09 02:07:42
100026,3232,902,476,PENDING_PAYMENT,150.0,MEETUP,3,12:00-13:00,,,,2026-08-07 13:20:42
100027,1889,703,229,PENDING_PAYMENT,200.0,EXPRESS,,,1403,SF,,2026-08-16 14:28:42
100028,373,685,398,PENDING_PAYMENT,25.0,MEETUP,11,19:00-20:00,,,,2026-08-11 22:15:42
100029,1740,384,182,PENDING_PAYMENT,15.0,EXPRESS,,,776,SF,,2026-08-08 08:06:42
100030,4495,298,894,PENDING_PAYMENT,1.0,MEETUP,28,12:00-13:00,,,,2026-08-11 23:07:42
100031,2969,644,679,PENDING_PAYMENT,80.0,EXPRESS,,,1281,SF,,2026-08-14 02:24:42
100032,3184,949,972,PENDING_PAYMENT,2.0,EXPRESS,,,1900,SF,,2026-08-10 04:35:42
100033,1864,769,306,PENDING_PAYMENT,5.0,EXPRESS,,,1537,SF,,2026-08-08 02:51:42
100034,2555,993,73,PENDING_PAYMENT,3.0,EXPRESS,,,1982,SF,,2026-08-07 14:12:42
100035,2513,836,182,PENDING_PAYMENT,12.0,MEETUP,28,17:00-18:00,,,,2026-08-13 03:42:42
100036,1541,823,7,PENDING_PAYMENT,120.0,MEETUP,13,18:00-19:00,,,,2026-08-16 02:49:42
100037,4921,651,290,PENDING_PAYMENT,25.0,EXPRESS,,,1297,SF,,2026-08-12 01:19:42
100038,493,787,886,PENDING_PAYMENT,5.0,MEETUP,1,18:00-19:00,,,,2026-08-14 04:41:42
100039,2921,625,628,PENDING_PAYMENT,100.0,MEETUP,19,17:00-18:00,,,,2026-08-15 08:25:42
100040,4153,439,376,PENDING_PAYMENT,8.0,EXPRESS,,,895,SF,,2026-08-08 13:19:42
100041,3549,82,16,PENDING_PAYMENT,5.0,MEETUP,1,18:00-19:00,,,,2026-08-13 20:59:42
100042,4183,459,309,PENDING_PAYMENT,10.0,MEETUP,2,12:00-13:00,,,,2026-08-07 17:31:42
100043,1293,293,826,PENDING_PAYMENT,12.0,EXPRESS,,,614,SF,,2026-08-14 16:15:42
100044,1033,893,979,PENDING_PAYMENT,80.0,MEETUP,12,19:00-20:00,,,,2026-08-14 10:37:42
100045,1794,473,249,PENDING_PAYMENT,12.0,EXPRESS,,,961,SF,,2026-08-07 14:09:42
100046,312,435,799,PENDING_PAYMENT,30.0,EXPRESS,,,888,SF,,2026-08-12 06:57:42
100047,3397,903,363,PENDING_PAYMENT,3.0,EXPRESS,,,1800,SF,,2026-08-16 12:27:42
100048,394,451,268,PENDING_PAYMENT,30.0,MEETUP,3,12:00-13:00,,,,2026-08-07 07:10:42
100049,2991,496,457,PENDING_PAYMENT,10.0,EXPRESS,,,1007,SF,,2026-08-08 02:09:42
100050,1058,351,456,PENDING_PAYMENT,50.0,EXPRESS,,,717,SF,,2026-08-11 20:42:42
100051,3760,96,201,PENDING_PAYMENT,50.0,MEETUP,16,12:00-13:00,,,,2026-08-08 07:01:42
100052,3306,633,164,PENDING_PAYMENT,1.0,MEETUP,23,12:00-13:00,,,,2026-08-09 01:50:42
100053,4107,574,699,PENDING_PAYMENT,12.0,EXPRESS,,,1154,SF,,2026-08-08 16:32:42
100054,4505,604,77,PENDING_PAYMENT,20.0,MEETUP,17,19:00-20:00,,,,2026-08-14 11:17:42
100055,1683,478,833,PENDING_PAYMENT,5.0,EXPRESS,,,969,SF,,2026-08-07 22:26:42
100056,555,589,250,PENDING_PAYMENT,50.0,EXPRESS,,,1176,SF,,2026-08-15 07:01:42
100057,3296,849,835,PENDING_PAYMENT,15.0,MEETUP,25,12:00-13:00,,,,2026-08-16 17:02:42
100058,153,265,843,PENDING_PAYMENT,200.0,EXPRESS,,,552,SF,,2026-08-15 00:07:42
100059,2388,46,152,PENDING_PAYMENT,50.0,EXPRESS,,,101,SF,,2026-08-11 05:22:42
100060,2779,823,344,PENDING_PAYMENT,20.0,MEETUP,26,12:00-13:00,,,,2026-08-13 03:57:42
100061,34,911,349,PENDING_PAYMENT,100.0,EXPRESS,,,1815,SF,,2026-08-12 05:01:42
100062,1682,604,371,PENDING_PAYMENT,20.0,MEETUP,2,17:00-18:00,,,,2026-08-08 22:37:42
100063,1421,223,964,PENDING_PAYMENT,8.0,EXPRESS,,,466,SF,,2026-08-13 04:14:42
100064,3470,142,3,PENDING_PAYMENT,80.0,MEETUP,4,18:00-19:00,,,,2026-08-09 18:50:42
100065,1193,404,218,PENDING_PAYMENT,120.0,MEETUP,24,18:00-19:00,,,,2026-08-09 20:11:42
100066,1286,640,270,PENDING_PAYMENT,150.0,MEETUP,13,19:00-20:00,,,,2026-08-07 12:58:42
100067,1916,398,317,PENDING_PAYMENT,1.0,MEETUP,2,12:00-13:00,,,,2026-08-13 09:46:42
100068,834,258,805,PENDING_PAYMENT,15.0,EXPRESS,,,536,SF,,2026-08-13 18:46:42
100069,4851,513,314,PENDING_PAYMENT,8.0,EXPRESS,,,1046,SF,,2026-08-08 15:50:42
100070,4514,19,548,PENDING_PAYMENT,80.0,MEETUP,4,19:00-20:00,,,,2026-08-08 01:34:42
100071,1574,374,704,PENDING_PAYMENT,2.0,MEETUP,7,18:00-19:00,,,,2026-08-08 13:12:42
100072,3509,256,959,PENDING_PAYMENT,120.0,EXPRESS,,,532,SF,,2026-08-09 01:57:42
100073,4287,883,519,PENDING_PAYMENT,100.0,MEETUP,10,18:00-19:00,,,,2026-08-07 15:17:42
100074,4266,511,706,PENDING_PAYMENT,200.0,MEETUP,24,17:00-18:00,,,,2026-08-13 00:48:42
100075,4028,153,598,PENDING_PAYMENT,12.0,MEETUP,25,17:00-18:00,,,,2026-08-08 02:45:42
100076,1844,634,355,PENDING_PAYMENT,10.0,MEETUP,23,19:00-20:00,,,,2026-08-11 09:50:42
100077,1667,903,503,PENDING_PAYMENT,2.0,EXPRESS,,,1799,SF,,2026-08-11 08:37:42
100078,2306,28,234,PENDING_PAYMENT,50.0,EXPRESS,,,59,SF,,2026-08-12 03:35:42
100079,2883,197,168,PENDING_PAYMENT,80.0,MEETUP,10,12:00-13:00,,,,2026-08-13 05:02:42
100080,333,832,754,PENDING_PAYMENT,30.0,EXPRESS,,,1652,SF,,2026-08-13 19:14:42
100081,2453,598,841,PENDING_PAYMENT,3.0,MEETUP,9,12:00-13:00,,,,2026-08-15 20:25:42
100082,804,484,834,PENDING_PAYMENT,100.0,EXPRESS,,,983,SF,,2026-08-07 05:24:42
100083,2919,758,21,PENDING_PAYMENT,120.0,MEETUP,23,19:00-20:00,,,,2026-08-16 18:38:42
100084,2568,769,218,PENDING_PAYMENT,20.0,EXPRESS,,,1537,SF,,2026-08-08 23:37:42
100085,1145,509,792,PENDING_PAYMENT,8.0,EXPRESS,,,1035,SF,,2026-08-09 12:26:42
100086,1701,171,113,PENDING_PAYMENT,30.0,EXPRESS,,,357,SF,,2026-08-07 07:43:42
100087,3695,151,361,PENDING_PAYMENT,12.0,EXPRESS,,,314,SF,,2026-08-12 00:25:42
100088,987,168,355,PENDING_PAYMENT,15.0,MEETUP,13,18:00-19:00,,,,2026-08-15 09:14:42
100089,1984,427,166,PENDING_PAYMENT,20.0,MEETUP,30,12:00-13:00,,,,2026-08-16 00:49:42
100090,1178,355,940,PENDING_PAYMENT,5.0,EXPRESS,,,723,SF,,2026-08-11 18:56:42
100091,419,138,42,PENDING_PAYMENT,12.0,EXPRESS,,,282,SF,,2026-08-08 00:33:42
100092,1934,520,892,PENDING_PAYMENT,5.0,EXPRESS,,,1057,SF,,2026-08-09 21:39:42
100093,288,79,708,PENDING_PAYMENT,25.0,MEETUP,28,19:00-20:00,,,,2026-08-12 01:19:42
100094,3212,854,458,PENDING_PAYMENT,150.0,EXPRESS,,,1695,SF,,2026-08-10 10:58:42
100095,4017,390,980,PENDING_PAYMENT,30.0,MEETUP,9,19:00-20:00,,,,2026-08-15 18:34:42
100096,4682,646,237,PENDING_PAYMENT,8.0,MEETUP,4,12:00-13:00,,,,2026-08-11 21:36:42
100097,3969,624,962,PENDING_PAYMENT,1.0,EXPRESS,,,1241,SF,,2026-08-11 17:04:42
100098,2688,804,553,PENDING_PAYMENT,100.0,MEETUP,11,18:00-19:00,,,,2026-08-07 18:29:42
100099,498,249,162,PENDING_PAYMENT,12.0,EXPRESS,,,515,SF,,2026-08-14 04:55:42
100100,3156,78,953,PENDING_PAYMENT,80.0,MEETUP,22,18:00-19:00,,,,2026-08-16 17:06:42
100101,4909,102,924,PENDING_PAYMENT,120.0,EXPRESS,,,212,SF,,2026-08-06 22:32:42
100102,2005,452,738,PENDING_PAYMENT,5.0,MEETUP,18,12:00-13:00,,,,2026-08-09 03:08:42
100103,2148,7,675,PENDING_PAYMENT,30.0,EXPRESS,,,18,SF,,2026-08-07 04:32:42
100104,1739,77,951,PENDING_PAYMENT,80.0,MEETUP,12,18:00-19:00,,,,2026-08-10 19:51:42
100105,3450,307,649,PENDING_PAYMENT,30.0,MEETUP,24,17:00-18:00,,,,2026-08-07 02:47:42
100106,4257,548,7,PENDING_PAYMENT,60.0,MEETUP,13,19:00-20:00,,,,2026-08-16 17:18:42
100107,3729,259,499,PENDING_PAYMENT,8.0,MEETUP,28,19:00-20:00,,,,2026-08-08 14:06:42
100108,4524,704,539,PENDING_PAYMENT,60.0,EXPRESS,,,1406,SF,,2026-08-11 02:56:42
100109,787,602,788,PENDING_PAYMENT,15.0,EXPRESS,,,1203,SF,,2026-08-13 17:12:42
100110,3598,350,701,PENDING_PAYMENT,200.0,EXPRESS,,,714,SF,,2026-08-08 05:03:42
100111,772,389,149,PENDING_PAYMENT,120.0,EXPRESS,,,787,SF,,2026-08-12 15:08:42
100112,1611,856,806,PENDING_PAYMENT,25.0,MEETUP,2,17:00-18:00,,,,2026-08-14 13:54:42
100113,3341,300,792,PENDING_PAYMENT,30.0,EXPRESS,,,621,SF,,2026-08-16 05:14:42
100114,3508,500,55,PENDING_PAYMENT,150.0,MEETUP,20,17:00-18:00,,,,2026-08-10 16:18:42
100115,2501,731,865,PENDING_PAYMENT,3.0,MEETUP,24,12:00-13:00,,,,2026-08-14 02:11:42
100116,1455,612,148,PENDING_PAYMENT,12.0,EXPRESS,,,1219,SF,,2026-08-07 21:55:42
100117,1448,447,297,PENDING_PAYMENT,80.0,EXPRESS,,,911,SF,,2026-08-14 01:52:42
100118,1892,77,402,PENDING_PAYMENT,150.0,EXPRESS,,,161,SF,,2026-08-14 13:08:42
100119,3530,323,298,PENDING_PAYMENT,1.0,MEETUP,23,19:00-20:00,,,,2026-08-09 13:18:42
100120,1512,354,195,PENDING_PAYMENT,1.0,EXPRESS,,,722,SF,,2026-08-10 11:29:42
100121,4352,110,543,PENDING_PAYMENT,80.0,MEETUP,8,12:00-13:00,,,,2026-08-10 20:41:42
100122,1217,863,448,PENDING_PAYMENT,50.0,EXPRESS,,,1715,SF,,2026-08-10 17:53:42
100123,561,651,363,PENDING_PAYMENT,10.0,MEETUP,18,12:00-13:00,,,,2026-08-14 10:57:42
100124,136,492,301,PENDING_PAYMENT,100.0,MEETUP,17,12:00-13:00,,,,2026-08-14 22:46:42
100125,1364,90,902,PENDING_PAYMENT,3.0,MEETUP,9,17:00-18:00,,,,2026-08-10 07:47:42
100126,780,62,589,PENDING_PAYMENT,10.0,MEETUP,2,19:00-20:00,,,,2026-08-12 08:44:42
100127,386,743,337,PENDING_PAYMENT,100.0,EXPRESS,,,1479,SF,,2026-08-16 17:18:42
100128,4724,82,476,PENDING_PAYMENT,5.0,MEETUP,20,19:00-20:00,,,,2026-08-15 08:23:42
100129,231,523,646,PENDING_PAYMENT,120.0,EXPRESS,,,1067,SF,,2026-08-15 16:11:42
100130,518,858,318,PENDING_PAYMENT,3.0,EXPRESS,,,1705,SF,,2026-08-12 15:45:42
100131,1324,743,223,PENDING_PAYMENT,12.0,EXPRESS,,,1477,SF,,2026-08-15 15:45:42
100132,4127,467,464,PENDING_PAYMENT,2.0,EXPRESS,,,949,SF,,2026-08-08 13:30:42
100133,3830,822,732,PENDING_PAYMENT,50.0,MEETUP,7,12:00-13:00,,,,2026-08-07 03:40:42
100134,4569,9,8,PENDING_PAYMENT,120.0,EXPRESS,,,22,SF,,2026-08-11 23:40:42
100135,4038,934,696,PENDING_PAYMENT,12.0,MEETUP,20,12:00-13:00,,,,2026-08-16 10:32:42
100136,908,311,623,PENDING_PAYMENT,120.0,MEETUP,9,19:00-20:00,,,,2026-08-08 02:05:42
100137,991,807,592,PENDING_PAYMENT,50.0,EXPRESS,,,1606,SF,,2026-08-10 16:53:42
100138,4637,358,110,PENDING_PAYMENT,10.0,MEETUP,26,18:00-19:00,,,,2026-08-07 19:40:42
100139,2780,954,539,PENDING_PAYMENT,30.0,MEETUP,27,17:00-18:00,,,,2026-08-09 07:59:42
100140,1867,984,155,PENDING_PAYMENT,5.0,EXPRESS,,,1968,SF,,2026-08-14 08:56:42
100141,3875,629,676,PENDING_PAYMENT,12.0,MEETUP,12,17:00-18:00,,,,2026-08-12 21:43:42
100142,2523,488,863,PENDING_PAYMENT,120.0,EXPRESS,,,993,SF,,2026-08-07 15:58:42
100143,3966,564,219,PENDING_PAYMENT,150.0,MEETUP,12,19:00-20:00,,,,2026-08-12 22:31:42
100144,2213,864,215,PENDING_PAYMENT,100.0,MEETUP,21,18:00-19:00,,,,2026-08-08 08:23:42
100145,4528,75,231,PENDING_PAYMENT,2.0,MEETUP,18,18:00-19:00,,,,2026-08-11 04:25:42
100146,696,483,386,PENDING_PAYMENT,10.0,MEETUP,15,19:00-20:00,,,,2026-08-11 03:28:42
100147,3551,932,879,PENDING_PAYMENT,80.0,MEETUP,30,19:00-20:00,,,,2026-08-15 17:01:42
100148,3195,106,302,PENDING_PAYMENT,15.0,MEETUP,10,17:00-18:00,,,,2026-08-16 11:54:42
100149,3873,212,326,PENDING_PAYMENT,150.0,EXPRESS,,,445,SF,,2026-08-08 06:22:42
100150,1180,880,408,PENDING_PAYMENT,60.0,MEETUP,11,19:00-20:00,,,,2026-08-08 18:55:42
100151,3826,954,858,PENDING_PAYMENT,100.0,EXPRESS,,,1907,SF,,2026-08-09 23:55:42
100152,509,842,389,PENDING_PAYMENT,2.0,EXPRESS,,,1673,SF,,2026-08-11 20:26:42
100153,2681,323,54,PENDING_PAYMENT,200.0,MEETUP,24,19:00-20:00,,,,2026-08-12 02:49:42
100154,2118,307,452,PENDING_PAYMENT,60.0,EXPRESS,,,634,SF,,2026-08-07 10:38:42
100155,3365,764,367,PENDING_PAYMENT,120.0,MEETUP,13,19:00-20:00,,,,2026-08-14 05:06:42
100156,1775,612,914,PENDING_PAYMENT,5.0,EXPRESS,,,1219,SF,,2026-08-06 20:22:42
100157,881,732,255,PENDING_PAYMENT,20.0,MEETUP,18,17:00-18:00,,,,2026-08-13 09:57:42
100158,2493,973,667,PENDING_PAYMENT,200.0,MEETUP,11,18:00-19:00,,,,2026-08-14 00:08:42
100159,1305,474,153,PENDING_PAYMENT,20.0,EXPRESS,,,962,SF,,2026-08-09 16:43:42
100160,3028,547,389,PENDING_PAYMENT,200.0,EXPRESS,,,1103,SF,,2026-08-10 18:52:42
100161,663,210,746,PENDING_PAYMENT,60.0,MEETUP,4,17:00-18:00,,,,2026-08-09 02:27:42
100162,553,821,968,PENDING_PAYMENT,8.0,EXPRESS,,,1632,SF,,2026-08-07 04:13:42
100163,4297,657,666,PENDING_PAYMENT,50.0,MEETUP,19,17:00-18:00,,,,2026-08-16 00:52:42
100164,3693,975,49,PENDING_PAYMENT,100.0,EXPRESS,,,1953,SF,,2026-08-11 01:36:42
100165,399,836,931,PENDING_PAYMENT,25.0,MEETUP,20,12:00-13:00,,,,2026-08-10 13:15:42
100166,2713,27,310,PENDING_PAYMENT,10.0,EXPRESS,,,56,SF,,2026-08-09 21:30:42
100167,31,343,766,PENDING_PAYMENT,20.0,MEETUP,14,12:00-13:00,,,,2026-08-14 07:08:42
100168,3029,752,556,PENDING_PAYMENT,80.0,MEETUP,28,19:00-20:00,,,,2026-08-13 04:15:42
100169,4577,270,510,PENDING_PAYMENT,60.0,MEETUP,15,12:00-13:00,,,,2026-08-12 15:18:42
100170,220,178,432,PENDING_PAYMENT,25.0,EXPRESS,,,372,SF,,2026-08-09 21:06:42
100171,854,508,753,PENDING_PAYMENT,120.0,EXPRESS,,,1032,SF,,2026-08-13 03:19:42
100172,3608,780,217,PENDING_PAYMENT,3.0,MEETUP,2,12:00-13:00,,,,2026-08-11 11:04:42
100173,1595,779,321,PENDING_PAYMENT,200.0,MEETUP,4,17:00-18:00,,,,2026-08-11 15:01:42
100174,4317,438,173,PENDING_PAYMENT,1.0,EXPRESS,,,894,SF,,2026-08-16 10:22:42
100175,3054,759,391,PENDING_PAYMENT,1.0,EXPRESS,,,1518,SF,,2026-08-14 12:50:42
100176,2036,799,868,PENDING_PAYMENT,50.0,EXPRESS,,,1594,SF,,2026-08-11 20:38:42
100177,4002,124,418,PENDING_PAYMENT,3.0,EXPRESS,,,254,SF,,2026-08-11 17:42:42
100178,3879,102,595,PENDING_PAYMENT,30.0,EXPRESS,,,212,SF,,2026-08-16 03:39:42
100179,4545,528,890,PENDING_PAYMENT,120.0,MEETUP,29,17:00-18:00,,,,2026-08-10 01:46:42
100180,453,84,718,PENDING_PAYMENT,1.0,MEETUP,2,17:00-18:00,,,,2026-08-15 08:04:42
100181,1174,415,503,PENDING_PAYMENT,15.0,MEETUP,2,19:00-20:00,,,,2026-08-09 21:25:42
100182,4691,374,720,PENDING_PAYMENT,60.0,EXPRESS,,,760,SF,,2026-08-09 15:09:42
100183,4142,444,898,PENDING_PAYMENT,2.0,EXPRESS,,,904,SF,,2026-08-11 18:04:42
100184,223,447,411,PENDING_PAYMENT,10.0,EXPRESS,,,909,SF,,2026-08-10 08:05:42
100185,4217,460,327,PENDING_PAYMENT,20.0,EXPRESS,,,939,SF,,2026-08-13 21:42:42
100186,979,648,701,PENDING_PAYMENT,60.0,EXPRESS,,,1290,SF,,2026-08-15 17:59:42
100187,4570,81,387,PENDING_PAYMENT,12.0,EXPRESS,,,169,SF,,2026-08-15 11:34:42
100188,3757,73,458,PENDING_PAYMENT,8.0,MEETUP,19,17:00-18:00,,,,2026-08-10 05:09:42
100189,905,496,568,PENDING_PAYMENT,20.0,EXPRESS,,,1007,SF,,2026-08-08 02:50:42
100190,4308,802,302,PENDING_PAYMENT,30.0,MEETUP,26,19:00-20:00,,,,2026-08-10 18:29:42
100191,555,666,250,PENDING_PAYMENT,50.0,EXPRESS,,,1329,SF,,2026-08-14 07:34:42
100192,454,914,252,PENDING_PAYMENT,15.0,EXPRESS,,,1824,SF,,2026-08-08 10:19:42
100193,1604,625,688,PENDING_PAYMENT,12.0,MEETUP,26,19:00-20:00,,,,2026-08-08 13:02:42
100194,3433,273,82,PENDING_PAYMENT,5.0,MEETUP,26,17:00-18:00,,,,2026-08-11 21:38:42
100195,2514,213,451,PENDING_PAYMENT,15.0,EXPRESS,,,447,SF,,2026-08-14 02:22:42
100196,2744,705,99,PENDING_PAYMENT,3.0,EXPRESS,,,1407,SF,,2026-08-16 02:26:42
100197,3708,111,451,PENDING_PAYMENT,50.0,EXPRESS,,,228,SF,,2026-08-10 06:09:42
100198,2024,321,92,PENDING_PAYMENT,3.0,EXPRESS,,,659,SF,,2026-08-12 19:23:42
100199,562,552,320,PENDING_PAYMENT,80.0,EXPRESS,,,1112,SF,,2026-08-14 17:55:42
100200,3832,985,616,PENDING_PAYMENT,5.0,MEETUP,18,19:00-20:00,,,,2026-08-11 09:41:42
100201,3645,4,368,PENDING_PAYMENT,15.0,MEETUP,4,17:00-18:00,,,,2026-08-09 23:18:42
100202,1465,538,416,PENDING_PAYMENT,150.0,EXPRESS,,,1090,SF,,2026-08-14 10:19:42
100203,3646,418,844,PENDING_PAYMENT,12.0,MEETUP,20,17:00-18:00,,,,2026-08-12 01:24:42
100204,3886,660,519,PENDING_PAYMENT,60.0,EXPRESS,,,1318,SF,,2026-08-15 11:49:42
100205,183,731,177,PENDING_PAYMENT,10.0,EXPRESS,,,1449,SF,,2026-08-12 07:43:42
100206,650,941,388,PENDING_PAYMENT,8.0,MEETUP,30,18:00-19:00,,,,2026-08-09 15:21:42
100207,1142,791,824,PENDING_PAYMENT,80.0,EXPRESS,,,1576,SF,,2026-08-14 13:00:42
100208,3736,120,919,PENDING_PAYMENT,1.0,MEETUP,13,18:00-19:00,,,,2026-08-10 05:02:42
100209,3574,366,730,PENDING_PAYMENT,100.0,EXPRESS,,,746,SF,,2026-08-08 10:53:42
100210,2323,189,165,PENDING_PAYMENT,25.0,MEETUP,21,12:00-13:00,,,,2026-08-13 04:38:42
100211,4777,964,256,PENDING_PAYMENT,12.0,EXPRESS,,,1931,SF,,2026-08-10 09:32:42
100212,3400,508,862,PENDING_PAYMENT,2.0,MEETUP,6,12:00-13:00,,,,2026-08-14 09:17:42
100213,4525,747,281,PENDING_PAYMENT,120.0,EXPRESS,,,1488,SF,,2026-08-12 16:35:42
100214,2882,486,969,PENDING_PAYMENT,60.0,MEETUP,4,17:00-18:00,,,,2026-08-14 20:16:42
100215,681,254,289,PENDING_PAYMENT,5.0,EXPRESS,,,526,SF,,2026-08-06 19:59:42
100216,392,173,543,PENDING_PAYMENT,120.0,MEETUP,19,19:00-20:00,,,,2026-08-10 03:09:42
100217,1446,183,542,PENDING_PAYMENT,150.0,MEETUP,16,12:00-13:00,,,,2026-08-15 12:32:42
100218,228,834,115,PENDING_PAYMENT,50.0,MEETUP,7,19:00-20:00,,,,2026-08-10 02:07:42
100219,4836,295,529,PENDING_PAYMENT,5.0,EXPRESS,,,616,SF,,2026-08-09 01:42:42
100220,3493,488,11,PENDING_PAYMENT,30.0,EXPRESS,,,994,SF,,2026-08-12 03:43:42
100221,1387,981,983,PENDING_PAYMENT,50.0,EXPRESS,,,1963,SF,,2026-08-09 14:56:42
100222,4689,930,593,PENDING_PAYMENT,25.0,EXPRESS,,,1860,SF,,2026-08-12 00:07:42
100223,3565,554,51,PENDING_PAYMENT,50.0,EXPRESS,,,1118,SF,,2026-08-14 04:12:42
100224,3293,44,945,PENDING_PAYMENT,25.0,EXPRESS,,,93,SF,,2026-08-14 01:50:42
100225,3918,512,170,PENDING_PAYMENT,12.0,MEETUP,16,12:00-13:00,,,,2026-08-10 00:18:42
100226,2349,279,722,PENDING_PAYMENT,5.0,EXPRESS,,,582,SF,,2026-08-08 12:18:42
100227,3101,219,407,PENDING_PAYMENT,150.0,MEETUP,9,19:00-20:00,,,,2026-08-16 18:36:42
100228,1373,599,414,PENDING_PAYMENT,60.0,EXPRESS,,,1197,SF,,2026-08-12 03:48:42
100229,1354,51,965,PENDING_PAYMENT,2.0,MEETUP,15,17:00-18:00,,,,2026-08-15 06:20:42
100230,350,550,330,PENDING_PAYMENT,200.0,MEETUP,13,17:00-18:00,,,,2026-08-12 14:40:42
100231,4918,486,414,PENDING_PAYMENT,15.0,EXPRESS,,,988,SF,,2026-08-09 08:43:42
100232,1042,963,960,PENDING_PAYMENT,2.0,MEETUP,19,12:00-13:00,,,,2026-08-08 03:11:42
100233,2790,622,362,PENDING_PAYMENT,200.0,MEETUP,12,18:00-19:00,,,,2026-08-15 00:07:42
100234,2539,526,443,PENDING_PAYMENT,1.0,MEETUP,9,19:00-20:00,,,,2026-08-11 20:57:42
100235,945,69,501,PENDING_PAYMENT,3.0,MEETUP,27,17:00-18:00,,,,2026-08-12 06:27:42
100236,375,720,337,PENDING_PAYMENT,60.0,MEETUP,14,12:00-13:00,,,,2026-08-09 23:42:42
100237,4423,813,905,PENDING_PAYMENT,50.0,EXPRESS,,,1616,SF,,2026-08-13 02:51:42
100238,241,779,545,PENDING_PAYMENT,3.0,EXPRESS,,,1552,SF,,2026-08-09 17:56:42
100239,3599,173,47,PENDING_PAYMENT,80.0,MEETUP,18,18:00-19:00,,,,2026-08-16 01:47:42
100240,1122,403,63,PENDING_PAYMENT,30.0,MEETUP,13,17:00-18:00,,,,2026-08-12 17:34:42
100241,2310,400,864,PENDING_PAYMENT,60.0,EXPRESS,,,809,SF,,2026-08-07 18:07:42
100242,917,488,601,PENDING_PAYMENT,120.0,EXPRESS,,,993,SF,,2026-08-12 17:11:42
100243,65,74,7,PENDING_PAYMENT,2.0,EXPRESS,,,157,SF,,2026-08-11 18:37:42
100244,4851,682,314,PENDING_PAYMENT,8.0,MEETUP,11,19:00-20:00,,,,2026-08-08 15:37:42
100245,767,155,415,PENDING_PAYMENT,100.0,EXPRESS,,,322,SF,,2026-08-16 16:02:42
100246,2956,246,640,PENDING_PAYMENT,80.0,MEETUP,29,19:00-20:00,,,,2026-08-07 14:13:42
100247,4415,245,550,PENDING_PAYMENT,8.0,MEETUP,20,12:00-13:00,,,,2026-08-14 11:23:42
100248,1014,752,819,PENDING_PAYMENT,200.0,MEETUP,21,19:00-20:00,,,,2026-08-11 22:05:42
100249,371,57,900,PENDING_PAYMENT,12.0,EXPRESS,,,123,SF,,2026-08-13 14:31:42
100250,1348,550,38,PENDING_PAYMENT,3.0,EXPRESS,,,1109,SF,,2026-08-14 11:13:42
100251,3985,394,912,PENDING_PAYMENT,2.0,MEETUP,24,17:00-18:00,,,,2026-08-11 06:25:42
100252,1136,608,636,PENDING_PAYMENT,2.0,EXPRESS,,,1214,SF,,2026-08-14 09:03:42
100253,3943,177,207,PENDING_PAYMENT,8.0,MEETUP,6,19:00-20:00,,,,2026-08-12 03:46:42
100254,4109,886,374,PENDING_PAYMENT,200.0,MEETUP,21,17:00-18:00,,,,2026-08-13 09:08:42
100255,1934,163,892,PENDING_PAYMENT,5.0,EXPRESS,,,339,SF,,2026-08-13 13:47:42
100256,1229,675,821,PENDING_PAYMENT,2.0,EXPRESS,,,1349,SF,,2026-08-10 15:24:42
100257,2900,541,928,PENDING_PAYMENT,80.0,MEETUP,10,18:00-19:00,,,,2026-08-15 04:41:42
100258,208,639,788,PENDING_PAYMENT,50.0,MEETUP,24,12:00-13:00,,,,2026-08-06 19:56:42
100259,1175,296,453,PENDING_PAYMENT,25.0,MEETUP,9,12:00-13:00,,,,2026-08-13 23:28:42
100260,1855,365,69,PENDING_PAYMENT,30.0,EXPRESS,,,743,SF,,2026-08-14 14:23:42
100261,4164,234,640,PENDING_PAYMENT,5.0,MEETUP,1,17:00-18:00,,,,2026-08-07 03:06:42
100262,2145,633,573,PENDING_PAYMENT,150.0,MEETUP,27,12:00-13:00,,,,2026-08-07 13:16:42
100263,1889,418,229,PENDING_PAYMENT,200.0,EXPRESS,,,851,SF,,2026-08-08 07:02:42
100264,680,283,768,PENDING_PAYMENT,12.0,EXPRESS,,,591,SF,,2026-08-11 19:17:42
100265,2554,291,270,PENDING_PAYMENT,1.0,EXPRESS,,,612,SF,,2026-08-12 14:05:42
100266,4919,926,816,PENDING_PAYMENT,8.0,EXPRESS,,,1850,SF,,2026-08-09 14:28:42
100267,4606,193,314,PENDING_PAYMENT,100.0,MEETUP,26,17:00-18:00,,,,2026-08-13 10:21:42
100268,1747,208,751,PENDING_PAYMENT,60.0,EXPRESS,,,436,SF,,2026-08-11 07:11:42
100269,3666,654,234,PENDING_PAYMENT,15.0,MEETUP,16,18:00-19:00,,,,2026-08-15 11:17:42
100270,1605,923,668,PENDING_PAYMENT,200.0,MEETUP,4,19:00-20:00,,,,2026-08-11 12:48:42
100271,1189,881,186,PENDING_PAYMENT,2.0,EXPRESS,,,1751,SF,,2026-08-11 06:11:42
100272,3099,456,860,PENDING_PAYMENT,80.0,EXPRESS,,,931,SF,,2026-08-16 07:25:42
100273,878,841,477,PENDING_PAYMENT,100.0,EXPRESS,,,1670,SF,,2026-08-10 23:14:42
100274,712,668,311,PENDING_PAYMENT,1.0,MEETUP,30,17:00-18:00,,,,2026-08-13 11:32:42
100275,3240,171,722,PENDING_PAYMENT,2.0,EXPRESS,,,356,SF,,2026-08-16 15:42:42
100276,2747,781,471,PENDING_PAYMENT,50.0,EXPRESS,,,1558,SF,,2026-08-15 20:09:42
100277,1989,747,979,PENDING_PAYMENT,15.0,EXPRESS,,,1487,SF,,2026-08-15 11:27:42
100278,1578,842,109,PENDING_PAYMENT,12.0,MEETUP,1,17:00-18:00,,,,2026-08-14 17:50:42
100279,3729,234,499,PENDING_PAYMENT,8.0,MEETUP,28,17:00-18:00,,,,2026-08-10 17:04:42
100280,3251,552,601,PENDING_PAYMENT,3.0,EXPRESS,,,1113,SF,,2026-08-10 11:55:42
100281,3938,17,199,PENDING_PAYMENT,80.0,EXPRESS,,,37,SF,,2026-08-08 01:29:42
100282,1871,945,666,PENDING_PAYMENT,100.0,EXPRESS,,,1892,SF,,2026-08-10 01:49:42
100283,4720,174,210,PENDING_PAYMENT,120.0,EXPRESS,,,362,SF,,2026-08-15 18:47:42
100284,4305,313,364,PENDING_PAYMENT,5.0,MEETUP,17,17:00-18:00,,,,2026-08-11 18:03:42
100285,4658,251,598,PENDING_PAYMENT,200.0,MEETUP,30,19:00-20:00,,,,2026-08-11 12:47:42
100286,3184,622,972,PENDING_PAYMENT,2.0,EXPRESS,,,1239,SF,,2026-08-10 12:00:42
100287,1029,57,463,PENDING_PAYMENT,2.0,MEETUP,28,17:00-18:00,,,,2026-08-16 06:02:42
100288,2646,800,179,PENDING_PAYMENT,10.0,MEETUP,7,17:00-18:00,,,,2026-08-12 23:11:42
100289,3212,936,458,PENDING_PAYMENT,150.0,MEETUP,27,12:00-13:00,,,,2026-08-08 06:31:42
100290,2533,906,177,PENDING_PAYMENT,100.0,MEETUP,3,18:00-19:00,,,,2026-08-14 19:31:42
100291,2404,849,937,PENDING_PAYMENT,80.0,EXPRESS,,,1687,SF,,2026-08-10 23:00:42
100292,1207,197,630,PENDING_PAYMENT,8.0,EXPRESS,,,412,SF,,2026-08-07 03:20:42
100293,1240,443,173,PENDING_PAYMENT,30.0,MEETUP,2,12:00-13:00,,,,2026-08-16 09:26:42
100294,26,204,187,PENDING_PAYMENT,15.0,MEETUP,6,19:00-20:00,,,,2026-08-15 19:55:42
100295,4328,517,209,PENDING_PAYMENT,150.0,EXPRESS,,,1052,SF,,2026-08-07 16:43:42
100296,2191,635,434,PENDING_PAYMENT,30.0,EXPRESS,,,1263,SF,,2026-08-15 18:32:42
100297,1743,576,672,PENDING_PAYMENT,15.0,MEETUP,4,17:00-18:00,,,,2026-08-06 20:55:42
100298,2548,895,538,PENDING_PAYMENT,5.0,EXPRESS,,,1782,SF,,2026-08-08 14:40:42
100299,3449,128,734,PENDING_PAYMENT,150.0,EXPRESS,,,262,SF,,2026-08-15 18:13:42
100300,4031,152,53,PENDING_PAYMENT,150.0,MEETUP,23,17:00-18:00,,,,2026-08-15 14:01:42
100301,775,41,671,PENDING_PAYMENT,200.0,MEETUP,12,12:00-13:00,,,,2026-08-16 05:52:42
100302,4912,502,653,PENDING_PAYMENT,1.0,EXPRESS,,,1018,SF,,2026-08-16 09:12:42
100303,1266,717,785,PENDING_PAYMENT,5.0,MEETUP,19,19:00-20:00,,,,2026-08-08 21:30:42
100304,3496,687,913,PENDING_PAYMENT,15.0,MEETUP,4,12:00-13:00,,,,2026-08-15 23:36:42
100305,2737,206,83,PENDING_PAYMENT,120.0,MEETUP,20,18:00-19:00,,,,2026-08-14 13:57:42
100306,1759,393,752,PENDING_PAYMENT,5.0,EXPRESS,,,797,SF,,2026-08-13 13:25:42
100307,652,265,540,PENDING_PAYMENT,3.0,EXPRESS,,,552,SF,,2026-08-13 22:12:42
100308,2836,14,472,PENDING_PAYMENT,12.0,EXPRESS,,,32,SF,,2026-08-14 12:41:42
100309,1044,1000,415,PENDING_PAYMENT,20.0,EXPRESS,,,1995,SF,,2026-08-16 00:13:42
100310,2239,930,719,PENDING_PAYMENT,1.0,EXPRESS,,,1860,SF,,2026-08-08 11:50:42
100311,4060,957,393,PENDING_PAYMENT,100.0,EXPRESS,,,1917,SF,,2026-08-07 12:29:42
100312,75,818,74,PENDING_PAYMENT,12.0,MEETUP,13,12:00-13:00,,,,2026-08-09 20:23:42
100313,3887,969,120,PENDING_PAYMENT,2.0,EXPRESS,,,1941,SF,,2026-08-16 03:43:42
100314,3811,167,179,PENDING_PAYMENT,10.0,MEETUP,27,18:00-19:00,,,,2026-08-09 07:21:42
100315,2141,544,187,PENDING_PAYMENT,15.0,MEETUP,13,17:00-18:00,,,,2026-08-07 15:27:42
100316,268,105,462,PENDING_PAYMENT,8.0,MEETUP,26,12:00-13:00,,,,2026-08-16 14:19:42
100317,2633,844,783,PENDING_PAYMENT,8.0,EXPRESS,,,1678,SF,,2026-08-08 14:44:42
100318,1710,955,379,PENDING_PAYMENT,120.0,MEETUP,22,18:00-19:00,,,,2026-08-08 05:47:42
100319,1756,281,203,PENDING_PAYMENT,15.0,MEETUP,22,17:00-18:00,,,,2026-08-13 08:57:42
100320,1075,148,36,PENDING_PAYMENT,5.0,EXPRESS,,,307,SF,,2026-08-15 18:48:42
100321,2118,652,452,PENDING_PAYMENT,60.0,EXPRESS,,,1299,SF,,2026-08-13 18:32:42
100322,3122,843,991,PENDING_PAYMENT,15.0,EXPRESS,,,1675,SF,,2026-08-09 04:29:42
100323,103,746,998,PENDING_PAYMENT,30.0,EXPRESS,,,1484,SF,,2026-08-14 07:48:42
100324,3982,265,702,PENDING_PAYMENT,80.0,MEETUP,10,17:00-18:00,,,,2026-08-15 18:21:42
100325,2550,241,766,PENDING_PAYMENT,2.0,MEETUP,23,12:00-13:00,,,,2026-08-12 20:49:42
100326,3566,620,771,PENDING_PAYMENT,50.0,EXPRESS,,,1235,SF,,2026-08-10 05:22:42
100327,86,785,381,PENDING_PAYMENT,200.0,MEETUP,27,19:00-20:00,,,,2026-08-08 03:37:42
100328,4583,354,439,PENDING_PAYMENT,80.0,MEETUP,21,12:00-13:00,,,,2026-08-09 05:13:42
100329,3499,118,131,PENDING_PAYMENT,20.0,MEETUP,9,19:00-20:00,,,,2026-08-09 22:20:42
100330,2671,805,94,PENDING_PAYMENT,60.0,EXPRESS,,,1604,SF,,2026-08-10 09:05:42
100331,3505,578,136,PENDING_PAYMENT,120.0,MEETUP,30,19:00-20:00,,,,2026-08-10 23:12:42
100332,329,188,648,PENDING_PAYMENT,2.0,MEETUP,16,19:00-20:00,,,,2026-08-12 05:16:42
100333,2276,733,741,PENDING_PAYMENT,20.0,MEETUP,11,18:00-19:00,,,,2026-08-11 04:31:42
100334,1993,302,313,PENDING_PAYMENT,5.0,EXPRESS,,,625,SF,,2026-08-08 13:53:42
100335,392,112,543,PENDING_PAYMENT,120.0,MEETUP,16,19:00-20:00,,,,2026-08-08 11:32:42
100336,1305,994,153,PENDING_PAYMENT,20.0,MEETUP,8,19:00-20:00,,,,2026-08-13 21:39:42
100337,1417,899,238,PENDING_PAYMENT,100.0,MEETUP,10,19:00-20:00,,,,2026-08-11 10:59:42
100338,2565,163,385,PENDING_PAYMENT,60.0,MEETUP,21,19:00-20:00,,,,2026-08-16 08:04:42
100339,3894,138,832,PENDING_PAYMENT,15.0,EXPRESS,,,283,SF,,2026-08-09 00:20:42
100340,1581,909,118,PENDING_PAYMENT,5.0,MEETUP,26,12:00-13:00,,,,2026-08-13 19:08:42
100341,402,197,256,PENDING_PAYMENT,30.0,MEETUP,9,17:00-18:00,,,,2026-08-13 16:57:42
100342,3980,475,336,PENDING_PAYMENT,200.0,MEETUP,24,12:00-13:00,,,,2026-08-15 13:57:42
100343,729,861,399,PENDING_PAYMENT,10.0,EXPRESS,,,1711,SF,,2026-08-14 11:23:42
100344,4451,317,873,PENDING_PAYMENT,15.0,MEETUP,28,18:00-19:00,,,,2026-08-11 08:55:42
100345,3517,854,581,PENDING_PAYMENT,10.0,MEETUP,16,12:00-13:00,,,,2026-08-08 15:52:42
100346,3148,205,813,PENDING_PAYMENT,2.0,MEETUP,20,18:00-19:00,,,,2026-08-12 10:08:42
100347,4451,56,873,PENDING_PAYMENT,15.0,EXPRESS,,,122,SF,,2026-08-08 19:31:42
100348,2220,723,374,PENDING_PAYMENT,2.0,EXPRESS,,,1438,SF,,2026-08-06 21:53:42
100349,3456,331,283,PENDING_PAYMENT,2.0,MEETUP,13,18:00-19:00,,,,2026-08-15 14:30:42
100350,2616,891,466,PENDING_PAYMENT,8.0,EXPRESS,,,1774,SF,,2026-08-13 03:53:42
100351,2233,169,31,PENDING_PAYMENT,100.0,MEETUP,26,18:00-19:00,,,,2026-08-15 07:46:42
100352,1930,569,714,PENDING_PAYMENT,5.0,EXPRESS,,,1148,SF,,2026-08-08 03:04:42
100353,488,786,954,PENDING_PAYMENT,1.0,MEETUP,1,18:00-19:00,,,,2026-08-12 07:52:42
100354,3333,653,17,PENDING_PAYMENT,3.0,MEETUP,26,18:00-19:00,,,,2026-08-09 06:40:42
100355,1696,528,480,PENDING_PAYMENT,20.0,MEETUP,6,17:00-18:00,,,,2026-08-11 09:14:42
100356,1586,993,479,PENDING_PAYMENT,5.0,MEETUP,14,12:00-13:00,,,,2026-08-10 14:55:42
100357,1693,506,480,PENDING_PAYMENT,25.0,EXPRESS,,,1027,SF,,2026-08-13 22:04:42
100358,320,646,403,PENDING_PAYMENT,120.0,EXPRESS,,,1285,SF,,2026-08-09 11:25:42
100359,1945,922,783,PENDING_PAYMENT,20.0,EXPRESS,,,1840,SF,,2026-08-08 17:40:42
100360,742,445,163,PENDING_PAYMENT,60.0,EXPRESS,,,906,SF,,2026-08-16 04:10:42
100361,4967,15,55,PENDING_PAYMENT,50.0,EXPRESS,,,33,SF,,2026-08-10 18:53:42
100362,2758,344,702,PENDING_PAYMENT,100.0,MEETUP,24,12:00-13:00,,,,2026-08-07 00:38:42
100363,4700,193,811,PENDING_PAYMENT,20.0,EXPRESS,,,403,SF,,2026-08-06 20:17:42
100364,554,669,247,PENDING_PAYMENT,30.0,EXPRESS,,,1334,SF,,2026-08-10 23:53:42
100365,1530,810,750,PENDING_PAYMENT,80.0,EXPRESS,,,1613,SF,,2026-08-08 14:29:42
100366,1417,143,238,PENDING_PAYMENT,100.0,EXPRESS,,,294,SF,,2026-08-11 03:59:42
100367,2496,903,61,PENDING_PAYMENT,1.0,MEETUP,20,18:00-19:00,,,,2026-08-10 22:01:42
100368,357,534,982,PENDING_PAYMENT,60.0,MEETUP,14,19:00-20:00,,,,2026-08-16 11:29:42
100369,1909,273,171,PENDING_PAYMENT,5.0,MEETUP,19,12:00-13:00,,,,2026-08-10 15:57:42
100370,3409,580,596,PENDING_PAYMENT,30.0,MEETUP,4,17:00-18:00,,,,2026-08-13 11:31:42
100371,1645,299,353,PENDING_PAYMENT,15.0,EXPRESS,,,620,SF,,2026-08-08 18:38:42
100372,1799,194,719,PENDING_PAYMENT,120.0,MEETUP,24,19:00-20:00,,,,2026-08-12 10:38:42
100373,3068,803,896,PENDING_PAYMENT,5.0,MEETUP,13,18:00-19:00,,,,2026-08-07 10:29:42
100374,786,810,999,PENDING_PAYMENT,100.0,EXPRESS,,,1611,SF,,2026-08-08 05:20:42
100375,929,336,149,PENDING_PAYMENT,50.0,MEETUP,12,19:00-20:00,,,,2026-08-09 09:14:42
100376,150,646,72,PENDING_PAYMENT,3.0,EXPRESS,,,1286,SF,,2026-08-07 15:27:42
100377,240,434,479,PENDING_PAYMENT,10.0,MEETUP,22,12:00-13:00,,,,2026-08-14 07:27:42
100378,509,403,389,PENDING_PAYMENT,2.0,MEETUP,5,17:00-18:00,,,,2026-08-14 09:57:42
100379,4506,599,525,PENDING_PAYMENT,50.0,EXPRESS,,,1196,SF,,2026-08-12 03:52:42
100380,3357,500,313,PENDING_PAYMENT,1.0,EXPRESS,,,1013,SF,,2026-08-11 17:05:42
100381,150,794,72,PENDING_PAYMENT,3.0,MEETUP,6,12:00-13:00,,,,2026-08-06 19:27:42
100382,3652,941,920,PENDING_PAYMENT,15.0,EXPRESS,,,1885,SF,,2026-08-09 18:14:42
100383,2542,707,535,PENDING_PAYMENT,12.0,EXPRESS,,,1409,SF,,2026-08-15 06:34:42
100384,3264,72,229,PENDING_PAYMENT,100.0,MEETUP,10,19:00-20:00,,,,2026-08-10 14:34:42
100385,3377,596,192,PENDING_PAYMENT,200.0,EXPRESS,,,1189,SF,,2026-08-14 07:51:42
100386,3457,812,856,PENDING_PAYMENT,80.0,MEETUP,17,12:00-13:00,,,,2026-08-14 05:57:42
100387,895,806,803,PENDING_PAYMENT,8.0,EXPRESS,,,1605,SF,,2026-08-14 01:57:42
100388,2396,512,49,PENDING_PAYMENT,1.0,EXPRESS,,,1045,SF,,2026-08-07 03:22:42
100389,2817,908,926,PENDING_PAYMENT,25.0,MEETUP,7,19:00-20:00,,,,2026-08-08 16:17:42
100390,2246,922,229,PENDING_PAYMENT,2.0,MEETUP,21,18:00-19:00,,,,2026-08-11 19:31:42
100391,1901,930,955,PENDING_PAYMENT,120.0,EXPRESS,,,1860,SF,,2026-08-15 19:15:42
100392,1099,955,286,PENDING_PAYMENT,1.0,EXPRESS,,,1910,SF,,2026-08-07 16:27:42
100393,834,274,805,PENDING_PAYMENT,15.0,MEETUP,4,17:00-18:00,,,,2026-08-15 13:16:42
100394,334,1000,957,PENDING_PAYMENT,5.0,EXPRESS,,,1995,SF,,2026-08-15 00:43:42
100395,3202,649,904,PENDING_PAYMENT,1.0,MEETUP,13,17:00-18:00,,,,2026-08-15 11:11:42
100396,2470,600,695,PENDING_PAYMENT,2.0,EXPRESS,,,1199,SF,,2026-08-16 04:23:42
100397,565,737,928,PENDING_PAYMENT,50.0,MEETUP,20,18:00-19:00,,,,2026-08-14 15:18:42
100398,1935,558,813,PENDING_PAYMENT,60.0,EXPRESS,,,1124,SF,,2026-08-14 12:56:42
100399,1788,125,904,PENDING_PAYMENT,25.0,MEETUP,10,17:00-18:00,,,,2026-08-13 16:50:42
100400,2970,894,540,PENDING_PAYMENT,25.0,EXPRESS,,,1780,SF,,2026-08-06 20:27:42
100401,70,264,109,PENDING_PAYMENT,15.0,MEETUP,3,17:00-18:00,,,,2026-08-16 06:13:42
100402,292,322,233,PENDING_PAYMENT,20.0,MEETUP,19,18:00-19:00,,,,2026-08-12 11:07:42
100403,1368,927,151,PENDING_PAYMENT,10.0,EXPRESS,,,1854,SF,,2026-08-15 14:02:42
100404,4894,681,866,PENDING_PAYMENT,80.0,MEETUP,18,19:00-20:00,,,,2026-08-08 02:38:42
100405,1654,79,803,PENDING_PAYMENT,150.0,MEETUP,15,18:00-19:00,,,,2026-08-07 16:39:42
100406,4322,462,892,PENDING_PAYMENT,80.0,EXPRESS,,,943,SF,,2026-08-14 04:42:42
100407,38,899,203,PENDING_PAYMENT,25.0,MEETUP,19,17:00-18:00,,,,2026-08-16 15:21:42
100408,4600,899,616,PENDING_PAYMENT,60.0,EXPRESS,,,1790,SF,,2026-08-09 22:02:42
100409,4903,764,103,PENDING_PAYMENT,150.0,MEETUP,5,17:00-18:00,,,,2026-08-12 17:50:42
100410,943,387,993,PENDING_PAYMENT,200.0,MEETUP,27,12:00-13:00,,,,2026-08-15 05:21:42
100411,283,960,47,PENDING_PAYMENT,200.0,EXPRESS,,,1924,SF,,2026-08-14 02:49:42
100412,4705,475,347,PENDING_PAYMENT,15.0,EXPRESS,,,965,SF,,2026-08-16 04:24:42
100413,1232,76,731,PENDING_PAYMENT,30.0,MEETUP,14,19:00-20:00,,,,2026-08-10 22:52:42
100414,2739,436,796,PENDING_PAYMENT,3.0,EXPRESS,,,889,SF,,2026-08-13 09:58:42
100415,189,52,188,PENDING_PAYMENT,100.0,MEETUP,14,19:00-20:00,,,,2026-08-15 05:51:42
100416,3725,139,868,PENDING_PAYMENT,120.0,EXPRESS,,,285,SF,,2026-08-11 11:12:42
100417,4639,952,759,PENDING_PAYMENT,15.0,EXPRESS,,,1905,SF,,2026-08-12 21:50:42
100418,3505,97,136,PENDING_PAYMENT,120.0,MEETUP,18,19:00-20:00,,,,2026-08-07 02:48:42
100419,2286,796,809,PENDING_PAYMENT,1.0,MEETUP,21,12:00-13:00,,,,2026-08-08 07:19:42
100420,1477,581,570,PENDING_PAYMENT,15.0,MEETUP,2,12:00-13:00,,,,2026-08-11 21:38:42
100421,4967,149,55,PENDING_PAYMENT,50.0,MEETUP,29,18:00-19:00,,,,2026-08-10 01:16:42
100422,3836,411,107,PENDING_PAYMENT,8.0,MEETUP,14,19:00-20:00,,,,2026-08-15 15:21:42
100423,3049,475,861,PENDING_PAYMENT,10.0,MEETUP,24,12:00-13:00,,,,2026-08-15 18:01:42
100424,4699,161,129,PENDING_PAYMENT,200.0,MEETUP,30,19:00-20:00,,,,2026-08-13 04:20:42
100425,3578,412,108,PENDING_PAYMENT,5.0,EXPRESS,,,836,SF,,2026-08-09 15:17:42
100426,2753,976,223,PENDING_PAYMENT,10.0,EXPRESS,,,1955,SF,,2026-08-14 00:53:42
100427,1564,272,568,PENDING_PAYMENT,25.0,MEETUP,21,17:00-18:00,,,,2026-08-08 05:04:42
100428,2569,74,721,PENDING_PAYMENT,100.0,EXPRESS,,,157,SF,,2026-08-08 20:57:42
100429,1885,665,16,PENDING_PAYMENT,20.0,EXPRESS,,,1326,SF,,2026-08-09 13:33:42
100430,4829,818,269,PENDING_PAYMENT,200.0,MEETUP,13,17:00-18:00,,,,2026-08-10 23:11:42
100431,1795,124,644,PENDING_PAYMENT,10.0,MEETUP,25,12:00-13:00,,,,2026-08-11 16:13:42
100432,382,32,859,PENDING_PAYMENT,30.0,MEETUP,6,17:00-18:00,,,,2026-08-12 01:56:42
100433,3544,97,243,PENDING_PAYMENT,200.0,MEETUP,22,12:00-13:00,,,,2026-08-15 18:43:42
100434,2674,931,410,PENDING_PAYMENT,3.0,MEETUP,15,19:00-20:00,,,,2026-08-15 16:58:42
100435,4833,95,438,PENDING_PAYMENT,20.0,MEETUP,2,18:00-19:00,,,,2026-08-10 21:18:42
100436,1881,524,270,PENDING_PAYMENT,200.0,EXPRESS,,,1068,SF,,2026-08-07 06:41:42
100437,4274,674,146,PENDING_PAYMENT,100.0,EXPRESS,,,1347,SF,,2026-08-13 08:09:42
100438,2258,883,726,PENDING_PAYMENT,25.0,EXPRESS,,,1754,SF,,2026-08-07 05:31:42
100439,1418,847,431,PENDING_PAYMENT,10.0,MEETUP,29,12:00-13:00,,,,2026-08-16 12:00:42
100440,3635,239,581,PENDING_PAYMENT,3.0,EXPRESS,,,498,SF,,2026-08-08 21:02:42
100441,2819,490,2,PENDING_PAYMENT,20.0,MEETUP,17,12:00-13:00,,,,2026-08-11 16:11:42
100442,4409,849,708,PENDING_PAYMENT,15.0,MEETUP,24,19:00-20:00,,,,2026-08-09 01:41:42
100443,1755,790,86,PENDING_PAYMENT,25.0,EXPRESS,,,1574,SF,,2026-08-10 16:37:42
100444,2481,407,111,PENDING_PAYMENT,120.0,EXPRESS,,,822,SF,,2026-08-11 04:33:42
100445,1820,69,482,PENDING_PAYMENT,1.0,MEETUP,29,12:00-13:00,,,,2026-08-14 05:00:42
100446,3506,978,985,PENDING_PAYMENT,100.0,EXPRESS,,,1959,SF,,2026-08-14 03:35:42
100447,3642,958,864,PENDING_PAYMENT,30.0,MEETUP,9,12:00-13:00,,,,2026-08-14 07:33:42
100448,1077,635,953,PENDING_PAYMENT,100.0,MEETUP,22,19:00-20:00,,,,2026-08-11 12:05:42
100449,4989,840,240,PENDING_PAYMENT,80.0,EXPRESS,,,1669,SF,,2026-08-12 04:39:42
100450,80,68,231,PENDING_PAYMENT,30.0,EXPRESS,,,145,SF,,2026-08-10 02:00:42
100451,2315,948,591,PENDING_PAYMENT,80.0,MEETUP,15,17:00-18:00,,,,2026-08-11 10:34:42
100452,1387,893,983,PENDING_PAYMENT,50.0,MEETUP,27,17:00-18:00,,,,2026-08-12 18:03:42
100453,1133,193,640,PENDING_PAYMENT,10.0,MEETUP,17,12:00-13:00,,,,2026-08-14 12:59:42
100454,4756,289,489,PENDING_PAYMENT,15.0,MEETUP,20,19:00-20:00,,,,2026-08-14 19:35:42
100455,297,110,493,PENDING_PAYMENT,200.0,MEETUP,5,17:00-18:00,,,,2026-08-07 09:48:42
100456,2529,679,572,PENDING_PAYMENT,8.0,MEETUP,22,12:00-13:00,,,,2026-08-16 00:36:42
100457,332,125,911,PENDING_PAYMENT,10.0,EXPRESS,,,256,SF,,2026-08-11 23:15:42
100458,800,581,797,PENDING_PAYMENT,3.0,MEETUP,30,17:00-18:00,,,,2026-08-14 09:19:42
100459,3032,838,35,PENDING_PAYMENT,20.0,MEETUP,4,12:00-13:00,,,,2026-08-06 20:28:42
100460,3699,32,940,PENDING_PAYMENT,12.0,MEETUP,29,18:00-19:00,,,,2026-08-07 16:51:42
100461,3393,592,531,PENDING_PAYMENT,1.0,MEETUP,26,18:00-19:00,,,,2026-08-08 22:20:42
100462,3711,475,499,PENDING_PAYMENT,12.0,EXPRESS,,,963,SF,,2026-08-07 03:38:42
100463,3189,452,717,PENDING_PAYMENT,80.0,MEETUP,30,12:00-13:00,,,,2026-08-09 14:48:42
100464,3979,864,419,PENDING_PAYMENT,12.0,MEETUP,3,17:00-18:00,,,,2026-08-08 23:05:42
100465,229,732,940,PENDING_PAYMENT,25.0,MEETUP,13,18:00-19:00,,,,2026-08-10 09:44:42
100466,4366,512,693,PENDING_PAYMENT,25.0,MEETUP,10,18:00-19:00,,,,2026-08-09 06:43:42
100467,2993,526,706,PENDING_PAYMENT,12.0,EXPRESS,,,1071,SF,,2026-08-15 16:50:42
100468,1763,375,393,PENDING_PAYMENT,120.0,EXPRESS,,,761,SF,,2026-08-11 01:31:42
100469,3849,281,959,PENDING_PAYMENT,8.0,EXPRESS,,,587,SF,,2026-08-12 09:41:42
100470,983,211,705,PENDING_PAYMENT,30.0,MEETUP,30,12:00-13:00,,,,2026-08-11 06:51:42
100471,1663,431,304,PENDING_PAYMENT,1.0,MEETUP,8,17:00-18:00,,,,2026-08-13 23:10:42
100472,281,726,304,PENDING_PAYMENT,5.0,EXPRESS,,,1444,SF,,2026-08-16 02:37:42
100473,3164,700,711,PENDING_PAYMENT,100.0,EXPRESS,,,1394,SF,,2026-08-16 03:47:42
100474,2358,833,277,PENDING_PAYMENT,8.0,MEETUP,25,12:00-13:00,,,,2026-08-08 03:16:42
100475,4956,495,706,PENDING_PAYMENT,150.0,MEETUP,26,19:00-20:00,,,,2026-08-07 18:21:42
100476,2082,571,619,PENDING_PAYMENT,25.0,MEETUP,11,17:00-18:00,,,,2026-08-09 04:11:42
100477,869,75,657,PENDING_PAYMENT,200.0,EXPRESS,,,158,SF,,2026-08-09 08:11:42
100478,116,477,489,PENDING_PAYMENT,200.0,MEETUP,25,19:00-20:00,,,,2026-08-15 11:44:42
100479,291,312,144,PENDING_PAYMENT,1.0,MEETUP,26,19:00-20:00,,,,2026-08-13 13:02:42
100480,1399,199,726,PENDING_PAYMENT,200.0,EXPRESS,,,416,SF,,2026-08-08 15:14:42
100481,4764,826,479,PENDING_PAYMENT,5.0,EXPRESS,,,1642,SF,,2026-08-07 16:04:42
100482,856,809,457,PENDING_PAYMENT,30.0,MEETUP,7,12:00-13:00,,,,2026-08-09 11:29:42
100483,3175,93,368,PENDING_PAYMENT,120.0,EXPRESS,,,196,SF,,2026-08-15 00:27:42
100484,4832,979,903,PENDING_PAYMENT,1.0,EXPRESS,,,1960,SF,,2026-08-08 16:31:42
100485,1419,411,378,PENDING_PAYMENT,2.0,EXPRESS,,,833,SF,,2026-08-15 10:51:42
100486,3552,815,866,PENDING_PAYMENT,60.0,MEETUP,14,18:00-19:00,,,,2026-08-07 03:53:42
100487,446,456,189,PENDING_PAYMENT,1.0,MEETUP,30,17:00-18:00,,,,2026-08-15 14:27:42
100488,600,684,542,PENDING_PAYMENT,2.0,MEETUP,3,18:00-19:00,,,,2026-08-14 23:04:42
100489,3639,911,378,PENDING_PAYMENT,50.0,MEETUP,20,19:00-20:00,,,,2026-08-14 04:41:42
100490,896,815,135,PENDING_PAYMENT,5.0,EXPRESS,,,1620,SF,,2026-08-13 10:19:42
100491,1227,568,551,PENDING_PAYMENT,60.0,EXPRESS,,,1144,SF,,2026-08-10 03:22:42
100492,3393,753,531,PENDING_PAYMENT,1.0,MEETUP,27,19:00-20:00,,,,2026-08-08 10:55:42
100493,2655,308,363,PENDING_PAYMENT,100.0,EXPRESS,,,635,SF,,2026-08-14 18:29:42
100494,868,130,531,PENDING_PAYMENT,10.0,EXPRESS,,,268,SF,,2026-08-09 11:25:42
100495,104,109,261,PENDING_PAYMENT,1.0,EXPRESS,,,224,SF,,2026-08-06 21:01:42
100496,4115,468,333,PENDING_PAYMENT,50.0,EXPRESS,,,952,SF,,2026-08-11 02:14:42
100497,4980,764,490,PENDING_PAYMENT,5.0,MEETUP,25,19:00-20:00,,,,2026-08-08 15:09:42
100498,1191,704,991,PENDING_PAYMENT,5.0,EXPRESS,,,1406,SF,,2026-08-08 11:42:42
100499,4616,702,208,PENDING_PAYMENT,8.0,MEETUP,19,19:00-20:00,,,,2026-08-07 12:29:42
100500,4109,431,374,PENDING_PAYMENT,200.0,EXPRESS,,,880,SF,,2026-08-15 08:51:42
100501,661,932,268,PENDING_PAYMENT,12.0,MEETUP,23,19:00-20:00,,,,2026-08-15 18:18:42
100502,543,742,655,PENDING_PAYMENT,12.0,MEETUP,17,17:00-18:00,,,,2026-08-09 03:35:42
100503,3093,675,375,PENDING_PAYMENT,1.0,EXPRESS,,,1349,SF,,2026-08-07 00:04:42
100504,4592,720,987,PENDING_PAYMENT,80.0,MEETUP,16,19:00-20:00,,,,2026-08-09 11:04:42
100505,1285,432,709,PENDING_PAYMENT,25.0,EXPRESS,,,882,SF,,2026-08-09 21:29:42
100506,3688,454,739,PENDING_PAYMENT,1.0,MEETUP,1,12:00-13:00,,,,2026-08-12 14:03:42
100507,1656,349,490,PENDING_PAYMENT,25.0,MEETUP,16,18:00-19:00,,,,2026-08-13 09:53:42
100508,3750,75,252,PENDING_PAYMENT,10.0,EXPRESS,,,158,SF,,2026-08-09 06:28:42
100509,2126,493,230,PENDING_PAYMENT,150.0,EXPRESS,,,1002,SF,,2026-08-15 22:35:42
100510,3145,257,421,PENDING_PAYMENT,80.0,MEETUP,8,12:00-13:00,,,,2026-08-16 06:30:42
100511,3223,934,728,PENDING_PAYMENT,50.0,MEETUP,24,17:00-18:00,,,,2026-08-06 20:00:42
100512,4064,147,163,PENDING_PAYMENT,30.0,EXPRESS,,,305,SF,,2026-08-15 12:09:42
100513,2906,892,621,PENDING_PAYMENT,200.0,EXPRESS,,,1775,SF,,2026-08-07 00:52:42
100514,624,673,14,PENDING_PAYMENT,25.0,EXPRESS,,,1344,SF,,2026-08-10 01:51:42
100515,480,906,391,PENDING_PAYMENT,5.0,EXPRESS,,,1806,SF,,2026-08-06 19:32:42
100516,11,985,743,PENDING_PAYMENT,10.0,MEETUP,21,19:00-20:00,,,,2026-08-12 21:05:42
100517,1206,441,769,PENDING_PAYMENT,120.0,MEETUP,8,19:00-20:00,,,,2026-08-11 18:34:42
100518,2408,215,305,PENDING_PAYMENT,15.0,MEETUP,6,19:00-20:00,,,,2026-08-16 13:25:42
100519,4589,281,30,PENDING_PAYMENT,150.0,EXPRESS,,,588,SF,,2026-08-14 09:01:42
100520,456,385,127,PENDING_PAYMENT,120.0,MEETUP,15,18:00-19:00,,,,2026-08-06 19:39:42
100521,2921,538,628,PENDING_PAYMENT,100.0,EXPRESS,,,1090,SF,,2026-08-14 12:07:42
100522,150,483,72,PENDING_PAYMENT,3.0,MEETUP,2,18:00-19:00,,,,2026-08-10 09:53:42
100523,184,423,195,PENDING_PAYMENT,15.0,EXPRESS,,,865,SF,,2026-08-15 07:22:42
100524,3154,508,104,PENDING_PAYMENT,5.0,EXPRESS,,,1034,SF,,2026-08-14 09:09:42
100525,186,649,292,PENDING_PAYMENT,15.0,EXPRESS,,,1293,SF,,2026-08-15 08:07:42
100526,3030,917,775,PENDING_PAYMENT,15.0,MEETUP,15,18:00-19:00,,,,2026-08-09 05:39:42
100527,2509,592,454,PENDING_PAYMENT,10.0,EXPRESS,,,1182,SF,,2026-08-07 13:49:42
100528,2492,569,504,PENDING_PAYMENT,30.0,MEETUP,19,19:00-20:00,,,,2026-08-12 13:01:42
100529,2257,734,435,PENDING_PAYMENT,50.0,MEETUP,28,18:00-19:00,,,,2026-08-13 06:32:42
100530,2383,763,761,PENDING_PAYMENT,5.0,EXPRESS,,,1529,SF,,2026-08-07 16:10:42
100531,3492,52,154,PENDING_PAYMENT,50.0,MEETUP,21,17:00-18:00,,,,2026-08-14 14:28:42
100532,2711,931,378,PENDING_PAYMENT,30.0,EXPRESS,,,1861,SF,,2026-08-06 23:45:42
100533,3441,385,454,PENDING_PAYMENT,8.0,MEETUP,10,17:00-18:00,,,,2026-08-11 20:09:42
100534,797,912,800,PENDING_PAYMENT,20.0,EXPRESS,,,1820,SF,,2026-08-15 09:22:42
100535,348,551,494,PENDING_PAYMENT,200.0,EXPRESS,,,1111,SF,,2026-08-08 06:49:42
100536,2448,418,445,PENDING_PAYMENT,15.0,MEETUP,22,12:00-13:00,,,,2026-08-15 00:41:42
100537,3125,552,898,PENDING_PAYMENT,100.0,EXPRESS,,,1113,SF,,2026-08-09 10:50:42
100538,1397,929,347,PENDING_PAYMENT,10.0,MEETUP,23,19:00-20:00,,,,2026-08-10 03:55:42
100539,2054,274,949,PENDING_PAYMENT,20.0,EXPRESS,,,570,SF,,2026-08-15 01:31:42
100540,4627,304,481,PENDING_PAYMENT,3.0,MEETUP,8,12:00-13:00,,,,2026-08-12 17:21:42
100541,429,520,431,PENDING_PAYMENT,12.0,EXPRESS,,,1057,SF,,2026-08-07 20:41:42
100542,2601,746,29,PENDING_PAYMENT,2.0,EXPRESS,,,1486,SF,,2026-08-09 15:37:42
100543,1508,479,237,PENDING_PAYMENT,1.0,MEETUP,19,17:00-18:00,,,,2026-08-14 23:50:42
100544,1497,952,327,PENDING_PAYMENT,80.0,MEETUP,5,18:00-19:00,,,,2026-08-07 08:41:42
100545,2745,220,119,PENDING_PAYMENT,10.0,MEETUP,24,18:00-19:00,,,,2026-08-15 13:00:42
100546,3474,425,810,PENDING_PAYMENT,60.0,EXPRESS,,,869,SF,,2026-08-16 05:20:42
100547,2675,402,38,PENDING_PAYMENT,200.0,EXPRESS,,,811,SF,,2026-08-07 18:10:42
100548,1248,528,24,PENDING_PAYMENT,12.0,EXPRESS,,,1075,SF,,2026-08-15 16:02:42
100549,632,733,367,PENDING_PAYMENT,150.0,MEETUP,21,17:00-18:00,,,,2026-08-16 16:33:42
100550,277,159,512,PENDING_PAYMENT,60.0,EXPRESS,,,331,SF,,2026-08-11 07:00:42
100551,2084,738,776,PENDING_PAYMENT,80.0,MEETUP,15,19:00-20:00,,,,2026-08-14 22:38:42
100552,530,915,634,PENDING_PAYMENT,60.0,MEETUP,10,18:00-19:00,,,,2026-08-14 02:21:42
100553,3865,417,500,PENDING_PAYMENT,5.0,EXPRESS,,,849,SF,,2026-08-10 02:23:42
100554,176,826,255,PENDING_PAYMENT,60.0,MEETUP,23,18:00-19:00,,,,2026-08-06 20:35:42
100555,1280,390,738,PENDING_PAYMENT,30.0,MEETUP,11,12:00-13:00,,,,2026-08-08 07:02:42
100556,2403,752,959,PENDING_PAYMENT,5.0,EXPRESS,,,1501,SF,,2026-08-15 12:24:42
100557,1191,835,991,PENDING_PAYMENT,5.0,MEETUP,4,17:00-18:00,,,,2026-08-14 12:51:42
100558,2482,269,170,PENDING_PAYMENT,3.0,EXPRESS,,,558,SF,,2026-08-10 05:23:42
100559,272,180,715,PENDING_PAYMENT,150.0,EXPRESS,,,377,SF,,2026-08-12 01:34:42
100560,4618,721,609,PENDING_PAYMENT,200.0,EXPRESS,,,1436,SF,,2026-08-14 05:33:42
100561,4007,39,792,PENDING_PAYMENT,15.0,MEETUP,12,19:00-20:00,,,,2026-08-14 02:11:42
100562,2374,291,887,PENDING_PAYMENT,12.0,MEETUP,29,17:00-18:00,,,,2026-08-06 22:53:42
100563,4434,91,802,PENDING_PAYMENT,15.0,MEETUP,14,12:00-13:00,,,,2026-08-07 05:44:42
100564,2017,579,510,PENDING_PAYMENT,5.0,EXPRESS,,,1162,SF,,2026-08-15 12:31:42
100565,763,333,660,PENDING_PAYMENT,1.0,MEETUP,1,12:00-13:00,,,,2026-08-13 03:39:42
100566,4685,703,851,PENDING_PAYMENT,30.0,MEETUP,4,17:00-18:00,,,,2026-08-15 23:29:42
100567,4200,798,974,PENDING_PAYMENT,8.0,EXPRESS,,,1590,SF,,2026-08-15 20:10:42
100568,4065,478,775,PENDING_PAYMENT,5.0,EXPRESS,,,970,SF,,2026-08-15 07:32:42
100569,2708,395,631,PENDING_PAYMENT,200.0,MEETUP,23,17:00-18:00,,,,2026-08-06 21:37:42
100570,4070,427,857,PENDING_PAYMENT,50.0,EXPRESS,,,874,SF,,2026-08-07 16:08:42
100571,2311,855,690,PENDING_PAYMENT,25.0,EXPRESS,,,1698,SF,,2026-08-08 07:16:42
100572,57,594,668,PENDING_PAYMENT,25.0,EXPRESS,,,1185,SF,,2026-08-06 19:20:42
100573,238,601,64,PENDING_PAYMENT,2.0,EXPRESS,,,1201,SF,,2026-08-11 06:54:42
100574,1763,842,393,PENDING_PAYMENT,120.0,MEETUP,13,19:00-20:00,,,,2026-08-13 19:11:42
100575,2787,751,122,PENDING_PAYMENT,50.0,MEETUP,2,17:00-18:00,,,,2026-08-15 07:01:42
100576,2033,26,23,PENDING_PAYMENT,30.0,EXPRESS,,,54,SF,,2026-08-13 11:55:42
100577,1329,283,563,PENDING_PAYMENT,30.0,EXPRESS,,,591,SF,,2026-08-09 05:13:42
100578,3441,567,454,PENDING_PAYMENT,8.0,EXPRESS,,,1142,SF,,2026-08-10 09:50:42
100579,464,521,887,PENDING_PAYMENT,100.0,MEETUP,20,12:00-13:00,,,,2026-08-16 03:14:42
100580,1279,919,865,PENDING_PAYMENT,100.0,EXPRESS,,,1836,SF,,2026-08-14 13:37:42
100581,4319,347,148,PENDING_PAYMENT,80.0,EXPRESS,,,706,SF,,2026-08-10 22:27:42
100582,295,962,826,PENDING_PAYMENT,150.0,MEETUP,9,17:00-18:00,,,,2026-08-12 00:50:42
100583,3597,827,869,PENDING_PAYMENT,15.0,MEETUP,22,12:00-13:00,,,,2026-08-16 11:14:42
100584,2808,837,790,PENDING_PAYMENT,100.0,EXPRESS,,,1662,SF,,2026-08-11 01:41:42
100585,1797,988,2,PENDING_PAYMENT,150.0,EXPRESS,,,1974,SF,,2026-08-12 22:24:42
100586,2330,503,181,PENDING_PAYMENT,2.0,EXPRESS,,,1019,SF,,2026-08-10 12:30:42
100587,4576,981,505,PENDING_PAYMENT,20.0,EXPRESS,,,1963,SF,,2026-08-06 23:00:42
100588,1508,520,237,PENDING_PAYMENT,1.0,EXPRESS,,,1057,SF,,2026-08-10 00:14:42
100589,1905,258,874,PENDING_PAYMENT,8.0,MEETUP,3,18:00-19:00,,,,2026-08-14 07:29:42
100590,2204,810,734,PENDING_PAYMENT,120.0,MEETUP,21,19:00-20:00,,,,2026-08-11 17:28:42
100591,2432,217,24,PENDING_PAYMENT,200.0,MEETUP,27,12:00-13:00,,,,2026-08-11 09:52:42
100592,3311,584,369,PENDING_PAYMENT,8.0,EXPRESS,,,1171,SF,,2026-08-15 10:23:42
100593,1154,395,193,PENDING_PAYMENT,20.0,MEETUP,15,17:00-18:00,,,,2026-08-11 05:07:42
100594,2020,939,442,PENDING_PAYMENT,5.0,MEETUP,2,12:00-13:00,,,,2026-08-06 22:46:42
100595,1271,286,550,PENDING_PAYMENT,5.0,MEETUP,3,19:00-20:00,,,,2026-08-09 15:32:42
100596,2884,721,723,PENDING_PAYMENT,200.0,MEETUP,14,19:00-20:00,,,,2026-08-13 15:10:42
100597,3961,813,636,PENDING_PAYMENT,15.0,EXPRESS,,,1616,SF,,2026-08-15 15:34:42
100598,1084,105,614,PENDING_PAYMENT,10.0,MEETUP,27,19:00-20:00,,,,2026-08-07 11:29:42
100599,59,592,688,PENDING_PAYMENT,50.0,EXPRESS,,,1182,SF,,2026-08-09 12:00:42
100600,3039,373,194,PENDING_PAYMENT,150.0,MEETUP,8,12:00-13:00,,,,2026-08-16 11:15:42
100601,4658,552,598,PENDING_PAYMENT,200.0,EXPRESS,,,1113,SF,,2026-08-13 08:17:42
100602,2417,103,621,PENDING_PAYMENT,8.0,MEETUP,8,12:00-13:00,,,,2026-08-09 07:31:42
100603,3681,309,916,PENDING_PAYMENT,5.0,EXPRESS,,,637,SF,,2026-08-08 19:24:42
100604,296,623,440,PENDING_PAYMENT,5.0,EXPRESS,,,1240,SF,,2026-08-14 14:32:42
100605,3389,214,85,PENDING_PAYMENT,30.0,EXPRESS,,,449,SF,,2026-08-10 18:43:42
100606,897,159,322,PENDING_PAYMENT,120.0,MEETUP,25,12:00-13:00,,,,2026-08-12 10:47:42
100607,1572,555,691,PENDING_PAYMENT,1.0,MEETUP,10,18:00-19:00,,,,2026-08-12 17:40:42
100608,1131,489,212,PENDING_PAYMENT,10.0,EXPRESS,,,996,SF,,2026-08-11 10:28:42
100609,2058,188,457,PENDING_PAYMENT,1.0,MEETUP,12,18:00-19:00,,,,2026-08-07 14:00:42
100610,1118,512,154,PENDING_PAYMENT,5.0,MEETUP,29,17:00-18:00,,,,2026-08-16 03:36:42
100611,2252,81,900,PENDING_PAYMENT,50.0,MEETUP,10,19:00-20:00,,,,2026-08-13 23:03:42
100612,3989,521,593,PENDING_PAYMENT,60.0,MEETUP,5,18:00-19:00,,,,2026-08-11 12:22:42
100613,946,776,303,PENDING_PAYMENT,8.0,MEETUP,25,12:00-13:00,,,,2026-08-10 05:04:42
100614,469,879,130,PENDING_PAYMENT,12.0,EXPRESS,,,1748,SF,,2026-08-15 20:00:42
100615,225,756,9,PENDING_PAYMENT,120.0,MEETUP,24,19:00-20:00,,,,2026-08-07 19:27:42
100616,344,68,450,PENDING_PAYMENT,3.0,EXPRESS,,,145,SF,,2026-08-15 07:11:42
100617,712,546,311,PENDING_PAYMENT,1.0,EXPRESS,,,1102,SF,,2026-08-12 10:05:42
100618,342,64,393,PENDING_PAYMENT,100.0,MEETUP,11,18:00-19:00,,,,2026-08-12 22:50:42
100619,1326,131,297,PENDING_PAYMENT,12.0,MEETUP,23,19:00-20:00,,,,2026-08-12 00:44:42
100620,1816,160,813,PENDING_PAYMENT,10.0,EXPRESS,,,332,SF,,2026-08-11 22:36:42
100621,2941,895,15,PENDING_PAYMENT,100.0,MEETUP,29,17:00-18:00,,,,2026-08-07 23:58:42
100622,1711,312,248,PENDING_PAYMENT,200.0,EXPRESS,,,642,SF,,2026-08-11 23:18:42
100623,2627,188,358,PENDING_PAYMENT,8.0,MEETUP,5,18:00-19:00,,,,2026-08-12 19:25:42
100624,3895,662,153,PENDING_PAYMENT,20.0,EXPRESS,,,1321,SF,,2026-08-13 22:29:42
100625,3622,65,201,PENDING_PAYMENT,3.0,EXPRESS,,,139,SF,,2026-08-08 10:40:42
100626,2818,125,353,PENDING_PAYMENT,2.0,EXPRESS,,,256,SF,,2026-08-11 19:12:42
100627,3315,138,96,PENDING_PAYMENT,2.0,EXPRESS,,,282,SF,,2026-08-11 08:41:42
100628,4123,973,840,PENDING_PAYMENT,10.0,EXPRESS,,,1948,SF,,2026-08-11 01:23:42
100629,2771,586,624,PENDING_PAYMENT,2.0,MEETUP,24,12:00-13:00,,,,2026-08-13 10:25:42
100630,3762,701,749,PENDING_PAYMENT,50.0,EXPRESS,,,1397,SF,,2026-08-07 00:33:42
100631,4546,343,582,PENDING_PAYMENT,120.0,MEETUP,23,12:00-13:00,,,,2026-08-15 16:41:42
100632,448,825,832,PENDING_PAYMENT,30.0,MEETUP,5,12:00-13:00,,,,2026-08-14 15:01:42
100633,3497,104,789,PENDING_PAYMENT,15.0,EXPRESS,,,215,SF,,2026-08-14 07:50:42
100634,4708,467,950,PENDING_PAYMENT,12.0,MEETUP,27,12:00-13:00,,,,2026-08-16 14:05:42
100635,4925,530,705,PENDING_PAYMENT,30.0,MEETUP,7,12:00-13:00,,,,2026-08-14 05:35:42
100636,1158,669,329,PENDING_PAYMENT,5.0,MEETUP,1,12:00-13:00,,,,2026-08-09 09:04:42
100637,4477,562,262,PENDING_PAYMENT,2.0,EXPRESS,,,1131,SF,,2026-08-16 07:39:42
100638,4284,299,558,PENDING_PAYMENT,200.0,MEETUP,9,17:00-18:00,,,,2026-08-08 17:52:42
100639,4439,955,31,PENDING_PAYMENT,3.0,EXPRESS,,,1911,SF,,2026-08-10 08:22:42
100640,633,323,795,PENDING_PAYMENT,10.0,MEETUP,20,17:00-18:00,,,,2026-08-10 14:46:42
100641,1980,790,547,PENDING_PAYMENT,15.0,MEETUP,30,17:00-18:00,,,,2026-08-10 10:06:42
100642,3518,587,955,PENDING_PAYMENT,3.0,EXPRESS,,,1174,SF,,2026-08-06 21:36:42
100643,3531,949,370,PENDING_PAYMENT,2.0,EXPRESS,,,1899,SF,,2026-08-16 07:36:42
100644,4285,571,880,PENDING_PAYMENT,50.0,EXPRESS,,,1150,SF,,2026-08-09 12:46:42
100645,3017,475,423,PENDING_PAYMENT,12.0,MEETUP,14,17:00-18:00,,,,2026-08-06 21:52:42
100646,3940,922,270,PENDING_PAYMENT,15.0,EXPRESS,,,1839,SF,,2026-08-09 23:47:42
100647,2986,191,684,PENDING_PAYMENT,3.0,MEETUP,30,17:00-18:00,,,,2026-08-15 23:16:42
100648,3317,428,661,PENDING_PAYMENT,100.0,MEETUP,15,17:00-18:00,,,,2026-08-11 17:24:42
100649,93,72,455,PENDING_PAYMENT,1.0,MEETUP,25,12:00-13:00,,,,2026-08-16 01:37:42
100650,375,488,337,PENDING_PAYMENT,60.0,EXPRESS,,,995,SF,,2026-08-08 13:47:42
100651,1194,491,873,PENDING_PAYMENT,10.0,MEETUP,22,18:00-19:00,,,,2026-08-08 08:18:42
100652,1834,904,18,PENDING_PAYMENT,8.0,MEETUP,16,18:00-19:00,,,,2026-08-08 03:23:42
100653,3961,211,636,PENDING_PAYMENT,15.0,EXPRESS,,,442,SF,,2026-08-11 11:21:42
100654,3244,933,588,PENDING_PAYMENT,80.0,EXPRESS,,,1866,SF,,2026-08-09 03:57:42
100655,100,693,896,PENDING_PAYMENT,30.0,MEETUP,28,19:00-20:00,,,,2026-08-13 04:19:42
100656,3317,960,661,PENDING_PAYMENT,100.0,EXPRESS,,,1924,SF,,2026-08-08 17:43:42
100657,3349,454,568,PENDING_PAYMENT,5.0,MEETUP,23,18:00-19:00,,,,2026-08-09 19:32:42
100658,271,91,674,PENDING_PAYMENT,120.0,MEETUP,7,18:00-19:00,,,,2026-08-09 02:46:42
100659,1429,202,583,PENDING_PAYMENT,1.0,EXPRESS,,,424,SF,,2026-08-16 01:41:42
100660,2508,50,472,PENDING_PAYMENT,25.0,EXPRESS,,,108,SF,,2026-08-10 14:16:42
100661,3020,693,590,PENDING_PAYMENT,80.0,MEETUP,13,18:00-19:00,,,,2026-08-12 16:38:42
100662,4414,875,34,PENDING_PAYMENT,15.0,EXPRESS,,,1739,SF,,2026-08-08 22:37:42
100663,2776,584,719,PENDING_PAYMENT,150.0,EXPRESS,,,1170,SF,,2026-08-08 01:41:42
100664,3106,528,809,PENDING_PAYMENT,10.0,MEETUP,18,12:00-13:00,,,,2026-08-07 12:45:42
100665,162,450,901,PENDING_PAYMENT,10.0,EXPRESS,,,916,SF,,2026-08-11 19:22:42
100666,533,488,950,PENDING_PAYMENT,100.0,EXPRESS,,,994,SF,,2026-08-14 08:02:42
100667,1886,616,794,PENDING_PAYMENT,1.0,MEETUP,21,17:00-18:00,,,,2026-08-11 08:47:42
100668,2630,29,912,PENDING_PAYMENT,20.0,MEETUP,25,17:00-18:00,,,,2026-08-16 01:19:42
100669,3818,945,201,PENDING_PAYMENT,80.0,MEETUP,24,19:00-20:00,,,,2026-08-10 17:13:42
100670,1430,482,286,PENDING_PAYMENT,5.0,EXPRESS,,,976,SF,,2026-08-13 11:47:42
100671,931,859,858,PENDING_PAYMENT,20.0,EXPRESS,,,1707,SF,,2026-08-10 12:53:42
100672,1615,724,105,PENDING_PAYMENT,12.0,MEETUP,17,18:00-19:00,,,,2026-08-07 19:00:42
100673,3516,477,991,PENDING_PAYMENT,100.0,EXPRESS,,,967,SF,,2026-08-10 18:37:42
100674,4128,702,541,PENDING_PAYMENT,120.0,MEETUP,8,19:00-20:00,,,,2026-08-13 19:20:42
100675,936,955,203,PENDING_PAYMENT,15.0,EXPRESS,,,1911,SF,,2026-08-16 04:56:42
100676,326,705,723,PENDING_PAYMENT,200.0,EXPRESS,,,1407,SF,,2026-08-15 01:04:42
100677,4187,530,855,PENDING_PAYMENT,25.0,MEETUP,22,19:00-20:00,,,,2026-08-06 22:11:42
100678,2830,74,361,PENDING_PAYMENT,150.0,MEETUP,3,12:00-13:00,,,,2026-08-12 13:19:42
100679,3330,459,35,PENDING_PAYMENT,100.0,MEETUP,25,12:00-13:00,,,,2026-08-09 10:30:42
100680,4492,745,852,PENDING_PAYMENT,3.0,EXPRESS,,,1482,SF,,2026-08-08 06:37:42
100681,3186,858,1,PENDING_PAYMENT,5.0,MEETUP,2,19:00-20:00,,,,2026-08-07 20:07:42
100682,811,176,586,PENDING_PAYMENT,5.0,EXPRESS,,,367,SF,,2026-08-07 10:16:42
100683,1003,483,399,PENDING_PAYMENT,20.0,EXPRESS,,,980,SF,,2026-08-11 01:58:42
100684,4528,522,231,PENDING_PAYMENT,2.0,MEETUP,8,12:00-13:00,,,,2026-08-09 20:46:42
100685,3954,36,557,PENDING_PAYMENT,120.0,EXPRESS,,,76,SF,,2026-08-15 09:14:42
100686,975,535,641,PENDING_PAYMENT,15.0,EXPRESS,,,1087,SF,,2026-08-14 11:40:42
100687,1691,545,978,PENDING_PAYMENT,80.0,MEETUP,4,19:00-20:00,,,,2026-08-09 13:18:42
100688,385,36,581,PENDING_PAYMENT,12.0,MEETUP,15,17:00-18:00,,,,2026-08-11 22:24:42
100689,484,757,50,PENDING_PAYMENT,80.0,EXPRESS,,,1512,SF,,2026-08-07 07:50:42
100690,1603,54,9,PENDING_PAYMENT,3.0,EXPRESS,,,118,SF,,2026-08-11 07:46:42
100691,4911,36,786,PENDING_PAYMENT,2.0,MEETUP,7,18:00-19:00,,,,2026-08-07 13:15:42
100692,166,980,116,PENDING_PAYMENT,3.0,EXPRESS,,,1962,SF,,2026-08-16 01:43:42
100693,4764,699,479,PENDING_PAYMENT,5.0,MEETUP,27,17:00-18:00,,,,2026-08-10 11:04:42
100694,18,963,655,PENDING_PAYMENT,80.0,MEETUP,2,19:00-20:00,,,,2026-08-08 11:15:42
100695,4072,68,791,PENDING_PAYMENT,3.0,EXPRESS,,,145,SF,,2026-08-13 19:17:42
100696,2257,799,435,PENDING_PAYMENT,50.0,EXPRESS,,,1592,SF,,2026-08-13 21:57:42
100697,2892,662,306,PENDING_PAYMENT,3.0,EXPRESS,,,1321,SF,,2026-08-14 12:43:42
100698,962,702,193,PENDING_PAYMENT,2.0,EXPRESS,,,1399,SF,,2026-08-13 17:21:42
100699,4921,190,290,PENDING_PAYMENT,25.0,EXPRESS,,,397,SF,,2026-08-12 21:50:42
100700,716,299,917,PENDING_PAYMENT,60.0,MEETUP,28,17:00-18:00,,,,2026-08-15 07:42:42
100701,409,522,400,PENDING_PAYMENT,3.0,MEETUP,26,18:00-19:00,,,,2026-08-16 13:26:42
100702,3382,74,410,PENDING_PAYMENT,80.0,EXPRESS,,,157,SF,,2026-08-08 15:45:42
100703,4201,604,100,PENDING_PAYMENT,1.0,MEETUP,8,17:00-18:00,,,,2026-08-13 09:56:42
100704,3057,263,351,PENDING_PAYMENT,2.0,MEETUP,22,17:00-18:00,,,,2026-08-12 21:13:42
100705,699,766,232,PENDING_PAYMENT,2.0,EXPRESS,,,1534,SF,,2026-08-08 14:56:42
100706,3181,182,712,PENDING_PAYMENT,150.0,MEETUP,24,18:00-19:00,,,,2026-08-14 03:29:42
100707,2975,668,1,PENDING_PAYMENT,10.0,EXPRESS,,,1332,SF,,2026-08-09 18:25:42
100708,3475,155,933,PENDING_PAYMENT,3.0,MEETUP,23,18:00-19:00,,,,2026-08-15 05:42:42
100709,2565,57,385,PENDING_PAYMENT,60.0,MEETUP,3,18:00-19:00,,,,2026-08-14 15:57:42
100710,187,387,156,PENDING_PAYMENT,120.0,MEETUP,4,18:00-19:00,,,,2026-08-15 17:08:42
100711,3193,982,392,PENDING_PAYMENT,100.0,EXPRESS,,,1964,SF,,2026-08-11 02:44:42
100712,54,26,613,PENDING_PAYMENT,12.0,EXPRESS,,,54,SF,,2026-08-14 10:39:42
100713,2944,128,330,PENDING_PAYMENT,10.0,EXPRESS,,,262,SF,,2026-08-07 09:03:42
100714,3339,341,531,PENDING_PAYMENT,25.0,MEETUP,26,19:00-20:00,,,,2026-08-15 23:46:42
100715,1785,764,641,PENDING_PAYMENT,200.0,EXPRESS,,,1531,SF,,2026-08-13 22:41:42
100716,1389,771,121,PENDING_PAYMENT,30.0,MEETUP,23,19:00-20:00,,,,2026-08-09 04:02:42
100717,201,612,941,PENDING_PAYMENT,120.0,EXPRESS,,,1219,SF,,2026-08-12 14:33:42
100718,544,509,899,PENDING_PAYMENT,30.0,MEETUP,4,17:00-18:00,,,,2026-08-11 02:21:42
100719,748,695,288,PENDING_PAYMENT,30.0,MEETUP,4,18:00-19:00,,,,2026-08-11 07:47:42
100720,2164,573,229,PENDING_PAYMENT,5.0,MEETUP,28,12:00-13:00,,,,2026-08-08 03:48:42
100721,1672,14,57,PENDING_PAYMENT,80.0,MEETUP,13,12:00-13:00,,,,2026-08-08 02:54:42
100722,2529,789,572,PENDING_PAYMENT,8.0,MEETUP,4,17:00-18:00,,,,2026-08-14 21:47:42
100723,3155,126,750,PENDING_PAYMENT,80.0,MEETUP,19,12:00-13:00,,,,2026-08-09 20:48:42
100724,398,725,671,PENDING_PAYMENT,15.0,MEETUP,24,19:00-20:00,,,,2026-08-09 10:29:42
100725,4868,481,130,PENDING_PAYMENT,12.0,EXPRESS,,,975,SF,,2026-08-16 12:37:42
100726,4681,802,152,PENDING_PAYMENT,15.0,MEETUP,4,19:00-20:00,,,,2026-08-12 19:17:42
100727,1763,713,393,PENDING_PAYMENT,120.0,EXPRESS,,,1420,SF,,2026-08-13 07:32:42
100728,3619,320,610,PENDING_PAYMENT,8.0,MEETUP,18,18:00-19:00,,,,2026-08-09 08:59:42
100729,3995,86,904,PENDING_PAYMENT,200.0,EXPRESS,,,181,SF,,2026-08-15 08:34:42
100730,3359,299,177,PENDING_PAYMENT,80.0,EXPRESS,,,620,SF,,2026-08-13 14:46:42
100731,2145,798,573,PENDING_PAYMENT,150.0,EXPRESS,,,1591,SF,,2026-08-13 15:04:42
100732,4376,963,309,PENDING_PAYMENT,20.0,MEETUP,11,19:00-20:00,,,,2026-08-16 00:16:42
100733,1613,721,744,PENDING_PAYMENT,20.0,MEETUP,13,17:00-18:00,,,,2026-08-12 12:52:42
100734,4908,154,117,PENDING_PAYMENT,8.0,EXPRESS,,,318,SF,,2026-08-16 09:23:42
100735,1107,258,424,PENDING_PAYMENT,50.0,MEETUP,4,18:00-19:00,,,,2026-08-14 16:27:42
100736,1699,553,634,PENDING_PAYMENT,120.0,MEETUP,2,12:00-13:00,,,,2026-08-07 23:27:42
100737,1954,760,262,PENDING_PAYMENT,15.0,MEETUP,23,17:00-18:00,,,,2026-08-12 03:49:42
100738,2804,676,376,PENDING_PAYMENT,150.0,MEETUP,11,19:00-20:00,,,,2026-08-09 11:16:42
100739,495,195,672,PENDING_PAYMENT,60.0,MEETUP,25,19:00-20:00,,,,2026-08-07 04:06:42
100740,1445,860,943,PENDING_PAYMENT,60.0,MEETUP,18,18:00-19:00,,,,2026-08-08 10:53:42
100741,3745,248,664,PENDING_PAYMENT,80.0,EXPRESS,,,513,SF,,2026-08-15 00:54:42
100742,4498,364,63,PENDING_PAYMENT,2.0,EXPRESS,,,741,SF,,2026-08-12 06:16:42
100743,4225,900,764,PENDING_PAYMENT,60.0,EXPRESS,,,1795,SF,,2026-08-09 08:12:42
100744,4506,836,525,PENDING_PAYMENT,50.0,EXPRESS,,,1660,SF,,2026-08-15 08:10:42
100745,2350,947,705,PENDING_PAYMENT,100.0,MEETUP,29,17:00-18:00,,,,2026-08-09 17:16:42
100746,3013,384,439,PENDING_PAYMENT,120.0,EXPRESS,,,776,SF,,2026-08-14 16:59:42
100747,385,738,581,PENDING_PAYMENT,12.0,EXPRESS,,,1467,SF,,2026-08-13 05:06:42
100748,4497,830,881,PENDING_PAYMENT,15.0,MEETUP,18,19:00-20:00,,,,2026-08-12 11:35:42
100749,2016,863,382,PENDING_PAYMENT,30.0,MEETUP,2,12:00-13:00,,,,2026-08-08 03:24:42
100750,3384,463,360,PENDING_PAYMENT,20.0,MEETUP,6,18:00-19:00,,,,2026-08-11 19:51:42
100751,569,380,866,PENDING_PAYMENT,20.0,MEETUP,21,12:00-13:00,,,,2026-08-07 15:46:42
100752,4045,743,19,PENDING_PAYMENT,50.0,MEETUP,26,19:00-20:00,,,,2026-08-13 06:30:42
100753,1464,53,494,PENDING_PAYMENT,2.0,EXPRESS,,,116,SF,,2026-08-14 03:47:42
100754,2118,981,452,PENDING_PAYMENT,60.0,EXPRESS,,,1963,SF,,2026-08-16 00:18:42
100755,3514,482,384,PENDING_PAYMENT,3.0,EXPRESS,,,977,SF,,2026-08-16 04:51:42
100756,3537,149,767,PENDING_PAYMENT,50.0,MEETUP,19,17:00-18:00,,,,2026-08-11 14:28:42
100757,2845,691,426,PENDING_PAYMENT,60.0,EXPRESS,,,1377,SF,,2026-08-09 07:56:42
100758,3638,418,728,PENDING_PAYMENT,3.0,MEETUP,4,17:00-18:00,,,,2026-08-16 17:00:42
100759,2931,430,832,PENDING_PAYMENT,1.0,EXPRESS,,,879,SF,,2026-08-11 11:52:42
100760,2065,21,70,PENDING_PAYMENT,60.0,EXPRESS,,,46,SF,,2026-08-12 12:15:42
100761,4879,209,418,PENDING_PAYMENT,5.0,EXPRESS,,,437,SF,,2026-08-09 18:25:42
100762,2962,621,81,PENDING_PAYMENT,1.0,MEETUP,8,18:00-19:00,,,,2026-08-06 22:03:42
100763,1443,293,577,PENDING_PAYMENT,60.0,MEETUP,7,18:00-19:00,,,,2026-08-12 00:58:42
100764,1061,253,14,PENDING_PAYMENT,8.0,MEETUP,18,12:00-13:00,,,,2026-08-14 19:25:42
100765,513,38,138,PENDING_PAYMENT,3.0,EXPRESS,,,80,SF,,2026-08-09 02:51:42
100766,1001,559,426,PENDING_PAYMENT,3.0,EXPRESS,,,1126,SF,,2026-08-08 12:18:42
100767,2815,788,46,PENDING_PAYMENT,50.0,EXPRESS,,,1570,SF,,2026-08-11 22:34:42
100768,4090,712,339,PENDING_PAYMENT,150.0,MEETUP,5,18:00-19:00,,,,2026-08-16 12:07:42
100769,4156,270,522,PENDING_PAYMENT,20.0,MEETUP,28,18:00-19:00,,,,2026-08-08 02:26:42
100770,54,258,613,PENDING_PAYMENT,12.0,MEETUP,19,17:00-18:00,,,,2026-08-15 01:14:42
100771,3780,225,708,PENDING_PAYMENT,2.0,MEETUP,8,17:00-18:00,,,,2026-08-11 15:19:42
100772,2693,54,424,PENDING_PAYMENT,60.0,EXPRESS,,,117,SF,,2026-08-13 11:36:42
100773,2240,27,772,PENDING_PAYMENT,25.0,EXPRESS,,,56,SF,,2026-08-07 19:16:42
100774,4457,241,393,PENDING_PAYMENT,200.0,MEETUP,7,17:00-18:00,,,,2026-08-08 21:22:42
100775,3987,210,991,PENDING_PAYMENT,60.0,MEETUP,11,12:00-13:00,,,,2026-08-11 01:45:42
100776,4800,957,639,PENDING_PAYMENT,15.0,EXPRESS,,,1917,SF,,2026-08-08 16:37:42
100777,4240,550,326,PENDING_PAYMENT,8.0,MEETUP,11,18:00-19:00,,,,2026-08-15 07:34:42
100778,3364,500,390,PENDING_PAYMENT,30.0,EXPRESS,,,1013,SF,,2026-08-12 14:01:42
100779,1499,474,193,PENDING_PAYMENT,3.0,MEETUP,2,12:00-13:00,,,,2026-08-10 11:30:42
100780,2401,475,780,PENDING_PAYMENT,2.0,MEETUP,9,19:00-20:00,,,,2026-08-16 09:02:42
100781,1152,544,230,PENDING_PAYMENT,10.0,MEETUP,9,12:00-13:00,,,,2026-08-07 14:16:42
100782,2389,926,628,PENDING_PAYMENT,12.0,EXPRESS,,,1851,SF,,2026-08-10 12:43:42
100783,3731,501,992,PENDING_PAYMENT,200.0,MEETUP,17,12:00-13:00,,,,2026-08-12 04:05:42
100784,334,117,957,PENDING_PAYMENT,5.0,MEETUP,27,12:00-13:00,,,,2026-08-13 04:28:42
100785,90,939,833,PENDING_PAYMENT,120.0,EXPRESS,,,1880,SF,,2026-08-14 23:58:42
100786,804,756,834,PENDING_PAYMENT,100.0,EXPRESS,,,1511,SF,,2026-08-16 08:26:42
100787,4748,917,77,PENDING_PAYMENT,12.0,EXPRESS,,,1829,SF,,2026-08-15 18:23:42
100788,428,750,368,PENDING_PAYMENT,30.0,MEETUP,16,12:00-13:00,,,,2026-08-13 05:45:42
100789,1492,929,127,PENDING_PAYMENT,20.0,EXPRESS,,,1859,SF,,2026-08-09 02:37:42
100790,589,578,902,PENDING_PAYMENT,10.0,MEETUP,8,17:00-18:00,,,,2026-08-14 14:51:42
100791,958,226,338,PENDING_PAYMENT,100.0,EXPRESS,,,474,SF,,2026-08-15 01:30:42
100792,3551,886,879,PENDING_PAYMENT,80.0,MEETUP,29,19:00-20:00,,,,2026-08-15 23:05:42
100793,2528,82,61,PENDING_PAYMENT,80.0,EXPRESS,,,172,SF,,2026-08-14 10:50:42
100794,3368,571,143,PENDING_PAYMENT,12.0,EXPRESS,,,1150,SF,,2026-08-10 20:05:42
100795,1710,744,379,PENDING_PAYMENT,120.0,EXPRESS,,,1480,SF,,2026-08-16 07:43:42
100796,2533,10,177,PENDING_PAYMENT,100.0,EXPRESS,,,23,SF,,2026-08-12 03:02:42
100797,2343,584,863,PENDING_PAYMENT,200.0,MEETUP,29,17:00-18:00,,,,2026-08-15 21:21:42
100798,541,788,452,PENDING_PAYMENT,15.0,MEETUP,16,17:00-18:00,,,,2026-08-12 07:30:42
100799,2930,74,255,PENDING_PAYMENT,8.0,MEETUP,19,12:00-13:00,,,,2026-08-08 21:45:42
100800,3181,466,712,PENDING_PAYMENT,150.0,EXPRESS,,,948,SF,,2026-08-12 19:41:42
100801,3076,135,917,PENDING_PAYMENT,15.0,EXPRESS,,,275,SF,,2026-08-09 01:02:42
100802,241,670,545,PENDING_PAYMENT,3.0,MEETUP,16,12:00-13:00,,,,2026-08-11 13:00:42
100803,1140,464,685,PENDING_PAYMENT,60.0,MEETUP,16,17:00-18:00,,,,2026-08-14 05:43:42
100804,4326,974,406,PENDING_PAYMENT,3.0,EXPRESS,,,1950,SF,,2026-08-09 15:31:42
100805,4605,65,921,PENDING_PAYMENT,12.0,MEETUP,25,17:00-18:00,,,,2026-08-11 02:49:42
100806,4033,520,538,PENDING_PAYMENT,80.0,MEETUP,1,18:00-19:00,,,,2026-08-14 09:14:42
100807,2628,13,335,PENDING_PAYMENT,50.0,MEETUP,11,19:00-20:00,,,,2026-08-08 12:32:42
100808,2546,183,308,PENDING_PAYMENT,20.0,MEETUP,25,12:00-13:00,,,,2026-08-12 22:06:42
100809,2770,485,500,PENDING_PAYMENT,25.0,EXPRESS,,,984,SF,,2026-08-12 10:37:42
100810,190,62,966,PENDING_PAYMENT,150.0,EXPRESS,,,133,SF,,2026-08-07 00:24:42
100811,4953,562,424,PENDING_PAYMENT,2.0,EXPRESS,,,1131,SF,,2026-08-15 08:45:42
100812,1333,497,238,PENDING_PAYMENT,20.0,MEETUP,4,12:00-13:00,,,,2026-08-09 09:28:42
100813,2876,350,990,PENDING_PAYMENT,12.0,MEETUP,13,18:00-19:00,,,,2026-08-13 18:44:42
100814,56,27,105,PENDING_PAYMENT,5.0,EXPRESS,,,56,SF,,2026-08-10 22:45:42
100815,1546,161,214,PENDING_PAYMENT,2.0,MEETUP,10,17:00-18:00,,,,2026-08-15 22:37:42
100816,1309,152,515,PENDING_PAYMENT,60.0,EXPRESS,,,316,SF,,2026-08-16 10:45:42
100817,4276,961,520,PENDING_PAYMENT,3.0,EXPRESS,,,1928,SF,,2026-08-11 17:51:42
100818,1648,414,350,PENDING_PAYMENT,12.0,EXPRESS,,,841,SF,,2026-08-12 08:54:42
100819,4593,631,191,PENDING_PAYMENT,100.0,MEETUP,5,12:00-13:00,,,,2026-08-16 02:35:42
100820,4507,697,539,PENDING_PAYMENT,25.0,EXPRESS,,,1387,SF,,2026-08-14 15:59:42
100821,4666,232,354,PENDING_PAYMENT,5.0,MEETUP,13,18:00-19:00,,,,2026-08-11 21:31:42
100822,2511,225,502,PENDING_PAYMENT,120.0,MEETUP,1,17:00-18:00,,,,2026-08-07 15:08:42
100823,1104,28,136,PENDING_PAYMENT,100.0,EXPRESS,,,58,SF,,2026-08-11 02:42:42
100824,2941,505,15,PENDING_PAYMENT,100.0,MEETUP,21,19:00-20:00,,,,2026-08-08 05:47:42
100825,106,534,175,PENDING_PAYMENT,120.0,MEETUP,15,19:00-20:00,,,,2026-08-07 12:39:42
100826,4558,219,519,PENDING_PAYMENT,30.0,MEETUP,19,18:00-19:00,,,,2026-08-08 18:24:42
100827,2173,145,225,PENDING_PAYMENT,12.0,EXPRESS,,,300,SF,,2026-08-07 18:48:42
100828,3665,361,16,PENDING_PAYMENT,20.0,MEETUP,4,19:00-20:00,,,,2026-08-09 07:38:42
100829,3699,867,940,PENDING_PAYMENT,12.0,EXPRESS,,,1722,SF,,2026-08-12 22:51:42
100830,3426,906,316,PENDING_PAYMENT,15.0,MEETUP,12,19:00-20:00,,,,2026-08-13 05:28:42
100831,2549,744,78,PENDING_PAYMENT,50.0,MEETUP,22,19:00-20:00,,,,2026-08-08 18:48:42
100832,1439,27,258,PENDING_PAYMENT,150.0,MEETUP,7,12:00-13:00,,,,2026-08-07 22:48:42
100833,4880,472,843,PENDING_PAYMENT,50.0,MEETUP,22,18:00-19:00,,,,2026-08-09 06:34:42
100834,2722,304,169,PENDING_PAYMENT,80.0,EXPRESS,,,629,SF,,2026-08-08 01:20:42
100835,4102,344,606,PENDING_PAYMENT,3.0,MEETUP,7,19:00-20:00,,,,2026-08-14 15:57:42
100836,4697,210,470,PENDING_PAYMENT,120.0,MEETUP,10,12:00-13:00,,,,2026-08-08 18:22:42
100837,2445,571,657,PENDING_PAYMENT,120.0,MEETUP,19,19:00-20:00,,,,2026-08-15 20:10:42
100838,2335,430,308,PENDING_PAYMENT,8.0,MEETUP,2,19:00-20:00,,,,2026-08-13 01:36:42
100839,1807,143,5,PENDING_PAYMENT,150.0,MEETUP,4,18:00-19:00,,,,2026-08-10 11:05:42
100840,2430,916,651,PENDING_PAYMENT,200.0,MEETUP,20,19:00-20:00,,,,2026-08-10 02:46:42
100841,2872,132,135,PENDING_PAYMENT,10.0,MEETUP,17,12:00-13:00,,,,2026-08-11 09:25:42
100842,2516,937,784,PENDING_PAYMENT,60.0,MEETUP,23,17:00-18:00,,,,2026-08-06 23:33:42
100843,2666,827,374,PENDING_PAYMENT,2.0,EXPRESS,,,1644,SF,,2026-08-11 11:05:42
100844,4336,235,604,PENDING_PAYMENT,60.0,EXPRESS,,,489,SF,,2026-08-10 07:11:42
100845,2069,74,851,PENDING_PAYMENT,2.0,MEETUP,26,12:00-13:00,,,,2026-08-08 22:02:42
100846,2246,893,229,PENDING_PAYMENT,2.0,EXPRESS,,,1777,SF,,2026-08-14 00:24:42
100847,4659,136,631,PENDING_PAYMENT,60.0,MEETUP,6,17:00-18:00,,,,2026-08-14 15:06:42
100848,1184,241,745,PENDING_PAYMENT,12.0,EXPRESS,,,500,SF,,2026-08-13 14:15:42
100849,1131,538,212,PENDING_PAYMENT,10.0,EXPRESS,,,1090,SF,,2026-08-13 21:08:42
100850,3554,32,33,PENDING_PAYMENT,12.0,MEETUP,21,18:00-19:00,,,,2026-08-14 17:28:42
100851,940,32,933,PENDING_PAYMENT,3.0,EXPRESS,,,65,SF,,2026-08-16 06:07:42
100852,4779,932,4,PENDING_PAYMENT,60.0,EXPRESS,,,1863,SF,,2026-08-09 08:43:42
100853,1143,249,27,PENDING_PAYMENT,60.0,EXPRESS,,,514,SF,,2026-08-09 03:42:42
100854,3303,749,197,PENDING_PAYMENT,8.0,EXPRESS,,,1492,SF,,2026-08-15 04:21:42
100855,2742,730,93,PENDING_PAYMENT,1.0,EXPRESS,,,1448,SF,,2026-08-14 02:09:42
100856,159,833,386,PENDING_PAYMENT,150.0,EXPRESS,,,1653,SF,,2026-08-09 23:50:42
100857,3597,990,869,PENDING_PAYMENT,15.0,EXPRESS,,,1977,SF,,2026-08-13 00:57:42
100858,435,777,965,PENDING_PAYMENT,3.0,EXPRESS,,,1549,SF,,2026-08-07 16:22:42
100859,439,588,287,PENDING_PAYMENT,5.0,MEETUP,30,19:00-20:00,,,,2026-08-12 08:34:42
100860,1073,732,483,PENDING_PAYMENT,200.0,EXPRESS,,,1452,SF,,2026-08-13 03:00:42
100861,80,911,231,PENDING_PAYMENT,30.0,MEETUP,9,12:00-13:00,,,,2026-08-16 13:08:42
100862,1643,225,864,PENDING_PAYMENT,20.0,EXPRESS,,,469,SF,,2026-08-08 06:37:42
100863,646,71,328,PENDING_PAYMENT,150.0,EXPRESS,,,150,SF,,2026-08-14 03:25:42
100864,406,250,283,PENDING_PAYMENT,60.0,MEETUP,22,12:00-13:00,,,,2026-08-12 20:13:42
100865,3502,672,690,PENDING_PAYMENT,8.0,EXPRESS,,,1342,SF,,2026-08-13 05:10:42
100866,2682,462,824,PENDING_PAYMENT,80.0,MEETUP,14,19:00-20:00,,,,2026-08-14 00:14:42
100867,1815,74,768,PENDING_PAYMENT,30.0,MEETUP,3,12:00-13:00,,,,2026-08-15 01:33:42
100868,2889,279,928,PENDING_PAYMENT,5.0,MEETUP,12,19:00-20:00,,,,2026-08-12 09:22:42
100869,3982,892,702,PENDING_PAYMENT,80.0,MEETUP,29,17:00-18:00,,,,2026-08-08 16:11:42
100870,4072,100,791,PENDING_PAYMENT,3.0,EXPRESS,,,208,SF,,2026-08-09 09:17:42
100871,183,816,177,PENDING_PAYMENT,10.0,EXPRESS,,,1622,SF,,2026-08-13 14:22:42
100872,3032,208,35,PENDING_PAYMENT,20.0,MEETUP,29,19:00-20:00,,,,2026-08-13 06:46:42
100873,1629,26,252,PENDING_PAYMENT,1.0,EXPRESS,,,55,SF,,2026-08-10 13:56:42
100874,411,720,979,PENDING_PAYMENT,8.0,EXPRESS,,,1434,SF,,2026-08-10 05:03:42
100875,4943,249,599,PENDING_PAYMENT,8.0,MEETUP,29,18:00-19:00,,,,2026-08-08 08:44:42
100876,830,963,427,PENDING_PAYMENT,5.0,EXPRESS,,,1930,SF,,2026-08-11 11:17:42
100877,2934,951,910,PENDING_PAYMENT,80.0,EXPRESS,,,1903,SF,,2026-08-07 10:12:42
100878,4403,504,21,PENDING_PAYMENT,50.0,EXPRESS,,,1022,SF,,2026-08-14 10:42:42
100879,2393,600,283,PENDING_PAYMENT,100.0,MEETUP,19,17:00-18:00,,,,2026-08-12 14:31:42
100880,4792,794,876,PENDING_PAYMENT,10.0,MEETUP,14,17:00-18:00,,,,2026-08-12 10:36:42
100881,4596,216,586,PENDING_PAYMENT,3.0,MEETUP,9,12:00-13:00,,,,2026-08-16 07:36:42
100882,2764,672,444,PENDING_PAYMENT,150.0,EXPRESS,,,1342,SF,,2026-08-14 23:41:42
100883,3715,503,465,PENDING_PAYMENT,1.0,MEETUP,18,19:00-20:00,,,,2026-08-09 08:14:42
100884,3556,414,86,PENDING_PAYMENT,60.0,MEETUP,26,19:00-20:00,,,,2026-08-13 09:34:42
100885,3763,852,617,PENDING_PAYMENT,12.0,MEETUP,1,19:00-20:00,,,,2026-08-15 04:23:42
100886,182,419,508,PENDING_PAYMENT,12.0,EXPRESS,,,854,SF,,2026-08-16 13:28:42
100887,2486,488,880,PENDING_PAYMENT,12.0,MEETUP,5,17:00-18:00,,,,2026-08-15 09:59:42
100888,3377,698,192,PENDING_PAYMENT,200.0,EXPRESS,,,1388,SF,,2026-08-16 14:55:42
100889,3654,405,868,PENDING_PAYMENT,50.0,EXPRESS,,,818,SF,,2026-08-07 05:30:42
100890,3729,358,499,PENDING_PAYMENT,8.0,MEETUP,23,17:00-18:00,,,,2026-08-12 11:06:42
100891,2428,710,940,PENDING_PAYMENT,12.0,EXPRESS,,,1413,SF,,2026-08-08 19:31:42
100892,1380,238,219,PENDING_PAYMENT,8.0,EXPRESS,,,497,SF,,2026-08-09 21:40:42
100893,3658,563,495,PENDING_PAYMENT,200.0,EXPRESS,,,1134,SF,,2026-08-14 18:02:42
100894,2138,982,513,PENDING_PAYMENT,200.0,EXPRESS,,,1964,SF,,2026-08-09 05:25:42
100895,2070,59,647,PENDING_PAYMENT,30.0,EXPRESS,,,129,SF,,2026-08-11 18:30:42
100896,4902,171,323,PENDING_PAYMENT,60.0,EXPRESS,,,355,SF,,2026-08-06 20:56:42
100897,1019,89,796,PENDING_PAYMENT,80.0,EXPRESS,,,188,SF,,2026-08-10 08:05:42
100898,1454,632,347,PENDING_PAYMENT,30.0,MEETUP,15,12:00-13:00,,,,2026-08-13 06:46:42
100899,2117,698,622,PENDING_PAYMENT,120.0,MEETUP,25,18:00-19:00,,,,2026-08-10 03:25:42
100900,4986,225,737,PENDING_PAYMENT,1.0,MEETUP,18,17:00-18:00,,,,2026-08-07 08:05:42
100901,441,155,90,PENDING_PAYMENT,8.0,EXPRESS,,,323,SF,,2026-08-09 21:45:42
100902,3157,207,960,PENDING_PAYMENT,60.0,MEETUP,9,12:00-13:00,,,,2026-08-13 08:08:42
100903,279,198,544,PENDING_PAYMENT,30.0,EXPRESS,,,415,SF,,2026-08-11 16:36:42
100904,581,181,496,PENDING_PAYMENT,25.0,MEETUP,27,12:00-13:00,,,,2026-08-15 00:54:42
100905,3153,506,375,PENDING_PAYMENT,120.0,EXPRESS,,,1027,SF,,2026-08-10 01:35:42
100906,1433,693,479,PENDING_PAYMENT,80.0,MEETUP,15,18:00-19:00,,,,2026-08-09 05:48:42
100907,947,343,63,PENDING_PAYMENT,150.0,EXPRESS,,,699,SF,,2026-08-06 21:07:42
100908,3914,787,579,PENDING_PAYMENT,100.0,MEETUP,17,18:00-19:00,,,,2026-08-16 18:22:42
100909,911,77,623,PENDING_PAYMENT,2.0,MEETUP,12,17:00-18:00,,,,2026-08-15 13:39:42
100910,171,683,160,PENDING_PAYMENT,100.0,EXPRESS,,,1362,SF,,2026-08-10 03:22:42
100911,3099,719,860,PENDING_PAYMENT,80.0,MEETUP,20,19:00-20:00,,,,2026-08-10 09:33:42
100912,1652,250,750,PENDING_PAYMENT,120.0,MEETUP,15,17:00-18:00,,,,2026-08-13 15:53:42
100913,3596,843,218,PENDING_PAYMENT,15.0,EXPRESS,,,1675,SF,,2026-08-10 18:43:42
100914,707,41,937,PENDING_PAYMENT,50.0,EXPRESS,,,89,SF,,2026-08-09 12:14:42
100915,3011,253,34,PENDING_PAYMENT,20.0,MEETUP,19,19:00-20:00,,,,2026-08-12 16:38:42
100916,2530,93,661,PENDING_PAYMENT,20.0,MEETUP,16,18:00-19:00,,,,2026-08-09 00:21:42
100917,4524,15,539,PENDING_PAYMENT,60.0,MEETUP,15,17:00-18:00,,,,2026-08-15 23:17:42
100918,1616,340,376,PENDING_PAYMENT,20.0,MEETUP,29,18:00-19:00,,,,2026-08-15 14:55:42
100919,4346,465,471,PENDING_PAYMENT,1.0,EXPRESS,,,946,SF,,2026-08-11 19:30:42
100920,4085,892,929,PENDING_PAYMENT,150.0,MEETUP,1,18:00-19:00,,,,2026-08-09 07:12:42
100921,4487,471,818,PENDING_PAYMENT,8.0,MEETUP,27,12:00-13:00,,,,2026-08-13 19:22:42
100922,159,576,386,PENDING_PAYMENT,150.0,EXPRESS,,,1156,SF,,2026-08-13 10:49:42
100923,987,402,355,PENDING_PAYMENT,15.0,MEETUP,18,19:00-20:00,,,,2026-08-15 17:50:42
100924,73,543,213,PENDING_PAYMENT,50.0,MEETUP,2,12:00-13:00,,,,2026-08-11 12:34:42
100925,1131,886,212,PENDING_PAYMENT,10.0,EXPRESS,,,1759,SF,,2026-08-15 19:35:42
100926,3347,915,159,PENDING_PAYMENT,5.0,MEETUP,17,19:00-20:00,,,,2026-08-13 01:13:42
100927,2364,88,709,PENDING_PAYMENT,60.0,EXPRESS,,,185,SF,,2026-08-08 09:04:42
100928,868,830,531,PENDING_PAYMENT,10.0,EXPRESS,,,1650,SF,,2026-08-09 09:31:42
100929,238,741,64,PENDING_PAYMENT,2.0,EXPRESS,,,1475,SF,,2026-08-07 13:40:42
100930,1377,679,798,PENDING_PAYMENT,5.0,MEETUP,25,17:00-18:00,,,,2026-08-07 08:25:42
100931,3403,722,438,PENDING_PAYMENT,8.0,EXPRESS,,,1437,SF,,2026-08-07 23:41:42
100932,1554,336,443,PENDING_PAYMENT,1.0,EXPRESS,,,688,SF,,2026-08-12 15:17:42
100933,2842,85,69,PENDING_PAYMENT,12.0,EXPRESS,,,179,SF,,2026-08-10 11:49:42
100934,4456,666,992,PENDING_PAYMENT,15.0,MEETUP,15,19:00-20:00,,,,2026-08-07 01:14:42
100935,2998,423,955,PENDING_PAYMENT,25.0,EXPRESS,,,866,SF,,2026-08-07 05:59:42
100936,3722,719,160,PENDING_PAYMENT,8.0,MEETUP,15,18:00-19:00,,,,2026-08-10 01:22:42
100937,267,749,296,PENDING_PAYMENT,120.0,EXPRESS,,,1494,SF,,2026-08-06 21:29:42
100938,3576,358,361,PENDING_PAYMENT,15.0,MEETUP,4,19:00-20:00,,,,2026-08-12 20:15:42
100939,2492,539,504,PENDING_PAYMENT,30.0,EXPRESS,,,1092,SF,,2026-08-12 02:54:42
100940,1024,53,904,PENDING_PAYMENT,30.0,EXPRESS,,,114,SF,,2026-08-15 02:37:42
100941,1137,678,380,PENDING_PAYMENT,2.0,EXPRESS,,,1356,SF,,2026-08-14 19:55:42
100942,1286,150,270,PENDING_PAYMENT,150.0,MEETUP,12,17:00-18:00,,,,2026-08-11 00:02:42
100943,2647,652,819,PENDING_PAYMENT,50.0,EXPRESS,,,1301,SF,,2026-08-08 18:11:42
100944,4366,229,693,PENDING_PAYMENT,25.0,EXPRESS,,,479,SF,,2026-08-10 13:09:42
100945,3667,251,598,PENDING_PAYMENT,50.0,MEETUP,15,19:00-20:00,,,,2026-08-16 05:10:42
100946,3735,37,55,PENDING_PAYMENT,20.0,EXPRESS,,,77,SF,,2026-08-11 17:56:42
100947,660,896,17,PENDING_PAYMENT,8.0,EXPRESS,,,1785,SF,,2026-08-07 13:00:42
100948,3305,996,372,PENDING_PAYMENT,10.0,MEETUP,4,12:00-13:00,,,,2026-08-07 07:57:42
100949,3582,720,931,PENDING_PAYMENT,25.0,MEETUP,26,19:00-20:00,,,,2026-08-06 23:40:42
100950,1481,251,400,PENDING_PAYMENT,20.0,MEETUP,24,17:00-18:00,,,,2026-08-10 03:11:42
100951,1968,410,301,PENDING_PAYMENT,150.0,EXPRESS,,,831,SF,,2026-08-11 19:52:42
100952,672,770,2,PENDING_PAYMENT,200.0,EXPRESS,,,1538,SF,,2026-08-15 16:50:42
100953,1394,24,850,PENDING_PAYMENT,20.0,MEETUP,28,19:00-20:00,,,,2026-08-14 13:48:42
100954,3231,248,837,PENDING_PAYMENT,200.0,MEETUP,16,18:00-19:00,,,,2026-08-14 23:17:42
100955,1825,561,105,PENDING_PAYMENT,15.0,MEETUP,22,19:00-20:00,,,,2026-08-13 11:38:42
100956,129,621,788,PENDING_PAYMENT,25.0,EXPRESS,,,1236,SF,,2026-08-13 08:37:42
100957,3577,600,588,PENDING_PAYMENT,30.0,MEETUP,8,17:00-18:00,,,,2026-08-10 05:47:42
100958,2112,156,204,PENDING_PAYMENT,25.0,EXPRESS,,,325,SF,,2026-08-13 00:54:42
100959,3674,284,107,PENDING_PAYMENT,2.0,MEETUP,22,19:00-20:00,,,,2026-08-10 12:42:42
100960,4111,949,59,PENDING_PAYMENT,2.0,MEETUP,6,17:00-18:00,,,,2026-08-08 18:55:42
100961,1518,844,599,PENDING_PAYMENT,20.0,MEETUP,21,19:00-20:00,,,,2026-08-15 22:06:42
100962,3360,22,829,PENDING_PAYMENT,50.0,MEETUP,3,18:00-19:00,,,,2026-08-15 04:13:42
100963,2010,707,67,PENDING_PAYMENT,100.0,MEETUP,13,12:00-13:00,,,,2026-08-14 11:18:42
100964,1783,207,893,PENDING_PAYMENT,200.0,MEETUP,18,18:00-19:00,,,,2026-08-10 22:38:42
100965,4777,953,256,PENDING_PAYMENT,12.0,EXPRESS,,,1906,SF,,2026-08-14 20:05:42
100966,2758,162,702,PENDING_PAYMENT,100.0,MEETUP,25,18:00-19:00,,,,2026-08-08 00:27:42
100967,1237,357,445,PENDING_PAYMENT,60.0,MEETUP,26,19:00-20:00,,,,2026-08-08 20:51:42
100968,1841,146,857,PENDING_PAYMENT,3.0,MEETUP,28,17:00-18:00,,,,2026-08-08 20:08:42
100969,132,594,529,PENDING_PAYMENT,8.0,MEETUP,29,17:00-18:00,,,,2026-08-15 11:36:42
100970,3208,320,942,PENDING_PAYMENT,60.0,EXPRESS,,,657,SF,,2026-08-07 18:11:42
100971,685,337,352,PENDING_PAYMENT,100.0,MEETUP,8,18:00-19:00,,,,2026-08-08 11:02:42
100972,1549,709,719,PENDING_PAYMENT,25.0,MEETUP,27,19:00-20:00,,,,2026-08-11 17:03:42
100973,107,121,556,PENDING_PAYMENT,200.0,MEETUP,17,12:00-13:00,,,,2026-08-08 09:14:42
100974,4369,628,808,PENDING_PAYMENT,25.0,MEETUP,21,19:00-20:00,,,,2026-08-12 08:17:42
100975,511,253,250,PENDING_PAYMENT,8.0,MEETUP,25,12:00-13:00,,,,2026-08-10 03:56:42
100976,4714,607,217,PENDING_PAYMENT,100.0,MEETUP,21,17:00-18:00,,,,2026-08-12 05:20:42
100977,324,391,597,PENDING_PAYMENT,25.0,MEETUP,13,18:00-19:00,,,,2026-08-10 16:46:42
100978,920,689,634,PENDING_PAYMENT,100.0,EXPRESS,,,1374,SF,,2026-08-09 14:29:42
100979,3974,185,268,PENDING_PAYMENT,1.0,MEETUP,10,12:00-13:00,,,,2026-08-10 01:21:42
100980,3603,509,525,PENDING_PAYMENT,20.0,MEETUP,16,18:00-19:00,,,,2026-08-13 01:29:42
100981,3191,563,356,PENDING_PAYMENT,2.0,EXPRESS,,,1134,SF,,2026-08-09 12:03:42
100982,2454,663,414,PENDING_PAYMENT,15.0,MEETUP,4,12:00-13:00,,,,2026-08-07 23:12:42
100983,1674,112,332,PENDING_PAYMENT,1.0,EXPRESS,,,232,SF,,2026-08-08 13:59:42
100984,1634,738,602,PENDING_PAYMENT,1.0,EXPRESS,,,1467,SF,,2026-08-06 19:32:42
100985,2003,993,796,PENDING_PAYMENT,5.0,EXPRESS,,,1982,SF,,2026-08-16 08:29:42
100986,3328,515,217,PENDING_PAYMENT,8.0,MEETUP,15,17:00-18:00,,,,2026-08-11 13:30:42
100987,3691,325,896,PENDING_PAYMENT,25.0,EXPRESS,,,667,SF,,2026-08-13 22:58:42
100988,4417,954,417,PENDING_PAYMENT,60.0,MEETUP,12,17:00-18:00,,,,2026-08-16 12:30:42
100989,971,10,693,PENDING_PAYMENT,12.0,MEETUP,29,18:00-19:00,,,,2026-08-09 21:56:42
100990,166,846,116,PENDING_PAYMENT,3.0,EXPRESS,,,1682,SF,,2026-08-16 18:49:42
100991,4620,736,281,PENDING_PAYMENT,50.0,EXPRESS,,,1461,SF,,2026-08-15 23:04:42
100992,4569,764,8,PENDING_PAYMENT,120.0,EXPRESS,,,1531,SF,,2026-08-10 10:00:42
100993,3429,147,888,PENDING_PAYMENT,100.0,EXPRESS,,,304,SF,,2026-08-10 04:33:42
100994,1065,869,159,PENDING_PAYMENT,3.0,MEETUP,12,17:00-18:00,,,,2026-08-11 10:50:42
100995,3025,863,891,PENDING_PAYMENT,150.0,EXPRESS,,,1715,SF,,2026-08-13 00:24:42
100996,2130,190,517,PENDING_PAYMENT,120.0,EXPRESS,,,397,SF,,2026-08-12 14:14:42
100997,2666,554,374,PENDING_PAYMENT,2.0,MEETUP,20,18:00-19:00,,,,2026-08-07 03:07:42
100998,2535,439,617,PENDING_PAYMENT,150.0,EXPRESS,,,895,SF,,2026-08-07 01:37:42
100999,3469,698,294,PENDING_PAYMENT,30.0,EXPRESS,,,1389,SF,,2026-08-12 19:48:42
101000,3244,31,588,PENDING_PAYMENT,80.0,MEETUP,6,18:00-19:00,,,,2026-08-08 00:25:42
101001,4572,849,495,PENDING_PAYMENT,8.0,EXPRESS,,,1687,SF,,2026-08-09 14:28:42
101002,1856,709,779,PENDING_PAYMENT,3.0,EXPRESS,,,1412,SF,,2026-08-08 01:47:42
101003,4114,11,822,PENDING_PAYMENT,100.0,MEETUP,28,17:00-18:00,,,,2026-08-15 09:43:42
101004,313,679,928,PENDING_PAYMENT,60.0,MEETUP,12,17:00-18:00,,,,2026-08-16 18:14:42
101005,1039,795,193,PENDING_PAYMENT,30.0,MEETUP,10,17:00-18:00,,,,2026-08-10 00:11:42
101006,4484,47,29,PENDING_PAYMENT,120.0,EXPRESS,,,102,SF,,2026-08-11 11:39:42
101007,3090,508,488,PENDING_PAYMENT,12.0,MEETUP,19,19:00-20:00,,,,2026-08-07 19:34:42
101008,303,773,910,PENDING_PAYMENT,120.0,EXPRESS,,,1542,SF,,2026-08-10 16:40:42
101009,965,667,598,PENDING_PAYMENT,30.0,MEETUP,4,19:00-20:00,,,,2026-08-08 01:13:42
101010,4382,736,281,PENDING_PAYMENT,10.0,MEETUP,14,17:00-18:00,,,,2026-08-10 04:56:42
101011,3298,627,382,PENDING_PAYMENT,150.0,EXPRESS,,,1249,SF,,2026-08-14 12:59:42
101012,1937,899,396,PENDING_PAYMENT,10.0,MEETUP,30,18:00-19:00,,,,2026-08-12 09:30:42
101013,561,94,363,PENDING_PAYMENT,10.0,EXPRESS,,,197,SF,,2026-08-11 23:09:42
101014,3015,946,528,PENDING_PAYMENT,100.0,EXPRESS,,,1893,SF,,2026-08-15 04:06:42
101015,86,302,381,PENDING_PAYMENT,200.0,EXPRESS,,,625,SF,,2026-08-15 06:56:42
101016,1577,396,10,PENDING_PAYMENT,150.0,MEETUP,9,18:00-19:00,,,,2026-08-14 21:13:42
101017,4438,903,436,PENDING_PAYMENT,25.0,MEETUP,3,17:00-18:00,,,,2026-08-14 15:02:42
101018,4315,113,547,PENDING_PAYMENT,15.0,EXPRESS,,,233,SF,,2026-08-16 09:03:42
101019,4778,107,553,PENDING_PAYMENT,20.0,EXPRESS,,,220,SF,,2026-08-15 18:52:42
101020,3987,131,991,PENDING_PAYMENT,60.0,EXPRESS,,,269,SF,,2026-08-09 06:23:42
101021,2881,73,199,PENDING_PAYMENT,60.0,EXPRESS,,,154,SF,,2026-08-15 22:02:42
101022,3481,295,668,PENDING_PAYMENT,12.0,MEETUP,29,12:00-13:00,,,,2026-08-11 01:07:42
101023,2359,980,740,PENDING_PAYMENT,10.0,EXPRESS,,,1962,SF,,2026-08-14 19:04:42
101024,1101,515,713,PENDING_PAYMENT,12.0,MEETUP,16,17:00-18:00,,,,2026-08-07 10:05:42
101025,1310,916,766,PENDING_PAYMENT,50.0,MEETUP,4,19:00-20:00,,,,2026-08-10 09:04:42
101026,4894,488,866,PENDING_PAYMENT,80.0,MEETUP,22,18:00-19:00,,,,2026-08-07 19:40:42
101027,1269,324,742,PENDING_PAYMENT,2.0,EXPRESS,,,665,SF,,2026-08-11 20:20:42
101028,2997,637,492,PENDING_PAYMENT,120.0,MEETUP,25,17:00-18:00,,,,2026-08-13 03:33:42
101029,4760,593,189,PENDING_PAYMENT,10.0,MEETUP,8,18:00-19:00,,,,2026-08-11 01:44:42
101030,1698,562,658,PENDING_PAYMENT,20.0,MEETUP,17,19:00-20:00,,,,2026-08-15 06:18:42
101031,2071,393,31,PENDING_PAYMENT,20.0,EXPRESS,,,796,SF,,2026-08-10 00:59:42
101032,1114,769,905,PENDING_PAYMENT,10.0,MEETUP,10,19:00-20:00,,,,2026-08-10 02:53:42
101033,3871,140,593,PENDING_PAYMENT,100.0,EXPRESS,,,288,SF,,2026-08-07 04:33:42
101034,597,195,607,PENDING_PAYMENT,200.0,MEETUP,11,18:00-19:00,,,,2026-08-10 12:28:42
101035,4086,672,259,PENDING_PAYMENT,10.0,EXPRESS,,,1342,SF,,2026-08-15 12:12:42
101036,3555,837,23,PENDING_PAYMENT,5.0,MEETUP,14,17:00-18:00,,,,2026-08-07 09:03:42
101037,4835,283,968,PENDING_PAYMENT,80.0,EXPRESS,,,591,SF,,2026-08-14 03:47:42
101038,2551,364,336,PENDING_PAYMENT,3.0,EXPRESS,,,741,SF,,2026-08-09 23:18:42
101039,4787,548,243,PENDING_PAYMENT,12.0,EXPRESS,,,1106,SF,,2026-08-15 15:16:42
101040,2337,542,194,PENDING_PAYMENT,100.0,MEETUP,22,17:00-18:00,,,,2026-08-13 06:07:42
101041,1717,632,995,PENDING_PAYMENT,30.0,EXPRESS,,,1258,SF,,2026-08-15 09:38:42
101042,4036,117,240,PENDING_PAYMENT,100.0,EXPRESS,,,241,SF,,2026-08-08 21:03:42
101043,617,590,853,PENDING_PAYMENT,25.0,EXPRESS,,,1179,SF,,2026-08-12 08:16:42
101044,2981,714,387,PENDING_PAYMENT,200.0,EXPRESS,,,1421,SF,,2026-08-12 16:59:42
101045,3722,465,160,PENDING_PAYMENT,8.0,EXPRESS,,,946,SF,,2026-08-08 09:49:42
101046,1167,941,293,PENDING_PAYMENT,120.0,EXPRESS,,,1885,SF,,2026-08-16 08:01:42
101047,2024,987,92,PENDING_PAYMENT,3.0,EXPRESS,,,1973,SF,,2026-08-07 11:02:42
101048,1428,139,319,PENDING_PAYMENT,3.0,EXPRESS,,,285,SF,,2026-08-06 20:24:42
101049,1561,713,13,PENDING_PAYMENT,200.0,MEETUP,11,19:00-20:00,,,,2026-08-14 15:23:42
101050,3529,286,889,PENDING_PAYMENT,8.0,EXPRESS,,,599,SF,,2026-08-13 14:13:42
101051,3568,95,160,PENDING_PAYMENT,1.0,EXPRESS,,,198,SF,,2026-08-09 10:19:42
101052,4628,228,493,PENDING_PAYMENT,80.0,EXPRESS,,,477,SF,,2026-08-14 13:27:42
101053,4863,815,764,PENDING_PAYMENT,60.0,MEETUP,17,12:00-13:00,,,,2026-08-11 08:05:42
101054,2163,879,216,PENDING_PAYMENT,15.0,EXPRESS,,,1746,SF,,2026-08-15 20:00:42
101055,3408,949,526,PENDING_PAYMENT,25.0,EXPRESS,,,1899,SF,,2026-08-15 22:47:42
101056,4609,428,347,PENDING_PAYMENT,80.0,MEETUP,1,18:00-19:00,,,,2026-08-09 22:40:42
101057,1906,942,972,PENDING_PAYMENT,200.0,EXPRESS,,,1887,SF,,2026-08-16 00:27:42
101058,3344,151,819,PENDING_PAYMENT,150.0,MEETUP,15,12:00-13:00,,,,2026-08-13 19:05:42
101059,4570,563,387,PENDING_PAYMENT,12.0,MEETUP,30,19:00-20:00,,,,2026-08-13 15:54:42
101060,4656,416,484,PENDING_PAYMENT,150.0,EXPRESS,,,844,SF,,2026-08-11 09:53:42
101061,3605,505,15,PENDING_PAYMENT,15.0,EXPRESS,,,1026,SF,,2026-08-07 19:07:42
101062,602,985,118,PENDING_PAYMENT,50.0,EXPRESS,,,1969,SF,,2026-08-16 10:42:42
101063,1338,860,638,PENDING_PAYMENT,100.0,MEETUP,5,19:00-20:00,,,,2026-08-09 12:48:42
101064,3730,774,802,PENDING_PAYMENT,200.0,EXPRESS,,,1543,SF,,2026-08-13 21:25:42
101065,4392,619,860,PENDING_PAYMENT,2.0,EXPRESS,,,1233,SF,,2026-08-09 01:12:42
101066,4575,482,296,PENDING_PAYMENT,20.0,MEETUP,9,17:00-18:00,,,,2026-08-09 07:23:42
101067,663,280,746,PENDING_PAYMENT,60.0,MEETUP,23,19:00-20:00,,,,2026-08-11 17:09:42
101068,2716,560,993,PENDING_PAYMENT,12.0,MEETUP,27,18:00-19:00,,,,2026-08-13 15:28:42
101069,2440,452,622,PENDING_PAYMENT,10.0,MEETUP,12,18:00-19:00,,,,2026-08-08 01:00:42
101070,3820,347,524,PENDING_PAYMENT,100.0,MEETUP,23,18:00-19:00,,,,2026-08-16 03:14:42
101071,1772,185,517,PENDING_PAYMENT,50.0,EXPRESS,,,388,SF,,2026-08-10 01:23:42
101072,4702,241,932,PENDING_PAYMENT,80.0,MEETUP,5,12:00-13:00,,,,2026-08-09 16:02:42
101073,290,562,735,PENDING_PAYMENT,150.0,MEETUP,5,12:00-13:00,,,,2026-08-07 10:52:42
101074,1758,208,502,PENDING_PAYMENT,12.0,EXPRESS,,,436,SF,,2026-08-09 04:33:42
101075,2031,217,712,PENDING_PAYMENT,10.0,EXPRESS,,,452,SF,,2026-08-08 11:33:42
101076,4212,565,705,PENDING_PAYMENT,60.0,EXPRESS,,,1140,SF,,2026-08-12 00:53:42
101077,4457,420,393,PENDING_PAYMENT,200.0,EXPRESS,,,856,SF,,2026-08-13 02:12:42
101078,1154,769,193,PENDING_PAYMENT,20.0,MEETUP,23,12:00-13:00,,,,2026-08-14 23:29:42
101079,4094,796,223,PENDING_PAYMENT,3.0,EXPRESS,,,1587,SF,,2026-08-12 04:35:42
101080,4269,759,844,PENDING_PAYMENT,2.0,MEETUP,29,17:00-18:00,,,,2026-08-11 06:31:42
101081,2018,531,817,PENDING_PAYMENT,150.0,MEETUP,29,17:00-18:00,,,,2026-08-14 04:55:42
101082,3270,955,605,PENDING_PAYMENT,30.0,EXPRESS,,,1911,SF,,2026-08-09 03:40:42
101083,272,546,715,PENDING_PAYMENT,150.0,EXPRESS,,,1102,SF,,2026-08-07 02:35:42
101084,496,462,796,PENDING_PAYMENT,25.0,EXPRESS,,,942,SF,,2026-08-14 12:28:42
101085,4417,92,417,PENDING_PAYMENT,60.0,MEETUP,24,18:00-19:00,,,,2026-08-10 11:31:42
101086,2003,145,796,PENDING_PAYMENT,5.0,MEETUP,3,18:00-19:00,,,,2026-08-12 06:51:42
101087,1071,75,268,PENDING_PAYMENT,120.0,EXPRESS,,,158,SF,,2026-08-13 22:44:42
101088,4396,669,687,PENDING_PAYMENT,1.0,EXPRESS,,,1336,SF,,2026-08-09 12:49:42
101089,4833,267,438,PENDING_PAYMENT,20.0,MEETUP,27,18:00-19:00,,,,2026-08-07 14:14:42
101090,3403,944,438,PENDING_PAYMENT,8.0,EXPRESS,,,1890,SF,,2026-08-15 01:34:42
101091,4129,57,456,PENDING_PAYMENT,60.0,MEETUP,1,17:00-18:00,,,,2026-08-13 16:35:42
101092,1364,104,902,PENDING_PAYMENT,3.0,MEETUP,19,19:00-20:00,,,,2026-08-15 14:36:42
101093,1265,64,135,PENDING_PAYMENT,120.0,MEETUP,18,18:00-19:00,,,,2026-08-13 08:09:42
101094,4872,486,271,PENDING_PAYMENT,12.0,MEETUP,1,12:00-13:00,,,,2026-08-10 08:25:42
101095,1195,495,638,PENDING_PAYMENT,200.0,MEETUP,17,12:00-13:00,,,,2026-08-15 05:11:42
101096,2772,566,594,PENDING_PAYMENT,5.0,EXPRESS,,,1141,SF,,2026-08-10 12:44:42
101097,2053,854,910,PENDING_PAYMENT,8.0,EXPRESS,,,1696,SF,,2026-08-15 19:32:42
101098,1854,443,193,PENDING_PAYMENT,50.0,MEETUP,13,18:00-19:00,,,,2026-08-10 02:49:42
101099,2629,268,229,PENDING_PAYMENT,120.0,MEETUP,27,18:00-19:00,,,,2026-08-14 15:27:42
101100,3871,187,593,PENDING_PAYMENT,100.0,EXPRESS,,,391,SF,,2026-08-14 00:44:42
101101,1859,740,137,PENDING_PAYMENT,100.0,EXPRESS,,,1473,SF,,2026-08-10 03:49:42
101102,4419,309,987,PENDING_PAYMENT,10.0,EXPRESS,,,637,SF,,2026-08-14 21:27:42
101103,1554,144,443,PENDING_PAYMENT,1.0,EXPRESS,,,296,SF,,2026-08-13 18:13:42
101104,3638,404,728,PENDING_PAYMENT,3.0,EXPRESS,,,816,SF,,2026-08-11 22:55:42
101105,106,102,175,PENDING_PAYMENT,120.0,EXPRESS,,,212,SF,,2026-08-10 06:18:42
101106,4901,843,900,PENDING_PAYMENT,50.0,EXPRESS,,,1674,SF,,2026-08-11 00:31:42
101107,193,455,776,PENDING_PAYMENT,200.0,MEETUP,5,18:00-19:00,,,,2026-08-16 01:39:42
101108,3889,392,597,PENDING_PAYMENT,10.0,EXPRESS,,,794,SF,,2026-08-14 18:06:42
101109,2844,391,345,PENDING_PAYMENT,2.0,MEETUP,6,18:00-19:00,,,,2026-08-09 15:21:42
101110,486,193,854,PENDING_PAYMENT,1.0,MEETUP,26,18:00-19:00,,,,2026-08-13 04:49:42
101111,493,925,886,PENDING_PAYMENT,5.0,EXPRESS,,,1849,SF,,2026-08-10 22:22:42
101112,1533,389,690,PENDING_PAYMENT,25.0,MEETUP,19,19:00-20:00,,,,2026-08-16 18:09:42
101113,3727,323,70,PENDING_PAYMENT,150.0,MEETUP,15,19:00-20:00,,,,2026-08-11 14:45:42
101114,607,467,435,PENDING_PAYMENT,80.0,MEETUP,14,19:00-20:00,,,,2026-08-09 04:03:42
101115,2493,872,667,PENDING_PAYMENT,200.0,MEETUP,17,17:00-18:00,,,,2026-08-15 20:15:42
101116,550,409,505,PENDING_PAYMENT,80.0,MEETUP,23,19:00-20:00,,,,2026-08-08 10:47:42
101117,3477,901,26,PENDING_PAYMENT,3.0,MEETUP,30,17:00-18:00,,,,2026-08-10 16:20:42
101118,4804,97,225,PENDING_PAYMENT,12.0,MEETUP,11,18:00-19:00,,,,2026-08-06 19:28:42
101119,2981,469,387,PENDING_PAYMENT,200.0,MEETUP,15,17:00-18:00,,,,2026-08-08 03:02:42
101120,4524,116,539,PENDING_PAYMENT,60.0,EXPRESS,,,238,SF,,2026-08-12 04:31:42
101121,1515,827,369,PENDING_PAYMENT,5.0,MEETUP,17,12:00-13:00,,,,2026-08-14 06:03:42
101122,4001,60,479,PENDING_PAYMENT,3.0,EXPRESS,,,130,SF,,2026-08-15 01:28:42
101123,3787,695,473,PENDING_PAYMENT,120.0,EXPRESS,,,1385,SF,,2026-08-10 10:51:42
101124,4252,127,928,PENDING_PAYMENT,1.0,EXPRESS,,,261,SF,,2026-08-16 09:59:42
101125,4719,593,414,PENDING_PAYMENT,12.0,MEETUP,5,17:00-18:00,,,,2026-08-10 12:06:42
101126,1190,151,856,PENDING_PAYMENT,15.0,MEETUP,29,17:00-18:00,,,,2026-08-07 04:17:42
101127,4184,5,568,PENDING_PAYMENT,10.0,MEETUP,7,18:00-19:00,,,,2026-08-09 14:08:42
101128,347,962,481,PENDING_PAYMENT,100.0,EXPRESS,,,1929,SF,,2026-08-13 01:09:42
101129,3457,397,856,PENDING_PAYMENT,80.0,EXPRESS,,,805,SF,,2026-08-14 23:28:42
101130,3067,215,435,PENDING_PAYMENT,200.0,EXPRESS,,,450,SF,,2026-08-09 18:40:42
101131,1418,493,431,PENDING_PAYMENT,10.0,EXPRESS,,,1001,SF,,2026-08-12 11:21:42
101132,1941,632,830,PENDING_PAYMENT,200.0,EXPRESS,,,1259,SF,,2026-08-16 07:59:42
101133,1799,15,719,PENDING_PAYMENT,120.0,MEETUP,7,19:00-20:00,,,,2026-08-16 15:37:42
101134,3518,856,955,PENDING_PAYMENT,3.0,EXPRESS,,,1700,SF,,2026-08-11 16:50:42
101135,4423,693,905,PENDING_PAYMENT,50.0,MEETUP,29,19:00-20:00,,,,2026-08-16 11:45:42
101136,1391,304,828,PENDING_PAYMENT,10.0,MEETUP,8,19:00-20:00,,,,2026-08-16 08:59:42
101137,1600,460,894,PENDING_PAYMENT,25.0,EXPRESS,,,938,SF,,2026-08-11 04:14:42
101138,3237,447,310,PENDING_PAYMENT,12.0,MEETUP,19,18:00-19:00,,,,2026-08-16 01:50:42
101139,4678,988,801,PENDING_PAYMENT,30.0,MEETUP,16,18:00-19:00,,,,2026-08-08 10:10:42
101140,4268,938,122,PENDING_PAYMENT,1.0,MEETUP,16,19:00-20:00,,,,2026-08-11 00:36:42
101141,3701,619,91,PENDING_PAYMENT,150.0,MEETUP,28,17:00-18:00,,,,2026-08-08 20:59:42
101142,428,86,368,PENDING_PAYMENT,30.0,MEETUP,9,19:00-20:00,,,,2026-08-09 07:16:42
101143,2578,496,334,PENDING_PAYMENT,15.0,EXPRESS,,,1007,SF,,2026-08-13 03:48:42
101144,585,616,224,PENDING_PAYMENT,12.0,MEETUP,11,12:00-13:00,,,,2026-08-09 18:20:42
101145,3734,932,545,PENDING_PAYMENT,8.0,MEETUP,14,18:00-19:00,,,,2026-08-16 02:04:42
101146,900,479,498,PENDING_PAYMENT,60.0,MEETUP,7,19:00-20:00,,,,2026-08-10 16:42:42
101147,2681,167,54,PENDING_PAYMENT,200.0,EXPRESS,,,346,SF,,2026-08-08 15:28:42
101148,4754,906,127,PENDING_PAYMENT,12.0,EXPRESS,,,1806,SF,,2026-08-12 20:10:42
101149,4456,266,992,PENDING_PAYMENT,15.0,EXPRESS,,,553,SF,,2026-08-12 13:15:42
101150,3805,137,174,PENDING_PAYMENT,50.0,EXPRESS,,,280,SF,,2026-08-09 07:07:42
101151,1662,811,946,PENDING_PAYMENT,25.0,EXPRESS,,,1614,SF,,2026-08-16 16:37:42
101152,4244,152,791,PENDING_PAYMENT,12.0,MEETUP,7,19:00-20:00,,,,2026-08-07 13:32:42
101153,4692,749,146,PENDING_PAYMENT,50.0,EXPRESS,,,1494,SF,,2026-08-09 21:35:42
101154,69,389,134,PENDING_PAYMENT,12.0,EXPRESS,,,785,SF,,2026-08-15 16:30:42
101155,2830,345,361,PENDING_PAYMENT,150.0,EXPRESS,,,702,SF,,2026-08-15 16:33:42
101156,239,244,453,PENDING_PAYMENT,150.0,EXPRESS,,,505,SF,,2026-08-11 01:49:42
101157,4456,694,992,PENDING_PAYMENT,15.0,MEETUP,22,12:00-13:00,,,,2026-08-10 06:14:42
101158,244,365,749,PENDING_PAYMENT,15.0,EXPRESS,,,744,SF,,2026-08-09 03:13:42
101159,1522,655,719,PENDING_PAYMENT,200.0,MEETUP,7,19:00-20:00,,,,2026-08-16 17:21:42
101160,2240,751,772,PENDING_PAYMENT,25.0,MEETUP,18,12:00-13:00,,,,2026-08-15 19:28:42
101161,2013,738,227,PENDING_PAYMENT,1.0,MEETUP,16,17:00-18:00,,,,2026-08-13 05:18:42
101162,935,14,420,PENDING_PAYMENT,120.0,EXPRESS,,,32,SF,,2026-08-14 16:19:42
101163,816,831,597,PENDING_PAYMENT,25.0,EXPRESS,,,1651,SF,,2026-08-15 20:13:42
101164,903,443,643,PENDING_PAYMENT,10.0,EXPRESS,,,901,SF,,2026-08-10 01:53:42
101165,256,277,822,PENDING_PAYMENT,12.0,EXPRESS,,,576,SF,,2026-08-15 08:43:42
101166,2708,484,631,PENDING_PAYMENT,200.0,MEETUP,1,17:00-18:00,,,,2026-08-11 02:27:42
101167,659,497,683,PENDING_PAYMENT,3.0,MEETUP,29,17:00-18:00,,,,2026-08-16 17:13:42
101168,2879,962,764,PENDING_PAYMENT,80.0,EXPRESS,,,1929,SF,,2026-08-15 21:59:42
101169,890,768,156,PENDING_PAYMENT,200.0,EXPRESS,,,1536,SF,,2026-08-15 22:35:42
101170,1534,604,297,PENDING_PAYMENT,15.0,EXPRESS,,,1207,SF,,2026-08-13 14:33:42
101171,2836,680,472,PENDING_PAYMENT,12.0,EXPRESS,,,1359,SF,,2026-08-13 10:17:42
101172,1402,703,341,PENDING_PAYMENT,60.0,MEETUP,6,12:00-13:00,,,,2026-08-13 21:36:42
101173,1632,815,962,PENDING_PAYMENT,15.0,MEETUP,5,18:00-19:00,,,,2026-08-07 21:15:42
101174,1662,253,946,PENDING_PAYMENT,25.0,MEETUP,7,19:00-20:00,,,,2026-08-15 11:47:42
101175,1145,504,792,PENDING_PAYMENT,8.0,EXPRESS,,,1022,SF,,2026-08-11 22:12:42
101176,3962,971,594,PENDING_PAYMENT,15.0,EXPRESS,,,1945,SF,,2026-08-08 22:00:42
101177,1884,13,528,PENDING_PAYMENT,80.0,MEETUP,4,12:00-13:00,,,,2026-08-08 22:09:42
101178,4558,14,519,PENDING_PAYMENT,30.0,EXPRESS,,,32,SF,,2026-08-10 03:22:42
101179,2499,348,816,PENDING_PAYMENT,5.0,MEETUP,30,17:00-18:00,,,,2026-08-11 22:14:42
101180,1567,747,40,PENDING_PAYMENT,150.0,MEETUP,12,19:00-20:00,,,,2026-08-08 09:41:42
101181,3733,41,74,PENDING_PAYMENT,100.0,MEETUP,22,12:00-13:00,,,,2026-08-07 21:53:42
101182,1632,203,962,PENDING_PAYMENT,15.0,EXPRESS,,,425,SF,,2026-08-13 06:42:42
101183,3939,723,526,PENDING_PAYMENT,10.0,EXPRESS,,,1438,SF,,2026-08-10 18:35:42
101184,493,226,886,PENDING_PAYMENT,5.0,MEETUP,24,18:00-19:00,,,,2026-08-15 15:30:42
101185,1936,819,428,PENDING_PAYMENT,50.0,EXPRESS,,,1628,SF,,2026-08-10 20:57:42
101186,3695,641,361,PENDING_PAYMENT,12.0,MEETUP,14,17:00-18:00,,,,2026-08-11 11:55:42
101187,2008,274,429,PENDING_PAYMENT,10.0,MEETUP,26,19:00-20:00,,,,2026-08-16 13:27:42
101188,1936,192,428,PENDING_PAYMENT,50.0,MEETUP,13,17:00-18:00,,,,2026-08-09 14:15:42
101189,4240,476,326,PENDING_PAYMENT,8.0,MEETUP,5,17:00-18:00,,,,2026-08-07 09:08:42
101190,116,17,489,PENDING_PAYMENT,200.0,EXPRESS,,,37,SF,,2026-08-15 16:55:42
101191,1528,583,84,PENDING_PAYMENT,100.0,MEETUP,20,18:00-19:00,,,,2026-08-16 00:06:42
101192,4714,423,217,PENDING_PAYMENT,100.0,EXPRESS,,,865,SF,,2026-08-09 01:19:42
101193,2936,647,348,PENDING_PAYMENT,10.0,EXPRESS,,,1288,SF,,2026-08-10 23:12:42
101194,4293,676,575,PENDING_PAYMENT,25.0,MEETUP,25,19:00-20:00,,,,2026-08-15 11:59:42
101195,309,228,185,PENDING_PAYMENT,20.0,MEETUP,29,17:00-18:00,,,,2026-08-08 09:36:42
101196,1424,738,9,PENDING_PAYMENT,120.0,MEETUP,4,17:00-18:00,,,,2026-08-08 09:08:42
101197,1671,223,313,PENDING_PAYMENT,8.0,MEETUP,3,17:00-18:00,,,,2026-08-13 16:59:42
101198,503,663,944,PENDING_PAYMENT,3.0,MEETUP,10,17:00-18:00,,,,2026-08-07 08:31:42
101199,12,195,990,PENDING_PAYMENT,5.0,MEETUP,25,17:00-18:00,,,,2026-08-07 12:12:42
101200,15,596,976,PENDING_PAYMENT,50.0,EXPRESS,,,1191,SF,,2026-08-08 22:44:42
101201,217,174,163,PENDING_PAYMENT,30.0,MEETUP,25,19:00-20:00,,,,2026-08-11 14:52:42
101202,163,859,412,PENDING_PAYMENT,30.0,MEETUP,11,18:00-19:00,,,,2026-08-09 23:42:42
101203,687,524,72,PENDING_PAYMENT,10.0,EXPRESS,,,1068,SF,,2026-08-09 20:45:42
101204,1826,836,835,PENDING_PAYMENT,2.0,MEETUP,9,17:00-18:00,,,,2026-08-08 03:37:42
101205,2472,237,606,PENDING_PAYMENT,1.0,EXPRESS,,,495,SF,,2026-08-16 07:41:42
101206,2885,631,165,PENDING_PAYMENT,50.0,EXPRESS,,,1255,SF,,2026-08-09 05:40:42
101207,118,36,475,PENDING_PAYMENT,15.0,EXPRESS,,,75,SF,,2026-08-12 22:44:42
101208,2665,141,814,PENDING_PAYMENT,2.0,EXPRESS,,,289,SF,,2026-08-07 03:58:42
101209,3161,498,620,PENDING_PAYMENT,80.0,EXPRESS,,,1010,SF,,2026-08-13 00:49:42
101210,2247,150,437,PENDING_PAYMENT,60.0,MEETUP,8,19:00-20:00,,,,2026-08-11 06:16:42
101211,2541,65,628,PENDING_PAYMENT,200.0,EXPRESS,,,138,SF,,2026-08-15 09:54:42
101212,833,241,584,PENDING_PAYMENT,8.0,EXPRESS,,,500,SF,,2026-08-13 23:32:42
101213,1974,728,154,PENDING_PAYMENT,150.0,MEETUP,24,19:00-20:00,,,,2026-08-15 01:56:42
101214,4802,262,291,PENDING_PAYMENT,200.0,MEETUP,18,18:00-19:00,,,,2026-08-16 01:11:42
101215,4367,782,104,PENDING_PAYMENT,200.0,EXPRESS,,,1559,SF,,2026-08-13 02:55:42
101216,1500,675,205,PENDING_PAYMENT,20.0,EXPRESS,,,1349,SF,,2026-08-15 14:07:42
101217,419,51,42,PENDING_PAYMENT,12.0,EXPRESS,,,111,SF,,2026-08-10 09:56:42
101218,4541,911,562,PENDING_PAYMENT,150.0,EXPRESS,,,1817,SF,,2026-08-15 07:33:42
101219,4649,877,23,PENDING_PAYMENT,10.0,EXPRESS,,,1743,SF,,2026-08-08 03:03:42
101220,259,193,777,PENDING_PAYMENT,2.0,MEETUP,30,12:00-13:00,,,,2026-08-08 04:55:42
101221,1958,629,941,PENDING_PAYMENT,15.0,EXPRESS,,,1252,SF,,2026-08-08 01:20:42
101222,4234,287,341,PENDING_PAYMENT,100.0,MEETUP,26,17:00-18:00,,,,2026-08-10 23:39:42
101223,72,139,566,PENDING_PAYMENT,3.0,MEETUP,14,12:00-13:00,,,,2026-08-10 01:51:42
101224,1864,351,306,PENDING_PAYMENT,5.0,EXPRESS,,,715,SF,,2026-08-10 14:46:42
101225,2215,702,959,PENDING_PAYMENT,8.0,EXPRESS,,,1400,SF,,2026-08-14 05:34:42
101226,2981,422,387,PENDING_PAYMENT,200.0,MEETUP,12,19:00-20:00,,,,2026-08-09 14:03:42
101227,1877,347,164,PENDING_PAYMENT,60.0,EXPRESS,,,706,SF,,2026-08-09 14:26:42
101228,2299,974,990,PENDING_PAYMENT,80.0,EXPRESS,,,1951,SF,,2026-08-06 21:44:42
101229,3828,44,861,PENDING_PAYMENT,3.0,EXPRESS,,,95,SF,,2026-08-07 09:56:42
101230,2280,387,912,PENDING_PAYMENT,3.0,MEETUP,15,17:00-18:00,,,,2026-08-11 11:30:42
101231,460,430,642,PENDING_PAYMENT,60.0,EXPRESS,,,879,SF,,2026-08-08 19:12:42
101232,23,433,83,PENDING_PAYMENT,60.0,EXPRESS,,,884,SF,,2026-08-15 23:08:42
101233,520,701,765,PENDING_PAYMENT,3.0,MEETUP,13,12:00-13:00,,,,2026-08-13 22:23:42
101234,3730,939,802,PENDING_PAYMENT,200.0,MEETUP,1,19:00-20:00,,,,2026-08-15 15:54:42
101235,3514,966,384,PENDING_PAYMENT,3.0,EXPRESS,,,1935,SF,,2026-08-14 12:46:42
101236,2924,690,652,PENDING_PAYMENT,80.0,EXPRESS,,,1376,SF,,2026-08-16 01:21:42
101237,809,292,978,PENDING_PAYMENT,5.0,EXPRESS,,,613,SF,,2026-08-09 21:02:42
101238,2695,269,822,PENDING_PAYMENT,50.0,MEETUP,23,12:00-13:00,,,,2026-08-14 10:10:42
101239,1430,988,286,PENDING_PAYMENT,5.0,MEETUP,20,19:00-20:00,,,,2026-08-16 05:06:42
101240,675,256,766,PENDING_PAYMENT,100.0,MEETUP,26,12:00-13:00,,,,2026-08-08 20:45:42
101241,2563,843,427,PENDING_PAYMENT,80.0,MEETUP,23,12:00-13:00,,,,2026-08-08 05:28:42
101242,3633,530,200,PENDING_PAYMENT,5.0,MEETUP,7,19:00-20:00,,,,2026-08-09 08:28:42
101243,3721,422,385,PENDING_PAYMENT,3.0,EXPRESS,,,863,SF,,2026-08-11 20:59:42
101244,4560,407,292,PENDING_PAYMENT,50.0,MEETUP,15,19:00-20:00,,,,2026-08-08 07:34:42
101245,4832,742,903,PENDING_PAYMENT,1.0,EXPRESS,,,1476,SF,,2026-08-15 02:16:42
101246,3944,712,999,PENDING_PAYMENT,2.0,MEETUP,10,12:00-13:00,,,,2026-08-07 19:27:42
101247,149,951,717,PENDING_PAYMENT,15.0,EXPRESS,,,1903,SF,,2026-08-13 03:15:42
101248,4402,859,1,PENDING_PAYMENT,25.0,EXPRESS,,,1707,SF,,2026-08-09 14:10:42
101249,3374,786,308,PENDING_PAYMENT,30.0,EXPRESS,,,1566,SF,,2026-08-14 06:08:42
101250,4251,113,965,PENDING_PAYMENT,10.0,MEETUP,14,12:00-13:00,,,,2026-08-10 21:09:42
101251,1821,409,254,PENDING_PAYMENT,1.0,EXPRESS,,,826,SF,,2026-08-08 20:30:42
101252,1093,48,872,PENDING_PAYMENT,1.0,MEETUP,22,17:00-18:00,,,,2026-08-16 03:36:42
101253,4811,910,278,PENDING_PAYMENT,15.0,EXPRESS,,,1814,SF,,2026-08-07 05:44:42
101254,2283,92,647,PENDING_PAYMENT,80.0,MEETUP,30,17:00-18:00,,,,2026-08-12 08:17:42
101255,890,743,156,PENDING_PAYMENT,200.0,MEETUP,8,12:00-13:00,,,,2026-08-11 21:12:42
101256,688,277,784,PENDING_PAYMENT,60.0,MEETUP,3,18:00-19:00,,,,2026-08-08 14:34:42
101257,2091,981,121,PENDING_PAYMENT,10.0,EXPRESS,,,1963,SF,,2026-08-12 11:36:42
101258,1785,555,641,PENDING_PAYMENT,200.0,MEETUP,12,12:00-13:00,,,,2026-08-16 01:56:42
101259,3132,970,180,PENDING_PAYMENT,30.0,MEETUP,2,18:00-19:00,,,,2026-08-15 17:43:42
101260,2058,710,457,PENDING_PAYMENT,1.0,MEETUP,12,18:00-19:00,,,,2026-08-06 21:07:42
101261,1122,736,63,PENDING_PAYMENT,30.0,MEETUP,10,18:00-19:00,,,,2026-08-14 02:40:42
101262,2889,852,928,PENDING_PAYMENT,5.0,MEETUP,15,12:00-13:00,,,,2026-08-10 18:27:42
101263,3952,663,612,PENDING_PAYMENT,2.0,MEETUP,9,19:00-20:00,,,,2026-08-10 09:46:42
101264,1898,406,402,PENDING_PAYMENT,12.0,MEETUP,16,12:00-13:00,,,,2026-08-13 14:36:42
101265,1419,187,378,PENDING_PAYMENT,2.0,MEETUP,10,12:00-13:00,,,,2026-08-08 22:26:42
101266,4811,990,278,PENDING_PAYMENT,15.0,MEETUP,25,12:00-13:00,,,,2026-08-15 04:52:42
101267,296,374,440,PENDING_PAYMENT,5.0,MEETUP,10,18:00-19:00,,,,2026-08-07 06:55:42
101268,197,97,598,PENDING_PAYMENT,15.0,MEETUP,25,19:00-20:00,,,,2026-08-15 03:45:42
101269,312,577,799,PENDING_PAYMENT,30.0,EXPRESS,,,1157,SF,,2026-08-14 04:06:42
101270,284,659,817,PENDING_PAYMENT,1.0,EXPRESS,,,1315,SF,,2026-08-15 07:45:42
101271,960,95,7,PENDING_PAYMENT,2.0,EXPRESS,,,198,SF,,2026-08-09 02:03:42
101272,3413,739,802,PENDING_PAYMENT,15.0,MEETUP,12,19:00-20:00,,,,2026-08-15 07:29:42
101273,1973,433,53,PENDING_PAYMENT,80.0,EXPRESS,,,884,SF,,2026-08-09 22:13:42
101274,2770,663,500,PENDING_PAYMENT,25.0,MEETUP,10,18:00-19:00,,,,2026-08-10 00:31:42
101275,44,785,149,PENDING_PAYMENT,3.0,EXPRESS,,,1565,SF,,2026-08-08 07:41:42
101276,3164,838,711,PENDING_PAYMENT,100.0,EXPRESS,,,1665,SF,,2026-08-07 13:20:42
101277,551,542,672,PENDING_PAYMENT,8.0,EXPRESS,,,1095,SF,,2026-08-14 20:43:42
101278,3366,240,902,PENDING_PAYMENT,2.0,EXPRESS,,,499,SF,,2026-08-13 15:41:42
101279,1996,973,947,PENDING_PAYMENT,80.0,MEETUP,3,17:00-18:00,,,,2026-08-08 19:52:42
101280,3579,739,144,PENDING_PAYMENT,80.0,EXPRESS,,,1469,SF,,2026-08-12 02:59:42
101281,4330,809,424,PENDING_PAYMENT,12.0,MEETUP,29,12:00-13:00,,,,2026-08-12 00:25:42
101282,4974,731,650,PENDING_PAYMENT,1.0,MEETUP,1,17:00-18:00,,,,2026-08-15 19:42:42
101283,1849,849,296,PENDING_PAYMENT,50.0,EXPRESS,,,1687,SF,,2026-08-10 16:23:42
101284,2744,734,99,PENDING_PAYMENT,3.0,MEETUP,6,19:00-20:00,,,,2026-08-10 04:52:42
101285,3512,264,29,PENDING_PAYMENT,10.0,EXPRESS,,,547,SF,,2026-08-07 12:07:42
101286,244,719,749,PENDING_PAYMENT,15.0,EXPRESS,,,1432,SF,,2026-08-09 05:02:42
101287,712,298,311,PENDING_PAYMENT,1.0,MEETUP,13,17:00-18:00,,,,2026-08-10 18:53:42
101288,2820,292,192,PENDING_PAYMENT,200.0,MEETUP,18,19:00-20:00,,,,2026-08-13 07:24:42
101289,2301,40,338,PENDING_PAYMENT,5.0,EXPRESS,,,85,SF,,2026-08-09 09:39:42
101290,2433,298,752,PENDING_PAYMENT,12.0,MEETUP,8,17:00-18:00,,,,2026-08-11 01:14:42
101291,1483,737,366,PENDING_PAYMENT,20.0,MEETUP,25,18:00-19:00,,,,2026-08-11 14:30:42
101292,1869,471,97,PENDING_PAYMENT,50.0,MEETUP,8,12:00-13:00,,,,2026-08-10 15:24:42
101293,3923,633,900,PENDING_PAYMENT,5.0,MEETUP,10,17:00-18:00,,,,2026-08-07 20:50:42
101294,434,11,5,PENDING_PAYMENT,10.0,EXPRESS,,,24,SF,,2026-08-15 18:35:42
101295,4884,648,388,PENDING_PAYMENT,150.0,EXPRESS,,,1290,SF,,2026-08-09 06:48:42
101296,2091,5,121,PENDING_PAYMENT,10.0,EXPRESS,,,14,SF,,2026-08-10 02:26:42
101297,925,883,946,PENDING_PAYMENT,60.0,EXPRESS,,,1754,SF,,2026-08-09 11:01:42
101298,1847,570,872,PENDING_PAYMENT,8.0,MEETUP,26,12:00-13:00,,,,2026-08-15 23:44:42
101299,437,48,63,PENDING_PAYMENT,100.0,MEETUP,4,18:00-19:00,,,,2026-08-06 19:22:42
101300,4930,142,913,PENDING_PAYMENT,200.0,MEETUP,22,19:00-20:00,,,,2026-08-08 06:59:42
101301,186,588,292,PENDING_PAYMENT,15.0,EXPRESS,,,1175,SF,,2026-08-07 12:16:42
101302,4268,858,122,PENDING_PAYMENT,1.0,MEETUP,22,19:00-20:00,,,,2026-08-12 06:17:42
101303,92,644,356,PENDING_PAYMENT,120.0,EXPRESS,,,1281,SF,,2026-08-15 18:16:42
101304,3501,37,82,PENDING_PAYMENT,1.0,MEETUP,29,17:00-18:00,,,,2026-08-07 19:46:42
101305,1210,700,776,PENDING_PAYMENT,5.0,MEETUP,18,17:00-18:00,,,,2026-08-14 11:32:42
101306,1736,470,824,PENDING_PAYMENT,30.0,EXPRESS,,,956,SF,,2026-08-09 14:26:42
101307,305,342,702,PENDING_PAYMENT,10.0,MEETUP,25,18:00-19:00,,,,2026-08-15 22:51:42
101308,4454,874,781,PENDING_PAYMENT,200.0,EXPRESS,,,1737,SF,,2026-08-16 05:16:42
101309,3289,369,788,PENDING_PAYMENT,12.0,EXPRESS,,,751,SF,,2026-08-10 03:09:42
101310,3811,560,179,PENDING_PAYMENT,10.0,EXPRESS,,,1127,SF,,2026-08-13 18:23:42
101311,2083,837,236,PENDING_PAYMENT,2.0,MEETUP,20,19:00-20:00,,,,2026-08-14 17:57:42
101312,323,402,224,PENDING_PAYMENT,30.0,EXPRESS,,,811,SF,,2026-08-13 23:34:42
101313,3501,521,82,PENDING_PAYMENT,1.0,EXPRESS,,,1060,SF,,2026-08-09 09:23:42
101314,4802,780,291,PENDING_PAYMENT,200.0,MEETUP,13,19:00-20:00,,,,2026-08-16 05:08:42
101315,538,581,857,PENDING_PAYMENT,25.0,EXPRESS,,,1167,SF,,2026-08-16 18:42:42
101316,4293,79,575,PENDING_PAYMENT,25.0,EXPRESS,,,167,SF,,2026-08-12 11:59:42
101317,4574,554,141,PENDING_PAYMENT,200.0,MEETUP,3,18:00-19:00,,,,2026-08-13 16:33:42
101318,52,11,789,PENDING_PAYMENT,15.0,EXPRESS,,,24,SF,,2026-08-10 21:43:42
101319,2478,705,4,PENDING_PAYMENT,25.0,EXPRESS,,,1407,SF,,2026-08-14 08:34:42
101320,3258,71,52,PENDING_PAYMENT,60.0,EXPRESS,,,148,SF,,2026-08-09 02:36:42
101321,1791,905,742,PENDING_PAYMENT,60.0,EXPRESS,,,1804,SF,,2026-08-16 15:06:42
101322,4274,763,146,PENDING_PAYMENT,100.0,MEETUP,6,18:00-19:00,,,,2026-08-08 21:19:42
101323,4191,993,531,PENDING_PAYMENT,150.0,MEETUP,23,19:00-20:00,,,,2026-08-07 07:11:42
101324,1895,661,279,PENDING_PAYMENT,25.0,EXPRESS,,,1320,SF,,2026-08-11 21:09:42
101325,3335,779,387,PENDING_PAYMENT,20.0,MEETUP,25,19:00-20:00,,,,2026-08-16 10:07:42
101326,1506,336,470,PENDING_PAYMENT,2.0,MEETUP,9,12:00-13:00,,,,2026-08-14 22:56:42
101327,1981,944,395,PENDING_PAYMENT,20.0,EXPRESS,,,1890,SF,,2026-08-07 19:37:42
101328,1933,733,231,PENDING_PAYMENT,5.0,MEETUP,9,18:00-19:00,,,,2026-08-11 03:10:42
101329,2545,847,383,PENDING_PAYMENT,5.0,MEETUP,10,17:00-18:00,,,,2026-08-11 00:33:42
101330,619,162,365,PENDING_PAYMENT,60.0,MEETUP,18,19:00-20:00,,,,2026-08-07 08:46:42
101331,4787,783,243,PENDING_PAYMENT,12.0,MEETUP,28,17:00-18:00,,,,2026-08-15 17:28:42
101332,1264,552,925,PENDING_PAYMENT,10.0,EXPRESS,,,1113,SF,,2026-08-14 15:12:42
101333,352,41,88,PENDING_PAYMENT,200.0,EXPRESS,,,88,SF,,2026-08-10 23:53:42
101334,626,208,593,PENDING_PAYMENT,10.0,MEETUP,24,18:00-19:00,,,,2026-08-09 18:14:42
101335,2493,294,667,PENDING_PAYMENT,200.0,MEETUP,26,18:00-19:00,,,,2026-08-08 14:46:42
101336,2288,774,919,PENDING_PAYMENT,10.0,MEETUP,26,12:00-13:00,,,,2026-08-14 08:16:42
101337,2657,517,451,PENDING_PAYMENT,200.0,EXPRESS,,,1052,SF,,2026-08-09 12:17:42
101338,1804,621,219,PENDING_PAYMENT,25.0,EXPRESS,,,1236,SF,,2026-08-13 22:30:42
101339,62,557,966,PENDING_PAYMENT,1.0,EXPRESS,,,1122,SF,,2026-08-16 14:13:42
101340,3222,162,769,PENDING_PAYMENT,200.0,EXPRESS,,,337,SF,,2026-08-11 21:07:42
101341,1947,863,653,PENDING_PAYMENT,20.0,EXPRESS,,,1715,SF,,2026-08-07 07:17:42
101342,2610,418,781,PENDING_PAYMENT,20.0,MEETUP,15,17:00-18:00,,,,2026-08-16 03:52:42
101343,2026,446,708,PENDING_PAYMENT,20.0,EXPRESS,,,907,SF,,2026-08-09 12:31:42
101344,1804,921,219,PENDING_PAYMENT,25.0,MEETUP,4,18:00-19:00,,,,2026-08-14 02:57:42
101345,3960,206,893,PENDING_PAYMENT,200.0,EXPRESS,,,431,SF,,2026-08-08 16:48:42
101346,4355,309,696,PENDING_PAYMENT,12.0,EXPRESS,,,637,SF,,2026-08-08 00:01:42
101347,139,366,532,PENDING_PAYMENT,2.0,MEETUP,19,12:00-13:00,,,,2026-08-08 09:37:42
101348,412,583,992,PENDING_PAYMENT,8.0,MEETUP,2,17:00-18:00,,,,2026-08-11 07:56:42
101349,4227,468,290,PENDING_PAYMENT,15.0,MEETUP,11,19:00-20:00,,,,2026-08-13 15:42:42
101350,183,184,177,PENDING_PAYMENT,10.0,MEETUP,28,12:00-13:00,,,,2026-08-13 04:07:42
101351,2015,954,229,PENDING_PAYMENT,3.0,EXPRESS,,,1908,SF,,2026-08-16 07:15:42
101352,1907,206,298,PENDING_PAYMENT,80.0,EXPRESS,,,431,SF,,2026-08-15 05:38:42
101353,3770,557,43,PENDING_PAYMENT,3.0,EXPRESS,,,1123,SF,,2026-08-15 20:29:42
101354,257,640,321,PENDING_PAYMENT,50.0,MEETUP,7,19:00-20:00,,,,2026-08-14 23:21:42
101355,3118,362,847,PENDING_PAYMENT,50.0,EXPRESS,,,738,SF,,2026-08-16 14:10:42
101356,571,833,435,PENDING_PAYMENT,5.0,EXPRESS,,,1654,SF,,2026-08-11 10:21:42
101357,864,578,163,PENDING_PAYMENT,3.0,MEETUP,6,17:00-18:00,,,,2026-08-16 05:56:42
101358,550,362,505,PENDING_PAYMENT,80.0,MEETUP,22,18:00-19:00,,,,2026-08-16 16:17:42
101359,648,449,551,PENDING_PAYMENT,3.0,EXPRESS,,,915,SF,,2026-08-07 20:27:42
101360,4622,322,264,PENDING_PAYMENT,8.0,MEETUP,28,18:00-19:00,,,,2026-08-08 22:11:42
101361,260,12,949,PENDING_PAYMENT,8.0,EXPRESS,,,26,SF,,2026-08-14 08:03:42
101362,362,78,757,PENDING_PAYMENT,10.0,EXPRESS,,,165,SF,,2026-08-10 23:51:42
101363,3809,703,803,PENDING_PAYMENT,80.0,EXPRESS,,,1402,SF,,2026-08-07 13:43:42
101364,4612,805,810,PENDING_PAYMENT,15.0,MEETUP,14,12:00-13:00,,,,2026-08-11 22:38:42
101365,3972,19,313,PENDING_PAYMENT,150.0,EXPRESS,,,40,SF,,2026-08-10 05:52:42
101366,2940,505,646,PENDING_PAYMENT,60.0,EXPRESS,,,1025,SF,,2026-08-14 03:42:42
101367,4732,867,602,PENDING_PAYMENT,150.0,MEETUP,3,12:00-13:00,,,,2026-08-13 19:01:42
101368,2665,607,814,PENDING_PAYMENT,2.0,MEETUP,5,12:00-13:00,,,,2026-08-07 20:17:42
101369,4391,460,452,PENDING_PAYMENT,8.0,MEETUP,4,19:00-20:00,,,,2026-08-13 21:37:42
101370,2087,276,971,PENDING_PAYMENT,8.0,EXPRESS,,,573,SF,,2026-08-09 23:29:42
101371,675,221,766,PENDING_PAYMENT,100.0,EXPRESS,,,459,SF,,2026-08-13 10:54:42
101372,4434,686,802,PENDING_PAYMENT,15.0,EXPRESS,,,1368,SF,,2026-08-08 08:41:42
101373,999,326,764,PENDING_PAYMENT,60.0,MEETUP,26,17:00-18:00,,,,2026-08-08 22:37:42
101374,1983,577,691,PENDING_PAYMENT,25.0,MEETUP,20,12:00-13:00,,,,2026-08-07 15:12:42
101375,3114,361,600,PENDING_PAYMENT,100.0,EXPRESS,,,736,SF,,2026-08-07 09:57:42
101376,4424,25,530,PENDING_PAYMENT,3.0,EXPRESS,,,52,SF,,2026-08-16 00:13:42
101377,2591,818,355,PENDING_PAYMENT,8.0,MEETUP,24,19:00-20:00,,,,2026-08-07 08:23:42
101378,3236,61,330,PENDING_PAYMENT,15.0,EXPRESS,,,131,SF,,2026-08-11 17:02:42
101379,4875,195,719,PENDING_PAYMENT,5.0,MEETUP,21,17:00-18:00,,,,2026-08-16 14:52:42
101380,3421,789,309,PENDING_PAYMENT,200.0,MEETUP,26,17:00-18:00,,,,2026-08-16 08:42:42
101381,4180,290,646,PENDING_PAYMENT,150.0,EXPRESS,,,609,SF,,2026-08-08 15:42:42
101382,2051,587,285,PENDING_PAYMENT,20.0,EXPRESS,,,1174,SF,,2026-08-09 08:00:42
101383,1227,861,551,PENDING_PAYMENT,60.0,MEETUP,5,19:00-20:00,,,,2026-08-10 16:53:42
101384,1719,564,148,PENDING_PAYMENT,8.0,MEETUP,4,12:00-13:00,,,,2026-08-08 05:44:42
101385,62,783,966,PENDING_PAYMENT,1.0,EXPRESS,,,1560,SF,,2026-08-14 07:05:42
101386,2614,68,337,PENDING_PAYMENT,5.0,MEETUP,2,19:00-20:00,,,,2026-08-13 23:36:42
101387,1476,802,28,PENDING_PAYMENT,100.0,EXPRESS,,,1598,SF,,2026-08-07 03:07:42
101388,4026,17,660,PENDING_PAYMENT,15.0,EXPRESS,,,36,SF,,2026-08-13 09:34:42
101389,3096,179,300,PENDING_PAYMENT,3.0,MEETUP,12,18:00-19:00,,,,2026-08-11 14:24:42
101390,2098,157,161,PENDING_PAYMENT,15.0,MEETUP,13,12:00-13:00,,,,2026-08-07 07:07:42
101391,3974,364,268,PENDING_PAYMENT,1.0,EXPRESS,,,741,SF,,2026-08-06 19:55:42
101392,2056,331,355,PENDING_PAYMENT,100.0,EXPRESS,,,681,SF,,2026-08-16 05:35:42
101393,2467,737,68,PENDING_PAYMENT,3.0,EXPRESS,,,1464,SF,,2026-08-07 14:36:42
101394,460,672,642,PENDING_PAYMENT,60.0,EXPRESS,,,1343,SF,,2026-08-10 15:56:42
101395,885,888,227,PENDING_PAYMENT,100.0,EXPRESS,,,1764,SF,,2026-08-16 04:38:42
101396,4541,622,562,PENDING_PAYMENT,150.0,MEETUP,1,19:00-20:00,,,,2026-08-15 01:53:42
101397,1253,895,787,PENDING_PAYMENT,120.0,MEETUP,30,17:00-18:00,,,,2026-08-15 07:32:42
101398,3539,922,650,PENDING_PAYMENT,1.0,EXPRESS,,,1840,SF,,2026-08-11 13:48:42
101399,3366,201,902,PENDING_PAYMENT,2.0,EXPRESS,,,421,SF,,2026-08-11 19:38:42
101400,2468,994,358,PENDING_PAYMENT,25.0,EXPRESS,,,1983,SF,,2026-08-09 05:35:42
101401,2512,468,797,PENDING_PAYMENT,80.0,MEETUP,26,18:00-19:00,,,,2026-08-10 23:40:42
101402,4386,599,46,PENDING_PAYMENT,30.0,EXPRESS,,,1197,SF,,2026-08-10 20:58:42
101403,963,884,611,PENDING_PAYMENT,12.0,EXPRESS,,,1755,SF,,2026-08-10 20:23:42
101404,173,510,326,PENDING_PAYMENT,30.0,EXPRESS,,,1038,SF,,2026-08-14 15:45:42
101405,11,800,743,PENDING_PAYMENT,10.0,MEETUP,25,19:00-20:00,,,,2026-08-13 05:55:42
101406,91,109,167,PENDING_PAYMENT,200.0,EXPRESS,,,224,SF,,2026-08-14 11:44:42
101407,2001,135,951,PENDING_PAYMENT,100.0,MEETUP,25,18:00-19:00,,,,2026-08-13 21:58:42
101408,278,271,442,PENDING_PAYMENT,150.0,MEETUP,16,17:00-18:00,,,,2026-08-07 08:41:42
101409,4187,299,855,PENDING_PAYMENT,25.0,MEETUP,1,19:00-20:00,,,,2026-08-14 20:23:42
101410,2489,421,629,PENDING_PAYMENT,5.0,EXPRESS,,,858,SF,,2026-08-07 18:40:42
101411,2707,113,179,PENDING_PAYMENT,25.0,EXPRESS,,,233,SF,,2026-08-13 11:56:42
101412,1906,100,972,PENDING_PAYMENT,200.0,MEETUP,19,17:00-18:00,,,,2026-08-09 19:53:42
101413,2915,715,929,PENDING_PAYMENT,8.0,EXPRESS,,,1424,SF,,2026-08-15 21:27:42
101414,1651,91,933,PENDING_PAYMENT,100.0,MEETUP,12,19:00-20:00,,,,2026-08-09 05:12:42
101415,1435,956,338,PENDING_PAYMENT,1.0,MEETUP,17,19:00-20:00,,,,2026-08-11 01:47:42
101416,3319,240,749,PENDING_PAYMENT,200.0,MEETUP,26,12:00-13:00,,,,2026-08-10 16:23:42
101417,464,194,887,PENDING_PAYMENT,100.0,MEETUP,26,17:00-18:00,,,,2026-08-08 04:04:42
101418,4758,780,676,PENDING_PAYMENT,15.0,EXPRESS,,,1555,SF,,2026-08-10 12:12:42
101419,2316,8,878,PENDING_PAYMENT,12.0,EXPRESS,,,21,SF,,2026-08-09 07:32:42
101420,596,341,684,PENDING_PAYMENT,15.0,EXPRESS,,,696,SF,,2026-08-14 13:17:42
101421,4739,74,470,PENDING_PAYMENT,10.0,MEETUP,6,12:00-13:00,,,,2026-08-07 16:04:42
101422,4617,87,516,PENDING_PAYMENT,15.0,EXPRESS,,,183,SF,,2026-08-16 16:19:42
101423,4310,192,320,PENDING_PAYMENT,150.0,EXPRESS,,,401,SF,,2026-08-15 04:18:42
101424,2753,415,223,PENDING_PAYMENT,10.0,EXPRESS,,,843,SF,,2026-08-08 04:03:42
101425,3251,448,601,PENDING_PAYMENT,3.0,MEETUP,5,12:00-13:00,,,,2026-08-09 03:10:42
101426,2318,745,364,PENDING_PAYMENT,12.0,EXPRESS,,,1483,SF,,2026-08-15 07:02:42
101427,3094,369,329,PENDING_PAYMENT,30.0,EXPRESS,,,751,SF,,2026-08-13 02:58:42
101428,2752,992,641,PENDING_PAYMENT,80.0,MEETUP,10,12:00-13:00,,,,2026-08-13 13:56:42
101429,4413,808,978,PENDING_PAYMENT,8.0,MEETUP,17,12:00-13:00,,,,2026-08-15 13:16:42
101430,2999,361,21,PENDING_PAYMENT,80.0,EXPRESS,,,737,SF,,2026-08-12 08:27:42
101431,1551,333,584,PENDING_PAYMENT,100.0,MEETUP,13,18:00-19:00,,,,2026-08-16 04:49:42
101432,2496,872,61,PENDING_PAYMENT,1.0,MEETUP,7,12:00-13:00,,,,2026-08-16 10:28:42
101433,3045,147,900,PENDING_PAYMENT,10.0,EXPRESS,,,305,SF,,2026-08-15 19:39:42
101434,2915,443,929,PENDING_PAYMENT,8.0,EXPRESS,,,902,SF,,2026-08-12 12:51:42
101435,1457,589,94,PENDING_PAYMENT,3.0,MEETUP,8,17:00-18:00,,,,2026-08-10 08:49:42
101436,1255,775,542,PENDING_PAYMENT,120.0,EXPRESS,,,1545,SF,,2026-08-14 00:18:42
101437,1077,416,953,PENDING_PAYMENT,100.0,MEETUP,7,19:00-20:00,,,,2026-08-15 21:56:42
101438,275,614,123,PENDING_PAYMENT,10.0,EXPRESS,,,1224,SF,,2026-08-15 12:03:42
101439,4970,885,765,PENDING_PAYMENT,1.0,MEETUP,22,17:00-18:00,,,,2026-08-14 14:27:42
101440,3549,102,16,PENDING_PAYMENT,5.0,EXPRESS,,,212,SF,,2026-08-14 07:11:42
101441,692,90,378,PENDING_PAYMENT,3.0,EXPRESS,,,189,SF,,2026-08-14 13:40:42
101442,984,574,742,PENDING_PAYMENT,3.0,EXPRESS,,,1153,SF,,2026-08-14 20:07:42
101443,1778,176,427,PENDING_PAYMENT,12.0,EXPRESS,,,367,SF,,2026-08-09 18:43:42
101444,2387,943,56,PENDING_PAYMENT,30.0,MEETUP,20,19:00-20:00,,,,2026-08-14 19:00:42
101445,4387,96,222,PENDING_PAYMENT,60.0,EXPRESS,,,201,SF,,2026-08-11 09:41:42
101446,3293,149,945,PENDING_PAYMENT,25.0,EXPRESS,,,309,SF,,2026-08-07 19:49:42
101447,4598,476,921,PENDING_PAYMENT,120.0,MEETUP,4,19:00-20:00,,,,2026-08-08 08:47:42
101448,4854,491,875,PENDING_PAYMENT,2.0,EXPRESS,,,999,SF,,2026-08-14 02:39:42
101449,3197,564,298,PENDING_PAYMENT,20.0,EXPRESS,,,1136,SF,,2026-08-07 14:30:42
101450,539,500,31,PENDING_PAYMENT,15.0,EXPRESS,,,1013,SF,,2026-08-07 14:27:42
101451,2322,165,995,PENDING_PAYMENT,50.0,MEETUP,27,12:00-13:00,,,,2026-08-12 23:01:42
101452,980,402,317,PENDING_PAYMENT,100.0,MEETUP,2,17:00-18:00,,,,2026-08-08 16:49:42
101453,870,969,582,PENDING_PAYMENT,200.0,MEETUP,16,12:00-13:00,,,,2026-08-12 18:37:42
101454,4067,558,553,PENDING_PAYMENT,25.0,EXPRESS,,,1124,SF,,2026-08-09 09:23:42
101455,404,383,834,PENDING_PAYMENT,2.0,MEETUP,4,19:00-20:00,,,,2026-08-16 14:53:42
101456,4093,939,214,PENDING_PAYMENT,12.0,MEETUP,19,19:00-20:00,,,,2026-08-15 22:50:42
101457,3410,696,877,PENDING_PAYMENT,20.0,MEETUP,4,19:00-20:00,,,,2026-08-14 00:35:42
101458,4215,968,731,PENDING_PAYMENT,20.0,MEETUP,30,12:00-13:00,,,,2026-08-09 03:48:42
101459,4767,406,207,PENDING_PAYMENT,60.0,EXPRESS,,,820,SF,,2026-08-08 19:39:42
101460,544,703,899,PENDING_PAYMENT,30.0,EXPRESS,,,1403,SF,,2026-08-16 06:38:42
101461,4491,347,310,PENDING_PAYMENT,80.0,EXPRESS,,,707,SF,,2026-08-11 21:47:42
101462,2351,350,406,PENDING_PAYMENT,100.0,MEETUP,29,18:00-19:00,,,,2026-08-06 19:23:42
101463,4188,414,831,PENDING_PAYMENT,100.0,EXPRESS,,,842,SF,,2026-08-13 02:28:42
101464,4580,766,302,PENDING_PAYMENT,120.0,EXPRESS,,,1534,SF,,2026-08-15 13:29:42
101465,2703,906,167,PENDING_PAYMENT,5.0,MEETUP,16,19:00-20:00,,,,2026-08-10 04:40:42
101466,890,352,156,PENDING_PAYMENT,200.0,EXPRESS,,,718,SF,,2026-08-11 10:50:42
101467,3819,850,107,PENDING_PAYMENT,200.0,MEETUP,30,17:00-18:00,,,,2026-08-15 16:46:42
101468,3112,976,271,PENDING_PAYMENT,150.0,MEETUP,18,19:00-20:00,,,,2026-08-08 07:54:42
101469,3202,220,904,PENDING_PAYMENT,1.0,EXPRESS,,,457,SF,,2026-08-07 21:34:42
101470,3414,765,447,PENDING_PAYMENT,1.0,EXPRESS,,,1533,SF,,2026-08-15 18:37:42
101471,3009,669,100,PENDING_PAYMENT,3.0,EXPRESS,,,1336,SF,,2026-08-08 13:28:42
101472,1936,310,428,PENDING_PAYMENT,50.0,MEETUP,27,18:00-19:00,,,,2026-08-14 12:32:42
101473,1514,544,260,PENDING_PAYMENT,15.0,EXPRESS,,,1098,SF,,2026-08-16 08:47:42
101474,2861,85,267,PENDING_PAYMENT,80.0,MEETUP,13,17:00-18:00,,,,2026-08-09 13:35:42
101475,4376,968,309,PENDING_PAYMENT,20.0,EXPRESS,,,1938,SF,,2026-08-08 13:49:42
101476,534,643,471,PENDING_PAYMENT,3.0,EXPRESS,,,1276,SF,,2026-08-08 10:09:42
101477,4109,479,374,PENDING_PAYMENT,200.0,EXPRESS,,,971,SF,,2026-08-10 15:33:42
101478,2553,479,77,PENDING_PAYMENT,120.0,MEETUP,26,17:00-18:00,,,,2026-08-14 19:31:42
101479,1029,484,463,PENDING_PAYMENT,2.0,EXPRESS,,,982,SF,,2026-08-13 10:58:42
101480,1508,34,237,PENDING_PAYMENT,1.0,MEETUP,14,12:00-13:00,,,,2026-08-14 22:12:42
101481,1829,446,802,PENDING_PAYMENT,12.0,EXPRESS,,,907,SF,,2026-08-06 20:13:42
101482,3847,797,266,PENDING_PAYMENT,12.0,EXPRESS,,,1588,SF,,2026-08-13 20:43:42
101483,1893,651,508,PENDING_PAYMENT,100.0,EXPRESS,,,1296,SF,,2026-08-13 08:00:42
101484,4232,646,274,PENDING_PAYMENT,3.0,EXPRESS,,,1286,SF,,2026-08-07 05:40:42
101485,4576,220,505,PENDING_PAYMENT,20.0,EXPRESS,,,457,SF,,2026-08-16 04:37:42
101486,4778,995,553,PENDING_PAYMENT,20.0,MEETUP,13,12:00-13:00,,,,2026-08-11 08:35:42
101487,3569,105,470,PENDING_PAYMENT,2.0,MEETUP,26,19:00-20:00,,,,2026-08-15 21:36:42
101488,3871,662,593,PENDING_PAYMENT,100.0,EXPRESS,,,1321,SF,,2026-08-16 09:44:42
101489,2202,812,11,PENDING_PAYMENT,30.0,MEETUP,11,18:00-19:00,,,,2026-08-10 07:22:42
101490,4853,596,15,PENDING_PAYMENT,50.0,MEETUP,7,17:00-18:00,,,,2026-08-11 03:50:42
101491,3669,948,357,PENDING_PAYMENT,15.0,EXPRESS,,,1898,SF,,2026-08-13 02:03:42
101492,2221,605,968,PENDING_PAYMENT,5.0,EXPRESS,,,1208,SF,,2026-08-07 19:00:42
101493,2213,759,215,PENDING_PAYMENT,100.0,EXPRESS,,,1519,SF,,2026-08-14 03:16:42
101494,3710,158,183,PENDING_PAYMENT,15.0,MEETUP,20,17:00-18:00,,,,2026-08-09 04:08:42
101495,603,305,692,PENDING_PAYMENT,60.0,MEETUP,1,18:00-19:00,,,,2026-08-10 10:52:42
101496,4324,510,544,PENDING_PAYMENT,80.0,MEETUP,16,17:00-18:00,,,,2026-08-10 15:23:42
101497,4301,346,505,PENDING_PAYMENT,80.0,EXPRESS,,,705,SF,,2026-08-11 14:38:42
101498,2978,166,726,PENDING_PAYMENT,15.0,MEETUP,13,18:00-19:00,,,,2026-08-13 22:53:42
101499,765,114,726,PENDING_PAYMENT,80.0,MEETUP,17,17:00-18:00,,,,2026-08-07 08:39:42
101500,4604,963,707,PENDING_PAYMENT,2.0,EXPRESS,,,1930,SF,,2026-08-14 18:57:42
101501,670,667,54,PENDING_PAYMENT,3.0,MEETUP,4,18:00-19:00,,,,2026-08-07 09:05:42
101502,3463,252,279,PENDING_PAYMENT,80.0,MEETUP,8,12:00-13:00,,,,2026-08-09 00:13:42
101503,4385,259,6,PENDING_PAYMENT,20.0,MEETUP,15,19:00-20:00,,,,2026-08-07 17:49:42
101504,3826,479,858,PENDING_PAYMENT,100.0,MEETUP,29,19:00-20:00,,,,2026-08-06 22:52:42
101505,2701,960,136,PENDING_PAYMENT,20.0,MEETUP,30,17:00-18:00,,,,2026-08-09 17:12:42
101506,1012,614,412,PENDING_PAYMENT,10.0,MEETUP,13,17:00-18:00,,,,2026-08-06 19:16:42
101507,4283,826,795,PENDING_PAYMENT,120.0,EXPRESS,,,1642,SF,,2026-08-11 15:58:42
101508,2128,656,628,PENDING_PAYMENT,25.0,MEETUP,14,18:00-19:00,,,,2026-08-10 13:19:42
101509,3122,731,991,PENDING_PAYMENT,15.0,MEETUP,12,18:00-19:00,,,,2026-08-11 13:51:42
101510,4826,42,241,PENDING_PAYMENT,50.0,MEETUP,13,19:00-20:00,,,,2026-08-15 13:35:42
101511,4400,803,287,PENDING_PAYMENT,5.0,EXPRESS,,,1599,SF,,2026-08-12 03:29:42
101512,478,520,988,PENDING_PAYMENT,120.0,MEETUP,26,12:00-13:00,,,,2026-08-09 11:34:42
101513,2287,431,913,PENDING_PAYMENT,100.0,MEETUP,1,19:00-20:00,,,,2026-08-07 04:10:42
101514,2083,61,236,PENDING_PAYMENT,2.0,EXPRESS,,,132,SF,,2026-08-08 07:07:42
101515,3130,277,895,PENDING_PAYMENT,5.0,EXPRESS,,,578,SF,,2026-08-14 08:05:42
101516,2784,992,473,PENDING_PAYMENT,20.0,MEETUP,8,18:00-19:00,,,,2026-08-08 02:31:42
101517,4652,327,716,PENDING_PAYMENT,50.0,EXPRESS,,,671,SF,,2026-08-08 17:55:42
101518,1028,182,413,PENDING_PAYMENT,50.0,MEETUP,22,19:00-20:00,,,,2026-08-10 10:31:42
101519,2975,207,1,PENDING_PAYMENT,10.0,MEETUP,23,19:00-20:00,,,,2026-08-10 19:59:42
101520,2770,580,500,PENDING_PAYMENT,25.0,EXPRESS,,,1163,SF,,2026-08-09 10:47:42
101521,1771,238,906,PENDING_PAYMENT,30.0,EXPRESS,,,497,SF,,2026-08-14 01:11:42
101522,1971,295,547,PENDING_PAYMENT,200.0,MEETUP,21,19:00-20:00,,,,2026-08-16 11:26:42
101523,2791,192,34,PENDING_PAYMENT,20.0,EXPRESS,,,401,SF,,2026-08-08 07:25:42
101524,2919,234,21,PENDING_PAYMENT,120.0,MEETUP,13,12:00-13:00,,,,2026-08-12 23:39:42
101525,3112,565,271,PENDING_PAYMENT,150.0,MEETUP,8,17:00-18:00,,,,2026-08-09 06:30:42
101526,723,386,735,PENDING_PAYMENT,10.0,MEETUP,20,18:00-19:00,,,,2026-08-08 15:05:42
101527,987,470,355,PENDING_PAYMENT,15.0,MEETUP,25,17:00-18:00,,,,2026-08-11 15:44:42
101528,2663,493,874,PENDING_PAYMENT,20.0,EXPRESS,,,1001,SF,,2026-08-11 12:44:42
101529,2521,444,269,PENDING_PAYMENT,10.0,MEETUP,21,19:00-20:00,,,,2026-08-12 23:23:42
101530,883,641,410,PENDING_PAYMENT,5.0,MEETUP,17,18:00-19:00,,,,2026-08-11 10:44:42
101531,288,793,708,PENDING_PAYMENT,25.0,EXPRESS,,,1579,SF,,2026-08-06 22:17:42
101532,2047,625,425,PENDING_PAYMENT,120.0,EXPRESS,,,1243,SF,,2026-08-15 20:24:42
101533,4487,587,818,PENDING_PAYMENT,8.0,EXPRESS,,,1174,SF,,2026-08-11 18:30:42
101534,803,907,289,PENDING_PAYMENT,120.0,EXPRESS,,,1808,SF,,2026-08-14 11:58:42
101535,4186,138,657,PENDING_PAYMENT,30.0,MEETUP,15,18:00-19:00,,,,2026-08-15 15:40:42
101536,2458,573,521,PENDING_PAYMENT,2.0,EXPRESS,,,1152,SF,,2026-08-09 00:29:42
101537,4563,116,243,PENDING_PAYMENT,12.0,MEETUP,8,17:00-18:00,,,,2026-08-16 14:45:42
101538,2123,4,532,PENDING_PAYMENT,25.0,MEETUP,16,17:00-18:00,,,,2026-08-14 01:50:42
101539,2615,628,995,PENDING_PAYMENT,200.0,EXPRESS,,,1251,SF,,2026-08-13 16:46:42
101540,2130,650,517,PENDING_PAYMENT,120.0,EXPRESS,,,1295,SF,,2026-08-12 18:11:42
101541,35,883,693,PENDING_PAYMENT,12.0,EXPRESS,,,1754,SF,,2026-08-12 11:27:42
101542,4496,104,618,PENDING_PAYMENT,5.0,EXPRESS,,,214,SF,,2026-08-15 00:32:42
101543,4332,479,191,PENDING_PAYMENT,30.0,MEETUP,14,12:00-13:00,,,,2026-08-09 20:00:42
101544,1902,271,202,PENDING_PAYMENT,2.0,MEETUP,12,12:00-13:00,,,,2026-08-13 17:53:42
101545,2863,474,639,PENDING_PAYMENT,30.0,MEETUP,8,18:00-19:00,,,,2026-08-13 13:27:42
101546,4631,117,982,PENDING_PAYMENT,2.0,MEETUP,8,17:00-18:00,,,,2026-08-15 05:24:42
101547,973,429,745,PENDING_PAYMENT,3.0,MEETUP,20,19:00-20:00,,,,2026-08-08 16:13:42
101548,3833,794,314,PENDING_PAYMENT,200.0,EXPRESS,,,1582,SF,,2026-08-08 16:37:42
101549,2415,837,265,PENDING_PAYMENT,5.0,MEETUP,21,17:00-18:00,,,,2026-08-13 07:03:42
101550,1275,683,358,PENDING_PAYMENT,3.0,MEETUP,11,19:00-20:00,,,,2026-08-16 14:42:42
101551,1377,309,798,PENDING_PAYMENT,5.0,EXPRESS,,,637,SF,,2026-08-10 02:25:42
101552,4651,136,551,PENDING_PAYMENT,20.0,EXPRESS,,,277,SF,,2026-08-08 07:33:42
101553,585,236,224,PENDING_PAYMENT,12.0,EXPRESS,,,492,SF,,2026-08-12 20:33:42
101554,4762,463,704,PENDING_PAYMENT,20.0,EXPRESS,,,944,SF,,2026-08-08 03:23:42
101555,2375,103,852,PENDING_PAYMENT,12.0,EXPRESS,,,213,SF,,2026-08-08 23:14:42
101556,1834,631,18,PENDING_PAYMENT,8.0,MEETUP,14,17:00-18:00,,,,2026-08-07 09:08:42
101557,4874,601,960,PENDING_PAYMENT,50.0,EXPRESS,,,1202,SF,,2026-08-14 18:47:42
101558,421,211,781,PENDING_PAYMENT,60.0,EXPRESS,,,442,SF,,2026-08-15 17:36:42
101559,4427,985,73,PENDING_PAYMENT,30.0,MEETUP,4,18:00-19:00,,,,2026-08-10 02:15:42
101560,730,249,10,PENDING_PAYMENT,150.0,MEETUP,8,12:00-13:00,,,,2026-08-13 02:28:42
101561,1630,702,799,PENDING_PAYMENT,60.0,EXPRESS,,,1401,SF,,2026-08-14 12:05:42
101562,2651,712,227,PENDING_PAYMENT,30.0,MEETUP,24,18:00-19:00,,,,2026-08-07 12:24:42
101563,916,46,25,PENDING_PAYMENT,10.0,EXPRESS,,,99,SF,,2026-08-09 06:44:42
101564,4554,941,572,PENDING_PAYMENT,50.0,EXPRESS,,,1886,SF,,2026-08-15 18:40:42
101565,56,960,105,PENDING_PAYMENT,5.0,MEETUP,14,18:00-19:00,,,,2026-08-15 19:38:42
101566,209,234,644,PENDING_PAYMENT,5.0,EXPRESS,,,488,SF,,2026-08-14 15:48:42
101567,4328,931,209,PENDING_PAYMENT,150.0,MEETUP,14,12:00-13:00,,,,2026-08-12 11:02:42
101568,4127,603,464,PENDING_PAYMENT,2.0,MEETUP,4,18:00-19:00,,,,2026-08-08 14:51:42
101569,4985,925,609,PENDING_PAYMENT,10.0,MEETUP,6,12:00-13:00,,,,2026-08-10 14:03:42
101570,2079,955,853,PENDING_PAYMENT,1.0,EXPRESS,,,1910,SF,,2026-08-08 08:07:42
101571,172,71,415,PENDING_PAYMENT,10.0,EXPRESS,,,149,SF,,2026-08-11 21:50:42
101572,2785,842,30,PENDING_PAYMENT,1.0,MEETUP,20,18:00-19:00,,,,2026-08-08 19:03:42
101573,2705,396,805,PENDING_PAYMENT,1.0,MEETUP,3,17:00-18:00,,,,2026-08-12 11:51:42
101574,2771,229,624,PENDING_PAYMENT,2.0,MEETUP,20,17:00-18:00,,,,2026-08-15 10:18:42
101575,1904,620,700,PENDING_PAYMENT,100.0,MEETUP,29,17:00-18:00,,,,2026-08-14 12:32:42
101576,4995,871,746,PENDING_PAYMENT,150.0,EXPRESS,,,1732,SF,,2026-08-11 20:25:42
101577,1370,792,269,PENDING_PAYMENT,12.0,EXPRESS,,,1577,SF,,2026-08-12 04:49:42
101578,4868,782,130,PENDING_PAYMENT,12.0,MEETUP,19,12:00-13:00,,,,2026-08-10 07:58:42
101579,1364,455,902,PENDING_PAYMENT,3.0,EXPRESS,,,929,SF,,2026-08-13 18:21:42
101580,3895,719,153,PENDING_PAYMENT,20.0,MEETUP,22,18:00-19:00,,,,2026-08-16 11:30:42
101581,2350,538,705,PENDING_PAYMENT,100.0,MEETUP,1,17:00-18:00,,,,2026-08-10 21:37:42
101582,76,442,12,PENDING_PAYMENT,10.0,EXPRESS,,,900,SF,,2026-08-09 05:32:42
101583,530,504,634,PENDING_PAYMENT,60.0,MEETUP,16,19:00-20:00,,,,2026-08-11 11:45:42
101584,4736,116,976,PENDING_PAYMENT,12.0,MEETUP,7,19:00-20:00,,,,2026-08-10 19:34:42
101585,3567,300,631,PENDING_PAYMENT,80.0,EXPRESS,,,621,SF,,2026-08-12 00:43:42
101586,37,32,1000,PENDING_PAYMENT,30.0,MEETUP,24,18:00-19:00,,,,2026-08-07 18:42:42
101587,4590,187,405,PENDING_PAYMENT,2.0,EXPRESS,,,391,SF,,2026-08-13 17:18:42
101588,1345,142,90,PENDING_PAYMENT,5.0,MEETUP,26,18:00-19:00,,,,2026-08-13 06:38:42
101589,2463,379,972,PENDING_PAYMENT,25.0,EXPRESS,,,769,SF,,2026-08-13 18:18:42
101590,365,388,306,PENDING_PAYMENT,200.0,EXPRESS,,,784,SF,,2026-08-08 16:56:42
101591,2351,792,406,PENDING_PAYMENT,100.0,EXPRESS,,,1577,SF,,2026-08-10 05:02:42
101592,2470,319,695,PENDING_PAYMENT,2.0,EXPRESS,,,655,SF,,2026-08-15 08:26:42
101593,771,498,403,PENDING_PAYMENT,120.0,MEETUP,23,17:00-18:00,,,,2026-08-16 18:47:42
101594,4307,516,549,PENDING_PAYMENT,5.0,MEETUP,26,18:00-19:00,,,,2026-08-06 21:47:42
101595,4394,274,629,PENDING_PAYMENT,12.0,EXPRESS,,,570,SF,,2026-08-11 17:25:42
101596,2541,862,628,PENDING_PAYMENT,200.0,MEETUP,27,17:00-18:00,,,,2026-08-08 18:43:42
101597,3997,992,715,PENDING_PAYMENT,3.0,EXPRESS,,,1981,SF,,2026-08-16 17:55:42
101598,531,4,433,PENDING_PAYMENT,100.0,EXPRESS,,,10,SF,,2026-08-07 23:56:42
101599,3963,486,119,PENDING_PAYMENT,30.0,MEETUP,8,19:00-20:00,,,,2026-08-11 23:31:42
101600,2490,309,590,PENDING_PAYMENT,50.0,MEETUP,22,17:00-18:00,,,,2026-08-15 06:18:42
101601,3332,851,585,PENDING_PAYMENT,30.0,MEETUP,23,19:00-20:00,,,,2026-08-07 03:18:42
101602,3718,984,578,PENDING_PAYMENT,5.0,MEETUP,27,18:00-19:00,,,,2026-08-08 08:16:42
101603,3543,991,342,PENDING_PAYMENT,1.0,MEETUP,28,18:00-19:00,,,,2026-08-09 14:47:42
101604,1636,743,979,PENDING_PAYMENT,1.0,MEETUP,11,17:00-18:00,,,,2026-08-10 17:32:42
101605,3750,608,252,PENDING_PAYMENT,10.0,EXPRESS,,,1214,SF,,2026-08-11 04:35:42
101606,4343,123,826,PENDING_PAYMENT,8.0,MEETUP,2,12:00-13:00,,,,2026-08-11 09:36:42
101607,3764,369,120,PENDING_PAYMENT,10.0,MEETUP,6,18:00-19:00,,,,2026-08-11 03:40:42
101608,3906,695,210,PENDING_PAYMENT,5.0,EXPRESS,,,1385,SF,,2026-08-16 14:04:42
101609,34,828,349,PENDING_PAYMENT,100.0,MEETUP,6,19:00-20:00,,,,2026-08-16 04:22:42
101610,4735,879,362,PENDING_PAYMENT,60.0,EXPRESS,,,1748,SF,,2026-08-15 03:22:42
101611,1922,817,976,PENDING_PAYMENT,8.0,MEETUP,22,17:00-18:00,,,,2026-08-10 21:52:42
101612,4901,722,900,PENDING_PAYMENT,50.0,MEETUP,26,18:00-19:00,,,,2026-08-11 04:41:42
101613,1301,183,639,PENDING_PAYMENT,100.0,MEETUP,6,17:00-18:00,,,,2026-08-14 05:59:42
101614,303,93,910,PENDING_PAYMENT,120.0,EXPRESS,,,196,SF,,2026-08-12 14:30:42
101615,4349,534,4,PENDING_PAYMENT,30.0,MEETUP,6,12:00-13:00,,,,2026-08-07 00:03:42
101616,656,140,438,PENDING_PAYMENT,8.0,EXPRESS,,,287,SF,,2026-08-13 09:20:42
101617,1544,670,758,PENDING_PAYMENT,2.0,MEETUP,24,19:00-20:00,,,,2026-08-14 20:22:42
101618,2218,789,477,PENDING_PAYMENT,150.0,EXPRESS,,,1573,SF,,2026-08-09 14:27:42
101619,4187,359,855,PENDING_PAYMENT,25.0,EXPRESS,,,730,SF,,2026-08-16 14:10:42
101620,1721,678,654,PENDING_PAYMENT,30.0,EXPRESS,,,1357,SF,,2026-08-12 03:11:42
101621,3621,82,658,PENDING_PAYMENT,200.0,EXPRESS,,,172,SF,,2026-08-09 11:42:42
101622,4826,744,241,PENDING_PAYMENT,50.0,MEETUP,20,17:00-18:00,,,,2026-08-15 11:08:42
101623,3625,41,730,PENDING_PAYMENT,150.0,MEETUP,17,17:00-18:00,,,,2026-08-14 03:39:42
101624,92,932,356,PENDING_PAYMENT,120.0,MEETUP,4,19:00-20:00,,,,2026-08-07 09:15:42
101625,3915,818,128,PENDING_PAYMENT,5.0,EXPRESS,,,1627,SF,,2026-08-12 16:21:42
101626,4348,113,383,PENDING_PAYMENT,8.0,EXPRESS,,,233,SF,,2026-08-09 21:07:42
101627,3041,999,490,PENDING_PAYMENT,5.0,MEETUP,12,12:00-13:00,,,,2026-08-14 15:23:42
101628,3288,969,206,PENDING_PAYMENT,1.0,EXPRESS,,,1941,SF,,2026-08-07 01:47:42
101629,705,589,966,PENDING_PAYMENT,20.0,EXPRESS,,,1176,SF,,2026-08-11 16:25:42
101630,3345,778,175,PENDING_PAYMENT,200.0,MEETUP,17,19:00-20:00,,,,2026-08-15 01:14:42
101631,4999,28,912,PENDING_PAYMENT,200.0,EXPRESS,,,58,SF,,2026-08-15 22:05:42
101632,1827,908,186,PENDING_PAYMENT,5.0,MEETUP,7,17:00-18:00,,,,2026-08-11 11:32:42
101633,2644,338,650,PENDING_PAYMENT,100.0,EXPRESS,,,691,SF,,2026-08-07 04:44:42
101634,91,788,167,PENDING_PAYMENT,200.0,EXPRESS,,,1571,SF,,2026-08-16 18:15:42
101635,3422,726,911,PENDING_PAYMENT,25.0,EXPRESS,,,1444,SF,,2026-08-15 23:44:42
101636,1165,869,698,PENDING_PAYMENT,1.0,EXPRESS,,,1728,SF,,2026-08-12 23:03:42
101637,3397,475,363,PENDING_PAYMENT,3.0,MEETUP,15,12:00-13:00,,,,2026-08-16 06:10:42
101638,181,960,159,PENDING_PAYMENT,120.0,MEETUP,24,12:00-13:00,,,,2026-08-12 22:04:42
101639,36,230,480,PENDING_PAYMENT,20.0,MEETUP,6,17:00-18:00,,,,2026-08-14 11:33:42
101640,2497,230,92,PENDING_PAYMENT,120.0,MEETUP,23,19:00-20:00,,,,2026-08-12 08:42:42
101641,3521,719,225,PENDING_PAYMENT,100.0,EXPRESS,,,1432,SF,,2026-08-16 14:31:42
101642,3896,722,546,PENDING_PAYMENT,120.0,EXPRESS,,,1437,SF,,2026-08-14 16:01:42
101643,3240,226,722,PENDING_PAYMENT,2.0,MEETUP,9,18:00-19:00,,,,2026-08-07 05:57:42
101644,1529,172,550,PENDING_PAYMENT,8.0,MEETUP,30,19:00-20:00,,,,2026-08-14 10:11:42
101645,4403,837,21,PENDING_PAYMENT,50.0,EXPRESS,,,1662,SF,,2026-08-07 05:09:42
101646,405,612,649,PENDING_PAYMENT,2.0,EXPRESS,,,1221,SF,,2026-08-16 04:18:42
101647,1559,595,132,PENDING_PAYMENT,5.0,MEETUP,1,18:00-19:00,,,,2026-08-15 07:15:42
101648,253,760,624,PENDING_PAYMENT,15.0,EXPRESS,,,1521,SF,,2026-08-16 02:03:42
101649,635,423,576,PENDING_PAYMENT,50.0,EXPRESS,,,864,SF,,2026-08-11 00:10:42
101650,4365,371,617,PENDING_PAYMENT,1.0,MEETUP,25,18:00-19:00,,,,2026-08-12 22:01:42
101651,1269,64,742,PENDING_PAYMENT,2.0,MEETUP,18,17:00-18:00,,,,2026-08-11 11:38:42
101652,1236,667,988,PENDING_PAYMENT,2.0,EXPRESS,,,1330,SF,,2026-08-15 20:50:42
101653,2616,978,466,PENDING_PAYMENT,8.0,MEETUP,23,12:00-13:00,,,,2026-08-15 19:04:42
101654,3415,270,824,PENDING_PAYMENT,12.0,EXPRESS,,,560,SF,,2026-08-11 04:13:42
101655,3742,814,68,PENDING_PAYMENT,120.0,MEETUP,29,17:00-18:00,,,,2026-08-12 06:10:42
101656,3279,705,156,PENDING_PAYMENT,50.0,EXPRESS,,,1407,SF,,2026-08-08 00:28:42
101657,1648,787,350,PENDING_PAYMENT,12.0,EXPRESS,,,1569,SF,,2026-08-16 15:44:42
101658,3452,387,985,PENDING_PAYMENT,50.0,MEETUP,27,12:00-13:00,,,,2026-08-16 08:36:42
101659,3655,413,533,PENDING_PAYMENT,150.0,EXPRESS,,,838,SF,,2026-08-11 23:38:42
101660,2515,146,200,PENDING_PAYMENT,80.0,MEETUP,27,12:00-13:00,,,,2026-08-08 12:46:42
101661,2764,373,444,PENDING_PAYMENT,150.0,MEETUP,27,17:00-18:00,,,,2026-08-10 06:05:42
101662,4867,68,290,PENDING_PAYMENT,12.0,EXPRESS,,,145,SF,,2026-08-09 13:17:42
101663,3757,884,458,PENDING_PAYMENT,8.0,MEETUP,4,17:00-18:00,,,,2026-08-09 23:11:42
101664,182,571,508,PENDING_PAYMENT,12.0,EXPRESS,,,1150,SF,,2026-08-16 13:47:42
101665,4802,412,291,PENDING_PAYMENT,200.0,MEETUP,3,19:00-20:00,,,,2026-08-11 17:48:42
101666,1480,282,672,PENDING_PAYMENT,3.0,MEETUP,10,12:00-13:00,,,,2026-08-13 08:58:42
101667,794,909,839,PENDING_PAYMENT,1.0,EXPRESS,,,1811,SF,,2026-08-15 21:12:42
101668,3999,117,490,PENDING_PAYMENT,3.0,MEETUP,30,19:00-20:00,,,,2026-08-09 03:02:42
101669,1775,533,914,PENDING_PAYMENT,5.0,EXPRESS,,,1084,SF,,2026-08-16 10:26:42
101670,251,279,73,PENDING_PAYMENT,60.0,MEETUP,2,19:00-20:00,,,,2026-08-09 19:36:42
101671,4044,761,805,PENDING_PAYMENT,25.0,EXPRESS,,,1524,SF,,2026-08-10 20:18:42
101672,2197,256,67,PENDING_PAYMENT,10.0,MEETUP,23,12:00-13:00,,,,2026-08-14 14:31:42
101673,4952,309,238,PENDING_PAYMENT,10.0,MEETUP,11,17:00-18:00,,,,2026-08-11 10:03:42
101674,1624,125,574,PENDING_PAYMENT,120.0,EXPRESS,,,255,SF,,2026-08-11 17:16:42
101675,4503,839,138,PENDING_PAYMENT,10.0,MEETUP,29,17:00-18:00,,,,2026-08-15 05:00:42
101676,1137,741,380,PENDING_PAYMENT,2.0,EXPRESS,,,1474,SF,,2026-08-14 13:38:42
101677,72,724,566,PENDING_PAYMENT,3.0,EXPRESS,,,1440,SF,,2026-08-09 09:19:42
101678,1631,544,172,PENDING_PAYMENT,80.0,MEETUP,9,12:00-13:00,,,,2026-08-10 13:59:42
101679,1987,868,336,PENDING_PAYMENT,25.0,MEETUP,11,17:00-18:00,,,,2026-08-08 03:38:42
101680,2526,962,993,PENDING_PAYMENT,5.0,MEETUP,5,12:00-13:00,,,,2026-08-13 12:47:42
101681,1244,491,873,PENDING_PAYMENT,15.0,EXPRESS,,,998,SF,,2026-08-13 00:44:42
101682,1009,577,241,PENDING_PAYMENT,2.0,MEETUP,30,19:00-20:00,,,,2026-08-11 02:07:42
101683,310,398,159,PENDING_PAYMENT,120.0,EXPRESS,,,806,SF,,2026-08-08 07:05:42
101684,2718,759,323,PENDING_PAYMENT,150.0,MEETUP,5,19:00-20:00,,,,2026-08-09 20:40:42
101685,922,530,387,PENDING_PAYMENT,50.0,MEETUP,11,17:00-18:00,,,,2026-08-15 23:27:42
101686,3201,599,247,PENDING_PAYMENT,3.0,MEETUP,26,18:00-19:00,,,,2026-08-10 12:02:42
101687,2589,24,761,PENDING_PAYMENT,50.0,EXPRESS,,,51,SF,,2026-08-12 19:49:42
101688,4486,843,624,PENDING_PAYMENT,120.0,EXPRESS,,,1674,SF,,2026-08-09 04:32:42
101689,1966,224,709,PENDING_PAYMENT,15.0,EXPRESS,,,468,SF,,2026-08-16 00:04:42
101690,2582,938,815,PENDING_PAYMENT,3.0,MEETUP,30,17:00-18:00,,,,2026-08-13 22:38:42
101691,2030,202,124,PENDING_PAYMENT,150.0,EXPRESS,,,423,SF,,2026-08-10 00:07:42
101692,4311,792,563,PENDING_PAYMENT,1.0,EXPRESS,,,1578,SF,,2026-08-13 12:09:42
101693,4240,635,326,PENDING_PAYMENT,8.0,MEETUP,6,18:00-19:00,,,,2026-08-12 03:08:42
101694,733,680,829,PENDING_PAYMENT,10.0,MEETUP,16,12:00-13:00,,,,2026-08-10 06:39:42
101695,2534,566,187,PENDING_PAYMENT,15.0,EXPRESS,,,1141,SF,,2026-08-09 01:11:42
101696,3088,528,850,PENDING_PAYMENT,60.0,MEETUP,13,18:00-19:00,,,,2026-08-11 15:46:42
101697,3935,786,414,PENDING_PAYMENT,200.0,MEETUP,24,12:00-13:00,,,,2026-08-15 02:10:42
101698,1670,432,847,PENDING_PAYMENT,120.0,MEETUP,13,17:00-18:00,,,,2026-08-09 18:05:42
101699,2626,345,210,PENDING_PAYMENT,150.0,EXPRESS,,,702,SF,,2026-08-09 20:34:42
101700,852,343,135,PENDING_PAYMENT,12.0,EXPRESS,,,698,SF,,2026-08-12 12:57:42
101701,1808,716,896,PENDING_PAYMENT,30.0,EXPRESS,,,1427,SF,,2026-08-12 08:54:42
101702,4980,313,490,PENDING_PAYMENT,5.0,MEETUP,8,17:00-18:00,,,,2026-08-14 07:06:42
101703,4217,66,327,PENDING_PAYMENT,20.0,EXPRESS,,,140,SF,,2026-08-14 22:55:42
101704,894,688,955,PENDING_PAYMENT,3.0,MEETUP,19,12:00-13:00,,,,2026-08-11 17:13:42
101705,2480,745,196,PENDING_PAYMENT,8.0,EXPRESS,,,1482,SF,,2026-08-08 15:29:42
101706,2499,977,816,PENDING_PAYMENT,5.0,EXPRESS,,,1957,SF,,2026-08-08 15:53:42
101707,3252,718,200,PENDING_PAYMENT,120.0,MEETUP,30,18:00-19:00,,,,2026-08-11 15:18:42
101708,4021,801,981,PENDING_PAYMENT,5.0,MEETUP,13,17:00-18:00,,,,2026-08-11 20:38:42
101709,2927,327,510,PENDING_PAYMENT,60.0,EXPRESS,,,671,SF,,2026-08-08 13:37:42
101710,4048,428,944,PENDING_PAYMENT,100.0,MEETUP,23,18:00-19:00,,,,2026-08-08 10:33:42
101711,4827,511,761,PENDING_PAYMENT,12.0,MEETUP,5,12:00-13:00,,,,2026-08-11 17:48:42
101712,704,393,828,PENDING_PAYMENT,60.0,MEETUP,1,17:00-18:00,,,,2026-08-10 02:36:42
101713,4792,447,876,PENDING_PAYMENT,10.0,EXPRESS,,,910,SF,,2026-08-09 05:08:42
101714,995,599,448,PENDING_PAYMENT,50.0,MEETUP,2,17:00-18:00,,,,2026-08-07 04:30:42
101715,2029,451,528,PENDING_PAYMENT,120.0,EXPRESS,,,918,SF,,2026-08-11 07:13:42
101716,3628,638,210,PENDING_PAYMENT,5.0,EXPRESS,,,1267,SF,,2026-08-14 21:12:42
101717,4887,194,294,PENDING_PAYMENT,50.0,EXPRESS,,,406,SF,,2026-08-09 16:50:42
101718,3280,169,282,PENDING_PAYMENT,20.0,EXPRESS,,,350,SF,,2026-08-11 13:47:42
101719,4971,841,303,PENDING_PAYMENT,2.0,MEETUP,25,19:00-20:00,,,,2026-08-14 00:14:42
101720,667,550,922,PENDING_PAYMENT,1.0,EXPRESS,,,1109,SF,,2026-08-09 08:17:42
101721,2046,641,201,PENDING_PAYMENT,50.0,EXPRESS,,,1272,SF,,2026-08-09 07:49:42
101722,1775,80,914,PENDING_PAYMENT,5.0,EXPRESS,,,168,SF,,2026-08-14 18:25:42
101723,594,999,549,PENDING_PAYMENT,120.0,MEETUP,28,18:00-19:00,,,,2026-08-08 21:26:42
101724,4538,345,382,PENDING_PAYMENT,150.0,EXPRESS,,,701,SF,,2026-08-09 00:39:42
101725,2832,253,319,PENDING_PAYMENT,2.0,MEETUP,9,12:00-13:00,,,,2026-08-15 13:42:42
101726,3343,307,996,PENDING_PAYMENT,50.0,EXPRESS,,,634,SF,,2026-08-08 08:52:42
101727,3075,588,379,PENDING_PAYMENT,100.0,EXPRESS,,,1175,SF,,2026-08-13 19:00:42
101728,51,407,983,PENDING_PAYMENT,20.0,EXPRESS,,,822,SF,,2026-08-12 18:10:42
101729,2790,380,362,PENDING_PAYMENT,200.0,MEETUP,8,19:00-20:00,,,,2026-08-11 18:48:42
101730,3354,1,203,PENDING_PAYMENT,150.0,EXPRESS,,,2,SF,,2026-08-08 19:53:42
101731,2275,872,329,PENDING_PAYMENT,100.0,EXPRESS,,,1734,SF,,2026-08-15 14:41:42
101732,3930,748,926,PENDING_PAYMENT,8.0,MEETUP,18,19:00-20:00,,,,2026-08-13 07:24:42
101733,3281,853,456,PENDING_PAYMENT,200.0,EXPRESS,,,1694,SF,,2026-08-12 14:16:42
101734,3386,356,508,PENDING_PAYMENT,120.0,MEETUP,25,12:00-13:00,,,,2026-08-07 08:37:42
101735,3863,84,93,PENDING_PAYMENT,8.0,EXPRESS,,,176,SF,,2026-08-11 19:49:42
101736,3463,539,279,PENDING_PAYMENT,80.0,EXPRESS,,,1092,SF,,2026-08-11 20:38:42
101737,4305,579,364,PENDING_PAYMENT,5.0,EXPRESS,,,1162,SF,,2026-08-11 15:13:42
101738,3542,15,249,PENDING_PAYMENT,200.0,MEETUP,18,12:00-13:00,,,,2026-08-12 09:42:42
101739,2980,755,62,PENDING_PAYMENT,3.0,MEETUP,28,18:00-19:00,,,,2026-08-15 18:52:42
101740,3415,686,824,PENDING_PAYMENT,12.0,EXPRESS,,,1367,SF,,2026-08-08 22:28:42
101741,201,253,941,PENDING_PAYMENT,120.0,EXPRESS,,,525,SF,,2026-08-13 18:53:42
101742,3753,652,9,PENDING_PAYMENT,5.0,MEETUP,9,12:00-13:00,,,,2026-08-11 14:25:42
101743,2264,776,534,PENDING_PAYMENT,20.0,MEETUP,24,12:00-13:00,,,,2026-08-14 01:48:42
101744,2014,206,375,PENDING_PAYMENT,120.0,MEETUP,20,18:00-19:00,,,,2026-08-13 02:52:42
101745,982,773,398,PENDING_PAYMENT,50.0,MEETUP,18,19:00-20:00,,,,2026-08-11 12:26:42
101746,2436,110,541,PENDING_PAYMENT,200.0,MEETUP,24,19:00-20:00,,,,2026-08-16 17:56:42
101747,1323,993,414,PENDING_PAYMENT,10.0,EXPRESS,,,1982,SF,,2026-08-12 08:12:42
101748,4203,396,439,PENDING_PAYMENT,2.0,MEETUP,27,18:00-19:00,,,,2026-08-14 18:31:42
101749,1233,885,210,PENDING_PAYMENT,150.0,EXPRESS,,,1758,SF,,2026-08-08 13:59:42
101750,254,860,219,PENDING_PAYMENT,30.0,MEETUP,25,17:00-18:00,,,,2026-08-11 12:06:42
101751,3519,357,73,PENDING_PAYMENT,200.0,EXPRESS,,,728,SF,,2026-08-14 18:35:42
101752,1552,830,166,PENDING_PAYMENT,12.0,EXPRESS,,,1650,SF,,2026-08-13 18:44:42
101753,2891,105,494,PENDING_PAYMENT,5.0,EXPRESS,,,217,SF,,2026-08-15 06:02:42
101754,515,617,916,PENDING_PAYMENT,15.0,EXPRESS,,,1230,SF,,2026-08-10 04:46:42
101755,1554,612,443,PENDING_PAYMENT,1.0,MEETUP,25,18:00-19:00,,,,2026-08-12 15:21:42
101756,3008,704,462,PENDING_PAYMENT,5.0,MEETUP,15,12:00-13:00,,,,2026-08-15 12:23:42
101757,1637,860,277,PENDING_PAYMENT,1.0,EXPRESS,,,1708,SF,,2026-08-12 05:40:42
101758,2957,298,44,PENDING_PAYMENT,50.0,EXPRESS,,,619,SF,,2026-08-11 01:38:42
101759,4398,743,712,PENDING_PAYMENT,10.0,EXPRESS,,,1478,SF,,2026-08-09 05:44:42
101760,16,436,716,PENDING_PAYMENT,3.0,MEETUP,23,18:00-19:00,,,,2026-08-08 05:56:42
101761,3969,218,962,PENDING_PAYMENT,1.0,EXPRESS,,,453,SF,,2026-08-14 15:10:42
101762,4889,489,62,PENDING_PAYMENT,20.0,EXPRESS,,,996,SF,,2026-08-09 10:43:42
101763,1135,812,461,PENDING_PAYMENT,25.0,EXPRESS,,,1615,SF,,2026-08-15 03:45:42
101764,1518,369,599,PENDING_PAYMENT,20.0,EXPRESS,,,750,SF,,2026-08-12 07:20:42
101765,4165,337,823,PENDING_PAYMENT,20.0,MEETUP,4,17:00-18:00,,,,2026-08-07 00:19:42
101766,127,627,564,PENDING_PAYMENT,12.0,MEETUP,1,12:00-13:00,,,,2026-08-16 13:31:42
101767,2010,891,67,PENDING_PAYMENT,100.0,MEETUP,1,12:00-13:00,,,,2026-08-07 00:54:42
101768,3672,737,546,PENDING_PAYMENT,200.0,MEETUP,19,18:00-19:00,,,,2026-08-08 01:40:42
101769,2501,1,865,PENDING_PAYMENT,3.0,MEETUP,20,12:00-13:00,,,,2026-08-09 21:55:42
101770,3708,673,451,PENDING_PAYMENT,50.0,EXPRESS,,,1344,SF,,2026-08-08 04:44:42
101771,4874,498,960,PENDING_PAYMENT,50.0,MEETUP,7,18:00-19:00,,,,2026-08-11 17:12:42
101772,3052,559,807,PENDING_PAYMENT,8.0,MEETUP,22,12:00-13:00,,,,2026-08-14 10:39:42
101773,3276,687,574,PENDING_PAYMENT,100.0,EXPRESS,,,1369,SF,,2026-08-06 22:07:42
101774,3860,298,234,PENDING_PAYMENT,1.0,MEETUP,5,18:00-19:00,,,,2026-08-09 03:18:42
101775,4183,227,309,PENDING_PAYMENT,10.0,MEETUP,10,17:00-18:00,,,,2026-08-15 10:35:42
101776,1679,521,670,PENDING_PAYMENT,120.0,MEETUP,30,17:00-18:00,,,,2026-08-13 13:50:42
101777,1771,736,906,PENDING_PAYMENT,30.0,MEETUP,3,17:00-18:00,,,,2026-08-08 05:58:42
101778,4210,794,154,PENDING_PAYMENT,2.0,MEETUP,5,19:00-20:00,,,,2026-08-09 13:40:42
101779,2815,431,46,PENDING_PAYMENT,50.0,MEETUP,3,18:00-19:00,,,,2026-08-13 05:49:42
101780,2317,503,668,PENDING_PAYMENT,8.0,EXPRESS,,,1020,SF,,2026-08-14 00:27:42
101781,4569,557,8,PENDING_PAYMENT,120.0,MEETUP,8,18:00-19:00,,,,2026-08-11 12:51:42
101782,4357,958,483,PENDING_PAYMENT,20.0,EXPRESS,,,1919,SF,,2026-08-11 20:05:42
101783,3198,615,44,PENDING_PAYMENT,12.0,MEETUP,10,17:00-18:00,,,,2026-08-11 06:43:42
101784,2333,501,183,PENDING_PAYMENT,8.0,MEETUP,27,19:00-20:00,,,,2026-08-07 22:22:42
101785,479,109,522,PENDING_PAYMENT,50.0,EXPRESS,,,224,SF,,2026-08-15 17:21:42
101786,3539,609,650,PENDING_PAYMENT,1.0,EXPRESS,,,1215,SF,,2026-08-12 17:30:42
101787,2968,949,141,PENDING_PAYMENT,3.0,MEETUP,2,17:00-18:00,,,,2026-08-13 07:30:42
101788,2482,800,170,PENDING_PAYMENT,3.0,MEETUP,10,12:00-13:00,,,,2026-08-09 04:48:42
101789,2067,877,344,PENDING_PAYMENT,12.0,MEETUP,3,12:00-13:00,,,,2026-08-11 09:40:42
101790,2711,762,378,PENDING_PAYMENT,30.0,MEETUP,7,19:00-20:00,,,,2026-08-15 02:41:42
101791,2138,913,513,PENDING_PAYMENT,200.0,EXPRESS,,,1823,SF,,2026-08-07 00:46:42
101792,1258,626,272,PENDING_PAYMENT,100.0,MEETUP,2,12:00-13:00,,,,2026-08-09 04:21:42
101793,3044,912,328,PENDING_PAYMENT,10.0,EXPRESS,,,1820,SF,,2026-08-07 16:12:42
101794,1428,527,319,PENDING_PAYMENT,3.0,MEETUP,4,19:00-20:00,,,,2026-08-10 00:02:42
101795,3515,818,382,PENDING_PAYMENT,12.0,MEETUP,30,17:00-18:00,,,,2026-08-08 11:39:42
101796,4023,990,186,PENDING_PAYMENT,50.0,EXPRESS,,,1977,SF,,2026-08-10 10:28:42
101797,688,739,784,PENDING_PAYMENT,60.0,EXPRESS,,,1468,SF,,2026-08-10 22:14:42
101798,428,69,368,PENDING_PAYMENT,30.0,EXPRESS,,,146,SF,,2026-08-11 18:40:42
101799,2679,36,190,PENDING_PAYMENT,1.0,MEETUP,21,19:00-20:00,,,,2026-08-08 06:51:42
101800,791,715,132,PENDING_PAYMENT,80.0,EXPRESS,,,1424,SF,,2026-08-09 05:27:42
101801,167,237,544,PENDING_PAYMENT,30.0,EXPRESS,,,496,SF,,2026-08-16 17:23:42
101802,1075,405,36,PENDING_PAYMENT,5.0,MEETUP,16,18:00-19:00,,,,2026-08-10 09:31:42
101803,1243,140,377,PENDING_PAYMENT,80.0,EXPRESS,,,287,SF,,2026-08-09 10:26:42
101804,3567,172,631,PENDING_PAYMENT,80.0,MEETUP,19,17:00-18:00,,,,2026-08-07 19:42:42
101805,2615,585,995,PENDING_PAYMENT,200.0,MEETUP,1,12:00-13:00,,,,2026-08-10 02:05:42
101806,2087,579,971,PENDING_PAYMENT,8.0,EXPRESS,,,1162,SF,,2026-08-09 16:18:42
101807,4809,132,940,PENDING_PAYMENT,3.0,EXPRESS,,,270,SF,,2026-08-11 15:49:42
101808,3751,80,76,PENDING_PAYMENT,1.0,EXPRESS,,,168,SF,,2026-08-16 12:37:42
101809,1458,550,236,PENDING_PAYMENT,100.0,EXPRESS,,,1110,SF,,2026-08-10 04:43:42
101810,928,749,335,PENDING_PAYMENT,30.0,MEETUP,25,12:00-13:00,,,,2026-08-15 04:31:42
101811,3159,3,350,PENDING_PAYMENT,120.0,MEETUP,15,12:00-13:00,,,,2026-08-14 05:51:42
101812,2817,284,926,PENDING_PAYMENT,25.0,MEETUP,20,18:00-19:00,,,,2026-08-09 23:00:42
101813,680,6,768,PENDING_PAYMENT,12.0,MEETUP,19,17:00-18:00,,,,2026-08-12 01:48:42
101814,474,61,96,PENDING_PAYMENT,200.0,MEETUP,7,18:00-19:00,,,,2026-08-11 12:06:42
101815,4704,194,898,PENDING_PAYMENT,200.0,MEETUP,21,19:00-20:00,,,,2026-08-11 19:47:42
101816,1184,96,745,PENDING_PAYMENT,12.0,EXPRESS,,,200,SF,,2026-08-07 02:49:42
101817,696,370,386,PENDING_PAYMENT,10.0,EXPRESS,,,753,SF,,2026-08-13 06:02:42
101818,3636,682,316,PENDING_PAYMENT,12.0,EXPRESS,,,1361,SF,,2026-08-08 23:46:42
101819,4432,61,493,PENDING_PAYMENT,60.0,EXPRESS,,,131,SF,,2026-08-07 06:13:42
101820,4468,137,712,PENDING_PAYMENT,3.0,EXPRESS,,,281,SF,,2026-08-15 03:04:42
101821,1525,628,990,PENDING_PAYMENT,1.0,EXPRESS,,,1251,SF,,2026-08-13 16:50:42
101822,2683,762,604,PENDING_PAYMENT,8.0,MEETUP,11,12:00-13:00,,,,2026-08-08 09:04:42
101823,1744,286,264,PENDING_PAYMENT,80.0,MEETUP,3,12:00-13:00,,,,2026-08-14 15:11:42
101824,4476,883,742,PENDING_PAYMENT,12.0,MEETUP,18,17:00-18:00,,,,2026-08-07 15:39:42
101825,2866,319,887,PENDING_PAYMENT,30.0,EXPRESS,,,654,SF,,2026-08-11 08:57:42
101826,2035,215,838,PENDING_PAYMENT,150.0,MEETUP,3,17:00-18:00,,,,2026-08-11 00:11:42
101827,2937,670,50,PENDING_PAYMENT,60.0,EXPRESS,,,1337,SF,,2026-08-13 20:38:42
101828,2393,726,283,PENDING_PAYMENT,100.0,MEETUP,24,17:00-18:00,,,,2026-08-14 17:26:42
101829,4215,996,731,PENDING_PAYMENT,20.0,MEETUP,27,12:00-13:00,,,,2026-08-10 18:58:42
101830,244,859,749,PENDING_PAYMENT,15.0,EXPRESS,,,1707,SF,,2026-08-07 20:08:42
101831,677,416,473,PENDING_PAYMENT,8.0,EXPRESS,,,844,SF,,2026-08-13 12:30:42
101832,4792,251,876,PENDING_PAYMENT,10.0,EXPRESS,,,520,SF,,2026-08-16 04:42:42
101833,4203,383,439,PENDING_PAYMENT,2.0,MEETUP,11,17:00-18:00,,,,2026-08-11 22:42:42
101834,2961,435,608,PENDING_PAYMENT,50.0,EXPRESS,,,888,SF,,2026-08-15 07:37:42
101835,50,911,780,PENDING_PAYMENT,150.0,EXPRESS,,,1816,SF,,2026-08-15 04:38:42
101836,3009,327,100,PENDING_PAYMENT,3.0,EXPRESS,,,670,SF,,2026-08-09 01:07:42
101837,316,124,338,PENDING_PAYMENT,1.0,EXPRESS,,,253,SF,,2026-08-11 16:41:42
101838,72,6,566,PENDING_PAYMENT,3.0,EXPRESS,,,15,SF,,2026-08-12 17:18:42
101839,3426,819,316,PENDING_PAYMENT,15.0,MEETUP,6,17:00-18:00,,,,2026-08-10 14:12:42
101840,1867,783,155,PENDING_PAYMENT,5.0,EXPRESS,,,1560,SF,,2026-08-08 15:32:42
101841,3598,608,701,PENDING_PAYMENT,200.0,EXPRESS,,,1214,SF,,2026-08-10 08:56:42
101842,1080,207,393,PENDING_PAYMENT,150.0,EXPRESS,,,433,SF,,2026-08-16 03:57:42
101843,4616,724,208,PENDING_PAYMENT,8.0,MEETUP,21,18:00-19:00,,,,2026-08-09 07:33:42
101844,1283,202,51,PENDING_PAYMENT,80.0,MEETUP,25,17:00-18:00,,,,2026-08-12 20:11:42
101845,2563,648,427,PENDING_PAYMENT,80.0,MEETUP,4,17:00-18:00,,,,2026-08-13 13:19:42
101846,47,846,436,PENDING_PAYMENT,15.0,MEETUP,26,12:00-13:00,,,,2026-08-14 20:45:42
101847,2183,630,159,PENDING_PAYMENT,8.0,MEETUP,9,12:00-13:00,,,,2026-08-10 21:23:42
101848,1238,143,96,PENDING_PAYMENT,200.0,MEETUP,28,17:00-18:00,,,,2026-08-15 07:51:42
101849,848,45,308,PENDING_PAYMENT,20.0,MEETUP,23,18:00-19:00,,,,2026-08-16 06:29:42
101850,3053,616,66,PENDING_PAYMENT,50.0,MEETUP,11,19:00-20:00,,,,2026-08-14 20:38:42
101851,480,25,391,PENDING_PAYMENT,5.0,MEETUP,10,18:00-19:00,,,,2026-08-13 21:59:42
101852,4517,402,603,PENDING_PAYMENT,12.0,MEETUP,13,17:00-18:00,,,,2026-08-15 03:08:42
101853,2515,269,200,PENDING_PAYMENT,80.0,EXPRESS,,,558,SF,,2026-08-09 10:17:42
101854,2721,178,990,PENDING_PAYMENT,150.0,MEETUP,10,18:00-19:00,,,,2026-08-06 22:21:42
101855,4748,454,77,PENDING_PAYMENT,12.0,EXPRESS,,,924,SF,,2026-08-07 15:31:42
101856,244,49,749,PENDING_PAYMENT,15.0,EXPRESS,,,106,SF,,2026-08-07 09:50:42
101857,3425,334,429,PENDING_PAYMENT,8.0,EXPRESS,,,685,SF,,2026-08-15 07:47:42
101858,2852,54,666,PENDING_PAYMENT,3.0,EXPRESS,,,117,SF,,2026-08-11 09:48:42
101859,3551,455,879,PENDING_PAYMENT,80.0,EXPRESS,,,927,SF,,2026-08-16 10:36:42
101860,2572,397,100,PENDING_PAYMENT,10.0,EXPRESS,,,805,SF,,2026-08-07 01:56:42
101861,518,569,318,PENDING_PAYMENT,3.0,EXPRESS,,,1147,SF,,2026-08-13 22:36:42
101862,1714,204,807,PENDING_PAYMENT,25.0,EXPRESS,,,428,SF,,2026-08-07 22:33:42
101863,736,891,424,PENDING_PAYMENT,1.0,MEETUP,5,19:00-20:00,,,,2026-08-12 01:56:42
101864,820,393,119,PENDING_PAYMENT,120.0,MEETUP,14,18:00-19:00,,,,2026-08-14 18:34:42
101865,3504,682,196,PENDING_PAYMENT,5.0,EXPRESS,,,1361,SF,,2026-08-10 20:19:42
101866,4620,585,281,PENDING_PAYMENT,50.0,MEETUP,5,12:00-13:00,,,,2026-08-07 04:06:42
101867,2231,412,905,PENDING_PAYMENT,15.0,EXPRESS,,,836,SF,,2026-08-12 22:22:42
101868,1213,381,312,PENDING_PAYMENT,120.0,EXPRESS,,,771,SF,,2026-08-14 02:27:42
101869,3224,94,428,PENDING_PAYMENT,2.0,EXPRESS,,,197,SF,,2026-08-08 16:41:42
101870,4149,578,21,PENDING_PAYMENT,150.0,MEETUP,1,17:00-18:00,,,,2026-08-16 01:24:42
101871,2552,34,263,PENDING_PAYMENT,150.0,MEETUP,18,17:00-18:00,,,,2026-08-10 08:14:42
101872,147,44,711,PENDING_PAYMENT,60.0,MEETUP,3,12:00-13:00,,,,2026-08-08 08:26:42
101873,4559,925,11,PENDING_PAYMENT,10.0,MEETUP,11,18:00-19:00,,,,2026-08-14 13:54:42
101874,4198,946,254,PENDING_PAYMENT,50.0,EXPRESS,,,1894,SF,,2026-08-14 17:26:42
101875,4083,300,754,PENDING_PAYMENT,3.0,EXPRESS,,,621,SF,,2026-08-14 07:07:42
101876,3333,916,17,PENDING_PAYMENT,3.0,MEETUP,16,12:00-13:00,,,,2026-08-14 20:13:42
101877,3179,603,379,PENDING_PAYMENT,10.0,MEETUP,22,19:00-20:00,,,,2026-08-14 04:40:42
101878,1409,672,462,PENDING_PAYMENT,8.0,EXPRESS,,,1343,SF,,2026-08-09 04:18:42
101879,3897,274,555,PENDING_PAYMENT,12.0,EXPRESS,,,571,SF,,2026-08-16 02:32:42
101880,1351,769,8,PENDING_PAYMENT,20.0,MEETUP,17,19:00-20:00,,,,2026-08-14 23:22:42
101881,1028,450,413,PENDING_PAYMENT,50.0,MEETUP,14,12:00-13:00,,,,2026-08-10 08:25:42
101882,3553,522,554,PENDING_PAYMENT,200.0,MEETUP,25,19:00-20:00,,,,2026-08-09 14:22:42
101883,1460,840,541,PENDING_PAYMENT,100.0,EXPRESS,,,1668,SF,,2026-08-07 04:23:42
101884,3298,519,382,PENDING_PAYMENT,150.0,MEETUP,9,17:00-18:00,,,,2026-08-08 01:24:42
101885,4188,699,831,PENDING_PAYMENT,100.0,MEETUP,11,19:00-20:00,,,,2026-08-08 20:46:42
101886,2429,125,705,PENDING_PAYMENT,5.0,EXPRESS,,,256,SF,,2026-08-14 22:32:42
101887,3873,72,326,PENDING_PAYMENT,150.0,EXPRESS,,,152,SF,,2026-08-14 06:19:42
101888,3117,474,34,PENDING_PAYMENT,50.0,MEETUP,26,17:00-18:00,,,,2026-08-11 03:28:42
101889,2852,341,666,PENDING_PAYMENT,3.0,EXPRESS,,,696,SF,,2026-08-12 04:57:42
101890,2958,622,230,PENDING_PAYMENT,100.0,MEETUP,3,18:00-19:00,,,,2026-08-13 17:17:42
101891,4870,991,239,PENDING_PAYMENT,2.0,EXPRESS,,,1979,SF,,2026-08-14 15:21:42
101892,4723,895,761,PENDING_PAYMENT,3.0,MEETUP,4,18:00-19:00,,,,2026-08-13 17:35:42
101893,4190,740,27,PENDING_PAYMENT,50.0,EXPRESS,,,1472,SF,,2026-08-12 01:42:42
101894,1894,685,165,PENDING_PAYMENT,1.0,MEETUP,14,19:00-20:00,,,,2026-08-14 23:49:42
101895,4038,292,696,PENDING_PAYMENT,12.0,MEETUP,12,12:00-13:00,,,,2026-08-07 21:28:42
101896,3820,764,524,PENDING_PAYMENT,100.0,EXPRESS,,,1532,SF,,2026-08-09 20:57:42
101897,3886,104,519,PENDING_PAYMENT,60.0,EXPRESS,,,215,SF,,2026-08-14 09:01:42
101898,374,629,469,PENDING_PAYMENT,8.0,EXPRESS,,,1252,SF,,2026-08-08 06:49:42
101899,2020,671,442,PENDING_PAYMENT,5.0,MEETUP,9,19:00-20:00,,,,2026-08-11 21:13:42
101900,4758,373,676,PENDING_PAYMENT,15.0,MEETUP,2,18:00-19:00,,,,2026-08-12 16:21:42
101901,2933,648,582,PENDING_PAYMENT,50.0,MEETUP,1,19:00-20:00,,,,2026-08-16 12:55:42
101902,4085,967,929,PENDING_PAYMENT,150.0,EXPRESS,,,1937,SF,,2026-08-10 11:02:42
101903,2266,539,693,PENDING_PAYMENT,10.0,EXPRESS,,,1092,SF,,2026-08-10 19:28:42
101904,2621,559,799,PENDING_PAYMENT,60.0,EXPRESS,,,1126,SF,,2026-08-12 17:58:42
101905,2104,568,916,PENDING_PAYMENT,80.0,EXPRESS,,,1146,SF,,2026-08-13 01:10:42
101906,2168,74,287,PENDING_PAYMENT,2.0,MEETUP,16,12:00-13:00,,,,2026-08-09 02:25:42
101907,236,235,374,PENDING_PAYMENT,5.0,MEETUP,27,12:00-13:00,,,,2026-08-15 10:51:42
101908,919,519,226,PENDING_PAYMENT,10.0,MEETUP,30,19:00-20:00,,,,2026-08-16 05:11:42
101909,355,797,658,PENDING_PAYMENT,120.0,EXPRESS,,,1588,SF,,2026-08-15 03:16:42
101910,3614,920,242,PENDING_PAYMENT,20.0,EXPRESS,,,1837,SF,,2026-08-10 03:54:42
101911,2810,900,329,PENDING_PAYMENT,120.0,EXPRESS,,,1794,SF,,2026-08-14 18:33:42
101912,271,663,674,PENDING_PAYMENT,120.0,MEETUP,18,12:00-13:00,,,,2026-08-16 17:51:42
101913,4329,670,636,PENDING_PAYMENT,1.0,MEETUP,14,12:00-13:00,,,,2026-08-10 13:52:42
101914,966,125,55,PENDING_PAYMENT,5.0,MEETUP,26,19:00-20:00,,,,2026-08-08 01:25:42
101915,39,768,818,PENDING_PAYMENT,200.0,MEETUP,19,12:00-13:00,,,,2026-08-12 13:40:42
101916,1227,975,551,PENDING_PAYMENT,60.0,EXPRESS,,,1953,SF,,2026-08-12 20:38:42
101917,2861,411,267,PENDING_PAYMENT,80.0,EXPRESS,,,833,SF,,2026-08-15 22:15:42
101918,2173,793,225,PENDING_PAYMENT,12.0,MEETUP,23,19:00-20:00,,,,2026-08-06 21:37:42
101919,1207,660,630,PENDING_PAYMENT,8.0,EXPRESS,,,1318,SF,,2026-08-14 18:45:42
101920,513,982,138,PENDING_PAYMENT,3.0,MEETUP,20,18:00-19:00,,,,2026-08-14 18:25:42
101921,3387,924,918,PENDING_PAYMENT,60.0,EXPRESS,,,1845,SF,,2026-08-11 00:42:42
101922,1246,375,518,PENDING_PAYMENT,12.0,EXPRESS,,,761,SF,,2026-08-08 12:11:42
101923,3849,41,959,PENDING_PAYMENT,8.0,MEETUP,26,18:00-19:00,,,,2026-08-09 03:36:42
101924,2547,88,692,PENDING_PAYMENT,8.0,EXPRESS,,,186,SF,,2026-08-14 15:37:42
101925,2668,745,216,PENDING_PAYMENT,60.0,EXPRESS,,,1483,SF,,2026-08-08 22:50:42
101926,3493,656,11,PENDING_PAYMENT,30.0,MEETUP,14,12:00-13:00,,,,2026-08-08 21:35:42
101927,3077,567,499,PENDING_PAYMENT,10.0,MEETUP,22,19:00-20:00,,,,2026-08-08 15:59:42
101928,2116,686,364,PENDING_PAYMENT,25.0,MEETUP,12,18:00-19:00,,,,2026-08-16 16:15:42
101929,2421,344,472,PENDING_PAYMENT,60.0,EXPRESS,,,700,SF,,2026-08-16 09:12:42
101930,134,882,241,PENDING_PAYMENT,1.0,MEETUP,16,17:00-18:00,,,,2026-08-13 04:34:42
101931,4800,969,639,PENDING_PAYMENT,15.0,MEETUP,4,17:00-18:00,,,,2026-08-07 22:29:42
101932,637,235,490,PENDING_PAYMENT,30.0,MEETUP,25,17:00-18:00,,,,2026-08-07 08:34:42
101933,3666,37,234,PENDING_PAYMENT,15.0,MEETUP,14,12:00-13:00,,,,2026-08-15 05:50:42
101934,4995,636,746,PENDING_PAYMENT,150.0,EXPRESS,,,1265,SF,,2026-08-14 07:11:42
101935,2045,333,951,PENDING_PAYMENT,60.0,MEETUP,28,18:00-19:00,,,,2026-08-13 04:55:42
101936,2463,160,972,PENDING_PAYMENT,25.0,MEETUP,27,19:00-20:00,,,,2026-08-10 23:02:42
101937,4796,601,119,PENDING_PAYMENT,3.0,EXPRESS,,,1202,SF,,2026-08-12 18:20:42
101938,99,749,124,PENDING_PAYMENT,12.0,EXPRESS,,,1494,SF,,2026-08-07 14:14:42
101939,4247,144,911,PENDING_PAYMENT,1.0,MEETUP,21,18:00-19:00,,,,2026-08-12 00:06:42
101940,3491,194,402,PENDING_PAYMENT,20.0,MEETUP,17,17:00-18:00,,,,2026-08-06 20:11:42
101941,3922,490,401,PENDING_PAYMENT,15.0,MEETUP,22,18:00-19:00,,,,2026-08-15 00:57:42
101942,4103,235,369,PENDING_PAYMENT,1.0,MEETUP,18,18:00-19:00,,,,2026-08-13 09:03:42
101943,4804,81,225,PENDING_PAYMENT,12.0,MEETUP,6,19:00-20:00,,,,2026-08-12 23:21:42
101944,3421,295,309,PENDING_PAYMENT,200.0,MEETUP,12,18:00-19:00,,,,2026-08-12 00:16:42
101945,3977,13,156,PENDING_PAYMENT,50.0,EXPRESS,,,29,SF,,2026-08-11 09:32:42
101946,1562,547,137,PENDING_PAYMENT,10.0,MEETUP,5,17:00-18:00,,,,2026-08-12 18:19:42
101947,990,457,32,PENDING_PAYMENT,5.0,MEETUP,25,18:00-19:00,,,,2026-08-09 08:58:42
101948,1742,539,792,PENDING_PAYMENT,12.0,MEETUP,14,19:00-20:00,,,,2026-08-08 14:20:42
101949,1303,452,818,PENDING_PAYMENT,15.0,EXPRESS,,,920,SF,,2026-08-10 01:59:42
101950,361,477,238,PENDING_PAYMENT,30.0,MEETUP,2,18:00-19:00,,,,2026-08-14 20:41:42
101951,893,315,954,PENDING_PAYMENT,15.0,EXPRESS,,,647,SF,,2026-08-06 23:41:42
101952,1666,643,688,PENDING_PAYMENT,1.0,EXPRESS,,,1278,SF,,2026-08-13 10:33:42
101953,4132,498,243,PENDING_PAYMENT,5.0,MEETUP,8,19:00-20:00,,,,2026-08-12 22:31:42
101954,1229,538,821,PENDING_PAYMENT,2.0,EXPRESS,,,1091,SF,,2026-08-07 01:51:42
101955,867,841,169,PENDING_PAYMENT,3.0,EXPRESS,,,1671,SF,,2026-08-09 07:22:42
101956,3762,229,749,PENDING_PAYMENT,50.0,EXPRESS,,,479,SF,,2026-08-11 17:11:42
101957,3756,309,80,PENDING_PAYMENT,10.0,EXPRESS,,,637,SF,,2026-08-15 08:44:42
101958,2403,474,959,PENDING_PAYMENT,5.0,MEETUP,17,19:00-20:00,,,,2026-08-15 18:14:42
101959,317,25,633,PENDING_PAYMENT,100.0,MEETUP,1,12:00-13:00,,,,2026-08-13 08:13:42
101960,1095,879,313,PENDING_PAYMENT,3.0,EXPRESS,,,1747,SF,,2026-08-15 04:15:42
101961,1416,543,380,PENDING_PAYMENT,1.0,EXPRESS,,,1096,SF,,2026-08-14 10:16:42
101962,2506,817,590,PENDING_PAYMENT,3.0,EXPRESS,,,1626,SF,,2026-08-08 11:28:42
101963,307,735,847,PENDING_PAYMENT,120.0,MEETUP,29,17:00-18:00,,,,2026-08-07 02:36:42
101964,3023,661,644,PENDING_PAYMENT,3.0,EXPRESS,,,1320,SF,,2026-08-08 16:37:42
101965,3308,645,766,PENDING_PAYMENT,200.0,MEETUP,15,17:00-18:00,,,,2026-08-09 18:50:42
101966,4552,584,169,PENDING_PAYMENT,60.0,MEETUP,7,19:00-20:00,,,,2026-08-14 15:24:42
101967,1074,702,612,PENDING_PAYMENT,3.0,MEETUP,13,12:00-13:00,,,,2026-08-09 23:31:42
101968,3460,870,165,PENDING_PAYMENT,150.0,EXPRESS,,,1730,SF,,2026-08-08 03:18:42
101969,2358,625,277,PENDING_PAYMENT,8.0,MEETUP,3,19:00-20:00,,,,2026-08-13 11:56:42
101970,1097,134,345,PENDING_PAYMENT,120.0,MEETUP,14,17:00-18:00,,,,2026-08-11 20:20:42
101971,253,475,624,PENDING_PAYMENT,15.0,MEETUP,29,19:00-20:00,,,,2026-08-12 12:34:42
101972,4178,695,982,PENDING_PAYMENT,25.0,EXPRESS,,,1385,SF,,2026-08-07 12:01:42
101973,1045,515,304,PENDING_PAYMENT,200.0,EXPRESS,,,1050,SF,,2026-08-13 09:47:42
101974,428,989,368,PENDING_PAYMENT,30.0,EXPRESS,,,1975,SF,,2026-08-14 09:52:42
101975,4779,852,4,PENDING_PAYMENT,60.0,MEETUP,12,12:00-13:00,,,,2026-08-07 22:42:42
101976,2336,357,614,PENDING_PAYMENT,20.0,MEETUP,7,19:00-20:00,,,,2026-08-13 07:55:42
101977,4982,184,718,PENDING_PAYMENT,20.0,EXPRESS,,,385,SF,,2026-08-10 19:57:42
101978,1327,437,318,PENDING_PAYMENT,12.0,MEETUP,16,18:00-19:00,,,,2026-08-15 07:01:42
101979,2093,89,955,PENDING_PAYMENT,25.0,MEETUP,29,17:00-18:00,,,,2026-08-08 04:53:42
101980,452,147,182,PENDING_PAYMENT,25.0,MEETUP,28,17:00-18:00,,,,2026-08-09 22:50:42
101981,1771,618,906,PENDING_PAYMENT,30.0,MEETUP,7,17:00-18:00,,,,2026-08-13 00:12:42
101982,4136,732,418,PENDING_PAYMENT,120.0,EXPRESS,,,1453,SF,,2026-08-11 21:14:42
101983,2373,337,158,PENDING_PAYMENT,100.0,MEETUP,30,17:00-18:00,,,,2026-08-14 04:29:42
101984,22,989,839,PENDING_PAYMENT,15.0,EXPRESS,,,1976,SF,,2026-08-10 18:27:42
101985,3305,298,372,PENDING_PAYMENT,10.0,EXPRESS,,,619,SF,,2026-08-16 04:53:42
101986,4045,501,19,PENDING_PAYMENT,50.0,MEETUP,8,18:00-19:00,,,,2026-08-06 23:46:42
101987,1923,931,554,PENDING_PAYMENT,30.0,MEETUP,3,17:00-18:00,,,,2026-08-07 23:18:42
101988,4099,324,359,PENDING_PAYMENT,120.0,MEETUP,3,19:00-20:00,,,,2026-08-16 07:38:42
101989,1044,205,415,PENDING_PAYMENT,20.0,MEETUP,29,12:00-13:00,,,,2026-08-14 05:57:42
101990,1149,362,239,PENDING_PAYMENT,150.0,EXPRESS,,,739,SF,,2026-08-07 22:58:42
101991,2301,405,338,PENDING_PAYMENT,5.0,EXPRESS,,,818,SF,,2026-08-12 06:10:42
101992,2667,351,996,PENDING_PAYMENT,5.0,MEETUP,12,19:00-20:00,,,,2026-08-10 21:51:42
101993,4660,274,544,PENDING_PAYMENT,120.0,MEETUP,9,17:00-18:00,,,,2026-08-11 10:23:42
101994,1154,650,193,PENDING_PAYMENT,20.0,EXPRESS,,,1294,SF,,2026-08-08 07:08:42
101995,516,82,259,PENDING_PAYMENT,3.0,EXPRESS,,,172,SF,,2026-08-07 10:27:42
101996,3062,882,496,PENDING_PAYMENT,80.0,MEETUP,22,18:00-19:00,,,,2026-08-10 07:42:42
101997,2097,864,223,PENDING_PAYMENT,20.0,MEETUP,11,18:00-19:00,,,,2026-08-14 14:07:42
101998,4106,576,186,PENDING_PAYMENT,15.0,MEETUP,21,17:00-18:00,,,,2026-08-14 05:55:42
101999,1393,584,907,PENDING_PAYMENT,80.0,EXPRESS,,,1171,SF,,2026-08-08 18:03:42
102000,2644,468,650,PENDING_PAYMENT,100.0,EXPRESS,,,953,SF,,2026-08-13 12:07:42
102001,2824,167,968,PENDING_PAYMENT,20.0,MEETUP,4,19:00-20:00,,,,2026-08-10 16:50:42
102002,425,701,940,PENDING_PAYMENT,100.0,EXPRESS,,,1397,SF,,2026-08-13 17:45:42
102003,4246,917,240,PENDING_PAYMENT,80.0,EXPRESS,,,1830,SF,,2026-08-11 11:32:42
102004,4553,79,344,PENDING_PAYMENT,30.0,EXPRESS,,,167,SF,,2026-08-07 15:13:42
102005,3630,163,129,PENDING_PAYMENT,3.0,MEETUP,9,19:00-20:00,,,,2026-08-08 01:45:42
102006,1929,570,626,PENDING_PAYMENT,30.0,EXPRESS,,,1149,SF,,2026-08-14 21:33:42
102007,834,30,805,PENDING_PAYMENT,15.0,MEETUP,29,18:00-19:00,,,,2026-08-10 05:27:42
102008,1934,51,892,PENDING_PAYMENT,5.0,MEETUP,9,12:00-13:00,,,,2026-08-08 16:44:42
102009,3969,790,962,PENDING_PAYMENT,1.0,MEETUP,28,19:00-20:00,,,,2026-08-12 05:55:42
102010,337,83,179,PENDING_PAYMENT,10.0,MEETUP,3,18:00-19:00,,,,2026-08-10 05:40:42
102011,987,998,355,PENDING_PAYMENT,15.0,MEETUP,1,18:00-19:00,,,,2026-08-08 07:34:42
102012,3739,720,669,PENDING_PAYMENT,15.0,MEETUP,28,17:00-18:00,,,,2026-08-08 14:59:42
102013,1216,257,489,PENDING_PAYMENT,2.0,MEETUP,4,18:00-19:00,,,,2026-08-09 06:31:42
102014,4773,408,504,PENDING_PAYMENT,8.0,EXPRESS,,,825,SF,,2026-08-12 05:50:42
102015,2718,630,323,PENDING_PAYMENT,150.0,MEETUP,1,12:00-13:00,,,,2026-08-12 08:45:42
102016,4703,952,133,PENDING_PAYMENT,120.0,EXPRESS,,,1905,SF,,2026-08-08 21:43:42
102017,66,281,86,PENDING_PAYMENT,1.0,MEETUP,22,12:00-13:00,,,,2026-08-15 12:23:42
102018,3648,899,107,PENDING_PAYMENT,200.0,EXPRESS,,,1790,SF,,2026-08-07 12:51:42
102019,23,752,83,PENDING_PAYMENT,60.0,EXPRESS,,,1500,SF,,2026-08-09 11:34:42
102020,2828,681,571,PENDING_PAYMENT,1.0,EXPRESS,,,1360,SF,,2026-08-09 03:27:42
102021,1283,884,51,PENDING_PAYMENT,80.0,MEETUP,14,19:00-20:00,,,,2026-08-12 16:58:42
102022,647,827,729,PENDING_PAYMENT,3.0,EXPRESS,,,1643,SF,,2026-08-11 00:34:42
102023,1605,983,668,PENDING_PAYMENT,200.0,EXPRESS,,,1965,SF,,2026-08-12 04:16:42
102024,3876,143,531,PENDING_PAYMENT,150.0,MEETUP,17,17:00-18:00,,,,2026-08-09 14:35:42
102025,4715,357,4,PENDING_PAYMENT,12.0,EXPRESS,,,728,SF,,2026-08-09 19:21:42
102026,4902,967,323,PENDING_PAYMENT,60.0,MEETUP,28,19:00-20:00,,,,2026-08-11 18:49:42
102027,2506,567,590,PENDING_PAYMENT,3.0,MEETUP,25,12:00-13:00,,,,2026-08-14 03:54:42
102028,1958,407,941,PENDING_PAYMENT,15.0,EXPRESS,,,822,SF,,2026-08-10 20:25:42
102029,3261,70,801,PENDING_PAYMENT,50.0,MEETUP,12,17:00-18:00,,,,2026-08-09 13:43:42
102030,4088,836,255,PENDING_PAYMENT,20.0,EXPRESS,,,1661,SF,,2026-08-13 08:36:42
102031,3869,494,290,PENDING_PAYMENT,15.0,MEETUP,4,18:00-19:00,,,,2026-08-14 05:03:42
102032,90,502,833,PENDING_PAYMENT,120.0,EXPRESS,,,1018,SF,,2026-08-06 20:16:42
102033,1769,345,882,PENDING_PAYMENT,1.0,MEETUP,19,19:00-20:00,,,,2026-08-08 10:27:42
102034,4908,115,117,PENDING_PAYMENT,8.0,EXPRESS,,,236,SF,,2026-08-11 00:14:42
102035,663,291,746,PENDING_PAYMENT,60.0,EXPRESS,,,611,SF,,2026-08-11 18:01:42
102036,1855,184,69,PENDING_PAYMENT,30.0,MEETUP,4,17:00-18:00,,,,2026-08-11 22:23:42
102037,4640,116,434,PENDING_PAYMENT,1.0,EXPRESS,,,238,SF,,2026-08-09 10:47:42
102038,2690,518,280,PENDING_PAYMENT,1.0,MEETUP,12,19:00-20:00,,,,2026-08-11 09:34:42
102039,4441,155,811,PENDING_PAYMENT,30.0,EXPRESS,,,321,SF,,2026-08-08 20:44:42
102040,192,265,3,PENDING_PAYMENT,12.0,MEETUP,14,17:00-18:00,,,,2026-08-06 20:38:42
102041,1375,273,131,PENDING_PAYMENT,80.0,MEETUP,17,18:00-19:00,,,,2026-08-16 09:22:42
102042,4809,888,940,PENDING_PAYMENT,3.0,MEETUP,1,19:00-20:00,,,,2026-08-16 06:24:42
102043,108,877,544,PENDING_PAYMENT,80.0,EXPRESS,,,1743,SF,,2026-08-14 10:54:42
102044,4165,131,823,PENDING_PAYMENT,20.0,MEETUP,27,17:00-18:00,,,,2026-08-16 18:12:42
102045,4735,188,362,PENDING_PAYMENT,60.0,EXPRESS,,,393,SF,,2026-08-13 02:35:42
102046,1255,572,542,PENDING_PAYMENT,120.0,MEETUP,28,18:00-19:00,,,,2026-08-09 18:03:42
102047,1166,731,203,PENDING_PAYMENT,100.0,EXPRESS,,,1450,SF,,2026-08-14 16:21:42
102048,1376,362,105,PENDING_PAYMENT,80.0,EXPRESS,,,738,SF,,2026-08-11 04:24:42
102049,1903,741,846,PENDING_PAYMENT,50.0,MEETUP,16,18:00-19:00,,,,2026-08-13 06:41:42
102050,4988,456,833,PENDING_PAYMENT,15.0,EXPRESS,,,932,SF,,2026-08-07 17:41:42
102051,3217,120,660,PENDING_PAYMENT,10.0,EXPRESS,,,245,SF,,2026-08-06 19:29:42
102052,4389,170,691,PENDING_PAYMENT,30.0,MEETUP,26,17:00-18:00,,,,2026-08-13 05:18:42
102053,606,601,672,PENDING_PAYMENT,200.0,EXPRESS,,,1202,SF,,2026-08-15 03:20:42
102054,1701,11,113,PENDING_PAYMENT,30.0,MEETUP,23,17:00-18:00,,,,2026-08-15 22:32:42
102055,3105,317,217,PENDING_PAYMENT,150.0,EXPRESS,,,651,SF,,2026-08-11 01:17:42
102056,3312,562,235,PENDING_PAYMENT,25.0,EXPRESS,,,1132,SF,,2026-08-08 14:13:42
102057,4475,465,630,PENDING_PAYMENT,12.0,EXPRESS,,,946,SF,,2026-08-13 15:21:42
102058,1999,688,718,PENDING_PAYMENT,1.0,MEETUP,24,17:00-18:00,,,,2026-08-15 08:10:42
102059,4032,246,629,PENDING_PAYMENT,12.0,MEETUP,1,17:00-18:00,,,,2026-08-10 15:01:42
102060,3093,720,375,PENDING_PAYMENT,1.0,MEETUP,5,19:00-20:00,,,,2026-08-07 09:25:42
102061,1909,90,171,PENDING_PAYMENT,5.0,MEETUP,28,12:00-13:00,,,,2026-08-07 02:03:42
102062,1055,61,3,PENDING_PAYMENT,1.0,EXPRESS,,,131,SF,,2026-08-10 15:51:42
102063,1549,256,719,PENDING_PAYMENT,25.0,EXPRESS,,,531,SF,,2026-08-08 01:12:42
102064,3026,490,754,PENDING_PAYMENT,20.0,MEETUP,4,18:00-19:00,,,,2026-08-07 18:59:42
102065,4954,778,710,PENDING_PAYMENT,25.0,EXPRESS,,,1551,SF,,2026-08-15 00:29:42
102066,2854,164,897,PENDING_PAYMENT,15.0,EXPRESS,,,341,SF,,2026-08-16 13:13:42
102067,3330,922,35,PENDING_PAYMENT,100.0,EXPRESS,,,1841,SF,,2026-08-08 17:05:42
102068,1673,142,944,PENDING_PAYMENT,20.0,EXPRESS,,,291,SF,,2026-08-06 19:09:42
102069,4630,777,6,PENDING_PAYMENT,15.0,EXPRESS,,,1550,SF,,2026-08-10 13:19:42
102070,169,592,343,PENDING_PAYMENT,60.0,MEETUP,7,19:00-20:00,,,,2026-08-12 16:02:42
102071,1302,559,88,PENDING_PAYMENT,30.0,MEETUP,24,12:00-13:00,,,,2026-08-09 07:13:42
102072,3097,498,742,PENDING_PAYMENT,150.0,MEETUP,25,18:00-19:00,,,,2026-08-15 21:21:42
102073,1433,134,479,PENDING_PAYMENT,80.0,MEETUP,27,18:00-19:00,,,,2026-08-08 21:12:42
102074,1807,23,5,PENDING_PAYMENT,150.0,MEETUP,19,17:00-18:00,,,,2026-08-12 00:12:42
102075,227,869,706,PENDING_PAYMENT,80.0,EXPRESS,,,1728,SF,,2026-08-08 02:44:42
102076,2280,102,912,PENDING_PAYMENT,3.0,MEETUP,21,17:00-18:00,,,,2026-08-11 05:26:42
102077,1206,32,769,PENDING_PAYMENT,120.0,EXPRESS,,,67,SF,,2026-08-14 22:18:42
102078,152,112,576,PENDING_PAYMENT,30.0,EXPRESS,,,232,SF,,2026-08-09 11:09:42
102079,2267,760,898,PENDING_PAYMENT,20.0,MEETUP,15,17:00-18:00,,,,2026-08-14 17:22:42
102080,4673,831,407,PENDING_PAYMENT,50.0,EXPRESS,,,1651,SF,,2026-08-07 18:13:42
102081,863,370,880,PENDING_PAYMENT,20.0,MEETUP,15,18:00-19:00,,,,2026-08-08 00:23:42
102082,3357,136,313,PENDING_PAYMENT,1.0,MEETUP,1,19:00-20:00,,,,2026-08-08 05:25:42
102083,2004,420,441,PENDING_PAYMENT,80.0,EXPRESS,,,856,SF,,2026-08-07 23:38:42
102084,523,788,39,PENDING_PAYMENT,10.0,EXPRESS,,,1570,SF,,2026-08-13 07:18:42
102085,4266,785,706,PENDING_PAYMENT,200.0,MEETUP,21,12:00-13:00,,,,2026-08-14 00:15:42
102086,343,72,659,PENDING_PAYMENT,3.0,EXPRESS,,,152,SF,,2026-08-11 15:32:42
102087,574,475,842,PENDING_PAYMENT,120.0,EXPRESS,,,964,SF,,2026-08-09 13:40:42
102088,2306,215,234,PENDING_PAYMENT,50.0,EXPRESS,,,450,SF,,2026-08-10 09:27:42
102089,4307,673,549,PENDING_PAYMENT,5.0,EXPRESS,,,1345,SF,,2026-08-10 22:55:42
102090,1781,247,182,PENDING_PAYMENT,8.0,EXPRESS,,,511,SF,,2026-08-12 06:23:42
102091,385,720,581,PENDING_PAYMENT,12.0,MEETUP,11,17:00-18:00,,,,2026-08-09 06:33:42
102092,309,640,185,PENDING_PAYMENT,20.0,EXPRESS,,,1270,SF,,2026-08-13 17:26:42
102093,2964,898,694,PENDING_PAYMENT,50.0,EXPRESS,,,1789,SF,,2026-08-06 21:05:42
102094,1656,850,490,PENDING_PAYMENT,25.0,EXPRESS,,,1688,SF,,2026-08-14 13:18:42
102095,1006,623,7,PENDING_PAYMENT,1.0,EXPRESS,,,1240,SF,,2026-08-09 06:40:42
102096,2090,224,911,PENDING_PAYMENT,3.0,MEETUP,20,19:00-20:00,,,,2026-08-15 13:40:42
102097,3391,226,407,PENDING_PAYMENT,12.0,MEETUP,14,12:00-13:00,,,,2026-08-07 10:56:42
102098,3645,733,368,PENDING_PAYMENT,15.0,EXPRESS,,,1456,SF,,2026-08-16 06:48:42
102099,4137,863,565,PENDING_PAYMENT,8.0,EXPRESS,,,1715,SF,,2026-08-15 01:26:42
102100,542,422,736,PENDING_PAYMENT,50.0,EXPRESS,,,863,SF,,2026-08-07 00:43:42
102101,2188,666,192,PENDING_PAYMENT,10.0,MEETUP,2,18:00-19:00,,,,2026-08-11 06:24:42
102102,1349,271,178,PENDING_PAYMENT,10.0,MEETUP,15,18:00-19:00,,,,2026-08-14 16:56:42
102103,3628,899,210,PENDING_PAYMENT,5.0,EXPRESS,,,1790,SF,,2026-08-09 15:07:42
102104,3755,954,294,PENDING_PAYMENT,100.0,MEETUP,7,19:00-20:00,,,,2026-08-11 06:04:42
102105,2503,571,56,PENDING_PAYMENT,200.0,EXPRESS,,,1150,SF,,2026-08-15 10:03:42
102106,1816,423,813,PENDING_PAYMENT,10.0,EXPRESS,,,866,SF,,2026-08-07 11:02:42
102107,3074,86,132,PENDING_PAYMENT,10.0,EXPRESS,,,181,SF,,2026-08-07 17:59:42
102108,4101,526,992,PENDING_PAYMENT,10.0,EXPRESS,,,1071,SF,,2026-08-16 14:32:42
102109,883,948,410,PENDING_PAYMENT,5.0,MEETUP,18,12:00-13:00,,,,2026-08-10 17:45:42
102110,2670,934,388,PENDING_PAYMENT,3.0,MEETUP,8,18:00-19:00,,,,2026-08-12 16:01:42
102111,938,982,40,PENDING_PAYMENT,60.0,MEETUP,6,17:00-18:00,,,,2026-08-16 16:41:42
102112,4611,138,567,PENDING_PAYMENT,15.0,MEETUP,14,12:00-13:00,,,,2026-08-07 14:46:42
102113,4322,896,892,PENDING_PAYMENT,80.0,MEETUP,15,12:00-13:00,,,,2026-08-06 19:16:42
102114,3990,949,978,PENDING_PAYMENT,200.0,MEETUP,30,19:00-20:00,,,,2026-08-13 11:46:42
102115,4627,201,481,PENDING_PAYMENT,3.0,MEETUP,22,12:00-13:00,,,,2026-08-16 14:04:42
102116,1670,175,847,PENDING_PAYMENT,120.0,EXPRESS,,,364,SF,,2026-08-15 14:38:42
102117,69,42,134,PENDING_PAYMENT,12.0,EXPRESS,,,90,SF,,2026-08-14 10:49:42
102118,3959,983,650,PENDING_PAYMENT,200.0,EXPRESS,,,1965,SF,,2026-08-16 18:30:42
102119,2203,820,648,PENDING_PAYMENT,50.0,MEETUP,9,19:00-20:00,,,,2026-08-09 23:54:42
102120,1390,607,300,PENDING_PAYMENT,30.0,MEETUP,28,17:00-18:00,,,,2026-08-09 06:18:42
102121,4972,596,530,PENDING_PAYMENT,15.0,MEETUP,27,18:00-19:00,,,,2026-08-11 17:12:42
102122,4572,191,495,PENDING_PAYMENT,8.0,MEETUP,27,17:00-18:00,,,,2026-08-09 19:00:42
102123,1085,469,282,PENDING_PAYMENT,150.0,MEETUP,27,19:00-20:00,,,,2026-08-13 18:58:42
102124,2715,219,546,PENDING_PAYMENT,8.0,MEETUP,23,19:00-20:00,,,,2026-08-12 08:41:42
102125,3637,273,999,PENDING_PAYMENT,30.0,MEETUP,3,17:00-18:00,,,,2026-08-10 01:38:42
102126,296,936,440,PENDING_PAYMENT,5.0,EXPRESS,,,1871,SF,,2026-08-12 12:46:42
102127,78,422,248,PENDING_PAYMENT,120.0,EXPRESS,,,863,SF,,2026-08-13 15:46:42
102128,2160,531,728,PENDING_PAYMENT,8.0,MEETUP,25,17:00-18:00,,,,2026-08-08 23:52:42
102129,3199,646,906,PENDING_PAYMENT,8.0,EXPRESS,,,1286,SF,,2026-08-11 04:40:42
102130,2159,688,242,PENDING_PAYMENT,2.0,EXPRESS,,,1371,SF,,2026-08-15 12:02:42
102131,1112,239,78,PENDING_PAYMENT,50.0,EXPRESS,,,498,SF,,2026-08-15 05:44:42
102132,3014,187,945,PENDING_PAYMENT,80.0,MEETUP,2,12:00-13:00,,,,2026-08-06 21:26:42
102133,1781,702,182,PENDING_PAYMENT,8.0,MEETUP,23,18:00-19:00,,,,2026-08-07 09:34:42
102134,1187,791,282,PENDING_PAYMENT,60.0,MEETUP,9,18:00-19:00,,,,2026-08-14 10:46:42
102135,487,363,328,PENDING_PAYMENT,2.0,MEETUP,14,19:00-20:00,,,,2026-08-13 02:14:42
102136,4183,626,309,PENDING_PAYMENT,10.0,MEETUP,21,19:00-20:00,,,,2026-08-09 19:48:42
102137,2037,124,266,PENDING_PAYMENT,8.0,EXPRESS,,,254,SF,,2026-08-12 21:05:42
102138,4995,347,746,PENDING_PAYMENT,150.0,EXPRESS,,,706,SF,,2026-08-16 13:03:42
102139,1127,9,688,PENDING_PAYMENT,150.0,MEETUP,29,19:00-20:00,,,,2026-08-09 01:20:42
102140,3429,600,888,PENDING_PAYMENT,100.0,EXPRESS,,,1198,SF,,2026-08-14 03:08:42
102141,15,865,976,PENDING_PAYMENT,50.0,EXPRESS,,,1718,SF,,2026-08-15 20:45:42
102142,3957,196,268,PENDING_PAYMENT,15.0,MEETUP,25,17:00-18:00,,,,2026-08-08 12:57:42
102143,481,56,576,PENDING_PAYMENT,2.0,MEETUP,22,12:00-13:00,,,,2026-08-13 00:55:42
102144,732,113,574,PENDING_PAYMENT,50.0,MEETUP,18,12:00-13:00,,,,2026-08-16 00:44:42
102145,4581,908,158,PENDING_PAYMENT,2.0,MEETUP,4,12:00-13:00,,,,2026-08-13 01:02:42
102146,4341,493,468,PENDING_PAYMENT,50.0,MEETUP,11,12:00-13:00,,,,2026-08-12 15:26:42
102147,4127,595,464,PENDING_PAYMENT,2.0,MEETUP,14,18:00-19:00,,,,2026-08-12 17:04:42
102148,644,894,919,PENDING_PAYMENT,80.0,EXPRESS,,,1779,SF,,2026-08-12 14:17:42
102149,2909,945,981,PENDING_PAYMENT,8.0,EXPRESS,,,1892,SF,,2026-08-13 02:25:42
102150,405,585,649,PENDING_PAYMENT,2.0,EXPRESS,,,1172,SF,,2026-08-10 21:36:42
102151,1302,997,88,PENDING_PAYMENT,30.0,MEETUP,30,12:00-13:00,,,,2026-08-11 01:13:42
102152,1633,969,526,PENDING_PAYMENT,120.0,MEETUP,23,17:00-18:00,,,,2026-08-09 16:11:42
102153,3071,958,314,PENDING_PAYMENT,15.0,EXPRESS,,,1919,SF,,2026-08-12 10:05:42
102154,4998,415,41,PENDING_PAYMENT,60.0,MEETUP,6,18:00-19:00,,,,2026-08-14 08:56:42
102155,3211,415,974,PENDING_PAYMENT,2.0,MEETUP,10,19:00-20:00,,,,2026-08-13 23:39:42
102156,4184,274,568,PENDING_PAYMENT,10.0,MEETUP,6,12:00-13:00,,,,2026-08-07 18:55:42
102157,873,764,152,PENDING_PAYMENT,12.0,EXPRESS,,,1531,SF,,2026-08-15 17:51:42
102158,3555,657,23,PENDING_PAYMENT,5.0,MEETUP,20,19:00-20:00,,,,2026-08-15 19:28:42
102159,3762,665,749,PENDING_PAYMENT,50.0,MEETUP,9,17:00-18:00,,,,2026-08-16 13:38:42
102160,896,972,135,PENDING_PAYMENT,5.0,MEETUP,30,18:00-19:00,,,,2026-08-16 02:10:42
102161,110,380,313,PENDING_PAYMENT,80.0,EXPRESS,,,770,SF,,2026-08-13 11:06:42
102162,2867,512,409,PENDING_PAYMENT,100.0,EXPRESS,,,1044,SF,,2026-08-11 15:20:42
102163,1008,769,137,PENDING_PAYMENT,120.0,MEETUP,30,18:00-19:00,,,,2026-08-13 21:21:42
102164,4212,116,705,PENDING_PAYMENT,60.0,EXPRESS,,,238,SF,,2026-08-12 04:09:42
102165,1975,581,625,PENDING_PAYMENT,60.0,MEETUP,11,17:00-18:00,,,,2026-08-08 23:57:42
102166,4741,583,950,PENDING_PAYMENT,12.0,MEETUP,23,18:00-19:00,,,,2026-08-11 03:46:42
102167,4524,734,539,PENDING_PAYMENT,60.0,EXPRESS,,,1457,SF,,2026-08-08 09:14:42
102168,815,535,828,PENDING_PAYMENT,15.0,MEETUP,14,17:00-18:00,,,,2026-08-08 13:31:42
102169,943,828,993,PENDING_PAYMENT,200.0,MEETUP,28,19:00-20:00,,,,2026-08-14 10:41:42
102170,2392,680,832,PENDING_PAYMENT,1.0,MEETUP,19,12:00-13:00,,,,2026-08-08 21:15:42
102171,1632,720,962,PENDING_PAYMENT,15.0,EXPRESS,,,1434,SF,,2026-08-14 00:32:42
102172,2504,273,101,PENDING_PAYMENT,3.0,MEETUP,11,18:00-19:00,,,,2026-08-11 22:31:42
102173,1937,703,396,PENDING_PAYMENT,10.0,MEETUP,3,17:00-18:00,,,,2026-08-09 18:55:42
102174,3201,795,247,PENDING_PAYMENT,3.0,MEETUP,14,19:00-20:00,,,,2026-08-15 17:20:42
102175,2452,305,957,PENDING_PAYMENT,12.0,EXPRESS,,,632,SF,,2026-08-15 22:24:42
102176,4038,616,696,PENDING_PAYMENT,12.0,EXPRESS,,,1229,SF,,2026-08-08 05:24:42
102177,2388,224,152,PENDING_PAYMENT,50.0,MEETUP,7,18:00-19:00,,,,2026-08-14 08:07:42
102178,4556,525,430,PENDING_PAYMENT,10.0,MEETUP,10,19:00-20:00,,,,2026-08-14 07:45:42
102179,2905,742,750,PENDING_PAYMENT,15.0,EXPRESS,,,1476,SF,,2026-08-12 20:48:42
102180,2682,227,824,PENDING_PAYMENT,80.0,EXPRESS,,,475,SF,,2026-08-14 19:43:42
102181,605,218,470,PENDING_PAYMENT,20.0,EXPRESS,,,453,SF,,2026-08-15 09:09:42
102182,4148,342,712,PENDING_PAYMENT,50.0,EXPRESS,,,697,SF,,2026-08-15 04:38:42
102183,1924,789,348,PENDING_PAYMENT,15.0,MEETUP,20,17:00-18:00,,,,2026-08-10 14:50:42
102184,4815,964,81,PENDING_PAYMENT,100.0,EXPRESS,,,1931,SF,,2026-08-15 09:32:42
102185,3702,186,40,PENDING_PAYMENT,120.0,EXPRESS,,,390,SF,,2026-08-12 13:35:42
102186,4213,674,135,PENDING_PAYMENT,5.0,EXPRESS,,,1348,SF,,2026-08-10 18:03:42
102187,962,584,193,PENDING_PAYMENT,2.0,EXPRESS,,,1171,SF,,2026-08-15 15:28:42
102188,5,552,97,PENDING_PAYMENT,120.0,MEETUP,27,12:00-13:00,,,,2026-08-09 09:13:42
102189,2760,929,719,PENDING_PAYMENT,100.0,MEETUP,12,18:00-19:00,,,,2026-08-08 06:48:42
102190,2703,43,167,PENDING_PAYMENT,5.0,EXPRESS,,,92,SF,,2026-08-15 16:52:42
102191,4406,942,575,PENDING_PAYMENT,60.0,MEETUP,28,17:00-18:00,,,,2026-08-16 06:12:42
102192,950,356,493,PENDING_PAYMENT,1.0,EXPRESS,,,727,SF,,2026-08-15 17:35:42
102193,3793,551,263,PENDING_PAYMENT,3.0,EXPRESS,,,1111,SF,,2026-08-12 22:26:42
102194,857,211,721,PENDING_PAYMENT,20.0,MEETUP,3,18:00-19:00,,,,2026-08-13 20:26:42
102195,632,46,367,PENDING_PAYMENT,150.0,MEETUP,7,19:00-20:00,,,,2026-08-10 04:57:42
102196,75,445,74,PENDING_PAYMENT,12.0,MEETUP,5,19:00-20:00,,,,2026-08-07 02:20:42
102197,535,780,708,PENDING_PAYMENT,60.0,EXPRESS,,,1557,SF,,2026-08-11 19:58:42
102198,2758,439,702,PENDING_PAYMENT,100.0,MEETUP,13,18:00-19:00,,,,2026-08-10 22:10:42
102199,4849,582,774,PENDING_PAYMENT,50.0,MEETUP,11,17:00-18:00,,,,2026-08-12 13:25:42
102200,2570,682,326,PENDING_PAYMENT,50.0,MEETUP,20,12:00-13:00,,,,2026-08-15 06:04:42
102201,854,345,753,PENDING_PAYMENT,120.0,MEETUP,29,19:00-20:00,,,,2026-08-12 10:06:42
102202,1814,783,428,PENDING_PAYMENT,2.0,MEETUP,13,17:00-18:00,,,,2026-08-13 18:54:42
102203,2033,7,23,PENDING_PAYMENT,30.0,MEETUP,10,18:00-19:00,,,,2026-08-14 17:22:42
102204,1302,208,88,PENDING_PAYMENT,30.0,EXPRESS,,,434,SF,,2026-08-07 06:23:42
102205,4381,978,232,PENDING_PAYMENT,30.0,MEETUP,3,12:00-13:00,,,,2026-08-12 00:30:42
102206,1623,706,896,PENDING_PAYMENT,25.0,EXPRESS,,,1408,SF,,2026-08-10 01:39:42
102207,2174,281,618,PENDING_PAYMENT,80.0,MEETUP,22,17:00-18:00,,,,2026-08-14 23:05:42
102208,548,495,245,PENDING_PAYMENT,25.0,MEETUP,13,17:00-18:00,,,,2026-08-13 22:48:42
102209,4094,556,223,PENDING_PAYMENT,3.0,EXPRESS,,,1120,SF,,2026-08-09 19:55:42
102210,1611,155,806,PENDING_PAYMENT,25.0,MEETUP,1,17:00-18:00,,,,2026-08-07 18:45:42
102211,929,343,149,PENDING_PAYMENT,50.0,EXPRESS,,,698,SF,,2026-08-10 23:36:42
102212,1249,520,708,PENDING_PAYMENT,80.0,MEETUP,25,12:00-13:00,,,,2026-08-15 14:48:42
102213,272,344,715,PENDING_PAYMENT,150.0,EXPRESS,,,700,SF,,2026-08-15 13:12:42
102214,2139,691,201,PENDING_PAYMENT,3.0,EXPRESS,,,1377,SF,,2026-08-13 06:55:42
102215,1165,327,698,PENDING_PAYMENT,1.0,EXPRESS,,,671,SF,,2026-08-13 13:11:42
102216,1382,611,839,PENDING_PAYMENT,60.0,MEETUP,15,12:00-13:00,,,,2026-08-14 11:09:42
102217,1530,54,750,PENDING_PAYMENT,80.0,EXPRESS,,,118,SF,,2026-08-12 18:16:42
102218,1599,287,956,PENDING_PAYMENT,1.0,MEETUP,29,19:00-20:00,,,,2026-08-07 22:06:42
102219,4426,427,86,PENDING_PAYMENT,8.0,MEETUP,9,12:00-13:00,,,,2026-08-13 18:30:42
102220,3355,382,870,PENDING_PAYMENT,12.0,EXPRESS,,,773,SF,,2026-08-15 19:54:42
102221,4983,40,18,PENDING_PAYMENT,15.0,MEETUP,17,19:00-20:00,,,,2026-08-10 22:34:42
102222,3402,825,518,PENDING_PAYMENT,3.0,EXPRESS,,,1638,SF,,2026-08-15 11:38:42
102223,1492,570,127,PENDING_PAYMENT,20.0,MEETUP,8,17:00-18:00,,,,2026-08-12 10:40:42
102224,172,712,415,PENDING_PAYMENT,10.0,EXPRESS,,,1417,SF,,2026-08-15 09:44:42
102225,3976,137,898,PENDING_PAYMENT,100.0,MEETUP,12,12:00-13:00,,,,2026-08-12 23:33:42
102226,2336,815,614,PENDING_PAYMENT,20.0,MEETUP,10,12:00-13:00,,,,2026-08-10 15:14:42
102227,729,82,399,PENDING_PAYMENT,10.0,MEETUP,17,18:00-19:00,,,,2026-08-14 07:57:42
102228,3371,658,235,PENDING_PAYMENT,60.0,MEETUP,20,19:00-20:00,,,,2026-08-14 11:06:42
102229,1103,651,808,PENDING_PAYMENT,2.0,EXPRESS,,,1298,SF,,2026-08-08 05:46:42
102230,3011,92,34,PENDING_PAYMENT,20.0,MEETUP,15,19:00-20:00,,,,2026-08-14 03:30:42
102231,4926,5,262,PENDING_PAYMENT,10.0,EXPRESS,,,13,SF,,2026-08-10 23:55:42
102232,4203,289,439,PENDING_PAYMENT,2.0,MEETUP,4,12:00-13:00,,,,2026-08-13 10:36:42
102233,3358,610,871,PENDING_PAYMENT,200.0,EXPRESS,,,1216,SF,,2026-08-16 04:37:42
102234,4873,962,254,PENDING_PAYMENT,80.0,MEETUP,2,19:00-20:00,,,,2026-08-10 02:51:42
102235,1189,480,186,PENDING_PAYMENT,2.0,MEETUP,29,12:00-13:00,,,,2026-08-14 14:30:42
102236,4632,362,802,PENDING_PAYMENT,120.0,MEETUP,29,12:00-13:00,,,,2026-08-10 13:17:42
102237,2493,310,667,PENDING_PAYMENT,200.0,MEETUP,1,18:00-19:00,,,,2026-08-14 18:03:42
102238,1647,39,145,PENDING_PAYMENT,2.0,EXPRESS,,,84,SF,,2026-08-09 15:05:42
102239,1188,574,708,PENDING_PAYMENT,8.0,EXPRESS,,,1154,SF,,2026-08-13 12:13:42
102240,2365,519,796,PENDING_PAYMENT,25.0,MEETUP,21,12:00-13:00,,,,2026-08-15 12:28:42
102241,461,839,106,PENDING_PAYMENT,25.0,EXPRESS,,,1667,SF,,2026-08-09 10:10:42
102242,1061,123,14,PENDING_PAYMENT,8.0,EXPRESS,,,251,SF,,2026-08-11 10:08:42
102243,4393,186,81,PENDING_PAYMENT,3.0,EXPRESS,,,390,SF,,2026-08-08 00:20:42
102244,250,302,632,PENDING_PAYMENT,80.0,EXPRESS,,,625,SF,,2026-08-10 00:44:42
102245,1389,579,121,PENDING_PAYMENT,30.0,EXPRESS,,,1162,SF,,2026-08-11 01:11:42
102246,2434,780,277,PENDING_PAYMENT,25.0,EXPRESS,,,1557,SF,,2026-08-16 03:12:42
102247,1279,119,865,PENDING_PAYMENT,100.0,EXPRESS,,,244,SF,,2026-08-06 22:12:42
102248,4815,712,81,PENDING_PAYMENT,100.0,EXPRESS,,,1416,SF,,2026-08-11 11:53:42
102249,2149,275,756,PENDING_PAYMENT,60.0,MEETUP,25,12:00-13:00,,,,2026-08-07 04:36:42
102250,461,403,106,PENDING_PAYMENT,25.0,MEETUP,29,18:00-19:00,,,,2026-08-07 17:25:42
102251,13,900,818,PENDING_PAYMENT,80.0,MEETUP,20,19:00-20:00,,,,2026-08-12 17:26:42
102252,2003,246,796,PENDING_PAYMENT,5.0,EXPRESS,,,508,SF,,2026-08-11 15:06:42
102253,202,799,81,PENDING_PAYMENT,150.0,MEETUP,29,17:00-18:00,,,,2026-08-13 16:22:42
102254,3420,709,412,PENDING_PAYMENT,5.0,MEETUP,22,18:00-19:00,,,,2026-08-07 16:00:42
102255,2091,708,121,PENDING_PAYMENT,10.0,EXPRESS,,,1410,SF,,2026-08-10 06:09:42
102256,3188,237,526,PENDING_PAYMENT,30.0,MEETUP,22,12:00-13:00,,,,2026-08-16 00:48:42
102257,4102,717,606,PENDING_PAYMENT,3.0,MEETUP,29,19:00-20:00,,,,2026-08-12 22:45:42
102258,776,532,649,PENDING_PAYMENT,20.0,EXPRESS,,,1083,SF,,2026-08-11 21:57:42
102259,525,629,67,PENDING_PAYMENT,1.0,EXPRESS,,,1252,SF,,2026-08-12 02:30:42
102260,264,463,604,PENDING_PAYMENT,1.0,MEETUP,15,19:00-20:00,,,,2026-08-11 09:32:42
102261,150,497,72,PENDING_PAYMENT,3.0,EXPRESS,,,1009,SF,,2026-08-07 21:28:42
102262,4495,28,894,PENDING_PAYMENT,1.0,EXPRESS,,,58,SF,,2026-08-08 19:57:42
102263,4691,55,720,PENDING_PAYMENT,60.0,MEETUP,3,17:00-18:00,,,,2026-08-07 20:21:42
102264,2973,591,771,PENDING_PAYMENT,200.0,EXPRESS,,,1181,SF,,2026-08-14 23:59:42
102265,741,256,237,PENDING_PAYMENT,2.0,MEETUP,3,12:00-13:00,,,,2026-08-09 17:08:42
102266,2666,595,374,PENDING_PAYMENT,2.0,EXPRESS,,,1188,SF,,2026-08-10 00:31:42
102267,874,998,504,PENDING_PAYMENT,1.0,EXPRESS,,,1991,SF,,2026-08-07 04:13:42
102268,4635,204,678,PENDING_PAYMENT,5.0,MEETUP,13,18:00-19:00,,,,2026-08-08 16:41:42
102269,2027,750,861,PENDING_PAYMENT,120.0,EXPRESS,,,1495,SF,,2026-08-06 21:33:42
102270,2284,647,942,PENDING_PAYMENT,2.0,MEETUP,21,12:00-13:00,,,,2026-08-10 19:37:42
102271,2705,238,805,PENDING_PAYMENT,1.0,MEETUP,10,17:00-18:00,,,,2026-08-15 09:09:42
102272,1974,840,154,PENDING_PAYMENT,150.0,MEETUP,23,19:00-20:00,,,,2026-08-10 07:48:42
102273,4574,911,141,PENDING_PAYMENT,200.0,EXPRESS,,,1815,SF,,2026-08-13 06:13:42
102274,2140,47,788,PENDING_PAYMENT,12.0,MEETUP,19,12:00-13:00,,,,2026-08-10 02:24:42
102275,4575,654,296,PENDING_PAYMENT,20.0,MEETUP,7,17:00-18:00,,,,2026-08-10 13:48:42
102276,149,24,717,PENDING_PAYMENT,15.0,MEETUP,22,18:00-19:00,,,,2026-08-07 23:38:42
102277,3898,133,922,PENDING_PAYMENT,60.0,MEETUP,27,18:00-19:00,,,,2026-08-11 15:35:42
102278,1420,108,45,PENDING_PAYMENT,50.0,MEETUP,14,17:00-18:00,,,,2026-08-12 20:54:42
102279,4389,83,691,PENDING_PAYMENT,30.0,EXPRESS,,,174,SF,,2026-08-10 18:25:42
102280,3523,91,271,PENDING_PAYMENT,30.0,MEETUP,9,17:00-18:00,,,,2026-08-16 09:39:42
102281,623,341,707,PENDING_PAYMENT,10.0,EXPRESS,,,696,SF,,2026-08-16 03:46:42
102282,3965,696,882,PENDING_PAYMENT,80.0,EXPRESS,,,1386,SF,,2026-08-16 15:10:42
102283,4228,633,917,PENDING_PAYMENT,80.0,MEETUP,13,19:00-20:00,,,,2026-08-14 00:41:42
102284,3124,461,502,PENDING_PAYMENT,3.0,EXPRESS,,,940,SF,,2026-08-07 22:29:42
102285,3013,420,439,PENDING_PAYMENT,120.0,MEETUP,1,17:00-18:00,,,,2026-08-14 00:34:42
102286,4021,26,981,PENDING_PAYMENT,5.0,MEETUP,10,17:00-18:00,,,,2026-08-10 19:32:42
102287,1738,277,376,PENDING_PAYMENT,50.0,MEETUP,16,19:00-20:00,,,,2026-08-16 03:17:42
102288,4276,504,520,PENDING_PAYMENT,3.0,EXPRESS,,,1023,SF,,2026-08-06 23:40:42
102289,3432,745,754,PENDING_PAYMENT,100.0,MEETUP,30,18:00-19:00,,,,2026-08-14 17:18:42
102290,4338,316,568,PENDING_PAYMENT,20.0,EXPRESS,,,650,SF,,2026-08-13 09:24:42
102291,3645,479,368,PENDING_PAYMENT,15.0,EXPRESS,,,971,SF,,2026-08-11 09:07:42
102292,3517,896,581,PENDING_PAYMENT,10.0,MEETUP,21,17:00-18:00,,,,2026-08-11 21:36:42
102293,1008,628,137,PENDING_PAYMENT,120.0,MEETUP,3,17:00-18:00,,,,2026-08-08 18:44:42
102294,4749,68,384,PENDING_PAYMENT,20.0,EXPRESS,,,145,SF,,2026-08-07 10:46:42
102295,443,918,125,PENDING_PAYMENT,100.0,EXPRESS,,,1833,SF,,2026-08-08 17:51:42
102296,2750,369,22,PENDING_PAYMENT,100.0,EXPRESS,,,750,SF,,2026-08-16 07:31:42
102297,2576,140,648,PENDING_PAYMENT,200.0,MEETUP,15,12:00-13:00,,,,2026-08-07 14:08:42
102298,3436,645,102,PENDING_PAYMENT,200.0,MEETUP,15,18:00-19:00,,,,2026-08-15 22:52:42
102299,4675,397,200,PENDING_PAYMENT,15.0,EXPRESS,,,805,SF,,2026-08-08 10:58:42
102300,1690,912,906,PENDING_PAYMENT,200.0,MEETUP,14,19:00-20:00,,,,2026-08-13 12:22:42
102301,1054,520,774,PENDING_PAYMENT,100.0,EXPRESS,,,1057,SF,,2026-08-09 14:43:42
102302,2770,993,500,PENDING_PAYMENT,25.0,MEETUP,18,12:00-13:00,,,,2026-08-11 15:43:42
102303,3547,611,964,PENDING_PAYMENT,20.0,MEETUP,17,19:00-20:00,,,,2026-08-14 20:54:42
102304,193,184,776,PENDING_PAYMENT,200.0,MEETUP,28,19:00-20:00,,,,2026-08-09 18:38:42
102305,1811,69,389,PENDING_PAYMENT,200.0,MEETUP,10,18:00-19:00,,,,2026-08-11 16:29:42
102306,1687,543,648,PENDING_PAYMENT,100.0,MEETUP,6,19:00-20:00,,,,2026-08-15 17:32:42
102307,3798,330,664,PENDING_PAYMENT,25.0,EXPRESS,,,678,SF,,2026-08-07 01:04:42
102308,637,119,490,PENDING_PAYMENT,30.0,MEETUP,25,12:00-13:00,,,,2026-08-07 01:50:42
102309,3355,447,870,PENDING_PAYMENT,12.0,MEETUP,24,12:00-13:00,,,,2026-08-15 14:23:42
102310,913,307,340,PENDING_PAYMENT,80.0,EXPRESS,,,634,SF,,2026-08-12 11:20:42
102311,2428,996,940,PENDING_PAYMENT,12.0,MEETUP,4,12:00-13:00,,,,2026-08-10 22:37:42
102312,239,930,453,PENDING_PAYMENT,150.0,MEETUP,7,18:00-19:00,,,,2026-08-07 05:02:42
102313,4781,57,89,PENDING_PAYMENT,5.0,MEETUP,29,19:00-20:00,,,,2026-08-16 08:35:42
102314,1668,18,572,PENDING_PAYMENT,60.0,EXPRESS,,,39,SF,,2026-08-09 04:50:42
102315,4528,430,231,PENDING_PAYMENT,2.0,EXPRESS,,,879,SF,,2026-08-16 15:27:42
102316,4051,433,637,PENDING_PAYMENT,30.0,MEETUP,13,12:00-13:00,,,,2026-08-06 21:39:42
102317,1194,912,873,PENDING_PAYMENT,10.0,EXPRESS,,,1820,SF,,2026-08-12 07:40:42
102318,3850,615,685,PENDING_PAYMENT,150.0,EXPRESS,,,1228,SF,,2026-08-09 23:03:42
102319,3414,564,447,PENDING_PAYMENT,1.0,MEETUP,13,12:00-13:00,,,,2026-08-09 23:46:42
102320,4593,842,191,PENDING_PAYMENT,100.0,MEETUP,10,12:00-13:00,,,,2026-08-08 23:15:42
102321,3060,570,927,PENDING_PAYMENT,60.0,MEETUP,2,17:00-18:00,,,,2026-08-13 08:52:42
102322,224,980,9,PENDING_PAYMENT,2.0,MEETUP,15,19:00-20:00,,,,2026-08-10 17:53:42
102323,1473,847,680,PENDING_PAYMENT,25.0,EXPRESS,,,1684,SF,,2026-08-16 12:20:42
102324,2296,695,300,PENDING_PAYMENT,8.0,EXPRESS,,,1385,SF,,2026-08-16 05:22:42
102325,4044,199,805,PENDING_PAYMENT,25.0,MEETUP,15,17:00-18:00,,,,2026-08-10 04:02:42
102326,1221,256,572,PENDING_PAYMENT,80.0,MEETUP,2,12:00-13:00,,,,2026-08-15 23:37:42
102327,2895,856,724,PENDING_PAYMENT,150.0,EXPRESS,,,1701,SF,,2026-08-15 11:54:42
102328,894,170,955,PENDING_PAYMENT,3.0,MEETUP,27,19:00-20:00,,,,2026-08-13 18:02:42
102329,4456,80,992,PENDING_PAYMENT,15.0,EXPRESS,,,168,SF,,2026-08-12 02:48:42
102330,679,22,280,PENDING_PAYMENT,200.0,EXPRESS,,,47,SF,,2026-08-14 04:07:42
102331,1370,974,269,PENDING_PAYMENT,12.0,EXPRESS,,,1952,SF,,2026-08-09 04:06:42
102332,1413,444,446,PENDING_PAYMENT,50.0,MEETUP,28,18:00-19:00,,,,2026-08-07 20:36:42
102333,1986,926,33,PENDING_PAYMENT,150.0,EXPRESS,,,1850,SF,,2026-08-14 03:43:42
102334,2871,575,150,PENDING_PAYMENT,150.0,EXPRESS,,,1155,SF,,2026-08-12 12:36:42
102335,4305,892,364,PENDING_PAYMENT,5.0,MEETUP,5,12:00-13:00,,,,2026-08-08 08:27:42
102336,3119,978,302,PENDING_PAYMENT,120.0,MEETUP,22,17:00-18:00,,,,2026-08-10 13:40:42
102337,4720,85,210,PENDING_PAYMENT,120.0,EXPRESS,,,179,SF,,2026-08-15 11:08:42
102338,2777,819,298,PENDING_PAYMENT,100.0,MEETUP,5,18:00-19:00,,,,2026-08-07 21:09:42
102339,2814,966,526,PENDING_PAYMENT,150.0,EXPRESS,,,1935,SF,,2026-08-11 06:23:42
102340,3655,962,533,PENDING_PAYMENT,150.0,MEETUP,17,12:00-13:00,,,,2026-08-09 20:02:42
102341,1693,359,480,PENDING_PAYMENT,25.0,EXPRESS,,,730,SF,,2026-08-07 02:03:42
102342,4898,563,498,PENDING_PAYMENT,10.0,MEETUP,2,18:00-19:00,,,,2026-08-12 16:40:42
102343,3833,954,314,PENDING_PAYMENT,200.0,MEETUP,18,17:00-18:00,,,,2026-08-07 15:44:42
102344,3593,86,9,PENDING_PAYMENT,10.0,EXPRESS,,,181,SF,,2026-08-13 15:15:42
102345,3296,636,835,PENDING_PAYMENT,15.0,EXPRESS,,,1265,SF,,2026-08-16 05:22:42
102346,2172,77,513,PENDING_PAYMENT,30.0,MEETUP,26,19:00-20:00,,,,2026-08-16 13:15:42
102347,445,883,634,PENDING_PAYMENT,100.0,MEETUP,6,17:00-18:00,,,,2026-08-15 14:33:42
102348,4419,910,987,PENDING_PAYMENT,10.0,EXPRESS,,,1813,SF,,2026-08-14 11:22:42
102349,3776,832,829,PENDING_PAYMENT,12.0,EXPRESS,,,1652,SF,,2026-08-07 23:58:42
102350,1862,781,13,PENDING_PAYMENT,8.0,EXPRESS,,,1558,SF,,2026-08-14 13:34:42
102351,379,577,483,PENDING_PAYMENT,50.0,MEETUP,7,18:00-19:00,,,,2026-08-08 20:13:42
102352,4604,799,707,PENDING_PAYMENT,2.0,MEETUP,7,19:00-20:00,,,,2026-08-12 13:04:42
102353,869,312,657,PENDING_PAYMENT,200.0,MEETUP,11,19:00-20:00,,,,2026-08-16 00:17:42
102354,3069,136,25,PENDING_PAYMENT,30.0,MEETUP,2,18:00-19:00,,,,2026-08-10 18:34:42
102355,4394,608,629,PENDING_PAYMENT,12.0,MEETUP,13,12:00-13:00,,,,2026-08-15 18:12:42
102356,2443,850,550,PENDING_PAYMENT,60.0,EXPRESS,,,1688,SF,,2026-08-09 21:11:42
102357,894,720,955,PENDING_PAYMENT,3.0,EXPRESS,,,1435,SF,,2026-08-13 09:55:42
102358,2846,64,533,PENDING_PAYMENT,100.0,MEETUP,8,19:00-20:00,,,,2026-08-08 15:02:42
102359,4941,314,393,PENDING_PAYMENT,2.0,EXPRESS,,,646,SF,,2026-08-11 10:11:42
102360,2969,173,679,PENDING_PAYMENT,80.0,MEETUP,11,18:00-19:00,,,,2026-08-07 23:26:42
102361,1029,597,463,PENDING_PAYMENT,2.0,EXPRESS,,,1193,SF,,2026-08-16 07:03:42
102362,2989,151,877,PENDING_PAYMENT,150.0,EXPRESS,,,313,SF,,2026-08-15 18:22:42
102363,3987,659,991,PENDING_PAYMENT,60.0,MEETUP,11,18:00-19:00,,,,2026-08-15 23:19:42
102364,1389,177,121,PENDING_PAYMENT,30.0,MEETUP,10,19:00-20:00,,,,2026-08-10 13:17:42
102365,3692,164,247,PENDING_PAYMENT,100.0,EXPRESS,,,341,SF,,2026-08-08 11:33:42
102366,2249,814,637,PENDING_PAYMENT,3.0,EXPRESS,,,1618,SF,,2026-08-09 13:28:42
102367,1697,308,818,PENDING_PAYMENT,30.0,EXPRESS,,,636,SF,,2026-08-16 17:46:42
102368,2046,701,201,PENDING_PAYMENT,50.0,MEETUP,20,19:00-20:00,,,,2026-08-13 22:57:42
102369,3102,701,584,PENDING_PAYMENT,3.0,EXPRESS,,,1398,SF,,2026-08-14 01:30:42
102370,3103,82,857,PENDING_PAYMENT,2.0,MEETUP,29,18:00-19:00,,,,2026-08-07 18:38:42
102371,340,429,414,PENDING_PAYMENT,20.0,MEETUP,2,18:00-19:00,,,,2026-08-13 09:48:42
102372,87,936,231,PENDING_PAYMENT,50.0,MEETUP,27,17:00-18:00,,,,2026-08-16 15:05:42
102373,1606,53,480,PENDING_PAYMENT,50.0,MEETUP,26,12:00-13:00,,,,2026-08-13 14:31:42
102374,1983,253,691,PENDING_PAYMENT,25.0,EXPRESS,,,525,SF,,2026-08-07 05:28:42
102375,3414,544,447,PENDING_PAYMENT,1.0,EXPRESS,,,1098,SF,,2026-08-13 10:08:42
102376,4196,128,656,PENDING_PAYMENT,80.0,EXPRESS,,,262,SF,,2026-08-07 16:44:42
102377,1379,918,309,PENDING_PAYMENT,12.0,MEETUP,20,12:00-13:00,,,,2026-08-12 12:11:42
102378,3283,34,215,PENDING_PAYMENT,100.0,EXPRESS,,,71,SF,,2026-08-07 17:38:42
102379,1947,423,653,PENDING_PAYMENT,20.0,EXPRESS,,,866,SF,,2026-08-12 10:09:42
102380,3120,771,403,PENDING_PAYMENT,100.0,EXPRESS,,,1540,SF,,2026-08-13 22:51:42
102381,624,15,14,PENDING_PAYMENT,25.0,EXPRESS,,,33,SF,,2026-08-15 23:16:42
102382,367,975,485,PENDING_PAYMENT,100.0,EXPRESS,,,1953,SF,,2026-08-16 11:45:42
102383,3358,794,871,PENDING_PAYMENT,200.0,MEETUP,28,18:00-19:00,,,,2026-08-14 22:20:42
102384,3778,106,735,PENDING_PAYMENT,8.0,MEETUP,9,12:00-13:00,,,,2026-08-12 09:56:42
102385,3507,268,49,PENDING_PAYMENT,1.0,EXPRESS,,,557,SF,,2026-08-08 00:20:42
102386,4747,156,375,PENDING_PAYMENT,100.0,MEETUP,17,18:00-19:00,,,,2026-08-16 16:36:42
102387,2104,756,916,PENDING_PAYMENT,80.0,EXPRESS,,,1510,SF,,2026-08-10 22:24:42
102388,1797,334,2,PENDING_PAYMENT,150.0,MEETUP,11,18:00-19:00,,,,2026-08-15 05:40:42
102389,857,524,721,PENDING_PAYMENT,20.0,MEETUP,29,19:00-20:00,,,,2026-08-11 17:07:42
102390,14,424,503,PENDING_PAYMENT,8.0,MEETUP,4,18:00-19:00,,,,2026-08-12 23:14:42
102391,204,699,856,PENDING_PAYMENT,12.0,MEETUP,11,12:00-13:00,,,,2026-08-09 20:25:42
102392,2337,786,194,PENDING_PAYMENT,100.0,MEETUP,25,19:00-20:00,,,,2026-08-07 01:10:42
102393,4653,57,208,PENDING_PAYMENT,12.0,MEETUP,22,17:00-18:00,,,,2026-08-16 10:59:42
102394,4853,241,15,PENDING_PAYMENT,50.0,EXPRESS,,,500,SF,,2026-08-08 15:06:42
102395,1761,720,466,PENDING_PAYMENT,12.0,MEETUP,23,12:00-13:00,,,,2026-08-14 16:26:42
102396,189,626,188,PENDING_PAYMENT,100.0,EXPRESS,,,1247,SF,,2026-08-07 07:59:42
102397,3791,72,20,PENDING_PAYMENT,60.0,MEETUP,7,18:00-19:00,,,,2026-08-15 17:44:42
102398,4882,28,675,PENDING_PAYMENT,60.0,EXPRESS,,,57,SF,,2026-08-10 00:49:42
102399,4452,783,678,PENDING_PAYMENT,20.0,EXPRESS,,,1560,SF,,2026-08-10 16:52:42
102400,3395,512,767,PENDING_PAYMENT,30.0,MEETUP,15,19:00-20:00,,,,2026-08-07 06:25:42
102401,53,190,577,PENDING_PAYMENT,25.0,EXPRESS,,,398,SF,,2026-08-07 23:48:42
102402,1060,487,721,PENDING_PAYMENT,8.0,MEETUP,16,19:00-20:00,,,,2026-08-13 13:30:42
102403,4416,670,687,PENDING_PAYMENT,80.0,EXPRESS,,,1339,SF,,2026-08-09 01:07:42
102404,581,62,496,PENDING_PAYMENT,25.0,EXPRESS,,,133,SF,,2026-08-08 00:37:42
102405,514,420,467,PENDING_PAYMENT,120.0,EXPRESS,,,856,SF,,2026-08-15 02:33:42
102406,3044,130,328,PENDING_PAYMENT,10.0,EXPRESS,,,267,SF,,2026-08-09 06:10:42
102407,3970,553,89,PENDING_PAYMENT,150.0,EXPRESS,,,1116,SF,,2026-08-16 07:58:42
102408,2464,945,783,PENDING_PAYMENT,3.0,MEETUP,30,12:00-13:00,,,,2026-08-09 21:08:42
102409,3119,611,302,PENDING_PAYMENT,120.0,MEETUP,3,18:00-19:00,,,,2026-08-13 09:54:42
102410,2595,786,149,PENDING_PAYMENT,5.0,EXPRESS,,,1566,SF,,2026-08-09 23:06:42
102411,3372,678,917,PENDING_PAYMENT,200.0,EXPRESS,,,1357,SF,,2026-08-09 05:22:42
102412,3500,631,383,PENDING_PAYMENT,15.0,MEETUP,2,19:00-20:00,,,,2026-08-08 13:23:42
102413,976,410,70,PENDING_PAYMENT,100.0,MEETUP,9,12:00-13:00,,,,2026-08-13 03:18:42
102414,3474,278,810,PENDING_PAYMENT,60.0,MEETUP,10,19:00-20:00,,,,2026-08-16 12:20:42
102415,1925,313,844,PENDING_PAYMENT,80.0,MEETUP,1,17:00-18:00,,,,2026-08-15 15:51:42
102416,3028,365,389,PENDING_PAYMENT,200.0,EXPRESS,,,744,SF,,2026-08-09 17:51:42
102417,4413,228,978,PENDING_PAYMENT,8.0,MEETUP,30,19:00-20:00,,,,2026-08-08 09:16:42
102418,166,517,116,PENDING_PAYMENT,3.0,MEETUP,25,18:00-19:00,,,,2026-08-11 06:55:42
102419,2373,943,158,PENDING_PAYMENT,100.0,MEETUP,30,17:00-18:00,,,,2026-08-16 15:43:42
102420,362,155,757,PENDING_PAYMENT,10.0,MEETUP,7,17:00-18:00,,,,2026-08-11 10:52:42
102421,2021,383,780,PENDING_PAYMENT,12.0,EXPRESS,,,775,SF,,2026-08-13 12:07:42
102422,4588,267,207,PENDING_PAYMENT,8.0,EXPRESS,,,555,SF,,2026-08-13 22:26:42
102423,4523,76,262,PENDING_PAYMENT,10.0,MEETUP,26,12:00-13:00,,,,2026-08-07 05:57:42
102424,2568,656,218,PENDING_PAYMENT,20.0,EXPRESS,,,1308,SF,,2026-08-11 16:35:42
102425,2357,581,162,PENDING_PAYMENT,50.0,EXPRESS,,,1166,SF,,2026-08-10 05:52:42
102426,3668,722,79,PENDING_PAYMENT,80.0,EXPRESS,,,1437,SF,,2026-08-12 03:50:42
102427,1205,279,574,PENDING_PAYMENT,20.0,MEETUP,10,19:00-20:00,,,,2026-08-08 11:39:42
102428,4317,335,173,PENDING_PAYMENT,1.0,EXPRESS,,,687,SF,,2026-08-11 15:12:42
102429,2692,857,127,PENDING_PAYMENT,150.0,EXPRESS,,,1704,SF,,2026-08-08 17:54:42
102430,2570,863,326,PENDING_PAYMENT,50.0,MEETUP,5,19:00-20:00,,,,2026-08-07 03:15:42
102431,1952,415,678,PENDING_PAYMENT,5.0,MEETUP,14,17:00-18:00,,,,2026-08-16 16:27:42
102432,4974,533,650,PENDING_PAYMENT,1.0,MEETUP,27,12:00-13:00,,,,2026-08-15 23:34:42
102433,1455,512,148,PENDING_PAYMENT,12.0,MEETUP,29,17:00-18:00,,,,2026-08-14 01:34:42
102434,3075,844,379,PENDING_PAYMENT,100.0,MEETUP,29,18:00-19:00,,,,2026-08-11 15:51:42
102435,3497,866,789,PENDING_PAYMENT,15.0,MEETUP,23,12:00-13:00,,,,2026-08-10 07:50:42
102436,2570,670,326,PENDING_PAYMENT,50.0,MEETUP,7,17:00-18:00,,,,2026-08-14 13:29:42
102437,1259,630,192,PENDING_PAYMENT,20.0,MEETUP,13,18:00-19:00,,,,2026-08-08 01:41:42
102438,2249,737,637,PENDING_PAYMENT,3.0,EXPRESS,,,1464,SF,,2026-08-11 14:53:42
102439,2479,560,761,PENDING_PAYMENT,100.0,MEETUP,29,18:00-19:00,,,,2026-08-14 06:03:42
102440,3824,698,680,PENDING_PAYMENT,1.0,MEETUP,24,17:00-18:00,,,,2026-08-08 02:32:42
102441,747,364,113,PENDING_PAYMENT,3.0,EXPRESS,,,741,SF,,2026-08-15 23:36:42
102442,4217,889,327,PENDING_PAYMENT,20.0,EXPRESS,,,1767,SF,,2026-08-08 02:04:42
102443,1128,610,73,PENDING_PAYMENT,50.0,MEETUP,21,19:00-20:00,,,,2026-08-08 17:58:42
102444,4071,912,948,PENDING_PAYMENT,3.0,EXPRESS,,,1819,SF,,2026-08-15 07:39:42
102445,2929,721,882,PENDING_PAYMENT,100.0,MEETUP,22,19:00-20:00,,,,2026-08-15 02:27:42
102446,432,28,409,PENDING_PAYMENT,50.0,MEETUP,7,19:00-20:00,,,,2026-08-11 16:46:42
102447,1513,9,299,PENDING_PAYMENT,20.0,MEETUP,14,17:00-18:00,,,,2026-08-11 04:30:42
102448,4941,108,393,PENDING_PAYMENT,2.0,MEETUP,13,18:00-19:00,,,,2026-08-09 13:01:42
102449,2720,608,160,PENDING_PAYMENT,1.0,EXPRESS,,,1214,SF,,2026-08-08 10:44:42
102450,828,736,467,PENDING_PAYMENT,30.0,MEETUP,5,18:00-19:00,,,,2026-08-13 08:03:42
102451,2060,838,597,PENDING_PAYMENT,3.0,MEETUP,9,17:00-18:00,,,,2026-08-16 15:15:42
102452,4719,257,414,PENDING_PAYMENT,12.0,MEETUP,13,19:00-20:00,,,,2026-08-13 06:43:42
102453,1220,334,663,PENDING_PAYMENT,30.0,MEETUP,12,17:00-18:00,,,,2026-08-15 17:10:42
102454,2154,663,18,PENDING_PAYMENT,150.0,MEETUP,1,12:00-13:00,,,,2026-08-12 08:41:42
102455,733,35,829,PENDING_PAYMENT,10.0,MEETUP,6,18:00-19:00,,,,2026-08-07 17:37:42
102456,3676,381,275,PENDING_PAYMENT,8.0,EXPRESS,,,772,SF,,2026-08-09 23:50:42
102457,3816,112,296,PENDING_PAYMENT,100.0,MEETUP,12,18:00-19:00,,,,2026-08-14 22:23:42
102458,2292,423,806,PENDING_PAYMENT,50.0,MEETUP,16,17:00-18:00,,,,2026-08-08 09:25:42
102459,701,148,201,PENDING_PAYMENT,150.0,EXPRESS,,,306,SF,,2026-08-06 23:46:42
102460,4008,176,465,PENDING_PAYMENT,200.0,EXPRESS,,,366,SF,,2026-08-07 01:10:42
102461,3987,552,991,PENDING_PAYMENT,60.0,MEETUP,27,17:00-18:00,,,,2026-08-13 12:52:42
102462,3469,373,294,PENDING_PAYMENT,30.0,EXPRESS,,,759,SF,,2026-08-10 16:40:42
102463,2915,352,929,PENDING_PAYMENT,8.0,MEETUP,23,17:00-18:00,,,,2026-08-15 19:57:42
102464,1261,934,307,PENDING_PAYMENT,10.0,MEETUP,30,19:00-20:00,,,,2026-08-07 05:49:42
102465,4014,468,153,PENDING_PAYMENT,30.0,MEETUP,2,12:00-13:00,,,,2026-08-14 01:53:42
102466,4515,353,653,PENDING_PAYMENT,20.0,EXPRESS,,,720,SF,,2026-08-09 13:14:42
102467,4839,278,673,PENDING_PAYMENT,60.0,MEETUP,8,12:00-13:00,,,,2026-08-15 00:23:42
102468,4686,444,514,PENDING_PAYMENT,2.0,MEETUP,12,18:00-19:00,,,,2026-08-16 07:47:42
102469,2656,658,625,PENDING_PAYMENT,150.0,EXPRESS,,,1313,SF,,2026-08-15 18:59:42
102470,3165,25,621,PENDING_PAYMENT,2.0,EXPRESS,,,53,SF,,2026-08-12 11:57:42
102471,1123,899,934,PENDING_PAYMENT,5.0,MEETUP,2,18:00-19:00,,,,2026-08-16 00:51:42
102472,2737,512,83,PENDING_PAYMENT,120.0,MEETUP,16,18:00-19:00,,,,2026-08-16 05:11:42
102473,2028,928,412,PENDING_PAYMENT,60.0,EXPRESS,,,1855,SF,,2026-08-13 23:21:42
102474,1446,887,542,PENDING_PAYMENT,150.0,MEETUP,11,12:00-13:00,,,,2026-08-11 11:23:42
102475,3205,328,59,PENDING_PAYMENT,100.0,MEETUP,3,17:00-18:00,,,,2026-08-13 08:20:42
102476,2177,532,334,PENDING_PAYMENT,2.0,EXPRESS,,,1083,SF,,2026-08-16 00:39:42
102477,765,537,726,PENDING_PAYMENT,80.0,EXPRESS,,,1089,SF,,2026-08-12 05:10:42
102478,1283,793,51,PENDING_PAYMENT,80.0,MEETUP,9,17:00-18:00,,,,2026-08-12 08:09:42
102479,4093,651,214,PENDING_PAYMENT,12.0,EXPRESS,,,1296,SF,,2026-08-09 12:06:42
102480,716,818,917,PENDING_PAYMENT,60.0,MEETUP,29,17:00-18:00,,,,2026-08-15 15:14:42
102481,4176,35,580,PENDING_PAYMENT,120.0,MEETUP,22,17:00-18:00,,,,2026-08-08 17:26:42
102482,2253,220,832,PENDING_PAYMENT,3.0,EXPRESS,,,458,SF,,2026-08-09 13:17:42
102483,370,239,108,PENDING_PAYMENT,150.0,MEETUP,3,19:00-20:00,,,,2026-08-11 15:03:42
102484,2600,902,938,PENDING_PAYMENT,80.0,EXPRESS,,,1798,SF,,2026-08-09 11:08:42
102485,1555,450,821,PENDING_PAYMENT,5.0,EXPRESS,,,916,SF,,2026-08-16 04:47:42
102486,3600,480,645,PENDING_PAYMENT,120.0,EXPRESS,,,972,SF,,2026-08-10 22:08:42
102487,4967,501,55,PENDING_PAYMENT,50.0,MEETUP,5,18:00-19:00,,,,2026-08-10 18:32:42
102488,3904,770,670,PENDING_PAYMENT,1.0,MEETUP,12,12:00-13:00,,,,2026-08-13 20:50:42
102489,780,613,589,PENDING_PAYMENT,10.0,MEETUP,11,12:00-13:00,,,,2026-08-11 02:03:42
102490,1792,406,697,PENDING_PAYMENT,3.0,MEETUP,11,12:00-13:00,,,,2026-08-09 17:15:42
102491,1215,287,694,PENDING_PAYMENT,150.0,EXPRESS,,,602,SF,,2026-08-10 22:02:42
102492,1209,385,777,PENDING_PAYMENT,60.0,EXPRESS,,,778,SF,,2026-08-10 00:12:42
102493,1936,985,428,PENDING_PAYMENT,50.0,EXPRESS,,,1969,SF,,2026-08-13 13:07:42
102494,1079,166,889,PENDING_PAYMENT,8.0,MEETUP,15,17:00-18:00,,,,2026-08-15 12:55:42
102495,1517,689,562,PENDING_PAYMENT,50.0,EXPRESS,,,1373,SF,,2026-08-14 14:05:42
102496,251,309,73,PENDING_PAYMENT,60.0,EXPRESS,,,637,SF,,2026-08-15 22:54:42
102497,99,280,124,PENDING_PAYMENT,12.0,EXPRESS,,,585,SF,,2026-08-12 09:38:42
102498,3222,833,769,PENDING_PAYMENT,200.0,MEETUP,27,17:00-18:00,,,,2026-08-08 18:58:42
102499,4952,864,238,PENDING_PAYMENT,10.0,MEETUP,17,12:00-13:00,,,,2026-08-09 14:25:42
102500,1444,283,709,PENDING_PAYMENT,10.0,MEETUP,7,18:00-19:00,,,,2026-08-09 04:45:42
102501,173,272,326,PENDING_PAYMENT,30.0,EXPRESS,,,566,SF,,2026-08-13 03:31:42
102502,1194,654,873,PENDING_PAYMENT,10.0,MEETUP,11,18:00-19:00,,,,2026-08-06 23:36:42
102503,4567,296,390,PENDING_PAYMENT,20.0,MEETUP,24,19:00-20:00,,,,2026-08-11 00:31:42
102504,2987,378,845,PENDING_PAYMENT,150.0,EXPRESS,,,768,SF,,2026-08-07 10:49:42
102505,1949,959,559,PENDING_PAYMENT,120.0,MEETUP,1,19:00-20:00,,,,2026-08-15 17:28:42
102506,1203,226,820,PENDING_PAYMENT,200.0,EXPRESS,,,474,SF,,2026-08-15 06:19:42
102507,1745,784,312,PENDING_PAYMENT,8.0,MEETUP,17,17:00-18:00,,,,2026-08-11 19:01:42
102508,2266,856,693,PENDING_PAYMENT,10.0,EXPRESS,,,1701,SF,,2026-08-07 08:01:42
102509,3271,904,279,PENDING_PAYMENT,150.0,EXPRESS,,,1802,SF,,2026-08-09 20:29:42
102510,93,189,455,PENDING_PAYMENT,1.0,MEETUP,16,19:00-20:00,,,,2026-08-14 10:04:42
102511,2561,82,799,PENDING_PAYMENT,8.0,MEETUP,24,12:00-13:00,,,,2026-08-07 05:48:42
102512,1154,472,193,PENDING_PAYMENT,20.0,MEETUP,10,18:00-19:00,,,,2026-08-08 23:06:42
102513,2534,640,187,PENDING_PAYMENT,15.0,EXPRESS,,,1270,SF,,2026-08-08 09:11:42
102514,2444,170,192,PENDING_PAYMENT,8.0,EXPRESS,,,353,SF,,2026-08-12 00:15:42
102515,2619,229,693,PENDING_PAYMENT,15.0,EXPRESS,,,479,SF,,2026-08-11 02:59:42
102516,2879,279,764,PENDING_PAYMENT,80.0,EXPRESS,,,582,SF,,2026-08-11 02:26:42
102517,2517,278,961,PENDING_PAYMENT,20.0,MEETUP,11,12:00-13:00,,,,2026-08-14 14:45:42
102518,4886,338,886,PENDING_PAYMENT,60.0,MEETUP,24,18:00-19:00,,,,2026-08-07 23:27:42
102519,3081,528,872,PENDING_PAYMENT,80.0,MEETUP,3,19:00-20:00,,,,2026-08-11 07:55:42
102520,4277,623,287,PENDING_PAYMENT,100.0,MEETUP,10,12:00-13:00,,,,2026-08-08 04:28:42
102521,4958,578,73,PENDING_PAYMENT,120.0,MEETUP,26,18:00-19:00,,,,2026-08-09 10:20:42
102522,245,62,369,PENDING_PAYMENT,8.0,EXPRESS,,,133,SF,,2026-08-07 17:22:42
102523,109,886,808,PENDING_PAYMENT,50.0,MEETUP,13,19:00-20:00,,,,2026-08-08 14:45:42
102524,2089,587,715,PENDING_PAYMENT,200.0,MEETUP,24,17:00-18:00,,,,2026-08-12 14:06:42
102525,4095,276,935,PENDING_PAYMENT,2.0,EXPRESS,,,575,SF,,2026-08-12 04:35:42
102526,1399,169,726,PENDING_PAYMENT,200.0,MEETUP,12,18:00-19:00,,,,2026-08-15 08:30:42
102527,1522,855,719,PENDING_PAYMENT,200.0,EXPRESS,,,1699,SF,,2026-08-07 11:08:42
102528,4010,144,330,PENDING_PAYMENT,120.0,EXPRESS,,,297,SF,,2026-08-14 17:38:42
102529,1693,35,480,PENDING_PAYMENT,25.0,MEETUP,13,12:00-13:00,,,,2026-08-12 14:02:42
102530,3394,879,102,PENDING_PAYMENT,15.0,MEETUP,24,19:00-20:00,,,,2026-08-10 23:17:42
102531,3930,708,926,PENDING_PAYMENT,8.0,MEETUP,19,18:00-19:00,,,,2026-08-09 22:22:42
102532,2970,521,540,PENDING_PAYMENT,25.0,EXPRESS,,,1060,SF,,2026-08-10 18:32:42
102533,143,675,406,PENDING_PAYMENT,25.0,EXPRESS,,,1349,SF,,2026-08-10 23:07:42
102534,4715,483,4,PENDING_PAYMENT,12.0,EXPRESS,,,979,SF,,2026-08-07 13:03:42
102535,4661,692,575,PENDING_PAYMENT,12.0,MEETUP,18,12:00-13:00,,,,2026-08-07 10:53:42
102536,2818,288,353,PENDING_PAYMENT,2.0,EXPRESS,,,604,SF,,2026-08-11 13:18:42
102537,665,720,20,PENDING_PAYMENT,150.0,MEETUP,12,12:00-13:00,,,,2026-08-11 00:58:42
102538,1617,52,7,PENDING_PAYMENT,30.0,EXPRESS,,,113,SF,,2026-08-08 14:12:42
102539,13,926,818,PENDING_PAYMENT,80.0,EXPRESS,,,1851,SF,,2026-08-14 06:54:42
102540,1159,770,441,PENDING_PAYMENT,5.0,EXPRESS,,,1539,SF,,2026-08-13 20:48:42
102541,763,496,660,PENDING_PAYMENT,1.0,MEETUP,25,18:00-19:00,,,,2026-08-07 06:46:42
102542,3692,269,247,PENDING_PAYMENT,100.0,MEETUP,23,19:00-20:00,,,,2026-08-07 19:36:42
102543,4438,373,436,PENDING_PAYMENT,25.0,MEETUP,15,12:00-13:00,,,,2026-08-15 11:11:42
102544,2478,143,4,PENDING_PAYMENT,25.0,MEETUP,8,18:00-19:00,,,,2026-08-10 19:54:42
102545,2266,314,693,PENDING_PAYMENT,10.0,MEETUP,12,19:00-20:00,,,,2026-08-15 17:03:42
102546,3535,133,205,PENDING_PAYMENT,15.0,MEETUP,17,12:00-13:00,,,,2026-08-14 18:48:42
102547,842,914,7,PENDING_PAYMENT,1.0,MEETUP,9,12:00-13:00,,,,2026-08-14 07:23:42
102548,4145,931,131,PENDING_PAYMENT,1.0,EXPRESS,,,1861,SF,,2026-08-11 23:14:42
102549,3217,1,660,PENDING_PAYMENT,10.0,MEETUP,21,17:00-18:00,,,,2026-08-11 17:16:42
102550,1370,973,269,PENDING_PAYMENT,12.0,MEETUP,4,12:00-13:00,,,,2026-08-07 01:23:42
102551,2664,345,810,PENDING_PAYMENT,80.0,MEETUP,13,12:00-13:00,,,,2026-08-09 14:22:42
102552,1114,502,905,PENDING_PAYMENT,10.0,MEETUP,5,19:00-20:00,,,,2026-08-15 14:32:42
102553,4621,131,643,PENDING_PAYMENT,100.0,EXPRESS,,,269,SF,,2026-08-10 18:39:42
102554,373,187,398,PENDING_PAYMENT,25.0,EXPRESS,,,391,SF,,2026-08-07 19:58:42
102555,1731,798,980,PENDING_PAYMENT,200.0,MEETUP,26,12:00-13:00,,,,2026-08-16 17:23:42
102556,2225,598,125,PENDING_PAYMENT,1.0,EXPRESS,,,1194,SF,,2026-08-11 10:53:42
102557,71,764,434,PENDING_PAYMENT,50.0,MEETUP,12,12:00-13:00,,,,2026-08-08 02:14:42
102558,1737,284,3,PENDING_PAYMENT,15.0,EXPRESS,,,593,SF,,2026-08-10 09:19:42
102559,2450,454,99,PENDING_PAYMENT,25.0,EXPRESS,,,926,SF,,2026-08-14 06:11:42
102560,4752,648,120,PENDING_PAYMENT,12.0,MEETUP,3,19:00-20:00,,,,2026-08-15 05:11:42
102561,2115,399,134,PENDING_PAYMENT,8.0,EXPRESS,,,808,SF,,2026-08-13 13:28:42
102562,3526,229,227,PENDING_PAYMENT,120.0,MEETUP,17,17:00-18:00,,,,2026-08-07 04:23:42
102563,3766,392,587,PENDING_PAYMENT,5.0,MEETUP,10,18:00-19:00,,,,2026-08-07 22:36:42
102564,4148,864,712,PENDING_PAYMENT,50.0,EXPRESS,,,1717,SF,,2026-08-10 04:59:42
102565,1493,959,378,PENDING_PAYMENT,20.0,EXPRESS,,,1921,SF,,2026-08-11 04:05:42
102566,2652,304,666,PENDING_PAYMENT,1.0,EXPRESS,,,630,SF,,2026-08-14 09:54:42
102567,2836,273,472,PENDING_PAYMENT,12.0,MEETUP,14,17:00-18:00,,,,2026-08-13 14:59:42
102568,2173,183,225,PENDING_PAYMENT,12.0,MEETUP,22,18:00-19:00,,,,2026-08-09 13:14:42
102569,1945,819,783,PENDING_PAYMENT,20.0,MEETUP,28,17:00-18:00,,,,2026-08-14 04:52:42
102570,2671,341,94,PENDING_PAYMENT,60.0,EXPRESS,,,696,SF,,2026-08-16 13:24:42
102571,2424,931,952,PENDING_PAYMENT,5.0,MEETUP,29,17:00-18:00,,,,2026-08-12 11:46:42
102572,49,982,889,PENDING_PAYMENT,1.0,EXPRESS,,,1964,SF,,2026-08-15 19:08:42
102573,3904,625,670,PENDING_PAYMENT,1.0,MEETUP,21,18:00-19:00,,,,2026-08-14 05:56:42
102574,3574,99,730,PENDING_PAYMENT,100.0,MEETUP,13,19:00-20:00,,,,2026-08-10 12:36:42
102575,4273,371,668,PENDING_PAYMENT,10.0,MEETUP,29,18:00-19:00,,,,2026-08-13 23:35:42
102576,4207,8,843,PENDING_PAYMENT,200.0,MEETUP,23,12:00-13:00,,,,2026-08-14 18:48:42
102577,1860,760,400,PENDING_PAYMENT,80.0,MEETUP,24,19:00-20:00,,,,2026-08-07 06:23:42
102578,2772,378,594,PENDING_PAYMENT,5.0,EXPRESS,,,768,SF,,2026-08-14 16:08:42
102579,720,488,650,PENDING_PAYMENT,2.0,EXPRESS,,,995,SF,,2026-08-08 18:55:42
102580,1372,513,216,PENDING_PAYMENT,1.0,MEETUP,28,12:00-13:00,,,,2026-08-11 00:42:42
102581,4953,22,424,PENDING_PAYMENT,2.0,MEETUP,2,19:00-20:00,,,,2026-08-11 20:48:42
102582,3085,512,407,PENDING_PAYMENT,12.0,MEETUP,6,12:00-13:00,,,,2026-08-12 00:44:42
102583,449,816,667,PENDING_PAYMENT,12.0,EXPRESS,,,1622,SF,,2026-08-12 18:49:42
102584,162,473,901,PENDING_PAYMENT,10.0,EXPRESS,,,961,SF,,2026-08-10 21:55:42
102585,1072,125,410,PENDING_PAYMENT,25.0,MEETUP,19,18:00-19:00,,,,2026-08-07 12:52:42
102586,3524,705,766,PENDING_PAYMENT,1.0,MEETUP,28,18:00-19:00,,,,2026-08-13 02:15:42
102587,1211,850,942,PENDING_PAYMENT,8.0,MEETUP,8,18:00-19:00,,,,2026-08-13 00:06:42
102588,2232,879,689,PENDING_PAYMENT,30.0,MEETUP,22,12:00-13:00,,,,2026-08-08 03:46:42
102589,3832,279,616,PENDING_PAYMENT,5.0,MEETUP,20,17:00-18:00,,,,2026-08-13 16:26:42
102590,2821,443,710,PENDING_PAYMENT,10.0,MEETUP,7,19:00-20:00,,,,2026-08-13 15:48:42
102591,2975,607,1,PENDING_PAYMENT,10.0,EXPRESS,,,1213,SF,,2026-08-11 08:58:42
102592,4869,700,552,PENDING_PAYMENT,120.0,MEETUP,24,19:00-20:00,,,,2026-08-08 17:21:42
102593,4542,351,289,PENDING_PAYMENT,2.0,EXPRESS,,,716,SF,,2026-08-10 11:39:42
102594,1015,768,303,PENDING_PAYMENT,2.0,EXPRESS,,,1536,SF,,2026-08-11 11:48:42
102595,3499,273,131,PENDING_PAYMENT,20.0,MEETUP,21,17:00-18:00,,,,2026-08-13 04:41:42
102596,4702,223,932,PENDING_PAYMENT,80.0,MEETUP,24,18:00-19:00,,,,2026-08-10 19:57:42
102597,3789,991,641,PENDING_PAYMENT,80.0,EXPRESS,,,1979,SF,,2026-08-13 23:04:42
102598,4553,439,344,PENDING_PAYMENT,30.0,MEETUP,24,17:00-18:00,,,,2026-08-09 02:59:42
102599,4634,775,969,PENDING_PAYMENT,20.0,MEETUP,28,18:00-19:00,,,,2026-08-12 14:35:42
102600,1795,967,644,PENDING_PAYMENT,10.0,MEETUP,16,12:00-13:00,,,,2026-08-14 03:26:42
102601,3974,177,268,PENDING_PAYMENT,1.0,MEETUP,27,19:00-20:00,,,,2026-08-08 01:14:42
102602,4031,744,53,PENDING_PAYMENT,150.0,MEETUP,18,19:00-20:00,,,,2026-08-08 14:06:42
102603,3180,349,552,PENDING_PAYMENT,8.0,MEETUP,2,17:00-18:00,,,,2026-08-14 19:45:42
102604,1712,383,808,PENDING_PAYMENT,8.0,EXPRESS,,,775,SF,,2026-08-10 05:45:42
102605,2609,233,342,PENDING_PAYMENT,30.0,EXPRESS,,,486,SF,,2026-08-15 01:42:42
102606,1205,798,574,PENDING_PAYMENT,20.0,MEETUP,19,18:00-19:00,,,,2026-08-13 18:46:42
102607,579,350,300,PENDING_PAYMENT,5.0,EXPRESS,,,714,SF,,2026-08-14 14:42:42
102608,4855,888,446,PENDING_PAYMENT,5.0,MEETUP,4,18:00-19:00,,,,2026-08-06 20:13:42
102609,651,985,308,PENDING_PAYMENT,60.0,MEETUP,12,12:00-13:00,,,,2026-08-07 19:34:42
102610,345,671,3,PENDING_PAYMENT,50.0,EXPRESS,,,1341,SF,,2026-08-14 13:23:42
102611,830,51,427,PENDING_PAYMENT,5.0,MEETUP,18,19:00-20:00,,,,2026-08-16 02:17:42
102612,4577,342,510,PENDING_PAYMENT,60.0,MEETUP,2,12:00-13:00,,,,2026-08-13 02:20:42
102613,822,104,234,PENDING_PAYMENT,100.0,MEETUP,5,12:00-13:00,,,,2026-08-13 06:54:42
102614,4610,405,367,PENDING_PAYMENT,8.0,MEETUP,7,17:00-18:00,,,,2026-08-09 10:19:42
102615,3282,883,54,PENDING_PAYMENT,8.0,MEETUP,6,19:00-20:00,,,,2026-08-07 18:27:42
102616,1084,811,614,PENDING_PAYMENT,10.0,MEETUP,30,19:00-20:00,,,,2026-08-07 11:11:42
102617,2350,858,705,PENDING_PAYMENT,100.0,EXPRESS,,,1706,SF,,2026-08-07 06:17:42
102618,19,655,309,PENDING_PAYMENT,30.0,MEETUP,2,17:00-18:00,,,,2026-08-13 16:19:42
102619,1976,454,376,PENDING_PAYMENT,30.0,MEETUP,9,18:00-19:00,,,,2026-08-10 18:55:42
102620,4046,589,124,PENDING_PAYMENT,120.0,MEETUP,29,18:00-19:00,,,,2026-08-07 13:42:42
102621,2707,635,179,PENDING_PAYMENT,25.0,MEETUP,2,17:00-18:00,,,,2026-08-09 12:13:42
102622,446,809,189,PENDING_PAYMENT,1.0,EXPRESS,,,1610,SF,,2026-08-08 17:34:42
102623,2647,788,819,PENDING_PAYMENT,50.0,MEETUP,4,18:00-19:00,,,,2026-08-12 11:55:42
102624,806,107,702,PENDING_PAYMENT,100.0,MEETUP,21,19:00-20:00,,,,2026-08-09 18:05:42
102625,2828,906,571,PENDING_PAYMENT,1.0,MEETUP,5,12:00-13:00,,,,2026-08-16 03:35:42
102626,2010,968,67,PENDING_PAYMENT,100.0,EXPRESS,,,1938,SF,,2026-08-10 21:37:42
102627,1374,763,965,PENDING_PAYMENT,50.0,MEETUP,14,18:00-19:00,,,,2026-08-13 03:33:42
102628,3052,546,807,PENDING_PAYMENT,8.0,EXPRESS,,,1102,SF,,2026-08-13 22:20:42
102629,1469,394,975,PENDING_PAYMENT,100.0,EXPRESS,,,798,SF,,2026-08-12 00:50:42
102630,2203,800,648,PENDING_PAYMENT,50.0,EXPRESS,,,1596,SF,,2026-08-15 02:16:42
102631,2413,852,9,PENDING_PAYMENT,150.0,EXPRESS,,,1693,SF,,2026-08-08 08:39:42
102632,3606,229,931,PENDING_PAYMENT,100.0,MEETUP,21,12:00-13:00,,,,2026-08-15 05:48:42
102633,1463,978,195,PENDING_PAYMENT,200.0,EXPRESS,,,1959,SF,,2026-08-12 13:31:42
102634,1062,936,371,PENDING_PAYMENT,12.0,MEETUP,3,18:00-19:00,,,,2026-08-16 04:48:42
102635,3441,545,454,PENDING_PAYMENT,8.0,MEETUP,7,17:00-18:00,,,,2026-08-15 03:48:42
102636,692,286,378,PENDING_PAYMENT,3.0,EXPRESS,,,598,SF,,2026-08-11 12:53:42
102637,748,969,288,PENDING_PAYMENT,30.0,EXPRESS,,,1941,SF,,2026-08-16 08:33:42
102638,3672,755,546,PENDING_PAYMENT,200.0,MEETUP,27,12:00-13:00,,,,2026-08-12 11:03:42
102639,184,150,195,PENDING_PAYMENT,15.0,EXPRESS,,,312,SF,,2026-08-10 04:14:42
102640,4676,128,600,PENDING_PAYMENT,2.0,MEETUP,9,18:00-19:00,,,,2026-08-16 09:57:42
102641,1159,738,441,PENDING_PAYMENT,5.0,MEETUP,5,18:00-19:00,,,,2026-08-14 18:53:42
102642,4960,339,686,PENDING_PAYMENT,10.0,EXPRESS,,,692,SF,,2026-08-16 02:04:42
102643,2409,130,295,PENDING_PAYMENT,80.0,EXPRESS,,,268,SF,,2026-08-10 03:30:42
102644,2427,143,565,PENDING_PAYMENT,10.0,EXPRESS,,,293,SF,,2026-08-12 20:42:42
102645,1006,208,7,PENDING_PAYMENT,1.0,MEETUP,12,19:00-20:00,,,,2026-08-14 15:59:42
102646,1420,648,45,PENDING_PAYMENT,50.0,EXPRESS,,,1291,SF,,2026-08-14 19:11:42
102647,2545,14,383,PENDING_PAYMENT,5.0,EXPRESS,,,32,SF,,2026-08-15 04:57:42
102648,1055,765,3,PENDING_PAYMENT,1.0,EXPRESS,,,1533,SF,,2026-08-13 23:51:42
102649,3316,127,426,PENDING_PAYMENT,120.0,EXPRESS,,,260,SF,,2026-08-12 00:02:42
102650,3424,90,68,PENDING_PAYMENT,80.0,EXPRESS,,,189,SF,,2026-08-10 10:20:42
102651,3699,641,940,PENDING_PAYMENT,12.0,MEETUP,2,19:00-20:00,,,,2026-08-07 08:09:42
102652,1225,61,845,PENDING_PAYMENT,10.0,EXPRESS,,,132,SF,,2026-08-09 18:38:42
102653,3149,282,697,PENDING_PAYMENT,150.0,MEETUP,29,19:00-20:00,,,,2026-08-15 08:42:42
102654,496,198,796,PENDING_PAYMENT,25.0,EXPRESS,,,414,SF,,2026-08-12 21:48:42
102655,3990,997,978,PENDING_PAYMENT,200.0,EXPRESS,,,1990,SF,,2026-08-14 20:29:42
102656,3756,259,80,PENDING_PAYMENT,10.0,MEETUP,4,17:00-18:00,,,,2026-08-14 19:21:42
102657,1477,471,570,PENDING_PAYMENT,15.0,MEETUP,12,19:00-20:00,,,,2026-08-09 11:37:42
102658,4079,325,252,PENDING_PAYMENT,50.0,MEETUP,21,12:00-13:00,,,,2026-08-09 01:37:42
102659,669,997,74,PENDING_PAYMENT,8.0,EXPRESS,,,1990,SF,,2026-08-12 03:59:42
102660,2773,756,678,PENDING_PAYMENT,80.0,EXPRESS,,,1510,SF,,2026-08-07 15:34:42
102661,3837,747,168,PENDING_PAYMENT,120.0,EXPRESS,,,1488,SF,,2026-08-15 07:26:42
102662,3514,123,384,PENDING_PAYMENT,3.0,EXPRESS,,,251,SF,,2026-08-08 13:41:42
102663,2253,141,832,PENDING_PAYMENT,3.0,MEETUP,2,19:00-20:00,,,,2026-08-08 02:28:42
102664,1025,158,786,PENDING_PAYMENT,150.0,MEETUP,22,18:00-19:00,,,,2026-08-13 10:09:42
102665,1472,154,45,PENDING_PAYMENT,3.0,MEETUP,8,17:00-18:00,,,,2026-08-08 04:56:42
102666,4385,506,6,PENDING_PAYMENT,20.0,EXPRESS,,,1027,SF,,2026-08-14 08:19:42
102667,4598,651,921,PENDING_PAYMENT,120.0,EXPRESS,,,1296,SF,,2026-08-07 00:05:42
102668,1991,890,921,PENDING_PAYMENT,8.0,EXPRESS,,,1771,SF,,2026-08-11 01:32:42
102669,4152,986,311,PENDING_PAYMENT,30.0,MEETUP,10,18:00-19:00,,,,2026-08-13 14:08:42
102670,4223,45,9,PENDING_PAYMENT,120.0,MEETUP,20,18:00-19:00,,,,2026-08-15 23:37:42
102671,2993,76,706,PENDING_PAYMENT,12.0,EXPRESS,,,160,SF,,2026-08-07 18:11:42
102672,890,502,156,PENDING_PAYMENT,200.0,MEETUP,12,18:00-19:00,,,,2026-08-08 00:39:42
102673,4640,875,434,PENDING_PAYMENT,1.0,EXPRESS,,,1738,SF,,2026-08-11 11:12:42
102674,3156,130,953,PENDING_PAYMENT,80.0,MEETUP,14,12:00-13:00,,,,2026-08-09 05:20:42
102675,1330,889,886,PENDING_PAYMENT,120.0,EXPRESS,,,1767,SF,,2026-08-09 09:11:42
102676,154,391,713,PENDING_PAYMENT,120.0,EXPRESS,,,791,SF,,2026-08-10 10:29:42
102677,2990,819,898,PENDING_PAYMENT,80.0,MEETUP,26,12:00-13:00,,,,2026-08-11 02:59:42
102678,1200,296,574,PENDING_PAYMENT,30.0,EXPRESS,,,617,SF,,2026-08-10 08:38:42
102679,3459,289,884,PENDING_PAYMENT,25.0,MEETUP,20,19:00-20:00,,,,2026-08-07 12:55:42
102680,3616,948,472,PENDING_PAYMENT,50.0,MEETUP,28,12:00-13:00,,,,2026-08-12 06:29:42
102681,3418,61,220,PENDING_PAYMENT,20.0,EXPRESS,,,131,SF,,2026-08-13 19:56:42
102682,3364,753,390,PENDING_PAYMENT,30.0,MEETUP,27,17:00-18:00,,,,2026-08-12 03:48:42
102683,1602,902,400,PENDING_PAYMENT,150.0,MEETUP,11,17:00-18:00,,,,2026-08-16 06:38:42
102684,213,978,993,PENDING_PAYMENT,10.0,MEETUP,20,12:00-13:00,,,,2026-08-08 18:59:42
102685,114,408,609,PENDING_PAYMENT,5.0,EXPRESS,,,825,SF,,2026-08-13 08:37:42
102686,4178,624,982,PENDING_PAYMENT,25.0,MEETUP,23,12:00-13:00,,,,2026-08-13 20:50:42
102687,1003,272,399,PENDING_PAYMENT,20.0,MEETUP,29,12:00-13:00,,,,2026-08-11 08:05:42
102688,4376,106,309,PENDING_PAYMENT,20.0,EXPRESS,,,219,SF,,2026-08-13 02:42:42
102689,1901,616,955,PENDING_PAYMENT,120.0,EXPRESS,,,1229,SF,,2026-08-11 23:03:42
102690,4239,200,292,PENDING_PAYMENT,3.0,EXPRESS,,,419,SF,,2026-08-13 13:25:42
102691,3855,49,838,PENDING_PAYMENT,3.0,MEETUP,13,12:00-13:00,,,,2026-08-07 11:46:42
102692,4132,518,243,PENDING_PAYMENT,5.0,EXPRESS,,,1053,SF,,2026-08-14 08:26:42
102693,3500,889,383,PENDING_PAYMENT,15.0,EXPRESS,,,1768,SF,,2026-08-14 06:38:42
102694,2047,449,425,PENDING_PAYMENT,120.0,EXPRESS,,,915,SF,,2026-08-07 03:09:42
102695,2761,141,456,PENDING_PAYMENT,20.0,EXPRESS,,,290,SF,,2026-08-14 15:26:42
102696,741,783,237,PENDING_PAYMENT,2.0,MEETUP,14,18:00-19:00,,,,2026-08-06 20:34:42
102697,4660,571,544,PENDING_PAYMENT,120.0,MEETUP,28,19:00-20:00,,,,2026-08-13 09:11:42
102698,4792,301,876,PENDING_PAYMENT,10.0,EXPRESS,,,624,SF,,2026-08-16 08:11:42
102699,1730,888,198,PENDING_PAYMENT,100.0,EXPRESS,,,1765,SF,,2026-08-12 00:17:42
102700,450,283,858,PENDING_PAYMENT,100.0,EXPRESS,,,591,SF,,2026-08-14 20:39:42
102701,923,917,131,PENDING_PAYMENT,100.0,MEETUP,3,12:00-13:00,,,,2026-08-07 23:09:42
102702,4377,948,993,PENDING_PAYMENT,120.0,EXPRESS,,,1897,SF,,2026-08-10 00:12:42
102703,142,360,922,PENDING_PAYMENT,10.0,EXPRESS,,,734,SF,,2026-08-15 12:24:42
102704,1577,607,10,PENDING_PAYMENT,150.0,MEETUP,28,19:00-20:00,,,,2026-08-10 05:18:42
102705,3064,786,664,PENDING_PAYMENT,100.0,MEETUP,21,17:00-18:00,,,,2026-08-08 20:55:42
102706,1563,594,774,PENDING_PAYMENT,12.0,EXPRESS,,,1186,SF,,2026-08-12 20:49:42
102707,1519,770,116,PENDING_PAYMENT,200.0,EXPRESS,,,1539,SF,,2026-08-07 03:53:42
102708,4060,360,393,PENDING_PAYMENT,100.0,MEETUP,10,19:00-20:00,,,,2026-08-10 03:36:42
102709,492,59,730,PENDING_PAYMENT,60.0,MEETUP,18,19:00-20:00,,,,2026-08-09 10:09:42
102710,782,426,790,PENDING_PAYMENT,8.0,MEETUP,30,19:00-20:00,,,,2026-08-13 16:18:42
102711,4285,369,880,PENDING_PAYMENT,50.0,MEETUP,27,18:00-19:00,,,,2026-08-09 01:20:42
102712,1152,872,230,PENDING_PAYMENT,10.0,EXPRESS,,,1734,SF,,2026-08-09 21:29:42
102713,859,190,123,PENDING_PAYMENT,120.0,MEETUP,25,18:00-19:00,,,,2026-08-16 02:46:42
102714,4546,814,582,PENDING_PAYMENT,120.0,EXPRESS,,,1617,SF,,2026-08-08 22:07:42
102715,2376,905,184,PENDING_PAYMENT,60.0,MEETUP,13,18:00-19:00,,,,2026-08-09 17:21:42
102716,4310,457,320,PENDING_PAYMENT,150.0,MEETUP,9,18:00-19:00,,,,2026-08-07 16:14:42
102717,3335,681,387,PENDING_PAYMENT,20.0,MEETUP,16,17:00-18:00,,,,2026-08-16 14:25:42
102718,2972,658,772,PENDING_PAYMENT,15.0,EXPRESS,,,1314,SF,,2026-08-12 11:59:42
102719,1171,760,508,PENDING_PAYMENT,120.0,MEETUP,12,12:00-13:00,,,,2026-08-16 17:06:42
102720,4868,811,130,PENDING_PAYMENT,12.0,EXPRESS,,,1614,SF,,2026-08-10 08:17:42
102721,3509,763,959,PENDING_PAYMENT,120.0,MEETUP,27,19:00-20:00,,,,2026-08-11 10:05:42
102722,2827,270,492,PENDING_PAYMENT,3.0,MEETUP,6,17:00-18:00,,,,2026-08-13 05:55:42
102723,3413,786,802,PENDING_PAYMENT,15.0,EXPRESS,,,1566,SF,,2026-08-12 04:47:42
102724,4792,693,876,PENDING_PAYMENT,10.0,EXPRESS,,,1382,SF,,2026-08-13 12:56:42
102725,850,886,154,PENDING_PAYMENT,5.0,EXPRESS,,,1759,SF,,2026-08-06 20:18:42
102726,2956,588,640,PENDING_PAYMENT,80.0,EXPRESS,,,1175,SF,,2026-08-08 22:53:42
102727,4166,537,774,PENDING_PAYMENT,3.0,EXPRESS,,,1089,SF,,2026-08-07 19:10:42
102728,924,574,869,PENDING_PAYMENT,20.0,MEETUP,14,18:00-19:00,,,,2026-08-06 21:09:42
102729,118,946,475,PENDING_PAYMENT,15.0,EXPRESS,,,1893,SF,,2026-08-14 06:59:42
102730,2517,496,961,PENDING_PAYMENT,20.0,MEETUP,10,19:00-20:00,,,,2026-08-13 12:53:42
102731,1616,310,376,PENDING_PAYMENT,20.0,EXPRESS,,,639,SF,,2026-08-16 00:13:42
102732,2255,197,597,PENDING_PAYMENT,1.0,MEETUP,17,18:00-19:00,,,,2026-08-12 22:08:42
102733,3569,885,470,PENDING_PAYMENT,2.0,EXPRESS,,,1758,SF,,2026-08-12 03:00:42
102734,320,341,403,PENDING_PAYMENT,120.0,EXPRESS,,,696,SF,,2026-08-15 00:19:42
102735,3270,121,605,PENDING_PAYMENT,30.0,MEETUP,25,12:00-13:00,,,,2026-08-09 23:32:42
102736,3939,710,526,PENDING_PAYMENT,10.0,MEETUP,16,12:00-13:00,,,,2026-08-13 18:08:42
102737,4120,30,783,PENDING_PAYMENT,50.0,MEETUP,22,19:00-20:00,,,,2026-08-08 08:45:42
102738,4041,711,920,PENDING_PAYMENT,12.0,MEETUP,24,18:00-19:00,,,,2026-08-12 18:02:42
102739,3412,578,989,PENDING_PAYMENT,60.0,EXPRESS,,,1159,SF,,2026-08-10 20:51:42
102740,4082,83,219,PENDING_PAYMENT,25.0,EXPRESS,,,174,SF,,2026-08-15 01:23:42
102741,1046,147,963,PENDING_PAYMENT,1.0,MEETUP,30,17:00-18:00,,,,2026-08-15 04:46:42
102742,1897,385,42,PENDING_PAYMENT,5.0,MEETUP,7,17:00-18:00,,,,2026-08-08 17:54:42
102743,375,783,337,PENDING_PAYMENT,60.0,MEETUP,20,18:00-19:00,,,,2026-08-07 08:56:42
102744,35,535,693,PENDING_PAYMENT,12.0,EXPRESS,,,1087,SF,,2026-08-07 07:54:42
102745,1785,209,641,PENDING_PAYMENT,200.0,EXPRESS,,,438,SF,,2026-08-09 18:32:42
102746,3758,910,636,PENDING_PAYMENT,8.0,EXPRESS,,,1812,SF,,2026-08-09 21:38:42
102747,923,989,131,PENDING_PAYMENT,100.0,EXPRESS,,,1975,SF,,2026-08-14 13:31:42
102748,4949,357,7,PENDING_PAYMENT,60.0,EXPRESS,,,728,SF,,2026-08-15 23:38:42
102749,4176,857,580,PENDING_PAYMENT,120.0,EXPRESS,,,1704,SF,,2026-08-10 16:06:42
102750,4567,58,390,PENDING_PAYMENT,20.0,MEETUP,17,17:00-18:00,,,,2026-08-13 00:23:42
102751,4417,783,417,PENDING_PAYMENT,60.0,EXPRESS,,,1560,SF,,2026-08-09 03:01:42
102752,1028,984,413,PENDING_PAYMENT,50.0,MEETUP,3,17:00-18:00,,,,2026-08-15 01:11:42
102753,2813,912,872,PENDING_PAYMENT,150.0,MEETUP,23,19:00-20:00,,,,2026-08-10 22:40:42
102754,274,994,794,PENDING_PAYMENT,3.0,EXPRESS,,,1983,SF,,2026-08-16 10:23:42
102755,3320,808,507,PENDING_PAYMENT,60.0,MEETUP,18,17:00-18:00,,,,2026-08-16 09:57:42
102756,581,129,496,PENDING_PAYMENT,25.0,MEETUP,11,12:00-13:00,,,,2026-08-10 00:20:42
102757,1946,183,793,PENDING_PAYMENT,8.0,MEETUP,30,18:00-19:00,,,,2026-08-12 07:13:42
102758,3438,874,22,PENDING_PAYMENT,120.0,EXPRESS,,,1737,SF,,2026-08-15 09:29:42
102759,4545,872,890,PENDING_PAYMENT,120.0,EXPRESS,,,1734,SF,,2026-08-11 19:00:42
102760,641,828,287,PENDING_PAYMENT,100.0,MEETUP,12,12:00-13:00,,,,2026-08-09 20:29:42
102761,4783,347,546,PENDING_PAYMENT,60.0,EXPRESS,,,706,SF,,2026-08-07 14:06:42
102762,704,549,828,PENDING_PAYMENT,60.0,MEETUP,28,12:00-13:00,,,,2026-08-14 09:02:42
102763,3220,257,735,PENDING_PAYMENT,2.0,MEETUP,15,12:00-13:00,,,,2026-08-09 17:05:42
102764,3805,505,174,PENDING_PAYMENT,50.0,MEETUP,1,17:00-18:00,,,,2026-08-07 12:56:42
102765,1455,185,148,PENDING_PAYMENT,12.0,MEETUP,4,12:00-13:00,,,,2026-08-14 15:00:42
102766,2871,952,150,PENDING_PAYMENT,150.0,MEETUP,7,18:00-19:00,,,,2026-08-08 08:59:42
102767,1001,469,426,PENDING_PAYMENT,3.0,MEETUP,19,17:00-18:00,,,,2026-08-14 13:34:42
102768,3668,93,79,PENDING_PAYMENT,80.0,EXPRESS,,,196,SF,,2026-08-07 16:23:42
102769,2908,44,750,PENDING_PAYMENT,200.0,EXPRESS,,,94,SF,,2026-08-14 23:26:42
102770,4077,231,134,PENDING_PAYMENT,60.0,MEETUP,1,17:00-18:00,,,,2026-08-10 17:59:42
102771,3929,924,150,PENDING_PAYMENT,12.0,MEETUP,27,18:00-19:00,,,,2026-08-06 20:22:42
102772,3719,39,720,PENDING_PAYMENT,5.0,MEETUP,15,18:00-19:00,,,,2026-08-12 07:25:42
102773,3332,681,585,PENDING_PAYMENT,30.0,EXPRESS,,,1360,SF,,2026-08-13 15:08:42
102774,2314,124,626,PENDING_PAYMENT,15.0,MEETUP,22,12:00-13:00,,,,2026-08-07 13:16:42
102775,4956,809,706,PENDING_PAYMENT,150.0,MEETUP,6,17:00-18:00,,,,2026-08-13 00:36:42
102776,4033,798,538,PENDING_PAYMENT,80.0,MEETUP,27,12:00-13:00,,,,2026-08-16 07:54:42
102777,3506,449,985,PENDING_PAYMENT,100.0,MEETUP,12,19:00-20:00,,,,2026-08-10 12:31:42
102778,4363,714,109,PENDING_PAYMENT,15.0,EXPRESS,,,1422,SF,,2026-08-08 02:13:42
102779,505,813,695,PENDING_PAYMENT,10.0,MEETUP,2,19:00-20:00,,,,2026-08-13 10:21:42
102780,1521,635,728,PENDING_PAYMENT,5.0,MEETUP,9,18:00-19:00,,,,2026-08-16 07:24:42
102781,1729,131,904,PENDING_PAYMENT,8.0,EXPRESS,,,269,SF,,2026-08-13 17:33:42
102782,3406,156,771,PENDING_PAYMENT,150.0,EXPRESS,,,326,SF,,2026-08-07 04:46:42
102783,1063,876,15,PENDING_PAYMENT,12.0,MEETUP,16,12:00-13:00,,,,2026-08-07 15:38:42
102784,2547,164,692,PENDING_PAYMENT,8.0,EXPRESS,,,341,SF,,2026-08-08 12:50:42
102785,3512,8,29,PENDING_PAYMENT,10.0,EXPRESS,,,21,SF,,2026-08-15 23:49:42
102786,1538,210,937,PENDING_PAYMENT,12.0,MEETUP,29,19:00-20:00,,,,2026-08-09 12:59:42
102787,3201,753,247,PENDING_PAYMENT,3.0,MEETUP,20,17:00-18:00,,,,2026-08-08 04:33:42
102788,448,949,832,PENDING_PAYMENT,30.0,EXPRESS,,,1900,SF,,2026-08-12 20:04:42
102789,1201,919,75,PENDING_PAYMENT,5.0,MEETUP,27,18:00-19:00,,,,2026-08-08 07:04:42
102790,4193,942,313,PENDING_PAYMENT,5.0,MEETUP,5,18:00-19:00,,,,2026-08-09 06:16:42
102791,4770,711,895,PENDING_PAYMENT,3.0,EXPRESS,,,1414,SF,,2026-08-07 03:46:42
102792,2837,105,803,PENDING_PAYMENT,12.0,MEETUP,18,19:00-20:00,,,,2026-08-10 09:50:42
102793,3804,174,405,PENDING_PAYMENT,120.0,EXPRESS,,,363,SF,,2026-08-15 01:19:42
102794,3010,670,358,PENDING_PAYMENT,1.0,EXPRESS,,,1337,SF,,2026-08-07 10:33:42
102795,1663,284,304,PENDING_PAYMENT,1.0,EXPRESS,,,592,SF,,2026-08-13 02:08:42
102796,2995,174,912,PENDING_PAYMENT,120.0,MEETUP,10,19:00-20:00,,,,2026-08-15 15:57:42
102797,656,60,438,PENDING_PAYMENT,8.0,EXPRESS,,,130,SF,,2026-08-06 20:26:42
102798,4657,764,143,PENDING_PAYMENT,150.0,EXPRESS,,,1531,SF,,2026-08-13 19:40:42
102799,2261,107,295,PENDING_PAYMENT,30.0,MEETUP,5,18:00-19:00,,,,2026-08-14 05:11:42
102800,1346,521,19,PENDING_PAYMENT,200.0,MEETUP,13,18:00-19:00,,,,2026-08-14 23:33:42
102801,3379,331,580,PENDING_PAYMENT,10.0,EXPRESS,,,680,SF,,2026-08-10 18:41:42
102802,2862,414,896,PENDING_PAYMENT,2.0,EXPRESS,,,841,SF,,2026-08-07 03:43:42
102803,4718,747,756,PENDING_PAYMENT,10.0,EXPRESS,,,1488,SF,,2026-08-15 02:56:42
102804,3238,673,872,PENDING_PAYMENT,5.0,EXPRESS,,,1345,SF,,2026-08-16 03:27:42
102805,4869,272,552,PENDING_PAYMENT,120.0,MEETUP,6,12:00-13:00,,,,2026-08-16 12:47:42
102806,3014,910,945,PENDING_PAYMENT,80.0,EXPRESS,,,1813,SF,,2026-08-13 03:54:42
102807,1448,82,297,PENDING_PAYMENT,80.0,EXPRESS,,,173,SF,,2026-08-08 03:54:42
102808,4612,67,810,PENDING_PAYMENT,15.0,MEETUP,29,19:00-20:00,,,,2026-08-09 20:26:42
102809,899,949,46,PENDING_PAYMENT,15.0,EXPRESS,,,1899,SF,,2026-08-08 14:42:42
102810,1681,483,972,PENDING_PAYMENT,50.0,EXPRESS,,,979,SF,,2026-08-13 18:05:42
102811,1308,649,341,PENDING_PAYMENT,2.0,EXPRESS,,,1292,SF,,2026-08-11 16:42:42
102812,1785,150,641,PENDING_PAYMENT,200.0,EXPRESS,,,312,SF,,2026-08-16 16:21:42
102813,4007,944,792,PENDING_PAYMENT,15.0,MEETUP,26,19:00-20:00,,,,2026-08-13 03:31:42
102814,1465,494,416,PENDING_PAYMENT,150.0,EXPRESS,,,1003,SF,,2026-08-16 01:08:42
102815,3277,50,79,PENDING_PAYMENT,100.0,MEETUP,6,12:00-13:00,,,,2026-08-07 14:57:42
102816,1244,699,873,PENDING_PAYMENT,15.0,EXPRESS,,,1391,SF,,2026-08-09 22:37:42
102817,2221,662,968,PENDING_PAYMENT,5.0,EXPRESS,,,1322,SF,,2026-08-08 01:45:42
102818,2097,559,223,PENDING_PAYMENT,20.0,MEETUP,5,17:00-18:00,,,,2026-08-15 04:15:42
102819,2134,857,18,PENDING_PAYMENT,12.0,EXPRESS,,,1704,SF,,2026-08-08 03:09:42
102820,2158,116,892,PENDING_PAYMENT,50.0,EXPRESS,,,238,SF,,2026-08-16 12:49:42
102821,2450,476,99,PENDING_PAYMENT,25.0,EXPRESS,,,966,SF,,2026-08-07 19:22:42
102822,202,814,81,PENDING_PAYMENT,150.0,EXPRESS,,,1617,SF,,2026-08-09 09:24:42
102823,2012,527,333,PENDING_PAYMENT,100.0,MEETUP,24,19:00-20:00,,,,2026-08-09 23:37:42
102824,3999,116,490,PENDING_PAYMENT,3.0,MEETUP,30,18:00-19:00,,,,2026-08-11 23:16:42
102825,4339,362,758,PENDING_PAYMENT,20.0,EXPRESS,,,739,SF,,2026-08-09 14:33:42
102826,3008,253,462,PENDING_PAYMENT,5.0,EXPRESS,,,525,SF,,2026-08-11 08:30:42
102827,45,870,786,PENDING_PAYMENT,150.0,EXPRESS,,,1731,SF,,2026-08-14 12:43:42
102828,4242,595,188,PENDING_PAYMENT,20.0,MEETUP,11,12:00-13:00,,,,2026-08-10 00:48:42
102829,1865,721,131,PENDING_PAYMENT,200.0,MEETUP,14,17:00-18:00,,,,2026-08-14 20:03:42
102830,1495,609,831,PENDING_PAYMENT,12.0,MEETUP,30,18:00-19:00,,,,2026-08-16 11:39:42
102831,703,198,635,PENDING_PAYMENT,10.0,EXPRESS,,,415,SF,,2026-08-16 03:08:42
102832,371,882,900,PENDING_PAYMENT,12.0,EXPRESS,,,1753,SF,,2026-08-15 07:50:42
102833,2615,162,995,PENDING_PAYMENT,200.0,EXPRESS,,,338,SF,,2026-08-14 15:00:42
102834,4007,935,792,PENDING_PAYMENT,15.0,MEETUP,1,19:00-20:00,,,,2026-08-08 16:43:42
102835,1432,627,801,PENDING_PAYMENT,30.0,MEETUP,4,12:00-13:00,,,,2026-08-15 00:59:42
102836,1464,987,494,PENDING_PAYMENT,2.0,EXPRESS,,,1973,SF,,2026-08-16 07:14:42
102837,4108,144,686,PENDING_PAYMENT,80.0,EXPRESS,,,295,SF,,2026-08-12 07:17:42
102838,4998,988,41,PENDING_PAYMENT,60.0,EXPRESS,,,1974,SF,,2026-08-07 01:18:42
102839,4374,765,924,PENDING_PAYMENT,12.0,MEETUP,22,12:00-13:00,,,,2026-08-08 07:22:42
102840,1481,275,400,PENDING_PAYMENT,20.0,EXPRESS,,,572,SF,,2026-08-16 12:15:42
102841,774,442,807,PENDING_PAYMENT,60.0,MEETUP,27,12:00-13:00,,,,2026-08-08 19:02:42
102842,1944,213,298,PENDING_PAYMENT,5.0,EXPRESS,,,448,SF,,2026-08-08 22:02:42
102843,2836,75,472,PENDING_PAYMENT,12.0,MEETUP,28,17:00-18:00,,,,2026-08-11 12:24:42
102844,3433,658,82,PENDING_PAYMENT,5.0,EXPRESS,,,1314,SF,,2026-08-13 20:20:42
102845,1191,689,991,PENDING_PAYMENT,5.0,EXPRESS,,,1373,SF,,2026-08-15 20:38:42
102846,1075,17,36,PENDING_PAYMENT,5.0,EXPRESS,,,36,SF,,2026-08-16 16:08:42
102847,2839,429,619,PENDING_PAYMENT,80.0,MEETUP,8,12:00-13:00,,,,2026-08-07 19:53:42
102848,3873,357,326,PENDING_PAYMENT,150.0,EXPRESS,,,728,SF,,2026-08-12 09:16:42
102849,1673,679,944,PENDING_PAYMENT,20.0,MEETUP,5,17:00-18:00,,,,2026-08-13 17:13:42
102850,4093,846,214,PENDING_PAYMENT,12.0,EXPRESS,,,1682,SF,,2026-08-13 14:20:42
102851,4954,251,710,PENDING_PAYMENT,25.0,MEETUP,25,12:00-13:00,,,,2026-08-12 00:07:42
102852,4597,555,306,PENDING_PAYMENT,80.0,MEETUP,14,18:00-19:00,,,,2026-08-12 17:29:42
102853,1652,899,750,PENDING_PAYMENT,120.0,EXPRESS,,,1790,SF,,2026-08-14 21:42:42
102854,3541,441,356,PENDING_PAYMENT,8.0,MEETUP,24,18:00-19:00,,,,2026-08-07 13:08:42
102855,4607,167,514,PENDING_PAYMENT,10.0,MEETUP,9,19:00-20:00,,,,2026-08-13 02:45:42
102856,3005,832,57,PENDING_PAYMENT,5.0,EXPRESS,,,1652,SF,,2026-08-15 05:17:42
102857,4961,81,583,PENDING_PAYMENT,3.0,EXPRESS,,,170,SF,,2026-08-10 21:37:42
102858,735,249,404,PENDING_PAYMENT,25.0,MEETUP,2,12:00-13:00,,,,2026-08-10 21:51:42
102859,568,665,367,PENDING_PAYMENT,1.0,MEETUP,1,12:00-13:00,,,,2026-08-15 16:56:42
102860,2727,566,792,PENDING_PAYMENT,200.0,MEETUP,4,18:00-19:00,,,,2026-08-12 11:36:42
102861,1125,258,426,PENDING_PAYMENT,25.0,EXPRESS,,,536,SF,,2026-08-10 19:31:42
102862,1011,198,333,PENDING_PAYMENT,1.0,EXPRESS,,,414,SF,,2026-08-10 06:43:42
102863,4609,17,347,PENDING_PAYMENT,80.0,EXPRESS,,,36,SF,,2026-08-08 04:34:42
102864,3568,322,160,PENDING_PAYMENT,1.0,EXPRESS,,,661,SF,,2026-08-07 16:02:42
102865,764,801,327,PENDING_PAYMENT,10.0,MEETUP,20,18:00-19:00,,,,2026-08-07 18:37:42
102866,345,74,3,PENDING_PAYMENT,50.0,MEETUP,16,17:00-18:00,,,,2026-08-11 21:48:42
102867,4047,362,199,PENDING_PAYMENT,10.0,MEETUP,5,19:00-20:00,,,,2026-08-13 11:20:42
102868,537,456,109,PENDING_PAYMENT,30.0,EXPRESS,,,931,SF,,2026-08-11 23:21:42
102869,2900,424,928,PENDING_PAYMENT,80.0,MEETUP,15,18:00-19:00,,,,2026-08-09 03:27:42
102870,3801,567,493,PENDING_PAYMENT,1.0,MEETUP,6,12:00-13:00,,,,2026-08-07 19:31:42
102871,3710,910,183,PENDING_PAYMENT,15.0,MEETUP,7,19:00-20:00,,,,2026-08-14 06:35:42
102872,3539,701,650,PENDING_PAYMENT,1.0,MEETUP,15,17:00-18:00,,,,2026-08-16 17:37:42
102873,2578,67,334,PENDING_PAYMENT,15.0,EXPRESS,,,143,SF,,2026-08-10 23:51:42
102874,2687,71,893,PENDING_PAYMENT,5.0,EXPRESS,,,150,SF,,2026-08-07 19:46:42
102875,3602,238,760,PENDING_PAYMENT,20.0,MEETUP,23,18:00-19:00,,,,2026-08-16 13:48:42
102876,2509,168,454,PENDING_PAYMENT,10.0,MEETUP,16,17:00-18:00,,,,2026-08-14 23:17:42
102877,4278,933,323,PENDING_PAYMENT,12.0,MEETUP,8,19:00-20:00,,,,2026-08-14 14:39:42
102878,1084,524,614,PENDING_PAYMENT,10.0,MEETUP,7,18:00-19:00,,,,2026-08-11 19:04:42
102879,1168,637,615,PENDING_PAYMENT,5.0,MEETUP,30,19:00-20:00,,,,2026-08-15 13:46:42
102880,1954,32,262,PENDING_PAYMENT,15.0,MEETUP,25,18:00-19:00,,,,2026-08-12 21:55:42
102881,31,821,766,PENDING_PAYMENT,20.0,EXPRESS,,,1630,SF,,2026-08-13 14:37:42
102882,4479,656,267,PENDING_PAYMENT,1.0,EXPRESS,,,1309,SF,,2026-08-12 10:52:42
102883,2779,104,344,PENDING_PAYMENT,20.0,MEETUP,22,19:00-20:00,,,,2026-08-11 22:21:42
102884,4415,459,550,PENDING_PAYMENT,8.0,MEETUP,12,18:00-19:00,,,,2026-08-12 02:55:42
102885,373,367,398,PENDING_PAYMENT,25.0,EXPRESS,,,747,SF,,2026-08-11 14:03:42
102886,4705,665,347,PENDING_PAYMENT,15.0,EXPRESS,,,1327,SF,,2026-08-07 11:52:42
102887,4683,719,531,PENDING_PAYMENT,100.0,MEETUP,26,17:00-18:00,,,,2026-08-12 19:47:42
102888,720,358,650,PENDING_PAYMENT,2.0,MEETUP,30,17:00-18:00,,,,2026-08-08 13:06:42
102889,1769,250,882,PENDING_PAYMENT,1.0,MEETUP,26,12:00-13:00,,,,2026-08-15 02:29:42
102890,884,970,481,PENDING_PAYMENT,120.0,EXPRESS,,,1942,SF,,2026-08-09 22:37:42
102891,2877,396,194,PENDING_PAYMENT,5.0,MEETUP,19,12:00-13:00,,,,2026-08-09 02:27:42
102892,1040,667,908,PENDING_PAYMENT,10.0,MEETUP,3,17:00-18:00,,,,2026-08-08 09:24:42
102893,504,315,50,PENDING_PAYMENT,30.0,MEETUP,6,17:00-18:00,,,,2026-08-09 09:59:42
102894,1614,10,700,PENDING_PAYMENT,150.0,MEETUP,27,17:00-18:00,,,,2026-08-07 21:45:42
102895,3023,906,644,PENDING_PAYMENT,3.0,EXPRESS,,,1806,SF,,2026-08-09 22:41:42
102896,653,356,292,PENDING_PAYMENT,100.0,EXPRESS,,,726,SF,,2026-08-09 17:41:42
102897,4554,732,572,PENDING_PAYMENT,50.0,EXPRESS,,,1452,SF,,2026-08-09 14:14:42
102898,3410,4,877,PENDING_PAYMENT,20.0,MEETUP,7,17:00-18:00,,,,2026-08-10 18:28:42
102899,1589,354,248,PENDING_PAYMENT,12.0,MEETUP,26,19:00-20:00,,,,2026-08-08 22:01:42
102900,118,140,475,PENDING_PAYMENT,15.0,MEETUP,24,12:00-13:00,,,,2026-08-09 08:53:42
102901,4319,102,148,PENDING_PAYMENT,80.0,MEETUP,11,17:00-18:00,,,,2026-08-11 14:00:42
102902,849,445,5,PENDING_PAYMENT,5.0,MEETUP,5,19:00-20:00,,,,2026-08-11 14:45:42
102903,852,813,135,PENDING_PAYMENT,12.0,MEETUP,19,19:00-20:00,,,,2026-08-11 19:38:42
102904,3890,86,629,PENDING_PAYMENT,5.0,MEETUP,8,18:00-19:00,,,,2026-08-15 02:49:42
102905,1305,615,153,PENDING_PAYMENT,20.0,MEETUP,23,19:00-20:00,,,,2026-08-08 05:58:42
102906,417,388,119,PENDING_PAYMENT,100.0,MEETUP,11,17:00-18:00,,,,2026-08-09 19:51:42
102907,1690,680,906,PENDING_PAYMENT,200.0,MEETUP,30,18:00-19:00,,,,2026-08-08 04:22:42
102908,3112,512,271,PENDING_PAYMENT,150.0,EXPRESS,,,1045,SF,,2026-08-15 16:54:42
102909,4763,881,433,PENDING_PAYMENT,5.0,MEETUP,22,17:00-18:00,,,,2026-08-12 22:08:42
102910,1325,11,121,PENDING_PAYMENT,50.0,EXPRESS,,,25,SF,,2026-08-14 07:01:42
102911,3945,219,968,PENDING_PAYMENT,50.0,MEETUP,13,18:00-19:00,,,,2026-08-10 14:20:42
102912,2635,577,7,PENDING_PAYMENT,100.0,MEETUP,29,19:00-20:00,,,,2026-08-07 16:33:42
102913,4454,671,781,PENDING_PAYMENT,200.0,MEETUP,26,12:00-13:00,,,,2026-08-07 16:54:42
102914,92,242,356,PENDING_PAYMENT,120.0,EXPRESS,,,502,SF,,2026-08-09 08:21:42
102915,333,650,754,PENDING_PAYMENT,30.0,MEETUP,30,19:00-20:00,,,,2026-08-13 11:24:42
102916,3732,610,545,PENDING_PAYMENT,3.0,EXPRESS,,,1216,SF,,2026-08-14 20:33:42
102917,4265,893,129,PENDING_PAYMENT,5.0,MEETUP,13,18:00-19:00,,,,2026-08-09 09:14:42
102918,4236,345,23,PENDING_PAYMENT,100.0,EXPRESS,,,702,SF,,2026-08-08 03:11:42
102919,1869,671,97,PENDING_PAYMENT,50.0,MEETUP,12,19:00-20:00,,,,2026-08-12 09:41:42
102920,1823,551,907,PENDING_PAYMENT,8.0,EXPRESS,,,1111,SF,,2026-08-13 10:07:42
102921,843,777,881,PENDING_PAYMENT,8.0,EXPRESS,,,1549,SF,,2026-08-07 12:19:42
102922,893,82,954,PENDING_PAYMENT,15.0,EXPRESS,,,173,SF,,2026-08-07 20:29:42
102923,1528,899,84,PENDING_PAYMENT,100.0,MEETUP,4,17:00-18:00,,,,2026-08-09 07:17:42
102924,3511,289,260,PENDING_PAYMENT,60.0,EXPRESS,,,608,SF,,2026-08-14 17:31:42
102925,4067,622,553,PENDING_PAYMENT,25.0,EXPRESS,,,1239,SF,,2026-08-14 12:20:42
102926,2306,157,234,PENDING_PAYMENT,50.0,MEETUP,17,17:00-18:00,,,,2026-08-09 21:18:42
102927,2985,689,7,PENDING_PAYMENT,30.0,EXPRESS,,,1375,SF,,2026-08-16 17:51:42
102928,235,920,776,PENDING_PAYMENT,8.0,MEETUP,30,12:00-13:00,,,,2026-08-15 13:49:42
102929,4615,139,922,PENDING_PAYMENT,30.0,EXPRESS,,,286,SF,,2026-08-12 06:08:42
102930,1712,205,808,PENDING_PAYMENT,8.0,MEETUP,6,19:00-20:00,,,,2026-08-13 00:05:42
102931,4758,350,676,PENDING_PAYMENT,15.0,MEETUP,26,19:00-20:00,,,,2026-08-12 16:57:42
102932,1647,233,145,PENDING_PAYMENT,2.0,MEETUP,25,12:00-13:00,,,,2026-08-13 14:22:42
102933,1705,856,577,PENDING_PAYMENT,8.0,MEETUP,14,18:00-19:00,,,,2026-08-16 17:07:42
102934,2610,94,781,PENDING_PAYMENT,20.0,EXPRESS,,,197,SF,,2026-08-13 00:41:42
102935,2999,128,21,PENDING_PAYMENT,80.0,MEETUP,1,17:00-18:00,,,,2026-08-06 23:36:42
102936,4668,143,719,PENDING_PAYMENT,200.0,MEETUP,23,12:00-13:00,,,,2026-08-13 12:14:42
102937,411,210,979,PENDING_PAYMENT,8.0,EXPRESS,,,440,SF,,2026-08-14 01:19:42
102938,4711,343,782,PENDING_PAYMENT,3.0,MEETUP,18,17:00-18:00,,,,2026-08-12 11:47:42
102939,3030,950,775,PENDING_PAYMENT,15.0,EXPRESS,,,1902,SF,,2026-08-15 20:19:42
102940,2337,720,194,PENDING_PAYMENT,100.0,EXPRESS,,,1435,SF,,2026-08-12 07:32:42
102941,3452,608,985,PENDING_PAYMENT,50.0,MEETUP,7,17:00-18:00,,,,2026-08-10 07:38:42
102942,2604,252,600,PENDING_PAYMENT,8.0,MEETUP,21,18:00-19:00,,,,2026-08-09 09:40:42
102943,2463,480,972,PENDING_PAYMENT,25.0,EXPRESS,,,972,SF,,2026-08-10 09:15:42
102944,2015,159,229,PENDING_PAYMENT,3.0,EXPRESS,,,331,SF,,2026-08-13 14:03:42
102945,4784,632,469,PENDING_PAYMENT,12.0,EXPRESS,,,1258,SF,,2026-08-12 11:44:42
102946,495,664,672,PENDING_PAYMENT,60.0,EXPRESS,,,1325,SF,,2026-08-15 14:48:42
102947,3727,737,70,PENDING_PAYMENT,150.0,MEETUP,9,17:00-18:00,,,,2026-08-09 00:29:42
102948,2868,27,867,PENDING_PAYMENT,20.0,EXPRESS,,,56,SF,,2026-08-13 03:56:42
102949,1078,257,907,PENDING_PAYMENT,25.0,MEETUP,21,19:00-20:00,,,,2026-08-12 00:53:42
102950,3616,564,472,PENDING_PAYMENT,50.0,MEETUP,16,19:00-20:00,,,,2026-08-07 01:49:42
102951,3939,704,526,PENDING_PAYMENT,10.0,MEETUP,22,19:00-20:00,,,,2026-08-12 14:52:42
102952,3979,259,419,PENDING_PAYMENT,12.0,MEETUP,15,18:00-19:00,,,,2026-08-14 21:26:42
102953,3892,503,77,PENDING_PAYMENT,1.0,EXPRESS,,,1019,SF,,2026-08-11 15:53:42
102954,4581,91,158,PENDING_PAYMENT,2.0,EXPRESS,,,191,SF,,2026-08-08 01:25:42
102955,4581,456,158,PENDING_PAYMENT,2.0,MEETUP,3,19:00-20:00,,,,2026-08-09 10:13:42
102956,4030,880,267,PENDING_PAYMENT,2.0,EXPRESS,,,1749,SF,,2026-08-13 16:31:42
102957,1210,680,776,PENDING_PAYMENT,5.0,EXPRESS,,,1359,SF,,2026-08-16 05:08:42
102958,3111,878,477,PENDING_PAYMENT,25.0,EXPRESS,,,1745,SF,,2026-08-15 08:05:42
102959,2341,62,810,PENDING_PAYMENT,30.0,MEETUP,26,17:00-18:00,,,,2026-08-07 23:46:42
102960,3562,154,844,PENDING_PAYMENT,10.0,EXPRESS,,,319,SF,,2026-08-11 11:05:42
102961,3329,967,748,PENDING_PAYMENT,60.0,EXPRESS,,,1937,SF,,2026-08-07 21:55:42
102962,1334,571,593,PENDING_PAYMENT,120.0,EXPRESS,,,1150,SF,,2026-08-14 20:37:42
102963,3003,325,105,PENDING_PAYMENT,3.0,EXPRESS,,,667,SF,,2026-08-15 15:04:42
102964,3987,787,991,PENDING_PAYMENT,60.0,EXPRESS,,,1568,SF,,2026-08-07 07:23:42
102965,1775,587,914,PENDING_PAYMENT,5.0,MEETUP,3,18:00-19:00,,,,2026-08-09 18:18:42
102966,2958,654,230,PENDING_PAYMENT,100.0,EXPRESS,,,1305,SF,,2026-08-10 14:10:42
102967,4970,364,765,PENDING_PAYMENT,1.0,EXPRESS,,,741,SF,,2026-08-14 12:55:42
102968,4151,336,542,PENDING_PAYMENT,25.0,EXPRESS,,,689,SF,,2026-08-12 11:09:42
102969,3372,793,917,PENDING_PAYMENT,200.0,EXPRESS,,,1580,SF,,2026-08-07 11:25:42
102970,2505,781,557,PENDING_PAYMENT,5.0,EXPRESS,,,1558,SF,,2026-08-08 01:58:42
102971,3882,762,613,PENDING_PAYMENT,120.0,EXPRESS,,,1527,SF,,2026-08-07 21:09:42
102972,2216,861,134,PENDING_PAYMENT,3.0,MEETUP,14,19:00-20:00,,,,2026-08-14 19:32:42
102973,3585,720,364,PENDING_PAYMENT,150.0,EXPRESS,,,1434,SF,,2026-08-08 00:36:42
102974,4561,31,13,PENDING_PAYMENT,5.0,EXPRESS,,,64,SF,,2026-08-13 08:09:42
102975,726,823,892,PENDING_PAYMENT,15.0,EXPRESS,,,1635,SF,,2026-08-10 10:26:42
102976,4013,834,844,PENDING_PAYMENT,200.0,MEETUP,19,17:00-18:00,,,,2026-08-10 04:31:42
102977,3424,107,68,PENDING_PAYMENT,80.0,EXPRESS,,,220,SF,,2026-08-14 17:15:42
102978,195,171,54,PENDING_PAYMENT,25.0,MEETUP,23,12:00-13:00,,,,2026-08-07 11:17:42
102979,371,165,900,PENDING_PAYMENT,12.0,MEETUP,1,12:00-13:00,,,,2026-08-12 08:53:42
102980,637,844,490,PENDING_PAYMENT,30.0,EXPRESS,,,1676,SF,,2026-08-12 09:01:42
102981,2526,1,993,PENDING_PAYMENT,5.0,MEETUP,20,12:00-13:00,,,,2026-08-13 04:47:42
102982,1065,311,159,PENDING_PAYMENT,3.0,EXPRESS,,,640,SF,,2026-08-12 14:03:42
102983,2487,230,511,PENDING_PAYMENT,60.0,MEETUP,12,19:00-20:00,,,,2026-08-07 05:12:42
102984,162,327,901,PENDING_PAYMENT,10.0,MEETUP,18,17:00-18:00,,,,2026-08-13 17:54:42
102985,3265,477,84,PENDING_PAYMENT,1.0,MEETUP,22,18:00-19:00,,,,2026-08-10 12:18:42
102986,2708,952,631,PENDING_PAYMENT,200.0,EXPRESS,,,1905,SF,,2026-08-10 10:03:42
102987,1412,149,290,PENDING_PAYMENT,2.0,EXPRESS,,,308,SF,,2026-08-08 14:56:42
102988,3665,828,16,PENDING_PAYMENT,20.0,EXPRESS,,,1646,SF,,2026-08-16 15:03:42
102989,755,973,813,PENDING_PAYMENT,200.0,MEETUP,17,12:00-13:00,,,,2026-08-12 04:17:42
102990,2450,595,99,PENDING_PAYMENT,25.0,MEETUP,12,12:00-13:00,,,,2026-08-11 02:37:42
102991,4236,929,23,PENDING_PAYMENT,100.0,MEETUP,29,18:00-19:00,,,,2026-08-07 20:51:42
102992,1516,786,901,PENDING_PAYMENT,1.0,MEETUP,25,17:00-18:00,,,,2026-08-09 13:35:42
102993,4154,928,89,PENDING_PAYMENT,80.0,MEETUP,21,12:00-13:00,,,,2026-08-12 15:28:42
102994,4214,580,118,PENDING_PAYMENT,120.0,EXPRESS,,,1163,SF,,2026-08-10 06:58:42
102995,3628,195,210,PENDING_PAYMENT,5.0,MEETUP,8,17:00-18:00,,,,2026-08-08 08:50:42
102996,2695,384,822,PENDING_PAYMENT,50.0,MEETUP,19,19:00-20:00,,,,2026-08-11 22:47:42
102997,4263,401,860,PENDING_PAYMENT,120.0,EXPRESS,,,810,SF,,2026-08-09 15:14:42
102998,4944,893,931,PENDING_PAYMENT,1.0,MEETUP,6,17:00-18:00,,,,2026-08-12 20:31:42
102999,4592,153,987,PENDING_PAYMENT,80.0,EXPRESS,,,317,SF,,2026-08-07 20:05:42
103000,4654,471,733,PENDING_PAYMENT,12.0,MEETUP,16,18:00-19:00,,,,2026-08-09 12:57:42
103001,442,352,416,PENDING_PAYMENT,3.0,MEETUP,19,12:00-13:00,,,,2026-08-09 04:33:42
103002,277,553,512,PENDING_PAYMENT,60.0,EXPRESS,,,1114,SF,,2026-08-07 14:24:42
103003,3745,733,664,PENDING_PAYMENT,80.0,EXPRESS,,,1456,SF,,2026-08-08 10:05:42
103004,1542,128,355,PENDING_PAYMENT,12.0,MEETUP,6,18:00-19:00,,,,2026-08-15 23:13:42
103005,4447,762,814,PENDING_PAYMENT,5.0,EXPRESS,,,1527,SF,,2026-08-12 11:30:42
103006,3408,543,526,PENDING_PAYMENT,25.0,EXPRESS,,,1097,SF,,2026-08-16 09:48:42
103007,864,529,163,PENDING_PAYMENT,3.0,EXPRESS,,,1077,SF,,2026-08-11 05:39:42
103008,1030,234,528,PENDING_PAYMENT,80.0,MEETUP,27,19:00-20:00,,,,2026-08-12 13:11:42
103009,1002,632,693,PENDING_PAYMENT,200.0,EXPRESS,,,1258,SF,,2026-08-12 06:12:42
103010,647,775,729,PENDING_PAYMENT,3.0,MEETUP,22,19:00-20:00,,,,2026-08-10 21:19:42
103011,4269,404,844,PENDING_PAYMENT,2.0,MEETUP,15,19:00-20:00,,,,2026-08-13 01:04:42
103012,698,171,336,PENDING_PAYMENT,150.0,EXPRESS,,,355,SF,,2026-08-11 03:10:42
103013,4797,970,787,PENDING_PAYMENT,50.0,MEETUP,28,19:00-20:00,,,,2026-08-08 14:11:42
103014,2206,521,179,PENDING_PAYMENT,1.0,MEETUP,16,18:00-19:00,,,,2026-08-15 06:52:42
103015,3232,724,476,PENDING_PAYMENT,150.0,MEETUP,28,18:00-19:00,,,,2026-08-15 21:42:42
103016,2685,84,574,PENDING_PAYMENT,60.0,EXPRESS,,,176,SF,,2026-08-13 17:55:42
103017,3881,300,602,PENDING_PAYMENT,5.0,EXPRESS,,,621,SF,,2026-08-14 10:22:42
103018,1901,307,955,PENDING_PAYMENT,120.0,MEETUP,29,12:00-13:00,,,,2026-08-15 09:32:42
103019,137,1000,385,PENDING_PAYMENT,15.0,EXPRESS,,,1995,SF,,2026-08-11 11:42:42
103020,2454,722,414,PENDING_PAYMENT,15.0,EXPRESS,,,1437,SF,,2026-08-07 14:38:42
103021,106,106,175,PENDING_PAYMENT,120.0,MEETUP,17,18:00-19:00,,,,2026-08-07 01:28:42
103022,2153,431,697,PENDING_PAYMENT,20.0,EXPRESS,,,880,SF,,2026-08-07 19:10:42
103023,2939,930,14,PENDING_PAYMENT,50.0,MEETUP,30,17:00-18:00,,,,2026-08-08 13:36:42
103024,4212,493,705,PENDING_PAYMENT,60.0,EXPRESS,,,1001,SF,,2026-08-14 11:29:42
103025,1354,966,965,PENDING_PAYMENT,2.0,MEETUP,11,18:00-19:00,,,,2026-08-11 16:49:42
103026,2261,725,295,PENDING_PAYMENT,30.0,MEETUP,13,18:00-19:00,,,,2026-08-16 18:07:42
103027,39,400,818,PENDING_PAYMENT,200.0,EXPRESS,,,809,SF,,2026-08-08 19:56:42
103028,784,587,547,PENDING_PAYMENT,120.0,MEETUP,5,12:00-13:00,,,,2026-08-15 16:07:42
103029,884,872,481,PENDING_PAYMENT,120.0,EXPRESS,,,1734,SF,,2026-08-08 13:00:42
103030,385,754,581,PENDING_PAYMENT,12.0,EXPRESS,,,1506,SF,,2026-08-10 10:48:42
103031,4865,725,990,PENDING_PAYMENT,10.0,MEETUP,21,17:00-18:00,,,,2026-08-06 22:03:42
103032,3732,10,545,PENDING_PAYMENT,3.0,EXPRESS,,,23,SF,,2026-08-11 23:46:42
103033,1423,97,976,PENDING_PAYMENT,12.0,MEETUP,28,18:00-19:00,,,,2026-08-10 16:13:42
103034,1320,103,462,PENDING_PAYMENT,50.0,EXPRESS,,,213,SF,,2026-08-14 07:00:42
103035,2054,497,949,PENDING_PAYMENT,20.0,MEETUP,15,17:00-18:00,,,,2026-08-10 22:58:42
103036,4852,820,821,PENDING_PAYMENT,2.0,EXPRESS,,,1629,SF,,2026-08-09 14:13:42
103037,3052,101,807,PENDING_PAYMENT,8.0,MEETUP,23,12:00-13:00,,,,2026-08-14 18:20:42
103038,3332,643,585,PENDING_PAYMENT,30.0,EXPRESS,,,1278,SF,,2026-08-11 18:18:42
103039,4665,15,937,PENDING_PAYMENT,12.0,EXPRESS,,,33,SF,,2026-08-14 23:36:42
103040,1733,4,261,PENDING_PAYMENT,5.0,EXPRESS,,,11,SF,,2026-08-08 09:27:42
103041,689,411,326,PENDING_PAYMENT,60.0,MEETUP,29,18:00-19:00,,,,2026-08-12 15:35:42
103042,877,866,957,PENDING_PAYMENT,15.0,MEETUP,13,12:00-13:00,,,,2026-08-13 19:36:42
103043,272,208,715,PENDING_PAYMENT,150.0,EXPRESS,,,434,SF,,2026-08-15 13:25:42
103044,4319,186,148,PENDING_PAYMENT,80.0,EXPRESS,,,390,SF,,2026-08-07 15:24:42
103045,3490,47,354,PENDING_PAYMENT,25.0,MEETUP,30,18:00-19:00,,,,2026-08-16 14:11:42
103046,3300,242,221,PENDING_PAYMENT,3.0,EXPRESS,,,502,SF,,2026-08-08 01:26:42
103047,4841,950,556,PENDING_PAYMENT,60.0,EXPRESS,,,1902,SF,,2026-08-14 00:18:42
103048,773,34,765,PENDING_PAYMENT,200.0,MEETUP,27,19:00-20:00,,,,2026-08-13 23:51:42
103049,3472,615,618,PENDING_PAYMENT,3.0,EXPRESS,,,1227,SF,,2026-08-16 01:43:42
103050,1164,236,703,PENDING_PAYMENT,100.0,EXPRESS,,,494,SF,,2026-08-14 07:55:42
103051,4487,198,818,PENDING_PAYMENT,8.0,EXPRESS,,,413,SF,,2026-08-16 16:01:42
103052,3842,48,303,PENDING_PAYMENT,15.0,EXPRESS,,,104,SF,,2026-08-10 09:53:42
103053,100,256,896,PENDING_PAYMENT,30.0,MEETUP,13,12:00-13:00,,,,2026-08-10 18:43:42
103054,1160,420,465,PENDING_PAYMENT,2.0,MEETUP,28,17:00-18:00,,,,2026-08-12 10:43:42
103055,1834,968,18,PENDING_PAYMENT,8.0,EXPRESS,,,1939,SF,,2026-08-07 07:29:42
103056,4148,528,712,PENDING_PAYMENT,50.0,EXPRESS,,,1076,SF,,2026-08-14 03:00:42
103057,1853,980,350,PENDING_PAYMENT,2.0,EXPRESS,,,1962,SF,,2026-08-16 04:47:42
103058,2307,444,698,PENDING_PAYMENT,150.0,MEETUP,11,19:00-20:00,,,,2026-08-07 02:19:42
103059,3498,540,886,PENDING_PAYMENT,30.0,EXPRESS,,,1093,SF,,2026-08-16 08:02:42
103060,2737,32,83,PENDING_PAYMENT,120.0,EXPRESS,,,66,SF,,2026-08-14 02:47:42
103061,1891,398,418,PENDING_PAYMENT,25.0,MEETUP,17,17:00-18:00,,,,2026-08-11 13:43:42
103062,1729,608,904,PENDING_PAYMENT,8.0,MEETUP,20,19:00-20:00,,,,2026-08-13 22:12:42
103063,3934,725,317,PENDING_PAYMENT,5.0,EXPRESS,,,1442,SF,,2026-08-14 01:24:42
103064,2087,995,971,PENDING_PAYMENT,8.0,MEETUP,18,17:00-18:00,,,,2026-08-13 15:05:42
103065,1565,82,66,PENDING_PAYMENT,80.0,EXPRESS,,,173,SF,,2026-08-06 20:05:42
103066,777,141,328,PENDING_PAYMENT,1.0,MEETUP,2,19:00-20:00,,,,2026-08-10 20:33:42
103067,1577,203,10,PENDING_PAYMENT,150.0,EXPRESS,,,425,SF,,2026-08-09 09:18:42
103068,3092,713,654,PENDING_PAYMENT,50.0,EXPRESS,,,1419,SF,,2026-08-08 09:15:42
103069,3521,503,225,PENDING_PAYMENT,100.0,MEETUP,24,18:00-19:00,,,,2026-08-09 15:36:42
103070,1858,675,267,PENDING_PAYMENT,80.0,EXPRESS,,,1349,SF,,2026-08-10 15:14:42
103071,4011,173,185,PENDING_PAYMENT,12.0,EXPRESS,,,359,SF,,2026-08-11 11:19:42
103072,2063,469,248,PENDING_PAYMENT,30.0,EXPRESS,,,954,SF,,2026-08-13 16:41:42
103073,1859,971,137,PENDING_PAYMENT,100.0,MEETUP,13,12:00-13:00,,,,2026-08-12 12:37:42
103074,2603,440,210,PENDING_PAYMENT,80.0,EXPRESS,,,897,SF,,2026-08-09 16:14:42
103075,767,349,415,PENDING_PAYMENT,100.0,MEETUP,19,18:00-19:00,,,,2026-08-09 11:11:42
103076,118,989,475,PENDING_PAYMENT,15.0,MEETUP,7,18:00-19:00,,,,2026-08-15 06:55:42
103077,2486,878,880,PENDING_PAYMENT,12.0,EXPRESS,,,1745,SF,,2026-08-07 17:15:42
103078,3947,35,614,PENDING_PAYMENT,12.0,EXPRESS,,,73,SF,,2026-08-15 10:47:42
103079,3907,324,427,PENDING_PAYMENT,1.0,EXPRESS,,,665,SF,,2026-08-10 11:32:42
103080,2138,56,513,PENDING_PAYMENT,200.0,EXPRESS,,,122,SF,,2026-08-16 16:09:42
103081,2035,421,838,PENDING_PAYMENT,150.0,MEETUP,6,18:00-19:00,,,,2026-08-07 10:57:42
103082,4423,644,905,PENDING_PAYMENT,50.0,EXPRESS,,,1281,SF,,2026-08-11 04:50:42
103083,3046,597,790,PENDING_PAYMENT,30.0,EXPRESS,,,1193,SF,,2026-08-06 23:50:42
103084,2389,601,628,PENDING_PAYMENT,12.0,MEETUP,11,12:00-13:00,,,,2026-08-12 05:50:42
103085,3283,109,215,PENDING_PAYMENT,100.0,EXPRESS,,,224,SF,,2026-08-13 13:24:42
103086,926,935,727,PENDING_PAYMENT,120.0,EXPRESS,,,1869,SF,,2026-08-15 16:21:42
103087,2621,399,799,PENDING_PAYMENT,60.0,MEETUP,24,12:00-13:00,,,,2026-08-10 00:52:42
103088,3341,691,792,PENDING_PAYMENT,30.0,EXPRESS,,,1377,SF,,2026-08-13 15:44:42
103089,938,823,40,PENDING_PAYMENT,60.0,MEETUP,28,19:00-20:00,,,,2026-08-12 05:15:42
103090,3105,869,217,PENDING_PAYMENT,150.0,MEETUP,11,12:00-13:00,,,,2026-08-10 16:47:42
103091,1559,290,132,PENDING_PAYMENT,5.0,EXPRESS,,,609,SF,,2026-08-15 00:47:42
103092,3218,210,358,PENDING_PAYMENT,20.0,MEETUP,20,17:00-18:00,,,,2026-08-16 00:53:42
103093,3546,926,984,PENDING_PAYMENT,2.0,EXPRESS,,,1852,SF,,2026-08-14 14:20:42
103094,1880,880,582,PENDING_PAYMENT,1.0,MEETUP,1,18:00-19:00,,,,2026-08-10 11:36:42
103095,4349,84,4,PENDING_PAYMENT,30.0,EXPRESS,,,176,SF,,2026-08-11 00:14:42
103096,3457,954,856,PENDING_PAYMENT,80.0,MEETUP,29,19:00-20:00,,,,2026-08-07 21:18:42
103097,662,273,402,PENDING_PAYMENT,25.0,MEETUP,23,17:00-18:00,,,,2026-08-15 13:02:42
103098,223,207,411,PENDING_PAYMENT,10.0,MEETUP,18,17:00-18:00,,,,2026-08-09 12:09:42
103099,3520,837,448,PENDING_PAYMENT,8.0,MEETUP,21,19:00-20:00,,,,2026-08-11 05:25:42
103100,3064,413,664,PENDING_PAYMENT,100.0,EXPRESS,,,839,SF,,2026-08-12 13:53:42
103101,4853,954,15,PENDING_PAYMENT,50.0,EXPRESS,,,1909,SF,,2026-08-14 13:27:42
103102,2603,8,210,PENDING_PAYMENT,80.0,EXPRESS,,,21,SF,,2026-08-10 08:05:42
103103,3121,461,504,PENDING_PAYMENT,60.0,MEETUP,4,19:00-20:00,,,,2026-08-13 21:17:42
103104,4515,516,653,PENDING_PAYMENT,20.0,EXPRESS,,,1051,SF,,2026-08-06 21:51:42
103105,3322,815,947,PENDING_PAYMENT,150.0,EXPRESS,,,1621,SF,,2026-08-12 00:51:42
103106,2299,298,990,PENDING_PAYMENT,80.0,MEETUP,13,19:00-20:00,,,,2026-08-16 07:44:42
103107,2906,863,621,PENDING_PAYMENT,200.0,EXPRESS,,,1715,SF,,2026-08-11 23:19:42
103108,4180,972,646,PENDING_PAYMENT,150.0,EXPRESS,,,1946,SF,,2026-08-13 17:22:42
103109,1696,517,480,PENDING_PAYMENT,20.0,MEETUP,9,18:00-19:00,,,,2026-08-06 19:03:42
103110,485,9,63,PENDING_PAYMENT,150.0,MEETUP,30,18:00-19:00,,,,2026-08-12 13:45:42
103111,670,989,54,PENDING_PAYMENT,3.0,EXPRESS,,,1975,SF,,2026-08-14 12:12:42
103112,36,483,480,PENDING_PAYMENT,20.0,EXPRESS,,,980,SF,,2026-08-11 20:05:42
103113,2879,193,764,PENDING_PAYMENT,80.0,EXPRESS,,,404,SF,,2026-08-16 15:52:42
103114,3809,665,803,PENDING_PAYMENT,80.0,EXPRESS,,,1328,SF,,2026-08-16 14:08:42
103115,3052,928,807,PENDING_PAYMENT,8.0,EXPRESS,,,1855,SF,,2026-08-11 00:26:42
103116,1336,554,315,PENDING_PAYMENT,120.0,MEETUP,10,19:00-20:00,,,,2026-08-10 04:37:42
103117,3410,839,877,PENDING_PAYMENT,20.0,EXPRESS,,,1667,SF,,2026-08-14 07:49:42
103118,3085,319,407,PENDING_PAYMENT,12.0,EXPRESS,,,655,SF,,2026-08-14 03:14:42
103119,229,914,940,PENDING_PAYMENT,25.0,MEETUP,23,19:00-20:00,,,,2026-08-14 11:00:42
103120,4973,834,202,PENDING_PAYMENT,80.0,EXPRESS,,,1656,SF,,2026-08-07 02:52:42
103121,3287,446,123,PENDING_PAYMENT,25.0,EXPRESS,,,908,SF,,2026-08-11 14:39:42
103122,4230,576,60,PENDING_PAYMENT,1.0,EXPRESS,,,1156,SF,,2026-08-16 11:37:42
103123,3503,565,66,PENDING_PAYMENT,30.0,EXPRESS,,,1140,SF,,2026-08-13 18:39:42
103124,435,942,965,PENDING_PAYMENT,3.0,MEETUP,2,18:00-19:00,,,,2026-08-13 06:33:42
103125,3575,482,889,PENDING_PAYMENT,200.0,MEETUP,16,17:00-18:00,,,,2026-08-07 13:29:42
103126,4133,792,811,PENDING_PAYMENT,200.0,EXPRESS,,,1578,SF,,2026-08-14 20:47:42
103127,4219,993,337,PENDING_PAYMENT,60.0,EXPRESS,,,1982,SF,,2026-08-15 09:47:42
103128,3014,237,945,PENDING_PAYMENT,80.0,MEETUP,14,12:00-13:00,,,,2026-08-14 01:01:42
103129,3549,617,16,PENDING_PAYMENT,5.0,MEETUP,23,19:00-20:00,,,,2026-08-09 08:03:42
103130,4055,545,123,PENDING_PAYMENT,120.0,EXPRESS,,,1099,SF,,2026-08-11 00:01:42
103131,2216,804,134,PENDING_PAYMENT,3.0,EXPRESS,,,1602,SF,,2026-08-13 10:44:42
103132,4109,685,374,PENDING_PAYMENT,200.0,EXPRESS,,,1365,SF,,2026-08-11 03:36:42
103133,3489,160,953,PENDING_PAYMENT,1.0,MEETUP,14,19:00-20:00,,,,2026-08-11 14:24:42
103134,1856,338,779,PENDING_PAYMENT,3.0,EXPRESS,,,691,SF,,2026-08-11 14:22:42
103135,4630,522,6,PENDING_PAYMENT,15.0,MEETUP,25,12:00-13:00,,,,2026-08-15 03:10:42
103136,3284,596,472,PENDING_PAYMENT,2.0,EXPRESS,,,1190,SF,,2026-08-09 22:24:42
103137,1021,329,739,PENDING_PAYMENT,100.0,EXPRESS,,,675,SF,,2026-08-15 22:08:42
103138,3593,911,9,PENDING_PAYMENT,10.0,EXPRESS,,,1817,SF,,2026-08-14 08:04:42
103139,3686,945,960,PENDING_PAYMENT,25.0,EXPRESS,,,1892,SF,,2026-08-10 06:01:42
103140,4594,50,736,PENDING_PAYMENT,10.0,MEETUP,26,12:00-13:00,,,,2026-08-14 04:42:42
103141,778,245,473,PENDING_PAYMENT,5.0,EXPRESS,,,506,SF,,2026-08-10 08:51:42
103142,1103,993,808,PENDING_PAYMENT,2.0,EXPRESS,,,1982,SF,,2026-08-08 08:25:42
103143,4739,143,470,PENDING_PAYMENT,10.0,EXPRESS,,,293,SF,,2026-08-13 10:15:42
103144,392,186,543,PENDING_PAYMENT,120.0,MEETUP,4,12:00-13:00,,,,2026-08-10 09:42:42
103145,3500,640,383,PENDING_PAYMENT,15.0,EXPRESS,,,1271,SF,,2026-08-07 09:39:42
103146,3728,676,202,PENDING_PAYMENT,12.0,EXPRESS,,,1351,SF,,2026-08-07 13:13:42
103147,360,894,256,PENDING_PAYMENT,80.0,EXPRESS,,,1779,SF,,2026-08-13 15:20:42
103148,1430,495,286,PENDING_PAYMENT,5.0,MEETUP,13,17:00-18:00,,,,2026-08-14 23:08:42
103149,831,707,884,PENDING_PAYMENT,8.0,EXPRESS,,,1409,SF,,2026-08-09 16:05:42
103150,244,537,749,PENDING_PAYMENT,15.0,EXPRESS,,,1089,SF,,2026-08-07 10:27:42
103151,4929,254,277,PENDING_PAYMENT,15.0,MEETUP,5,17:00-18:00,,,,2026-08-07 13:58:42
103152,3799,984,445,PENDING_PAYMENT,5.0,MEETUP,23,19:00-20:00,,,,2026-08-08 00:04:42
103153,2912,689,990,PENDING_PAYMENT,2.0,MEETUP,16,19:00-20:00,,,,2026-08-07 18:15:42
103154,1604,32,688,PENDING_PAYMENT,12.0,MEETUP,10,18:00-19:00,,,,2026-08-15 13:18:42
103155,3620,826,672,PENDING_PAYMENT,8.0,MEETUP,30,19:00-20:00,,,,2026-08-09 16:31:42
103156,616,253,598,PENDING_PAYMENT,3.0,EXPRESS,,,524,SF,,2026-08-15 02:12:42
103157,997,100,118,PENDING_PAYMENT,200.0,MEETUP,23,19:00-20:00,,,,2026-08-13 07:33:42
103158,1391,864,828,PENDING_PAYMENT,10.0,EXPRESS,,,1717,SF,,2026-08-10 20:48:42
103159,1175,454,453,PENDING_PAYMENT,25.0,MEETUP,1,18:00-19:00,,,,2026-08-12 21:23:42
103160,4387,209,222,PENDING_PAYMENT,60.0,EXPRESS,,,439,SF,,2026-08-08 04:12:42
103161,3805,559,174,PENDING_PAYMENT,50.0,EXPRESS,,,1126,SF,,2026-08-11 06:25:42
103162,4856,455,68,PENDING_PAYMENT,120.0,MEETUP,17,19:00-20:00,,,,2026-08-08 09:26:42
103163,3337,129,224,PENDING_PAYMENT,10.0,EXPRESS,,,265,SF,,2026-08-07 00:30:42
103164,3687,170,784,PENDING_PAYMENT,2.0,MEETUP,7,18:00-19:00,,,,2026-08-09 22:51:42
103165,3834,524,761,PENDING_PAYMENT,3.0,MEETUP,29,19:00-20:00,,,,2026-08-09 16:52:42
103166,1287,62,424,PENDING_PAYMENT,30.0,MEETUP,16,19:00-20:00,,,,2026-08-12 14:56:42
103167,1018,556,914,PENDING_PAYMENT,2.0,EXPRESS,,,1120,SF,,2026-08-12 03:51:42
103168,3750,578,252,PENDING_PAYMENT,10.0,MEETUP,17,19:00-20:00,,,,2026-08-08 10:21:42
103169,3986,988,847,PENDING_PAYMENT,2.0,EXPRESS,,,1974,SF,,2026-08-08 13:38:42
103170,3198,611,44,PENDING_PAYMENT,12.0,EXPRESS,,,1217,SF,,2026-08-10 01:33:42
103171,2872,69,135,PENDING_PAYMENT,10.0,MEETUP,3,17:00-18:00,,,,2026-08-08 22:12:42
103172,3843,219,826,PENDING_PAYMENT,50.0,MEETUP,11,17:00-18:00,,,,2026-08-08 16:33:42
103173,4978,947,544,PENDING_PAYMENT,12.0,MEETUP,9,17:00-18:00,,,,2026-08-09 22:49:42
103174,1150,608,443,PENDING_PAYMENT,50.0,MEETUP,23,18:00-19:00,,,,2026-08-14 21:31:42
103175,1736,619,824,PENDING_PAYMENT,30.0,EXPRESS,,,1233,SF,,2026-08-14 21:45:42
103176,4472,347,426,PENDING_PAYMENT,8.0,MEETUP,7,12:00-13:00,,,,2026-08-07 23:22:42
103177,679,766,280,PENDING_PAYMENT,200.0,EXPRESS,,,1534,SF,,2026-08-14 20:35:42
103178,4975,682,123,PENDING_PAYMENT,8.0,EXPRESS,,,1361,SF,,2026-08-12 02:08:42
103179,1726,297,649,PENDING_PAYMENT,200.0,MEETUP,2,19:00-20:00,,,,2026-08-09 09:51:42
103180,3238,959,872,PENDING_PAYMENT,5.0,EXPRESS,,,1921,SF,,2026-08-14 11:18:42
103181,4295,562,725,PENDING_PAYMENT,50.0,MEETUP,7,19:00-20:00,,,,2026-08-07 06:22:42
103182,4357,494,483,PENDING_PAYMENT,20.0,EXPRESS,,,1003,SF,,2026-08-12 12:03:42
103183,4035,129,373,PENDING_PAYMENT,60.0,EXPRESS,,,265,SF,,2026-08-13 05:08:42
103184,3824,938,680,PENDING_PAYMENT,1.0,EXPRESS,,,1875,SF,,2026-08-12 19:09:42
103185,3008,815,462,PENDING_PAYMENT,5.0,EXPRESS,,,1619,SF,,2026-08-09 15:54:42
103186,4190,698,27,PENDING_PAYMENT,50.0,EXPRESS,,,1388,SF,,2026-08-13 08:08:42
103187,3418,973,220,PENDING_PAYMENT,20.0,MEETUP,26,17:00-18:00,,,,2026-08-16 01:34:42
103188,1153,299,52,PENDING_PAYMENT,120.0,EXPRESS,,,620,SF,,2026-08-07 07:02:42
103189,1875,359,826,PENDING_PAYMENT,100.0,MEETUP,2,19:00-20:00,,,,2026-08-09 14:03:42
103190,978,527,866,PENDING_PAYMENT,50.0,EXPRESS,,,1072,SF,,2026-08-09 21:43:42
103191,2393,321,283,PENDING_PAYMENT,100.0,EXPRESS,,,660,SF,,2026-08-08 11:19:42
103192,4647,821,197,PENDING_PAYMENT,20.0,EXPRESS,,,1631,SF,,2026-08-15 12:32:42
103193,1907,126,298,PENDING_PAYMENT,80.0,MEETUP,7,18:00-19:00,,,,2026-08-09 22:17:42
103194,1375,944,131,PENDING_PAYMENT,80.0,EXPRESS,,,1890,SF,,2026-08-09 16:58:42
103195,585,135,224,PENDING_PAYMENT,12.0,EXPRESS,,,276,SF,,2026-08-15 17:02:42
103196,755,49,813,PENDING_PAYMENT,200.0,MEETUP,17,17:00-18:00,,,,2026-08-13 11:50:42
103197,663,161,746,PENDING_PAYMENT,60.0,EXPRESS,,,336,SF,,2026-08-12 10:34:42
103198,1417,498,238,PENDING_PAYMENT,100.0,EXPRESS,,,1011,SF,,2026-08-09 21:44:42
103199,2489,154,629,PENDING_PAYMENT,5.0,MEETUP,7,19:00-20:00,,,,2026-08-10 06:41:42
103200,3678,524,232,PENDING_PAYMENT,150.0,MEETUP,3,17:00-18:00,,,,2026-08-16 05:29:42
103201,3965,106,882,PENDING_PAYMENT,80.0,MEETUP,21,17:00-18:00,,,,2026-08-09 01:29:42
103202,4541,578,562,PENDING_PAYMENT,150.0,EXPRESS,,,1159,SF,,2026-08-13 01:43:42
103203,3510,761,439,PENDING_PAYMENT,2.0,EXPRESS,,,1526,SF,,2026-08-10 21:36:42
103204,4453,155,990,PENDING_PAYMENT,3.0,EXPRESS,,,321,SF,,2026-08-07 07:39:42
103205,4501,849,902,PENDING_PAYMENT,50.0,MEETUP,14,19:00-20:00,,,,2026-08-15 10:19:42
103206,4250,925,203,PENDING_PAYMENT,100.0,EXPRESS,,,1849,SF,,2026-08-15 18:23:42
103207,1334,746,593,PENDING_PAYMENT,120.0,EXPRESS,,,1486,SF,,2026-08-13 23:47:42
103208,2551,665,336,PENDING_PAYMENT,3.0,EXPRESS,,,1328,SF,,2026-08-16 00:38:42
103209,3847,153,266,PENDING_PAYMENT,12.0,MEETUP,29,18:00-19:00,,,,2026-08-11 06:40:42
103210,1154,873,193,PENDING_PAYMENT,20.0,EXPRESS,,,1735,SF,,2026-08-11 02:10:42
103211,4103,527,369,PENDING_PAYMENT,1.0,EXPRESS,,,1072,SF,,2026-08-15 14:13:42
103212,2366,61,22,PENDING_PAYMENT,15.0,MEETUP,27,17:00-18:00,,,,2026-08-08 15:39:42
103213,182,805,508,PENDING_PAYMENT,12.0,EXPRESS,,,1603,SF,,2026-08-07 01:26:42
103214,1924,89,348,PENDING_PAYMENT,15.0,MEETUP,7,12:00-13:00,,,,2026-08-13 21:34:42
103215,3393,796,531,PENDING_PAYMENT,1.0,MEETUP,19,19:00-20:00,,,,2026-08-12 22:05:42
103216,2083,515,236,PENDING_PAYMENT,2.0,MEETUP,14,18:00-19:00,,,,2026-08-07 09:32:42
103217,2859,914,53,PENDING_PAYMENT,60.0,EXPRESS,,,1824,SF,,2026-08-14 20:06:42
103218,3782,170,676,PENDING_PAYMENT,150.0,EXPRESS,,,354,SF,,2026-08-11 12:04:42
103219,4704,752,898,PENDING_PAYMENT,200.0,EXPRESS,,,1501,SF,,2026-08-10 20:04:42
103220,4078,218,935,PENDING_PAYMENT,60.0,EXPRESS,,,454,SF,,2026-08-15 10:17:42
103221,1137,548,380,PENDING_PAYMENT,2.0,EXPRESS,,,1106,SF,,2026-08-16 15:20:42
103222,661,18,268,PENDING_PAYMENT,12.0,MEETUP,22,17:00-18:00,,,,2026-08-07 17:59:42
103223,396,190,493,PENDING_PAYMENT,20.0,MEETUP,1,19:00-20:00,,,,2026-08-07 05:14:42
103224,1998,951,751,PENDING_PAYMENT,2.0,EXPRESS,,,1904,SF,,2026-08-07 18:47:42
103225,34,343,349,PENDING_PAYMENT,100.0,MEETUP,1,17:00-18:00,,,,2026-08-13 19:22:42
103226,1338,107,638,PENDING_PAYMENT,100.0,MEETUP,23,18:00-19:00,,,,2026-08-14 01:33:42
103227,2938,186,767,PENDING_PAYMENT,200.0,MEETUP,30,17:00-18:00,,,,2026-08-07 02:51:42
103228,1774,344,515,PENDING_PAYMENT,25.0,MEETUP,18,17:00-18:00,,,,2026-08-13 02:22:42
103229,1117,556,797,PENDING_PAYMENT,1.0,EXPRESS,,,1120,SF,,2026-08-09 01:03:42
103230,3443,490,277,PENDING_PAYMENT,50.0,EXPRESS,,,997,SF,,2026-08-16 13:41:42
103231,2901,592,67,PENDING_PAYMENT,1.0,EXPRESS,,,1182,SF,,2026-08-16 17:55:42
103232,158,287,151,PENDING_PAYMENT,15.0,EXPRESS,,,602,SF,,2026-08-13 07:46:42
103233,2489,889,629,PENDING_PAYMENT,5.0,MEETUP,21,18:00-19:00,,,,2026-08-16 04:29:42
103234,2942,163,490,PENDING_PAYMENT,8.0,MEETUP,24,17:00-18:00,,,,2026-08-11 03:53:42
103235,917,594,601,PENDING_PAYMENT,120.0,MEETUP,14,18:00-19:00,,,,2026-08-16 00:47:42
103236,4906,534,634,PENDING_PAYMENT,200.0,MEETUP,13,18:00-19:00,,,,2026-08-15 07:47:42
103237,3672,950,546,PENDING_PAYMENT,200.0,MEETUP,4,17:00-18:00,,,,2026-08-09 10:55:42
103238,937,149,721,PENDING_PAYMENT,100.0,EXPRESS,,,309,SF,,2026-08-10 10:47:42
103239,2180,613,555,PENDING_PAYMENT,60.0,EXPRESS,,,1223,SF,,2026-08-09 05:24:42
103240,695,599,179,PENDING_PAYMENT,30.0,MEETUP,26,17:00-18:00,,,,2026-08-12 04:21:42
103241,1238,170,96,PENDING_PAYMENT,200.0,MEETUP,24,17:00-18:00,,,,2026-08-14 07:21:42
103242,4278,796,323,PENDING_PAYMENT,12.0,MEETUP,28,19:00-20:00,,,,2026-08-10 15:12:42
103243,1045,601,304,PENDING_PAYMENT,200.0,MEETUP,28,19:00-20:00,,,,2026-08-16 05:13:42
103244,3070,795,754,PENDING_PAYMENT,60.0,MEETUP,21,19:00-20:00,,,,2026-08-10 15:46:42
103245,687,118,72,PENDING_PAYMENT,10.0,MEETUP,7,19:00-20:00,,,,2026-08-07 14:23:42
103246,738,272,215,PENDING_PAYMENT,10.0,MEETUP,5,17:00-18:00,,,,2026-08-07 02:43:42
103247,2753,766,223,PENDING_PAYMENT,10.0,EXPRESS,,,1534,SF,,2026-08-09 09:07:42
103248,2195,126,974,PENDING_PAYMENT,30.0,MEETUP,27,18:00-19:00,,,,2026-08-16 10:40:42
103249,4356,266,275,PENDING_PAYMENT,3.0,MEETUP,23,17:00-18:00,,,,2026-08-13 07:08:42
103250,638,83,667,PENDING_PAYMENT,50.0,EXPRESS,,,174,SF,,2026-08-08 19:55:42
103251,1286,262,270,PENDING_PAYMENT,150.0,EXPRESS,,,542,SF,,2026-08-08 07:19:42
103252,1433,226,479,PENDING_PAYMENT,80.0,EXPRESS,,,473,SF,,2026-08-10 11:10:42
103253,1751,176,743,PENDING_PAYMENT,200.0,MEETUP,3,12:00-13:00,,,,2026-08-07 10:25:42
103254,271,70,674,PENDING_PAYMENT,120.0,MEETUP,16,17:00-18:00,,,,2026-08-13 00:31:42
103255,1825,833,105,PENDING_PAYMENT,15.0,MEETUP,23,12:00-13:00,,,,2026-08-14 20:01:42
103256,346,470,897,PENDING_PAYMENT,120.0,EXPRESS,,,955,SF,,2026-08-13 02:58:42
103257,4143,384,201,PENDING_PAYMENT,5.0,EXPRESS,,,776,SF,,2026-08-09 15:45:42
103258,1781,668,182,PENDING_PAYMENT,8.0,MEETUP,3,19:00-20:00,,,,2026-08-09 08:56:42
103259,1847,35,872,PENDING_PAYMENT,8.0,MEETUP,4,17:00-18:00,,,,2026-08-16 05:30:42
103260,1927,175,493,PENDING_PAYMENT,8.0,EXPRESS,,,365,SF,,2026-08-13 00:32:42
103261,4266,638,706,PENDING_PAYMENT,200.0,EXPRESS,,,1267,SF,,2026-08-14 02:11:42
103262,3077,305,499,PENDING_PAYMENT,10.0,EXPRESS,,,632,SF,,2026-08-15 14:31:42
103263,3453,255,137,PENDING_PAYMENT,15.0,MEETUP,11,19:00-20:00,,,,2026-08-07 22:41:42
103264,1351,538,8,PENDING_PAYMENT,20.0,MEETUP,8,17:00-18:00,,,,2026-08-15 03:25:42
103265,4062,886,948,PENDING_PAYMENT,200.0,MEETUP,14,18:00-19:00,,,,2026-08-06 21:56:42
103266,1945,216,783,PENDING_PAYMENT,20.0,EXPRESS,,,451,SF,,2026-08-10 01:50:42
103267,3877,659,244,PENDING_PAYMENT,5.0,EXPRESS,,,1317,SF,,2026-08-11 02:56:42
103268,2618,569,185,PENDING_PAYMENT,8.0,EXPRESS,,,1147,SF,,2026-08-10 06:23:42
103269,3096,388,300,PENDING_PAYMENT,3.0,MEETUP,20,19:00-20:00,,,,2026-08-07 19:33:42
103270,212,496,871,PENDING_PAYMENT,5.0,EXPRESS,,,1007,SF,,2026-08-10 12:21:42
103271,3212,743,458,PENDING_PAYMENT,150.0,MEETUP,8,17:00-18:00,,,,2026-08-08 01:38:42
103272,624,789,14,PENDING_PAYMENT,25.0,MEETUP,22,12:00-13:00,,,,2026-08-08 23:56:42
103273,2851,549,497,PENDING_PAYMENT,3.0,MEETUP,23,18:00-19:00,,,,2026-08-07 07:29:42
103274,3428,55,860,PENDING_PAYMENT,3.0,MEETUP,11,19:00-20:00,,,,2026-08-14 12:12:42
103275,4511,26,906,PENDING_PAYMENT,15.0,MEETUP,11,18:00-19:00,,,,2026-08-11 03:20:42
103276,708,495,602,PENDING_PAYMENT,20.0,EXPRESS,,,1005,SF,,2026-08-13 14:13:42
103277,2829,120,172,PENDING_PAYMENT,3.0,EXPRESS,,,246,SF,,2026-08-09 09:26:42
103278,449,668,667,PENDING_PAYMENT,12.0,MEETUP,7,19:00-20:00,,,,2026-08-11 05:59:42
103279,882,635,454,PENDING_PAYMENT,2.0,MEETUP,9,17:00-18:00,,,,2026-08-12 10:15:42
103280,3319,130,749,PENDING_PAYMENT,200.0,EXPRESS,,,268,SF,,2026-08-15 05:00:42
103281,4083,279,754,PENDING_PAYMENT,3.0,EXPRESS,,,583,SF,,2026-08-07 23:16:42
103282,2929,801,882,PENDING_PAYMENT,100.0,MEETUP,19,19:00-20:00,,,,2026-08-16 09:59:42
103283,4153,207,376,PENDING_PAYMENT,8.0,MEETUP,17,17:00-18:00,,,,2026-08-15 15:21:42
103284,1000,306,339,PENDING_PAYMENT,80.0,EXPRESS,,,633,SF,,2026-08-10 15:01:42
103285,4601,449,499,PENDING_PAYMENT,50.0,EXPRESS,,,913,SF,,2026-08-11 20:59:42
103286,2301,24,338,PENDING_PAYMENT,5.0,EXPRESS,,,50,SF,,2026-08-08 01:44:42
103287,2543,482,656,PENDING_PAYMENT,2.0,MEETUP,21,17:00-18:00,,,,2026-08-13 22:59:42
103288,4064,546,163,PENDING_PAYMENT,30.0,MEETUP,25,12:00-13:00,,,,2026-08-06 23:50:42
103289,3656,964,985,PENDING_PAYMENT,8.0,MEETUP,22,17:00-18:00,,,,2026-08-07 12:09:42
103290,4793,554,148,PENDING_PAYMENT,2.0,MEETUP,24,18:00-19:00,,,,2026-08-11 11:45:42
103291,3927,509,571,PENDING_PAYMENT,15.0,EXPRESS,,,1036,SF,,2026-08-16 07:32:42
103292,412,938,992,PENDING_PAYMENT,8.0,MEETUP,30,19:00-20:00,,,,2026-08-15 01:51:42
103293,4880,392,843,PENDING_PAYMENT,50.0,MEETUP,10,19:00-20:00,,,,2026-08-10 05:12:42
103294,2590,725,401,PENDING_PAYMENT,50.0,MEETUP,11,17:00-18:00,,,,2026-08-11 23:14:42
103295,3938,365,199,PENDING_PAYMENT,80.0,EXPRESS,,,743,SF,,2026-08-12 08:51:42
103296,450,111,858,PENDING_PAYMENT,100.0,EXPRESS,,,229,SF,,2026-08-08 10:34:42
103297,2957,357,44,PENDING_PAYMENT,50.0,EXPRESS,,,728,SF,,2026-08-10 14:42:42
103298,1435,852,338,PENDING_PAYMENT,1.0,MEETUP,15,12:00-13:00,,,,2026-08-11 20:12:42
103299,108,107,544,PENDING_PAYMENT,80.0,EXPRESS,,,220,SF,,2026-08-12 20:33:42
103300,3846,77,214,PENDING_PAYMENT,1.0,EXPRESS,,,161,SF,,2026-08-09 18:46:42
103301,4917,484,977,PENDING_PAYMENT,30.0,MEETUP,16,17:00-18:00,,,,2026-08-16 14:19:42
103302,2110,368,458,PENDING_PAYMENT,120.0,EXPRESS,,,749,SF,,2026-08-10 00:08:42
103303,3847,177,266,PENDING_PAYMENT,12.0,EXPRESS,,,369,SF,,2026-08-12 14:38:42
103304,2527,533,664,PENDING_PAYMENT,25.0,MEETUP,30,18:00-19:00,,,,2026-08-14 19:27:42
103305,2977,915,288,PENDING_PAYMENT,15.0,EXPRESS,,,1825,SF,,2026-08-13 17:20:42
103306,3225,69,375,PENDING_PAYMENT,10.0,MEETUP,21,19:00-20:00,,,,2026-08-07 09:38:42
103307,3139,357,150,PENDING_PAYMENT,1.0,EXPRESS,,,728,SF,,2026-08-08 19:42:42
103308,3870,138,601,PENDING_PAYMENT,200.0,MEETUP,10,17:00-18:00,,,,2026-08-13 02:46:42
103309,1657,559,125,PENDING_PAYMENT,60.0,MEETUP,11,19:00-20:00,,,,2026-08-11 01:39:42
103310,3538,390,903,PENDING_PAYMENT,50.0,MEETUP,16,19:00-20:00,,,,2026-08-08 14:22:42
103311,3870,281,601,PENDING_PAYMENT,200.0,MEETUP,21,18:00-19:00,,,,2026-08-07 10:43:42
103312,3933,931,929,PENDING_PAYMENT,10.0,MEETUP,24,18:00-19:00,,,,2026-08-06 22:48:42
103313,4359,66,965,PENDING_PAYMENT,10.0,EXPRESS,,,140,SF,,2026-08-08 10:18:42
103314,4833,896,438,PENDING_PAYMENT,20.0,EXPRESS,,,1784,SF,,2026-08-09 22:31:42
103315,1325,495,121,PENDING_PAYMENT,50.0,MEETUP,18,19:00-20:00,,,,2026-08-14 10:20:42
103316,4444,417,707,PENDING_PAYMENT,30.0,MEETUP,11,17:00-18:00,,,,2026-08-14 15:02:42
103317,3347,880,159,PENDING_PAYMENT,5.0,MEETUP,8,19:00-20:00,,,,2026-08-10 21:15:42
103318,1541,416,7,PENDING_PAYMENT,120.0,MEETUP,9,17:00-18:00,,,,2026-08-14 06:17:42
103319,3039,224,194,PENDING_PAYMENT,150.0,EXPRESS,,,468,SF,,2026-08-08 01:00:42
103320,1263,299,244,PENDING_PAYMENT,3.0,MEETUP,20,12:00-13:00,,,,2026-08-07 10:15:42
103321,958,174,338,PENDING_PAYMENT,100.0,MEETUP,19,18:00-19:00,,,,2026-08-12 04:54:42
103322,1990,263,798,PENDING_PAYMENT,1.0,MEETUP,26,12:00-13:00,,,,2026-08-07 13:30:42
103323,2529,632,572,PENDING_PAYMENT,8.0,MEETUP,18,17:00-18:00,,,,2026-08-15 04:39:42
103324,2340,635,248,PENDING_PAYMENT,200.0,EXPRESS,,,1264,SF,,2026-08-06 22:23:42
103325,3245,495,925,PENDING_PAYMENT,5.0,MEETUP,28,17:00-18:00,,,,2026-08-15 15:47:42
103326,899,587,46,PENDING_PAYMENT,15.0,EXPRESS,,,1174,SF,,2026-08-08 04:44:42
103327,253,62,624,PENDING_PAYMENT,15.0,MEETUP,1,17:00-18:00,,,,2026-08-07 13:26:42
103328,899,552,46,PENDING_PAYMENT,15.0,MEETUP,5,12:00-13:00,,,,2026-08-07 09:39:42
103329,3121,767,504,PENDING_PAYMENT,60.0,EXPRESS,,,1535,SF,,2026-08-16 03:32:42
103330,235,879,776,PENDING_PAYMENT,8.0,EXPRESS,,,1747,SF,,2026-08-14 20:47:42
103331,1028,259,413,PENDING_PAYMENT,50.0,EXPRESS,,,537,SF,,2026-08-12 16:51:42
103332,3281,507,456,PENDING_PAYMENT,200.0,MEETUP,26,19:00-20:00,,,,2026-08-12 08:53:42
103333,3242,512,92,PENDING_PAYMENT,60.0,EXPRESS,,,1044,SF,,2026-08-12 06:07:42
103334,901,101,998,PENDING_PAYMENT,3.0,EXPRESS,,,210,SF,,2026-08-09 19:19:42
103335,3103,598,857,PENDING_PAYMENT,2.0,MEETUP,20,12:00-13:00,,,,2026-08-15 18:16:42
103336,4551,792,827,PENDING_PAYMENT,20.0,MEETUP,23,19:00-20:00,,,,2026-08-13 00:34:42
103337,1263,469,244,PENDING_PAYMENT,3.0,MEETUP,24,19:00-20:00,,,,2026-08-09 09:49:42
103338,1560,47,133,PENDING_PAYMENT,20.0,EXPRESS,,,102,SF,,2026-08-16 10:26:42
103339,2074,759,272,PENDING_PAYMENT,2.0,EXPRESS,,,1518,SF,,2026-08-12 12:22:42
103340,1866,891,813,PENDING_PAYMENT,1.0,EXPRESS,,,1773,SF,,2026-08-07 18:04:42
103341,115,946,420,PENDING_PAYMENT,3.0,EXPRESS,,,1893,SF,,2026-08-13 05:11:42
103342,2600,793,938,PENDING_PAYMENT,80.0,MEETUP,21,12:00-13:00,,,,2026-08-10 15:22:42
103343,1673,341,944,PENDING_PAYMENT,20.0,EXPRESS,,,696,SF,,2026-08-07 05:00:42
103344,4748,723,77,PENDING_PAYMENT,12.0,EXPRESS,,,1439,SF,,2026-08-09 15:55:42
103345,3871,872,593,PENDING_PAYMENT,100.0,MEETUP,27,17:00-18:00,,,,2026-08-10 23:34:42
103346,2630,122,912,PENDING_PAYMENT,20.0,MEETUP,15,17:00-18:00,,,,2026-08-10 20:39:42
103347,3045,466,900,PENDING_PAYMENT,10.0,MEETUP,6,19:00-20:00,,,,2026-08-07 23:44:42
103348,4842,149,570,PENDING_PAYMENT,25.0,MEETUP,10,19:00-20:00,,,,2026-08-10 14:45:42
103349,4243,637,659,PENDING_PAYMENT,120.0,MEETUP,23,18:00-19:00,,,,2026-08-14 01:55:42
103350,1621,913,845,PENDING_PAYMENT,2.0,MEETUP,21,12:00-13:00,,,,2026-08-08 09:05:42
103351,3494,970,895,PENDING_PAYMENT,25.0,MEETUP,15,18:00-19:00,,,,2026-08-07 13:29:42
103352,2575,583,397,PENDING_PAYMENT,15.0,MEETUP,17,19:00-20:00,,,,2026-08-08 01:04:42
103353,4277,924,287,PENDING_PAYMENT,100.0,EXPRESS,,,1845,SF,,2026-08-08 15:22:42
103354,4559,602,11,PENDING_PAYMENT,10.0,EXPRESS,,,1204,SF,,2026-08-09 13:59:42
103355,3597,115,869,PENDING_PAYMENT,15.0,EXPRESS,,,235,SF,,2026-08-07 20:50:42
103356,2548,434,538,PENDING_PAYMENT,5.0,MEETUP,30,18:00-19:00,,,,2026-08-08 17:20:42
103357,122,373,846,PENDING_PAYMENT,8.0,EXPRESS,,,758,SF,,2026-08-10 12:40:42
103358,4843,969,205,PENDING_PAYMENT,2.0,MEETUP,21,17:00-18:00,,,,2026-08-07 02:50:42
103359,608,541,100,PENDING_PAYMENT,200.0,EXPRESS,,,1094,SF,,2026-08-11 20:42:42
103360,4356,23,275,PENDING_PAYMENT,3.0,MEETUP,3,12:00-13:00,,,,2026-08-12 19:22:42
103361,3221,344,978,PENDING_PAYMENT,50.0,MEETUP,7,12:00-13:00,,,,2026-08-09 22:06:42
103362,3105,415,217,PENDING_PAYMENT,150.0,EXPRESS,,,843,SF,,2026-08-09 08:49:42
103363,4541,954,562,PENDING_PAYMENT,150.0,EXPRESS,,,1909,SF,,2026-08-14 12:22:42
103364,697,315,465,PENDING_PAYMENT,60.0,MEETUP,1,19:00-20:00,,,,2026-08-10 05:40:42
103365,1131,134,212,PENDING_PAYMENT,10.0,EXPRESS,,,274,SF,,2026-08-15 05:55:42
103366,1053,968,916,PENDING_PAYMENT,50.0,MEETUP,7,19:00-20:00,,,,2026-08-09 00:15:42
103367,4767,271,207,PENDING_PAYMENT,60.0,EXPRESS,,,563,SF,,2026-08-11 09:58:42
103368,4832,362,903,PENDING_PAYMENT,1.0,MEETUP,23,17:00-18:00,,,,2026-08-14 10:15:42
103369,4697,565,470,PENDING_PAYMENT,120.0,EXPRESS,,,1140,SF,,2026-08-06 22:36:42
103370,1311,145,571,PENDING_PAYMENT,50.0,MEETUP,12,18:00-19:00,,,,2026-08-07 13:05:42
103371,4028,481,598,PENDING_PAYMENT,12.0,EXPRESS,,,973,SF,,2026-08-13 18:14:42
103372,4852,681,821,PENDING_PAYMENT,2.0,MEETUP,22,19:00-20:00,,,,2026-08-13 14:03:42
103373,4631,484,982,PENDING_PAYMENT,2.0,MEETUP,19,12:00-13:00,,,,2026-08-12 17:06:42
103374,1491,684,707,PENDING_PAYMENT,50.0,MEETUP,14,12:00-13:00,,,,2026-08-08 15:37:42
103375,3264,768,229,PENDING_PAYMENT,100.0,MEETUP,30,18:00-19:00,,,,2026-08-11 17:59:42
103376,3245,666,925,PENDING_PAYMENT,5.0,EXPRESS,,,1329,SF,,2026-08-11 09:53:42
103377,3956,603,263,PENDING_PAYMENT,8.0,MEETUP,8,19:00-20:00,,,,2026-08-16 08:25:42
103378,903,124,643,PENDING_PAYMENT,10.0,MEETUP,27,17:00-18:00,,,,2026-08-08 22:12:42
103379,1367,895,872,PENDING_PAYMENT,30.0,MEETUP,11,19:00-20:00,,,,2026-08-10 13:15:42
103380,2671,472,94,PENDING_PAYMENT,60.0,MEETUP,6,12:00-13:00,,,,2026-08-10 02:37:42
103381,2308,358,735,PENDING_PAYMENT,150.0,EXPRESS,,,729,SF,,2026-08-11 14:52:42
103382,802,201,495,PENDING_PAYMENT,8.0,MEETUP,6,12:00-13:00,,,,2026-08-11 03:06:42
103383,1667,999,503,PENDING_PAYMENT,2.0,EXPRESS,,,1992,SF,,2026-08-07 10:53:42
103384,1423,767,976,PENDING_PAYMENT,12.0,MEETUP,29,19:00-20:00,,,,2026-08-15 13:25:42
103385,3859,509,126,PENDING_PAYMENT,8.0,MEETUP,20,12:00-13:00,,,,2026-08-16 15:28:42
103386,2077,667,340,PENDING_PAYMENT,15.0,EXPRESS,,,1330,SF,,2026-08-08 14:03:42
103387,4405,143,603,PENDING_PAYMENT,20.0,MEETUP,22,17:00-18:00,,,,2026-08-09 13:58:42
103388,3207,362,248,PENDING_PAYMENT,1.0,EXPRESS,,,739,SF,,2026-08-11 13:16:42
103389,2047,656,425,PENDING_PAYMENT,120.0,MEETUP,16,19:00-20:00,,,,2026-08-09 11:42:42
103390,328,168,933,PENDING_PAYMENT,80.0,MEETUP,19,17:00-18:00,,,,2026-08-16 01:37:42
103391,4431,823,403,PENDING_PAYMENT,3.0,EXPRESS,,,1635,SF,,2026-08-15 16:30:42
103392,238,993,64,PENDING_PAYMENT,2.0,EXPRESS,,,1982,SF,,2026-08-15 05:37:42
103393,4995,284,746,PENDING_PAYMENT,150.0,MEETUP,1,17:00-18:00,,,,2026-08-09 02:51:42
103394,4181,707,958,PENDING_PAYMENT,100.0,MEETUP,6,18:00-19:00,,,,2026-08-14 09:36:42
103395,4393,910,81,PENDING_PAYMENT,3.0,EXPRESS,,,1812,SF,,2026-08-15 02:59:42
103396,1472,438,45,PENDING_PAYMENT,3.0,MEETUP,29,12:00-13:00,,,,2026-08-10 22:11:42
103397,2726,419,816,PENDING_PAYMENT,2.0,EXPRESS,,,855,SF,,2026-08-15 00:47:42
103398,87,78,231,PENDING_PAYMENT,50.0,MEETUP,9,18:00-19:00,,,,2026-08-12 15:27:42
103399,524,948,4,PENDING_PAYMENT,200.0,EXPRESS,,,1898,SF,,2026-08-12 12:01:42
103400,4801,387,620,PENDING_PAYMENT,1.0,MEETUP,18,12:00-13:00,,,,2026-08-08 20:21:42
103401,1560,69,133,PENDING_PAYMENT,20.0,EXPRESS,,,146,SF,,2026-08-13 10:19:42
103402,4876,851,405,PENDING_PAYMENT,150.0,MEETUP,22,19:00-20:00,,,,2026-08-14 05:18:42
103403,4920,378,19,PENDING_PAYMENT,8.0,MEETUP,28,12:00-13:00,,,,2026-08-13 13:55:42
103404,2729,536,185,PENDING_PAYMENT,60.0,EXPRESS,,,1088,SF,,2026-08-09 10:05:42
103405,4352,373,543,PENDING_PAYMENT,80.0,MEETUP,9,17:00-18:00,,,,2026-08-09 06:15:42
103406,2350,151,705,PENDING_PAYMENT,100.0,MEETUP,22,17:00-18:00,,,,2026-08-10 00:42:42
103407,4610,5,367,PENDING_PAYMENT,8.0,MEETUP,10,19:00-20:00,,,,2026-08-14 18:55:42
103408,4586,865,364,PENDING_PAYMENT,20.0,MEETUP,20,12:00-13:00,,,,2026-08-14 07:26:42
103409,1867,509,155,PENDING_PAYMENT,5.0,MEETUP,4,12:00-13:00,,,,2026-08-11 06:26:42
103410,1903,217,846,PENDING_PAYMENT,50.0,MEETUP,14,19:00-20:00,,,,2026-08-11 14:33:42
103411,3374,758,308,PENDING_PAYMENT,30.0,EXPRESS,,,1515,SF,,2026-08-10 19:02:42
103412,3051,975,614,PENDING_PAYMENT,3.0,MEETUP,10,17:00-18:00,,,,2026-08-11 11:32:42
103413,3265,348,84,PENDING_PAYMENT,1.0,MEETUP,5,19:00-20:00,,,,2026-08-09 16:35:42
103414,1985,766,104,PENDING_PAYMENT,3.0,EXPRESS,,,1534,SF,,2026-08-11 03:05:42
103415,2224,8,155,PENDING_PAYMENT,30.0,EXPRESS,,,21,SF,,2026-08-06 23:45:42
103416,3940,86,270,PENDING_PAYMENT,15.0,MEETUP,2,17:00-18:00,,,,2026-08-09 00:52:42
103417,4344,464,382,PENDING_PAYMENT,30.0,MEETUP,9,12:00-13:00,,,,2026-08-08 05:32:42
103418,3508,470,55,PENDING_PAYMENT,150.0,MEETUP,18,18:00-19:00,,,,2026-08-09 19:36:42
103419,4260,561,618,PENDING_PAYMENT,15.0,MEETUP,24,12:00-13:00,,,,2026-08-14 21:47:42
103420,2663,747,874,PENDING_PAYMENT,20.0,MEETUP,20,12:00-13:00,,,,2026-08-11 12:44:42
103421,902,903,725,PENDING_PAYMENT,120.0,EXPRESS,,,1801,SF,,2026-08-07 06:43:42
103422,3407,30,807,PENDING_PAYMENT,3.0,EXPRESS,,,61,SF,,2026-08-14 09:33:42
103423,698,860,336,PENDING_PAYMENT,150.0,EXPRESS,,,1708,SF,,2026-08-07 09:19:42
103424,2252,973,900,PENDING_PAYMENT,50.0,EXPRESS,,,1947,SF,,2026-08-08 11:08:42
103425,639,338,690,PENDING_PAYMENT,100.0,MEETUP,29,17:00-18:00,,,,2026-08-07 23:29:42
103426,92,108,356,PENDING_PAYMENT,120.0,MEETUP,12,17:00-18:00,,,,2026-08-08 14:44:42
103427,3602,682,760,PENDING_PAYMENT,20.0,EXPRESS,,,1361,SF,,2026-08-12 00:11:42
103428,2663,844,874,PENDING_PAYMENT,20.0,EXPRESS,,,1677,SF,,2026-08-10 04:00:42
103429,2531,733,587,PENDING_PAYMENT,10.0,EXPRESS,,,1456,SF,,2026-08-13 06:42:42
103430,1288,930,634,PENDING_PAYMENT,120.0,MEETUP,26,18:00-19:00,,,,2026-08-16 11:46:42
103431,2370,979,790,PENDING_PAYMENT,50.0,EXPRESS,,,1960,SF,,2026-08-09 01:57:42
103432,1018,512,914,PENDING_PAYMENT,2.0,MEETUP,23,17:00-18:00,,,,2026-08-14 06:32:42
103433,3905,84,594,PENDING_PAYMENT,120.0,MEETUP,10,12:00-13:00,,,,2026-08-08 03:42:42
103434,2422,767,15,PENDING_PAYMENT,3.0,EXPRESS,,,1535,SF,,2026-08-09 02:36:42
103435,1241,390,587,PENDING_PAYMENT,8.0,EXPRESS,,,788,SF,,2026-08-07 02:00:42
103436,2536,233,1000,PENDING_PAYMENT,100.0,EXPRESS,,,485,SF,,2026-08-16 16:25:42
103437,802,690,495,PENDING_PAYMENT,8.0,MEETUP,3,18:00-19:00,,,,2026-08-14 11:52:42
103438,4580,72,302,PENDING_PAYMENT,120.0,MEETUP,24,19:00-20:00,,,,2026-08-14 06:52:42
103439,1916,739,317,PENDING_PAYMENT,1.0,EXPRESS,,,1469,SF,,2026-08-13 15:27:42
103440,4219,629,337,PENDING_PAYMENT,60.0,MEETUP,6,17:00-18:00,,,,2026-08-10 03:40:42
103441,4848,849,871,PENDING_PAYMENT,150.0,EXPRESS,,,1687,SF,,2026-08-10 00:18:42
103442,3502,623,690,PENDING_PAYMENT,8.0,MEETUP,24,19:00-20:00,,,,2026-08-08 04:08:42
103443,297,18,493,PENDING_PAYMENT,200.0,MEETUP,29,19:00-20:00,,,,2026-08-12 08:43:42
103444,4407,733,141,PENDING_PAYMENT,20.0,MEETUP,5,17:00-18:00,,,,2026-08-14 23:25:42
103445,2531,1,587,PENDING_PAYMENT,10.0,MEETUP,17,17:00-18:00,,,,2026-08-13 16:30:42
103446,2196,254,956,PENDING_PAYMENT,1.0,MEETUP,8,18:00-19:00,,,,2026-08-07 17:51:42
103447,4509,74,583,PENDING_PAYMENT,2.0,MEETUP,1,17:00-18:00,,,,2026-08-14 22:52:42
103448,2863,62,639,PENDING_PAYMENT,30.0,MEETUP,11,17:00-18:00,,,,2026-08-08 16:45:42
103449,74,865,912,PENDING_PAYMENT,150.0,EXPRESS,,,1718,SF,,2026-08-09 22:19:42
103450,3585,831,364,PENDING_PAYMENT,150.0,EXPRESS,,,1651,SF,,2026-08-07 11:11:42
103451,3256,714,453,PENDING_PAYMENT,5.0,EXPRESS,,,1422,SF,,2026-08-12 07:35:42
103452,1369,797,447,PENDING_PAYMENT,10.0,MEETUP,27,12:00-13:00,,,,2026-08-07 19:59:42
103453,2576,910,648,PENDING_PAYMENT,200.0,EXPRESS,,,1813,SF,,2026-08-12 02:28:42
103454,1934,306,892,PENDING_PAYMENT,5.0,EXPRESS,,,633,SF,,2026-08-08 11:44:42
103455,4861,341,92,PENDING_PAYMENT,25.0,MEETUP,13,12:00-13:00,,,,2026-08-07 20:49:42
103456,391,998,999,PENDING_PAYMENT,200.0,EXPRESS,,,1991,SF,,2026-08-13 20:25:42
103457,3396,90,237,PENDING_PAYMENT,2.0,MEETUP,6,18:00-19:00,,,,2026-08-14 03:38:42
103458,1752,281,776,PENDING_PAYMENT,15.0,MEETUP,24,18:00-19:00,,,,2026-08-14 10:42:42
103459,2657,739,451,PENDING_PAYMENT,200.0,MEETUP,26,18:00-19:00,,,,2026-08-08 14:59:42
103460,2390,558,205,PENDING_PAYMENT,200.0,EXPRESS,,,1124,SF,,2026-08-06 21:30:42
103461,4175,203,287,PENDING_PAYMENT,3.0,MEETUP,18,18:00-19:00,,,,2026-08-07 13:38:42
103462,1971,286,547,PENDING_PAYMENT,200.0,EXPRESS,,,597,SF,,2026-08-09 14:35:42
103463,3681,455,916,PENDING_PAYMENT,5.0,MEETUP,1,19:00-20:00,,,,2026-08-13 01:32:42
103464,2976,652,668,PENDING_PAYMENT,100.0,EXPRESS,,,1299,SF,,2026-08-07 17:21:42
103465,468,397,994,PENDING_PAYMENT,8.0,MEETUP,21,18:00-19:00,,,,2026-08-13 20:34:42
103466,4491,486,310,PENDING_PAYMENT,80.0,EXPRESS,,,988,SF,,2026-08-14 06:44:42
103467,2809,658,227,PENDING_PAYMENT,150.0,EXPRESS,,,1313,SF,,2026-08-14 14:19:42
103468,4094,514,223,PENDING_PAYMENT,3.0,MEETUP,30,18:00-19:00,,,,2026-08-07 23:03:42
103469,747,564,113,PENDING_PAYMENT,3.0,MEETUP,29,18:00-19:00,,,,2026-08-11 07:41:42
103470,3637,176,999,PENDING_PAYMENT,30.0,EXPRESS,,,366,SF,,2026-08-16 17:17:42
103471,1345,982,90,PENDING_PAYMENT,5.0,EXPRESS,,,1964,SF,,2026-08-14 01:55:42
103472,4094,974,223,PENDING_PAYMENT,3.0,MEETUP,16,19:00-20:00,,,,2026-08-15 02:22:42
103473,754,349,413,PENDING_PAYMENT,30.0,EXPRESS,,,713,SF,,2026-08-14 14:26:42
103474,4814,716,765,PENDING_PAYMENT,25.0,MEETUP,12,19:00-20:00,,,,2026-08-14 08:33:42
103475,4837,96,907,PENDING_PAYMENT,100.0,EXPRESS,,,200,SF,,2026-08-12 12:39:42
103476,3332,474,585,PENDING_PAYMENT,30.0,MEETUP,20,19:00-20:00,,,,2026-08-13 02:17:42
103477,1683,648,833,PENDING_PAYMENT,5.0,MEETUP,22,12:00-13:00,,,,2026-08-14 02:50:42
103478,851,20,408,PENDING_PAYMENT,150.0,MEETUP,18,12:00-13:00,,,,2026-08-15 11:01:42
103479,4196,657,656,PENDING_PAYMENT,80.0,MEETUP,12,17:00-18:00,,,,2026-08-16 05:43:42
103480,2786,508,426,PENDING_PAYMENT,8.0,MEETUP,22,18:00-19:00,,,,2026-08-13 09:38:42
103481,258,260,811,PENDING_PAYMENT,200.0,MEETUP,6,12:00-13:00,,,,2026-08-09 04:44:42
103482,490,469,210,PENDING_PAYMENT,25.0,EXPRESS,,,954,SF,,2026-08-09 14:01:42
103483,1147,486,28,PENDING_PAYMENT,200.0,EXPRESS,,,989,SF,,2026-08-12 11:19:42
103484,539,115,31,PENDING_PAYMENT,15.0,EXPRESS,,,235,SF,,2026-08-14 01:41:42
103485,3653,334,641,PENDING_PAYMENT,1.0,MEETUP,19,17:00-18:00,,,,2026-08-08 04:55:42
103486,2088,542,808,PENDING_PAYMENT,80.0,EXPRESS,,,1095,SF,,2026-08-07 12:22:42
103487,4622,510,264,PENDING_PAYMENT,8.0,EXPRESS,,,1038,SF,,2026-08-10 15:17:42
103488,3546,929,984,PENDING_PAYMENT,2.0,EXPRESS,,,1858,SF,,2026-08-10 01:58:42
103489,3653,720,641,PENDING_PAYMENT,1.0,EXPRESS,,,1435,SF,,2026-08-11 19:48:42
103490,703,529,635,PENDING_PAYMENT,10.0,EXPRESS,,,1077,SF,,2026-08-10 13:18:42
103491,3627,672,148,PENDING_PAYMENT,80.0,EXPRESS,,,1343,SF,,2026-08-07 04:08:42
103492,762,416,689,PENDING_PAYMENT,20.0,MEETUP,16,12:00-13:00,,,,2026-08-16 13:11:42
103493,3591,441,580,PENDING_PAYMENT,80.0,MEETUP,29,12:00-13:00,,,,2026-08-07 17:48:42
103494,2940,500,646,PENDING_PAYMENT,60.0,MEETUP,24,12:00-13:00,,,,2026-08-12 07:46:42
103495,1539,930,841,PENDING_PAYMENT,15.0,MEETUP,19,12:00-13:00,,,,2026-08-13 10:13:42
103496,1721,746,654,PENDING_PAYMENT,30.0,EXPRESS,,,1485,SF,,2026-08-09 09:29:42
103497,4016,850,177,PENDING_PAYMENT,5.0,EXPRESS,,,1688,SF,,2026-08-11 09:46:42
103498,502,908,942,PENDING_PAYMENT,20.0,EXPRESS,,,1810,SF,,2026-08-10 09:33:42
103499,496,450,796,PENDING_PAYMENT,25.0,MEETUP,16,17:00-18:00,,,,2026-08-15 02:51:42
103500,2512,275,797,PENDING_PAYMENT,80.0,MEETUP,3,12:00-13:00,,,,2026-08-13 21:55:42
103501,4823,753,731,PENDING_PAYMENT,80.0,MEETUP,21,12:00-13:00,,,,2026-08-10 03:37:42
103502,2510,215,848,PENDING_PAYMENT,15.0,EXPRESS,,,450,SF,,2026-08-07 11:35:42
103503,1627,535,383,PENDING_PAYMENT,5.0,EXPRESS,,,1086,SF,,2026-08-12 18:28:42
103504,4263,350,860,PENDING_PAYMENT,120.0,MEETUP,23,12:00-13:00,,,,2026-08-13 07:56:42
103505,1146,829,40,PENDING_PAYMENT,2.0,EXPRESS,,,1648,SF,,2026-08-13 20:38:42
103506,3601,921,534,PENDING_PAYMENT,200.0,MEETUP,6,12:00-13:00,,,,2026-08-09 04:52:42
103507,1053,340,916,PENDING_PAYMENT,50.0,MEETUP,18,17:00-18:00,,,,2026-08-09 18:56:42
103508,4757,510,988,PENDING_PAYMENT,5.0,EXPRESS,,,1040,SF,,2026-08-15 18:17:42
103509,4941,957,393,PENDING_PAYMENT,2.0,MEETUP,22,17:00-18:00,,,,2026-08-16 01:17:42
103510,3232,587,476,PENDING_PAYMENT,150.0,EXPRESS,,,1174,SF,,2026-08-11 16:25:42
103511,2308,637,735,PENDING_PAYMENT,150.0,MEETUP,9,18:00-19:00,,,,2026-08-11 00:05:42
103512,1388,366,612,PENDING_PAYMENT,20.0,MEETUP,24,18:00-19:00,,,,2026-08-10 18:34:42
103513,4434,743,802,PENDING_PAYMENT,15.0,MEETUP,4,18:00-19:00,,,,2026-08-14 11:09:42
103514,3376,111,821,PENDING_PAYMENT,50.0,MEETUP,16,19:00-20:00,,,,2026-08-11 11:36:42
103515,1500,264,205,PENDING_PAYMENT,20.0,EXPRESS,,,549,SF,,2026-08-15 13:59:42
103516,2925,813,546,PENDING_PAYMENT,8.0,MEETUP,23,19:00-20:00,,,,2026-08-08 07:20:42
103517,3467,702,472,PENDING_PAYMENT,2.0,EXPRESS,,,1399,SF,,2026-08-13 15:48:42
103518,2194,835,513,PENDING_PAYMENT,8.0,EXPRESS,,,1659,SF,,2026-08-13 00:11:42
103519,1164,723,703,PENDING_PAYMENT,100.0,MEETUP,25,19:00-20:00,,,,2026-08-09 17:22:42
103520,1614,615,700,PENDING_PAYMENT,150.0,EXPRESS,,,1228,SF,,2026-08-12 18:28:42
103521,2024,331,92,PENDING_PAYMENT,3.0,MEETUP,13,12:00-13:00,,,,2026-08-07 01:57:42
103522,2547,765,692,PENDING_PAYMENT,8.0,MEETUP,21,18:00-19:00,,,,2026-08-10 20:39:42
103523,4571,194,84,PENDING_PAYMENT,1.0,MEETUP,24,17:00-18:00,,,,2026-08-08 05:52:42
103524,3468,333,817,PENDING_PAYMENT,2.0,EXPRESS,,,684,SF,,2026-08-14 01:48:42
103525,1077,71,953,PENDING_PAYMENT,100.0,EXPRESS,,,148,SF,,2026-08-09 06:30:42
103526,4054,256,492,PENDING_PAYMENT,10.0,MEETUP,10,12:00-13:00,,,,2026-08-09 00:58:42
103527,1449,313,919,PENDING_PAYMENT,2.0,MEETUP,7,19:00-20:00,,,,2026-08-15 06:55:42
103528,3484,873,541,PENDING_PAYMENT,120.0,MEETUP,2,17:00-18:00,,,,2026-08-11 01:03:42
103529,1951,939,79,PENDING_PAYMENT,15.0,EXPRESS,,,1880,SF,,2026-08-10 00:56:42
103530,1225,689,845,PENDING_PAYMENT,10.0,EXPRESS,,,1373,SF,,2026-08-10 12:08:42
103531,4243,646,659,PENDING_PAYMENT,120.0,MEETUP,27,18:00-19:00,,,,2026-08-10 05:51:42
103532,882,502,454,PENDING_PAYMENT,2.0,EXPRESS,,,1018,SF,,2026-08-13 01:57:42
103533,3620,414,672,PENDING_PAYMENT,8.0,EXPRESS,,,842,SF,,2026-08-10 09:37:42
103534,1697,237,818,PENDING_PAYMENT,30.0,MEETUP,23,17:00-18:00,,,,2026-08-11 10:24:42
103535,3072,19,390,PENDING_PAYMENT,12.0,MEETUP,1,19:00-20:00,,,,2026-08-07 11:12:42
103536,3851,406,158,PENDING_PAYMENT,150.0,MEETUP,6,18:00-19:00,,,,2026-08-15 08:57:42
103537,594,633,549,PENDING_PAYMENT,120.0,MEETUP,24,12:00-13:00,,,,2026-08-14 08:54:42
103538,4042,802,339,PENDING_PAYMENT,1.0,EXPRESS,,,1598,SF,,2026-08-09 12:10:42
103539,1953,334,953,PENDING_PAYMENT,100.0,MEETUP,26,17:00-18:00,,,,2026-08-16 05:25:42
103540,1256,854,413,PENDING_PAYMENT,60.0,MEETUP,22,17:00-18:00,,,,2026-08-09 02:49:42
103541,2087,426,971,PENDING_PAYMENT,8.0,EXPRESS,,,872,SF,,2026-08-10 03:50:42
103542,2446,582,853,PENDING_PAYMENT,50.0,MEETUP,18,19:00-20:00,,,,2026-08-12 01:21:42
103543,3873,534,326,PENDING_PAYMENT,150.0,EXPRESS,,,1085,SF,,2026-08-08 16:01:42
103544,1278,581,50,PENDING_PAYMENT,15.0,EXPRESS,,,1167,SF,,2026-08-11 03:01:42
103545,3414,950,447,PENDING_PAYMENT,1.0,MEETUP,21,17:00-18:00,,,,2026-08-12 00:49:42
103546,1043,918,950,PENDING_PAYMENT,15.0,EXPRESS,,,1833,SF,,2026-08-07 18:45:42
103547,3003,616,105,PENDING_PAYMENT,3.0,EXPRESS,,,1229,SF,,2026-08-10 05:36:42
103548,79,83,161,PENDING_PAYMENT,2.0,EXPRESS,,,175,SF,,2026-08-08 00:52:42
103549,4864,717,720,PENDING_PAYMENT,60.0,MEETUP,4,17:00-18:00,,,,2026-08-15 21:44:42
103550,4583,496,439,PENDING_PAYMENT,80.0,MEETUP,30,17:00-18:00,,,,2026-08-13 22:52:42
103551,3492,843,154,PENDING_PAYMENT,50.0,EXPRESS,,,1674,SF,,2026-08-12 05:00:42
103552,3932,642,464,PENDING_PAYMENT,5.0,MEETUP,7,12:00-13:00,,,,2026-08-14 02:29:42
103553,4889,822,62,PENDING_PAYMENT,20.0,MEETUP,22,17:00-18:00,,,,2026-08-14 15:38:42
103554,4056,752,996,PENDING_PAYMENT,50.0,EXPRESS,,,1500,SF,,2026-08-11 13:11:42
103555,4197,310,492,PENDING_PAYMENT,120.0,MEETUP,23,19:00-20:00,,,,2026-08-13 13:01:42
103556,1169,930,710,PENDING_PAYMENT,30.0,MEETUP,3,19:00-20:00,,,,2026-08-15 21:33:42
103557,395,453,99,PENDING_PAYMENT,25.0,EXPRESS,,,922,SF,,2026-08-08 18:38:42
103558,3956,843,263,PENDING_PAYMENT,8.0,EXPRESS,,,1674,SF,,2026-08-14 06:38:42
103559,1047,571,512,PENDING_PAYMENT,25.0,EXPRESS,,,1150,SF,,2026-08-16 07:08:42
103560,1933,147,231,PENDING_PAYMENT,5.0,EXPRESS,,,305,SF,,2026-08-10 04:17:42
103561,498,113,162,PENDING_PAYMENT,12.0,EXPRESS,,,233,SF,,2026-08-15 01:49:42
103562,2190,480,327,PENDING_PAYMENT,20.0,EXPRESS,,,972,SF,,2026-08-14 13:50:42
103563,2132,783,511,PENDING_PAYMENT,60.0,EXPRESS,,,1560,SF,,2026-08-14 18:58:42
103564,4715,367,4,PENDING_PAYMENT,12.0,MEETUP,14,19:00-20:00,,,,2026-08-11 12:43:42
103565,213,402,993,PENDING_PAYMENT,10.0,EXPRESS,,,812,SF,,2026-08-12 23:00:42
103566,2646,925,179,PENDING_PAYMENT,10.0,EXPRESS,,,1848,SF,,2026-08-08 19:34:42
103567,2909,434,981,PENDING_PAYMENT,8.0,MEETUP,29,18:00-19:00,,,,2026-08-12 13:26:42
103568,3969,890,962,PENDING_PAYMENT,1.0,MEETUP,29,18:00-19:00,,,,2026-08-11 16:28:42
103569,4367,688,104,PENDING_PAYMENT,200.0,EXPRESS,,,1371,SF,,2026-08-16 18:51:42
103570,4559,280,11,PENDING_PAYMENT,10.0,EXPRESS,,,585,SF,,2026-08-10 09:15:42
103571,4229,710,143,PENDING_PAYMENT,3.0,MEETUP,8,18:00-19:00,,,,2026-08-10 04:08:42
103572,3477,119,26,PENDING_PAYMENT,3.0,MEETUP,12,19:00-20:00,,,,2026-08-12 17:35:42
103573,4408,505,943,PENDING_PAYMENT,60.0,MEETUP,10,17:00-18:00,,,,2026-08-13 20:44:42
103574,2944,958,330,PENDING_PAYMENT,10.0,MEETUP,18,19:00-20:00,,,,2026-08-14 21:22:42
103575,1015,988,303,PENDING_PAYMENT,2.0,EXPRESS,,,1974,SF,,2026-08-15 09:58:42
103576,1861,53,18,PENDING_PAYMENT,60.0,MEETUP,24,17:00-18:00,,,,2026-08-16 06:23:42
103577,625,567,228,PENDING_PAYMENT,80.0,MEETUP,14,12:00-13:00,,,,2026-08-14 10:22:42
103578,3771,813,415,PENDING_PAYMENT,150.0,MEETUP,22,17:00-18:00,,,,2026-08-09 12:20:42
103579,4452,764,678,PENDING_PAYMENT,20.0,EXPRESS,,,1531,SF,,2026-08-11 22:53:42
103580,261,808,366,PENDING_PAYMENT,3.0,MEETUP,10,17:00-18:00,,,,2026-08-14 10:55:42
103581,2810,38,329,PENDING_PAYMENT,120.0,EXPRESS,,,82,SF,,2026-08-15 15:40:42
103582,4362,49,641,PENDING_PAYMENT,20.0,MEETUP,21,12:00-13:00,,,,2026-08-13 03:19:42
103583,3823,699,713,PENDING_PAYMENT,3.0,MEETUP,9,12:00-13:00,,,,2026-08-09 10:44:42
103584,1062,681,371,PENDING_PAYMENT,12.0,EXPRESS,,,1360,SF,,2026-08-12 01:21:42
103585,2814,116,526,PENDING_PAYMENT,150.0,MEETUP,4,12:00-13:00,,,,2026-08-14 16:07:42
103586,933,814,88,PENDING_PAYMENT,5.0,MEETUP,22,17:00-18:00,,,,2026-08-12 17:27:42
103587,4143,65,201,PENDING_PAYMENT,5.0,EXPRESS,,,138,SF,,2026-08-09 21:07:42
103588,3253,254,276,PENDING_PAYMENT,15.0,MEETUP,30,19:00-20:00,,,,2026-08-11 00:43:42
103589,2166,526,238,PENDING_PAYMENT,20.0,EXPRESS,,,1071,SF,,2026-08-10 21:40:42
103590,2669,680,951,PENDING_PAYMENT,3.0,EXPRESS,,,1359,SF,,2026-08-08 04:15:42
103591,4767,599,207,PENDING_PAYMENT,60.0,EXPRESS,,,1196,SF,,2026-08-14 11:22:42
103592,3583,437,557,PENDING_PAYMENT,12.0,EXPRESS,,,890,SF,,2026-08-07 04:13:42
103593,2138,646,513,PENDING_PAYMENT,200.0,MEETUP,5,18:00-19:00,,,,2026-08-12 16:00:42
103594,3633,997,200,PENDING_PAYMENT,5.0,EXPRESS,,,1988,SF,,2026-08-06 20:04:42
103595,3477,874,26,PENDING_PAYMENT,3.0,EXPRESS,,,1737,SF,,2026-08-11 11:29:42
103596,1135,878,461,PENDING_PAYMENT,25.0,MEETUP,25,12:00-13:00,,,,2026-08-14 03:41:42
103597,2748,565,744,PENDING_PAYMENT,20.0,MEETUP,2,19:00-20:00,,,,2026-08-07 17:46:42
103598,2404,497,937,PENDING_PAYMENT,80.0,EXPRESS,,,1009,SF,,2026-08-08 22:05:42
103599,46,942,296,PENDING_PAYMENT,120.0,EXPRESS,,,1887,SF,,2026-08-16 13:06:42
103600,559,270,714,PENDING_PAYMENT,12.0,EXPRESS,,,561,SF,,2026-08-11 08:02:42
103601,282,928,239,PENDING_PAYMENT,1.0,MEETUP,21,18:00-19:00,,,,2026-08-07 22:06:42
103602,1149,211,239,PENDING_PAYMENT,150.0,EXPRESS,,,444,SF,,2026-08-08 23:19:42
103603,1838,126,759,PENDING_PAYMENT,2.0,EXPRESS,,,258,SF,,2026-08-09 08:37:42
103604,1543,90,957,PENDING_PAYMENT,5.0,EXPRESS,,,189,SF,,2026-08-10 03:05:42
103605,4553,202,344,PENDING_PAYMENT,30.0,EXPRESS,,,424,SF,,2026-08-10 18:12:42
103606,3210,586,742,PENDING_PAYMENT,1.0,EXPRESS,,,1173,SF,,2026-08-06 23:09:42
103607,1032,799,682,PENDING_PAYMENT,120.0,EXPRESS,,,1592,SF,,2026-08-16 01:45:42
103608,2637,799,99,PENDING_PAYMENT,80.0,MEETUP,21,12:00-13:00,,,,2026-08-16 07:38:42
103609,1809,65,16,PENDING_PAYMENT,8.0,EXPRESS,,,139,SF,,2026-08-16 10:52:42
103610,2168,880,287,PENDING_PAYMENT,2.0,MEETUP,6,17:00-18:00,,,,2026-08-12 17:00:42
103611,3571,866,465,PENDING_PAYMENT,10.0,EXPRESS,,,1721,SF,,2026-08-10 18:06:42
103612,3318,259,579,PENDING_PAYMENT,25.0,MEETUP,13,18:00-19:00,,,,2026-08-10 13:26:42
103613,4317,568,173,PENDING_PAYMENT,1.0,EXPRESS,,,1145,SF,,2026-08-13 02:55:42
103614,37,209,1000,PENDING_PAYMENT,30.0,MEETUP,4,17:00-18:00,,,,2026-08-09 07:22:42
103615,3745,517,664,PENDING_PAYMENT,80.0,MEETUP,15,19:00-20:00,,,,2026-08-10 04:27:42
103616,2884,553,723,PENDING_PAYMENT,200.0,MEETUP,4,17:00-18:00,,,,2026-08-15 14:18:42
103617,4005,523,323,PENDING_PAYMENT,8.0,EXPRESS,,,1066,SF,,2026-08-14 00:28:42
103618,2168,538,287,PENDING_PAYMENT,2.0,MEETUP,19,19:00-20:00,,,,2026-08-14 20:48:42
103619,1677,604,948,PENDING_PAYMENT,15.0,EXPRESS,,,1207,SF,,2026-08-12 11:37:42
103620,468,333,994,PENDING_PAYMENT,8.0,EXPRESS,,,684,SF,,2026-08-09 21:44:42
103621,2658,968,134,PENDING_PAYMENT,150.0,EXPRESS,,,1940,SF,,2026-08-08 17:05:42
103622,4193,883,313,PENDING_PAYMENT,5.0,MEETUP,25,19:00-20:00,,,,2026-08-08 06:17:42
103623,3977,489,156,PENDING_PAYMENT,50.0,MEETUP,25,19:00-20:00,,,,2026-08-13 05:54:42
103624,2982,108,810,PENDING_PAYMENT,80.0,MEETUP,1,17:00-18:00,,,,2026-08-11 12:33:42
103625,4606,964,314,PENDING_PAYMENT,100.0,MEETUP,20,18:00-19:00,,,,2026-08-14 08:23:42
103626,501,54,908,PENDING_PAYMENT,5.0,MEETUP,30,19:00-20:00,,,,2026-08-13 16:22:42
103627,338,800,75,PENDING_PAYMENT,80.0,MEETUP,19,19:00-20:00,,,,2026-08-13 12:09:42
103628,634,946,667,PENDING_PAYMENT,8.0,EXPRESS,,,1894,SF,,2026-08-10 23:41:42
103629,3708,224,451,PENDING_PAYMENT,50.0,EXPRESS,,,467,SF,,2026-08-15 16:58:42
103630,1717,532,995,PENDING_PAYMENT,30.0,MEETUP,1,19:00-20:00,,,,2026-08-14 20:17:42
103631,2746,513,465,PENDING_PAYMENT,60.0,EXPRESS,,,1046,SF,,2026-08-16 15:17:42
103632,1478,846,541,PENDING_PAYMENT,5.0,EXPRESS,,,1682,SF,,2026-08-15 01:16:42
103633,1284,245,912,PENDING_PAYMENT,120.0,EXPRESS,,,506,SF,,2026-08-14 13:37:42
103634,3782,86,676,PENDING_PAYMENT,150.0,EXPRESS,,,181,SF,,2026-08-15 08:50:42
103635,2765,908,563,PENDING_PAYMENT,1.0,MEETUP,17,18:00-19:00,,,,2026-08-12 01:07:42
103636,4751,364,403,PENDING_PAYMENT,100.0,EXPRESS,,,741,SF,,2026-08-14 22:57:42
103637,3355,649,870,PENDING_PAYMENT,12.0,MEETUP,5,12:00-13:00,,,,2026-08-13 02:28:42
103638,4446,406,373,PENDING_PAYMENT,30.0,MEETUP,21,12:00-13:00,,,,2026-08-08 11:19:42
103639,2509,741,454,PENDING_PAYMENT,10.0,EXPRESS,,,1475,SF,,2026-08-13 19:24:42
103640,820,148,119,PENDING_PAYMENT,120.0,MEETUP,9,17:00-18:00,,,,2026-08-12 18:22:42
103641,1434,510,424,PENDING_PAYMENT,25.0,EXPRESS,,,1039,SF,,2026-08-14 23:22:42
103642,1001,435,426,PENDING_PAYMENT,3.0,EXPRESS,,,888,SF,,2026-08-13 12:15:42
103643,3881,207,602,PENDING_PAYMENT,5.0,MEETUP,20,12:00-13:00,,,,2026-08-16 00:53:42
103644,3275,179,164,PENDING_PAYMENT,1.0,MEETUP,28,17:00-18:00,,,,2026-08-07 17:39:42
103645,819,14,554,PENDING_PAYMENT,100.0,EXPRESS,,,31,SF,,2026-08-10 11:42:42
103646,927,288,790,PENDING_PAYMENT,150.0,EXPRESS,,,604,SF,,2026-08-09 12:54:42
103647,405,739,649,PENDING_PAYMENT,2.0,MEETUP,13,18:00-19:00,,,,2026-08-10 16:00:42
103648,612,321,707,PENDING_PAYMENT,15.0,EXPRESS,,,659,SF,,2026-08-16 02:16:42
103649,3430,894,319,PENDING_PAYMENT,20.0,EXPRESS,,,1780,SF,,2026-08-10 11:51:42
103650,4713,299,930,PENDING_PAYMENT,10.0,EXPRESS,,,620,SF,,2026-08-12 19:28:42
103651,1051,108,469,PENDING_PAYMENT,10.0,MEETUP,7,19:00-20:00,,,,2026-08-14 20:31:42
103652,2744,276,99,PENDING_PAYMENT,3.0,MEETUP,17,18:00-19:00,,,,2026-08-12 15:14:42
103653,1057,446,799,PENDING_PAYMENT,10.0,MEETUP,6,19:00-20:00,,,,2026-08-14 11:25:42
103654,3416,210,762,PENDING_PAYMENT,25.0,EXPRESS,,,441,SF,,2026-08-07 06:03:42
103655,1339,859,509,PENDING_PAYMENT,50.0,EXPRESS,,,1707,SF,,2026-08-10 22:10:42
103656,1697,341,818,PENDING_PAYMENT,30.0,MEETUP,23,17:00-18:00,,,,2026-08-08 20:26:42
103657,2145,894,573,PENDING_PAYMENT,150.0,MEETUP,16,19:00-20:00,,,,2026-08-10 04:57:42
103658,382,950,859,PENDING_PAYMENT,30.0,EXPRESS,,,1902,SF,,2026-08-12 07:10:42
103659,4696,170,233,PENDING_PAYMENT,25.0,EXPRESS,,,353,SF,,2026-08-12 00:34:42
103660,568,464,367,PENDING_PAYMENT,1.0,EXPRESS,,,945,SF,,2026-08-14 09:07:42
103661,4822,247,567,PENDING_PAYMENT,15.0,MEETUP,16,17:00-18:00,,,,2026-08-08 10:21:42
103662,4465,826,592,PENDING_PAYMENT,25.0,EXPRESS,,,1641,SF,,2026-08-15 18:00:42
103663,464,674,887,PENDING_PAYMENT,100.0,EXPRESS,,,1348,SF,,2026-08-12 01:02:42
103664,1163,974,409,PENDING_PAYMENT,12.0,EXPRESS,,,1950,SF,,2026-08-09 23:53:42
103665,4533,470,768,PENDING_PAYMENT,5.0,MEETUP,7,12:00-13:00,,,,2026-08-07 04:46:42
103666,4178,354,982,PENDING_PAYMENT,25.0,MEETUP,5,12:00-13:00,,,,2026-08-08 13:52:42
103667,3298,300,382,PENDING_PAYMENT,150.0,EXPRESS,,,621,SF,,2026-08-14 01:58:42
103668,4249,697,444,PENDING_PAYMENT,120.0,MEETUP,14,18:00-19:00,,,,2026-08-09 01:29:42
103669,310,743,159,PENDING_PAYMENT,120.0,MEETUP,12,12:00-13:00,,,,2026-08-12 11:16:42
103670,1763,769,393,PENDING_PAYMENT,120.0,MEETUP,21,19:00-20:00,,,,2026-08-07 05:25:42
103671,2736,840,306,PENDING_PAYMENT,150.0,MEETUP,10,18:00-19:00,,,,2026-08-10 10:15:42
103672,1716,727,584,PENDING_PAYMENT,3.0,MEETUP,16,19:00-20:00,,,,2026-08-14 17:26:42
103673,4198,49,254,PENDING_PAYMENT,50.0,MEETUP,18,17:00-18:00,,,,2026-08-08 19:41:42
103674,4642,546,954,PENDING_PAYMENT,2.0,MEETUP,19,18:00-19:00,,,,2026-08-13 03:26:42
103675,2534,458,187,PENDING_PAYMENT,15.0,EXPRESS,,,934,SF,,2026-08-16 08:59:42
103676,2781,839,99,PENDING_PAYMENT,30.0,MEETUP,2,18:00-19:00,,,,2026-08-07 20:42:42
103677,3989,564,593,PENDING_PAYMENT,60.0,EXPRESS,,,1138,SF,,2026-08-08 05:53:42
103678,499,971,72,PENDING_PAYMENT,2.0,EXPRESS,,,1945,SF,,2026-08-14 07:51:42
103679,4347,526,510,PENDING_PAYMENT,25.0,EXPRESS,,,1071,SF,,2026-08-11 07:54:42
103680,4028,483,598,PENDING_PAYMENT,12.0,EXPRESS,,,979,SF,,2026-08-07 00:03:42
103681,3029,671,556,PENDING_PAYMENT,80.0,MEETUP,24,12:00-13:00,,,,2026-08-08 16:37:42
103682,4329,915,636,PENDING_PAYMENT,1.0,MEETUP,11,12:00-13:00,,,,2026-08-14 05:06:42
103683,2896,159,311,PENDING_PAYMENT,15.0,EXPRESS,,,331,SF,,2026-08-10 23:27:42
103684,1820,5,482,PENDING_PAYMENT,1.0,EXPRESS,,,14,SF,,2026-08-09 03:20:42
103685,901,50,998,PENDING_PAYMENT,3.0,MEETUP,8,12:00-13:00,,,,2026-08-11 04:34:42
103686,2211,103,14,PENDING_PAYMENT,25.0,MEETUP,1,17:00-18:00,,,,2026-08-15 05:18:42
103687,4962,400,89,PENDING_PAYMENT,15.0,MEETUP,3,17:00-18:00,,,,2026-08-07 13:43:42
103688,4354,921,375,PENDING_PAYMENT,12.0,MEETUP,13,18:00-19:00,,,,2026-08-15 10:47:42
103689,2058,218,457,PENDING_PAYMENT,1.0,MEETUP,20,18:00-19:00,,,,2026-08-13 22:16:42
103690,1252,536,279,PENDING_PAYMENT,8.0,EXPRESS,,,1088,SF,,2026-08-10 09:34:42
103691,1688,240,393,PENDING_PAYMENT,30.0,EXPRESS,,,499,SF,,2026-08-14 09:27:42
103692,4976,780,835,PENDING_PAYMENT,80.0,EXPRESS,,,1555,SF,,2026-08-07 04:43:42
103693,2732,955,4,PENDING_PAYMENT,80.0,EXPRESS,,,1910,SF,,2026-08-08 01:01:42
103694,1477,932,570,PENDING_PAYMENT,15.0,EXPRESS,,,1862,SF,,2026-08-13 14:43:42
103695,840,975,544,PENDING_PAYMENT,120.0,EXPRESS,,,1953,SF,,2026-08-14 15:11:42
103696,2701,276,136,PENDING_PAYMENT,20.0,EXPRESS,,,575,SF,,2026-08-07 03:53:42
103697,4297,456,666,PENDING_PAYMENT,50.0,EXPRESS,,,931,SF,,2026-08-09 10:52:42
103698,77,694,939,PENDING_PAYMENT,150.0,EXPRESS,,,1383,SF,,2026-08-12 12:35:42
103699,3111,693,477,PENDING_PAYMENT,25.0,MEETUP,27,12:00-13:00,,,,2026-08-16 01:46:42
103700,1932,187,326,PENDING_PAYMENT,120.0,MEETUP,4,12:00-13:00,,,,2026-08-11 18:22:42
103701,1530,788,750,PENDING_PAYMENT,80.0,EXPRESS,,,1571,SF,,2026-08-14 22:49:42
103702,2433,81,752,PENDING_PAYMENT,12.0,EXPRESS,,,169,SF,,2026-08-11 08:04:42
103703,2822,496,985,PENDING_PAYMENT,25.0,EXPRESS,,,1007,SF,,2026-08-12 07:03:42
103704,3744,294,592,PENDING_PAYMENT,12.0,EXPRESS,,,615,SF,,2026-08-11 07:20:42
103705,3744,542,592,PENDING_PAYMENT,12.0,EXPRESS,,,1095,SF,,2026-08-10 03:06:42
103706,640,396,810,PENDING_PAYMENT,200.0,MEETUP,10,18:00-19:00,,,,2026-08-09 04:19:42
103707,4537,458,617,PENDING_PAYMENT,2.0,MEETUP,7,12:00-13:00,,,,2026-08-15 00:27:42
103708,2829,993,172,PENDING_PAYMENT,3.0,EXPRESS,,,1982,SF,,2026-08-13 17:14:42
103709,2403,851,959,PENDING_PAYMENT,5.0,EXPRESS,,,1689,SF,,2026-08-09 17:02:42
103710,4081,278,502,PENDING_PAYMENT,50.0,EXPRESS,,,579,SF,,2026-08-13 16:39:42
103711,1780,955,61,PENDING_PAYMENT,20.0,EXPRESS,,,1910,SF,,2026-08-10 16:19:42
103712,1047,539,512,PENDING_PAYMENT,25.0,MEETUP,29,19:00-20:00,,,,2026-08-06 19:41:42
103713,309,453,185,PENDING_PAYMENT,20.0,EXPRESS,,,921,SF,,2026-08-12 04:34:42
103714,3821,742,548,PENDING_PAYMENT,3.0,MEETUP,25,19:00-20:00,,,,2026-08-11 21:04:42
103715,1007,269,737,PENDING_PAYMENT,80.0,MEETUP,16,18:00-19:00,,,,2026-08-11 18:49:42
103716,807,704,235,PENDING_PAYMENT,200.0,EXPRESS,,,1406,SF,,2026-08-10 23:01:42
103717,2030,74,124,PENDING_PAYMENT,150.0,EXPRESS,,,157,SF,,2026-08-14 23:09:42
103718,3635,328,581,PENDING_PAYMENT,3.0,MEETUP,13,18:00-19:00,,,,2026-08-12 04:21:42
103719,2674,894,410,PENDING_PAYMENT,3.0,EXPRESS,,,1781,SF,,2026-08-12 12:16:42
103720,3787,775,473,PENDING_PAYMENT,120.0,EXPRESS,,,1544,SF,,2026-08-14 19:06:42
103721,178,527,382,PENDING_PAYMENT,200.0,EXPRESS,,,1073,SF,,2026-08-08 07:08:42
103722,2541,903,628,PENDING_PAYMENT,200.0,MEETUP,2,18:00-19:00,,,,2026-08-07 21:48:42
103723,1918,955,725,PENDING_PAYMENT,20.0,EXPRESS,,,1910,SF,,2026-08-07 18:38:42
103724,4020,456,171,PENDING_PAYMENT,3.0,MEETUP,17,19:00-20:00,,,,2026-08-09 11:55:42
103725,4274,368,146,PENDING_PAYMENT,100.0,EXPRESS,,,748,SF,,2026-08-10 13:41:42
103726,1475,274,779,PENDING_PAYMENT,30.0,MEETUP,12,12:00-13:00,,,,2026-08-13 09:13:42
103727,338,86,75,PENDING_PAYMENT,80.0,EXPRESS,,,181,SF,,2026-08-06 21:12:42
103728,3786,105,241,PENDING_PAYMENT,150.0,MEETUP,21,19:00-20:00,,,,2026-08-12 16:47:42
103729,2630,760,912,PENDING_PAYMENT,20.0,EXPRESS,,,1521,SF,,2026-08-07 23:56:42
103730,2798,19,426,PENDING_PAYMENT,1.0,MEETUP,22,19:00-20:00,,,,2026-08-12 01:25:42
103731,3879,207,595,PENDING_PAYMENT,30.0,EXPRESS,,,433,SF,,2026-08-11 15:27:42
103732,4712,214,567,PENDING_PAYMENT,150.0,EXPRESS,,,449,SF,,2026-08-11 14:12:42
103733,3769,836,875,PENDING_PAYMENT,60.0,EXPRESS,,,1661,SF,,2026-08-16 10:07:42
103734,3111,337,477,PENDING_PAYMENT,25.0,EXPRESS,,,690,SF,,2026-08-09 11:00:42
103735,3614,973,242,PENDING_PAYMENT,20.0,EXPRESS,,,1949,SF,,2026-08-15 07:04:42
103736,3716,780,872,PENDING_PAYMENT,3.0,EXPRESS,,,1555,SF,,2026-08-06 21:41:42
103737,18,401,655,PENDING_PAYMENT,80.0,MEETUP,27,12:00-13:00,,,,2026-08-07 13:54:42
103738,4893,898,189,PENDING_PAYMENT,30.0,MEETUP,17,17:00-18:00,,,,2026-08-07 05:42:42
103739,3068,321,896,PENDING_PAYMENT,5.0,MEETUP,6,18:00-19:00,,,,2026-08-08 02:57:42
103740,4488,930,143,PENDING_PAYMENT,20.0,EXPRESS,,,1860,SF,,2026-08-14 14:51:42
103741,1153,911,52,PENDING_PAYMENT,120.0,EXPRESS,,,1816,SF,,2026-08-10 09:49:42
103742,3478,792,609,PENDING_PAYMENT,2.0,MEETUP,22,19:00-20:00,,,,2026-08-09 23:14:42
103743,2194,347,513,PENDING_PAYMENT,8.0,EXPRESS,,,706,SF,,2026-08-16 03:38:42
103744,728,221,949,PENDING_PAYMENT,60.0,MEETUP,23,18:00-19:00,,,,2026-08-11 10:11:42
103745,1062,150,371,PENDING_PAYMENT,12.0,EXPRESS,,,311,SF,,2026-08-12 19:39:42
103746,3966,411,219,PENDING_PAYMENT,150.0,MEETUP,19,19:00-20:00,,,,2026-08-15 15:58:42
103747,3606,123,931,PENDING_PAYMENT,100.0,MEETUP,20,19:00-20:00,,,,2026-08-16 01:43:42
103748,4238,606,463,PENDING_PAYMENT,15.0,MEETUP,3,19:00-20:00,,,,2026-08-09 19:46:42
103749,1060,733,721,PENDING_PAYMENT,8.0,EXPRESS,,,1454,SF,,2026-08-10 07:30:42
103750,3890,203,629,PENDING_PAYMENT,5.0,EXPRESS,,,427,SF,,2026-08-16 08:28:42
103751,545,9,176,PENDING_PAYMENT,5.0,EXPRESS,,,22,SF,,2026-08-15 04:12:42
103752,2703,429,167,PENDING_PAYMENT,5.0,MEETUP,14,17:00-18:00,,,,2026-08-13 11:06:42
103753,4577,225,510,PENDING_PAYMENT,60.0,MEETUP,3,17:00-18:00,,,,2026-08-12 05:09:42
103754,3959,385,650,PENDING_PAYMENT,200.0,EXPRESS,,,778,SF,,2026-08-13 04:19:42
103755,4402,567,1,PENDING_PAYMENT,25.0,MEETUP,26,12:00-13:00,,,,2026-08-08 09:10:42
103756,1718,526,860,PENDING_PAYMENT,80.0,EXPRESS,,,1071,SF,,2026-08-15 07:11:42
103757,4989,387,240,PENDING_PAYMENT,80.0,MEETUP,7,17:00-18:00,,,,2026-08-13 21:51:42
103758,1381,292,491,PENDING_PAYMENT,50.0,EXPRESS,,,613,SF,,2026-08-12 21:45:42
103759,4780,582,358,PENDING_PAYMENT,3.0,MEETUP,7,17:00-18:00,,,,2026-08-11 12:29:42
103760,884,320,481,PENDING_PAYMENT,120.0,EXPRESS,,,657,SF,,2026-08-07 21:55:42
103761,2821,73,710,PENDING_PAYMENT,10.0,EXPRESS,,,155,SF,,2026-08-07 08:06:42
103762,1489,460,245,PENDING_PAYMENT,10.0,EXPRESS,,,939,SF,,2026-08-13 09:52:42
103763,2357,875,162,PENDING_PAYMENT,50.0,EXPRESS,,,1739,SF,,2026-08-11 17:37:42
103764,3559,845,216,PENDING_PAYMENT,1.0,MEETUP,17,17:00-18:00,,,,2026-08-08 13:41:42
103765,1381,423,491,PENDING_PAYMENT,50.0,EXPRESS,,,866,SF,,2026-08-16 01:31:42
103766,3208,207,942,PENDING_PAYMENT,60.0,MEETUP,12,17:00-18:00,,,,2026-08-09 15:03:42
103767,3634,453,822,PENDING_PAYMENT,120.0,EXPRESS,,,922,SF,,2026-08-12 05:31:42
103768,1384,829,602,PENDING_PAYMENT,80.0,MEETUP,29,17:00-18:00,,,,2026-08-11 05:11:42
103769,3107,64,954,PENDING_PAYMENT,1.0,EXPRESS,,,136,SF,,2026-08-09 23:24:42
103770,4455,596,302,PENDING_PAYMENT,30.0,EXPRESS,,,1190,SF,,2026-08-16 17:39:42
103771,3899,638,743,PENDING_PAYMENT,3.0,EXPRESS,,,1267,SF,,2026-08-10 14:32:42
103772,3676,541,275,PENDING_PAYMENT,8.0,EXPRESS,,,1094,SF,,2026-08-14 22:31:42
103773,4557,150,591,PENDING_PAYMENT,12.0,EXPRESS,,,312,SF,,2026-08-06 21:08:42
103774,4568,815,806,PENDING_PAYMENT,2.0,MEETUP,19,17:00-18:00,,,,2026-08-08 16:55:42
103775,4147,461,950,PENDING_PAYMENT,5.0,MEETUP,16,19:00-20:00,,,,2026-08-08 13:59:42
103776,948,986,651,PENDING_PAYMENT,60.0,EXPRESS,,,1971,SF,,2026-08-11 02:20:42
103777,3102,564,584,PENDING_PAYMENT,3.0,MEETUP,6,17:00-18:00,,,,2026-08-10 11:38:42
103778,3876,894,531,PENDING_PAYMENT,150.0,MEETUP,30,18:00-19:00,,,,2026-08-14 19:50:42
103779,1916,405,317,PENDING_PAYMENT,1.0,MEETUP,3,19:00-20:00,,,,2026-08-09 05:44:42
103780,3176,6,525,PENDING_PAYMENT,2.0,MEETUP,30,17:00-18:00,,,,2026-08-11 03:04:42
103781,4595,283,951,PENDING_PAYMENT,120.0,MEETUP,25,19:00-20:00,,,,2026-08-15 19:00:42
103782,4413,494,978,PENDING_PAYMENT,8.0,MEETUP,3,18:00-19:00,,,,2026-08-11 18:00:42
103783,3355,889,870,PENDING_PAYMENT,12.0,EXPRESS,,,1769,SF,,2026-08-16 09:30:42
103784,4632,327,802,PENDING_PAYMENT,120.0,EXPRESS,,,671,SF,,2026-08-11 07:57:42
103785,1468,389,542,PENDING_PAYMENT,20.0,EXPRESS,,,786,SF,,2026-08-10 10:11:42
103786,559,336,714,PENDING_PAYMENT,12.0,EXPRESS,,,689,SF,,2026-08-15 23:16:42
103787,572,633,604,PENDING_PAYMENT,10.0,MEETUP,27,19:00-20:00,,,,2026-08-07 01:07:42
103788,2290,356,446,PENDING_PAYMENT,1.0,MEETUP,15,18:00-19:00,,,,2026-08-13 02:20:42
103789,624,776,14,PENDING_PAYMENT,25.0,MEETUP,9,12:00-13:00,,,,2026-08-16 00:34:42
103790,3273,800,237,PENDING_PAYMENT,150.0,MEETUP,22,18:00-19:00,,,,2026-08-11 20:34:42
103791,1817,154,577,PENDING_PAYMENT,8.0,MEETUP,26,12:00-13:00,,,,2026-08-08 21:22:42
103792,2120,872,741,PENDING_PAYMENT,3.0,MEETUP,11,12:00-13:00,,,,2026-08-10 05:00:42
103793,776,773,649,PENDING_PAYMENT,20.0,EXPRESS,,,1542,SF,,2026-08-07 04:58:42
103794,1540,969,320,PENDING_PAYMENT,12.0,MEETUP,22,17:00-18:00,,,,2026-08-09 19:38:42
103795,1645,712,353,PENDING_PAYMENT,15.0,EXPRESS,,,1416,SF,,2026-08-14 22:17:42
103796,4035,389,373,PENDING_PAYMENT,60.0,EXPRESS,,,785,SF,,2026-08-12 22:56:42
103797,1889,150,229,PENDING_PAYMENT,200.0,EXPRESS,,,312,SF,,2026-08-14 04:11:42
103798,3066,804,62,PENDING_PAYMENT,30.0,MEETUP,10,17:00-18:00,,,,2026-08-15 10:34:42
103799,2350,451,705,PENDING_PAYMENT,100.0,MEETUP,14,19:00-20:00,,,,2026-08-11 07:46:42
103800,322,551,589,PENDING_PAYMENT,200.0,EXPRESS,,,1111,SF,,2026-08-16 04:31:42
103801,3552,589,866,PENDING_PAYMENT,60.0,EXPRESS,,,1176,SF,,2026-08-15 04:54:42
103802,94,687,147,PENDING_PAYMENT,100.0,MEETUP,4,18:00-19:00,,,,2026-08-08 20:06:42
103803,2832,462,319,PENDING_PAYMENT,2.0,EXPRESS,,,942,SF,,2026-08-15 02:00:42
103804,197,542,598,PENDING_PAYMENT,15.0,MEETUP,27,19:00-20:00,,,,2026-08-13 06:53:42
103805,1403,7,338,PENDING_PAYMENT,200.0,EXPRESS,,,17,SF,,2026-08-08 05:20:42
103806,3508,52,55,PENDING_PAYMENT,150.0,EXPRESS,,,113,SF,,2026-08-15 19:06:42
103807,4932,682,4,PENDING_PAYMENT,150.0,EXPRESS,,,1361,SF,,2026-08-09 17:28:42
103808,957,922,159,PENDING_PAYMENT,150.0,EXPRESS,,,1839,SF,,2026-08-10 02:23:42
103809,3426,180,316,PENDING_PAYMENT,15.0,MEETUP,10,17:00-18:00,,,,2026-08-09 02:23:42
103810,739,819,433,PENDING_PAYMENT,25.0,EXPRESS,,,1628,SF,,2026-08-12 16:54:42
103811,4415,712,550,PENDING_PAYMENT,8.0,MEETUP,13,18:00-19:00,,,,2026-08-13 19:32:42
103812,3652,368,920,PENDING_PAYMENT,15.0,EXPRESS,,,748,SF,,2026-08-09 01:12:42
103813,1399,204,726,PENDING_PAYMENT,200.0,EXPRESS,,,429,SF,,2026-08-07 21:52:42
103814,2099,544,710,PENDING_PAYMENT,30.0,EXPRESS,,,1098,SF,,2026-08-12 18:35:42
103815,3733,69,74,PENDING_PAYMENT,100.0,EXPRESS,,,146,SF,,2026-08-09 08:09:42
103816,1672,875,57,PENDING_PAYMENT,80.0,EXPRESS,,,1739,SF,,2026-08-13 09:43:42
103817,521,378,844,PENDING_PAYMENT,30.0,MEETUP,1,17:00-18:00,,,,2026-08-11 02:52:42
103818,1078,995,907,PENDING_PAYMENT,25.0,MEETUP,11,12:00-13:00,,,,2026-08-09 19:00:42
103819,1375,548,131,PENDING_PAYMENT,80.0,MEETUP,28,19:00-20:00,,,,2026-08-08 19:14:42
103820,1524,760,469,PENDING_PAYMENT,1.0,EXPRESS,,,1523,SF,,2026-08-10 06:06:42
103821,2256,73,400,PENDING_PAYMENT,25.0,MEETUP,27,12:00-13:00,,,,2026-08-15 14:23:42
103822,1911,725,464,PENDING_PAYMENT,25.0,EXPRESS,,,1443,SF,,2026-08-07 13:52:42
103823,3986,644,847,PENDING_PAYMENT,2.0,MEETUP,28,12:00-13:00,,,,2026-08-16 02:42:42
103824,3974,876,268,PENDING_PAYMENT,1.0,MEETUP,24,12:00-13:00,,,,2026-08-11 12:24:42
103825,4042,639,339,PENDING_PAYMENT,1.0,EXPRESS,,,1269,SF,,2026-08-07 06:33:42
103826,1249,553,708,PENDING_PAYMENT,80.0,EXPRESS,,,1115,SF,,2026-08-11 08:57:42
103827,500,392,992,PENDING_PAYMENT,100.0,EXPRESS,,,794,SF,,2026-08-07 02:59:42
103828,3837,447,168,PENDING_PAYMENT,120.0,EXPRESS,,,911,SF,,2026-08-07 17:42:42
103829,1209,745,777,PENDING_PAYMENT,60.0,MEETUP,30,18:00-19:00,,,,2026-08-08 15:18:42
103830,2663,893,874,PENDING_PAYMENT,20.0,MEETUP,1,12:00-13:00,,,,2026-08-15 07:11:42
103831,4659,751,631,PENDING_PAYMENT,60.0,EXPRESS,,,1498,SF,,2026-08-11 10:50:42
103832,4807,519,902,PENDING_PAYMENT,60.0,MEETUP,6,12:00-13:00,,,,2026-08-07 00:57:42
103833,4730,610,319,PENDING_PAYMENT,60.0,MEETUP,14,18:00-19:00,,,,2026-08-07 08:35:42
103834,1379,240,309,PENDING_PAYMENT,12.0,EXPRESS,,,499,SF,,2026-08-14 05:10:42
103835,2126,971,230,PENDING_PAYMENT,150.0,MEETUP,15,19:00-20:00,,,,2026-08-15 08:26:42
103836,4388,603,516,PENDING_PAYMENT,12.0,MEETUP,16,12:00-13:00,,,,2026-08-13 02:25:42
103837,1150,891,443,PENDING_PAYMENT,50.0,EXPRESS,,,1773,SF,,2026-08-15 04:23:42
103838,4263,953,860,PENDING_PAYMENT,120.0,MEETUP,20,17:00-18:00,,,,2026-08-15 10:36:42
103839,4584,949,919,PENDING_PAYMENT,50.0,EXPRESS,,,1900,SF,,2026-08-09 06:17:42
103840,1965,865,61,PENDING_PAYMENT,10.0,MEETUP,11,19:00-20:00,,,,2026-08-14 06:52:42
103841,2319,918,986,PENDING_PAYMENT,200.0,EXPRESS,,,1834,SF,,2026-08-15 23:47:42
103842,2881,691,199,PENDING_PAYMENT,60.0,MEETUP,25,17:00-18:00,,,,2026-08-08 17:41:42
103843,4797,760,787,PENDING_PAYMENT,50.0,MEETUP,19,12:00-13:00,,,,2026-08-14 08:14:42
103844,1927,939,493,PENDING_PAYMENT,8.0,EXPRESS,,,1878,SF,,2026-08-13 08:56:42
103845,4530,840,292,PENDING_PAYMENT,8.0,EXPRESS,,,1669,SF,,2026-08-15 14:39:42
103846,2473,596,22,PENDING_PAYMENT,25.0,EXPRESS,,,1190,SF,,2026-08-08 03:15:42
103847,1447,444,868,PENDING_PAYMENT,30.0,EXPRESS,,,904,SF,,2026-08-11 07:03:42
103848,118,969,475,PENDING_PAYMENT,15.0,EXPRESS,,,1941,SF,,2026-08-08 10:40:42
103849,80,307,231,PENDING_PAYMENT,30.0,EXPRESS,,,634,SF,,2026-08-12 14:38:42
103850,3430,272,319,PENDING_PAYMENT,20.0,EXPRESS,,,566,SF,,2026-08-14 17:41:42
103851,2362,575,51,PENDING_PAYMENT,1.0,MEETUP,12,17:00-18:00,,,,2026-08-13 15:14:42
103852,4386,384,46,PENDING_PAYMENT,30.0,EXPRESS,,,776,SF,,2026-08-09 01:02:42
103853,1518,855,599,PENDING_PAYMENT,20.0,EXPRESS,,,1699,SF,,2026-08-14 08:05:42
103854,4625,308,673,PENDING_PAYMENT,120.0,EXPRESS,,,635,SF,,2026-08-07 22:14:42
103855,2731,890,300,PENDING_PAYMENT,1.0,MEETUP,3,18:00-19:00,,,,2026-08-07 07:26:42
103856,2736,489,306,PENDING_PAYMENT,150.0,EXPRESS,,,996,SF,,2026-08-10 18:44:42
103857,2322,289,995,PENDING_PAYMENT,50.0,MEETUP,28,12:00-13:00,,,,2026-08-15 09:43:42
103858,1468,778,542,PENDING_PAYMENT,20.0,MEETUP,11,18:00-19:00,,,,2026-08-08 02:55:42
103859,1833,915,696,PENDING_PAYMENT,15.0,EXPRESS,,,1825,SF,,2026-08-15 03:04:42
103860,4545,534,890,PENDING_PAYMENT,120.0,EXPRESS,,,1085,SF,,2026-08-12 16:08:42
103861,2875,840,603,PENDING_PAYMENT,150.0,MEETUP,12,19:00-20:00,,,,2026-08-07 19:07:42
103862,1132,571,248,PENDING_PAYMENT,60.0,EXPRESS,,,1150,SF,,2026-08-09 10:21:42
103863,2720,828,160,PENDING_PAYMENT,1.0,MEETUP,19,19:00-20:00,,,,2026-08-09 07:34:42
103864,2339,145,883,PENDING_PAYMENT,200.0,MEETUP,23,17:00-18:00,,,,2026-08-07 13:36:42
103865,3999,767,490,PENDING_PAYMENT,3.0,MEETUP,27,12:00-13:00,,,,2026-08-08 16:26:42
103866,1298,508,534,PENDING_PAYMENT,1.0,EXPRESS,,,1034,SF,,2026-08-11 14:32:42
103867,4147,577,950,PENDING_PAYMENT,5.0,MEETUP,19,18:00-19:00,,,,2026-08-14 08:19:42
103868,3163,188,846,PENDING_PAYMENT,5.0,MEETUP,15,18:00-19:00,,,,2026-08-14 20:50:42
103869,858,851,509,PENDING_PAYMENT,25.0,MEETUP,4,17:00-18:00,,,,2026-08-07 08:01:42
103870,959,112,81,PENDING_PAYMENT,100.0,EXPRESS,,,231,SF,,2026-08-13 04:39:42
103871,4950,508,385,PENDING_PAYMENT,80.0,EXPRESS,,,1032,SF,,2026-08-14 17:44:42
103872,778,341,473,PENDING_PAYMENT,5.0,EXPRESS,,,696,SF,,2026-08-14 11:21:42
103873,4979,240,818,PENDING_PAYMENT,1.0,EXPRESS,,,499,SF,,2026-08-11 01:38:42
103874,1688,477,393,PENDING_PAYMENT,30.0,EXPRESS,,,967,SF,,2026-08-13 22:24:42
103875,4460,888,510,PENDING_PAYMENT,30.0,MEETUP,13,17:00-18:00,,,,2026-08-15 23:05:42
103876,1157,169,708,PENDING_PAYMENT,120.0,EXPRESS,,,351,SF,,2026-08-15 07:20:42
103877,2768,747,693,PENDING_PAYMENT,5.0,EXPRESS,,,1487,SF,,2026-08-13 17:39:42
103878,2893,692,561,PENDING_PAYMENT,100.0,MEETUP,23,18:00-19:00,,,,2026-08-14 09:30:42
103879,4687,447,711,PENDING_PAYMENT,2.0,MEETUP,16,12:00-13:00,,,,2026-08-16 00:03:42
103880,4794,926,135,PENDING_PAYMENT,2.0,EXPRESS,,,1851,SF,,2026-08-15 13:39:42
103881,4806,965,608,PENDING_PAYMENT,5.0,EXPRESS,,,1934,SF,,2026-08-08 01:12:42
103882,606,611,672,PENDING_PAYMENT,200.0,MEETUP,4,12:00-13:00,,,,2026-08-14 00:51:42
103883,4842,461,570,PENDING_PAYMENT,25.0,EXPRESS,,,940,SF,,2026-08-09 23:38:42
103884,944,902,172,PENDING_PAYMENT,8.0,MEETUP,25,12:00-13:00,,,,2026-08-08 21:47:42
103885,1703,832,854,PENDING_PAYMENT,3.0,EXPRESS,,,1652,SF,,2026-08-10 18:41:42
103886,4267,7,217,PENDING_PAYMENT,10.0,MEETUP,4,17:00-18:00,,,,2026-08-15 03:49:42
103887,4279,999,279,PENDING_PAYMENT,5.0,EXPRESS,,,1992,SF,,2026-08-08 17:41:42
103888,3408,829,526,PENDING_PAYMENT,25.0,MEETUP,26,12:00-13:00,,,,2026-08-12 20:39:42
103889,3680,622,996,PENDING_PAYMENT,15.0,MEETUP,4,12:00-13:00,,,,2026-08-12 20:46:42
103890,4233,696,46,PENDING_PAYMENT,20.0,EXPRESS,,,1386,SF,,2026-08-09 16:23:42
103891,2562,399,801,PENDING_PAYMENT,150.0,MEETUP,13,19:00-20:00,,,,2026-08-15 10:21:42
103892,4295,69,725,PENDING_PAYMENT,50.0,EXPRESS,,,146,SF,,2026-08-14 17:11:42
103893,836,31,248,PENDING_PAYMENT,10.0,EXPRESS,,,64,SF,,2026-08-11 07:23:42
103894,1601,895,135,PENDING_PAYMENT,2.0,MEETUP,29,12:00-13:00,,,,2026-08-10 13:59:42
103895,697,165,465,PENDING_PAYMENT,60.0,MEETUP,14,18:00-19:00,,,,2026-08-16 10:19:42
103896,3079,247,121,PENDING_PAYMENT,1.0,EXPRESS,,,512,SF,,2026-08-16 01:11:42
103897,4104,843,524,PENDING_PAYMENT,15.0,MEETUP,20,12:00-13:00,,,,2026-08-13 15:48:42
103898,4514,432,548,PENDING_PAYMENT,80.0,MEETUP,29,12:00-13:00,,,,2026-08-06 22:48:42
103899,3312,400,235,PENDING_PAYMENT,25.0,EXPRESS,,,809,SF,,2026-08-10 19:14:42
103900,454,863,252,PENDING_PAYMENT,15.0,EXPRESS,,,1716,SF,,2026-08-14 10:35:42
103901,2754,345,627,PENDING_PAYMENT,120.0,MEETUP,17,12:00-13:00,,,,2026-08-15 23:53:42
103902,2189,158,350,PENDING_PAYMENT,100.0,EXPRESS,,,330,SF,,2026-08-11 01:32:42
103903,774,915,807,PENDING_PAYMENT,60.0,MEETUP,29,19:00-20:00,,,,2026-08-07 03:04:42
103904,1317,502,651,PENDING_PAYMENT,20.0,EXPRESS,,,1018,SF,,2026-08-11 02:02:42
103905,659,290,683,PENDING_PAYMENT,3.0,MEETUP,1,17:00-18:00,,,,2026-08-12 19:00:42
103906,2349,358,722,PENDING_PAYMENT,5.0,MEETUP,16,18:00-19:00,,,,2026-08-09 21:01:42
103907,3463,176,279,PENDING_PAYMENT,80.0,MEETUP,14,19:00-20:00,,,,2026-08-08 08:33:42
103908,2700,777,797,PENDING_PAYMENT,1.0,EXPRESS,,,1550,SF,,2026-08-16 08:23:42
103909,3878,567,22,PENDING_PAYMENT,25.0,MEETUP,15,19:00-20:00,,,,2026-08-12 23:55:42
103910,1252,619,279,PENDING_PAYMENT,8.0,EXPRESS,,,1233,SF,,2026-08-16 02:47:42
103911,776,522,649,PENDING_PAYMENT,20.0,EXPRESS,,,1064,SF,,2026-08-10 22:05:42
103912,4380,786,87,PENDING_PAYMENT,150.0,MEETUP,13,18:00-19:00,,,,2026-08-10 23:03:42
103913,4791,439,997,PENDING_PAYMENT,15.0,MEETUP,3,19:00-20:00,,,,2026-08-14 22:22:42
103914,3875,611,676,PENDING_PAYMENT,12.0,MEETUP,7,18:00-19:00,,,,2026-08-15 00:28:42
103915,162,809,901,PENDING_PAYMENT,10.0,EXPRESS,,,1610,SF,,2026-08-16 08:00:42
103916,137,342,385,PENDING_PAYMENT,15.0,EXPRESS,,,697,SF,,2026-08-11 21:26:42
103917,4737,664,556,PENDING_PAYMENT,2.0,MEETUP,5,17:00-18:00,,,,2026-08-11 15:34:42
103918,3909,349,781,PENDING_PAYMENT,100.0,MEETUP,17,12:00-13:00,,,,2026-08-07 15:32:42
103919,4421,708,530,PENDING_PAYMENT,50.0,EXPRESS,,,1410,SF,,2026-08-14 02:18:42
103920,784,766,547,PENDING_PAYMENT,120.0,MEETUP,9,12:00-13:00,,,,2026-08-15 17:17:42
103921,3809,624,803,PENDING_PAYMENT,80.0,MEETUP,19,17:00-18:00,,,,2026-08-10 13:35:42
103922,4586,307,364,PENDING_PAYMENT,20.0,MEETUP,23,18:00-19:00,,,,2026-08-15 19:06:42
103923,4754,208,127,PENDING_PAYMENT,12.0,MEETUP,28,19:00-20:00,,,,2026-08-13 13:31:42
103924,275,570,123,PENDING_PAYMENT,10.0,MEETUP,17,17:00-18:00,,,,2026-08-08 03:56:42
103925,1482,789,877,PENDING_PAYMENT,12.0,MEETUP,18,18:00-19:00,,,,2026-08-09 21:11:42
103926,2704,414,437,PENDING_PAYMENT,8.0,EXPRESS,,,842,SF,,2026-08-11 21:22:42
103927,3475,768,933,PENDING_PAYMENT,3.0,MEETUP,2,17:00-18:00,,,,2026-08-10 11:59:42
103928,3112,771,271,PENDING_PAYMENT,150.0,EXPRESS,,,1540,SF,,2026-08-16 18:14:42
103929,2071,564,31,PENDING_PAYMENT,20.0,MEETUP,14,18:00-19:00,,,,2026-08-07 21:11:42
103930,2534,65,187,PENDING_PAYMENT,15.0,EXPRESS,,,139,SF,,2026-08-15 16:28:42
103931,1607,637,445,PENDING_PAYMENT,10.0,MEETUP,4,19:00-20:00,,,,2026-08-12 19:41:42
103932,395,895,99,PENDING_PAYMENT,25.0,EXPRESS,,,1782,SF,,2026-08-07 03:24:42
103933,3622,710,201,PENDING_PAYMENT,3.0,MEETUP,10,17:00-18:00,,,,2026-08-10 19:59:42
103934,998,582,49,PENDING_PAYMENT,5.0,EXPRESS,,,1168,SF,,2026-08-07 17:40:42
103935,223,428,411,PENDING_PAYMENT,10.0,EXPRESS,,,877,SF,,2026-08-07 09:11:42
103936,3021,615,155,PENDING_PAYMENT,60.0,EXPRESS,,,1227,SF,,2026-08-15 09:35:42
103937,868,543,531,PENDING_PAYMENT,10.0,EXPRESS,,,1096,SF,,2026-08-10 07:49:42
103938,3060,885,927,PENDING_PAYMENT,60.0,EXPRESS,,,1758,SF,,2026-08-13 09:34:42
103939,4784,182,469,PENDING_PAYMENT,12.0,MEETUP,5,12:00-13:00,,,,2026-08-13 08:59:42
103940,4563,156,243,PENDING_PAYMENT,12.0,MEETUP,6,18:00-19:00,,,,2026-08-10 12:43:42
103941,4101,906,992,PENDING_PAYMENT,10.0,MEETUP,6,12:00-13:00,,,,2026-08-14 01:15:42
103942,3829,699,4,PENDING_PAYMENT,1.0,MEETUP,11,17:00-18:00,,,,2026-08-07 10:48:42
103943,866,453,904,PENDING_PAYMENT,150.0,MEETUP,25,19:00-20:00,,,,2026-08-15 04:21:42
103944,2501,370,865,PENDING_PAYMENT,3.0,EXPRESS,,,753,SF,,2026-08-08 06:14:42
103945,1450,868,412,PENDING_PAYMENT,120.0,EXPRESS,,,1726,SF,,2026-08-12 12:42:42
103946,781,805,101,PENDING_PAYMENT,3.0,MEETUP,14,18:00-19:00,,,,2026-08-09 01:18:42
103947,3272,974,782,PENDING_PAYMENT,10.0,MEETUP,2,18:00-19:00,,,,2026-08-12 19:28:42
103948,174,851,772,PENDING_PAYMENT,15.0,EXPRESS,,,1690,SF,,2026-08-13 11:19:42
103949,4443,599,410,PENDING_PAYMENT,2.0,MEETUP,20,12:00-13:00,,,,2026-08-09 07:52:42
103950,2452,794,957,PENDING_PAYMENT,12.0,MEETUP,24,17:00-18:00,,,,2026-08-15 07:08:42
103951,4651,973,551,PENDING_PAYMENT,20.0,EXPRESS,,,1947,SF,,2026-08-12 06:47:42
103952,4375,69,93,PENDING_PAYMENT,150.0,EXPRESS,,,146,SF,,2026-08-13 06:23:42
103953,4126,764,280,PENDING_PAYMENT,25.0,MEETUP,2,12:00-13:00,,,,2026-08-14 19:09:42
103954,3362,761,829,PENDING_PAYMENT,12.0,MEETUP,14,18:00-19:00,,,,2026-08-15 06:00:42
103955,3169,523,841,PENDING_PAYMENT,30.0,MEETUP,22,17:00-18:00,,,,2026-08-10 19:09:42
103956,4004,691,142,PENDING_PAYMENT,200.0,EXPRESS,,,1377,SF,,2026-08-15 15:19:42
103957,3608,806,217,PENDING_PAYMENT,3.0,MEETUP,24,12:00-13:00,,,,2026-08-08 11:02:42
103958,705,714,966,PENDING_PAYMENT,20.0,EXPRESS,,,1421,SF,,2026-08-08 01:26:42
103959,2461,369,21,PENDING_PAYMENT,100.0,MEETUP,12,12:00-13:00,,,,2026-08-07 19:27:42
103960,4530,980,292,PENDING_PAYMENT,8.0,EXPRESS,,,1961,SF,,2026-08-08 08:21:42
103961,2342,780,972,PENDING_PAYMENT,1.0,EXPRESS,,,1556,SF,,2026-08-13 21:30:42
103962,3706,595,673,PENDING_PAYMENT,120.0,EXPRESS,,,1187,SF,,2026-08-13 07:56:42
103963,2827,945,492,PENDING_PAYMENT,3.0,MEETUP,21,18:00-19:00,,,,2026-08-13 12:45:42
103964,2612,342,555,PENDING_PAYMENT,100.0,EXPRESS,,,697,SF,,2026-08-07 03:13:42
103965,2554,779,270,PENDING_PAYMENT,1.0,EXPRESS,,,1553,SF,,2026-08-07 03:58:42
103966,354,314,630,PENDING_PAYMENT,3.0,MEETUP,6,12:00-13:00,,,,2026-08-14 09:38:42
103967,2741,679,917,PENDING_PAYMENT,80.0,MEETUP,6,17:00-18:00,,,,2026-08-09 17:10:42
103968,1067,974,529,PENDING_PAYMENT,8.0,EXPRESS,,,1950,SF,,2026-08-14 10:14:42
103969,921,879,424,PENDING_PAYMENT,3.0,EXPRESS,,,1748,SF,,2026-08-08 03:23:42
103970,2664,604,810,PENDING_PAYMENT,80.0,MEETUP,29,19:00-20:00,,,,2026-08-08 05:24:42
103971,942,261,595,PENDING_PAYMENT,60.0,MEETUP,29,19:00-20:00,,,,2026-08-07 06:20:42
103972,126,91,999,PENDING_PAYMENT,10.0,EXPRESS,,,191,SF,,2026-08-15 18:51:42
103973,836,547,248,PENDING_PAYMENT,10.0,EXPRESS,,,1103,SF,,2026-08-10 22:44:42
103974,3474,285,810,PENDING_PAYMENT,60.0,MEETUP,11,12:00-13:00,,,,2026-08-08 23:34:42
103975,4245,577,83,PENDING_PAYMENT,50.0,MEETUP,3,12:00-13:00,,,,2026-08-09 07:18:42
103976,2935,152,659,PENDING_PAYMENT,25.0,MEETUP,10,19:00-20:00,,,,2026-08-14 17:17:42
103977,4079,857,252,PENDING_PAYMENT,50.0,EXPRESS,,,1704,SF,,2026-08-07 14:58:42
103978,3641,858,767,PENDING_PAYMENT,25.0,EXPRESS,,,1706,SF,,2026-08-10 08:57:42
103979,309,54,185,PENDING_PAYMENT,20.0,EXPRESS,,,117,SF,,2026-08-16 12:45:42
103980,1251,351,961,PENDING_PAYMENT,2.0,EXPRESS,,,716,SF,,2026-08-13 20:21:42
103981,1285,527,709,PENDING_PAYMENT,25.0,EXPRESS,,,1073,SF,,2026-08-15 14:48:42
103982,2764,481,444,PENDING_PAYMENT,150.0,EXPRESS,,,974,SF,,2026-08-15 22:36:42
103983,4323,404,186,PENDING_PAYMENT,20.0,MEETUP,10,19:00-20:00,,,,2026-08-11 18:17:42
103984,2382,135,93,PENDING_PAYMENT,50.0,MEETUP,13,17:00-18:00,,,,2026-08-15 04:25:42
103985,3159,464,350,PENDING_PAYMENT,120.0,EXPRESS,,,945,SF,,2026-08-15 03:34:42
103986,4936,961,50,PENDING_PAYMENT,200.0,MEETUP,2,12:00-13:00,,,,2026-08-10 15:15:42
103987,3734,510,545,PENDING_PAYMENT,8.0,EXPRESS,,,1039,SF,,2026-08-12 06:59:42
103988,715,679,106,PENDING_PAYMENT,5.0,EXPRESS,,,1358,SF,,2026-08-13 17:43:42
103989,3200,745,682,PENDING_PAYMENT,60.0,EXPRESS,,,1482,SF,,2026-08-12 23:51:42
103990,876,341,590,PENDING_PAYMENT,120.0,EXPRESS,,,696,SF,,2026-08-16 15:41:42
103991,516,250,259,PENDING_PAYMENT,3.0,EXPRESS,,,519,SF,,2026-08-09 09:44:42
103992,1071,992,268,PENDING_PAYMENT,120.0,EXPRESS,,,1981,SF,,2026-08-06 23:03:42
103993,1766,336,416,PENDING_PAYMENT,80.0,MEETUP,10,12:00-13:00,,,,2026-08-12 11:18:42
103994,4289,892,441,PENDING_PAYMENT,80.0,EXPRESS,,,1775,SF,,2026-08-15 18:36:42
103995,4584,534,919,PENDING_PAYMENT,50.0,MEETUP,15,18:00-19:00,,,,2026-08-12 02:23:42
103996,452,115,182,PENDING_PAYMENT,25.0,MEETUP,30,19:00-20:00,,,,2026-08-10 11:27:42
103997,4120,401,783,PENDING_PAYMENT,50.0,MEETUP,29,17:00-18:00,,,,2026-08-11 18:15:42
103998,2443,141,550,PENDING_PAYMENT,60.0,EXPRESS,,,289,SF,,2026-08-12 07:44:42
103999,4777,906,256,PENDING_PAYMENT,12.0,MEETUP,9,17:00-18:00,,,,2026-08-16 17:38:42
104000,254,418,219,PENDING_PAYMENT,30.0,MEETUP,28,19:00-20:00,,,,2026-08-06 20:10:42
104001,4141,998,146,PENDING_PAYMENT,100.0,EXPRESS,,,1991,SF,,2026-08-11 00:34:42
104002,715,525,106,PENDING_PAYMENT,5.0,EXPRESS,,,1070,SF,,2026-08-10 15:39:42
104003,178,853,382,PENDING_PAYMENT,200.0,MEETUP,25,18:00-19:00,,,,2026-08-11 22:39:42
104004,205,831,663,PENDING_PAYMENT,25.0,EXPRESS,,,1651,SF,,2026-08-16 08:42:42
104005,1505,366,816,PENDING_PAYMENT,60.0,EXPRESS,,,746,SF,,2026-08-08 06:16:42
104006,4048,71,944,PENDING_PAYMENT,100.0,MEETUP,3,12:00-13:00,,,,2026-08-09 22:58:42
104007,4333,854,499,PENDING_PAYMENT,25.0,MEETUP,12,19:00-20:00,,,,2026-08-09 11:18:42
104008,3591,919,580,PENDING_PAYMENT,80.0,MEETUP,21,18:00-19:00,,,,2026-08-15 13:01:42
104009,3643,54,841,PENDING_PAYMENT,20.0,MEETUP,10,18:00-19:00,,,,2026-08-09 12:55:42
104010,3669,106,357,PENDING_PAYMENT,15.0,MEETUP,2,17:00-18:00,,,,2026-08-10 19:11:42
104011,1188,689,708,PENDING_PAYMENT,8.0,EXPRESS,,,1374,SF,,2026-08-08 21:41:42
104012,4600,459,616,PENDING_PAYMENT,60.0,MEETUP,22,17:00-18:00,,,,2026-08-12 16:05:42
104013,3679,764,473,PENDING_PAYMENT,50.0,MEETUP,24,12:00-13:00,,,,2026-08-11 17:39:42
104014,3114,374,600,PENDING_PAYMENT,100.0,EXPRESS,,,760,SF,,2026-08-10 06:03:42
104015,3101,148,407,PENDING_PAYMENT,150.0,EXPRESS,,,306,SF,,2026-08-13 16:47:42
104016,2307,49,698,PENDING_PAYMENT,150.0,MEETUP,8,17:00-18:00,,,,2026-08-10 07:40:42
104017,3651,242,65,PENDING_PAYMENT,80.0,MEETUP,29,19:00-20:00,,,,2026-08-08 07:52:42
104018,2033,967,23,PENDING_PAYMENT,30.0,EXPRESS,,,1937,SF,,2026-08-14 11:40:42
104019,2864,381,931,PENDING_PAYMENT,2.0,EXPRESS,,,771,SF,,2026-08-16 02:31:42
104020,3799,726,445,PENDING_PAYMENT,5.0,EXPRESS,,,1444,SF,,2026-08-14 23:40:42
104021,1604,654,688,PENDING_PAYMENT,12.0,EXPRESS,,,1305,SF,,2026-08-12 21:28:42
104022,3034,707,819,PENDING_PAYMENT,200.0,MEETUP,25,18:00-19:00,,,,2026-08-13 13:24:42
104023,3452,920,985,PENDING_PAYMENT,50.0,MEETUP,21,18:00-19:00,,,,2026-08-09 21:22:42
104024,2876,942,990,PENDING_PAYMENT,12.0,MEETUP,9,17:00-18:00,,,,2026-08-13 03:06:42
104025,437,283,63,PENDING_PAYMENT,100.0,EXPRESS,,,591,SF,,2026-08-15 12:49:42
104026,1817,900,577,PENDING_PAYMENT,8.0,EXPRESS,,,1793,SF,,2026-08-10 06:51:42
104027,620,200,505,PENDING_PAYMENT,80.0,EXPRESS,,,420,SF,,2026-08-07 20:07:42
104028,4458,565,781,PENDING_PAYMENT,15.0,EXPRESS,,,1140,SF,,2026-08-09 04:13:42
104029,2623,26,247,PENDING_PAYMENT,12.0,MEETUP,21,19:00-20:00,,,,2026-08-10 21:06:42
104030,4465,774,592,PENDING_PAYMENT,25.0,MEETUP,25,12:00-13:00,,,,2026-08-15 15:51:42
104031,4396,106,687,PENDING_PAYMENT,1.0,EXPRESS,,,218,SF,,2026-08-11 13:21:42
104032,2749,951,695,PENDING_PAYMENT,8.0,MEETUP,24,12:00-13:00,,,,2026-08-08 14:49:42
104033,96,449,924,PENDING_PAYMENT,12.0,MEETUP,22,12:00-13:00,,,,2026-08-08 02:58:42
104034,4046,602,124,PENDING_PAYMENT,120.0,MEETUP,18,19:00-20:00,,,,2026-08-12 08:29:42
104035,1994,282,793,PENDING_PAYMENT,20.0,EXPRESS,,,589,SF,,2026-08-09 13:08:42
104036,4513,246,510,PENDING_PAYMENT,10.0,MEETUP,2,17:00-18:00,,,,2026-08-16 05:42:42
104037,1885,572,16,PENDING_PAYMENT,20.0,EXPRESS,,,1151,SF,,2026-08-10 17:46:42
104038,1262,151,597,PENDING_PAYMENT,20.0,EXPRESS,,,314,SF,,2026-08-13 20:04:42
104039,721,485,32,PENDING_PAYMENT,10.0,MEETUP,23,19:00-20:00,,,,2026-08-09 16:02:42
104040,471,779,309,PENDING_PAYMENT,8.0,EXPRESS,,,1554,SF,,2026-08-15 21:50:42
104041,4554,795,572,PENDING_PAYMENT,50.0,MEETUP,6,18:00-19:00,,,,2026-08-11 16:46:42
104042,667,210,922,PENDING_PAYMENT,1.0,MEETUP,2,17:00-18:00,,,,2026-08-12 22:59:42
104043,1591,220,75,PENDING_PAYMENT,1.0,EXPRESS,,,457,SF,,2026-08-14 13:29:42
104044,2059,146,103,PENDING_PAYMENT,200.0,EXPRESS,,,301,SF,,2026-08-15 20:49:42
104045,3961,286,636,PENDING_PAYMENT,15.0,MEETUP,12,12:00-13:00,,,,2026-08-11 20:39:42
104046,3935,245,414,PENDING_PAYMENT,200.0,MEETUP,25,17:00-18:00,,,,2026-08-13 06:25:42
104047,329,457,648,PENDING_PAYMENT,2.0,EXPRESS,,,933,SF,,2026-08-08 18:12:42
104048,4870,698,239,PENDING_PAYMENT,2.0,EXPRESS,,,1389,SF,,2026-08-16 08:47:42
104049,2533,988,177,PENDING_PAYMENT,100.0,EXPRESS,,,1974,SF,,2026-08-07 22:37:42
104050,4080,849,494,PENDING_PAYMENT,3.0,EXPRESS,,,1687,SF,,2026-08-16 17:46:42
104051,3643,349,841,PENDING_PAYMENT,20.0,EXPRESS,,,713,SF,,2026-08-07 00:56:42
104052,3389,945,85,PENDING_PAYMENT,30.0,EXPRESS,,,1892,SF,,2026-08-08 15:48:42
104053,3554,288,33,PENDING_PAYMENT,12.0,MEETUP,5,18:00-19:00,,,,2026-08-08 12:08:42
104054,4176,943,580,PENDING_PAYMENT,120.0,EXPRESS,,,1889,SF,,2026-08-11 12:14:42
104055,3233,924,379,PENDING_PAYMENT,120.0,EXPRESS,,,1846,SF,,2026-08-13 17:27:42
104056,1347,732,28,PENDING_PAYMENT,3.0,EXPRESS,,,1451,SF,,2026-08-09 07:02:42
104057,3727,651,70,PENDING_PAYMENT,150.0,MEETUP,4,17:00-18:00,,,,2026-08-07 15:00:42
104058,1626,77,911,PENDING_PAYMENT,150.0,MEETUP,8,19:00-20:00,,,,2026-08-16 04:19:42
104059,1289,836,81,PENDING_PAYMENT,200.0,EXPRESS,,,1661,SF,,2026-08-09 18:59:42
104060,1130,163,863,PENDING_PAYMENT,150.0,MEETUP,5,18:00-19:00,,,,2026-08-12 09:31:42
104061,2021,634,780,PENDING_PAYMENT,12.0,EXPRESS,,,1262,SF,,2026-08-06 20:47:42
104062,3107,422,954,PENDING_PAYMENT,1.0,MEETUP,20,19:00-20:00,,,,2026-08-10 00:30:42
104063,1614,991,700,PENDING_PAYMENT,150.0,MEETUP,1,17:00-18:00,,,,2026-08-12 16:35:42
104064,4594,265,736,PENDING_PAYMENT,10.0,EXPRESS,,,552,SF,,2026-08-10 04:11:42
104065,4816,264,568,PENDING_PAYMENT,15.0,EXPRESS,,,548,SF,,2026-08-14 19:01:42
104066,3293,510,945,PENDING_PAYMENT,25.0,EXPRESS,,,1040,SF,,2026-08-10 00:13:42
104067,2351,783,406,PENDING_PAYMENT,100.0,EXPRESS,,,1561,SF,,2026-08-11 22:20:42
104068,2048,811,211,PENDING_PAYMENT,2.0,MEETUP,20,12:00-13:00,,,,2026-08-08 16:35:42
104069,2615,54,995,PENDING_PAYMENT,200.0,EXPRESS,,,119,SF,,2026-08-12 17:03:42
104070,1649,221,313,PENDING_PAYMENT,50.0,EXPRESS,,,460,SF,,2026-08-14 04:56:42
104071,2309,695,317,PENDING_PAYMENT,3.0,MEETUP,18,18:00-19:00,,,,2026-08-07 08:35:42
104072,742,307,163,PENDING_PAYMENT,60.0,EXPRESS,,,634,SF,,2026-08-13 22:12:42
104073,1302,575,88,PENDING_PAYMENT,30.0,MEETUP,13,12:00-13:00,,,,2026-08-10 23:02:42
104074,3437,47,627,PENDING_PAYMENT,10.0,EXPRESS,,,102,SF,,2026-08-10 04:50:42
104075,3412,606,989,PENDING_PAYMENT,60.0,EXPRESS,,,1212,SF,,2026-08-07 19:04:42
104076,580,611,255,PENDING_PAYMENT,8.0,EXPRESS,,,1218,SF,,2026-08-08 18:59:42
104077,1801,125,859,PENDING_PAYMENT,150.0,EXPRESS,,,255,SF,,2026-08-14 10:05:42
104078,4008,952,465,PENDING_PAYMENT,200.0,EXPRESS,,,1905,SF,,2026-08-16 08:13:42
104079,147,708,711,PENDING_PAYMENT,60.0,MEETUP,27,12:00-13:00,,,,2026-08-10 08:51:42
104080,2583,464,328,PENDING_PAYMENT,60.0,MEETUP,26,12:00-13:00,,,,2026-08-14 10:14:42
104081,928,875,335,PENDING_PAYMENT,30.0,MEETUP,12,17:00-18:00,,,,2026-08-10 14:28:42
104082,1664,608,839,PENDING_PAYMENT,200.0,EXPRESS,,,1214,SF,,2026-08-08 08:09:42
104083,3525,616,359,PENDING_PAYMENT,80.0,MEETUP,12,17:00-18:00,,,,2026-08-10 14:33:42
104084,3387,699,918,PENDING_PAYMENT,60.0,EXPRESS,,,1392,SF,,2026-08-12 01:57:42
104085,864,602,163,PENDING_PAYMENT,3.0,MEETUP,4,12:00-13:00,,,,2026-08-09 17:05:42
104086,3878,545,22,PENDING_PAYMENT,25.0,MEETUP,22,12:00-13:00,,,,2026-08-15 03:29:42
104087,2240,247,772,PENDING_PAYMENT,25.0,EXPRESS,,,511,SF,,2026-08-10 04:33:42
104088,1142,271,824,PENDING_PAYMENT,80.0,EXPRESS,,,565,SF,,2026-08-11 18:25:42
104089,575,179,221,PENDING_PAYMENT,150.0,EXPRESS,,,375,SF,,2026-08-11 01:08:42
104090,4473,488,830,PENDING_PAYMENT,50.0,MEETUP,8,17:00-18:00,,,,2026-08-14 02:25:42
104091,2897,257,584,PENDING_PAYMENT,150.0,MEETUP,21,12:00-13:00,,,,2026-08-16 07:30:42
104092,3839,311,114,PENDING_PAYMENT,5.0,MEETUP,28,17:00-18:00,,,,2026-08-07 09:13:42
104093,1696,41,480,PENDING_PAYMENT,20.0,EXPRESS,,,88,SF,,2026-08-12 10:21:42
104094,1669,580,442,PENDING_PAYMENT,15.0,MEETUP,16,17:00-18:00,,,,2026-08-16 18:20:42
104095,3223,741,728,PENDING_PAYMENT,50.0,EXPRESS,,,1475,SF,,2026-08-08 04:19:42
104096,4031,803,53,PENDING_PAYMENT,150.0,MEETUP,9,12:00-13:00,,,,2026-08-11 03:39:42
104097,1087,639,592,PENDING_PAYMENT,120.0,EXPRESS,,,1269,SF,,2026-08-14 16:33:42
104098,4973,432,202,PENDING_PAYMENT,80.0,EXPRESS,,,882,SF,,2026-08-07 13:07:42
104099,3962,217,594,PENDING_PAYMENT,15.0,MEETUP,21,19:00-20:00,,,,2026-08-12 19:02:42
104100,1963,911,48,PENDING_PAYMENT,60.0,EXPRESS,,,1815,SF,,2026-08-09 12:37:42
104101,4584,332,919,PENDING_PAYMENT,50.0,EXPRESS,,,683,SF,,2026-08-11 01:36:42
104102,4643,609,882,PENDING_PAYMENT,1.0,MEETUP,21,12:00-13:00,,,,2026-08-07 03:39:42
104103,4842,606,570,PENDING_PAYMENT,25.0,MEETUP,15,18:00-19:00,,,,2026-08-09 00:46:42
104104,4030,905,267,PENDING_PAYMENT,2.0,MEETUP,23,18:00-19:00,,,,2026-08-11 12:08:42
104105,621,390,473,PENDING_PAYMENT,2.0,EXPRESS,,,788,SF,,2026-08-16 08:58:42
104106,1878,306,602,PENDING_PAYMENT,12.0,EXPRESS,,,633,SF,,2026-08-10 05:09:42
104107,907,649,976,PENDING_PAYMENT,60.0,MEETUP,15,19:00-20:00,,,,2026-08-15 05:46:42
104108,1940,58,404,PENDING_PAYMENT,30.0,MEETUP,26,18:00-19:00,,,,2026-08-08 13:58:42
104109,4692,866,146,PENDING_PAYMENT,50.0,MEETUP,7,17:00-18:00,,,,2026-08-16 14:10:42
104110,4045,151,19,PENDING_PAYMENT,50.0,EXPRESS,,,314,SF,,2026-08-11 13:44:42
104111,3345,959,175,PENDING_PAYMENT,200.0,MEETUP,11,18:00-19:00,,,,2026-08-12 02:41:42
104112,970,325,131,PENDING_PAYMENT,80.0,MEETUP,23,17:00-18:00,,,,2026-08-07 12:53:42
104113,903,99,643,PENDING_PAYMENT,10.0,EXPRESS,,,206,SF,,2026-08-08 07:49:42
104114,2452,358,957,PENDING_PAYMENT,12.0,MEETUP,24,18:00-19:00,,,,2026-08-11 23:14:42
104115,638,144,667,PENDING_PAYMENT,50.0,EXPRESS,,,297,SF,,2026-08-08 05:28:42
104116,4591,917,947,PENDING_PAYMENT,80.0,MEETUP,23,12:00-13:00,,,,2026-08-15 07:57:42
104117,3274,243,313,PENDING_PAYMENT,8.0,MEETUP,9,17:00-18:00,,,,2026-08-09 04:54:42
104118,842,315,7,PENDING_PAYMENT,1.0,MEETUP,17,17:00-18:00,,,,2026-08-15 19:36:42
104119,2417,414,621,PENDING_PAYMENT,8.0,MEETUP,11,18:00-19:00,,,,2026-08-14 16:05:42
104120,736,927,424,PENDING_PAYMENT,1.0,MEETUP,4,19:00-20:00,,,,2026-08-06 20:18:42
104121,1377,57,798,PENDING_PAYMENT,5.0,EXPRESS,,,123,SF,,2026-08-16 07:02:42
104122,4006,490,873,PENDING_PAYMENT,15.0,MEETUP,20,19:00-20:00,,,,2026-08-11 12:41:42
104123,1762,820,12,PENDING_PAYMENT,2.0,EXPRESS,,,1629,SF,,2026-08-11 04:43:42
104124,1249,603,708,PENDING_PAYMENT,80.0,EXPRESS,,,1206,SF,,2026-08-16 15:46:42
104125,4201,849,100,PENDING_PAYMENT,1.0,EXPRESS,,,1687,SF,,2026-08-14 00:31:42
104126,4768,883,112,PENDING_PAYMENT,2.0,MEETUP,8,18:00-19:00,,,,2026-08-08 19:44:42
104127,3496,601,913,PENDING_PAYMENT,15.0,EXPRESS,,,1201,SF,,2026-08-08 20:44:42
104128,3757,639,458,PENDING_PAYMENT,8.0,MEETUP,18,19:00-20:00,,,,2026-08-13 12:14:42
104129,1537,548,667,PENDING_PAYMENT,8.0,MEETUP,23,19:00-20:00,,,,2026-08-07 03:12:42
104130,2927,62,510,PENDING_PAYMENT,60.0,EXPRESS,,,133,SF,,2026-08-08 02:29:42
104131,2828,936,571,PENDING_PAYMENT,1.0,EXPRESS,,,1870,SF,,2026-08-13 08:36:42
104132,3262,724,553,PENDING_PAYMENT,100.0,EXPRESS,,,1441,SF,,2026-08-14 14:22:42
104133,4650,471,278,PENDING_PAYMENT,10.0,EXPRESS,,,957,SF,,2026-08-12 23:04:42
104134,3312,575,235,PENDING_PAYMENT,25.0,EXPRESS,,,1155,SF,,2026-08-15 17:45:42
104135,2781,408,99,PENDING_PAYMENT,30.0,MEETUP,20,19:00-20:00,,,,2026-08-09 19:19:42
104136,4984,869,409,PENDING_PAYMENT,25.0,EXPRESS,,,1727,SF,,2026-08-12 05:22:42
104137,4704,548,898,PENDING_PAYMENT,200.0,EXPRESS,,,1105,SF,,2026-08-14 04:26:42
104138,2762,986,465,PENDING_PAYMENT,8.0,EXPRESS,,,1970,SF,,2026-08-11 07:33:42
104139,328,823,933,PENDING_PAYMENT,80.0,MEETUP,25,18:00-19:00,,,,2026-08-08 10:55:42
104140,1704,406,404,PENDING_PAYMENT,150.0,MEETUP,18,18:00-19:00,,,,2026-08-11 09:36:42
104141,2130,495,517,PENDING_PAYMENT,120.0,MEETUP,18,19:00-20:00,,,,2026-08-16 00:45:42
104142,3307,535,617,PENDING_PAYMENT,15.0,MEETUP,5,12:00-13:00,,,,2026-08-14 20:21:42
104143,2598,574,727,PENDING_PAYMENT,8.0,EXPRESS,,,1153,SF,,2026-08-12 23:15:42
104144,1337,864,594,PENDING_PAYMENT,2.0,EXPRESS,,,1717,SF,,2026-08-07 19:31:42
104145,2841,847,537,PENDING_PAYMENT,10.0,MEETUP,27,18:00-19:00,,,,2026-08-14 07:58:42
104146,3224,918,428,PENDING_PAYMENT,2.0,MEETUP,2,12:00-13:00,,,,2026-08-16 17:53:42
104147,1951,708,79,PENDING_PAYMENT,15.0,MEETUP,1,19:00-20:00,,,,2026-08-12 15:44:42
104148,3552,668,866,PENDING_PAYMENT,60.0,MEETUP,1,12:00-13:00,,,,2026-08-16 11:51:42
104149,1137,540,380,PENDING_PAYMENT,2.0,MEETUP,15,17:00-18:00,,,,2026-08-06 20:04:42
104150,5000,702,258,PENDING_PAYMENT,12.0,EXPRESS,,,1401,SF,,2026-08-12 04:39:42
104151,3131,973,699,PENDING_PAYMENT,20.0,MEETUP,6,19:00-20:00,,,,2026-08-07 06:37:42
104152,289,511,694,PENDING_PAYMENT,5.0,EXPRESS,,,1041,SF,,2026-08-08 06:41:42
104153,717,524,145,PENDING_PAYMENT,8.0,EXPRESS,,,1068,SF,,2026-08-12 08:10:42
104154,2984,322,962,PENDING_PAYMENT,25.0,EXPRESS,,,662,SF,,2026-08-16 04:58:42
104155,287,648,625,PENDING_PAYMENT,150.0,EXPRESS,,,1290,SF,,2026-08-11 09:55:42
104156,3622,116,201,PENDING_PAYMENT,3.0,MEETUP,19,19:00-20:00,,,,2026-08-07 18:49:42
104157,661,503,268,PENDING_PAYMENT,12.0,EXPRESS,,,1019,SF,,2026-08-15 08:23:42
104158,4210,481,154,PENDING_PAYMENT,2.0,MEETUP,3,18:00-19:00,,,,2026-08-10 21:53:42
104159,1897,760,42,PENDING_PAYMENT,5.0,MEETUP,4,18:00-19:00,,,,2026-08-14 12:32:42
104160,1387,697,983,PENDING_PAYMENT,50.0,EXPRESS,,,1387,SF,,2026-08-14 14:53:42
104161,4539,646,127,PENDING_PAYMENT,8.0,MEETUP,6,19:00-20:00,,,,2026-08-11 23:17:42
104162,1976,609,376,PENDING_PAYMENT,30.0,MEETUP,26,12:00-13:00,,,,2026-08-15 18:56:42
104163,793,968,777,PENDING_PAYMENT,1.0,MEETUP,5,18:00-19:00,,,,2026-08-16 15:03:42
104164,4060,144,393,PENDING_PAYMENT,100.0,MEETUP,9,18:00-19:00,,,,2026-08-09 19:24:42
104165,3988,647,801,PENDING_PAYMENT,80.0,EXPRESS,,,1287,SF,,2026-08-10 01:02:42
104166,4820,964,762,PENDING_PAYMENT,60.0,MEETUP,18,17:00-18:00,,,,2026-08-10 02:50:42
104167,2603,270,210,PENDING_PAYMENT,80.0,MEETUP,8,17:00-18:00,,,,2026-08-07 16:18:42
104168,3413,624,802,PENDING_PAYMENT,15.0,MEETUP,23,18:00-19:00,,,,2026-08-06 20:51:42
104169,4881,562,612,PENDING_PAYMENT,10.0,MEETUP,16,12:00-13:00,,,,2026-08-16 14:56:42
104170,3066,620,62,PENDING_PAYMENT,30.0,MEETUP,30,19:00-20:00,,,,2026-08-09 18:06:42
104171,3691,306,896,PENDING_PAYMENT,25.0,EXPRESS,,,633,SF,,2026-08-12 03:15:42
104172,4153,938,376,PENDING_PAYMENT,8.0,MEETUP,3,19:00-20:00,,,,2026-08-13 01:05:42
104173,4636,119,828,PENDING_PAYMENT,5.0,EXPRESS,,,244,SF,,2026-08-11 18:33:42
104174,3366,657,902,PENDING_PAYMENT,2.0,EXPRESS,,,1311,SF,,2026-08-16 14:38:42
104175,2200,432,566,PENDING_PAYMENT,15.0,EXPRESS,,,882,SF,,2026-08-07 18:58:42
104176,2807,595,597,PENDING_PAYMENT,120.0,EXPRESS,,,1187,SF,,2026-08-11 12:56:42
104177,4727,191,556,PENDING_PAYMENT,30.0,EXPRESS,,,399,SF,,2026-08-15 21:56:42
104178,4635,12,678,PENDING_PAYMENT,5.0,EXPRESS,,,26,SF,,2026-08-11 01:10:42
104179,2391,239,528,PENDING_PAYMENT,200.0,MEETUP,21,12:00-13:00,,,,2026-08-12 18:57:42
104180,3920,885,891,PENDING_PAYMENT,30.0,MEETUP,16,19:00-20:00,,,,2026-08-14 14:38:42
104181,2053,112,910,PENDING_PAYMENT,8.0,EXPRESS,,,231,SF,,2026-08-13 12:44:42
104182,3802,532,505,PENDING_PAYMENT,1.0,EXPRESS,,,1083,SF,,2026-08-07 11:54:42
104183,2680,9,964,PENDING_PAYMENT,8.0,EXPRESS,,,22,SF,,2026-08-11 02:10:42
104184,2592,155,994,PENDING_PAYMENT,120.0,EXPRESS,,,322,SF,,2026-08-14 10:05:42
104185,4875,160,719,PENDING_PAYMENT,5.0,EXPRESS,,,334,SF,,2026-08-08 03:29:42
104186,2170,21,285,PENDING_PAYMENT,50.0,MEETUP,25,19:00-20:00,,,,2026-08-07 05:39:42
104187,3575,629,889,PENDING_PAYMENT,200.0,MEETUP,4,19:00-20:00,,,,2026-08-12 10:13:42
104188,1121,737,731,PENDING_PAYMENT,10.0,MEETUP,28,19:00-20:00,,,,2026-08-16 16:06:42
104189,2382,72,93,PENDING_PAYMENT,50.0,EXPRESS,,,152,SF,,2026-08-14 19:53:42
104190,2850,800,103,PENDING_PAYMENT,12.0,MEETUP,15,19:00-20:00,,,,2026-08-11 03:01:42
104191,4220,858,700,PENDING_PAYMENT,150.0,EXPRESS,,,1705,SF,,2026-08-14 11:03:42
104192,3052,852,807,PENDING_PAYMENT,8.0,EXPRESS,,,1693,SF,,2026-08-10 13:30:42
104193,410,911,680,PENDING_PAYMENT,10.0,MEETUP,3,19:00-20:00,,,,2026-08-13 13:41:42
104194,3179,791,379,PENDING_PAYMENT,10.0,MEETUP,12,17:00-18:00,,,,2026-08-09 02:28:42
104195,1741,38,192,PENDING_PAYMENT,10.0,EXPRESS,,,80,SF,,2026-08-14 22:15:42
104196,1727,800,543,PENDING_PAYMENT,1.0,MEETUP,22,19:00-20:00,,,,2026-08-08 01:17:42
104197,3654,540,868,PENDING_PAYMENT,50.0,MEETUP,29,17:00-18:00,,,,2026-08-12 21:10:42
104198,1099,237,286,PENDING_PAYMENT,1.0,MEETUP,14,18:00-19:00,,,,2026-08-07 08:21:42
104199,3290,262,284,PENDING_PAYMENT,80.0,MEETUP,27,19:00-20:00,,,,2026-08-16 08:20:42
104200,124,221,283,PENDING_PAYMENT,200.0,MEETUP,16,12:00-13:00,,,,2026-08-12 05:53:42
104201,921,38,424,PENDING_PAYMENT,3.0,EXPRESS,,,82,SF,,2026-08-09 13:38:42
104202,2431,65,178,PENDING_PAYMENT,1.0,MEETUP,21,12:00-13:00,,,,2026-08-13 00:25:42
104203,1904,12,700,PENDING_PAYMENT,100.0,MEETUP,27,12:00-13:00,,,,2026-08-16 07:01:42
104204,796,805,212,PENDING_PAYMENT,120.0,EXPRESS,,,1603,SF,,2026-08-11 19:00:42
104205,3518,776,955,PENDING_PAYMENT,3.0,MEETUP,1,19:00-20:00,,,,2026-08-10 10:40:42
104206,1212,412,912,PENDING_PAYMENT,60.0,MEETUP,4,18:00-19:00,,,,2026-08-14 10:41:42
104207,4410,147,595,PENDING_PAYMENT,25.0,MEETUP,9,18:00-19:00,,,,2026-08-13 23:56:42
104208,2748,108,744,PENDING_PAYMENT,20.0,EXPRESS,,,221,SF,,2026-08-08 09:49:42
104209,343,799,659,PENDING_PAYMENT,3.0,MEETUP,10,12:00-13:00,,,,2026-08-07 03:35:42
104210,1505,740,816,PENDING_PAYMENT,60.0,EXPRESS,,,1471,SF,,2026-08-10 05:32:42
104211,2207,757,974,PENDING_PAYMENT,200.0,MEETUP,4,12:00-13:00,,,,2026-08-12 22:10:42
104212,17,638,523,PENDING_PAYMENT,150.0,EXPRESS,,,1267,SF,,2026-08-09 03:37:42
104213,512,788,719,PENDING_PAYMENT,20.0,MEETUP,20,18:00-19:00,,,,2026-08-14 13:23:42
104214,2934,134,910,PENDING_PAYMENT,80.0,MEETUP,2,18:00-19:00,,,,2026-08-13 11:10:42
104215,69,653,134,PENDING_PAYMENT,12.0,MEETUP,13,17:00-18:00,,,,2026-08-13 17:35:42
104216,246,936,218,PENDING_PAYMENT,30.0,EXPRESS,,,1871,SF,,2026-08-08 14:25:42
104217,4010,201,330,PENDING_PAYMENT,120.0,EXPRESS,,,422,SF,,2026-08-08 20:01:42
104218,1645,752,353,PENDING_PAYMENT,15.0,EXPRESS,,,1501,SF,,2026-08-11 14:09:42
104219,3545,493,852,PENDING_PAYMENT,3.0,EXPRESS,,,1001,SF,,2026-08-10 19:08:42
104220,740,637,565,PENDING_PAYMENT,100.0,MEETUP,15,19:00-20:00,,,,2026-08-13 04:02:42
104221,3531,416,370,PENDING_PAYMENT,2.0,MEETUP,14,17:00-18:00,,,,2026-08-10 23:42:42
104222,3756,504,80,PENDING_PAYMENT,10.0,MEETUP,10,18:00-19:00,,,,2026-08-09 09:39:42
104223,962,854,193,PENDING_PAYMENT,2.0,EXPRESS,,,1695,SF,,2026-08-07 05:57:42
104224,3245,34,925,PENDING_PAYMENT,5.0,EXPRESS,,,70,SF,,2026-08-12 02:17:42
104225,4715,261,4,PENDING_PAYMENT,12.0,MEETUP,21,12:00-13:00,,,,2026-08-08 07:50:42
104226,2408,799,305,PENDING_PAYMENT,15.0,EXPRESS,,,1594,SF,,2026-08-09 12:30:42
104227,4449,851,253,PENDING_PAYMENT,50.0,EXPRESS,,,1690,SF,,2026-08-10 16:22:42
104228,4964,685,416,PENDING_PAYMENT,20.0,MEETUP,24,17:00-18:00,,,,2026-08-11 23:09:42
104229,1620,730,655,PENDING_PAYMENT,12.0,MEETUP,24,19:00-20:00,,,,2026-08-09 07:35:42
104230,249,657,145,PENDING_PAYMENT,10.0,MEETUP,29,12:00-13:00,,,,2026-08-15 23:43:42
104231,4337,794,503,PENDING_PAYMENT,80.0,MEETUP,20,18:00-19:00,,,,2026-08-10 12:26:42
104232,3873,234,326,PENDING_PAYMENT,150.0,EXPRESS,,,488,SF,,2026-08-08 00:13:42
104233,4257,572,7,PENDING_PAYMENT,60.0,MEETUP,30,12:00-13:00,,,,2026-08-07 04:57:42
104234,1339,177,509,PENDING_PAYMENT,50.0,MEETUP,4,18:00-19:00,,,,2026-08-14 15:49:42
104235,1455,931,148,PENDING_PAYMENT,12.0,EXPRESS,,,1861,SF,,2026-08-12 18:38:42
104236,2139,278,201,PENDING_PAYMENT,3.0,EXPRESS,,,579,SF,,2026-08-09 14:07:42
104237,728,866,949,PENDING_PAYMENT,60.0,MEETUP,28,12:00-13:00,,,,2026-08-14 08:18:42
104238,3100,914,916,PENDING_PAYMENT,3.0,EXPRESS,,,1824,SF,,2026-08-06 20:33:42
104239,3366,101,902,PENDING_PAYMENT,2.0,MEETUP,7,17:00-18:00,,,,2026-08-11 11:53:42
104240,578,597,371,PENDING_PAYMENT,2.0,MEETUP,26,19:00-20:00,,,,2026-08-13 12:18:42
104241,2733,606,463,PENDING_PAYMENT,1.0,EXPRESS,,,1212,SF,,2026-08-09 03:23:42
104242,4924,769,465,PENDING_PAYMENT,60.0,EXPRESS,,,1537,SF,,2026-08-10 15:45:42
104243,3586,852,89,PENDING_PAYMENT,10.0,EXPRESS,,,1693,SF,,2026-08-15 10:11:42
104244,4880,164,843,PENDING_PAYMENT,50.0,EXPRESS,,,341,SF,,2026-08-16 17:04:42
104245,4715,420,4,PENDING_PAYMENT,12.0,MEETUP,1,18:00-19:00,,,,2026-08-15 02:51:42
104246,1974,423,154,PENDING_PAYMENT,150.0,EXPRESS,,,864,SF,,2026-08-16 05:31:42
104247,3493,90,11,PENDING_PAYMENT,30.0,MEETUP,28,17:00-18:00,,,,2026-08-16 16:50:42
104248,3695,280,361,PENDING_PAYMENT,12.0,EXPRESS,,,585,SF,,2026-08-07 22:22:42
104249,4796,252,119,PENDING_PAYMENT,3.0,EXPRESS,,,522,SF,,2026-08-09 11:51:42
104250,473,109,885,PENDING_PAYMENT,60.0,MEETUP,24,12:00-13:00,,,,2026-08-10 17:55:42
104251,1894,7,165,PENDING_PAYMENT,1.0,EXPRESS,,,19,SF,,2026-08-09 11:25:42
104252,360,399,256,PENDING_PAYMENT,80.0,MEETUP,6,18:00-19:00,,,,2026-08-11 07:33:42
104253,952,594,175,PENDING_PAYMENT,15.0,EXPRESS,,,1185,SF,,2026-08-12 19:47:42
104254,1329,662,563,PENDING_PAYMENT,30.0,MEETUP,14,19:00-20:00,,,,2026-08-11 17:17:42
104255,4432,27,493,PENDING_PAYMENT,60.0,MEETUP,16,12:00-13:00,,,,2026-08-11 05:19:42
104256,2418,614,60,PENDING_PAYMENT,120.0,MEETUP,9,18:00-19:00,,,,2026-08-09 01:06:42
104257,4516,282,694,PENDING_PAYMENT,15.0,EXPRESS,,,589,SF,,2026-08-11 22:42:42
104258,2897,75,584,PENDING_PAYMENT,150.0,MEETUP,1,12:00-13:00,,,,2026-08-11 20:33:42
104259,1015,324,303,PENDING_PAYMENT,2.0,MEETUP,24,18:00-19:00,,,,2026-08-13 06:34:42
104260,3556,990,86,PENDING_PAYMENT,60.0,EXPRESS,,,1978,SF,,2026-08-07 03:03:42
104261,2104,272,916,PENDING_PAYMENT,80.0,MEETUP,1,17:00-18:00,,,,2026-08-09 02:16:42
104262,796,80,212,PENDING_PAYMENT,120.0,EXPRESS,,,168,SF,,2026-08-11 05:49:42
104263,4246,341,240,PENDING_PAYMENT,80.0,MEETUP,6,12:00-13:00,,,,2026-08-11 10:53:42
104264,2197,521,67,PENDING_PAYMENT,10.0,MEETUP,25,18:00-19:00,,,,2026-08-10 22:09:42
104265,3793,436,263,PENDING_PAYMENT,3.0,MEETUP,29,18:00-19:00,,,,2026-08-12 16:41:42
104266,1385,75,866,PENDING_PAYMENT,1.0,EXPRESS,,,158,SF,,2026-08-16 03:25:42
104267,4607,867,514,PENDING_PAYMENT,10.0,MEETUP,29,18:00-19:00,,,,2026-08-12 23:11:42
104268,1853,631,350,PENDING_PAYMENT,2.0,EXPRESS,,,1257,SF,,2026-08-08 19:20:42
104269,2121,453,489,PENDING_PAYMENT,25.0,EXPRESS,,,922,SF,,2026-08-16 08:36:42
104270,4096,385,73,PENDING_PAYMENT,150.0,EXPRESS,,,778,SF,,2026-08-11 22:34:42
104271,1752,84,776,PENDING_PAYMENT,15.0,MEETUP,30,19:00-20:00,,,,2026-08-09 02:47:42
104272,1634,438,602,PENDING_PAYMENT,1.0,MEETUP,30,19:00-20:00,,,,2026-08-08 10:09:42
104273,1210,649,776,PENDING_PAYMENT,5.0,MEETUP,27,19:00-20:00,,,,2026-08-12 17:35:42
104274,741,487,237,PENDING_PAYMENT,2.0,MEETUP,26,19:00-20:00,,,,2026-08-11 03:14:42
104275,1908,161,583,PENDING_PAYMENT,80.0,MEETUP,18,17:00-18:00,,,,2026-08-10 15:43:42
104276,4266,113,706,PENDING_PAYMENT,200.0,EXPRESS,,,233,SF,,2026-08-15 21:06:42
104277,440,135,454,PENDING_PAYMENT,50.0,EXPRESS,,,275,SF,,2026-08-11 19:55:42
104278,1658,419,519,PENDING_PAYMENT,2.0,MEETUP,16,18:00-19:00,,,,2026-08-10 14:18:42
104279,2831,155,140,PENDING_PAYMENT,150.0,MEETUP,24,18:00-19:00,,,,2026-08-13 23:41:42
104280,1188,440,708,PENDING_PAYMENT,8.0,EXPRESS,,,897,SF,,2026-08-11 14:01:42
104281,419,532,42,PENDING_PAYMENT,12.0,MEETUP,14,12:00-13:00,,,,2026-08-09 07:17:42
104282,4213,765,135,PENDING_PAYMENT,5.0,MEETUP,15,17:00-18:00,,,,2026-08-15 15:28:42
104283,210,908,715,PENDING_PAYMENT,1.0,MEETUP,23,17:00-18:00,,,,2026-08-11 19:55:42
104284,1553,438,314,PENDING_PAYMENT,80.0,MEETUP,7,19:00-20:00,,,,2026-08-16 01:46:42
104285,3853,530,775,PENDING_PAYMENT,25.0,MEETUP,12,19:00-20:00,,,,2026-08-10 20:22:42
104286,2270,598,231,PENDING_PAYMENT,20.0,EXPRESS,,,1195,SF,,2026-08-10 22:45:42
104287,4278,862,323,PENDING_PAYMENT,12.0,MEETUP,26,12:00-13:00,,,,2026-08-07 12:49:42
104288,4945,672,459,PENDING_PAYMENT,200.0,MEETUP,17,19:00-20:00,,,,2026-08-13 07:32:42
104289,1526,237,323,PENDING_PAYMENT,30.0,MEETUP,8,17:00-18:00,,,,2026-08-11 02:09:42
104290,3436,181,102,PENDING_PAYMENT,200.0,EXPRESS,,,380,SF,,2026-08-16 11:02:42
104291,4408,336,943,PENDING_PAYMENT,60.0,MEETUP,29,18:00-19:00,,,,2026-08-12 01:31:42
104292,401,109,653,PENDING_PAYMENT,25.0,MEETUP,3,19:00-20:00,,,,2026-08-13 14:16:42
104293,480,2,391,PENDING_PAYMENT,5.0,MEETUP,10,17:00-18:00,,,,2026-08-14 23:18:42
104294,4393,643,81,PENDING_PAYMENT,3.0,MEETUP,30,19:00-20:00,,,,2026-08-16 03:43:42
104295,1559,116,132,PENDING_PAYMENT,5.0,MEETUP,12,19:00-20:00,,,,2026-08-10 16:39:42
104296,1247,45,99,PENDING_PAYMENT,20.0,EXPRESS,,,96,SF,,2026-08-15 10:06:42
104297,295,159,826,PENDING_PAYMENT,150.0,EXPRESS,,,331,SF,,2026-08-11 21:47:42
104298,867,938,169,PENDING_PAYMENT,3.0,EXPRESS,,,1875,SF,,2026-08-15 08:47:42
104299,1240,202,173,PENDING_PAYMENT,30.0,MEETUP,6,18:00-19:00,,,,2026-08-15 07:15:42
104300,1503,471,118,PENDING_PAYMENT,5.0,EXPRESS,,,957,SF,,2026-08-10 19:12:42
104301,2943,830,892,PENDING_PAYMENT,80.0,MEETUP,12,17:00-18:00,,,,2026-08-14 10:45:42
104302,2600,883,938,PENDING_PAYMENT,80.0,EXPRESS,,,1754,SF,,2026-08-11 00:35:42
104303,3866,399,995,PENDING_PAYMENT,50.0,MEETUP,10,17:00-18:00,,,,2026-08-07 01:16:42
104304,3452,675,985,PENDING_PAYMENT,50.0,MEETUP,17,19:00-20:00,,,,2026-08-11 13:22:42
104305,4598,689,921,PENDING_PAYMENT,120.0,MEETUP,17,12:00-13:00,,,,2026-08-09 17:45:42
104306,3498,136,886,PENDING_PAYMENT,30.0,EXPRESS,,,278,SF,,2026-08-08 07:47:42
104307,1225,302,845,PENDING_PAYMENT,10.0,MEETUP,3,19:00-20:00,,,,2026-08-09 14:52:42
104308,4498,236,63,PENDING_PAYMENT,2.0,EXPRESS,,,494,SF,,2026-08-10 16:13:42
104309,167,534,544,PENDING_PAYMENT,30.0,EXPRESS,,,1085,SF,,2026-08-14 05:04:42
104310,2626,624,210,PENDING_PAYMENT,150.0,MEETUP,20,18:00-19:00,,,,2026-08-15 19:29:42
104311,3577,640,588,PENDING_PAYMENT,30.0,EXPRESS,,,1270,SF,,2026-08-11 17:01:42
104312,3009,343,100,PENDING_PAYMENT,3.0,EXPRESS,,,698,SF,,2026-08-07 04:34:42
104313,3043,603,470,PENDING_PAYMENT,120.0,MEETUP,7,18:00-19:00,,,,2026-08-15 00:11:42
104314,3567,170,631,PENDING_PAYMENT,80.0,MEETUP,30,18:00-19:00,,,,2026-08-15 08:32:42
104315,1550,569,559,PENDING_PAYMENT,20.0,EXPRESS,,,1148,SF,,2026-08-06 22:27:42
104316,2860,847,973,PENDING_PAYMENT,2.0,MEETUP,17,18:00-19:00,,,,2026-08-09 12:31:42
104317,2793,584,138,PENDING_PAYMENT,12.0,MEETUP,16,19:00-20:00,,,,2026-08-10 16:48:42
104318,1652,105,750,PENDING_PAYMENT,120.0,EXPRESS,,,217,SF,,2026-08-15 08:08:42
104319,4105,768,589,PENDING_PAYMENT,120.0,EXPRESS,,,1536,SF,,2026-08-16 10:10:42
104320,4136,943,418,PENDING_PAYMENT,120.0,EXPRESS,,,1888,SF,,2026-08-08 04:45:42
104321,4286,655,262,PENDING_PAYMENT,8.0,EXPRESS,,,1306,SF,,2026-08-15 18:28:42
104322,3839,748,114,PENDING_PAYMENT,5.0,EXPRESS,,,1491,SF,,2026-08-10 21:38:42
104323,273,367,992,PENDING_PAYMENT,150.0,EXPRESS,,,747,SF,,2026-08-14 16:56:42
104324,518,537,318,PENDING_PAYMENT,3.0,EXPRESS,,,1089,SF,,2026-08-14 01:03:42
104325,2730,764,576,PENDING_PAYMENT,8.0,EXPRESS,,,1532,SF,,2026-08-07 22:52:42
104326,4992,57,873,PENDING_PAYMENT,50.0,EXPRESS,,,123,SF,,2026-08-08 18:33:42
104327,1820,276,482,PENDING_PAYMENT,1.0,EXPRESS,,,574,SF,,2026-08-16 12:46:42
104328,2398,728,392,PENDING_PAYMENT,50.0,MEETUP,28,17:00-18:00,,,,2026-08-16 03:55:42
104329,1852,45,597,PENDING_PAYMENT,200.0,EXPRESS,,,98,SF,,2026-08-11 19:15:42
104330,1519,239,116,PENDING_PAYMENT,200.0,EXPRESS,,,498,SF,,2026-08-08 22:06:42
104331,3381,779,688,PENDING_PAYMENT,30.0,MEETUP,17,18:00-19:00,,,,2026-08-10 17:22:42
104332,4020,644,171,PENDING_PAYMENT,3.0,MEETUP,23,19:00-20:00,,,,2026-08-11 08:56:42
104333,4003,452,304,PENDING_PAYMENT,100.0,EXPRESS,,,920,SF,,2026-08-16 16:13:42
104334,691,657,422,PENDING_PAYMENT,3.0,MEETUP,18,18:00-19:00,,,,2026-08-12 23:00:42
104335,4776,55,844,PENDING_PAYMENT,1.0,MEETUP,14,17:00-18:00,,,,2026-08-11 02:24:42
104336,2888,107,832,PENDING_PAYMENT,100.0,EXPRESS,,,220,SF,,2026-08-16 17:47:42
104337,2582,208,815,PENDING_PAYMENT,3.0,MEETUP,1,18:00-19:00,,,,2026-08-07 22:37:42
104338,325,247,403,PENDING_PAYMENT,120.0,EXPRESS,,,512,SF,,2026-08-07 00:09:42
104339,559,744,714,PENDING_PAYMENT,12.0,EXPRESS,,,1481,SF,,2026-08-16 14:57:42
104340,3697,473,70,PENDING_PAYMENT,20.0,EXPRESS,,,961,SF,,2026-08-16 12:35:42
104341,2239,261,719,PENDING_PAYMENT,1.0,MEETUP,11,17:00-18:00,,,,2026-08-16 08:05:42
104342,4259,754,512,PENDING_PAYMENT,10.0,MEETUP,7,18:00-19:00,,,,2026-08-11 14:57:42
104343,1474,892,551,PENDING_PAYMENT,1.0,EXPRESS,,,1776,SF,,2026-08-16 18:20:42
104344,4892,737,845,PENDING_PAYMENT,1.0,MEETUP,18,19:00-20:00,,,,2026-08-11 08:16:42
104345,4485,644,151,PENDING_PAYMENT,100.0,EXPRESS,,,1281,SF,,2026-08-16 06:12:42
104346,3326,435,577,PENDING_PAYMENT,100.0,EXPRESS,,,888,SF,,2026-08-16 05:27:42
104347,1591,529,75,PENDING_PAYMENT,1.0,EXPRESS,,,1077,SF,,2026-08-16 14:25:42
104348,4475,450,630,PENDING_PAYMENT,12.0,MEETUP,28,19:00-20:00,,,,2026-08-14 15:20:42
104349,2423,523,49,PENDING_PAYMENT,200.0,MEETUP,15,19:00-20:00,,,,2026-08-12 08:35:42
104350,4323,298,186,PENDING_PAYMENT,20.0,MEETUP,3,19:00-20:00,,,,2026-08-10 15:25:42
104351,1973,666,53,PENDING_PAYMENT,80.0,EXPRESS,,,1329,SF,,2026-08-12 13:44:42
104352,604,594,760,PENDING_PAYMENT,3.0,MEETUP,10,17:00-18:00,,,,2026-08-15 07:00:42
104353,9,691,131,PENDING_PAYMENT,8.0,EXPRESS,,,1377,SF,,2026-08-09 15:15:42
104354,368,158,415,PENDING_PAYMENT,15.0,MEETUP,25,17:00-18:00,,,,2026-08-13 09:17:42
104355,1463,373,195,PENDING_PAYMENT,200.0,MEETUP,20,19:00-20:00,,,,2026-08-15 01:41:42
104356,147,237,711,PENDING_PAYMENT,60.0,EXPRESS,,,495,SF,,2026-08-08 00:20:42
104357,974,872,195,PENDING_PAYMENT,8.0,MEETUP,6,18:00-19:00,,,,2026-08-16 17:03:42
104358,3794,525,376,PENDING_PAYMENT,200.0,MEETUP,14,17:00-18:00,,,,2026-08-14 21:42:42
104359,1397,815,347,PENDING_PAYMENT,10.0,EXPRESS,,,1619,SF,,2026-08-07 15:52:42
104360,424,698,792,PENDING_PAYMENT,20.0,MEETUP,5,18:00-19:00,,,,2026-08-06 20:49:42
104361,3410,230,877,PENDING_PAYMENT,20.0,MEETUP,28,18:00-19:00,,,,2026-08-11 12:08:42
104362,2446,188,853,PENDING_PAYMENT,50.0,MEETUP,1,18:00-19:00,,,,2026-08-11 01:11:42
104363,4920,889,19,PENDING_PAYMENT,8.0,MEETUP,3,17:00-18:00,,,,2026-08-15 16:58:42
104364,1864,56,306,PENDING_PAYMENT,5.0,EXPRESS,,,122,SF,,2026-08-09 18:43:42
104365,2068,262,507,PENDING_PAYMENT,25.0,MEETUP,18,18:00-19:00,,,,2026-08-12 17:10:42
104366,2462,216,295,PENDING_PAYMENT,100.0,MEETUP,16,18:00-19:00,,,,2026-08-11 10:08:42
104367,295,341,826,PENDING_PAYMENT,150.0,EXPRESS,,,696,SF,,2026-08-08 06:02:42
104368,2494,272,324,PENDING_PAYMENT,3.0,EXPRESS,,,566,SF,,2026-08-10 09:30:42
104369,2992,25,872,PENDING_PAYMENT,2.0,EXPRESS,,,52,SF,,2026-08-13 16:04:42
104370,2046,897,201,PENDING_PAYMENT,50.0,EXPRESS,,,1786,SF,,2026-08-07 15:14:42
104371,3565,156,51,PENDING_PAYMENT,50.0,EXPRESS,,,325,SF,,2026-08-08 11:32:42
104372,4005,774,323,PENDING_PAYMENT,8.0,EXPRESS,,,1543,SF,,2026-08-15 09:20:42
104373,37,539,1000,PENDING_PAYMENT,30.0,MEETUP,2,17:00-18:00,,,,2026-08-10 14:41:42
104374,1886,213,794,PENDING_PAYMENT,1.0,MEETUP,20,19:00-20:00,,,,2026-08-15 00:08:42
104375,1995,936,537,PENDING_PAYMENT,50.0,MEETUP,1,17:00-18:00,,,,2026-08-16 04:16:42
104376,72,398,566,PENDING_PAYMENT,3.0,EXPRESS,,,806,SF,,2026-08-12 23:09:42
104377,2610,731,781,PENDING_PAYMENT,20.0,MEETUP,1,12:00-13:00,,,,2026-08-09 10:36:42
104378,580,751,255,PENDING_PAYMENT,8.0,MEETUP,15,12:00-13:00,,,,2026-08-09 13:09:42
104379,1976,913,376,PENDING_PAYMENT,30.0,MEETUP,23,18:00-19:00,,,,2026-08-10 06:28:42
104380,1281,636,569,PENDING_PAYMENT,60.0,MEETUP,19,19:00-20:00,,,,2026-08-08 02:43:42
104381,2834,523,661,PENDING_PAYMENT,12.0,EXPRESS,,,1065,SF,,2026-08-11 22:50:42
104382,3847,444,266,PENDING_PAYMENT,12.0,EXPRESS,,,904,SF,,2026-08-13 05:54:42
104383,1360,615,265,PENDING_PAYMENT,1.0,MEETUP,20,17:00-18:00,,,,2026-08-16 07:12:42
104384,992,159,910,PENDING_PAYMENT,25.0,EXPRESS,,,331,SF,,2026-08-07 02:51:42
104385,491,953,530,PENDING_PAYMENT,8.0,EXPRESS,,,1906,SF,,2026-08-10 08:05:42
104386,1107,312,424,PENDING_PAYMENT,50.0,MEETUP,14,18:00-19:00,,,,2026-08-14 12:38:42
104387,1751,60,743,PENDING_PAYMENT,200.0,EXPRESS,,,130,SF,,2026-08-10 11:47:42
104388,2849,752,933,PENDING_PAYMENT,200.0,MEETUP,19,18:00-19:00,,,,2026-08-09 23:57:42
104389,704,15,828,PENDING_PAYMENT,60.0,MEETUP,12,17:00-18:00,,,,2026-08-11 18:56:42
104390,841,377,772,PENDING_PAYMENT,60.0,EXPRESS,,,766,SF,,2026-08-08 23:10:42
104391,4708,342,950,PENDING_PAYMENT,12.0,MEETUP,23,18:00-19:00,,,,2026-08-16 15:45:42
104392,162,538,901,PENDING_PAYMENT,10.0,MEETUP,17,17:00-18:00,,,,2026-08-15 16:29:42
104393,1600,274,894,PENDING_PAYMENT,25.0,EXPRESS,,,569,SF,,2026-08-15 06:06:42
104394,2988,258,636,PENDING_PAYMENT,2.0,MEETUP,17,17:00-18:00,,,,2026-08-08 10:47:42
104395,1734,643,428,PENDING_PAYMENT,15.0,EXPRESS,,,1276,SF,,2026-08-15 03:13:42
104396,3332,664,585,PENDING_PAYMENT,30.0,MEETUP,19,19:00-20:00,,,,2026-08-13 18:48:42
104397,2497,657,92,PENDING_PAYMENT,120.0,MEETUP,4,12:00-13:00,,,,2026-08-15 23:37:42
104398,4873,515,254,PENDING_PAYMENT,80.0,MEETUP,22,18:00-19:00,,,,2026-08-10 03:17:42
104399,4493,977,11,PENDING_PAYMENT,20.0,EXPRESS,,,1958,SF,,2026-08-11 21:17:42
104400,486,511,854,PENDING_PAYMENT,1.0,EXPRESS,,,1041,SF,,2026-08-08 09:06:42
104401,429,278,431,PENDING_PAYMENT,12.0,MEETUP,21,12:00-13:00,,,,2026-08-15 05:10:42
104402,1720,224,810,PENDING_PAYMENT,25.0,EXPRESS,,,467,SF,,2026-08-15 05:30:42
104403,2033,222,23,PENDING_PAYMENT,30.0,MEETUP,8,17:00-18:00,,,,2026-08-13 03:43:42
104404,3295,78,167,PENDING_PAYMENT,150.0,EXPRESS,,,166,SF,,2026-08-08 09:39:42
104405,4366,595,693,PENDING_PAYMENT,25.0,MEETUP,12,19:00-20:00,,,,2026-08-11 22:38:42
104406,4314,349,500,PENDING_PAYMENT,150.0,MEETUP,4,17:00-18:00,,,,2026-08-12 16:24:42
104407,3066,635,62,PENDING_PAYMENT,30.0,MEETUP,26,19:00-20:00,,,,2026-08-12 01:01:42
104408,4997,861,676,PENDING_PAYMENT,120.0,EXPRESS,,,1711,SF,,2026-08-12 05:11:42
104409,2492,747,504,PENDING_PAYMENT,30.0,MEETUP,27,12:00-13:00,,,,2026-08-14 19:38:42
104410,4831,81,522,PENDING_PAYMENT,1.0,MEETUP,8,19:00-20:00,,,,2026-08-16 00:15:42
104411,2197,478,67,PENDING_PAYMENT,10.0,MEETUP,13,17:00-18:00,,,,2026-08-15 06:03:42
104412,1935,70,813,PENDING_PAYMENT,60.0,EXPRESS,,,147,SF,,2026-08-09 05:50:42
104413,2885,474,165,PENDING_PAYMENT,50.0,EXPRESS,,,962,SF,,2026-08-11 08:14:42
104414,885,991,227,PENDING_PAYMENT,100.0,MEETUP,13,18:00-19:00,,,,2026-08-07 11:15:42
104415,135,973,80,PENDING_PAYMENT,150.0,MEETUP,27,19:00-20:00,,,,2026-08-06 21:37:42
104416,3045,907,900,PENDING_PAYMENT,10.0,MEETUP,19,19:00-20:00,,,,2026-08-08 22:45:42
104417,2530,650,661,PENDING_PAYMENT,20.0,MEETUP,10,19:00-20:00,,,,2026-08-16 16:36:42
104418,1405,461,611,PENDING_PAYMENT,25.0,MEETUP,2,17:00-18:00,,,,2026-08-09 23:01:42
104419,4091,814,497,PENDING_PAYMENT,60.0,EXPRESS,,,1617,SF,,2026-08-07 23:02:42
104420,189,400,188,PENDING_PAYMENT,100.0,EXPRESS,,,809,SF,,2026-08-12 05:40:42
104421,3554,291,33,PENDING_PAYMENT,12.0,MEETUP,2,18:00-19:00,,,,2026-08-11 19:16:42
104422,3830,783,732,PENDING_PAYMENT,50.0,EXPRESS,,,1561,SF,,2026-08-08 22:03:42
104423,770,904,480,PENDING_PAYMENT,60.0,EXPRESS,,,1802,SF,,2026-08-10 17:29:42
104424,4000,810,794,PENDING_PAYMENT,20.0,MEETUP,1,12:00-13:00,,,,2026-08-13 21:20:42
104425,171,23,160,PENDING_PAYMENT,100.0,MEETUP,10,17:00-18:00,,,,2026-08-15 01:03:42
104426,685,963,352,PENDING_PAYMENT,100.0,MEETUP,1,17:00-18:00,,,,2026-08-10 19:59:42
104427,1773,219,362,PENDING_PAYMENT,50.0,EXPRESS,,,455,SF,,2026-08-10 07:57:42
104428,2346,459,808,PENDING_PAYMENT,120.0,MEETUP,6,12:00-13:00,,,,2026-08-10 13:13:42
104429,1918,393,725,PENDING_PAYMENT,20.0,EXPRESS,,,797,SF,,2026-08-11 05:26:42
104430,4697,869,470,PENDING_PAYMENT,120.0,EXPRESS,,,1727,SF,,2026-08-11 20:13:42
104431,3568,525,160,PENDING_PAYMENT,1.0,EXPRESS,,,1070,SF,,2026-08-12 00:36:42
104432,2761,168,456,PENDING_PAYMENT,20.0,MEETUP,11,12:00-13:00,,,,2026-08-08 11:00:42
104433,1667,985,503,PENDING_PAYMENT,2.0,EXPRESS,,,1969,SF,,2026-08-08 17:13:42
104434,4647,961,197,PENDING_PAYMENT,20.0,MEETUP,6,19:00-20:00,,,,2026-08-13 07:33:42
104435,4414,466,34,PENDING_PAYMENT,15.0,EXPRESS,,,948,SF,,2026-08-13 23:23:42
104436,4124,455,21,PENDING_PAYMENT,120.0,MEETUP,11,19:00-20:00,,,,2026-08-07 12:04:42
104437,3939,311,526,PENDING_PAYMENT,10.0,EXPRESS,,,640,SF,,2026-08-13 00:01:42
104438,4118,284,735,PENDING_PAYMENT,60.0,MEETUP,12,18:00-19:00,,,,2026-08-13 03:44:42
104439,4127,382,464,PENDING_PAYMENT,2.0,MEETUP,19,17:00-18:00,,,,2026-08-15 12:36:42
104440,6,252,181,PENDING_PAYMENT,1.0,EXPRESS,,,521,SF,,2026-08-08 21:43:42
104441,3988,473,801,PENDING_PAYMENT,80.0,MEETUP,11,12:00-13:00,,,,2026-08-10 16:40:42
104442,4330,52,424,PENDING_PAYMENT,12.0,EXPRESS,,,113,SF,,2026-08-07 17:52:42
104443,1498,975,33,PENDING_PAYMENT,30.0,MEETUP,16,17:00-18:00,,,,2026-08-13 01:41:42
104444,429,289,431,PENDING_PAYMENT,12.0,MEETUP,10,19:00-20:00,,,,2026-08-07 09:08:42
104445,724,433,390,PENDING_PAYMENT,10.0,MEETUP,5,17:00-18:00,,,,2026-08-10 07:45:42
104446,4421,640,530,PENDING_PAYMENT,50.0,MEETUP,25,17:00-18:00,,,,2026-08-12 21:35:42
104447,4034,327,5,PENDING_PAYMENT,120.0,EXPRESS,,,671,SF,,2026-08-12 07:02:42
104448,4420,166,552,PENDING_PAYMENT,100.0,EXPRESS,,,345,SF,,2026-08-09 10:45:42
104449,1830,508,339,PENDING_PAYMENT,10.0,EXPRESS,,,1032,SF,,2026-08-16 09:56:42
104450,1922,584,976,PENDING_PAYMENT,8.0,MEETUP,9,18:00-19:00,,,,2026-08-13 18:41:42
104451,3030,105,775,PENDING_PAYMENT,15.0,EXPRESS,,,217,SF,,2026-08-08 03:22:42
104452,3794,705,376,PENDING_PAYMENT,200.0,MEETUP,8,18:00-19:00,,,,2026-08-16 11:12:42
104453,4277,375,287,PENDING_PAYMENT,100.0,EXPRESS,,,761,SF,,2026-08-13 05:30:42
104454,2903,945,455,PENDING_PAYMENT,200.0,MEETUP,20,17:00-18:00,,,,2026-08-13 18:57:42
104455,10,619,384,PENDING_PAYMENT,5.0,EXPRESS,,,1233,SF,,2026-08-08 22:44:42
104456,813,436,5,PENDING_PAYMENT,8.0,MEETUP,11,19:00-20:00,,,,2026-08-08 08:27:42
104457,4401,548,50,PENDING_PAYMENT,2.0,EXPRESS,,,1105,SF,,2026-08-12 04:34:42
104458,4587,362,269,PENDING_PAYMENT,25.0,MEETUP,18,12:00-13:00,,,,2026-08-07 22:28:42
104459,524,40,4,PENDING_PAYMENT,200.0,EXPRESS,,,87,SF,,2026-08-09 14:29:42
104460,2677,843,671,PENDING_PAYMENT,80.0,MEETUP,17,18:00-19:00,,,,2026-08-09 20:50:42
104461,2664,597,810,PENDING_PAYMENT,80.0,EXPRESS,,,1193,SF,,2026-08-12 11:19:42
104462,984,758,742,PENDING_PAYMENT,3.0,MEETUP,12,12:00-13:00,,,,2026-08-16 05:32:42
104463,3413,887,802,PENDING_PAYMENT,15.0,EXPRESS,,,1763,SF,,2026-08-09 11:22:42
104464,1132,172,248,PENDING_PAYMENT,60.0,EXPRESS,,,358,SF,,2026-08-10 21:04:42
104465,4626,609,337,PENDING_PAYMENT,50.0,MEETUP,7,12:00-13:00,,,,2026-08-13 23:14:42
104466,2017,124,510,PENDING_PAYMENT,5.0,EXPRESS,,,253,SF,,2026-08-13 18:13:42
104467,178,345,382,PENDING_PAYMENT,200.0,MEETUP,14,19:00-20:00,,,,2026-08-11 14:03:42
104468,1709,952,217,PENDING_PAYMENT,30.0,EXPRESS,,,1905,SF,,2026-08-15 00:38:42
104469,3090,348,488,PENDING_PAYMENT,12.0,EXPRESS,,,709,SF,,2026-08-06 23:02:42
104470,4236,70,23,PENDING_PAYMENT,100.0,EXPRESS,,,147,SF,,2026-08-08 09:03:42
104471,3237,952,310,PENDING_PAYMENT,12.0,MEETUP,9,17:00-18:00,,,,2026-08-15 08:59:42
104472,1635,340,255,PENDING_PAYMENT,3.0,EXPRESS,,,694,SF,,2026-08-13 10:51:42
104473,573,923,634,PENDING_PAYMENT,1.0,EXPRESS,,,1843,SF,,2026-08-14 07:00:42
104474,4697,823,470,PENDING_PAYMENT,120.0,EXPRESS,,,1635,SF,,2026-08-15 14:05:42
104475,4106,28,186,PENDING_PAYMENT,15.0,EXPRESS,,,59,SF,,2026-08-13 18:34:42
104476,2618,218,185,PENDING_PAYMENT,8.0,EXPRESS,,,453,SF,,2026-08-16 00:36:42
104477,3376,465,821,PENDING_PAYMENT,50.0,EXPRESS,,,946,SF,,2026-08-12 15:50:42
104478,2482,327,170,PENDING_PAYMENT,3.0,EXPRESS,,,671,SF,,2026-08-13 11:18:42
104479,2704,690,437,PENDING_PAYMENT,8.0,MEETUP,12,19:00-20:00,,,,2026-08-12 05:54:42
104480,3407,845,807,PENDING_PAYMENT,3.0,EXPRESS,,,1681,SF,,2026-08-16 01:43:42
104481,764,190,327,PENDING_PAYMENT,10.0,EXPRESS,,,397,SF,,2026-08-11 12:08:42
104482,28,499,969,PENDING_PAYMENT,100.0,MEETUP,24,17:00-18:00,,,,2026-08-06 23:59:42
104483,2973,344,771,PENDING_PAYMENT,200.0,MEETUP,3,18:00-19:00,,,,2026-08-09 12:57:42
104484,1910,102,229,PENDING_PAYMENT,20.0,EXPRESS,,,212,SF,,2026-08-11 07:01:42
104485,3000,584,435,PENDING_PAYMENT,50.0,EXPRESS,,,1171,SF,,2026-08-15 12:20:42
104486,4653,735,208,PENDING_PAYMENT,12.0,MEETUP,28,19:00-20:00,,,,2026-08-11 05:58:42
104487,4850,723,686,PENDING_PAYMENT,15.0,MEETUP,29,18:00-19:00,,,,2026-08-09 23:02:42
104488,1045,52,304,PENDING_PAYMENT,200.0,MEETUP,18,17:00-18:00,,,,2026-08-11 14:07:42
104489,4160,462,666,PENDING_PAYMENT,8.0,EXPRESS,,,943,SF,,2026-08-11 06:28:42
104490,3867,222,220,PENDING_PAYMENT,3.0,MEETUP,12,18:00-19:00,,,,2026-08-15 04:49:42
104491,2247,817,437,PENDING_PAYMENT,60.0,EXPRESS,,,1626,SF,,2026-08-10 01:35:42
104492,663,613,746,PENDING_PAYMENT,60.0,MEETUP,15,19:00-20:00,,,,2026-08-11 15:32:42
104493,1163,27,409,PENDING_PAYMENT,12.0,MEETUP,11,12:00-13:00,,,,2026-08-08 11:07:42
104494,3230,539,630,PENDING_PAYMENT,50.0,EXPRESS,,,1092,SF,,2026-08-10 02:59:42
104495,4320,279,655,PENDING_PAYMENT,150.0,EXPRESS,,,584,SF,,2026-08-10 10:50:42
104496,1005,831,969,PENDING_PAYMENT,8.0,MEETUP,12,17:00-18:00,,,,2026-08-08 21:55:42
104497,179,661,189,PENDING_PAYMENT,50.0,EXPRESS,,,1320,SF,,2026-08-14 23:46:42
104498,4974,60,650,PENDING_PAYMENT,1.0,MEETUP,10,18:00-19:00,,,,2026-08-16 04:31:42
104499,1475,299,779,PENDING_PAYMENT,30.0,EXPRESS,,,620,SF,,2026-08-12 00:06:42
104500,4846,109,554,PENDING_PAYMENT,120.0,EXPRESS,,,224,SF,,2026-08-14 22:01:42
104501,3746,494,357,PENDING_PAYMENT,120.0,EXPRESS,,,1003,SF,,2026-08-12 17:46:42
104502,651,628,308,PENDING_PAYMENT,60.0,EXPRESS,,,1251,SF,,2026-08-14 18:29:42
104503,1805,917,490,PENDING_PAYMENT,25.0,EXPRESS,,,1831,SF,,2026-08-13 13:41:42
104504,2505,885,557,PENDING_PAYMENT,5.0,EXPRESS,,,1758,SF,,2026-08-12 16:32:42
104505,1334,104,593,PENDING_PAYMENT,120.0,MEETUP,18,19:00-20:00,,,,2026-08-08 22:36:42
104506,777,658,328,PENDING_PAYMENT,1.0,EXPRESS,,,1312,SF,,2026-08-12 09:23:42
104507,2885,763,165,PENDING_PAYMENT,50.0,MEETUP,26,19:00-20:00,,,,2026-08-15 11:20:42
104508,2049,342,91,PENDING_PAYMENT,12.0,EXPRESS,,,697,SF,,2026-08-11 01:31:42
104509,727,441,97,PENDING_PAYMENT,3.0,MEETUP,30,18:00-19:00,,,,2026-08-08 10:06:42
104510,1797,813,2,PENDING_PAYMENT,150.0,MEETUP,24,17:00-18:00,,,,2026-08-15 22:10:42
104511,2057,293,138,PENDING_PAYMENT,150.0,MEETUP,27,18:00-19:00,,,,2026-08-08 15:01:42
104512,1162,219,996,PENDING_PAYMENT,10.0,EXPRESS,,,455,SF,,2026-08-13 00:26:42
104513,4911,395,786,PENDING_PAYMENT,2.0,MEETUP,1,19:00-20:00,,,,2026-08-15 22:24:42
104514,4295,34,725,PENDING_PAYMENT,50.0,EXPRESS,,,72,SF,,2026-08-07 17:42:42
104515,1707,167,49,PENDING_PAYMENT,60.0,EXPRESS,,,346,SF,,2026-08-15 13:05:42
104516,2723,975,873,PENDING_PAYMENT,1.0,MEETUP,25,19:00-20:00,,,,2026-08-09 05:17:42
104517,4350,213,398,PENDING_PAYMENT,8.0,EXPRESS,,,448,SF,,2026-08-15 11:19:42
104518,156,917,632,PENDING_PAYMENT,1.0,EXPRESS,,,1831,SF,,2026-08-16 02:35:42
104519,2112,157,204,PENDING_PAYMENT,25.0,EXPRESS,,,327,SF,,2026-08-15 14:06:42
104520,4137,177,565,PENDING_PAYMENT,8.0,EXPRESS,,,369,SF,,2026-08-15 07:37:42
104521,1223,90,154,PENDING_PAYMENT,120.0,MEETUP,12,19:00-20:00,,,,2026-08-16 06:35:42
104522,3792,807,952,PENDING_PAYMENT,100.0,MEETUP,6,18:00-19:00,,,,2026-08-11 19:32:42
104523,1229,58,821,PENDING_PAYMENT,2.0,MEETUP,10,12:00-13:00,,,,2026-08-08 07:37:42
104524,4400,51,287,PENDING_PAYMENT,5.0,EXPRESS,,,111,SF,,2026-08-15 20:16:42
104525,4243,345,659,PENDING_PAYMENT,120.0,MEETUP,14,18:00-19:00,,,,2026-08-16 08:47:42
104526,4686,251,514,PENDING_PAYMENT,2.0,EXPRESS,,,520,SF,,2026-08-15 18:26:42
104527,1832,458,241,PENDING_PAYMENT,10.0,MEETUP,2,17:00-18:00,,,,2026-08-14 07:27:42
104528,2175,399,320,PENDING_PAYMENT,50.0,EXPRESS,,,808,SF,,2026-08-12 02:53:42
104529,3529,203,889,PENDING_PAYMENT,8.0,EXPRESS,,,426,SF,,2026-08-10 02:53:42
104530,1336,244,315,PENDING_PAYMENT,120.0,EXPRESS,,,505,SF,,2026-08-09 18:44:42
104531,3368,952,143,PENDING_PAYMENT,12.0,EXPRESS,,,1905,SF,,2026-08-10 17:49:42
104532,4121,884,208,PENDING_PAYMENT,12.0,MEETUP,27,17:00-18:00,,,,2026-08-08 15:37:42
104533,2586,635,734,PENDING_PAYMENT,200.0,MEETUP,28,19:00-20:00,,,,2026-08-16 04:15:42
104534,4310,148,320,PENDING_PAYMENT,150.0,EXPRESS,,,306,SF,,2026-08-12 00:37:42
104535,2313,97,552,PENDING_PAYMENT,12.0,MEETUP,4,19:00-20:00,,,,2026-08-12 00:06:42
104536,3387,257,918,PENDING_PAYMENT,60.0,EXPRESS,,,535,SF,,2026-08-08 00:13:42
104537,3842,974,303,PENDING_PAYMENT,15.0,MEETUP,20,19:00-20:00,,,,2026-08-12 00:31:42
104538,2641,266,524,PENDING_PAYMENT,25.0,EXPRESS,,,553,SF,,2026-08-16 18:14:42
104539,4152,25,311,PENDING_PAYMENT,30.0,EXPRESS,,,52,SF,,2026-08-11 16:59:42
104540,755,339,813,PENDING_PAYMENT,200.0,MEETUP,9,18:00-19:00,,,,2026-08-14 00:05:42
104541,4575,68,296,PENDING_PAYMENT,20.0,EXPRESS,,,145,SF,,2026-08-08 11:03:42
104542,4815,27,81,PENDING_PAYMENT,100.0,MEETUP,19,12:00-13:00,,,,2026-08-09 15:27:42
104543,276,130,8,PENDING_PAYMENT,20.0,MEETUP,6,12:00-13:00,,,,2026-08-15 11:03:42
104544,1993,866,313,PENDING_PAYMENT,5.0,MEETUP,16,12:00-13:00,,,,2026-08-07 15:50:42
104545,4650,822,278,PENDING_PAYMENT,10.0,MEETUP,28,18:00-19:00,,,,2026-08-08 01:43:42
104546,3796,501,69,PENDING_PAYMENT,10.0,MEETUP,26,18:00-19:00,,,,2026-08-09 20:24:42
104547,580,640,255,PENDING_PAYMENT,8.0,EXPRESS,,,1271,SF,,2026-08-11 05:20:42
104548,1500,82,205,PENDING_PAYMENT,20.0,MEETUP,14,12:00-13:00,,,,2026-08-08 01:36:42
104549,215,204,103,PENDING_PAYMENT,20.0,EXPRESS,,,429,SF,,2026-08-12 21:32:42
104550,4673,388,407,PENDING_PAYMENT,50.0,EXPRESS,,,784,SF,,2026-08-12 21:35:42
104551,2502,397,86,PENDING_PAYMENT,10.0,EXPRESS,,,805,SF,,2026-08-13 01:42:42
104552,3613,510,691,PENDING_PAYMENT,100.0,MEETUP,24,18:00-19:00,,,,2026-08-09 09:53:42
104553,2684,459,620,PENDING_PAYMENT,200.0,MEETUP,30,19:00-20:00,,,,2026-08-10 18:04:42
104554,1209,573,777,PENDING_PAYMENT,60.0,EXPRESS,,,1152,SF,,2026-08-14 00:07:42
104555,4188,21,831,PENDING_PAYMENT,100.0,MEETUP,5,18:00-19:00,,,,2026-08-10 16:37:42
104556,620,150,505,PENDING_PAYMENT,80.0,MEETUP,27,18:00-19:00,,,,2026-08-08 18:39:42
104557,4162,918,225,PENDING_PAYMENT,5.0,EXPRESS,,,1834,SF,,2026-08-10 19:48:42
104558,938,4,40,PENDING_PAYMENT,60.0,EXPRESS,,,10,SF,,2026-08-07 06:04:42
104559,3989,988,593,PENDING_PAYMENT,60.0,MEETUP,23,19:00-20:00,,,,2026-08-08 10:51:42
104560,4337,956,503,PENDING_PAYMENT,80.0,EXPRESS,,,1913,SF,,2026-08-08 21:06:42
104561,4350,527,398,PENDING_PAYMENT,8.0,EXPRESS,,,1072,SF,,2026-08-13 19:49:42
104562,3173,172,694,PENDING_PAYMENT,10.0,MEETUP,19,17:00-18:00,,,,2026-08-10 07:14:42
104563,4019,798,57,PENDING_PAYMENT,150.0,MEETUP,25,18:00-19:00,,,,2026-08-12 10:12:42
104564,1554,521,443,PENDING_PAYMENT,1.0,MEETUP,15,19:00-20:00,,,,2026-08-12 10:44:42
104565,685,302,352,PENDING_PAYMENT,100.0,EXPRESS,,,625,SF,,2026-08-11 21:27:42
104566,4954,266,710,PENDING_PAYMENT,25.0,EXPRESS,,,553,SF,,2026-08-12 09:14:42
104567,806,354,702,PENDING_PAYMENT,100.0,MEETUP,23,19:00-20:00,,,,2026-08-06 21:34:42
104568,4263,332,860,PENDING_PAYMENT,120.0,MEETUP,5,19:00-20:00,,,,2026-08-10 14:33:42
104569,1416,814,380,PENDING_PAYMENT,1.0,EXPRESS,,,1617,SF,,2026-08-09 23:11:42
104570,2372,265,670,PENDING_PAYMENT,5.0,EXPRESS,,,550,SF,,2026-08-11 23:20:42
104571,3960,588,893,PENDING_PAYMENT,200.0,EXPRESS,,,1175,SF,,2026-08-11 03:22:42
104572,2344,393,781,PENDING_PAYMENT,25.0,MEETUP,4,17:00-18:00,,,,2026-08-08 10:35:42
104573,724,727,390,PENDING_PAYMENT,10.0,MEETUP,29,12:00-13:00,,,,2026-08-13 23:13:42
104574,4717,29,786,PENDING_PAYMENT,60.0,MEETUP,1,17:00-18:00,,,,2026-08-09 14:54:42
104575,4992,374,873,PENDING_PAYMENT,50.0,EXPRESS,,,760,SF,,2026-08-11 18:01:42
104576,2880,510,586,PENDING_PAYMENT,25.0,EXPRESS,,,1040,SF,,2026-08-14 15:39:42
104577,4656,491,484,PENDING_PAYMENT,150.0,EXPRESS,,,998,SF,,2026-08-15 17:28:42
104578,3489,286,953,PENDING_PAYMENT,1.0,EXPRESS,,,598,SF,,2026-08-10 11:27:42
104579,3242,36,92,PENDING_PAYMENT,60.0,EXPRESS,,,75,SF,,2026-08-16 05:11:42
104580,2400,137,194,PENDING_PAYMENT,1.0,MEETUP,23,17:00-18:00,,,,2026-08-13 19:00:42
104581,1504,667,961,PENDING_PAYMENT,20.0,EXPRESS,,,1330,SF,,2026-08-13 22:41:42
104582,4555,282,465,PENDING_PAYMENT,15.0,MEETUP,13,18:00-19:00,,,,2026-08-07 04:19:42
104583,4520,665,36,PENDING_PAYMENT,12.0,EXPRESS,,,1327,SF,,2026-08-12 18:48:42
104584,4571,63,84,PENDING_PAYMENT,1.0,EXPRESS,,,134,SF,,2026-08-08 15:41:42
104585,160,710,667,PENDING_PAYMENT,150.0,MEETUP,29,12:00-13:00,,,,2026-08-13 08:31:42
104586,697,270,465,PENDING_PAYMENT,60.0,EXPRESS,,,562,SF,,2026-08-07 13:43:42
104587,3266,121,414,PENDING_PAYMENT,50.0,MEETUP,29,19:00-20:00,,,,2026-08-09 03:05:42
104588,2129,459,748,PENDING_PAYMENT,20.0,EXPRESS,,,936,SF,,2026-08-15 11:15:42
104589,1757,275,815,PENDING_PAYMENT,1.0,MEETUP,4,19:00-20:00,,,,2026-08-16 14:03:42
104590,3827,138,576,PENDING_PAYMENT,60.0,MEETUP,11,18:00-19:00,,,,2026-08-07 03:40:42
104591,1268,796,395,PENDING_PAYMENT,15.0,EXPRESS,,,1587,SF,,2026-08-09 16:25:42
104592,4086,321,259,PENDING_PAYMENT,10.0,MEETUP,6,18:00-19:00,,,,2026-08-08 12:17:42
104593,4825,119,641,PENDING_PAYMENT,100.0,MEETUP,2,19:00-20:00,,,,2026-08-14 21:34:42
104594,2781,935,99,PENDING_PAYMENT,30.0,MEETUP,30,17:00-18:00,,,,2026-08-08 19:05:42
104595,3822,882,395,PENDING_PAYMENT,50.0,EXPRESS,,,1753,SF,,2026-08-14 12:00:42
104596,2853,387,607,PENDING_PAYMENT,120.0,EXPRESS,,,783,SF,,2026-08-14 19:35:42
104597,1008,579,137,PENDING_PAYMENT,120.0,MEETUP,16,18:00-19:00,,,,2026-08-12 15:03:42
104598,18,432,655,PENDING_PAYMENT,80.0,EXPRESS,,,882,SF,,2026-08-08 07:22:42
104599,4349,781,4,PENDING_PAYMENT,30.0,MEETUP,9,19:00-20:00,,,,2026-08-14 08:11:42
104600,4361,53,145,PENDING_PAYMENT,5.0,EXPRESS,,,114,SF,,2026-08-07 16:51:42
104601,918,784,490,PENDING_PAYMENT,30.0,EXPRESS,,,1564,SF,,2026-08-08 18:44:42
104602,4118,120,735,PENDING_PAYMENT,60.0,MEETUP,11,18:00-19:00,,,,2026-08-12 13:32:42
104603,409,279,400,PENDING_PAYMENT,3.0,MEETUP,10,18:00-19:00,,,,2026-08-14 05:13:42
104604,1025,24,786,PENDING_PAYMENT,150.0,EXPRESS,,,51,SF,,2026-08-14 19:01:42
104605,2366,880,22,PENDING_PAYMENT,15.0,MEETUP,17,12:00-13:00,,,,2026-08-12 00:36:42
104606,3735,602,55,PENDING_PAYMENT,20.0,EXPRESS,,,1203,SF,,2026-08-12 11:01:42
104607,1937,56,396,PENDING_PAYMENT,10.0,EXPRESS,,,122,SF,,2026-08-10 06:53:42
104608,2269,348,492,PENDING_PAYMENT,5.0,MEETUP,25,17:00-18:00,,,,2026-08-09 19:09:42
104609,4714,138,217,PENDING_PAYMENT,100.0,MEETUP,30,17:00-18:00,,,,2026-08-14 17:01:42
104610,3045,12,900,PENDING_PAYMENT,10.0,MEETUP,12,12:00-13:00,,,,2026-08-14 01:06:42
104611,2148,439,675,PENDING_PAYMENT,30.0,MEETUP,29,12:00-13:00,,,,2026-08-11 11:25:42
104612,4368,635,41,PENDING_PAYMENT,5.0,EXPRESS,,,1263,SF,,2026-08-07 02:02:42
104613,3461,433,225,PENDING_PAYMENT,120.0,MEETUP,20,19:00-20:00,,,,2026-08-11 20:22:42
104614,3499,801,131,PENDING_PAYMENT,20.0,EXPRESS,,,1597,SF,,2026-08-10 08:19:42
104615,1633,373,526,PENDING_PAYMENT,120.0,MEETUP,30,17:00-18:00,,,,2026-08-08 07:25:42
104616,818,896,59,PENDING_PAYMENT,200.0,MEETUP,4,17:00-18:00,,,,2026-08-13 21:24:42
104617,47,121,436,PENDING_PAYMENT,15.0,MEETUP,19,17:00-18:00,,,,2026-08-13 08:27:42
104618,1949,497,559,PENDING_PAYMENT,120.0,MEETUP,20,17:00-18:00,,,,2026-08-14 07:07:42
104619,320,76,403,PENDING_PAYMENT,120.0,MEETUP,6,19:00-20:00,,,,2026-08-15 00:28:42
104620,3864,860,132,PENDING_PAYMENT,200.0,MEETUP,8,12:00-13:00,,,,2026-08-16 08:05:42
104621,1653,739,46,PENDING_PAYMENT,5.0,EXPRESS,,,1468,SF,,2026-08-08 17:18:42
104622,4332,151,191,PENDING_PAYMENT,30.0,MEETUP,28,18:00-19:00,,,,2026-08-12 21:43:42
104623,3747,910,479,PENDING_PAYMENT,60.0,EXPRESS,,,1813,SF,,2026-08-13 16:46:42
104624,4327,283,48,PENDING_PAYMENT,50.0,EXPRESS,,,591,SF,,2026-08-13 11:50:42
104625,2991,768,457,PENDING_PAYMENT,10.0,MEETUP,3,19:00-20:00,,,,2026-08-10 10:12:42
104626,2080,751,663,PENDING_PAYMENT,12.0,EXPRESS,,,1499,SF,,2026-08-15 22:26:42
104627,2107,192,51,PENDING_PAYMENT,120.0,MEETUP,16,19:00-20:00,,,,2026-08-07 19:41:42
104628,225,51,9,PENDING_PAYMENT,120.0,EXPRESS,,,111,SF,,2026-08-11 13:04:42
104629,2746,509,465,PENDING_PAYMENT,60.0,EXPRESS,,,1037,SF,,2026-08-08 12:31:42
104630,2325,620,241,PENDING_PAYMENT,8.0,MEETUP,18,19:00-20:00,,,,2026-08-10 01:51:42
104631,67,873,60,PENDING_PAYMENT,25.0,EXPRESS,,,1735,SF,,2026-08-16 17:57:42
104632,3940,824,270,PENDING_PAYMENT,15.0,MEETUP,4,17:00-18:00,,,,2026-08-09 20:33:42
104633,2024,741,92,PENDING_PAYMENT,3.0,EXPRESS,,,1474,SF,,2026-08-08 13:48:42
104634,4239,111,292,PENDING_PAYMENT,3.0,MEETUP,18,19:00-20:00,,,,2026-08-12 14:16:42
104635,2234,683,584,PENDING_PAYMENT,15.0,MEETUP,6,12:00-13:00,,,,2026-08-12 04:37:42
104636,4740,234,386,PENDING_PAYMENT,60.0,EXPRESS,,,488,SF,,2026-08-07 09:48:42
104637,36,627,480,PENDING_PAYMENT,20.0,EXPRESS,,,1250,SF,,2026-08-11 02:25:42
104638,3994,682,269,PENDING_PAYMENT,60.0,EXPRESS,,,1361,SF,,2026-08-07 06:04:42
104639,171,574,160,PENDING_PAYMENT,100.0,EXPRESS,,,1153,SF,,2026-08-07 00:16:42
104640,1675,376,403,PENDING_PAYMENT,20.0,EXPRESS,,,765,SF,,2026-08-14 03:58:42
104641,3476,917,631,PENDING_PAYMENT,100.0,MEETUP,20,17:00-18:00,,,,2026-08-15 03:57:42
104642,3842,37,303,PENDING_PAYMENT,15.0,EXPRESS,,,78,SF,,2026-08-14 11:13:42
104643,286,685,497,PENDING_PAYMENT,25.0,EXPRESS,,,1366,SF,,2026-08-07 09:49:42
104644,3484,984,541,PENDING_PAYMENT,120.0,MEETUP,2,17:00-18:00,,,,2026-08-15 07:01:42
104645,4758,127,676,PENDING_PAYMENT,15.0,EXPRESS,,,261,SF,,2026-08-13 15:36:42
104646,1543,32,957,PENDING_PAYMENT,5.0,EXPRESS,,,67,SF,,2026-08-10 15:31:42
104647,155,910,116,PENDING_PAYMENT,200.0,EXPRESS,,,1812,SF,,2026-08-10 21:54:42
104648,2024,341,92,PENDING_PAYMENT,3.0,MEETUP,25,17:00-18:00,,,,2026-08-07 20:30:42
104649,341,297,312,PENDING_PAYMENT,3.0,MEETUP,1,12:00-13:00,,,,2026-08-07 01:47:42
104650,1347,672,28,PENDING_PAYMENT,3.0,MEETUP,18,17:00-18:00,,,,2026-08-14 01:15:42
104651,125,12,489,PENDING_PAYMENT,8.0,EXPRESS,,,27,SF,,2026-08-11 06:36:42
104652,1370,281,269,PENDING_PAYMENT,12.0,EXPRESS,,,588,SF,,2026-08-14 23:27:42
104653,1312,891,754,PENDING_PAYMENT,60.0,MEETUP,19,19:00-20:00,,,,2026-08-15 14:37:42
104654,1366,680,405,PENDING_PAYMENT,12.0,MEETUP,21,17:00-18:00,,,,2026-08-10 15:30:42
104655,3589,243,598,PENDING_PAYMENT,100.0,MEETUP,13,19:00-20:00,,,,2026-08-16 07:43:42
104656,4271,786,216,PENDING_PAYMENT,5.0,EXPRESS,,,1566,SF,,2026-08-11 13:37:42
104657,139,655,532,PENDING_PAYMENT,2.0,EXPRESS,,,1307,SF,,2026-08-15 11:45:42
104658,1670,461,847,PENDING_PAYMENT,120.0,MEETUP,12,17:00-18:00,,,,2026-08-11 04:17:42
104659,2778,236,144,PENDING_PAYMENT,3.0,EXPRESS,,,494,SF,,2026-08-10 22:32:42
104660,4949,821,7,PENDING_PAYMENT,60.0,MEETUP,18,12:00-13:00,,,,2026-08-10 20:15:42
104661,848,799,308,PENDING_PAYMENT,20.0,EXPRESS,,,1593,SF,,2026-08-09 11:31:42
104662,2999,196,21,PENDING_PAYMENT,80.0,MEETUP,19,17:00-18:00,,,,2026-08-13 06:31:42
104663,2782,148,107,PENDING_PAYMENT,12.0,MEETUP,8,18:00-19:00,,,,2026-08-12 06:50:42
104664,1162,528,996,PENDING_PAYMENT,10.0,MEETUP,12,18:00-19:00,,,,2026-08-13 00:10:42
104665,823,963,349,PENDING_PAYMENT,20.0,MEETUP,29,17:00-18:00,,,,2026-08-14 07:15:42
104666,2742,434,93,PENDING_PAYMENT,1.0,MEETUP,2,12:00-13:00,,,,2026-08-16 15:37:42
104667,2795,314,584,PENDING_PAYMENT,150.0,EXPRESS,,,645,SF,,2026-08-10 10:00:42
104668,1823,473,907,PENDING_PAYMENT,8.0,EXPRESS,,,961,SF,,2026-08-10 14:42:42
104669,1198,818,368,PENDING_PAYMENT,3.0,EXPRESS,,,1627,SF,,2026-08-07 19:23:42
104670,548,517,245,PENDING_PAYMENT,25.0,EXPRESS,,,1052,SF,,2026-08-10 23:06:42
104671,601,146,958,PENDING_PAYMENT,2.0,EXPRESS,,,302,SF,,2026-08-16 10:09:42
104672,1575,100,962,PENDING_PAYMENT,60.0,MEETUP,9,12:00-13:00,,,,2026-08-13 22:51:42
104673,2339,57,883,PENDING_PAYMENT,200.0,MEETUP,23,18:00-19:00,,,,2026-08-06 20:05:42
104674,1252,95,279,PENDING_PAYMENT,8.0,EXPRESS,,,198,SF,,2026-08-09 15:54:42
104675,649,617,694,PENDING_PAYMENT,5.0,MEETUP,26,18:00-19:00,,,,2026-08-12 17:45:42
104676,1250,792,442,PENDING_PAYMENT,10.0,EXPRESS,,,1577,SF,,2026-08-10 10:44:42
104677,89,318,906,PENDING_PAYMENT,100.0,EXPRESS,,,652,SF,,2026-08-12 21:45:42
104678,166,694,116,PENDING_PAYMENT,3.0,MEETUP,23,17:00-18:00,,,,2026-08-10 02:42:42
104679,4804,474,225,PENDING_PAYMENT,12.0,MEETUP,1,19:00-20:00,,,,2026-08-13 10:19:42
104680,2727,197,792,PENDING_PAYMENT,200.0,MEETUP,1,12:00-13:00,,,,2026-08-13 05:50:42
104681,699,848,232,PENDING_PAYMENT,2.0,EXPRESS,,,1686,SF,,2026-08-10 09:27:42
104682,2908,390,750,PENDING_PAYMENT,200.0,EXPRESS,,,788,SF,,2026-08-12 23:29:42
104683,591,82,305,PENDING_PAYMENT,15.0,MEETUP,16,19:00-20:00,,,,2026-08-12 04:41:42
104684,2385,33,346,PENDING_PAYMENT,2.0,MEETUP,14,12:00-13:00,,,,2026-08-08 10:53:42
104685,3288,97,206,PENDING_PAYMENT,1.0,EXPRESS,,,204,SF,,2026-08-07 22:08:42
104686,2596,975,831,PENDING_PAYMENT,12.0,EXPRESS,,,1953,SF,,2026-08-16 17:23:42
104687,823,994,349,PENDING_PAYMENT,20.0,MEETUP,17,18:00-19:00,,,,2026-08-10 08:55:42
104688,1675,950,403,PENDING_PAYMENT,20.0,MEETUP,26,12:00-13:00,,,,2026-08-09 03:08:42
104689,1469,416,975,PENDING_PAYMENT,100.0,MEETUP,11,19:00-20:00,,,,2026-08-08 10:16:42
104690,1874,695,130,PENDING_PAYMENT,12.0,MEETUP,4,18:00-19:00,,,,2026-08-09 06:22:42
104691,2295,780,368,PENDING_PAYMENT,200.0,EXPRESS,,,1555,SF,,2026-08-08 01:41:42
104692,2386,560,723,PENDING_PAYMENT,8.0,EXPRESS,,,1129,SF,,2026-08-12 21:54:42
104693,589,537,902,PENDING_PAYMENT,10.0,EXPRESS,,,1089,SF,,2026-08-10 20:12:42
104694,16,711,716,PENDING_PAYMENT,3.0,MEETUP,12,17:00-18:00,,,,2026-08-08 10:41:42
104695,922,156,387,PENDING_PAYMENT,50.0,EXPRESS,,,325,SF,,2026-08-13 15:41:42
104696,312,963,799,PENDING_PAYMENT,30.0,MEETUP,12,17:00-18:00,,,,2026-08-07 09:27:42
104697,1410,654,795,PENDING_PAYMENT,30.0,MEETUP,19,12:00-13:00,,,,2026-08-16 06:27:42
104698,1513,525,299,PENDING_PAYMENT,20.0,MEETUP,11,17:00-18:00,,,,2026-08-12 10:44:42
104699,1690,246,906,PENDING_PAYMENT,200.0,MEETUP,21,12:00-13:00,,,,2026-08-13 13:27:42
104700,3959,216,650,PENDING_PAYMENT,200.0,EXPRESS,,,451,SF,,2026-08-15 04:28:42
104701,4737,467,556,PENDING_PAYMENT,2.0,EXPRESS,,,949,SF,,2026-08-06 23:13:42
104702,4553,660,344,PENDING_PAYMENT,30.0,EXPRESS,,,1319,SF,,2026-08-14 14:54:42
104703,2689,587,809,PENDING_PAYMENT,200.0,EXPRESS,,,1174,SF,,2026-08-11 08:36:42
104704,1327,720,318,PENDING_PAYMENT,12.0,EXPRESS,,,1434,SF,,2026-08-16 07:22:42
104705,904,421,181,PENDING_PAYMENT,60.0,MEETUP,24,12:00-13:00,,,,2026-08-08 16:15:42
104706,4265,826,129,PENDING_PAYMENT,5.0,MEETUP,6,12:00-13:00,,,,2026-08-11 00:35:42
104707,3756,183,80,PENDING_PAYMENT,10.0,EXPRESS,,,384,SF,,2026-08-09 20:59:42
104708,4233,492,46,PENDING_PAYMENT,20.0,EXPRESS,,,1000,SF,,2026-08-16 08:17:42
104709,745,735,786,PENDING_PAYMENT,2.0,MEETUP,21,19:00-20:00,,,,2026-08-07 03:00:42
104710,1129,513,676,PENDING_PAYMENT,8.0,MEETUP,9,19:00-20:00,,,,2026-08-13 07:20:42
104711,2828,720,571,PENDING_PAYMENT,1.0,MEETUP,5,12:00-13:00,,,,2026-08-15 23:20:42
104712,2714,979,308,PENDING_PAYMENT,80.0,EXPRESS,,,1960,SF,,2026-08-11 03:31:42
104713,4472,12,426,PENDING_PAYMENT,8.0,MEETUP,16,17:00-18:00,,,,2026-08-06 22:45:42
104714,3461,519,225,PENDING_PAYMENT,120.0,EXPRESS,,,1054,SF,,2026-08-11 07:15:42
104715,828,602,467,PENDING_PAYMENT,30.0,EXPRESS,,,1204,SF,,2026-08-08 21:07:42
104716,4576,79,505,PENDING_PAYMENT,20.0,EXPRESS,,,167,SF,,2026-08-09 14:00:42
104717,1595,119,321,PENDING_PAYMENT,200.0,EXPRESS,,,243,SF,,2026-08-12 15:34:42
104718,2019,359,604,PENDING_PAYMENT,8.0,EXPRESS,,,732,SF,,2026-08-15 12:25:42
104719,357,186,982,PENDING_PAYMENT,60.0,EXPRESS,,,390,SF,,2026-08-16 18:00:42
104720,2784,564,473,PENDING_PAYMENT,20.0,MEETUP,2,17:00-18:00,,,,2026-08-11 04:37:42
104721,2336,923,614,PENDING_PAYMENT,20.0,MEETUP,17,12:00-13:00,,,,2026-08-12 04:59:42
104722,4849,679,774,PENDING_PAYMENT,50.0,EXPRESS,,,1358,SF,,2026-08-08 19:51:42
104723,2461,73,21,PENDING_PAYMENT,100.0,EXPRESS,,,155,SF,,2026-08-15 20:39:42
104724,3424,360,68,PENDING_PAYMENT,80.0,EXPRESS,,,733,SF,,2026-08-15 15:20:42
104725,3662,824,924,PENDING_PAYMENT,20.0,MEETUP,17,18:00-19:00,,,,2026-08-13 08:16:42
104726,3828,635,861,PENDING_PAYMENT,3.0,MEETUP,7,18:00-19:00,,,,2026-08-10 07:48:42
104727,574,430,842,PENDING_PAYMENT,120.0,EXPRESS,,,879,SF,,2026-08-09 03:14:42
104728,4270,843,601,PENDING_PAYMENT,1.0,EXPRESS,,,1674,SF,,2026-08-13 15:12:42
104729,249,383,145,PENDING_PAYMENT,10.0,EXPRESS,,,775,SF,,2026-08-14 07:11:42
104730,102,520,683,PENDING_PAYMENT,10.0,EXPRESS,,,1057,SF,,2026-08-11 21:47:42
104731,3093,827,375,PENDING_PAYMENT,1.0,EXPRESS,,,1643,SF,,2026-08-10 00:29:42
104732,3178,575,119,PENDING_PAYMENT,8.0,MEETUP,24,18:00-19:00,,,,2026-08-07 10:04:42
104733,3744,276,592,PENDING_PAYMENT,12.0,EXPRESS,,,575,SF,,2026-08-14 08:16:42
104734,3586,427,89,PENDING_PAYMENT,10.0,MEETUP,9,19:00-20:00,,,,2026-08-11 01:57:42
104735,2248,61,261,PENDING_PAYMENT,5.0,MEETUP,25,18:00-19:00,,,,2026-08-14 05:47:42
104736,596,920,684,PENDING_PAYMENT,15.0,MEETUP,2,18:00-19:00,,,,2026-08-16 03:20:42
104737,2512,274,797,PENDING_PAYMENT,80.0,MEETUP,16,12:00-13:00,,,,2026-08-16 18:01:42
104738,1892,96,402,PENDING_PAYMENT,150.0,EXPRESS,,,199,SF,,2026-08-07 16:46:42
104739,471,860,309,PENDING_PAYMENT,8.0,EXPRESS,,,1708,SF,,2026-08-08 17:30:42
104740,1638,803,199,PENDING_PAYMENT,200.0,EXPRESS,,,1600,SF,,2026-08-13 16:34:42
104741,4129,426,456,PENDING_PAYMENT,60.0,MEETUP,10,18:00-19:00,,,,2026-08-15 11:45:42
104742,1736,122,824,PENDING_PAYMENT,30.0,MEETUP,8,19:00-20:00,,,,2026-08-15 01:12:42
104743,1989,292,979,PENDING_PAYMENT,15.0,MEETUP,2,19:00-20:00,,,,2026-08-13 03:52:42
104744,870,158,582,PENDING_PAYMENT,200.0,EXPRESS,,,330,SF,,2026-08-09 18:27:42
104745,4929,275,277,PENDING_PAYMENT,15.0,MEETUP,9,17:00-18:00,,,,2026-08-08 13:39:42
104746,4383,548,278,PENDING_PAYMENT,20.0,MEETUP,3,18:00-19:00,,,,2026-08-11 21:28:42
104747,4363,189,109,PENDING_PAYMENT,15.0,MEETUP,9,12:00-13:00,,,,2026-08-15 01:55:42
104748,4025,628,313,PENDING_PAYMENT,150.0,EXPRESS,,,1251,SF,,2026-08-15 22:29:42
104749,2872,635,135,PENDING_PAYMENT,10.0,EXPRESS,,,1263,SF,,2026-08-12 03:19:42
104750,2860,708,973,PENDING_PAYMENT,2.0,EXPRESS,,,1411,SF,,2026-08-11 16:01:42
104751,1761,624,466,PENDING_PAYMENT,12.0,EXPRESS,,,1241,SF,,2026-08-15 12:49:42
104752,1847,132,872,PENDING_PAYMENT,8.0,MEETUP,1,19:00-20:00,,,,2026-08-15 19:01:42
104753,1845,991,234,PENDING_PAYMENT,8.0,MEETUP,10,19:00-20:00,,,,2026-08-14 04:11:42
104754,953,813,287,PENDING_PAYMENT,100.0,MEETUP,21,17:00-18:00,,,,2026-08-12 06:05:42
104755,1877,843,164,PENDING_PAYMENT,60.0,EXPRESS,,,1675,SF,,2026-08-15 01:37:42
104756,4632,517,802,PENDING_PAYMENT,120.0,EXPRESS,,,1052,SF,,2026-08-11 18:46:42
104757,4371,873,528,PENDING_PAYMENT,1.0,EXPRESS,,,1735,SF,,2026-08-15 10:28:42
104758,4303,626,383,PENDING_PAYMENT,12.0,EXPRESS,,,1247,SF,,2026-08-13 07:42:42
104759,3411,890,869,PENDING_PAYMENT,60.0,EXPRESS,,,1772,SF,,2026-08-10 05:04:42
104760,4925,426,705,PENDING_PAYMENT,30.0,MEETUP,15,12:00-13:00,,,,2026-08-14 03:01:42
104761,3831,790,536,PENDING_PAYMENT,120.0,EXPRESS,,,1574,SF,,2026-08-15 18:27:42
104762,1365,796,529,PENDING_PAYMENT,100.0,EXPRESS,,,1587,SF,,2026-08-13 08:49:42
104763,3407,490,807,PENDING_PAYMENT,3.0,MEETUP,4,12:00-13:00,,,,2026-08-12 21:24:42
104764,3839,341,114,PENDING_PAYMENT,5.0,EXPRESS,,,696,SF,,2026-08-08 05:13:42
104765,2622,603,89,PENDING_PAYMENT,20.0,EXPRESS,,,1206,SF,,2026-08-08 20:03:42
104766,1714,948,807,PENDING_PAYMENT,25.0,EXPRESS,,,1897,SF,,2026-08-14 15:18:42
104767,3712,435,892,PENDING_PAYMENT,60.0,EXPRESS,,,888,SF,,2026-08-11 01:01:42
104768,439,479,287,PENDING_PAYMENT,5.0,MEETUP,20,12:00-13:00,,,,2026-08-10 10:34:42
104769,3791,731,20,PENDING_PAYMENT,60.0,MEETUP,2,17:00-18:00,,,,2026-08-12 06:46:42
104770,4780,376,358,PENDING_PAYMENT,3.0,EXPRESS,,,764,SF,,2026-08-08 18:32:42
104771,593,71,251,PENDING_PAYMENT,150.0,EXPRESS,,,149,SF,,2026-08-14 08:13:42
104772,4860,759,347,PENDING_PAYMENT,1.0,EXPRESS,,,1520,SF,,2026-08-09 03:09:42
104773,3157,122,960,PENDING_PAYMENT,60.0,MEETUP,14,18:00-19:00,,,,2026-08-13 16:37:42
104774,30,905,827,PENDING_PAYMENT,150.0,MEETUP,2,17:00-18:00,,,,2026-08-13 03:03:42
104775,3506,489,985,PENDING_PAYMENT,100.0,MEETUP,14,12:00-13:00,,,,2026-08-11 16:27:42
104776,558,240,843,PENDING_PAYMENT,5.0,EXPRESS,,,499,SF,,2026-08-12 08:17:42
104777,1458,250,236,PENDING_PAYMENT,100.0,EXPRESS,,,518,SF,,2026-08-06 23:24:42
104778,4825,553,641,PENDING_PAYMENT,100.0,EXPRESS,,,1114,SF,,2026-08-14 09:30:42
104779,561,731,363,PENDING_PAYMENT,10.0,MEETUP,24,18:00-19:00,,,,2026-08-10 23:35:42
104780,3404,611,437,PENDING_PAYMENT,15.0,MEETUP,30,17:00-18:00,,,,2026-08-15 02:04:42
104781,1858,853,267,PENDING_PAYMENT,80.0,MEETUP,29,18:00-19:00,,,,2026-08-14 07:31:42
104782,305,197,702,PENDING_PAYMENT,10.0,EXPRESS,,,412,SF,,2026-08-08 12:25:42
104783,1670,249,847,PENDING_PAYMENT,120.0,MEETUP,17,18:00-19:00,,,,2026-08-08 05:54:42
104784,3535,70,205,PENDING_PAYMENT,15.0,EXPRESS,,,147,SF,,2026-08-12 02:32:42
104785,2519,526,88,PENDING_PAYMENT,100.0,EXPRESS,,,1071,SF,,2026-08-13 00:53:42
104786,249,756,145,PENDING_PAYMENT,10.0,MEETUP,24,12:00-13:00,,,,2026-08-07 20:17:42
104787,873,266,152,PENDING_PAYMENT,12.0,MEETUP,24,19:00-20:00,,,,2026-08-12 06:31:42
104788,2267,186,898,PENDING_PAYMENT,20.0,EXPRESS,,,390,SF,,2026-08-15 01:45:42
104789,3903,331,272,PENDING_PAYMENT,1.0,EXPRESS,,,681,SF,,2026-08-13 17:26:42
104790,911,309,623,PENDING_PAYMENT,2.0,MEETUP,15,18:00-19:00,,,,2026-08-08 22:49:42
104791,2995,473,912,PENDING_PAYMENT,120.0,EXPRESS,,,961,SF,,2026-08-12 04:45:42
104792,1781,881,182,PENDING_PAYMENT,8.0,EXPRESS,,,1751,SF,,2026-08-14 19:51:42
104793,3768,412,399,PENDING_PAYMENT,200.0,MEETUP,9,19:00-20:00,,,,2026-08-16 13:01:42
104794,3654,625,868,PENDING_PAYMENT,50.0,EXPRESS,,,1245,SF,,2026-08-16 10:18:42
104795,4297,680,666,PENDING_PAYMENT,50.0,EXPRESS,,,1359,SF,,2026-08-15 15:27:42
104796,1380,274,219,PENDING_PAYMENT,8.0,EXPRESS,,,571,SF,,2026-08-07 23:48:42
104797,2096,681,99,PENDING_PAYMENT,1.0,EXPRESS,,,1360,SF,,2026-08-12 19:38:42
104798,3109,84,928,PENDING_PAYMENT,60.0,MEETUP,9,12:00-13:00,,,,2026-08-16 16:09:42
104799,1145,51,792,PENDING_PAYMENT,8.0,MEETUP,19,18:00-19:00,,,,2026-08-10 20:36:42
104800,4303,883,383,PENDING_PAYMENT,12.0,MEETUP,26,19:00-20:00,,,,2026-08-14 06:25:42
104801,1858,73,267,PENDING_PAYMENT,80.0,MEETUP,29,17:00-18:00,,,,2026-08-12 17:39:42
104802,3729,169,499,PENDING_PAYMENT,8.0,MEETUP,3,19:00-20:00,,,,2026-08-12 07:15:42
104803,3478,823,609,PENDING_PAYMENT,2.0,MEETUP,5,19:00-20:00,,,,2026-08-09 16:36:42
104804,288,411,708,PENDING_PAYMENT,25.0,MEETUP,1,19:00-20:00,,,,2026-08-13 15:56:42
104805,3620,691,672,PENDING_PAYMENT,8.0,EXPRESS,,,1377,SF,,2026-08-07 23:00:42
104806,3689,99,893,PENDING_PAYMENT,60.0,EXPRESS,,,206,SF,,2026-08-07 05:29:42
104807,319,760,233,PENDING_PAYMENT,1.0,MEETUP,19,19:00-20:00,,,,2026-08-09 01:55:42
104808,163,31,412,PENDING_PAYMENT,30.0,MEETUP,26,17:00-18:00,,,,2026-08-13 17:43:42
104809,2377,794,819,PENDING_PAYMENT,10.0,MEETUP,6,18:00-19:00,,,,2026-08-09 08:50:42
104810,486,729,854,PENDING_PAYMENT,1.0,MEETUP,19,17:00-18:00,,,,2026-08-07 17:48:42
104811,2830,314,361,PENDING_PAYMENT,150.0,MEETUP,11,19:00-20:00,,,,2026-08-14 05:19:42
104812,2684,605,620,PENDING_PAYMENT,200.0,EXPRESS,,,1208,SF,,2026-08-07 03:35:42
104813,1681,618,972,PENDING_PAYMENT,50.0,EXPRESS,,,1232,SF,,2026-08-09 05:17:42
104814,75,592,74,PENDING_PAYMENT,12.0,EXPRESS,,,1182,SF,,2026-08-11 02:31:42
104815,1830,108,339,PENDING_PAYMENT,10.0,EXPRESS,,,223,SF,,2026-08-16 11:34:42
104816,4071,790,948,PENDING_PAYMENT,3.0,MEETUP,14,17:00-18:00,,,,2026-08-14 10:20:42
104817,639,244,690,PENDING_PAYMENT,100.0,MEETUP,19,18:00-19:00,,,,2026-08-13 19:22:42
104818,3939,131,526,PENDING_PAYMENT,10.0,EXPRESS,,,269,SF,,2026-08-11 16:11:42
104819,972,757,130,PENDING_PAYMENT,15.0,EXPRESS,,,1512,SF,,2026-08-14 17:04:42
104820,148,753,310,PENDING_PAYMENT,30.0,EXPRESS,,,1504,SF,,2026-08-13 15:15:42
104821,196,392,430,PENDING_PAYMENT,15.0,EXPRESS,,,792,SF,,2026-08-10 03:24:42
104822,3311,470,369,PENDING_PAYMENT,8.0,EXPRESS,,,955,SF,,2026-08-07 15:26:42
104823,593,30,251,PENDING_PAYMENT,150.0,EXPRESS,,,63,SF,,2026-08-13 10:10:42
104824,534,35,471,PENDING_PAYMENT,3.0,EXPRESS,,,73,SF,,2026-08-08 06:11:42
104825,2060,511,597,PENDING_PAYMENT,3.0,MEETUP,7,12:00-13:00,,,,2026-08-08 20:08:42
104826,3152,83,239,PENDING_PAYMENT,150.0,MEETUP,9,19:00-20:00,,,,2026-08-08 02:47:42
104827,2500,896,190,PENDING_PAYMENT,3.0,EXPRESS,,,1785,SF,,2026-08-15 08:04:42
104828,3554,286,33,PENDING_PAYMENT,12.0,MEETUP,13,18:00-19:00,,,,2026-08-12 23:13:42
104829,3495,628,367,PENDING_PAYMENT,100.0,EXPRESS,,,1251,SF,,2026-08-07 15:33:42
104830,930,685,73,PENDING_PAYMENT,100.0,MEETUP,13,12:00-13:00,,,,2026-08-13 15:02:42
104831,2384,736,414,PENDING_PAYMENT,50.0,EXPRESS,,,1463,SF,,2026-08-14 19:19:42
104832,2702,342,181,PENDING_PAYMENT,60.0,MEETUP,9,19:00-20:00,,,,2026-08-14 10:56:42
104833,152,750,576,PENDING_PAYMENT,30.0,MEETUP,25,17:00-18:00,,,,2026-08-09 15:02:42
104834,4543,876,443,PENDING_PAYMENT,3.0,MEETUP,5,19:00-20:00,,,,2026-08-10 05:32:42
104835,1092,737,673,PENDING_PAYMENT,8.0,EXPRESS,,,1464,SF,,2026-08-13 18:27:42
104836,2422,743,15,PENDING_PAYMENT,3.0,EXPRESS,,,1477,SF,,2026-08-14 20:38:42
104837,1558,411,648,PENDING_PAYMENT,80.0,EXPRESS,,,834,SF,,2026-08-12 10:09:42
104838,3518,584,955,PENDING_PAYMENT,3.0,MEETUP,6,18:00-19:00,,,,2026-08-10 06:29:42
104839,2287,643,913,PENDING_PAYMENT,100.0,EXPRESS,,,1276,SF,,2026-08-14 00:19:42
104840,3753,78,9,PENDING_PAYMENT,5.0,MEETUP,8,12:00-13:00,,,,2026-08-07 10:27:42
104841,1030,247,528,PENDING_PAYMENT,80.0,EXPRESS,,,511,SF,,2026-08-12 02:22:42
104842,382,490,859,PENDING_PAYMENT,30.0,MEETUP,20,19:00-20:00,,,,2026-08-13 16:36:42
104843,1174,582,503,PENDING_PAYMENT,15.0,MEETUP,17,18:00-19:00,,,,2026-08-15 06:23:42
104844,3155,159,750,PENDING_PAYMENT,80.0,MEETUP,30,17:00-18:00,,,,2026-08-12 11:19:42
104845,433,650,822,PENDING_PAYMENT,5.0,MEETUP,12,19:00-20:00,,,,2026-08-13 14:38:42
104846,4579,683,432,PENDING_PAYMENT,10.0,MEETUP,22,12:00-13:00,,,,2026-08-07 16:35:42
104847,4848,887,871,PENDING_PAYMENT,150.0,EXPRESS,,,1761,SF,,2026-08-07 06:21:42
104848,4877,291,518,PENDING_PAYMENT,12.0,EXPRESS,,,611,SF,,2026-08-14 00:16:42
104849,4198,781,254,PENDING_PAYMENT,50.0,EXPRESS,,,1558,SF,,2026-08-10 18:24:42
104850,887,531,584,PENDING_PAYMENT,120.0,EXPRESS,,,1082,SF,,2026-08-15 23:04:42
104851,3626,879,355,PENDING_PAYMENT,50.0,EXPRESS,,,1746,SF,,2026-08-08 08:51:42
104852,1612,982,767,PENDING_PAYMENT,2.0,MEETUP,20,12:00-13:00,,,,2026-08-06 20:08:42
104853,3803,117,606,PENDING_PAYMENT,8.0,MEETUP,15,17:00-18:00,,,,2026-08-08 01:38:42
104854,4948,978,653,PENDING_PAYMENT,10.0,EXPRESS,,,1959,SF,,2026-08-12 11:35:42
104855,4578,304,253,PENDING_PAYMENT,1.0,EXPRESS,,,631,SF,,2026-08-13 19:09:42
104856,3968,477,861,PENDING_PAYMENT,80.0,MEETUP,7,18:00-19:00,,,,2026-08-11 17:19:42
104857,2314,847,626,PENDING_PAYMENT,15.0,MEETUP,5,19:00-20:00,,,,2026-08-15 06:25:42
104858,3105,272,217,PENDING_PAYMENT,150.0,EXPRESS,,,566,SF,,2026-08-08 03:07:42
104859,2504,975,101,PENDING_PAYMENT,3.0,EXPRESS,,,1953,SF,,2026-08-09 06:26:42
104860,4184,735,568,PENDING_PAYMENT,10.0,EXPRESS,,,1460,SF,,2026-08-13 10:53:42
104861,2889,970,928,PENDING_PAYMENT,5.0,MEETUP,25,12:00-13:00,,,,2026-08-06 22:04:42
104862,3835,51,324,PENDING_PAYMENT,3.0,EXPRESS,,,111,SF,,2026-08-08 12:44:42
104863,1246,474,518,PENDING_PAYMENT,12.0,MEETUP,22,18:00-19:00,,,,2026-08-07 09:24:42
104864,694,315,931,PENDING_PAYMENT,200.0,EXPRESS,,,647,SF,,2026-08-12 22:36:42
104865,259,113,777,PENDING_PAYMENT,2.0,MEETUP,19,19:00-20:00,,,,2026-08-09 22:09:42
104866,2123,455,532,PENDING_PAYMENT,25.0,MEETUP,27,19:00-20:00,,,,2026-08-13 03:54:42
104867,3634,768,822,PENDING_PAYMENT,120.0,EXPRESS,,,1536,SF,,2026-08-12 02:27:42
104868,2838,704,340,PENDING_PAYMENT,30.0,MEETUP,1,17:00-18:00,,,,2026-08-07 02:52:42
104869,4922,422,596,PENDING_PAYMENT,20.0,EXPRESS,,,862,SF,,2026-08-07 17:37:42
104870,1448,740,297,PENDING_PAYMENT,80.0,MEETUP,22,19:00-20:00,,,,2026-08-08 08:50:42
104871,3552,202,866,PENDING_PAYMENT,60.0,EXPRESS,,,424,SF,,2026-08-09 14:55:42
104872,4285,595,880,PENDING_PAYMENT,50.0,EXPRESS,,,1187,SF,,2026-08-08 01:40:42
104873,3353,82,932,PENDING_PAYMENT,8.0,EXPRESS,,,172,SF,,2026-08-10 21:30:42
104874,4904,688,868,PENDING_PAYMENT,1.0,MEETUP,29,17:00-18:00,,,,2026-08-15 06:50:42
104875,1001,942,426,PENDING_PAYMENT,3.0,EXPRESS,,,1887,SF,,2026-08-12 14:11:42
104876,3611,666,157,PENDING_PAYMENT,200.0,MEETUP,28,12:00-13:00,,,,2026-08-08 11:52:42
104877,452,771,182,PENDING_PAYMENT,25.0,MEETUP,16,18:00-19:00,,,,2026-08-13 03:00:42
104878,718,983,654,PENDING_PAYMENT,3.0,EXPRESS,,,1965,SF,,2026-08-14 03:30:42
104879,4870,852,239,PENDING_PAYMENT,2.0,MEETUP,24,17:00-18:00,,,,2026-08-10 13:30:42
104880,2247,281,437,PENDING_PAYMENT,60.0,MEETUP,8,17:00-18:00,,,,2026-08-09 01:05:42
104881,4276,352,520,PENDING_PAYMENT,3.0,EXPRESS,,,719,SF,,2026-08-11 21:07:42
104882,4808,132,19,PENDING_PAYMENT,120.0,EXPRESS,,,270,SF,,2026-08-09 04:09:42
104883,3670,212,169,PENDING_PAYMENT,20.0,MEETUP,22,17:00-18:00,,,,2026-08-13 05:53:42
104884,1967,106,541,PENDING_PAYMENT,60.0,EXPRESS,,,219,SF,,2026-08-16 02:06:42
104885,3687,897,784,PENDING_PAYMENT,2.0,EXPRESS,,,1787,SF,,2026-08-15 03:41:42
104886,4728,620,515,PENDING_PAYMENT,25.0,MEETUP,21,12:00-13:00,,,,2026-08-11 16:12:42
104887,3974,974,268,PENDING_PAYMENT,1.0,EXPRESS,,,1950,SF,,2026-08-08 01:20:42
104888,3741,258,704,PENDING_PAYMENT,80.0,EXPRESS,,,536,SF,,2026-08-14 12:48:42
104889,4227,990,290,PENDING_PAYMENT,15.0,MEETUP,3,18:00-19:00,,,,2026-08-15 21:57:42
104890,3968,997,861,PENDING_PAYMENT,80.0,MEETUP,4,12:00-13:00,,,,2026-08-06 18:57:42
104891,3622,359,201,PENDING_PAYMENT,3.0,EXPRESS,,,732,SF,,2026-08-08 11:44:42
104892,3293,839,945,PENDING_PAYMENT,25.0,EXPRESS,,,1667,SF,,2026-08-12 07:08:42
104893,3562,605,844,PENDING_PAYMENT,10.0,EXPRESS,,,1209,SF,,2026-08-13 09:22:42
104894,3237,342,310,PENDING_PAYMENT,12.0,EXPRESS,,,697,SF,,2026-08-14 14:42:42
104895,440,197,454,PENDING_PAYMENT,50.0,MEETUP,25,18:00-19:00,,,,2026-08-07 11:20:42
104896,4539,511,127,PENDING_PAYMENT,8.0,MEETUP,12,19:00-20:00,,,,2026-08-09 05:23:42
104897,473,161,885,PENDING_PAYMENT,60.0,MEETUP,7,18:00-19:00,,,,2026-08-08 21:44:42
104898,1995,251,537,PENDING_PAYMENT,50.0,MEETUP,5,17:00-18:00,,,,2026-08-09 01:52:42
104899,4198,901,254,PENDING_PAYMENT,50.0,MEETUP,1,19:00-20:00,,,,2026-08-16 12:36:42
104900,2260,319,245,PENDING_PAYMENT,25.0,MEETUP,29,19:00-20:00,,,,2026-08-09 12:07:42
104901,4105,968,589,PENDING_PAYMENT,120.0,MEETUP,27,18:00-19:00,,,,2026-08-11 12:30:42
104902,2659,965,491,PENDING_PAYMENT,60.0,MEETUP,11,19:00-20:00,,,,2026-08-07 19:35:42
104903,3263,682,230,PENDING_PAYMENT,10.0,MEETUP,18,12:00-13:00,,,,2026-08-11 17:35:42
104904,1283,902,51,PENDING_PAYMENT,80.0,EXPRESS,,,1798,SF,,2026-08-10 03:31:42
104905,3011,420,34,PENDING_PAYMENT,20.0,EXPRESS,,,856,SF,,2026-08-10 18:55:42
104906,4645,216,205,PENDING_PAYMENT,150.0,MEETUP,8,19:00-20:00,,,,2026-08-12 17:08:42
104907,242,646,241,PENDING_PAYMENT,80.0,EXPRESS,,,1285,SF,,2026-08-07 14:38:42
104908,4913,281,969,PENDING_PAYMENT,15.0,EXPRESS,,,586,SF,,2026-08-13 15:41:42
104909,2018,534,817,PENDING_PAYMENT,150.0,MEETUP,16,19:00-20:00,,,,2026-08-12 13:20:42
104910,2194,176,513,PENDING_PAYMENT,8.0,EXPRESS,,,366,SF,,2026-08-08 22:24:42
104911,2975,439,1,PENDING_PAYMENT,10.0,EXPRESS,,,895,SF,,2026-08-11 01:22:42
104912,2069,420,851,PENDING_PAYMENT,2.0,MEETUP,18,12:00-13:00,,,,2026-08-10 07:56:42
104913,2129,840,748,PENDING_PAYMENT,20.0,EXPRESS,,,1668,SF,,2026-08-10 02:09:42
104914,495,366,672,PENDING_PAYMENT,60.0,MEETUP,9,18:00-19:00,,,,2026-08-08 22:59:42
104915,2775,94,956,PENDING_PAYMENT,60.0,EXPRESS,,,197,SF,,2026-08-09 22:37:42
104916,4726,372,221,PENDING_PAYMENT,100.0,MEETUP,25,19:00-20:00,,,,2026-08-10 16:31:42
104917,2865,359,331,PENDING_PAYMENT,60.0,MEETUP,5,17:00-18:00,,,,2026-08-10 05:39:42
104918,1433,436,479,PENDING_PAYMENT,80.0,EXPRESS,,,889,SF,,2026-08-06 20:57:42
104919,3839,442,114,PENDING_PAYMENT,5.0,MEETUP,4,17:00-18:00,,,,2026-08-10 04:58:42
104920,1961,951,607,PENDING_PAYMENT,150.0,EXPRESS,,,1903,SF,,2026-08-11 03:55:42
104921,2713,592,310,PENDING_PAYMENT,10.0,MEETUP,24,19:00-20:00,,,,2026-08-07 22:24:42
104922,3348,418,461,PENDING_PAYMENT,8.0,MEETUP,10,17:00-18:00,,,,2026-08-08 11:43:42
104923,1145,213,792,PENDING_PAYMENT,8.0,MEETUP,12,19:00-20:00,,,,2026-08-14 03:08:42
104924,1731,481,980,PENDING_PAYMENT,200.0,MEETUP,3,12:00-13:00,,,,2026-08-07 21:46:42
104925,43,994,252,PENDING_PAYMENT,2.0,EXPRESS,,,1983,SF,,2026-08-12 07:36:42
104926,244,619,749,PENDING_PAYMENT,15.0,EXPRESS,,,1233,SF,,2026-08-12 22:10:42
104927,506,67,594,PENDING_PAYMENT,25.0,MEETUP,7,18:00-19:00,,,,2026-08-08 13:29:42
104928,3018,751,889,PENDING_PAYMENT,200.0,EXPRESS,,,1498,SF,,2026-08-14 00:56:42
104929,3609,567,645,PENDING_PAYMENT,150.0,MEETUP,28,18:00-19:00,,,,2026-08-07 19:51:42
104930,4710,930,620,PENDING_PAYMENT,20.0,EXPRESS,,,1860,SF,,2026-08-15 09:04:42
104931,3273,240,237,PENDING_PAYMENT,150.0,EXPRESS,,,499,SF,,2026-08-07 18:43:42
104932,2714,847,308,PENDING_PAYMENT,80.0,EXPRESS,,,1685,SF,,2026-08-13 22:19:42
104933,3715,944,465,PENDING_PAYMENT,1.0,MEETUP,20,19:00-20:00,,,,2026-08-11 18:50:42
104934,3801,483,493,PENDING_PAYMENT,1.0,MEETUP,16,17:00-18:00,,,,2026-08-13 02:10:42
104935,1675,174,403,PENDING_PAYMENT,20.0,EXPRESS,,,363,SF,,2026-08-07 15:48:42
104936,1993,97,313,PENDING_PAYMENT,5.0,MEETUP,8,19:00-20:00,,,,2026-08-10 20:20:42
104937,4955,939,676,PENDING_PAYMENT,30.0,EXPRESS,,,1878,SF,,2026-08-09 02:40:42
104938,4569,81,8,PENDING_PAYMENT,120.0,EXPRESS,,,170,SF,,2026-08-11 11:25:42
104939,3271,446,279,PENDING_PAYMENT,150.0,MEETUP,9,12:00-13:00,,,,2026-08-07 20:52:42
104940,728,985,949,PENDING_PAYMENT,60.0,MEETUP,16,18:00-19:00,,,,2026-08-14 06:56:42
104941,4386,512,46,PENDING_PAYMENT,30.0,MEETUP,4,19:00-20:00,,,,2026-08-09 15:36:42
104942,1066,174,73,PENDING_PAYMENT,3.0,EXPRESS,,,363,SF,,2026-08-12 15:52:42
104943,4798,326,272,PENDING_PAYMENT,50.0,EXPRESS,,,669,SF,,2026-08-10 02:34:42
104944,2436,150,541,PENDING_PAYMENT,200.0,MEETUP,14,19:00-20:00,,,,2026-08-09 15:44:42
104945,2198,630,946,PENDING_PAYMENT,5.0,EXPRESS,,,1254,SF,,2026-08-13 09:23:42
104946,2643,881,544,PENDING_PAYMENT,60.0,EXPRESS,,,1750,SF,,2026-08-15 20:06:42
104947,4631,564,982,PENDING_PAYMENT,2.0,EXPRESS,,,1136,SF,,2026-08-07 03:23:42
104948,2107,716,51,PENDING_PAYMENT,120.0,MEETUP,17,17:00-18:00,,,,2026-08-07 13:11:42
104949,2489,161,629,PENDING_PAYMENT,5.0,MEETUP,3,17:00-18:00,,,,2026-08-12 22:29:42
104950,1297,598,331,PENDING_PAYMENT,30.0,MEETUP,18,17:00-18:00,,,,2026-08-08 02:26:42
104951,3662,500,924,PENDING_PAYMENT,20.0,EXPRESS,,,1013,SF,,2026-08-15 11:35:42
104952,110,237,313,PENDING_PAYMENT,80.0,EXPRESS,,,496,SF,,2026-08-12 11:40:42
104953,4737,717,556,PENDING_PAYMENT,2.0,EXPRESS,,,1429,SF,,2026-08-13 00:27:42
104954,4335,862,833,PENDING_PAYMENT,150.0,EXPRESS,,,1712,SF,,2026-08-16 09:59:42
104955,224,474,9,PENDING_PAYMENT,2.0,EXPRESS,,,962,SF,,2026-08-07 02:23:42
104956,4138,537,146,PENDING_PAYMENT,50.0,EXPRESS,,,1089,SF,,2026-08-13 15:01:42
104957,4328,210,209,PENDING_PAYMENT,150.0,EXPRESS,,,441,SF,,2026-08-12 05:12:42
104958,1652,249,750,PENDING_PAYMENT,120.0,MEETUP,8,18:00-19:00,,,,2026-08-07 10:31:42
104959,3792,789,952,PENDING_PAYMENT,100.0,MEETUP,5,19:00-20:00,,,,2026-08-10 01:55:42
104960,3403,481,438,PENDING_PAYMENT,8.0,MEETUP,9,12:00-13:00,,,,2026-08-13 01:42:42
104961,2389,846,628,PENDING_PAYMENT,12.0,MEETUP,25,12:00-13:00,,,,2026-08-09 22:58:42
104962,249,803,145,PENDING_PAYMENT,10.0,MEETUP,11,18:00-19:00,,,,2026-08-10 10:09:42
104963,631,396,724,PENDING_PAYMENT,80.0,EXPRESS,,,804,SF,,2026-08-15 23:55:42
104964,3554,577,33,PENDING_PAYMENT,12.0,MEETUP,5,17:00-18:00,,,,2026-08-15 01:16:42
104965,4300,20,940,PENDING_PAYMENT,60.0,MEETUP,22,17:00-18:00,,,,2026-08-10 12:51:42
104966,120,87,429,PENDING_PAYMENT,10.0,MEETUP,26,12:00-13:00,,,,2026-08-07 21:29:42
104967,1318,617,954,PENDING_PAYMENT,200.0,EXPRESS,,,1230,SF,,2026-08-13 23:46:42
104968,1593,121,132,PENDING_PAYMENT,50.0,MEETUP,21,17:00-18:00,,,,2026-08-14 06:29:42
104969,3621,362,658,PENDING_PAYMENT,200.0,EXPRESS,,,739,SF,,2026-08-13 01:43:42
104970,3869,671,290,PENDING_PAYMENT,15.0,MEETUP,24,18:00-19:00,,,,2026-08-08 23:07:42
104971,4160,506,666,PENDING_PAYMENT,8.0,MEETUP,10,19:00-20:00,,,,2026-08-07 20:16:42
104972,1958,630,941,PENDING_PAYMENT,15.0,MEETUP,18,18:00-19:00,,,,2026-08-14 14:58:42
104973,2091,894,121,PENDING_PAYMENT,10.0,EXPRESS,,,1781,SF,,2026-08-10 23:19:42
104974,1618,561,696,PENDING_PAYMENT,1.0,EXPRESS,,,1130,SF,,2026-08-08 12:02:42
104975,294,790,207,PENDING_PAYMENT,5.0,MEETUP,29,18:00-19:00,,,,2026-08-12 04:09:42
104976,1267,530,189,PENDING_PAYMENT,200.0,EXPRESS,,,1079,SF,,2026-08-14 15:48:42
104977,2216,753,134,PENDING_PAYMENT,3.0,EXPRESS,,,1504,SF,,2026-08-11 06:48:42
104978,4620,497,281,PENDING_PAYMENT,50.0,MEETUP,27,18:00-19:00,,,,2026-08-07 19:49:42
104979,4117,604,41,PENDING_PAYMENT,5.0,MEETUP,5,12:00-13:00,,,,2026-08-15 02:07:42
104980,659,546,683,PENDING_PAYMENT,3.0,MEETUP,28,18:00-19:00,,,,2026-08-16 04:14:42
104981,1117,582,797,PENDING_PAYMENT,1.0,EXPRESS,,,1168,SF,,2026-08-15 02:51:42
104982,35,37,693,PENDING_PAYMENT,12.0,EXPRESS,,,79,SF,,2026-08-16 07:12:42
104983,4009,254,603,PENDING_PAYMENT,150.0,EXPRESS,,,527,SF,,2026-08-13 12:19:42
104984,4116,848,626,PENDING_PAYMENT,12.0,EXPRESS,,,1686,SF,,2026-08-12 17:18:42
104985,3233,74,379,PENDING_PAYMENT,120.0,EXPRESS,,,156,SF,,2026-08-14 13:01:42
104986,236,204,374,PENDING_PAYMENT,5.0,MEETUP,30,18:00-19:00,,,,2026-08-12 09:53:42
104987,4445,838,20,PENDING_PAYMENT,200.0,MEETUP,8,19:00-20:00,,,,2026-08-13 20:24:42
104988,3868,448,534,PENDING_PAYMENT,25.0,MEETUP,4,12:00-13:00,,,,2026-08-11 16:02:42
104989,2038,418,882,PENDING_PAYMENT,60.0,EXPRESS,,,851,SF,,2026-08-14 20:08:42
104990,1938,24,450,PENDING_PAYMENT,50.0,EXPRESS,,,51,SF,,2026-08-07 16:04:42
104991,1710,233,379,PENDING_PAYMENT,120.0,EXPRESS,,,485,SF,,2026-08-11 19:30:42
104992,1850,678,93,PENDING_PAYMENT,2.0,MEETUP,17,18:00-19:00,,,,2026-08-09 06:48:42
104993,1355,318,279,PENDING_PAYMENT,25.0,MEETUP,13,17:00-18:00,,,,2026-08-06 21:42:42
104994,3657,518,671,PENDING_PAYMENT,8.0,EXPRESS,,,1053,SF,,2026-08-16 10:24:42
104995,4025,947,313,PENDING_PAYMENT,150.0,EXPRESS,,,1895,SF,,2026-08-14 17:23:42
104996,1081,557,737,PENDING_PAYMENT,80.0,EXPRESS,,,1121,SF,,2026-08-07 22:20:42
104997,4684,284,147,PENDING_PAYMENT,200.0,EXPRESS,,,594,SF,,2026-08-11 00:59:42
104998,2196,506,956,PENDING_PAYMENT,1.0,MEETUP,7,19:00-20:00,,,,2026-08-08 05:39:42
104999,1561,423,13,PENDING_PAYMENT,200.0,MEETUP,5,12:00-13:00,,,,2026-08-15 03:42:42
105000,624,916,14,PENDING_PAYMENT,25.0,MEETUP,11,17:00-18:00,,,,2026-08-15 08:29:42
105001,1496,511,800,PENDING_PAYMENT,15.0,MEETUP,3,17:00-18:00,,,,2026-08-13 10:46:42
105002,4986,169,737,PENDING_PAYMENT,1.0,EXPRESS,,,351,SF,,2026-08-09 06:14:42
105003,4973,425,202,PENDING_PAYMENT,80.0,EXPRESS,,,869,SF,,2026-08-13 18:51:42
105004,4310,346,320,PENDING_PAYMENT,150.0,MEETUP,15,19:00-20:00,,,,2026-08-13 18:16:42
105005,3058,350,407,PENDING_PAYMENT,30.0,EXPRESS,,,714,SF,,2026-08-15 10:42:42
105006,3548,579,996,PENDING_PAYMENT,60.0,MEETUP,30,19:00-20:00,,,,2026-08-15 08:17:42
105007,702,817,551,PENDING_PAYMENT,2.0,MEETUP,2,18:00-19:00,,,,2026-08-10 09:37:42
105008,2412,415,633,PENDING_PAYMENT,120.0,MEETUP,16,18:00-19:00,,,,2026-08-15 11:56:42
105009,4968,498,613,PENDING_PAYMENT,30.0,EXPRESS,,,1011,SF,,2026-08-09 23:19:42
105010,1890,312,656,PENDING_PAYMENT,20.0,EXPRESS,,,642,SF,,2026-08-07 17:05:42
105011,2916,705,37,PENDING_PAYMENT,3.0,EXPRESS,,,1407,SF,,2026-08-14 18:26:42
105012,1412,777,290,PENDING_PAYMENT,2.0,EXPRESS,,,1550,SF,,2026-08-13 15:13:42
105013,557,245,62,PENDING_PAYMENT,2.0,EXPRESS,,,506,SF,,2026-08-12 22:20:42
105014,766,194,881,PENDING_PAYMENT,8.0,MEETUP,1,12:00-13:00,,,,2026-08-10 18:25:42
105015,3134,151,145,PENDING_PAYMENT,200.0,EXPRESS,,,314,SF,,2026-08-16 05:36:42
105016,232,220,908,PENDING_PAYMENT,200.0,EXPRESS,,,458,SF,,2026-08-12 18:09:42
105017,3316,817,426,PENDING_PAYMENT,120.0,EXPRESS,,,1624,SF,,2026-08-14 07:12:42
105018,3789,192,641,PENDING_PAYMENT,80.0,MEETUP,21,12:00-13:00,,,,2026-08-14 15:53:42
105019,3691,189,896,PENDING_PAYMENT,25.0,EXPRESS,,,395,SF,,2026-08-14 03:44:42
105020,2646,66,179,PENDING_PAYMENT,10.0,EXPRESS,,,140,SF,,2026-08-07 05:39:42
105021,3777,501,46,PENDING_PAYMENT,3.0,MEETUP,13,18:00-19:00,,,,2026-08-13 07:38:42
105022,1962,819,421,PENDING_PAYMENT,150.0,EXPRESS,,,1628,SF,,2026-08-06 23:12:42
105023,2513,733,182,PENDING_PAYMENT,12.0,MEETUP,11,19:00-20:00,,,,2026-08-15 02:50:42
105024,4575,511,296,PENDING_PAYMENT,20.0,MEETUP,27,19:00-20:00,,,,2026-08-09 17:17:42
105025,3960,403,893,PENDING_PAYMENT,200.0,MEETUP,6,17:00-18:00,,,,2026-08-13 04:43:42
105026,1092,819,673,PENDING_PAYMENT,8.0,MEETUP,12,12:00-13:00,,,,2026-08-12 14:08:42
105027,1874,766,130,PENDING_PAYMENT,12.0,EXPRESS,,,1534,SF,,2026-08-11 20:40:42
105028,1504,295,961,PENDING_PAYMENT,20.0,MEETUP,17,19:00-20:00,,,,2026-08-13 14:22:42
105029,1642,102,626,PENDING_PAYMENT,1.0,EXPRESS,,,212,SF,,2026-08-10 01:22:42
105030,1439,485,258,PENDING_PAYMENT,150.0,MEETUP,26,19:00-20:00,,,,2026-08-11 17:09:42
105031,1333,70,238,PENDING_PAYMENT,20.0,MEETUP,14,12:00-13:00,,,,2026-08-08 17:31:42
105032,371,576,900,PENDING_PAYMENT,12.0,MEETUP,27,12:00-13:00,,,,2026-08-09 10:15:42
105033,1121,822,731,PENDING_PAYMENT,10.0,EXPRESS,,,1634,SF,,2026-08-12 02:00:42
105034,4864,609,720,PENDING_PAYMENT,60.0,MEETUP,13,17:00-18:00,,,,2026-08-12 02:01:42
105035,2400,173,194,PENDING_PAYMENT,1.0,EXPRESS,,,359,SF,,2026-08-10 19:54:42
105036,2397,79,494,PENDING_PAYMENT,80.0,MEETUP,18,18:00-19:00,,,,2026-08-11 06:33:42
105037,3914,439,579,PENDING_PAYMENT,100.0,MEETUP,1,17:00-18:00,,,,2026-08-08 02:40:42
105038,2123,439,532,PENDING_PAYMENT,25.0,MEETUP,20,12:00-13:00,,,,2026-08-09 23:33:42
105039,2673,258,382,PENDING_PAYMENT,80.0,EXPRESS,,,536,SF,,2026-08-13 12:35:42
105040,1253,334,787,PENDING_PAYMENT,120.0,MEETUP,14,12:00-13:00,,,,2026-08-11 00:20:42
105041,1528,391,84,PENDING_PAYMENT,100.0,MEETUP,23,12:00-13:00,,,,2026-08-10 21:59:42
105042,3491,138,402,PENDING_PAYMENT,20.0,EXPRESS,,,282,SF,,2026-08-10 06:20:42
105043,338,199,75,PENDING_PAYMENT,80.0,EXPRESS,,,416,SF,,2026-08-14 05:35:42
105044,1020,898,470,PENDING_PAYMENT,8.0,EXPRESS,,,1789,SF,,2026-08-10 22:42:42
105045,3926,197,991,PENDING_PAYMENT,100.0,MEETUP,7,18:00-19:00,,,,2026-08-13 23:52:42
105046,147,3,711,PENDING_PAYMENT,60.0,EXPRESS,,,8,SF,,2026-08-10 06:16:42
105047,2089,979,715,PENDING_PAYMENT,200.0,EXPRESS,,,1960,SF,,2026-08-10 02:54:42
105048,4452,774,678,PENDING_PAYMENT,20.0,EXPRESS,,,1543,SF,,2026-08-15 19:19:42
105049,384,588,405,PENDING_PAYMENT,150.0,EXPRESS,,,1175,SF,,2026-08-13 11:31:42
105050,1552,812,166,PENDING_PAYMENT,12.0,MEETUP,9,18:00-19:00,,,,2026-08-11 22:29:42
105051,700,372,93,PENDING_PAYMENT,80.0,MEETUP,6,18:00-19:00,,,,2026-08-11 08:49:42
105052,4765,669,62,PENDING_PAYMENT,8.0,EXPRESS,,,1335,SF,,2026-08-11 03:24:42
105053,3519,84,73,PENDING_PAYMENT,200.0,EXPRESS,,,176,SF,,2026-08-08 17:06:42
105054,2253,167,832,PENDING_PAYMENT,3.0,MEETUP,25,12:00-13:00,,,,2026-08-15 22:06:42
105055,71,928,434,PENDING_PAYMENT,50.0,EXPRESS,,,1855,SF,,2026-08-14 19:58:42
105056,4496,177,618,PENDING_PAYMENT,5.0,MEETUP,25,18:00-19:00,,,,2026-08-08 05:42:42
105057,3242,245,92,PENDING_PAYMENT,60.0,EXPRESS,,,506,SF,,2026-08-14 22:38:42
105058,4267,829,217,PENDING_PAYMENT,10.0,MEETUP,10,18:00-19:00,,,,2026-08-07 08:44:42
105059,3366,388,902,PENDING_PAYMENT,2.0,EXPRESS,,,784,SF,,2026-08-11 04:52:42
105060,1241,911,587,PENDING_PAYMENT,8.0,EXPRESS,,,1817,SF,,2026-08-07 14:58:42
105061,2548,917,538,PENDING_PAYMENT,5.0,MEETUP,9,12:00-13:00,,,,2026-08-11 10:49:42
105062,1246,497,518,PENDING_PAYMENT,12.0,MEETUP,7,18:00-19:00,,,,2026-08-11 17:10:42
105063,2970,925,540,PENDING_PAYMENT,25.0,EXPRESS,,,1849,SF,,2026-08-13 07:42:42
105064,4343,303,826,PENDING_PAYMENT,8.0,EXPRESS,,,627,SF,,2026-08-14 12:30:42
105065,1158,158,329,PENDING_PAYMENT,5.0,MEETUP,30,19:00-20:00,,,,2026-08-16 04:48:42
105066,1889,326,229,PENDING_PAYMENT,200.0,EXPRESS,,,669,SF,,2026-08-09 23:08:42
105067,2432,252,24,PENDING_PAYMENT,200.0,EXPRESS,,,522,SF,,2026-08-07 06:58:42
105068,832,815,883,PENDING_PAYMENT,12.0,MEETUP,19,18:00-19:00,,,,2026-08-09 08:17:42
105069,2503,236,56,PENDING_PAYMENT,200.0,EXPRESS,,,494,SF,,2026-08-10 04:26:42
105070,4601,484,499,PENDING_PAYMENT,50.0,MEETUP,15,12:00-13:00,,,,2026-08-11 13:10:42
105071,4095,202,935,PENDING_PAYMENT,2.0,MEETUP,2,12:00-13:00,,,,2026-08-10 14:00:42
105072,3915,966,128,PENDING_PAYMENT,5.0,EXPRESS,,,1935,SF,,2026-08-09 16:51:42
105073,2015,334,229,PENDING_PAYMENT,3.0,EXPRESS,,,685,SF,,2026-08-08 20:09:42
105074,552,173,766,PENDING_PAYMENT,150.0,EXPRESS,,,360,SF,,2026-08-13 05:34:42
105075,451,482,107,PENDING_PAYMENT,15.0,MEETUP,29,17:00-18:00,,,,2026-08-14 21:39:42
105076,228,487,115,PENDING_PAYMENT,50.0,EXPRESS,,,992,SF,,2026-08-16 18:28:42
105077,4138,256,146,PENDING_PAYMENT,50.0,MEETUP,14,17:00-18:00,,,,2026-08-16 13:13:42
105078,888,741,938,PENDING_PAYMENT,15.0,MEETUP,8,12:00-13:00,,,,2026-08-07 17:59:42
105079,4334,437,805,PENDING_PAYMENT,3.0,MEETUP,6,12:00-13:00,,,,2026-08-08 01:34:42
105080,4598,217,921,PENDING_PAYMENT,120.0,MEETUP,13,18:00-19:00,,,,2026-08-09 21:01:42
105081,1941,236,830,PENDING_PAYMENT,200.0,EXPRESS,,,492,SF,,2026-08-10 02:00:42
105082,2996,720,500,PENDING_PAYMENT,50.0,MEETUP,2,17:00-18:00,,,,2026-08-12 16:11:42
105083,4414,443,34,PENDING_PAYMENT,15.0,EXPRESS,,,902,SF,,2026-08-14 11:28:42
105084,2402,854,274,PENDING_PAYMENT,15.0,MEETUP,7,12:00-13:00,,,,2026-08-10 03:35:42
105085,491,634,530,PENDING_PAYMENT,8.0,MEETUP,30,19:00-20:00,,,,2026-08-11 08:35:42
105086,2537,710,249,PENDING_PAYMENT,20.0,MEETUP,10,19:00-20:00,,,,2026-08-09 22:28:42
105087,1793,605,14,PENDING_PAYMENT,8.0,MEETUP,12,19:00-20:00,,,,2026-08-11 14:18:42
105088,2728,916,781,PENDING_PAYMENT,12.0,MEETUP,13,17:00-18:00,,,,2026-08-10 23:52:42
105089,2277,206,60,PENDING_PAYMENT,30.0,EXPRESS,,,431,SF,,2026-08-16 04:33:42
105090,3648,483,107,PENDING_PAYMENT,200.0,EXPRESS,,,980,SF,,2026-08-15 11:55:42
105091,1845,18,234,PENDING_PAYMENT,8.0,EXPRESS,,,39,SF,,2026-08-15 00:35:42
105092,3156,451,953,PENDING_PAYMENT,80.0,EXPRESS,,,917,SF,,2026-08-15 01:20:42
105093,2284,148,942,PENDING_PAYMENT,2.0,MEETUP,9,19:00-20:00,,,,2026-08-07 23:43:42
105094,509,394,389,PENDING_PAYMENT,2.0,MEETUP,29,12:00-13:00,,,,2026-08-10 19:32:42
105095,2407,681,831,PENDING_PAYMENT,10.0,MEETUP,17,12:00-13:00,,,,2026-08-14 01:09:42
105096,2928,713,708,PENDING_PAYMENT,30.0,MEETUP,19,18:00-19:00,,,,2026-08-13 01:53:42
105097,113,189,14,PENDING_PAYMENT,15.0,EXPRESS,,,394,SF,,2026-08-14 05:57:42
105098,272,214,715,PENDING_PAYMENT,150.0,EXPRESS,,,449,SF,,2026-08-14 08:15:42
105099,4580,368,302,PENDING_PAYMENT,120.0,EXPRESS,,,748,SF,,2026-08-15 12:47:42
105100,3194,280,425,PENDING_PAYMENT,1.0,EXPRESS,,,585,SF,,2026-08-13 00:20:42
105101,2101,493,615,PENDING_PAYMENT,50.0,MEETUP,20,19:00-20:00,,,,2026-08-12 02:07:42
105102,3365,645,367,PENDING_PAYMENT,120.0,EXPRESS,,,1282,SF,,2026-08-15 13:11:42
105103,4522,664,689,PENDING_PAYMENT,1.0,EXPRESS,,,1325,SF,,2026-08-14 04:17:42
105104,4931,782,344,PENDING_PAYMENT,60.0,MEETUP,13,19:00-20:00,,,,2026-08-14 07:36:42
105105,4128,664,541,PENDING_PAYMENT,120.0,MEETUP,4,12:00-13:00,,,,2026-08-12 19:50:42
105106,3741,702,704,PENDING_PAYMENT,80.0,EXPRESS,,,1401,SF,,2026-08-08 03:54:42
105107,2330,96,181,PENDING_PAYMENT,2.0,EXPRESS,,,201,SF,,2026-08-09 01:01:42
105108,3123,996,357,PENDING_PAYMENT,100.0,MEETUP,26,12:00-13:00,,,,2026-08-09 02:51:42
105109,4292,28,726,PENDING_PAYMENT,1.0,EXPRESS,,,58,SF,,2026-08-07 04:41:42
105110,1788,644,904,PENDING_PAYMENT,25.0,MEETUP,10,17:00-18:00,,,,2026-08-10 21:09:42
105111,4878,462,70,PENDING_PAYMENT,5.0,MEETUP,23,17:00-18:00,,,,2026-08-10 19:50:42
105112,657,351,46,PENDING_PAYMENT,150.0,EXPRESS,,,715,SF,,2026-08-12 16:33:42
105113,3951,457,349,PENDING_PAYMENT,3.0,MEETUP,21,18:00-19:00,,,,2026-08-07 22:10:42
105114,2593,222,386,PENDING_PAYMENT,200.0,MEETUP,30,17:00-18:00,,,,2026-08-14 04:59:42
105115,3108,374,746,PENDING_PAYMENT,3.0,MEETUP,24,17:00-18:00,,,,2026-08-08 14:59:42
105116,2198,292,946,PENDING_PAYMENT,5.0,MEETUP,6,18:00-19:00,,,,2026-08-11 04:17:42
105117,933,529,88,PENDING_PAYMENT,5.0,MEETUP,11,17:00-18:00,,,,2026-08-13 03:09:42
105118,4598,778,921,PENDING_PAYMENT,120.0,EXPRESS,,,1551,SF,,2026-08-14 14:44:42
105119,4687,375,711,PENDING_PAYMENT,2.0,MEETUP,26,18:00-19:00,,,,2026-08-10 10:29:42
105120,502,14,942,PENDING_PAYMENT,20.0,EXPRESS,,,32,SF,,2026-08-15 09:50:42
105121,383,825,836,PENDING_PAYMENT,80.0,EXPRESS,,,1639,SF,,2026-08-08 06:23:42
105122,4749,410,384,PENDING_PAYMENT,20.0,EXPRESS,,,830,SF,,2026-08-14 21:39:42
105123,3436,919,102,PENDING_PAYMENT,200.0,EXPRESS,,,1836,SF,,2026-08-14 02:18:42
105124,3248,229,598,PENDING_PAYMENT,30.0,MEETUP,18,12:00-13:00,,,,2026-08-13 19:12:42
105125,671,604,82,PENDING_PAYMENT,30.0,EXPRESS,,,1207,SF,,2026-08-12 22:17:42
105126,3956,126,263,PENDING_PAYMENT,8.0,MEETUP,26,19:00-20:00,,,,2026-08-13 02:58:42
105127,3593,189,9,PENDING_PAYMENT,10.0,EXPRESS,,,394,SF,,2026-08-15 22:49:42
105128,2396,32,49,PENDING_PAYMENT,1.0,EXPRESS,,,65,SF,,2026-08-09 17:23:42
105129,2809,811,227,PENDING_PAYMENT,150.0,MEETUP,15,19:00-20:00,,,,2026-08-09 08:11:42
105130,651,673,308,PENDING_PAYMENT,60.0,EXPRESS,,,1344,SF,,2026-08-16 14:24:42
105131,3613,593,691,PENDING_PAYMENT,100.0,EXPRESS,,,1183,SF,,2026-08-12 22:18:42
105132,3548,93,996,PENDING_PAYMENT,60.0,MEETUP,22,12:00-13:00,,,,2026-08-16 03:20:42
105133,1171,798,508,PENDING_PAYMENT,120.0,MEETUP,14,19:00-20:00,,,,2026-08-07 05:11:42
105134,916,883,25,PENDING_PAYMENT,10.0,MEETUP,24,12:00-13:00,,,,2026-08-09 00:32:42
105135,4663,504,484,PENDING_PAYMENT,150.0,MEETUP,20,17:00-18:00,,,,2026-08-14 15:38:42
105136,926,564,727,PENDING_PAYMENT,120.0,MEETUP,22,18:00-19:00,,,,2026-08-12 23:25:42
105137,418,97,659,PENDING_PAYMENT,60.0,EXPRESS,,,204,SF,,2026-08-12 18:40:42
105138,3631,965,192,PENDING_PAYMENT,3.0,MEETUP,24,17:00-18:00,,,,2026-08-13 10:44:42
105139,749,947,391,PENDING_PAYMENT,8.0,EXPRESS,,,1896,SF,,2026-08-13 01:53:42
105140,150,838,72,PENDING_PAYMENT,3.0,EXPRESS,,,1664,SF,,2026-08-07 14:42:42
105141,3452,359,985,PENDING_PAYMENT,50.0,EXPRESS,,,732,SF,,2026-08-08 00:49:42
105142,2321,444,276,PENDING_PAYMENT,2.0,EXPRESS,,,904,SF,,2026-08-11 23:44:42
105143,1264,438,925,PENDING_PAYMENT,10.0,MEETUP,9,17:00-18:00,,,,2026-08-15 03:46:42
105144,2962,747,81,PENDING_PAYMENT,1.0,EXPRESS,,,1489,SF,,2026-08-16 15:39:42
105145,4580,849,302,PENDING_PAYMENT,120.0,EXPRESS,,,1687,SF,,2026-08-14 04:49:42
105146,1925,755,844,PENDING_PAYMENT,80.0,MEETUP,11,17:00-18:00,,,,2026-08-10 14:28:42
105147,579,449,300,PENDING_PAYMENT,5.0,EXPRESS,,,913,SF,,2026-08-13 08:42:42
105148,4256,672,904,PENDING_PAYMENT,25.0,MEETUP,19,19:00-20:00,,,,2026-08-07 07:19:42
105149,2387,660,56,PENDING_PAYMENT,30.0,EXPRESS,,,1319,SF,,2026-08-14 00:46:42
105150,2467,9,68,PENDING_PAYMENT,3.0,EXPRESS,,,22,SF,,2026-08-09 10:59:42
105151,3459,940,884,PENDING_PAYMENT,25.0,EXPRESS,,,1882,SF,,2026-08-15 16:23:42
105152,3707,757,300,PENDING_PAYMENT,3.0,EXPRESS,,,1512,SF,,2026-08-08 20:39:42
105153,4808,699,19,PENDING_PAYMENT,120.0,MEETUP,25,12:00-13:00,,,,2026-08-11 07:43:42
105154,236,993,374,PENDING_PAYMENT,5.0,MEETUP,12,19:00-20:00,,,,2026-08-13 06:00:42
105155,2381,918,599,PENDING_PAYMENT,150.0,MEETUP,26,18:00-19:00,,,,2026-08-15 22:25:42
105156,383,754,836,PENDING_PAYMENT,80.0,MEETUP,21,17:00-18:00,,,,2026-08-07 07:55:42
105157,2900,873,928,PENDING_PAYMENT,80.0,MEETUP,27,19:00-20:00,,,,2026-08-10 16:55:42
105158,4980,110,490,PENDING_PAYMENT,5.0,EXPRESS,,,226,SF,,2026-08-16 09:15:42
105159,1605,588,668,PENDING_PAYMENT,200.0,MEETUP,26,18:00-19:00,,,,2026-08-16 09:05:42
105160,2519,171,88,PENDING_PAYMENT,100.0,MEETUP,17,18:00-19:00,,,,2026-08-15 14:52:42
105161,2042,988,915,PENDING_PAYMENT,80.0,EXPRESS,,,1974,SF,,2026-08-10 08:07:42
105162,1800,212,834,PENDING_PAYMENT,12.0,EXPRESS,,,446,SF,,2026-08-10 09:40:42
105163,3530,581,298,PENDING_PAYMENT,1.0,EXPRESS,,,1166,SF,,2026-08-16 04:32:42
105164,2307,148,698,PENDING_PAYMENT,150.0,EXPRESS,,,307,SF,,2026-08-14 11:36:42
105165,4642,881,954,PENDING_PAYMENT,2.0,MEETUP,23,17:00-18:00,,,,2026-08-12 16:35:42
105166,3207,516,248,PENDING_PAYMENT,1.0,MEETUP,25,19:00-20:00,,,,2026-08-14 01:34:42
105167,3550,8,320,PENDING_PAYMENT,2.0,MEETUP,16,17:00-18:00,,,,2026-08-08 01:16:42
105168,2651,18,227,PENDING_PAYMENT,30.0,MEETUP,29,12:00-13:00,,,,2026-08-11 16:55:42
105169,3035,120,100,PENDING_PAYMENT,3.0,MEETUP,19,17:00-18:00,,,,2026-08-14 20:37:42
105170,2594,16,346,PENDING_PAYMENT,80.0,EXPRESS,,,34,SF,,2026-08-14 22:32:42
105171,4137,721,565,PENDING_PAYMENT,8.0,MEETUP,5,17:00-18:00,,,,2026-08-11 02:33:42
105172,3820,724,524,PENDING_PAYMENT,100.0,EXPRESS,,,1440,SF,,2026-08-14 00:20:42
105173,320,997,403,PENDING_PAYMENT,120.0,EXPRESS,,,1990,SF,,2026-08-14 23:06:42
105174,3016,432,737,PENDING_PAYMENT,200.0,MEETUP,12,17:00-18:00,,,,2026-08-08 06:56:42
105175,3081,151,872,PENDING_PAYMENT,80.0,EXPRESS,,,314,SF,,2026-08-08 16:11:42
105176,1986,765,33,PENDING_PAYMENT,150.0,EXPRESS,,,1533,SF,,2026-08-10 16:06:42
105177,4366,959,693,PENDING_PAYMENT,25.0,MEETUP,2,19:00-20:00,,,,2026-08-14 09:57:42
105178,3024,878,996,PENDING_PAYMENT,1.0,EXPRESS,,,1745,SF,,2026-08-14 14:57:42
105179,1127,869,688,PENDING_PAYMENT,150.0,MEETUP,4,18:00-19:00,,,,2026-08-11 06:12:42
105180,1572,110,691,PENDING_PAYMENT,1.0,EXPRESS,,,226,SF,,2026-08-16 10:35:42
105181,3575,515,889,PENDING_PAYMENT,200.0,EXPRESS,,,1050,SF,,2026-08-09 08:02:42
105182,3581,166,839,PENDING_PAYMENT,100.0,EXPRESS,,,345,SF,,2026-08-15 09:44:42
105183,1327,661,318,PENDING_PAYMENT,12.0,MEETUP,15,12:00-13:00,,,,2026-08-16 06:04:42
105184,4860,983,347,PENDING_PAYMENT,1.0,EXPRESS,,,1965,SF,,2026-08-09 08:09:42
105185,2756,643,972,PENDING_PAYMENT,8.0,MEETUP,27,12:00-13:00,,,,2026-08-15 17:21:42
105186,860,170,862,PENDING_PAYMENT,5.0,MEETUP,9,17:00-18:00,,,,2026-08-14 12:31:42
105187,2387,654,56,PENDING_PAYMENT,30.0,EXPRESS,,,1304,SF,,2026-08-15 01:28:42
105188,2667,628,996,PENDING_PAYMENT,5.0,MEETUP,15,19:00-20:00,,,,2026-08-16 01:09:42
105189,390,486,445,PENDING_PAYMENT,25.0,EXPRESS,,,988,SF,,2026-08-09 20:48:42
105190,1850,63,93,PENDING_PAYMENT,2.0,MEETUP,1,17:00-18:00,,,,2026-08-11 06:46:42
105191,1448,88,297,PENDING_PAYMENT,80.0,MEETUP,29,18:00-19:00,,,,2026-08-16 06:39:42
105192,3856,972,805,PENDING_PAYMENT,20.0,MEETUP,22,12:00-13:00,,,,2026-08-07 07:21:42
105193,3842,414,303,PENDING_PAYMENT,15.0,MEETUP,22,12:00-13:00,,,,2026-08-13 19:08:42
105194,744,243,121,PENDING_PAYMENT,25.0,MEETUP,2,18:00-19:00,,,,2026-08-08 21:50:42
105195,2951,110,577,PENDING_PAYMENT,5.0,EXPRESS,,,225,SF,,2026-08-13 02:58:42
105196,1151,377,840,PENDING_PAYMENT,30.0,MEETUP,7,17:00-18:00,,,,2026-08-08 05:07:42
105197,1754,590,263,PENDING_PAYMENT,50.0,EXPRESS,,,1178,SF,,2026-08-12 05:21:42
105198,1253,717,787,PENDING_PAYMENT,120.0,MEETUP,17,18:00-19:00,,,,2026-08-09 12:48:42
105199,1058,378,456,PENDING_PAYMENT,50.0,EXPRESS,,,767,SF,,2026-08-13 10:53:42
105200,2570,197,326,PENDING_PAYMENT,50.0,MEETUP,19,12:00-13:00,,,,2026-08-14 05:34:42
105201,4970,155,765,PENDING_PAYMENT,1.0,EXPRESS,,,322,SF,,2026-08-11 18:02:42
105202,4637,965,110,PENDING_PAYMENT,10.0,MEETUP,27,19:00-20:00,,,,2026-08-13 17:52:42
105203,811,423,586,PENDING_PAYMENT,5.0,MEETUP,18,12:00-13:00,,,,2026-08-09 03:47:42
105204,1247,15,99,PENDING_PAYMENT,20.0,MEETUP,1,17:00-18:00,,,,2026-08-14 01:58:42
105205,1805,88,490,PENDING_PAYMENT,25.0,MEETUP,3,12:00-13:00,,,,2026-08-12 23:01:42
105206,3785,300,741,PENDING_PAYMENT,120.0,EXPRESS,,,621,SF,,2026-08-07 07:28:42
105207,2366,957,22,PENDING_PAYMENT,15.0,EXPRESS,,,1917,SF,,2026-08-06 22:37:42
105208,4010,718,330,PENDING_PAYMENT,120.0,MEETUP,8,12:00-13:00,,,,2026-08-09 13:57:42
105209,156,432,632,PENDING_PAYMENT,1.0,MEETUP,1,17:00-18:00,,,,2026-08-08 11:38:42
105210,4690,440,388,PENDING_PAYMENT,8.0,MEETUP,26,19:00-20:00,,,,2026-08-15 06:08:42
105211,2267,992,898,PENDING_PAYMENT,20.0,MEETUP,4,17:00-18:00,,,,2026-08-13 17:30:42
105212,4162,77,225,PENDING_PAYMENT,5.0,MEETUP,11,19:00-20:00,,,,2026-08-08 15:14:42
105213,694,690,931,PENDING_PAYMENT,200.0,MEETUP,26,17:00-18:00,,,,2026-08-11 13:24:42
105214,337,910,179,PENDING_PAYMENT,10.0,EXPRESS,,,1814,SF,,2026-08-15 14:47:42
105215,3200,854,682,PENDING_PAYMENT,60.0,MEETUP,22,19:00-20:00,,,,2026-08-15 09:09:42
105216,1420,257,45,PENDING_PAYMENT,50.0,EXPRESS,,,535,SF,,2026-08-10 10:50:42
105217,2429,345,705,PENDING_PAYMENT,5.0,MEETUP,8,12:00-13:00,,,,2026-08-12 20:21:42
105218,2469,169,373,PENDING_PAYMENT,25.0,EXPRESS,,,350,SF,,2026-08-13 12:54:42
105219,3608,457,217,PENDING_PAYMENT,3.0,MEETUP,15,18:00-19:00,,,,2026-08-13 09:24:42
105220,2224,477,155,PENDING_PAYMENT,30.0,EXPRESS,,,968,SF,,2026-08-12 18:46:42
105221,1582,968,796,PENDING_PAYMENT,10.0,MEETUP,12,18:00-19:00,,,,2026-08-11 20:50:42
105222,1050,118,970,PENDING_PAYMENT,50.0,MEETUP,10,17:00-18:00,,,,2026-08-08 12:34:42
105223,4892,644,845,PENDING_PAYMENT,1.0,EXPRESS,,,1280,SF,,2026-08-15 17:13:42
105224,3378,14,308,PENDING_PAYMENT,3.0,MEETUP,29,18:00-19:00,,,,2026-08-16 11:41:42
105225,3157,508,960,PENDING_PAYMENT,60.0,EXPRESS,,,1034,SF,,2026-08-15 14:41:42
105226,2873,692,676,PENDING_PAYMENT,50.0,EXPRESS,,,1378,SF,,2026-08-16 18:15:42
105227,1538,201,937,PENDING_PAYMENT,12.0,MEETUP,13,19:00-20:00,,,,2026-08-10 20:07:42
105228,4997,10,676,PENDING_PAYMENT,120.0,EXPRESS,,,23,SF,,2026-08-16 02:59:42
105229,66,990,86,PENDING_PAYMENT,1.0,EXPRESS,,,1978,SF,,2026-08-07 08:50:42
105230,2431,207,178,PENDING_PAYMENT,1.0,MEETUP,13,18:00-19:00,,,,2026-08-08 07:35:42
105231,4042,842,339,PENDING_PAYMENT,1.0,EXPRESS,,,1673,SF,,2026-08-12 10:20:42
105232,998,968,49,PENDING_PAYMENT,5.0,EXPRESS,,,1938,SF,,2026-08-09 16:24:42
105233,1355,765,279,PENDING_PAYMENT,25.0,MEETUP,12,19:00-20:00,,,,2026-08-10 12:18:42
105234,3506,184,985,PENDING_PAYMENT,100.0,EXPRESS,,,386,SF,,2026-08-11 22:16:42
105235,1633,60,526,PENDING_PAYMENT,120.0,EXPRESS,,,130,SF,,2026-08-09 19:04:42
105236,2343,573,863,PENDING_PAYMENT,200.0,EXPRESS,,,1152,SF,,2026-08-16 14:25:42
105237,1,276,17,PENDING_PAYMENT,30.0,MEETUP,22,19:00-20:00,,,,2026-08-12 15:49:42
105238,3861,488,361,PENDING_PAYMENT,8.0,EXPRESS,,,994,SF,,2026-08-07 10:53:42
105239,1005,836,969,PENDING_PAYMENT,8.0,MEETUP,13,12:00-13:00,,,,2026-08-10 17:26:42
105240,2600,578,938,PENDING_PAYMENT,80.0,MEETUP,4,12:00-13:00,,,,2026-08-15 20:10:42
105241,192,68,3,PENDING_PAYMENT,12.0,MEETUP,24,17:00-18:00,,,,2026-08-09 17:46:42
105242,2861,745,267,PENDING_PAYMENT,80.0,EXPRESS,,,1482,SF,,2026-08-16 13:56:42
105243,4391,834,452,PENDING_PAYMENT,8.0,MEETUP,26,18:00-19:00,,,,2026-08-10 14:15:42
105244,446,306,189,PENDING_PAYMENT,1.0,MEETUP,23,18:00-19:00,,,,2026-08-16 17:34:42
105245,2252,71,900,PENDING_PAYMENT,50.0,MEETUP,3,19:00-20:00,,,,2026-08-11 02:10:42
105246,3802,802,505,PENDING_PAYMENT,1.0,MEETUP,5,12:00-13:00,,,,2026-08-11 17:48:42
105247,1068,151,707,PENDING_PAYMENT,3.0,MEETUP,29,17:00-18:00,,,,2026-08-09 16:09:42
105248,1860,156,400,PENDING_PAYMENT,80.0,MEETUP,20,12:00-13:00,,,,2026-08-12 06:31:42
105249,974,143,195,PENDING_PAYMENT,8.0,EXPRESS,,,293,SF,,2026-08-15 15:56:42
105250,2995,404,912,PENDING_PAYMENT,120.0,EXPRESS,,,816,SF,,2026-08-08 20:51:42
105251,3404,133,437,PENDING_PAYMENT,15.0,EXPRESS,,,271,SF,,2026-08-08 13:57:42
105252,643,278,822,PENDING_PAYMENT,200.0,EXPRESS,,,581,SF,,2026-08-10 04:08:42
105253,2305,734,290,PENDING_PAYMENT,2.0,EXPRESS,,,1457,SF,,2026-08-16 12:57:42
105254,3324,126,922,PENDING_PAYMENT,20.0,EXPRESS,,,259,SF,,2026-08-10 15:20:42
105255,3093,74,375,PENDING_PAYMENT,1.0,MEETUP,10,19:00-20:00,,,,2026-08-15 03:30:42
105256,765,676,726,PENDING_PAYMENT,80.0,MEETUP,28,19:00-20:00,,,,2026-08-07 01:03:42
105257,4441,800,811,PENDING_PAYMENT,30.0,EXPRESS,,,1596,SF,,2026-08-12 10:05:42
105258,4793,792,148,PENDING_PAYMENT,2.0,EXPRESS,,,1578,SF,,2026-08-13 04:20:42
105259,3489,676,953,PENDING_PAYMENT,1.0,MEETUP,13,18:00-19:00,,,,2026-08-07 15:01:42
105260,1005,491,969,PENDING_PAYMENT,8.0,EXPRESS,,,998,SF,,2026-08-07 16:51:42
105261,3982,612,702,PENDING_PAYMENT,80.0,MEETUP,21,17:00-18:00,,,,2026-08-08 02:23:42
105262,1915,281,194,PENDING_PAYMENT,3.0,MEETUP,22,17:00-18:00,,,,2026-08-11 02:31:42
105263,1343,419,97,PENDING_PAYMENT,15.0,MEETUP,18,12:00-13:00,,,,2026-08-08 06:17:42
105264,1346,468,19,PENDING_PAYMENT,200.0,MEETUP,29,17:00-18:00,,,,2026-08-15 18:12:42
105265,4307,467,549,PENDING_PAYMENT,5.0,MEETUP,16,19:00-20:00,,,,2026-08-12 13:14:42
105266,2407,317,831,PENDING_PAYMENT,10.0,MEETUP,26,18:00-19:00,,,,2026-08-10 09:23:42
105267,19,494,309,PENDING_PAYMENT,30.0,EXPRESS,,,1003,SF,,2026-08-10 14:27:42
105268,4706,225,974,PENDING_PAYMENT,50.0,MEETUP,27,18:00-19:00,,,,2026-08-08 23:04:42
105269,3194,317,425,PENDING_PAYMENT,1.0,MEETUP,18,19:00-20:00,,,,2026-08-13 12:37:42
105270,3076,165,917,PENDING_PAYMENT,15.0,MEETUP,10,19:00-20:00,,,,2026-08-12 10:47:42
105271,4399,466,541,PENDING_PAYMENT,120.0,MEETUP,6,17:00-18:00,,,,2026-08-14 19:03:42
105272,1542,917,355,PENDING_PAYMENT,12.0,MEETUP,28,18:00-19:00,,,,2026-08-16 18:15:42
105273,2741,971,917,PENDING_PAYMENT,80.0,MEETUP,6,18:00-19:00,,,,2026-08-08 05:16:42
105274,1552,338,166,PENDING_PAYMENT,12.0,MEETUP,10,18:00-19:00,,,,2026-08-13 05:14:42
105275,2341,51,810,PENDING_PAYMENT,30.0,MEETUP,25,18:00-19:00,,,,2026-08-14 04:53:42
105276,1751,690,743,PENDING_PAYMENT,200.0,MEETUP,1,17:00-18:00,,,,2026-08-09 22:08:42
105277,628,231,926,PENDING_PAYMENT,100.0,EXPRESS,,,483,SF,,2026-08-10 11:19:42
105278,4436,241,865,PENDING_PAYMENT,200.0,EXPRESS,,,500,SF,,2026-08-12 01:50:42
105279,1227,62,551,PENDING_PAYMENT,60.0,MEETUP,18,18:00-19:00,,,,2026-08-12 16:41:42
105280,3048,894,81,PENDING_PAYMENT,150.0,MEETUP,14,17:00-18:00,,,,2026-08-14 02:19:42
105281,4185,95,745,PENDING_PAYMENT,200.0,MEETUP,18,18:00-19:00,,,,2026-08-16 17:53:42
105282,4913,101,969,PENDING_PAYMENT,15.0,EXPRESS,,,210,SF,,2026-08-11 04:17:42
105283,2431,121,178,PENDING_PAYMENT,1.0,MEETUP,26,18:00-19:00,,,,2026-08-16 12:49:42
105284,4811,506,278,PENDING_PAYMENT,15.0,MEETUP,25,12:00-13:00,,,,2026-08-14 19:26:42
105285,54,549,613,PENDING_PAYMENT,12.0,EXPRESS,,,1107,SF,,2026-08-14 11:23:42
105286,2724,342,782,PENDING_PAYMENT,80.0,EXPRESS,,,697,SF,,2026-08-09 22:23:42
105287,2135,476,163,PENDING_PAYMENT,2.0,EXPRESS,,,966,SF,,2026-08-11 17:11:42
105288,3181,943,712,PENDING_PAYMENT,150.0,MEETUP,9,18:00-19:00,,,,2026-08-09 18:18:42
105289,2227,295,265,PENDING_PAYMENT,50.0,EXPRESS,,,616,SF,,2026-08-09 10:52:42
105290,3921,416,263,PENDING_PAYMENT,200.0,EXPRESS,,,845,SF,,2026-08-12 09:48:42
105291,401,922,653,PENDING_PAYMENT,25.0,EXPRESS,,,1839,SF,,2026-08-07 13:53:42
105292,4202,801,775,PENDING_PAYMENT,2.0,EXPRESS,,,1597,SF,,2026-08-14 14:46:42
105293,299,908,302,PENDING_PAYMENT,30.0,MEETUP,24,19:00-20:00,,,,2026-08-10 04:42:42
105294,4380,747,87,PENDING_PAYMENT,150.0,EXPRESS,,,1487,SF,,2026-08-06 19:51:42
105295,4169,315,655,PENDING_PAYMENT,15.0,EXPRESS,,,647,SF,,2026-08-14 14:40:42
105296,4740,112,386,PENDING_PAYMENT,60.0,MEETUP,10,18:00-19:00,,,,2026-08-14 18:57:42
105297,2339,755,883,PENDING_PAYMENT,200.0,MEETUP,24,19:00-20:00,,,,2026-08-11 11:37:42
105298,343,170,659,PENDING_PAYMENT,3.0,MEETUP,13,19:00-20:00,,,,2026-08-08 21:42:42
105299,865,434,669,PENDING_PAYMENT,25.0,EXPRESS,,,887,SF,,2026-08-16 09:43:42
105300,4054,897,492,PENDING_PAYMENT,10.0,EXPRESS,,,1787,SF,,2026-08-13 16:08:42
105301,4900,457,730,PENDING_PAYMENT,50.0,EXPRESS,,,933,SF,,2026-08-14 11:18:42
105302,3717,938,822,PENDING_PAYMENT,50.0,MEETUP,17,12:00-13:00,,,,2026-08-14 20:08:42
105303,4584,506,919,PENDING_PAYMENT,50.0,MEETUP,27,18:00-19:00,,,,2026-08-14 02:39:42
105304,2898,240,842,PENDING_PAYMENT,150.0,MEETUP,4,18:00-19:00,,,,2026-08-08 04:53:42
105305,3731,615,992,PENDING_PAYMENT,200.0,MEETUP,22,18:00-19:00,,,,2026-08-07 20:49:42
105306,1545,982,867,PENDING_PAYMENT,80.0,MEETUP,19,12:00-13:00,,,,2026-08-15 19:23:42
105307,3232,42,476,PENDING_PAYMENT,150.0,EXPRESS,,,90,SF,,2026-08-15 06:56:42
105308,4829,230,269,PENDING_PAYMENT,200.0,EXPRESS,,,480,SF,,2026-08-07 01:51:42
105309,4286,70,262,PENDING_PAYMENT,8.0,EXPRESS,,,147,SF,,2026-08-07 05:38:42
105310,2977,217,288,PENDING_PAYMENT,15.0,MEETUP,24,19:00-20:00,,,,2026-08-14 19:35:42
105311,4817,482,943,PENDING_PAYMENT,3.0,EXPRESS,,,976,SF,,2026-08-13 12:36:42
105312,1704,815,404,PENDING_PAYMENT,150.0,EXPRESS,,,1619,SF,,2026-08-14 22:23:42
105313,1458,653,236,PENDING_PAYMENT,100.0,EXPRESS,,,1302,SF,,2026-08-12 01:30:42
105314,2052,29,754,PENDING_PAYMENT,20.0,MEETUP,6,18:00-19:00,,,,2026-08-08 11:52:42
105315,1229,964,821,PENDING_PAYMENT,2.0,MEETUP,1,18:00-19:00,,,,2026-08-08 04:45:42
105316,4311,459,563,PENDING_PAYMENT,1.0,EXPRESS,,,936,SF,,2026-08-07 09:43:42
105317,2869,572,151,PENDING_PAYMENT,10.0,EXPRESS,,,1151,SF,,2026-08-15 11:15:42
105318,995,933,448,PENDING_PAYMENT,50.0,EXPRESS,,,1865,SF,,2026-08-08 17:09:42
105319,3915,120,128,PENDING_PAYMENT,5.0,EXPRESS,,,245,SF,,2026-08-07 01:21:42
105320,3220,855,735,PENDING_PAYMENT,2.0,EXPRESS,,,1699,SF,,2026-08-08 07:36:42
105321,577,505,376,PENDING_PAYMENT,10.0,MEETUP,6,17:00-18:00,,,,2026-08-11 22:45:42
105322,2732,128,4,PENDING_PAYMENT,80.0,MEETUP,17,19:00-20:00,,,,2026-08-15 04:35:42
105323,2597,429,625,PENDING_PAYMENT,5.0,EXPRESS,,,878,SF,,2026-08-09 12:14:42
105324,2115,951,134,PENDING_PAYMENT,8.0,MEETUP,13,17:00-18:00,,,,2026-08-15 22:15:42
105325,3465,947,503,PENDING_PAYMENT,120.0,MEETUP,19,18:00-19:00,,,,2026-08-13 10:22:42
105326,3069,169,25,PENDING_PAYMENT,30.0,MEETUP,25,18:00-19:00,,,,2026-08-08 10:26:42
105327,2,553,526,PENDING_PAYMENT,12.0,EXPRESS,,,1115,SF,,2026-08-14 21:47:42
105328,2349,732,722,PENDING_PAYMENT,5.0,EXPRESS,,,1452,SF,,2026-08-08 00:57:42
105329,2368,217,286,PENDING_PAYMENT,30.0,MEETUP,1,18:00-19:00,,,,2026-08-16 04:15:42
105330,1573,334,144,PENDING_PAYMENT,10.0,MEETUP,11,17:00-18:00,,,,2026-08-14 10:36:42
105331,2064,627,721,PENDING_PAYMENT,25.0,MEETUP,19,18:00-19:00,,,,2026-08-08 23:26:42
105332,4487,395,818,PENDING_PAYMENT,8.0,MEETUP,5,19:00-20:00,,,,2026-08-16 17:42:42
105333,2088,142,808,PENDING_PAYMENT,80.0,MEETUP,28,17:00-18:00,,,,2026-08-11 06:47:42
105334,2254,952,672,PENDING_PAYMENT,10.0,EXPRESS,,,1905,SF,,2026-08-09 08:51:42
105335,3242,403,92,PENDING_PAYMENT,60.0,EXPRESS,,,813,SF,,2026-08-16 11:51:42
105336,4060,677,393,PENDING_PAYMENT,100.0,MEETUP,4,12:00-13:00,,,,2026-08-10 13:11:42
105337,2486,751,880,PENDING_PAYMENT,12.0,EXPRESS,,,1498,SF,,2026-08-15 05:08:42
105338,4690,392,388,PENDING_PAYMENT,8.0,MEETUP,22,19:00-20:00,,,,2026-08-10 17:55:42
105339,63,645,224,PENDING_PAYMENT,60.0,EXPRESS,,,1282,SF,,2026-08-07 19:05:42
105340,1538,790,937,PENDING_PAYMENT,12.0,MEETUP,14,19:00-20:00,,,,2026-08-10 06:30:42
105341,1092,402,673,PENDING_PAYMENT,8.0,MEETUP,17,18:00-19:00,,,,2026-08-11 01:23:42
105342,1631,643,172,PENDING_PAYMENT,80.0,EXPRESS,,,1276,SF,,2026-08-16 12:34:42
105343,2692,574,127,PENDING_PAYMENT,150.0,EXPRESS,,,1154,SF,,2026-08-13 03:24:42
105344,4661,492,575,PENDING_PAYMENT,12.0,MEETUP,10,12:00-13:00,,,,2026-08-09 09:55:42
105345,2067,509,344,PENDING_PAYMENT,12.0,MEETUP,30,18:00-19:00,,,,2026-08-07 14:19:42
105346,922,143,387,PENDING_PAYMENT,50.0,MEETUP,8,18:00-19:00,,,,2026-08-08 01:24:42
105347,225,818,9,PENDING_PAYMENT,120.0,EXPRESS,,,1627,SF,,2026-08-14 16:58:42
105348,4439,20,31,PENDING_PAYMENT,3.0,EXPRESS,,,42,SF,,2026-08-07 19:19:42
105349,510,53,779,PENDING_PAYMENT,150.0,EXPRESS,,,115,SF,,2026-08-10 03:07:42
105350,1612,201,767,PENDING_PAYMENT,2.0,EXPRESS,,,422,SF,,2026-08-07 02:12:42
105351,2056,44,355,PENDING_PAYMENT,100.0,EXPRESS,,,93,SF,,2026-08-09 08:11:42
105352,1407,303,915,PENDING_PAYMENT,20.0,EXPRESS,,,628,SF,,2026-08-09 23:41:42
105353,4521,623,537,PENDING_PAYMENT,1.0,EXPRESS,,,1240,SF,,2026-08-14 18:55:42
105354,2649,190,909,PENDING_PAYMENT,50.0,EXPRESS,,,397,SF,,2026-08-12 13:30:42
105355,1313,303,389,PENDING_PAYMENT,3.0,EXPRESS,,,628,SF,,2026-08-10 15:43:42
105356,2284,470,942,PENDING_PAYMENT,2.0,EXPRESS,,,955,SF,,2026-08-11 09:55:42
105357,10,111,384,PENDING_PAYMENT,5.0,MEETUP,17,12:00-13:00,,,,2026-08-15 09:40:42
105358,2488,125,6,PENDING_PAYMENT,2.0,MEETUP,10,18:00-19:00,,,,2026-08-13 01:22:42
105359,7,414,617,PENDING_PAYMENT,50.0,EXPRESS,,,842,SF,,2026-08-14 13:36:42
105360,1653,239,46,PENDING_PAYMENT,5.0,MEETUP,13,18:00-19:00,,,,2026-08-11 22:45:42
105361,1358,230,328,PENDING_PAYMENT,10.0,MEETUP,1,12:00-13:00,,,,2026-08-13 19:35:42
105362,521,129,844,PENDING_PAYMENT,30.0,MEETUP,8,19:00-20:00,,,,2026-08-15 20:27:42
105363,486,36,854,PENDING_PAYMENT,1.0,MEETUP,2,17:00-18:00,,,,2026-08-14 10:15:42
105364,1357,900,266,PENDING_PAYMENT,150.0,EXPRESS,,,1795,SF,,2026-08-13 15:30:42
105365,3230,242,630,PENDING_PAYMENT,50.0,MEETUP,29,18:00-19:00,,,,2026-08-15 02:54:42
105366,4212,91,705,PENDING_PAYMENT,60.0,EXPRESS,,,191,SF,,2026-08-07 19:36:42
105367,525,365,67,PENDING_PAYMENT,1.0,MEETUP,8,18:00-19:00,,,,2026-08-08 01:46:42
105368,4108,6,686,PENDING_PAYMENT,80.0,MEETUP,3,17:00-18:00,,,,2026-08-12 12:22:42
105369,3863,806,93,PENDING_PAYMENT,8.0,MEETUP,3,19:00-20:00,,,,2026-08-09 23:42:42
105370,899,293,46,PENDING_PAYMENT,15.0,MEETUP,5,19:00-20:00,,,,2026-08-08 10:17:42
105371,664,622,741,PENDING_PAYMENT,50.0,MEETUP,19,17:00-18:00,,,,2026-08-13 03:45:42
105372,4771,458,987,PENDING_PAYMENT,8.0,EXPRESS,,,935,SF,,2026-08-07 11:33:42
105373,2836,17,472,PENDING_PAYMENT,12.0,EXPRESS,,,36,SF,,2026-08-07 09:47:42
105374,291,274,144,PENDING_PAYMENT,1.0,EXPRESS,,,570,SF,,2026-08-13 11:55:42
105375,731,807,220,PENDING_PAYMENT,60.0,MEETUP,6,12:00-13:00,,,,2026-08-11 14:56:42
105376,2284,272,942,PENDING_PAYMENT,2.0,EXPRESS,,,566,SF,,2026-08-09 03:20:42
105377,4607,383,514,PENDING_PAYMENT,10.0,EXPRESS,,,775,SF,,2026-08-16 15:47:42
105378,3695,780,361,PENDING_PAYMENT,12.0,MEETUP,19,19:00-20:00,,,,2026-08-08 05:39:42
105379,2698,857,248,PENDING_PAYMENT,5.0,MEETUP,13,19:00-20:00,,,,2026-08-08 02:32:42
105380,155,379,116,PENDING_PAYMENT,200.0,MEETUP,17,12:00-13:00,,,,2026-08-07 04:52:42
105381,704,225,828,PENDING_PAYMENT,60.0,MEETUP,12,12:00-13:00,,,,2026-08-07 19:05:42
105382,285,436,71,PENDING_PAYMENT,80.0,MEETUP,24,19:00-20:00,,,,2026-08-14 00:25:42
105383,2462,75,295,PENDING_PAYMENT,100.0,MEETUP,16,17:00-18:00,,,,2026-08-14 13:43:42
105384,2350,957,705,PENDING_PAYMENT,100.0,MEETUP,8,17:00-18:00,,,,2026-08-13 20:42:42
105385,290,600,735,PENDING_PAYMENT,150.0,EXPRESS,,,1200,SF,,2026-08-15 20:50:42
105386,1494,396,661,PENDING_PAYMENT,12.0,MEETUP,25,12:00-13:00,,,,2026-08-13 12:38:42
105387,1050,848,970,PENDING_PAYMENT,50.0,MEETUP,15,18:00-19:00,,,,2026-08-13 05:09:42
105388,1215,847,694,PENDING_PAYMENT,150.0,MEETUP,7,17:00-18:00,,,,2026-08-09 17:54:42
105389,3161,436,620,PENDING_PAYMENT,80.0,MEETUP,20,18:00-19:00,,,,2026-08-13 00:25:42
105390,1381,901,491,PENDING_PAYMENT,50.0,EXPRESS,,,1796,SF,,2026-08-14 04:19:42
105391,1551,930,584,PENDING_PAYMENT,100.0,EXPRESS,,,1860,SF,,2026-08-13 21:16:42
105392,322,487,589,PENDING_PAYMENT,200.0,EXPRESS,,,990,SF,,2026-08-14 04:25:42
105393,2804,542,376,PENDING_PAYMENT,150.0,EXPRESS,,,1095,SF,,2026-08-12 11:11:42
105394,3259,346,619,PENDING_PAYMENT,25.0,MEETUP,22,17:00-18:00,,,,2026-08-12 04:17:42
105395,3847,55,266,PENDING_PAYMENT,12.0,MEETUP,5,18:00-19:00,,,,2026-08-16 10:07:42
105396,2372,441,670,PENDING_PAYMENT,5.0,EXPRESS,,,899,SF,,2026-08-11 00:11:42
105397,2557,555,613,PENDING_PAYMENT,1.0,MEETUP,28,19:00-20:00,,,,2026-08-09 00:47:42
105398,509,558,389,PENDING_PAYMENT,2.0,EXPRESS,,,1125,SF,,2026-08-10 15:11:42
105399,1246,724,518,PENDING_PAYMENT,12.0,MEETUP,30,12:00-13:00,,,,2026-08-09 08:25:42
105400,4680,66,363,PENDING_PAYMENT,25.0,MEETUP,14,19:00-20:00,,,,2026-08-15 03:52:42
105401,729,653,399,PENDING_PAYMENT,10.0,MEETUP,25,19:00-20:00,,,,2026-08-13 07:41:42
105402,247,2,246,PENDING_PAYMENT,50.0,EXPRESS,,,6,SF,,2026-08-10 07:12:42
105403,1284,162,912,PENDING_PAYMENT,120.0,EXPRESS,,,337,SF,,2026-08-08 18:26:42
105404,2577,237,909,PENDING_PAYMENT,2.0,EXPRESS,,,496,SF,,2026-08-08 13:24:42
105405,605,779,470,PENDING_PAYMENT,20.0,EXPRESS,,,1554,SF,,2026-08-14 16:41:42
105406,1874,562,130,PENDING_PAYMENT,12.0,EXPRESS,,,1131,SF,,2026-08-10 05:43:42
105407,910,526,782,PENDING_PAYMENT,25.0,EXPRESS,,,1071,SF,,2026-08-12 15:43:42
105408,2440,380,622,PENDING_PAYMENT,10.0,EXPRESS,,,770,SF,,2026-08-08 15:00:42
105409,4050,485,580,PENDING_PAYMENT,12.0,EXPRESS,,,986,SF,,2026-08-13 09:42:42
105410,1803,485,949,PENDING_PAYMENT,1.0,EXPRESS,,,985,SF,,2026-08-06 21:14:42
105411,4739,890,470,PENDING_PAYMENT,10.0,EXPRESS,,,1771,SF,,2026-08-11 11:54:42
105412,4782,379,136,PENDING_PAYMENT,15.0,MEETUP,21,19:00-20:00,,,,2026-08-10 15:12:42
105413,1971,565,547,PENDING_PAYMENT,200.0,MEETUP,27,12:00-13:00,,,,2026-08-11 05:40:42
105414,2114,464,321,PENDING_PAYMENT,10.0,EXPRESS,,,945,SF,,2026-08-08 14:20:42
105415,4101,141,992,PENDING_PAYMENT,10.0,EXPRESS,,,290,SF,,2026-08-08 07:36:42
105416,2881,814,199,PENDING_PAYMENT,60.0,EXPRESS,,,1618,SF,,2026-08-16 09:02:42
105417,894,791,955,PENDING_PAYMENT,3.0,EXPRESS,,,1576,SF,,2026-08-07 18:05:42
105418,2293,518,37,PENDING_PAYMENT,5.0,MEETUP,29,19:00-20:00,,,,2026-08-16 06:26:42
105419,4880,746,843,PENDING_PAYMENT,50.0,MEETUP,29,18:00-19:00,,,,2026-08-11 23:11:42
105420,1857,965,419,PENDING_PAYMENT,80.0,MEETUP,7,12:00-13:00,,,,2026-08-08 14:55:42
105421,2700,903,797,PENDING_PAYMENT,1.0,MEETUP,10,19:00-20:00,,,,2026-08-07 19:37:42
105422,364,803,751,PENDING_PAYMENT,150.0,EXPRESS,,,1599,SF,,2026-08-07 09:59:42
105423,1618,887,696,PENDING_PAYMENT,1.0,EXPRESS,,,1762,SF,,2026-08-12 03:16:42
105424,3974,580,268,PENDING_PAYMENT,1.0,EXPRESS,,,1165,SF,,2026-08-14 05:23:42
105425,3482,160,709,PENDING_PAYMENT,25.0,EXPRESS,,,333,SF,,2026-08-08 12:51:42
105426,2427,36,565,PENDING_PAYMENT,10.0,MEETUP,22,19:00-20:00,,,,2026-08-15 10:25:42
105427,1433,451,479,PENDING_PAYMENT,80.0,MEETUP,8,17:00-18:00,,,,2026-08-07 07:38:42
105428,4827,748,761,PENDING_PAYMENT,12.0,MEETUP,11,17:00-18:00,,,,2026-08-13 05:47:42
105429,1221,637,572,PENDING_PAYMENT,80.0,EXPRESS,,,1266,SF,,2026-08-09 08:52:42
105430,3577,203,588,PENDING_PAYMENT,30.0,EXPRESS,,,427,SF,,2026-08-07 12:07:42
105431,1425,727,415,PENDING_PAYMENT,8.0,EXPRESS,,,1445,SF,,2026-08-12 00:53:42
105432,2104,977,916,PENDING_PAYMENT,80.0,MEETUP,23,18:00-19:00,,,,2026-08-11 02:08:42
105433,3270,164,605,PENDING_PAYMENT,30.0,MEETUP,19,12:00-13:00,,,,2026-08-12 23:31:42
105434,4044,454,805,PENDING_PAYMENT,25.0,EXPRESS,,,924,SF,,2026-08-11 21:01:42
105435,861,840,608,PENDING_PAYMENT,20.0,EXPRESS,,,1669,SF,,2026-08-09 16:24:42
105436,86,70,381,PENDING_PAYMENT,200.0,EXPRESS,,,147,SF,,2026-08-11 13:00:42
105437,3955,216,485,PENDING_PAYMENT,3.0,EXPRESS,,,451,SF,,2026-08-07 18:51:42
105438,1842,213,31,PENDING_PAYMENT,150.0,EXPRESS,,,447,SF,,2026-08-10 00:36:42
105439,3152,296,239,PENDING_PAYMENT,150.0,EXPRESS,,,617,SF,,2026-08-12 07:52:42
105440,40,309,174,PENDING_PAYMENT,150.0,MEETUP,4,19:00-20:00,,,,2026-08-08 20:29:42
105441,3758,833,636,PENDING_PAYMENT,8.0,EXPRESS,,,1653,SF,,2026-08-16 18:41:42
105442,2519,592,88,PENDING_PAYMENT,100.0,EXPRESS,,,1182,SF,,2026-08-15 08:47:42
105443,4979,586,818,PENDING_PAYMENT,1.0,MEETUP,13,18:00-19:00,,,,2026-08-12 17:20:42
105444,2052,98,754,PENDING_PAYMENT,20.0,MEETUP,24,19:00-20:00,,,,2026-08-09 14:37:42
105445,240,684,479,PENDING_PAYMENT,10.0,MEETUP,1,18:00-19:00,,,,2026-08-12 05:32:42
105446,4493,679,11,PENDING_PAYMENT,20.0,EXPRESS,,,1358,SF,,2026-08-11 22:03:42
105447,3619,443,610,PENDING_PAYMENT,8.0,EXPRESS,,,901,SF,,2026-08-07 11:03:42
105448,1207,608,630,PENDING_PAYMENT,8.0,EXPRESS,,,1214,SF,,2026-08-14 04:42:42
105449,639,894,690,PENDING_PAYMENT,100.0,MEETUP,21,17:00-18:00,,,,2026-08-07 01:45:42
105450,4699,776,129,PENDING_PAYMENT,200.0,MEETUP,17,12:00-13:00,,,,2026-08-12 15:29:42
105451,4946,640,979,PENDING_PAYMENT,25.0,MEETUP,15,19:00-20:00,,,,2026-08-07 04:55:42
105452,4139,442,19,PENDING_PAYMENT,2.0,MEETUP,6,18:00-19:00,,,,2026-08-09 19:24:42
105453,2701,569,136,PENDING_PAYMENT,20.0,EXPRESS,,,1147,SF,,2026-08-15 00:24:42
105454,2315,254,591,PENDING_PAYMENT,80.0,EXPRESS,,,526,SF,,2026-08-09 15:02:42
105455,2106,937,919,PENDING_PAYMENT,60.0,MEETUP,21,19:00-20:00,,,,2026-08-14 13:57:42
105456,1226,562,761,PENDING_PAYMENT,12.0,MEETUP,1,18:00-19:00,,,,2026-08-08 05:00:42
105457,3764,791,120,PENDING_PAYMENT,10.0,MEETUP,29,18:00-19:00,,,,2026-08-13 03:15:42
105458,4544,905,746,PENDING_PAYMENT,200.0,MEETUP,17,12:00-13:00,,,,2026-08-11 23:57:42
105459,3282,181,54,PENDING_PAYMENT,8.0,MEETUP,21,18:00-19:00,,,,2026-08-15 22:08:42
105460,1293,78,826,PENDING_PAYMENT,12.0,EXPRESS,,,165,SF,,2026-08-10 05:14:42
105461,3694,104,17,PENDING_PAYMENT,20.0,MEETUP,9,17:00-18:00,,,,2026-08-07 01:29:42
105462,1033,310,979,PENDING_PAYMENT,80.0,MEETUP,20,17:00-18:00,,,,2026-08-14 00:02:42
105463,2104,232,916,PENDING_PAYMENT,80.0,MEETUP,6,19:00-20:00,,,,2026-08-15 16:35:42
105464,1054,213,774,PENDING_PAYMENT,100.0,EXPRESS,,,448,SF,,2026-08-08 16:37:42
105465,4526,116,691,PENDING_PAYMENT,3.0,MEETUP,6,12:00-13:00,,,,2026-08-10 19:58:42
105466,2306,787,234,PENDING_PAYMENT,50.0,MEETUP,11,17:00-18:00,,,,2026-08-08 21:16:42
105467,546,288,216,PENDING_PAYMENT,20.0,MEETUP,9,12:00-13:00,,,,2026-08-07 21:29:42
105468,4805,60,41,PENDING_PAYMENT,8.0,EXPRESS,,,130,SF,,2026-08-13 02:54:42
105469,2429,32,705,PENDING_PAYMENT,5.0,MEETUP,10,18:00-19:00,,,,2026-08-11 13:02:42
105470,3068,941,896,PENDING_PAYMENT,5.0,MEETUP,14,18:00-19:00,,,,2026-08-12 05:56:42
105471,459,414,714,PENDING_PAYMENT,30.0,EXPRESS,,,841,SF,,2026-08-10 02:20:42
105472,4164,920,640,PENDING_PAYMENT,5.0,MEETUP,8,18:00-19:00,,,,2026-08-11 01:56:42
105473,76,587,12,PENDING_PAYMENT,10.0,EXPRESS,,,1174,SF,,2026-08-13 18:19:42
105474,2588,768,416,PENDING_PAYMENT,5.0,EXPRESS,,,1536,SF,,2026-08-11 08:52:42
105475,1648,454,350,PENDING_PAYMENT,12.0,EXPRESS,,,926,SF,,2026-08-11 19:24:42
105476,4208,595,373,PENDING_PAYMENT,8.0,MEETUP,8,17:00-18:00,,,,2026-08-07 18:55:42
105477,3925,308,469,PENDING_PAYMENT,3.0,EXPRESS,,,635,SF,,2026-08-08 06:19:42
105478,862,126,455,PENDING_PAYMENT,15.0,MEETUP,29,18:00-19:00,,,,2026-08-16 04:56:42
105479,4395,220,648,PENDING_PAYMENT,120.0,EXPRESS,,,458,SF,,2026-08-09 03:31:42
105480,3243,199,179,PENDING_PAYMENT,1.0,MEETUP,29,19:00-20:00,,,,2026-08-14 21:17:42
105481,4521,705,537,PENDING_PAYMENT,1.0,EXPRESS,,,1407,SF,,2026-08-16 07:01:42
105482,2038,502,882,PENDING_PAYMENT,60.0,EXPRESS,,,1018,SF,,2026-08-15 20:39:42
105483,678,328,43,PENDING_PAYMENT,60.0,MEETUP,1,19:00-20:00,,,,2026-08-15 13:00:42
105484,2745,147,119,PENDING_PAYMENT,10.0,MEETUP,13,12:00-13:00,,,,2026-08-11 04:17:42
105485,4916,229,562,PENDING_PAYMENT,60.0,EXPRESS,,,479,SF,,2026-08-14 16:11:42
105486,2402,515,274,PENDING_PAYMENT,15.0,EXPRESS,,,1049,SF,,2026-08-12 08:03:42
105487,4002,716,418,PENDING_PAYMENT,3.0,EXPRESS,,,1428,SF,,2026-08-16 07:29:42
105488,268,492,462,PENDING_PAYMENT,8.0,MEETUP,15,19:00-20:00,,,,2026-08-15 15:23:42
105489,4419,925,987,PENDING_PAYMENT,10.0,MEETUP,21,18:00-19:00,,,,2026-08-14 18:01:42
105490,2609,826,342,PENDING_PAYMENT,30.0,MEETUP,6,18:00-19:00,,,,2026-08-13 13:47:42
105491,72,411,566,PENDING_PAYMENT,3.0,MEETUP,29,18:00-19:00,,,,2026-08-15 03:57:42
105492,1901,488,955,PENDING_PAYMENT,120.0,MEETUP,30,18:00-19:00,,,,2026-08-11 20:44:42
105493,931,296,858,PENDING_PAYMENT,20.0,MEETUP,6,12:00-13:00,,,,2026-08-07 13:51:42
105494,480,748,391,PENDING_PAYMENT,5.0,MEETUP,21,17:00-18:00,,,,2026-08-12 02:29:42
105495,1541,704,7,PENDING_PAYMENT,120.0,EXPRESS,,,1405,SF,,2026-08-08 21:06:42
105496,4039,764,761,PENDING_PAYMENT,10.0,EXPRESS,,,1532,SF,,2026-08-12 22:26:42
105497,1471,950,217,PENDING_PAYMENT,3.0,EXPRESS,,,1902,SF,,2026-08-14 20:13:42
105498,1356,965,907,PENDING_PAYMENT,2.0,EXPRESS,,,1933,SF,,2026-08-14 19:50:42
105499,976,819,70,PENDING_PAYMENT,100.0,EXPRESS,,,1628,SF,,2026-08-13 06:30:42
105500,3034,279,819,PENDING_PAYMENT,200.0,MEETUP,24,12:00-13:00,,,,2026-08-16 10:43:42
105501,4194,405,695,PENDING_PAYMENT,120.0,EXPRESS,,,817,SF,,2026-08-10 02:37:42
105502,695,565,179,PENDING_PAYMENT,30.0,EXPRESS,,,1139,SF,,2026-08-11 12:16:42
105503,327,971,71,PENDING_PAYMENT,120.0,MEETUP,20,12:00-13:00,,,,2026-08-11 01:07:42
105504,2268,952,496,PENDING_PAYMENT,100.0,MEETUP,8,19:00-20:00,,,,2026-08-07 07:29:42
105505,2597,924,625,PENDING_PAYMENT,5.0,EXPRESS,,,1846,SF,,2026-08-10 06:30:42
105506,1961,204,607,PENDING_PAYMENT,150.0,MEETUP,23,12:00-13:00,,,,2026-08-14 08:39:42
105507,1759,480,752,PENDING_PAYMENT,5.0,MEETUP,4,19:00-20:00,,,,2026-08-09 05:16:42
105508,4106,473,186,PENDING_PAYMENT,15.0,EXPRESS,,,961,SF,,2026-08-11 19:30:42
105509,2150,988,155,PENDING_PAYMENT,80.0,EXPRESS,,,1974,SF,,2026-08-10 12:57:42
105510,2583,731,328,PENDING_PAYMENT,60.0,MEETUP,2,18:00-19:00,,,,2026-08-08 13:07:42
105511,4131,55,581,PENDING_PAYMENT,15.0,MEETUP,22,19:00-20:00,,,,2026-08-12 07:36:42
105512,3545,617,852,PENDING_PAYMENT,3.0,EXPRESS,,,1230,SF,,2026-08-14 05:37:42
105513,4394,586,629,PENDING_PAYMENT,12.0,EXPRESS,,,1173,SF,,2026-08-16 15:44:42
105514,1704,779,404,PENDING_PAYMENT,150.0,MEETUP,27,18:00-19:00,,,,2026-08-10 06:45:42
105515,3258,586,52,PENDING_PAYMENT,60.0,EXPRESS,,,1173,SF,,2026-08-11 12:11:42
105516,3196,786,758,PENDING_PAYMENT,150.0,MEETUP,14,18:00-19:00,,,,2026-08-07 06:14:42
105517,1133,920,640,PENDING_PAYMENT,10.0,MEETUP,25,19:00-20:00,,,,2026-08-10 07:09:42
105518,4131,539,581,PENDING_PAYMENT,15.0,EXPRESS,,,1092,SF,,2026-08-08 15:09:42
105519,1381,360,491,PENDING_PAYMENT,50.0,MEETUP,21,12:00-13:00,,,,2026-08-13 11:16:42
105520,4262,601,357,PENDING_PAYMENT,10.0,EXPRESS,,,1202,SF,,2026-08-14 03:52:42
105521,4702,907,932,PENDING_PAYMENT,80.0,EXPRESS,,,1807,SF,,2026-08-10 01:36:42
105522,508,909,798,PENDING_PAYMENT,150.0,EXPRESS,,,1811,SF,,2026-08-11 03:12:42
105523,1565,838,66,PENDING_PAYMENT,80.0,EXPRESS,,,1664,SF,,2026-08-11 05:50:42
105524,4938,772,400,PENDING_PAYMENT,12.0,MEETUP,14,17:00-18:00,,,,2026-08-08 12:06:42
105525,3167,15,568,PENDING_PAYMENT,8.0,MEETUP,13,18:00-19:00,,,,2026-08-15 15:28:42
105526,4133,792,811,PENDING_PAYMENT,200.0,MEETUP,24,17:00-18:00,,,,2026-08-15 10:50:42
105527,1933,662,231,PENDING_PAYMENT,5.0,EXPRESS,,,1322,SF,,2026-08-07 14:28:42
105528,1007,660,737,PENDING_PAYMENT,80.0,MEETUP,14,18:00-19:00,,,,2026-08-16 10:53:42
105529,3600,597,645,PENDING_PAYMENT,120.0,MEETUP,22,12:00-13:00,,,,2026-08-10 12:40:42
105530,781,337,101,PENDING_PAYMENT,3.0,MEETUP,14,19:00-20:00,,,,2026-08-07 13:29:42
105531,2227,915,265,PENDING_PAYMENT,50.0,MEETUP,1,19:00-20:00,,,,2026-08-15 13:51:42
105532,810,201,923,PENDING_PAYMENT,3.0,EXPRESS,,,421,SF,,2026-08-14 04:54:42
105533,4279,240,279,PENDING_PAYMENT,5.0,EXPRESS,,,499,SF,,2026-08-11 12:07:42
105534,2466,514,611,PENDING_PAYMENT,12.0,EXPRESS,,,1048,SF,,2026-08-13 09:03:42
105535,294,706,207,PENDING_PAYMENT,5.0,MEETUP,19,19:00-20:00,,,,2026-08-10 22:26:42
105536,703,216,635,PENDING_PAYMENT,10.0,EXPRESS,,,451,SF,,2026-08-11 14:46:42
105537,3048,820,81,PENDING_PAYMENT,150.0,EXPRESS,,,1629,SF,,2026-08-11 17:59:42
105538,336,877,615,PENDING_PAYMENT,3.0,EXPRESS,,,1743,SF,,2026-08-11 23:49:42
105539,2338,161,260,PENDING_PAYMENT,30.0,MEETUP,8,18:00-19:00,,,,2026-08-09 15:59:42
105540,4772,983,333,PENDING_PAYMENT,3.0,MEETUP,11,19:00-20:00,,,,2026-08-12 15:06:42
105541,3653,635,641,PENDING_PAYMENT,1.0,MEETUP,22,17:00-18:00,,,,2026-08-14 22:33:42
105542,2347,889,878,PENDING_PAYMENT,50.0,EXPRESS,,,1767,SF,,2026-08-07 01:25:42
105543,2118,800,452,PENDING_PAYMENT,60.0,MEETUP,17,17:00-18:00,,,,2026-08-10 15:17:42
105544,4991,522,506,PENDING_PAYMENT,200.0,MEETUP,30,18:00-19:00,,,,2026-08-14 05:19:42
105545,4603,753,935,PENDING_PAYMENT,30.0,MEETUP,10,19:00-20:00,,,,2026-08-15 18:29:42
105546,4816,349,568,PENDING_PAYMENT,15.0,EXPRESS,,,711,SF,,2026-08-11 16:36:42
105547,3235,356,967,PENDING_PAYMENT,2.0,MEETUP,22,19:00-20:00,,,,2026-08-07 06:40:42
105548,617,449,853,PENDING_PAYMENT,25.0,EXPRESS,,,914,SF,,2026-08-15 02:50:42
105549,1907,29,298,PENDING_PAYMENT,80.0,EXPRESS,,,60,SF,,2026-08-14 16:44:42
105550,3364,518,390,PENDING_PAYMENT,30.0,MEETUP,29,18:00-19:00,,,,2026-08-14 12:11:42
105551,902,911,725,PENDING_PAYMENT,120.0,EXPRESS,,,1816,SF,,2026-08-16 17:33:42
105552,4176,498,580,PENDING_PAYMENT,120.0,EXPRESS,,,1011,SF,,2026-08-11 11:49:42
105553,875,30,229,PENDING_PAYMENT,80.0,MEETUP,29,12:00-13:00,,,,2026-08-13 06:30:42
105554,4116,920,626,PENDING_PAYMENT,12.0,EXPRESS,,,1837,SF,,2026-08-09 09:48:42
105555,4594,245,736,PENDING_PAYMENT,10.0,EXPRESS,,,507,SF,,2026-08-13 14:59:42
105556,4349,494,4,PENDING_PAYMENT,30.0,EXPRESS,,,1003,SF,,2026-08-15 15:02:42
105557,1771,190,906,PENDING_PAYMENT,30.0,EXPRESS,,,398,SF,,2026-08-10 22:20:42
105558,1522,77,719,PENDING_PAYMENT,200.0,MEETUP,30,19:00-20:00,,,,2026-08-14 05:50:42
105559,1050,394,970,PENDING_PAYMENT,50.0,MEETUP,10,12:00-13:00,,,,2026-08-07 21:16:42
105560,1386,698,854,PENDING_PAYMENT,10.0,EXPRESS,,,1388,SF,,2026-08-13 21:30:42
105561,1331,302,221,PENDING_PAYMENT,80.0,EXPRESS,,,625,SF,,2026-08-12 00:35:42
105562,4127,57,464,PENDING_PAYMENT,2.0,EXPRESS,,,123,SF,,2026-08-13 18:46:42
105563,389,656,547,PENDING_PAYMENT,20.0,MEETUP,7,12:00-13:00,,,,2026-08-11 09:48:42
105564,1899,580,840,PENDING_PAYMENT,10.0,MEETUP,17,18:00-19:00,,,,2026-08-16 12:26:42
105565,4653,507,208,PENDING_PAYMENT,12.0,MEETUP,7,18:00-19:00,,,,2026-08-11 23:57:42
105566,871,780,295,PENDING_PAYMENT,50.0,EXPRESS,,,1557,SF,,2026-08-09 08:48:42
105567,2144,731,3,PENDING_PAYMENT,8.0,MEETUP,28,18:00-19:00,,,,2026-08-12 09:06:42
105568,2735,653,409,PENDING_PAYMENT,150.0,MEETUP,16,19:00-20:00,,,,2026-08-15 21:52:42
105569,3367,486,672,PENDING_PAYMENT,120.0,EXPRESS,,,987,SF,,2026-08-13 18:31:42
105570,3300,375,221,PENDING_PAYMENT,3.0,EXPRESS,,,762,SF,,2026-08-14 16:46:42
105571,3117,99,34,PENDING_PAYMENT,50.0,MEETUP,15,12:00-13:00,,,,2026-08-10 09:54:42
105572,2027,160,861,PENDING_PAYMENT,120.0,EXPRESS,,,334,SF,,2026-08-08 22:08:42
105573,1622,356,264,PENDING_PAYMENT,80.0,EXPRESS,,,726,SF,,2026-08-16 17:05:42
105574,3807,72,416,PENDING_PAYMENT,100.0,MEETUP,29,19:00-20:00,,,,2026-08-07 16:27:42
105575,2284,103,942,PENDING_PAYMENT,2.0,EXPRESS,,,213,SF,,2026-08-14 22:10:42
105576,2295,566,368,PENDING_PAYMENT,200.0,EXPRESS,,,1141,SF,,2026-08-15 09:13:42
105577,3495,832,367,PENDING_PAYMENT,100.0,MEETUP,4,12:00-13:00,,,,2026-08-12 04:32:42
105578,3993,843,629,PENDING_PAYMENT,100.0,EXPRESS,,,1674,SF,,2026-08-15 09:14:42
105579,1935,994,813,PENDING_PAYMENT,60.0,MEETUP,22,12:00-13:00,,,,2026-08-09 16:49:42
105580,328,402,933,PENDING_PAYMENT,80.0,EXPRESS,,,811,SF,,2026-08-08 06:59:42
105581,1141,460,645,PENDING_PAYMENT,50.0,EXPRESS,,,939,SF,,2026-08-14 01:44:42
105582,4224,582,368,PENDING_PAYMENT,12.0,EXPRESS,,,1168,SF,,2026-08-07 21:59:42
105583,3010,827,358,PENDING_PAYMENT,1.0,EXPRESS,,,1643,SF,,2026-08-13 19:09:42
105584,1343,737,97,PENDING_PAYMENT,15.0,EXPRESS,,,1464,SF,,2026-08-07 09:56:42
105585,4285,705,880,PENDING_PAYMENT,50.0,EXPRESS,,,1407,SF,,2026-08-07 12:38:42
105586,3312,464,235,PENDING_PAYMENT,25.0,EXPRESS,,,945,SF,,2026-08-08 09:11:42
105587,3571,610,465,PENDING_PAYMENT,10.0,MEETUP,20,17:00-18:00,,,,2026-08-09 21:40:42
105588,3169,947,841,PENDING_PAYMENT,30.0,EXPRESS,,,1895,SF,,2026-08-16 07:27:42
105589,141,835,858,PENDING_PAYMENT,120.0,EXPRESS,,,1657,SF,,2026-08-09 01:27:42
105590,3638,780,728,PENDING_PAYMENT,3.0,MEETUP,24,12:00-13:00,,,,2026-08-14 03:59:42
105591,4181,72,958,PENDING_PAYMENT,100.0,EXPRESS,,,151,SF,,2026-08-13 15:31:42
105592,4115,551,333,PENDING_PAYMENT,50.0,MEETUP,27,17:00-18:00,,,,2026-08-07 00:53:42
105593,944,703,172,PENDING_PAYMENT,8.0,EXPRESS,,,1403,SF,,2026-08-11 05:31:42
105594,2712,467,675,PENDING_PAYMENT,10.0,MEETUP,2,12:00-13:00,,,,2026-08-08 20:50:42
105595,1297,775,331,PENDING_PAYMENT,30.0,MEETUP,17,12:00-13:00,,,,2026-08-13 11:12:42
105596,1430,291,286,PENDING_PAYMENT,5.0,MEETUP,27,17:00-18:00,,,,2026-08-11 09:19:42
105597,3481,5,668,PENDING_PAYMENT,12.0,MEETUP,24,17:00-18:00,,,,2026-08-13 09:21:42
105598,2998,791,955,PENDING_PAYMENT,25.0,MEETUP,13,12:00-13:00,,,,2026-08-07 17:18:42
105599,4396,503,687,PENDING_PAYMENT,1.0,EXPRESS,,,1020,SF,,2026-08-09 09:19:42
105600,3384,463,360,PENDING_PAYMENT,20.0,MEETUP,28,18:00-19:00,,,,2026-08-09 16:46:42
105601,3000,872,435,PENDING_PAYMENT,50.0,MEETUP,23,17:00-18:00,,,,2026-08-09 17:04:42
105602,314,619,503,PENDING_PAYMENT,1.0,MEETUP,3,12:00-13:00,,,,2026-08-09 19:35:42
105603,1620,815,655,PENDING_PAYMENT,12.0,EXPRESS,,,1620,SF,,2026-08-11 09:29:42
105604,1419,572,378,PENDING_PAYMENT,2.0,EXPRESS,,,1151,SF,,2026-08-10 15:31:42
105605,1684,749,738,PENDING_PAYMENT,30.0,MEETUP,23,17:00-18:00,,,,2026-08-07 05:24:42
105606,3645,951,368,PENDING_PAYMENT,15.0,EXPRESS,,,1904,SF,,2026-08-13 23:21:42
105607,2938,907,767,PENDING_PAYMENT,200.0,EXPRESS,,,1807,SF,,2026-08-08 21:48:42
105608,2443,588,550,PENDING_PAYMENT,60.0,MEETUP,18,12:00-13:00,,,,2026-08-10 13:50:42
105609,2983,920,827,PENDING_PAYMENT,120.0,MEETUP,30,17:00-18:00,,,,2026-08-07 21:46:42
105610,1845,811,234,PENDING_PAYMENT,8.0,MEETUP,10,12:00-13:00,,,,2026-08-16 09:14:42
105611,3189,555,717,PENDING_PAYMENT,80.0,EXPRESS,,,1119,SF,,2026-08-11 05:50:42
105612,1175,191,453,PENDING_PAYMENT,25.0,MEETUP,28,19:00-20:00,,,,2026-08-09 20:27:42
105613,609,942,545,PENDING_PAYMENT,8.0,EXPRESS,,,1887,SF,,2026-08-11 06:34:42
105614,118,267,475,PENDING_PAYMENT,15.0,EXPRESS,,,555,SF,,2026-08-10 07:03:42
105615,2783,38,411,PENDING_PAYMENT,3.0,EXPRESS,,,81,SF,,2026-08-16 08:11:42
105616,3790,137,692,PENDING_PAYMENT,3.0,MEETUP,13,18:00-19:00,,,,2026-08-09 09:20:42
105617,1985,2,104,PENDING_PAYMENT,3.0,MEETUP,19,12:00-13:00,,,,2026-08-09 05:25:42
105618,661,717,268,PENDING_PAYMENT,12.0,EXPRESS,,,1429,SF,,2026-08-14 12:35:42
105619,872,118,423,PENDING_PAYMENT,100.0,MEETUP,21,17:00-18:00,,,,2026-08-14 10:00:42
105620,4478,564,2,PENDING_PAYMENT,8.0,EXPRESS,,,1137,SF,,2026-08-08 15:17:42
105621,2616,690,466,PENDING_PAYMENT,8.0,MEETUP,29,19:00-20:00,,,,2026-08-09 15:01:42
105622,621,884,473,PENDING_PAYMENT,2.0,MEETUP,3,18:00-19:00,,,,2026-08-14 19:27:42
105623,3556,494,86,PENDING_PAYMENT,60.0,MEETUP,8,18:00-19:00,,,,2026-08-11 16:41:42
105624,2914,204,67,PENDING_PAYMENT,1.0,MEETUP,15,18:00-19:00,,,,2026-08-07 14:41:42
105625,2875,82,603,PENDING_PAYMENT,150.0,EXPRESS,,,171,SF,,2026-08-13 02:52:42
105626,3887,824,120,PENDING_PAYMENT,2.0,EXPRESS,,,1636,SF,,2026-08-14 21:36:42
105627,2973,253,771,PENDING_PAYMENT,200.0,EXPRESS,,,524,SF,,2026-08-08 12:22:42
105628,3115,823,80,PENDING_PAYMENT,3.0,EXPRESS,,,1635,SF,,2026-08-09 18:15:42
105629,4793,521,148,PENDING_PAYMENT,2.0,EXPRESS,,,1059,SF,,2026-08-10 04:19:42
105630,2083,224,236,PENDING_PAYMENT,2.0,MEETUP,19,18:00-19:00,,,,2026-08-07 08:09:42
105631,3121,282,504,PENDING_PAYMENT,60.0,MEETUP,5,17:00-18:00,,,,2026-08-15 09:37:42
105632,4757,893,988,PENDING_PAYMENT,5.0,MEETUP,18,12:00-13:00,,,,2026-08-09 13:47:42
105633,2967,529,387,PENDING_PAYMENT,3.0,MEETUP,28,17:00-18:00,,,,2026-08-06 20:24:42
105634,1085,491,282,PENDING_PAYMENT,150.0,MEETUP,20,19:00-20:00,,,,2026-08-14 12:12:42
105635,3347,838,159,PENDING_PAYMENT,5.0,EXPRESS,,,1666,SF,,2026-08-11 06:17:42
105636,740,478,565,PENDING_PAYMENT,100.0,EXPRESS,,,970,SF,,2026-08-08 10:11:42
105637,290,85,735,PENDING_PAYMENT,150.0,MEETUP,24,19:00-20:00,,,,2026-08-10 14:46:42
105638,459,802,714,PENDING_PAYMENT,30.0,EXPRESS,,,1598,SF,,2026-08-13 06:04:42
105639,236,413,374,PENDING_PAYMENT,5.0,EXPRESS,,,838,SF,,2026-08-14 03:34:42
105640,4927,958,835,PENDING_PAYMENT,25.0,EXPRESS,,,1920,SF,,2026-08-11 10:04:42
105641,1153,360,52,PENDING_PAYMENT,120.0,MEETUP,24,17:00-18:00,,,,2026-08-09 00:01:42
105642,4594,27,736,PENDING_PAYMENT,10.0,EXPRESS,,,56,SF,,2026-08-15 22:20:42
105643,705,446,966,PENDING_PAYMENT,20.0,EXPRESS,,,908,SF,,2026-08-08 04:46:42
105644,1724,24,302,PENDING_PAYMENT,25.0,EXPRESS,,,51,SF,,2026-08-12 08:13:42
105645,4974,514,650,PENDING_PAYMENT,1.0,MEETUP,2,18:00-19:00,,,,2026-08-14 21:47:42
105646,1482,30,877,PENDING_PAYMENT,12.0,EXPRESS,,,61,SF,,2026-08-08 04:52:42
105647,3705,677,944,PENDING_PAYMENT,150.0,MEETUP,12,17:00-18:00,,,,2026-08-15 02:48:42
105648,3085,612,407,PENDING_PAYMENT,12.0,EXPRESS,,,1220,SF,,2026-08-11 13:59:42
105649,3067,647,435,PENDING_PAYMENT,200.0,EXPRESS,,,1288,SF,,2026-08-10 10:50:42
105650,2940,479,646,PENDING_PAYMENT,60.0,EXPRESS,,,971,SF,,2026-08-08 06:31:42
105651,1588,86,807,PENDING_PAYMENT,20.0,EXPRESS,,,181,SF,,2026-08-07 22:07:42
105652,4934,683,345,PENDING_PAYMENT,50.0,EXPRESS,,,1362,SF,,2026-08-11 11:29:42
105653,997,825,118,PENDING_PAYMENT,200.0,MEETUP,8,19:00-20:00,,,,2026-08-12 01:27:42
105654,814,400,588,PENDING_PAYMENT,80.0,EXPRESS,,,809,SF,,2026-08-11 06:12:42
105655,237,852,651,PENDING_PAYMENT,15.0,MEETUP,28,12:00-13:00,,,,2026-08-16 08:42:42
105656,2003,120,796,PENDING_PAYMENT,5.0,EXPRESS,,,246,SF,,2026-08-15 20:52:42
105657,3829,840,4,PENDING_PAYMENT,1.0,EXPRESS,,,1669,SF,,2026-08-08 00:51:42
105658,2384,578,414,PENDING_PAYMENT,50.0,EXPRESS,,,1160,SF,,2026-08-10 21:50:42
105659,4623,1,382,PENDING_PAYMENT,30.0,MEETUP,16,18:00-19:00,,,,2026-08-06 23:15:42
105660,1799,881,719,PENDING_PAYMENT,120.0,MEETUP,15,19:00-20:00,,,,2026-08-08 07:25:42
105661,228,995,115,PENDING_PAYMENT,50.0,EXPRESS,,,1984,SF,,2026-08-16 04:19:42
105662,3650,461,829,PENDING_PAYMENT,20.0,MEETUP,1,18:00-19:00,,,,2026-08-14 07:13:42
105663,1272,476,733,PENDING_PAYMENT,2.0,EXPRESS,,,966,SF,,2026-08-06 19:57:42
105664,2649,238,909,PENDING_PAYMENT,50.0,EXPRESS,,,497,SF,,2026-08-16 04:06:42
105665,2310,313,864,PENDING_PAYMENT,60.0,MEETUP,2,17:00-18:00,,,,2026-08-14 18:20:42
105666,930,745,73,PENDING_PAYMENT,100.0,EXPRESS,,,1482,SF,,2026-08-15 02:38:42
105667,901,569,998,PENDING_PAYMENT,3.0,EXPRESS,,,1148,SF,,2026-08-14 14:43:42
105668,3020,602,590,PENDING_PAYMENT,80.0,EXPRESS,,,1203,SF,,2026-08-11 12:11:42
105669,4616,430,208,PENDING_PAYMENT,8.0,MEETUP,10,19:00-20:00,,,,2026-08-11 09:04:42
105670,4224,170,368,PENDING_PAYMENT,12.0,EXPRESS,,,354,SF,,2026-08-09 15:46:42
105671,3406,795,771,PENDING_PAYMENT,150.0,MEETUP,26,18:00-19:00,,,,2026-08-14 04:56:42
105672,3754,152,48,PENDING_PAYMENT,80.0,EXPRESS,,,315,SF,,2026-08-09 16:13:42
105673,2385,32,346,PENDING_PAYMENT,2.0,MEETUP,28,19:00-20:00,,,,2026-08-10 11:12:42
105674,759,990,525,PENDING_PAYMENT,150.0,MEETUP,19,12:00-13:00,,,,2026-08-15 08:06:42
105675,2051,304,285,PENDING_PAYMENT,20.0,MEETUP,3,18:00-19:00,,,,2026-08-16 15:34:42
105676,1149,706,239,PENDING_PAYMENT,150.0,EXPRESS,,,1408,SF,,2026-08-13 17:02:42
105677,409,744,400,PENDING_PAYMENT,3.0,EXPRESS,,,1481,SF,,2026-08-10 10:11:42
105678,817,510,505,PENDING_PAYMENT,15.0,MEETUP,26,12:00-13:00,,,,2026-08-13 08:21:42
105679,261,613,366,PENDING_PAYMENT,3.0,EXPRESS,,,1223,SF,,2026-08-10 03:15:42
105680,1344,882,188,PENDING_PAYMENT,80.0,EXPRESS,,,1753,SF,,2026-08-14 20:49:42
105681,212,297,871,PENDING_PAYMENT,5.0,MEETUP,9,18:00-19:00,,,,2026-08-15 03:58:42
105682,2500,601,190,PENDING_PAYMENT,3.0,MEETUP,14,18:00-19:00,,,,2026-08-10 12:33:42
105683,695,86,179,PENDING_PAYMENT,30.0,EXPRESS,,,180,SF,,2026-08-14 23:52:42
105684,4261,853,456,PENDING_PAYMENT,50.0,EXPRESS,,,1694,SF,,2026-08-12 22:58:42
105685,1993,66,313,PENDING_PAYMENT,5.0,MEETUP,21,18:00-19:00,,,,2026-08-11 04:50:42
105686,3825,668,925,PENDING_PAYMENT,12.0,EXPRESS,,,1331,SF,,2026-08-10 08:35:42
105687,1811,141,389,PENDING_PAYMENT,200.0,MEETUP,5,19:00-20:00,,,,2026-08-13 12:26:42
105688,4913,124,969,PENDING_PAYMENT,15.0,MEETUP,6,18:00-19:00,,,,2026-08-15 22:00:42
105689,1074,749,612,PENDING_PAYMENT,3.0,MEETUP,14,19:00-20:00,,,,2026-08-11 14:21:42
105690,1393,824,907,PENDING_PAYMENT,80.0,EXPRESS,,,1636,SF,,2026-08-08 15:40:42
105691,971,159,693,PENDING_PAYMENT,12.0,MEETUP,9,17:00-18:00,,,,2026-08-15 22:39:42
105692,4735,718,362,PENDING_PAYMENT,60.0,EXPRESS,,,1430,SF,,2026-08-09 21:36:42
105693,2308,687,735,PENDING_PAYMENT,150.0,MEETUP,23,17:00-18:00,,,,2026-08-14 13:09:42
105694,468,908,994,PENDING_PAYMENT,8.0,EXPRESS,,,1809,SF,,2026-08-16 01:06:42
105695,2075,152,657,PENDING_PAYMENT,200.0,EXPRESS,,,316,SF,,2026-08-11 01:18:42
105696,1267,999,189,PENDING_PAYMENT,200.0,EXPRESS,,,1992,SF,,2026-08-10 23:52:42
105697,3570,737,633,PENDING_PAYMENT,1.0,MEETUP,19,17:00-18:00,,,,2026-08-06 19:46:42
105698,1415,76,762,PENDING_PAYMENT,15.0,EXPRESS,,,159,SF,,2026-08-10 09:22:42
105699,2262,709,926,PENDING_PAYMENT,5.0,EXPRESS,,,1412,SF,,2026-08-12 16:26:42
105700,1929,82,626,PENDING_PAYMENT,30.0,EXPRESS,,,171,SF,,2026-08-16 02:15:42
105701,4314,987,500,PENDING_PAYMENT,150.0,EXPRESS,,,1973,SF,,2026-08-12 05:57:42
105702,803,567,289,PENDING_PAYMENT,120.0,EXPRESS,,,1143,SF,,2026-08-14 10:40:42
105703,2368,700,286,PENDING_PAYMENT,30.0,EXPRESS,,,1393,SF,,2026-08-12 11:02:42
105704,3284,523,472,PENDING_PAYMENT,2.0,MEETUP,3,19:00-20:00,,,,2026-08-16 01:42:42
105705,4422,474,642,PENDING_PAYMENT,200.0,EXPRESS,,,962,SF,,2026-08-16 10:11:42
105706,74,557,912,PENDING_PAYMENT,150.0,EXPRESS,,,1121,SF,,2026-08-14 15:08:42
105707,3901,364,783,PENDING_PAYMENT,5.0,EXPRESS,,,741,SF,,2026-08-15 09:03:42
105708,3312,630,235,PENDING_PAYMENT,25.0,EXPRESS,,,1254,SF,,2026-08-10 18:24:42
105709,3307,668,617,PENDING_PAYMENT,15.0,MEETUP,7,12:00-13:00,,,,2026-08-12 07:27:42
105710,3567,121,631,PENDING_PAYMENT,80.0,MEETUP,2,17:00-18:00,,,,2026-08-14 07:50:42
105711,2417,304,621,PENDING_PAYMENT,8.0,EXPRESS,,,630,SF,,2026-08-08 09:01:42
105712,712,231,311,PENDING_PAYMENT,1.0,MEETUP,14,19:00-20:00,,,,2026-08-15 03:02:42
105713,1924,177,348,PENDING_PAYMENT,15.0,EXPRESS,,,371,SF,,2026-08-10 10:44:42
105714,3992,884,143,PENDING_PAYMENT,5.0,MEETUP,21,18:00-19:00,,,,2026-08-09 17:48:42
105715,3109,668,928,PENDING_PAYMENT,60.0,MEETUP,20,18:00-19:00,,,,2026-08-13 06:30:42
105716,2601,105,29,PENDING_PAYMENT,2.0,MEETUP,30,17:00-18:00,,,,2026-08-14 03:36:42
105717,3674,211,107,PENDING_PAYMENT,2.0,MEETUP,20,19:00-20:00,,,,2026-08-12 18:30:42
105718,1134,106,224,PENDING_PAYMENT,80.0,EXPRESS,,,218,SF,,2026-08-09 11:07:42
105719,4435,89,999,PENDING_PAYMENT,20.0,EXPRESS,,,188,SF,,2026-08-10 00:34:42
105720,2537,380,249,PENDING_PAYMENT,20.0,EXPRESS,,,770,SF,,2026-08-09 07:45:42
105721,3267,96,527,PENDING_PAYMENT,30.0,EXPRESS,,,199,SF,,2026-08-14 17:27:42
105722,4908,515,117,PENDING_PAYMENT,8.0,MEETUP,29,19:00-20:00,,,,2026-08-13 17:26:42
105723,1245,151,997,PENDING_PAYMENT,50.0,MEETUP,15,12:00-13:00,,,,2026-08-11 12:39:42
105724,1426,6,664,PENDING_PAYMENT,120.0,MEETUP,14,17:00-18:00,,,,2026-08-11 22:16:42
105725,3103,837,857,PENDING_PAYMENT,2.0,MEETUP,16,12:00-13:00,,,,2026-08-07 22:34:42
105726,811,603,586,PENDING_PAYMENT,5.0,EXPRESS,,,1206,SF,,2026-08-14 16:07:42
105727,316,795,338,PENDING_PAYMENT,1.0,MEETUP,4,18:00-19:00,,,,2026-08-11 12:20:42
105728,1554,114,443,PENDING_PAYMENT,1.0,EXPRESS,,,234,SF,,2026-08-11 11:06:42
105729,4654,852,733,PENDING_PAYMENT,12.0,MEETUP,17,17:00-18:00,,,,2026-08-16 13:04:42
105730,1319,213,491,PENDING_PAYMENT,20.0,EXPRESS,,,448,SF,,2026-08-07 05:36:42
105731,2180,807,555,PENDING_PAYMENT,60.0,MEETUP,20,12:00-13:00,,,,2026-08-14 18:09:42
105732,4807,737,902,PENDING_PAYMENT,60.0,MEETUP,8,19:00-20:00,,,,2026-08-15 03:02:42
105733,386,225,337,PENDING_PAYMENT,100.0,EXPRESS,,,470,SF,,2026-08-08 18:25:42
105734,584,969,634,PENDING_PAYMENT,30.0,MEETUP,4,19:00-20:00,,,,2026-08-12 17:25:42
105735,3139,30,150,PENDING_PAYMENT,1.0,MEETUP,11,12:00-13:00,,,,2026-08-16 09:07:42
105736,1796,537,10,PENDING_PAYMENT,20.0,EXPRESS,,,1089,SF,,2026-08-08 05:18:42
105737,716,272,917,PENDING_PAYMENT,60.0,MEETUP,7,17:00-18:00,,,,2026-08-09 18:36:42
105738,2010,780,67,PENDING_PAYMENT,100.0,MEETUP,15,17:00-18:00,,,,2026-08-16 12:47:42
105739,1697,774,818,PENDING_PAYMENT,30.0,MEETUP,4,12:00-13:00,,,,2026-08-07 12:23:42
105740,3862,547,649,PENDING_PAYMENT,5.0,MEETUP,30,17:00-18:00,,,,2026-08-07 07:31:42
105741,2577,705,909,PENDING_PAYMENT,2.0,EXPRESS,,,1407,SF,,2026-08-11 00:24:42
105742,1244,594,873,PENDING_PAYMENT,15.0,MEETUP,22,12:00-13:00,,,,2026-08-13 21:43:42
105743,3464,908,954,PENDING_PAYMENT,3.0,MEETUP,20,19:00-20:00,,,,2026-08-11 05:18:42
105744,4235,560,43,PENDING_PAYMENT,100.0,EXPRESS,,,1128,SF,,2026-08-08 19:51:42
105745,2311,662,690,PENDING_PAYMENT,25.0,EXPRESS,,,1322,SF,,2026-08-12 05:59:42
105746,4663,762,484,PENDING_PAYMENT,150.0,MEETUP,8,19:00-20:00,,,,2026-08-10 18:50:42
105747,4076,629,984,PENDING_PAYMENT,3.0,EXPRESS,,,1252,SF,,2026-08-12 11:06:42
105748,1727,507,543,PENDING_PAYMENT,1.0,MEETUP,9,12:00-13:00,,,,2026-08-08 21:05:42
105749,1177,610,720,PENDING_PAYMENT,3.0,MEETUP,4,17:00-18:00,,,,2026-08-14 02:07:42
105750,3144,572,198,PENDING_PAYMENT,20.0,MEETUP,11,12:00-13:00,,,,2026-08-14 18:14:42
105751,2081,895,979,PENDING_PAYMENT,8.0,MEETUP,12,19:00-20:00,,,,2026-08-13 09:36:42
105752,1569,799,674,PENDING_PAYMENT,3.0,MEETUP,6,12:00-13:00,,,,2026-08-09 20:18:42
105753,217,601,163,PENDING_PAYMENT,30.0,MEETUP,15,17:00-18:00,,,,2026-08-06 21:05:42
105754,3197,577,298,PENDING_PAYMENT,20.0,MEETUP,29,19:00-20:00,,,,2026-08-07 20:56:42
105755,1258,562,272,PENDING_PAYMENT,100.0,EXPRESS,,,1131,SF,,2026-08-15 20:25:42
105756,3224,178,428,PENDING_PAYMENT,2.0,EXPRESS,,,374,SF,,2026-08-07 05:44:42
105757,886,287,236,PENDING_PAYMENT,8.0,MEETUP,13,12:00-13:00,,,,2026-08-12 13:33:42
105758,528,618,799,PENDING_PAYMENT,12.0,EXPRESS,,,1232,SF,,2026-08-09 07:59:42
105759,3134,740,145,PENDING_PAYMENT,200.0,MEETUP,13,17:00-18:00,,,,2026-08-13 11:50:42
105760,4880,716,843,PENDING_PAYMENT,50.0,MEETUP,7,17:00-18:00,,,,2026-08-08 13:05:42
105761,2452,390,957,PENDING_PAYMENT,12.0,EXPRESS,,,788,SF,,2026-08-06 19:43:42
105762,3983,927,650,PENDING_PAYMENT,1.0,MEETUP,25,17:00-18:00,,,,2026-08-08 13:01:42
105763,488,677,954,PENDING_PAYMENT,1.0,MEETUP,11,18:00-19:00,,,,2026-08-16 05:24:42
105764,2898,666,842,PENDING_PAYMENT,150.0,MEETUP,1,12:00-13:00,,,,2026-08-08 05:53:42
105765,1956,672,143,PENDING_PAYMENT,20.0,MEETUP,4,18:00-19:00,,,,2026-08-11 19:30:42
105766,2613,263,653,PENDING_PAYMENT,25.0,EXPRESS,,,546,SF,,2026-08-07 02:10:42
105767,3224,608,428,PENDING_PAYMENT,2.0,MEETUP,23,19:00-20:00,,,,2026-08-11 13:45:42
105768,3873,165,326,PENDING_PAYMENT,150.0,MEETUP,10,17:00-18:00,,,,2026-08-07 21:51:42
105769,2400,92,194,PENDING_PAYMENT,1.0,MEETUP,3,18:00-19:00,,,,2026-08-11 08:29:42
105770,3415,298,824,PENDING_PAYMENT,12.0,EXPRESS,,,619,SF,,2026-08-08 21:26:42
105771,1226,50,761,PENDING_PAYMENT,12.0,MEETUP,18,12:00-13:00,,,,2026-08-11 18:13:42
105772,4223,46,9,PENDING_PAYMENT,120.0,EXPRESS,,,100,SF,,2026-08-07 23:33:42
105773,2269,157,492,PENDING_PAYMENT,5.0,EXPRESS,,,327,SF,,2026-08-13 16:35:42
105774,4415,606,550,PENDING_PAYMENT,8.0,MEETUP,22,17:00-18:00,,,,2026-08-14 09:00:42
105775,1338,564,638,PENDING_PAYMENT,100.0,EXPRESS,,,1138,SF,,2026-08-09 12:21:42
105776,3198,430,44,PENDING_PAYMENT,12.0,EXPRESS,,,879,SF,,2026-08-10 18:51:42
105777,260,480,949,PENDING_PAYMENT,8.0,EXPRESS,,,972,SF,,2026-08-15 23:14:42
105778,4465,856,592,PENDING_PAYMENT,25.0,EXPRESS,,,1701,SF,,2026-08-07 00:50:42
105779,2946,925,874,PENDING_PAYMENT,80.0,EXPRESS,,,1849,SF,,2026-08-11 06:04:42
105780,526,583,269,PENDING_PAYMENT,100.0,EXPRESS,,,1169,SF,,2026-08-14 15:07:42
105781,3952,867,612,PENDING_PAYMENT,2.0,EXPRESS,,,1722,SF,,2026-08-13 20:31:42
105782,3276,679,574,PENDING_PAYMENT,100.0,EXPRESS,,,1358,SF,,2026-08-11 10:41:42
105783,4293,518,575,PENDING_PAYMENT,25.0,EXPRESS,,,1053,SF,,2026-08-08 17:35:42
105784,1647,867,145,PENDING_PAYMENT,2.0,MEETUP,9,17:00-18:00,,,,2026-08-14 06:34:42
105785,4136,568,418,PENDING_PAYMENT,120.0,MEETUP,16,19:00-20:00,,,,2026-08-08 01:48:42
105786,2876,14,990,PENDING_PAYMENT,12.0,EXPRESS,,,31,SF,,2026-08-16 13:04:42
105787,4915,636,646,PENDING_PAYMENT,12.0,MEETUP,29,19:00-20:00,,,,2026-08-09 05:33:42
105788,4429,143,273,PENDING_PAYMENT,20.0,MEETUP,21,19:00-20:00,,,,2026-08-14 03:40:42
105789,3050,558,826,PENDING_PAYMENT,8.0,EXPRESS,,,1125,SF,,2026-08-12 14:22:42
105790,289,738,694,PENDING_PAYMENT,5.0,EXPRESS,,,1467,SF,,2026-08-08 05:19:42
105791,869,341,657,PENDING_PAYMENT,200.0,MEETUP,28,17:00-18:00,,,,2026-08-16 00:05:42
105792,718,642,654,PENDING_PAYMENT,3.0,MEETUP,16,12:00-13:00,,,,2026-08-14 01:40:42
105793,4038,623,696,PENDING_PAYMENT,12.0,MEETUP,2,12:00-13:00,,,,2026-08-14 03:43:42
105794,3513,850,893,PENDING_PAYMENT,20.0,MEETUP,26,19:00-20:00,,,,2026-08-07 11:34:42
105795,4477,783,262,PENDING_PAYMENT,2.0,EXPRESS,,,1561,SF,,2026-08-15 10:40:42
105796,3792,158,952,PENDING_PAYMENT,100.0,EXPRESS,,,330,SF,,2026-08-07 10:06:42
105797,896,975,135,PENDING_PAYMENT,5.0,MEETUP,5,17:00-18:00,,,,2026-08-07 20:58:42
105798,2735,756,409,PENDING_PAYMENT,150.0,MEETUP,30,17:00-18:00,,,,2026-08-09 10:09:42
105799,4880,832,843,PENDING_PAYMENT,50.0,EXPRESS,,,1652,SF,,2026-08-09 20:08:42
105800,262,402,610,PENDING_PAYMENT,25.0,EXPRESS,,,811,SF,,2026-08-09 17:41:42
105801,1623,809,896,PENDING_PAYMENT,25.0,EXPRESS,,,1610,SF,,2026-08-10 04:49:42
105802,1429,150,583,PENDING_PAYMENT,1.0,MEETUP,15,17:00-18:00,,,,2026-08-07 13:57:42
105803,1296,38,842,PENDING_PAYMENT,200.0,MEETUP,21,12:00-13:00,,,,2026-08-09 07:54:42
105804,2976,821,668,PENDING_PAYMENT,100.0,EXPRESS,,,1630,SF,,2026-08-14 05:02:42
105805,3493,42,11,PENDING_PAYMENT,30.0,EXPRESS,,,90,SF,,2026-08-13 23:22:42
105806,335,472,600,PENDING_PAYMENT,3.0,MEETUP,6,12:00-13:00,,,,2026-08-10 18:01:42
105807,2519,810,88,PENDING_PAYMENT,100.0,MEETUP,4,17:00-18:00,,,,2026-08-10 08:52:42
105808,297,236,493,PENDING_PAYMENT,200.0,MEETUP,12,19:00-20:00,,,,2026-08-08 12:00:42
105809,2532,211,454,PENDING_PAYMENT,25.0,EXPRESS,,,443,SF,,2026-08-14 21:48:42
105810,1703,323,854,PENDING_PAYMENT,3.0,MEETUP,7,18:00-19:00,,,,2026-08-07 14:02:42
105811,4034,767,5,PENDING_PAYMENT,120.0,EXPRESS,,,1535,SF,,2026-08-08 15:28:42
105812,1245,5,997,PENDING_PAYMENT,50.0,MEETUP,14,17:00-18:00,,,,2026-08-09 16:33:42
105813,3946,807,94,PENDING_PAYMENT,3.0,MEETUP,27,18:00-19:00,,,,2026-08-16 06:17:42
105814,1388,780,612,PENDING_PAYMENT,20.0,EXPRESS,,,1556,SF,,2026-08-15 15:46:42
105815,2028,347,412,PENDING_PAYMENT,60.0,MEETUP,15,17:00-18:00,,,,2026-08-11 00:34:42
105816,4028,819,598,PENDING_PAYMENT,12.0,MEETUP,10,18:00-19:00,,,,2026-08-07 12:05:42
105817,3740,398,33,PENDING_PAYMENT,120.0,MEETUP,30,12:00-13:00,,,,2026-08-13 16:52:42
105818,4442,379,431,PENDING_PAYMENT,3.0,EXPRESS,,,769,SF,,2026-08-16 09:18:42
105819,4792,88,876,PENDING_PAYMENT,10.0,EXPRESS,,,186,SF,,2026-08-11 09:13:42
105820,2474,71,403,PENDING_PAYMENT,200.0,EXPRESS,,,149,SF,,2026-08-09 07:21:42
105821,1142,238,824,PENDING_PAYMENT,80.0,MEETUP,14,18:00-19:00,,,,2026-08-08 05:38:42
105822,3767,954,195,PENDING_PAYMENT,50.0,MEETUP,27,17:00-18:00,,,,2026-08-10 18:50:42
105823,3532,561,822,PENDING_PAYMENT,120.0,MEETUP,9,19:00-20:00,,,,2026-08-12 12:29:42
105824,4774,658,824,PENDING_PAYMENT,150.0,EXPRESS,,,1314,SF,,2026-08-10 01:52:42
105825,2966,295,642,PENDING_PAYMENT,1.0,EXPRESS,,,616,SF,,2026-08-10 20:38:42
105826,701,334,201,PENDING_PAYMENT,150.0,MEETUP,2,18:00-19:00,,,,2026-08-12 21:22:42
105827,3526,248,227,PENDING_PAYMENT,120.0,EXPRESS,,,513,SF,,2026-08-14 07:42:42
105828,4869,659,552,PENDING_PAYMENT,120.0,MEETUP,23,12:00-13:00,,,,2026-08-12 05:01:42
105829,5000,436,258,PENDING_PAYMENT,12.0,EXPRESS,,,889,SF,,2026-08-14 06:06:42
105830,3982,232,702,PENDING_PAYMENT,80.0,MEETUP,24,19:00-20:00,,,,2026-08-06 21:58:42
105831,2103,683,229,PENDING_PAYMENT,100.0,MEETUP,21,17:00-18:00,,,,2026-08-09 10:53:42
105832,1283,374,51,PENDING_PAYMENT,80.0,EXPRESS,,,760,SF,,2026-08-08 10:10:42
105833,260,680,949,PENDING_PAYMENT,8.0,MEETUP,27,17:00-18:00,,,,2026-08-11 12:46:42
105834,2182,883,217,PENDING_PAYMENT,25.0,EXPRESS,,,1754,SF,,2026-08-09 05:23:42
105835,4367,949,104,PENDING_PAYMENT,200.0,MEETUP,7,18:00-19:00,,,,2026-08-15 06:30:42
105836,316,512,338,PENDING_PAYMENT,1.0,EXPRESS,,,1044,SF,,2026-08-08 05:30:42
105837,3724,197,90,PENDING_PAYMENT,50.0,EXPRESS,,,412,SF,,2026-08-07 19:58:42
105838,3163,463,846,PENDING_PAYMENT,5.0,MEETUP,20,19:00-20:00,,,,2026-08-14 19:43:42
105839,1518,13,599,PENDING_PAYMENT,20.0,MEETUP,8,17:00-18:00,,,,2026-08-10 03:02:42
105840,3880,940,354,PENDING_PAYMENT,150.0,MEETUP,6,19:00-20:00,,,,2026-08-10 03:46:42
105841,1826,164,835,PENDING_PAYMENT,2.0,MEETUP,28,17:00-18:00,,,,2026-08-06 21:59:42
105842,54,473,613,PENDING_PAYMENT,12.0,EXPRESS,,,961,SF,,2026-08-08 15:20:42
105843,4608,784,489,PENDING_PAYMENT,150.0,MEETUP,19,18:00-19:00,,,,2026-08-11 03:27:42
105844,2312,892,281,PENDING_PAYMENT,30.0,EXPRESS,,,1776,SF,,2026-08-09 20:17:42
105845,3385,104,577,PENDING_PAYMENT,50.0,MEETUP,4,19:00-20:00,,,,2026-08-07 13:00:42
105846,624,26,14,PENDING_PAYMENT,25.0,MEETUP,24,12:00-13:00,,,,2026-08-07 14:37:42
105847,2923,48,459,PENDING_PAYMENT,200.0,MEETUP,10,19:00-20:00,,,,2026-08-08 03:00:42
105848,422,535,905,PENDING_PAYMENT,30.0,MEETUP,14,12:00-13:00,,,,2026-08-10 14:45:42
105849,1349,460,178,PENDING_PAYMENT,10.0,MEETUP,2,17:00-18:00,,,,2026-08-10 16:28:42
105850,3581,585,839,PENDING_PAYMENT,100.0,EXPRESS,,,1172,SF,,2026-08-12 11:44:42
105851,2784,63,473,PENDING_PAYMENT,20.0,EXPRESS,,,134,SF,,2026-08-10 18:54:42
105852,746,893,244,PENDING_PAYMENT,5.0,EXPRESS,,,1778,SF,,2026-08-15 06:28:42
105853,58,486,234,PENDING_PAYMENT,60.0,MEETUP,18,19:00-20:00,,,,2026-08-11 02:03:42
105854,1872,49,701,PENDING_PAYMENT,25.0,MEETUP,30,19:00-20:00,,,,2026-08-09 22:36:42
105855,762,865,689,PENDING_PAYMENT,20.0,EXPRESS,,,1718,SF,,2026-08-16 03:10:42
105856,3193,375,392,PENDING_PAYMENT,100.0,EXPRESS,,,762,SF,,2026-08-13 01:06:42
105857,2876,470,990,PENDING_PAYMENT,12.0,EXPRESS,,,955,SF,,2026-08-09 16:37:42
105858,2934,175,910,PENDING_PAYMENT,80.0,MEETUP,10,12:00-13:00,,,,2026-08-11 19:13:42
105859,4831,119,522,PENDING_PAYMENT,1.0,MEETUP,30,12:00-13:00,,,,2026-08-11 12:19:42
105860,184,291,195,PENDING_PAYMENT,15.0,MEETUP,2,18:00-19:00,,,,2026-08-12 10:49:42
105861,4541,117,562,PENDING_PAYMENT,150.0,EXPRESS,,,241,SF,,2026-08-07 11:34:42
105862,472,568,878,PENDING_PAYMENT,5.0,MEETUP,23,19:00-20:00,,,,2026-08-16 17:05:42
105863,3202,322,904,PENDING_PAYMENT,1.0,EXPRESS,,,661,SF,,2026-08-12 19:03:42
105864,1845,948,234,PENDING_PAYMENT,8.0,EXPRESS,,,1897,SF,,2026-08-16 06:43:42
105865,4407,27,141,PENDING_PAYMENT,20.0,EXPRESS,,,56,SF,,2026-08-07 05:16:42
105866,4076,160,984,PENDING_PAYMENT,3.0,MEETUP,29,12:00-13:00,,,,2026-08-10 10:40:42
105867,4587,844,269,PENDING_PAYMENT,25.0,EXPRESS,,,1676,SF,,2026-08-08 14:40:42
105868,4860,821,347,PENDING_PAYMENT,1.0,EXPRESS,,,1630,SF,,2026-08-07 15:30:42
105869,1952,910,678,PENDING_PAYMENT,5.0,EXPRESS,,,1812,SF,,2026-08-11 14:25:42
105870,3262,515,553,PENDING_PAYMENT,100.0,MEETUP,15,17:00-18:00,,,,2026-08-11 10:03:42
105871,4238,994,463,PENDING_PAYMENT,15.0,EXPRESS,,,1983,SF,,2026-08-07 15:37:42
105872,1092,322,673,PENDING_PAYMENT,8.0,EXPRESS,,,662,SF,,2026-08-14 08:14:42
105873,2629,354,229,PENDING_PAYMENT,120.0,MEETUP,26,18:00-19:00,,,,2026-08-13 12:01:42
105874,4572,915,495,PENDING_PAYMENT,8.0,EXPRESS,,,1826,SF,,2026-08-10 21:59:42
105875,3925,383,469,PENDING_PAYMENT,3.0,MEETUP,9,12:00-13:00,,,,2026-08-08 11:39:42
105876,796,364,212,PENDING_PAYMENT,120.0,EXPRESS,,,741,SF,,2026-08-07 12:31:42
105877,3291,51,386,PENDING_PAYMENT,80.0,EXPRESS,,,111,SF,,2026-08-13 04:09:42
105878,4194,164,695,PENDING_PAYMENT,120.0,MEETUP,29,18:00-19:00,,,,2026-08-07 07:54:42
105879,3812,761,268,PENDING_PAYMENT,20.0,MEETUP,14,17:00-18:00,,,,2026-08-09 02:06:42
105880,3049,297,861,PENDING_PAYMENT,10.0,EXPRESS,,,618,SF,,2026-08-14 00:53:42
105881,3047,489,334,PENDING_PAYMENT,50.0,EXPRESS,,,996,SF,,2026-08-13 23:01:42
105882,2701,930,136,PENDING_PAYMENT,20.0,MEETUP,10,19:00-20:00,,,,2026-08-09 13:31:42
105883,4800,393,639,PENDING_PAYMENT,15.0,MEETUP,20,12:00-13:00,,,,2026-08-14 12:04:42
105884,4465,14,592,PENDING_PAYMENT,25.0,EXPRESS,,,31,SF,,2026-08-07 20:57:42
105885,2043,229,517,PENDING_PAYMENT,5.0,EXPRESS,,,479,SF,,2026-08-12 13:33:42
105886,4290,784,476,PENDING_PAYMENT,1.0,EXPRESS,,,1564,SF,,2026-08-12 22:13:42
105887,4530,747,292,PENDING_PAYMENT,8.0,EXPRESS,,,1489,SF,,2026-08-13 08:48:42
105888,560,634,993,PENDING_PAYMENT,5.0,MEETUP,24,17:00-18:00,,,,2026-08-11 00:43:42
105889,3656,820,985,PENDING_PAYMENT,8.0,EXPRESS,,,1629,SF,,2026-08-13 02:20:42
105890,2847,972,735,PENDING_PAYMENT,50.0,EXPRESS,,,1946,SF,,2026-08-12 21:50:42
105891,4947,707,38,PENDING_PAYMENT,80.0,MEETUP,26,18:00-19:00,,,,2026-08-10 22:28:42
105892,2473,757,22,PENDING_PAYMENT,25.0,MEETUP,20,17:00-18:00,,,,2026-08-08 21:26:42
105893,4375,184,93,PENDING_PAYMENT,150.0,MEETUP,30,19:00-20:00,,,,2026-08-08 15:58:42
105894,1959,824,760,PENDING_PAYMENT,50.0,MEETUP,9,17:00-18:00,,,,2026-08-12 14:55:42
105895,2050,175,767,PENDING_PAYMENT,3.0,EXPRESS,,,364,SF,,2026-08-07 04:01:42
105896,3521,540,225,PENDING_PAYMENT,100.0,EXPRESS,,,1093,SF,,2026-08-07 18:53:42
105897,114,385,609,PENDING_PAYMENT,5.0,MEETUP,21,17:00-18:00,,,,2026-08-13 19:44:42
105898,4993,968,168,PENDING_PAYMENT,120.0,EXPRESS,,,1940,SF,,2026-08-07 23:42:42
105899,941,710,810,PENDING_PAYMENT,10.0,EXPRESS,,,1413,SF,,2026-08-09 20:28:42
105900,1279,330,865,PENDING_PAYMENT,100.0,MEETUP,27,17:00-18:00,,,,2026-08-11 15:15:42
105901,3125,310,898,PENDING_PAYMENT,100.0,EXPRESS,,,639,SF,,2026-08-12 22:55:42
105902,706,629,201,PENDING_PAYMENT,120.0,MEETUP,18,18:00-19:00,,,,2026-08-12 17:58:42
105903,2503,457,56,PENDING_PAYMENT,200.0,EXPRESS,,,933,SF,,2026-08-15 07:45:42
105904,2561,423,799,PENDING_PAYMENT,8.0,EXPRESS,,,864,SF,,2026-08-08 02:35:42
105905,1253,368,787,PENDING_PAYMENT,120.0,MEETUP,25,12:00-13:00,,,,2026-08-14 16:29:42
105906,3944,200,999,PENDING_PAYMENT,2.0,MEETUP,10,19:00-20:00,,,,2026-08-10 04:02:42
105907,3878,818,22,PENDING_PAYMENT,25.0,MEETUP,20,12:00-13:00,,,,2026-08-15 02:42:42
105908,4324,289,544,PENDING_PAYMENT,80.0,EXPRESS,,,606,SF,,2026-08-12 20:05:42
105909,455,99,645,PENDING_PAYMENT,25.0,MEETUP,7,18:00-19:00,,,,2026-08-07 17:44:42
105910,1471,810,217,PENDING_PAYMENT,3.0,EXPRESS,,,1612,SF,,2026-08-07 17:08:42
105911,3327,69,810,PENDING_PAYMENT,20.0,EXPRESS,,,146,SF,,2026-08-14 12:15:42
105912,2912,670,990,PENDING_PAYMENT,2.0,MEETUP,24,12:00-13:00,,,,2026-08-13 11:29:42
105913,3937,594,114,PENDING_PAYMENT,2.0,MEETUP,6,12:00-13:00,,,,2026-08-10 05:07:42
105914,669,134,74,PENDING_PAYMENT,8.0,EXPRESS,,,274,SF,,2026-08-08 15:48:42
105915,4361,188,145,PENDING_PAYMENT,5.0,EXPRESS,,,393,SF,,2026-08-14 01:08:42
105916,1731,164,980,PENDING_PAYMENT,200.0,EXPRESS,,,341,SF,,2026-08-08 21:57:42
105917,2387,302,56,PENDING_PAYMENT,30.0,EXPRESS,,,625,SF,,2026-08-10 00:40:42
105918,3039,549,194,PENDING_PAYMENT,150.0,MEETUP,12,18:00-19:00,,,,2026-08-15 17:10:42
105919,1620,170,655,PENDING_PAYMENT,12.0,EXPRESS,,,353,SF,,2026-08-08 01:02:42
105920,3721,873,385,PENDING_PAYMENT,3.0,EXPRESS,,,1736,SF,,2026-08-15 15:40:42
105921,17,101,523,PENDING_PAYMENT,150.0,EXPRESS,,,210,SF,,2026-08-12 09:48:42
105922,397,315,317,PENDING_PAYMENT,5.0,EXPRESS,,,647,SF,,2026-08-10 11:26:42
105923,3249,406,913,PENDING_PAYMENT,150.0,MEETUP,24,18:00-19:00,,,,2026-08-11 20:00:42
105924,4348,608,383,PENDING_PAYMENT,8.0,MEETUP,13,18:00-19:00,,,,2026-08-07 11:26:42
105925,1852,857,597,PENDING_PAYMENT,200.0,MEETUP,3,17:00-18:00,,,,2026-08-15 17:34:42
105926,3765,112,969,PENDING_PAYMENT,150.0,EXPRESS,,,232,SF,,2026-08-07 09:41:42
105927,4623,908,382,PENDING_PAYMENT,30.0,MEETUP,23,18:00-19:00,,,,2026-08-10 01:28:42
105928,3872,307,384,PENDING_PAYMENT,20.0,EXPRESS,,,634,SF,,2026-08-11 02:30:42
105929,1191,853,991,PENDING_PAYMENT,5.0,MEETUP,17,19:00-20:00,,,,2026-08-11 09:12:42
105930,176,656,255,PENDING_PAYMENT,60.0,EXPRESS,,,1309,SF,,2026-08-09 18:10:42
105931,1237,868,445,PENDING_PAYMENT,60.0,MEETUP,10,18:00-19:00,,,,2026-08-08 07:46:42
105932,3730,508,802,PENDING_PAYMENT,200.0,MEETUP,27,17:00-18:00,,,,2026-08-15 22:33:42
105933,3852,438,36,PENDING_PAYMENT,200.0,MEETUP,27,12:00-13:00,,,,2026-08-15 07:13:42
105934,3057,128,351,PENDING_PAYMENT,2.0,MEETUP,7,18:00-19:00,,,,2026-08-15 13:43:42
105935,521,368,844,PENDING_PAYMENT,30.0,MEETUP,22,17:00-18:00,,,,2026-08-13 03:02:42
105936,3976,496,898,PENDING_PAYMENT,100.0,EXPRESS,,,1007,SF,,2026-08-12 05:25:42
105937,1943,760,241,PENDING_PAYMENT,3.0,EXPRESS,,,1523,SF,,2026-08-16 18:52:42
105938,1595,797,321,PENDING_PAYMENT,200.0,MEETUP,2,19:00-20:00,,,,2026-08-10 11:51:42
105939,3895,821,153,PENDING_PAYMENT,20.0,EXPRESS,,,1630,SF,,2026-08-14 14:00:42
105940,4527,51,885,PENDING_PAYMENT,25.0,EXPRESS,,,111,SF,,2026-08-14 10:02:42
105941,969,391,671,PENDING_PAYMENT,80.0,EXPRESS,,,789,SF,,2026-08-09 13:17:42
105942,4217,801,327,PENDING_PAYMENT,20.0,EXPRESS,,,1597,SF,,2026-08-13 09:34:42
105943,4004,356,142,PENDING_PAYMENT,200.0,EXPRESS,,,726,SF,,2026-08-12 02:44:42
105944,1169,458,710,PENDING_PAYMENT,30.0,EXPRESS,,,934,SF,,2026-08-12 02:39:42
105945,1874,205,130,PENDING_PAYMENT,12.0,MEETUP,7,19:00-20:00,,,,2026-08-14 10:06:42
105946,4165,996,823,PENDING_PAYMENT,20.0,MEETUP,26,12:00-13:00,,,,2026-08-16 15:17:42
105947,237,591,651,PENDING_PAYMENT,15.0,MEETUP,18,19:00-20:00,,,,2026-08-09 21:13:42
105948,687,644,72,PENDING_PAYMENT,10.0,EXPRESS,,,1280,SF,,2026-08-13 12:44:42
105949,1029,63,463,PENDING_PAYMENT,2.0,EXPRESS,,,134,SF,,2026-08-13 00:16:42
105950,3064,676,664,PENDING_PAYMENT,100.0,MEETUP,9,12:00-13:00,,,,2026-08-16 11:05:42
105951,2121,737,489,PENDING_PAYMENT,25.0,EXPRESS,,,1464,SF,,2026-08-11 17:49:42
105952,2157,952,873,PENDING_PAYMENT,60.0,EXPRESS,,,1905,SF,,2026-08-15 21:04:42
105953,3979,680,419,PENDING_PAYMENT,12.0,MEETUP,25,12:00-13:00,,,,2026-08-16 13:47:42
105954,4850,4,686,PENDING_PAYMENT,15.0,MEETUP,22,19:00-20:00,,,,2026-08-09 11:25:42
105955,3552,336,866,PENDING_PAYMENT,60.0,EXPRESS,,,689,SF,,2026-08-16 08:59:42
105956,2507,749,619,PENDING_PAYMENT,10.0,EXPRESS,,,1492,SF,,2026-08-14 18:07:42
105957,1583,410,386,PENDING_PAYMENT,8.0,EXPRESS,,,830,SF,,2026-08-11 11:02:42
105958,4230,46,60,PENDING_PAYMENT,1.0,MEETUP,20,12:00-13:00,,,,2026-08-13 22:54:42
105959,1068,535,707,PENDING_PAYMENT,3.0,MEETUP,6,12:00-13:00,,,,2026-08-13 13:12:42
105960,3311,281,369,PENDING_PAYMENT,8.0,MEETUP,3,12:00-13:00,,,,2026-08-10 05:47:42
105961,4209,633,100,PENDING_PAYMENT,200.0,MEETUP,15,17:00-18:00,,,,2026-08-16 01:50:42
105962,2929,964,882,PENDING_PAYMENT,100.0,EXPRESS,,,1932,SF,,2026-08-16 04:20:42
105963,3482,99,709,PENDING_PAYMENT,25.0,MEETUP,22,12:00-13:00,,,,2026-08-08 08:23:42
105964,2957,21,44,PENDING_PAYMENT,50.0,MEETUP,4,19:00-20:00,,,,2026-08-09 19:19:42
105965,1395,952,142,PENDING_PAYMENT,8.0,MEETUP,23,12:00-13:00,,,,2026-08-09 12:58:42
105966,3761,933,795,PENDING_PAYMENT,1.0,MEETUP,29,12:00-13:00,,,,2026-08-08 07:00:42
105967,1163,350,409,PENDING_PAYMENT,12.0,EXPRESS,,,714,SF,,2026-08-13 17:09:42
105968,4339,911,758,PENDING_PAYMENT,20.0,EXPRESS,,,1816,SF,,2026-08-10 00:31:42
105969,1510,873,64,PENDING_PAYMENT,1.0,EXPRESS,,,1735,SF,,2026-08-12 15:40:42
105970,2168,636,287,PENDING_PAYMENT,2.0,MEETUP,11,18:00-19:00,,,,2026-08-12 00:33:42
105971,4675,380,200,PENDING_PAYMENT,15.0,MEETUP,18,17:00-18:00,,,,2026-08-15 05:09:42
105972,4009,139,603,PENDING_PAYMENT,150.0,MEETUP,29,17:00-18:00,,,,2026-08-12 18:44:42
105973,4487,470,818,PENDING_PAYMENT,8.0,EXPRESS,,,956,SF,,2026-08-13 04:58:42
105974,1959,817,760,PENDING_PAYMENT,50.0,EXPRESS,,,1625,SF,,2026-08-07 00:35:42
105975,1806,137,738,PENDING_PAYMENT,20.0,EXPRESS,,,281,SF,,2026-08-10 06:20:42
105976,4828,816,142,PENDING_PAYMENT,10.0,EXPRESS,,,1623,SF,,2026-08-09 20:07:42
105977,596,890,684,PENDING_PAYMENT,15.0,MEETUP,14,12:00-13:00,,,,2026-08-09 11:29:42
105978,4640,728,434,PENDING_PAYMENT,1.0,EXPRESS,,,1446,SF,,2026-08-12 17:15:42
105979,1644,330,450,PENDING_PAYMENT,120.0,EXPRESS,,,678,SF,,2026-08-09 09:10:42
105980,1098,632,942,PENDING_PAYMENT,60.0,MEETUP,5,17:00-18:00,,,,2026-08-16 09:43:42
105981,707,84,937,PENDING_PAYMENT,50.0,MEETUP,2,12:00-13:00,,,,2026-08-14 16:05:42
105982,2914,373,67,PENDING_PAYMENT,1.0,MEETUP,2,12:00-13:00,,,,2026-08-08 22:06:42
105983,4674,886,186,PENDING_PAYMENT,15.0,MEETUP,5,18:00-19:00,,,,2026-08-10 05:14:42
105984,2222,79,761,PENDING_PAYMENT,8.0,EXPRESS,,,167,SF,,2026-08-13 23:38:42
105985,4510,808,670,PENDING_PAYMENT,50.0,MEETUP,13,18:00-19:00,,,,2026-08-16 06:22:42
105986,2687,560,893,PENDING_PAYMENT,5.0,MEETUP,29,19:00-20:00,,,,2026-08-07 01:07:42
105987,2191,243,434,PENDING_PAYMENT,30.0,EXPRESS,,,504,SF,,2026-08-07 03:17:42
105988,2906,529,621,PENDING_PAYMENT,200.0,MEETUP,22,17:00-18:00,,,,2026-08-14 09:25:42
105989,565,95,928,PENDING_PAYMENT,50.0,EXPRESS,,,198,SF,,2026-08-13 22:03:42
105990,3662,486,924,PENDING_PAYMENT,20.0,MEETUP,27,12:00-13:00,,,,2026-08-07 21:52:42
105991,3752,664,286,PENDING_PAYMENT,10.0,EXPRESS,,,1325,SF,,2026-08-11 07:43:42
105992,4476,81,742,PENDING_PAYMENT,12.0,MEETUP,13,19:00-20:00,,,,2026-08-10 16:44:42
105993,4539,810,127,PENDING_PAYMENT,8.0,MEETUP,28,19:00-20:00,,,,2026-08-12 15:41:42
105994,1507,892,853,PENDING_PAYMENT,1.0,MEETUP,19,19:00-20:00,,,,2026-08-12 22:06:42
105995,2622,557,89,PENDING_PAYMENT,20.0,EXPRESS,,,1123,SF,,2026-08-14 16:46:42
105996,2694,630,492,PENDING_PAYMENT,12.0,MEETUP,14,12:00-13:00,,,,2026-08-13 00:17:42
105997,4494,834,105,PENDING_PAYMENT,3.0,MEETUP,12,17:00-18:00,,,,2026-08-15 08:47:42
105998,3048,741,81,PENDING_PAYMENT,150.0,EXPRESS,,,1475,SF,,2026-08-14 23:44:42
105999,1233,908,210,PENDING_PAYMENT,150.0,MEETUP,11,17:00-18:00,,,,2026-08-11 22:28:42
106000,696,629,386,PENDING_PAYMENT,10.0,MEETUP,20,19:00-20:00,,,,2026-08-08 03:58:42
106001,2696,572,404,PENDING_PAYMENT,100.0,MEETUP,30,19:00-20:00,,,,2026-08-13 08:12:42
106002,3375,184,486,PENDING_PAYMENT,150.0,MEETUP,6,19:00-20:00,,,,2026-08-15 17:55:42
106003,1489,481,245,PENDING_PAYMENT,10.0,MEETUP,7,12:00-13:00,,,,2026-08-12 09:08:42
106004,1292,353,301,PENDING_PAYMENT,3.0,MEETUP,2,12:00-13:00,,,,2026-08-15 17:03:42
106005,4927,774,835,PENDING_PAYMENT,25.0,MEETUP,25,12:00-13:00,,,,2026-08-11 12:15:42
106006,3602,50,760,PENDING_PAYMENT,20.0,EXPRESS,,,110,SF,,2026-08-15 03:47:42
106007,4938,184,400,PENDING_PAYMENT,12.0,MEETUP,5,17:00-18:00,,,,2026-08-07 02:40:42
106008,4003,303,304,PENDING_PAYMENT,100.0,EXPRESS,,,626,SF,,2026-08-14 13:54:42
106009,3780,55,708,PENDING_PAYMENT,2.0,EXPRESS,,,120,SF,,2026-08-14 23:24:42
106010,530,490,634,PENDING_PAYMENT,60.0,EXPRESS,,,997,SF,,2026-08-10 13:23:42
106011,1768,450,772,PENDING_PAYMENT,150.0,EXPRESS,,,916,SF,,2026-08-11 06:30:42
106012,1806,719,738,PENDING_PAYMENT,20.0,EXPRESS,,,1432,SF,,2026-08-12 19:01:42
106013,3695,205,361,PENDING_PAYMENT,12.0,MEETUP,28,18:00-19:00,,,,2026-08-12 04:46:42
106014,2282,32,702,PENDING_PAYMENT,10.0,MEETUP,17,12:00-13:00,,,,2026-08-10 23:10:42
106015,816,9,597,PENDING_PAYMENT,25.0,EXPRESS,,,22,SF,,2026-08-08 02:31:42
106016,928,338,335,PENDING_PAYMENT,30.0,EXPRESS,,,691,SF,,2026-08-13 07:56:42
106017,620,767,505,PENDING_PAYMENT,80.0,MEETUP,11,17:00-18:00,,,,2026-08-16 04:30:42
106018,3395,499,767,PENDING_PAYMENT,30.0,EXPRESS,,,1012,SF,,2026-08-14 03:34:42
106019,4573,807,796,PENDING_PAYMENT,50.0,EXPRESS,,,1606,SF,,2026-08-09 22:47:42
106020,1615,312,105,PENDING_PAYMENT,12.0,EXPRESS,,,642,SF,,2026-08-14 14:26:42
106021,4461,483,809,PENDING_PAYMENT,200.0,EXPRESS,,,979,SF,,2026-08-07 20:25:42
106022,58,360,234,PENDING_PAYMENT,60.0,EXPRESS,,,733,SF,,2026-08-08 15:52:42
106023,4747,77,375,PENDING_PAYMENT,100.0,MEETUP,10,17:00-18:00,,,,2026-08-12 14:18:42
106024,3430,430,319,PENDING_PAYMENT,20.0,EXPRESS,,,879,SF,,2026-08-15 14:48:42
106025,4123,656,840,PENDING_PAYMENT,10.0,EXPRESS,,,1308,SF,,2026-08-08 14:50:42
106026,3309,271,866,PENDING_PAYMENT,30.0,MEETUP,2,12:00-13:00,,,,2026-08-15 23:55:42
106027,4818,552,807,PENDING_PAYMENT,15.0,EXPRESS,,,1113,SF,,2026-08-07 04:45:42
106028,4404,820,578,PENDING_PAYMENT,25.0,MEETUP,20,18:00-19:00,,,,2026-08-09 02:12:42
106029,930,797,73,PENDING_PAYMENT,100.0,MEETUP,4,12:00-13:00,,,,2026-08-13 07:40:42
106030,510,269,779,PENDING_PAYMENT,150.0,EXPRESS,,,559,SF,,2026-08-10 00:24:42
106031,1556,615,70,PENDING_PAYMENT,60.0,EXPRESS,,,1226,SF,,2026-08-10 09:24:42
106032,74,638,912,PENDING_PAYMENT,150.0,EXPRESS,,,1268,SF,,2026-08-13 20:10:42
106033,1154,251,193,PENDING_PAYMENT,20.0,EXPRESS,,,520,SF,,2026-08-14 00:48:42
106034,1590,644,814,PENDING_PAYMENT,1.0,MEETUP,21,12:00-13:00,,,,2026-08-14 12:18:42
106035,1316,726,406,PENDING_PAYMENT,30.0,MEETUP,10,19:00-20:00,,,,2026-08-09 10:57:42
106036,1757,977,815,PENDING_PAYMENT,1.0,MEETUP,2,19:00-20:00,,,,2026-08-16 18:03:42
106037,4770,813,895,PENDING_PAYMENT,3.0,EXPRESS,,,1616,SF,,2026-08-15 07:18:42
106038,2223,775,295,PENDING_PAYMENT,15.0,MEETUP,11,19:00-20:00,,,,2026-08-07 15:14:42
106039,2637,388,99,PENDING_PAYMENT,80.0,MEETUP,19,17:00-18:00,,,,2026-08-07 22:29:42
106040,2798,110,426,PENDING_PAYMENT,1.0,EXPRESS,,,225,SF,,2026-08-12 01:15:42
106041,3308,592,766,PENDING_PAYMENT,200.0,MEETUP,6,12:00-13:00,,,,2026-08-10 08:11:42
106042,4413,183,978,PENDING_PAYMENT,8.0,MEETUP,4,12:00-13:00,,,,2026-08-13 07:16:42
106043,1003,645,399,PENDING_PAYMENT,20.0,EXPRESS,,,1282,SF,,2026-08-13 06:02:42
106044,2835,502,538,PENDING_PAYMENT,20.0,MEETUP,30,18:00-19:00,,,,2026-08-07 09:11:42
106045,4493,175,11,PENDING_PAYMENT,20.0,MEETUP,20,18:00-19:00,,,,2026-08-09 01:43:42
106046,2804,10,376,PENDING_PAYMENT,150.0,MEETUP,14,17:00-18:00,,,,2026-08-06 21:01:42
106047,1979,208,670,PENDING_PAYMENT,12.0,EXPRESS,,,434,SF,,2026-08-11 00:53:42
106048,3767,185,195,PENDING_PAYMENT,50.0,EXPRESS,,,388,SF,,2026-08-09 16:29:42
106049,1119,687,417,PENDING_PAYMENT,50.0,EXPRESS,,,1369,SF,,2026-08-14 06:00:42
106050,3552,766,866,PENDING_PAYMENT,60.0,EXPRESS,,,1534,SF,,2026-08-08 15:31:42
106051,3022,472,694,PENDING_PAYMENT,2.0,EXPRESS,,,959,SF,,2026-08-08 18:46:42
106052,4120,657,783,PENDING_PAYMENT,50.0,MEETUP,27,18:00-19:00,,,,2026-08-15 19:02:42
106053,1123,704,934,PENDING_PAYMENT,5.0,MEETUP,2,12:00-13:00,,,,2026-08-06 21:44:42
106054,1561,743,13,PENDING_PAYMENT,200.0,EXPRESS,,,1477,SF,,2026-08-14 05:30:42
106055,4689,691,593,PENDING_PAYMENT,25.0,MEETUP,28,12:00-13:00,,,,2026-08-11 03:45:42
106056,3199,349,906,PENDING_PAYMENT,8.0,MEETUP,22,12:00-13:00,,,,2026-08-13 05:33:42
106057,1312,270,754,PENDING_PAYMENT,60.0,MEETUP,19,18:00-19:00,,,,2026-08-13 08:28:42
106058,4440,671,645,PENDING_PAYMENT,120.0,EXPRESS,,,1340,SF,,2026-08-16 06:07:42
106059,2817,724,926,PENDING_PAYMENT,25.0,EXPRESS,,,1440,SF,,2026-08-11 02:39:42
106060,1887,350,1,PENDING_PAYMENT,30.0,MEETUP,10,12:00-13:00,,,,2026-08-08 02:15:42
106061,1175,302,453,PENDING_PAYMENT,25.0,MEETUP,30,19:00-20:00,,,,2026-08-09 07:11:42
106062,4548,36,79,PENDING_PAYMENT,120.0,MEETUP,28,19:00-20:00,,,,2026-08-10 13:45:42
106063,3999,508,490,PENDING_PAYMENT,3.0,MEETUP,23,17:00-18:00,,,,2026-08-15 18:45:42
106064,400,664,390,PENDING_PAYMENT,200.0,EXPRESS,,,1325,SF,,2026-08-12 20:47:42
106065,736,57,424,PENDING_PAYMENT,1.0,EXPRESS,,,123,SF,,2026-08-06 20:53:42
106066,974,798,195,PENDING_PAYMENT,8.0,EXPRESS,,,1590,SF,,2026-08-10 10:32:42
106067,2230,298,556,PENDING_PAYMENT,2.0,MEETUP,4,17:00-18:00,,,,2026-08-11 16:27:42
106068,1760,802,957,PENDING_PAYMENT,60.0,EXPRESS,,,1598,SF,,2026-08-09 07:54:42
106069,1533,820,690,PENDING_PAYMENT,25.0,MEETUP,16,17:00-18:00,,,,2026-08-15 15:31:42
106070,4707,350,214,PENDING_PAYMENT,120.0,MEETUP,8,18:00-19:00,,,,2026-08-06 19:10:42
106071,1591,577,75,PENDING_PAYMENT,1.0,MEETUP,21,17:00-18:00,,,,2026-08-16 00:52:42
106072,1847,166,872,PENDING_PAYMENT,8.0,EXPRESS,,,343,SF,,2026-08-16 04:45:42
106073,882,137,454,PENDING_PAYMENT,2.0,MEETUP,17,19:00-20:00,,,,2026-08-07 19:10:42
106074,2636,299,502,PENDING_PAYMENT,8.0,MEETUP,16,12:00-13:00,,,,2026-08-14 18:18:42
106075,2455,333,151,PENDING_PAYMENT,2.0,EXPRESS,,,684,SF,,2026-08-11 20:28:42
106076,1614,897,700,PENDING_PAYMENT,150.0,MEETUP,25,18:00-19:00,,,,2026-08-12 19:41:42
106077,927,689,790,PENDING_PAYMENT,150.0,EXPRESS,,,1375,SF,,2026-08-14 18:26:42
106078,3609,535,645,PENDING_PAYMENT,150.0,EXPRESS,,,1086,SF,,2026-08-09 08:40:42
106079,1098,761,942,PENDING_PAYMENT,60.0,MEETUP,13,12:00-13:00,,,,2026-08-13 09:02:42
106080,985,933,816,PENDING_PAYMENT,5.0,MEETUP,23,19:00-20:00,,,,2026-08-15 12:41:42
106081,4640,465,434,PENDING_PAYMENT,1.0,EXPRESS,,,946,SF,,2026-08-16 13:48:42
106082,2376,369,184,PENDING_PAYMENT,60.0,MEETUP,4,12:00-13:00,,,,2026-08-11 00:25:42
106083,2436,629,541,PENDING_PAYMENT,200.0,EXPRESS,,,1252,SF,,2026-08-10 09:43:42
106084,863,219,880,PENDING_PAYMENT,20.0,MEETUP,26,19:00-20:00,,,,2026-08-15 09:32:42
106085,2761,57,456,PENDING_PAYMENT,20.0,MEETUP,11,18:00-19:00,,,,2026-08-16 01:56:42
106086,1897,309,42,PENDING_PAYMENT,5.0,EXPRESS,,,637,SF,,2026-08-14 00:49:42
106087,2630,870,912,PENDING_PAYMENT,20.0,EXPRESS,,,1729,SF,,2026-08-07 08:44:42
106088,3532,215,822,PENDING_PAYMENT,120.0,EXPRESS,,,450,SF,,2026-08-09 10:44:42
106089,1136,331,636,PENDING_PAYMENT,2.0,EXPRESS,,,679,SF,,2026-08-07 05:40:42
106090,2797,27,767,PENDING_PAYMENT,200.0,MEETUP,19,17:00-18:00,,,,2026-08-11 08:25:42
106091,17,646,523,PENDING_PAYMENT,150.0,EXPRESS,,,1286,SF,,2026-08-09 04:58:42
106092,2678,976,87,PENDING_PAYMENT,80.0,MEETUP,17,19:00-20:00,,,,2026-08-08 12:12:42
106093,4470,899,452,PENDING_PAYMENT,2.0,EXPRESS,,,1790,SF,,2026-08-14 10:25:42
106094,3459,93,884,PENDING_PAYMENT,25.0,MEETUP,10,17:00-18:00,,,,2026-08-12 11:23:42
106095,1799,244,719,PENDING_PAYMENT,120.0,EXPRESS,,,505,SF,,2026-08-10 02:19:42
106096,3932,692,464,PENDING_PAYMENT,5.0,EXPRESS,,,1379,SF,,2026-08-12 05:02:42
106097,4589,686,30,PENDING_PAYMENT,150.0,EXPRESS,,,1367,SF,,2026-08-09 10:17:42
106098,63,630,224,PENDING_PAYMENT,60.0,EXPRESS,,,1254,SF,,2026-08-13 23:06:42
106099,4451,7,873,PENDING_PAYMENT,15.0,EXPRESS,,,17,SF,,2026-08-08 23:28:42
106100,2968,210,141,PENDING_PAYMENT,3.0,MEETUP,3,19:00-20:00,,,,2026-08-16 00:48:42
106101,887,506,584,PENDING_PAYMENT,120.0,EXPRESS,,,1029,SF,,2026-08-08 05:08:42
106102,2366,618,22,PENDING_PAYMENT,15.0,EXPRESS,,,1232,SF,,2026-08-09 19:35:42
106103,4277,679,287,PENDING_PAYMENT,100.0,EXPRESS,,,1358,SF,,2026-08-14 21:36:42
106104,4054,382,492,PENDING_PAYMENT,10.0,EXPRESS,,,774,SF,,2026-08-15 19:39:42
106105,237,590,651,PENDING_PAYMENT,15.0,MEETUP,13,18:00-19:00,,,,2026-08-13 06:16:42
106106,299,132,302,PENDING_PAYMENT,30.0,EXPRESS,,,270,SF,,2026-08-11 13:33:42
106107,513,422,138,PENDING_PAYMENT,3.0,MEETUP,5,18:00-19:00,,,,2026-08-12 18:50:42
106108,3699,622,940,PENDING_PAYMENT,12.0,EXPRESS,,,1238,SF,,2026-08-07 02:03:42
106109,4964,576,416,PENDING_PAYMENT,20.0,MEETUP,9,17:00-18:00,,,,2026-08-09 17:45:42
106110,2353,887,94,PENDING_PAYMENT,100.0,MEETUP,2,18:00-19:00,,,,2026-08-14 01:57:42
106111,1945,374,783,PENDING_PAYMENT,20.0,EXPRESS,,,760,SF,,2026-08-13 17:52:42
106112,1885,983,16,PENDING_PAYMENT,20.0,EXPRESS,,,1965,SF,,2026-08-15 03:44:42
106113,3923,904,900,PENDING_PAYMENT,5.0,MEETUP,9,19:00-20:00,,,,2026-08-09 01:54:42
106114,3207,13,248,PENDING_PAYMENT,1.0,MEETUP,23,12:00-13:00,,,,2026-08-15 07:20:42
106115,896,797,135,PENDING_PAYMENT,5.0,MEETUP,21,19:00-20:00,,,,2026-08-16 09:27:42
106116,4732,722,602,PENDING_PAYMENT,150.0,MEETUP,5,12:00-13:00,,,,2026-08-16 14:09:42
106117,2301,160,338,PENDING_PAYMENT,5.0,EXPRESS,,,334,SF,,2026-08-13 06:40:42
106118,1479,408,688,PENDING_PAYMENT,12.0,MEETUP,30,18:00-19:00,,,,2026-08-09 05:08:42
106119,86,391,381,PENDING_PAYMENT,200.0,MEETUP,16,12:00-13:00,,,,2026-08-14 15:20:42
106120,1808,869,896,PENDING_PAYMENT,30.0,EXPRESS,,,1727,SF,,2026-08-08 10:48:42
106121,1426,451,664,PENDING_PAYMENT,120.0,MEETUP,4,12:00-13:00,,,,2026-08-09 19:43:42
106122,4600,968,616,PENDING_PAYMENT,60.0,MEETUP,25,18:00-19:00,,,,2026-08-15 02:06:42
106123,57,726,668,PENDING_PAYMENT,25.0,EXPRESS,,,1444,SF,,2026-08-13 03:25:42
106124,339,683,17,PENDING_PAYMENT,20.0,MEETUP,16,12:00-13:00,,,,2026-08-15 22:44:42
106125,964,794,735,PENDING_PAYMENT,100.0,MEETUP,1,18:00-19:00,,,,2026-08-08 18:18:42
106126,4977,833,632,PENDING_PAYMENT,30.0,MEETUP,13,17:00-18:00,,,,2026-08-10 05:07:42
106127,2567,426,164,PENDING_PAYMENT,3.0,MEETUP,28,18:00-19:00,,,,2026-08-14 01:33:42
106128,103,207,998,PENDING_PAYMENT,30.0,EXPRESS,,,432,SF,,2026-08-10 02:58:42
106129,581,467,496,PENDING_PAYMENT,25.0,EXPRESS,,,950,SF,,2026-08-13 10:25:42
106130,1868,530,683,PENDING_PAYMENT,8.0,MEETUP,12,17:00-18:00,,,,2026-08-15 09:15:42
106131,548,865,245,PENDING_PAYMENT,25.0,MEETUP,26,18:00-19:00,,,,2026-08-09 15:23:42
106132,4431,235,403,PENDING_PAYMENT,3.0,MEETUP,29,17:00-18:00,,,,2026-08-15 17:49:42
106133,644,800,919,PENDING_PAYMENT,80.0,MEETUP,15,18:00-19:00,,,,2026-08-09 17:13:42
106134,2576,297,648,PENDING_PAYMENT,200.0,MEETUP,22,18:00-19:00,,,,2026-08-10 04:53:42
106135,3113,754,958,PENDING_PAYMENT,50.0,MEETUP,3,18:00-19:00,,,,2026-08-12 10:30:42
106136,2403,879,959,PENDING_PAYMENT,5.0,EXPRESS,,,1748,SF,,2026-08-09 06:49:42
106137,4466,325,129,PENDING_PAYMENT,100.0,EXPRESS,,,668,SF,,2026-08-12 11:23:42
106138,3571,420,465,PENDING_PAYMENT,10.0,MEETUP,12,12:00-13:00,,,,2026-08-14 02:38:42
106139,2645,90,436,PENDING_PAYMENT,2.0,MEETUP,17,18:00-19:00,,,,2026-08-13 02:51:42
106140,1462,272,877,PENDING_PAYMENT,15.0,MEETUP,18,17:00-18:00,,,,2026-08-15 15:38:42
106141,874,4,504,PENDING_PAYMENT,1.0,MEETUP,20,18:00-19:00,,,,2026-08-09 02:45:42
106142,4756,872,489,PENDING_PAYMENT,15.0,EXPRESS,,,1734,SF,,2026-08-06 23:25:42
106143,3324,326,922,PENDING_PAYMENT,20.0,MEETUP,28,12:00-13:00,,,,2026-08-12 02:45:42
106144,3724,711,90,PENDING_PAYMENT,50.0,MEETUP,3,18:00-19:00,,,,2026-08-11 17:07:42
106145,1556,605,70,PENDING_PAYMENT,60.0,EXPRESS,,,1210,SF,,2026-08-07 20:54:42
106146,1013,72,931,PENDING_PAYMENT,2.0,EXPRESS,,,151,SF,,2026-08-15 00:57:42
106147,3720,261,198,PENDING_PAYMENT,30.0,MEETUP,28,19:00-20:00,,,,2026-08-12 00:46:42
106148,1383,41,640,PENDING_PAYMENT,60.0,EXPRESS,,,88,SF,,2026-08-10 21:15:42
106149,3032,403,35,PENDING_PAYMENT,20.0,MEETUP,2,17:00-18:00,,,,2026-08-14 00:39:42
106150,4722,290,921,PENDING_PAYMENT,12.0,EXPRESS,,,609,SF,,2026-08-12 22:51:42
106151,4912,960,653,PENDING_PAYMENT,1.0,EXPRESS,,,1925,SF,,2026-08-08 22:11:42
106152,345,724,3,PENDING_PAYMENT,50.0,EXPRESS,,,1440,SF,,2026-08-09 11:04:42
106153,150,683,72,PENDING_PAYMENT,3.0,MEETUP,3,18:00-19:00,,,,2026-08-09 19:54:42
106154,856,210,457,PENDING_PAYMENT,30.0,EXPRESS,,,441,SF,,2026-08-10 08:16:42
106155,4176,286,580,PENDING_PAYMENT,120.0,EXPRESS,,,598,SF,,2026-08-10 13:51:42
106156,357,670,982,PENDING_PAYMENT,60.0,EXPRESS,,,1337,SF,,2026-08-16 05:21:42
106157,986,877,233,PENDING_PAYMENT,12.0,MEETUP,30,19:00-20:00,,,,2026-08-07 05:49:42
106158,1596,564,450,PENDING_PAYMENT,1.0,EXPRESS,,,1136,SF,,2026-08-12 11:35:42
106159,3925,875,469,PENDING_PAYMENT,3.0,MEETUP,23,12:00-13:00,,,,2026-08-15 20:47:42
106160,1873,320,224,PENDING_PAYMENT,2.0,EXPRESS,,,658,SF,,2026-08-16 10:25:42
106161,1112,681,78,PENDING_PAYMENT,50.0,MEETUP,26,17:00-18:00,,,,2026-08-13 02:21:42
106162,793,665,777,PENDING_PAYMENT,1.0,MEETUP,19,17:00-18:00,,,,2026-08-09 14:19:42
106163,4913,558,969,PENDING_PAYMENT,15.0,MEETUP,18,19:00-20:00,,,,2026-08-10 11:45:42
106164,1221,927,572,PENDING_PAYMENT,80.0,MEETUP,28,12:00-13:00,,,,2026-08-07 19:50:42
106165,2283,964,647,PENDING_PAYMENT,80.0,EXPRESS,,,1931,SF,,2026-08-07 11:59:42
106166,181,423,159,PENDING_PAYMENT,120.0,EXPRESS,,,866,SF,,2026-08-14 03:07:42
106167,1061,682,14,PENDING_PAYMENT,8.0,MEETUP,9,18:00-19:00,,,,2026-08-10 11:37:42
106168,3259,180,619,PENDING_PAYMENT,25.0,EXPRESS,,,377,SF,,2026-08-15 10:06:42
106169,1284,360,912,PENDING_PAYMENT,120.0,EXPRESS,,,734,SF,,2026-08-13 11:52:42
106170,4052,130,645,PENDING_PAYMENT,10.0,EXPRESS,,,268,SF,,2026-08-13 16:47:42
106171,2803,444,782,PENDING_PAYMENT,8.0,EXPRESS,,,904,SF,,2026-08-14 20:37:42
106172,3203,915,698,PENDING_PAYMENT,80.0,EXPRESS,,,1826,SF,,2026-08-15 10:45:42
106173,3216,829,610,PENDING_PAYMENT,1.0,EXPRESS,,,1649,SF,,2026-08-16 08:41:42
106174,1543,762,957,PENDING_PAYMENT,5.0,MEETUP,24,12:00-13:00,,,,2026-08-13 11:09:42
106175,38,17,203,PENDING_PAYMENT,25.0,MEETUP,19,19:00-20:00,,,,2026-08-15 08:24:42
106176,2545,297,383,PENDING_PAYMENT,5.0,MEETUP,24,18:00-19:00,,,,2026-08-14 01:22:42
106177,776,927,649,PENDING_PAYMENT,20.0,MEETUP,17,18:00-19:00,,,,2026-08-09 20:12:42
106178,1476,600,28,PENDING_PAYMENT,100.0,MEETUP,1,12:00-13:00,,,,2026-08-16 03:47:42
106179,1463,676,195,PENDING_PAYMENT,200.0,EXPRESS,,,1350,SF,,2026-08-15 05:37:42
106180,4350,529,398,PENDING_PAYMENT,8.0,EXPRESS,,,1077,SF,,2026-08-12 22:24:42
106181,1862,790,13,PENDING_PAYMENT,8.0,MEETUP,1,17:00-18:00,,,,2026-08-11 12:34:42
106182,1894,630,165,PENDING_PAYMENT,1.0,EXPRESS,,,1254,SF,,2026-08-12 18:44:42
106183,3827,916,576,PENDING_PAYMENT,60.0,EXPRESS,,,1828,SF,,2026-08-10 17:24:42
106184,2262,76,926,PENDING_PAYMENT,5.0,EXPRESS,,,159,SF,,2026-08-15 11:04:42
106185,2349,996,722,PENDING_PAYMENT,5.0,EXPRESS,,,1987,SF,,2026-08-08 10:50:42
106186,4543,830,443,PENDING_PAYMENT,3.0,EXPRESS,,,1650,SF,,2026-08-13 02:19:42
106187,1876,829,718,PENDING_PAYMENT,3.0,MEETUP,22,19:00-20:00,,,,2026-08-10 22:52:42
106188,107,866,556,PENDING_PAYMENT,200.0,EXPRESS,,,1720,SF,,2026-08-15 10:20:42
106189,4368,23,41,PENDING_PAYMENT,5.0,MEETUP,19,17:00-18:00,,,,2026-08-07 10:43:42
106190,2371,609,421,PENDING_PAYMENT,60.0,MEETUP,17,19:00-20:00,,,,2026-08-15 11:07:42
106191,2066,307,588,PENDING_PAYMENT,1.0,MEETUP,19,12:00-13:00,,,,2026-08-10 21:06:42
106192,4876,218,405,PENDING_PAYMENT,150.0,EXPRESS,,,454,SF,,2026-08-11 11:33:42
106193,2146,961,549,PENDING_PAYMENT,3.0,EXPRESS,,,1927,SF,,2026-08-11 03:33:42
106194,1496,721,800,PENDING_PAYMENT,15.0,EXPRESS,,,1436,SF,,2026-08-14 22:15:42
106195,1598,939,356,PENDING_PAYMENT,120.0,MEETUP,25,19:00-20:00,,,,2026-08-07 06:55:42
106196,1178,12,940,PENDING_PAYMENT,5.0,EXPRESS,,,26,SF,,2026-08-11 08:14:42
106197,4295,255,725,PENDING_PAYMENT,50.0,MEETUP,4,12:00-13:00,,,,2026-08-10 09:04:42
106198,3583,231,557,PENDING_PAYMENT,12.0,MEETUP,6,12:00-13:00,,,,2026-08-14 01:40:42
106199,1826,916,835,PENDING_PAYMENT,2.0,MEETUP,1,12:00-13:00,,,,2026-08-10 00:46:42
106200,4804,322,225,PENDING_PAYMENT,12.0,MEETUP,5,18:00-19:00,,,,2026-08-07 18:18:42
106201,1458,649,236,PENDING_PAYMENT,100.0,MEETUP,17,12:00-13:00,,,,2026-08-15 21:54:42
106202,4776,69,844,PENDING_PAYMENT,1.0,MEETUP,25,17:00-18:00,,,,2026-08-11 12:51:42
106203,848,153,308,PENDING_PAYMENT,20.0,MEETUP,23,18:00-19:00,,,,2026-08-08 20:45:42
106204,3807,744,416,PENDING_PAYMENT,100.0,MEETUP,1,17:00-18:00,,,,2026-08-15 02:33:42
106205,601,197,958,PENDING_PAYMENT,2.0,MEETUP,12,12:00-13:00,,,,2026-08-11 11:01:42
106206,255,226,962,PENDING_PAYMENT,15.0,EXPRESS,,,473,SF,,2026-08-11 02:35:42
106207,2986,371,684,PENDING_PAYMENT,3.0,MEETUP,25,17:00-18:00,,,,2026-08-12 11:09:42
106208,3567,35,631,PENDING_PAYMENT,80.0,EXPRESS,,,73,SF,,2026-08-15 17:40:42
106209,3623,844,765,PENDING_PAYMENT,200.0,EXPRESS,,,1676,SF,,2026-08-08 05:06:42
106210,404,820,834,PENDING_PAYMENT,2.0,MEETUP,10,18:00-19:00,,,,2026-08-15 14:31:42
106211,3460,275,165,PENDING_PAYMENT,150.0,EXPRESS,,,572,SF,,2026-08-11 21:41:42
106212,3954,743,557,PENDING_PAYMENT,120.0,EXPRESS,,,1477,SF,,2026-08-16 00:06:42
106213,1220,373,663,PENDING_PAYMENT,30.0,EXPRESS,,,759,SF,,2026-08-11 13:21:42
106214,3632,856,493,PENDING_PAYMENT,8.0,MEETUP,9,12:00-13:00,,,,2026-08-13 09:05:42
106215,770,383,480,PENDING_PAYMENT,60.0,EXPRESS,,,775,SF,,2026-08-07 14:18:42
106216,657,180,46,PENDING_PAYMENT,150.0,EXPRESS,,,378,SF,,2026-08-12 03:11:42
106217,901,397,998,PENDING_PAYMENT,3.0,EXPRESS,,,805,SF,,2026-08-15 17:53:42
106218,3698,630,137,PENDING_PAYMENT,8.0,EXPRESS,,,1253,SF,,2026-08-07 13:06:42
106219,850,551,154,PENDING_PAYMENT,5.0,MEETUP,9,17:00-18:00,,,,2026-08-07 00:28:42
106220,4775,161,257,PENDING_PAYMENT,10.0,EXPRESS,,,335,SF,,2026-08-09 05:18:42
106221,1615,264,105,PENDING_PAYMENT,12.0,MEETUP,4,19:00-20:00,,,,2026-08-11 14:41:42
106222,262,206,610,PENDING_PAYMENT,25.0,EXPRESS,,,431,SF,,2026-08-09 20:55:42
106223,1523,931,557,PENDING_PAYMENT,15.0,EXPRESS,,,1861,SF,,2026-08-07 06:29:42
106224,1954,677,262,PENDING_PAYMENT,15.0,EXPRESS,,,1354,SF,,2026-08-13 09:06:42
106225,3432,147,754,PENDING_PAYMENT,100.0,MEETUP,6,12:00-13:00,,,,2026-08-10 02:05:42
106226,1388,296,612,PENDING_PAYMENT,20.0,MEETUP,19,19:00-20:00,,,,2026-08-11 11:42:42
106227,1122,572,63,PENDING_PAYMENT,30.0,EXPRESS,,,1151,SF,,2026-08-07 11:17:42
106228,2108,147,347,PENDING_PAYMENT,120.0,MEETUP,12,12:00-13:00,,,,2026-08-13 11:43:42
106229,3458,334,68,PENDING_PAYMENT,80.0,EXPRESS,,,685,SF,,2026-08-15 01:00:42
106230,1019,394,796,PENDING_PAYMENT,80.0,MEETUP,7,12:00-13:00,,,,2026-08-07 13:27:42
106231,335,511,600,PENDING_PAYMENT,3.0,EXPRESS,,,1043,SF,,2026-08-07 16:53:42
106232,85,574,46,PENDING_PAYMENT,120.0,EXPRESS,,,1153,SF,,2026-08-07 13:39:42
106233,1094,593,625,PENDING_PAYMENT,30.0,MEETUP,29,19:00-20:00,,,,2026-08-12 19:04:42
106234,4682,850,237,PENDING_PAYMENT,8.0,EXPRESS,,,1688,SF,,2026-08-09 11:17:42
106235,1454,806,347,PENDING_PAYMENT,30.0,MEETUP,21,17:00-18:00,,,,2026-08-11 15:48:42
106236,1373,425,414,PENDING_PAYMENT,60.0,MEETUP,8,12:00-13:00,,,,2026-08-08 20:37:42
106237,1876,46,718,PENDING_PAYMENT,3.0,MEETUP,16,12:00-13:00,,,,2026-08-06 23:00:42
106238,572,859,604,PENDING_PAYMENT,10.0,MEETUP,14,18:00-19:00,,,,2026-08-14 19:11:42
106239,3849,748,959,PENDING_PAYMENT,8.0,EXPRESS,,,1491,SF,,2026-08-08 17:16:42
106240,4985,482,609,PENDING_PAYMENT,10.0,EXPRESS,,,976,SF,,2026-08-10 09:08:42
106241,5000,180,258,PENDING_PAYMENT,12.0,EXPRESS,,,376,SF,,2026-08-16 07:56:42
106242,2820,599,192,PENDING_PAYMENT,200.0,MEETUP,4,18:00-19:00,,,,2026-08-14 05:52:42
106243,1199,107,907,PENDING_PAYMENT,1.0,MEETUP,24,17:00-18:00,,,,2026-08-07 00:32:42
106244,3811,883,179,PENDING_PAYMENT,10.0,EXPRESS,,,1754,SF,,2026-08-15 21:51:42
106245,3455,464,837,PENDING_PAYMENT,15.0,MEETUP,27,19:00-20:00,,,,2026-08-12 23:34:42
106246,3284,649,472,PENDING_PAYMENT,2.0,MEETUP,8,12:00-13:00,,,,2026-08-14 03:07:42
106247,4063,556,708,PENDING_PAYMENT,120.0,EXPRESS,,,1120,SF,,2026-08-15 06:06:42
106248,4584,972,919,PENDING_PAYMENT,50.0,EXPRESS,,,1946,SF,,2026-08-09 09:21:42
106249,2918,390,149,PENDING_PAYMENT,1.0,MEETUP,8,19:00-20:00,,,,2026-08-10 13:29:42
106250,1444,576,709,PENDING_PAYMENT,10.0,EXPRESS,,,1156,SF,,2026-08-12 09:21:42
106251,3824,402,680,PENDING_PAYMENT,1.0,MEETUP,3,17:00-18:00,,,,2026-08-15 16:12:42
106252,1233,103,210,PENDING_PAYMENT,150.0,EXPRESS,,,213,SF,,2026-08-06 20:55:42
106253,816,137,597,PENDING_PAYMENT,25.0,EXPRESS,,,281,SF,,2026-08-16 14:35:42
106254,1787,162,611,PENDING_PAYMENT,60.0,EXPRESS,,,338,SF,,2026-08-16 07:18:42
106255,4831,880,522,PENDING_PAYMENT,1.0,MEETUP,9,19:00-20:00,,,,2026-08-16 00:07:42
106256,1224,761,181,PENDING_PAYMENT,50.0,EXPRESS,,,1525,SF,,2026-08-16 06:38:42
106257,4435,840,999,PENDING_PAYMENT,20.0,MEETUP,30,17:00-18:00,,,,2026-08-08 23:31:42
106258,776,983,649,PENDING_PAYMENT,20.0,MEETUP,12,19:00-20:00,,,,2026-08-08 13:29:42
106259,701,710,201,PENDING_PAYMENT,150.0,MEETUP,6,18:00-19:00,,,,2026-08-15 16:50:42
106260,3369,542,458,PENDING_PAYMENT,8.0,EXPRESS,,,1095,SF,,2026-08-07 02:09:42
106261,4960,27,686,PENDING_PAYMENT,10.0,EXPRESS,,,56,SF,,2026-08-15 05:23:42
106262,419,837,42,PENDING_PAYMENT,12.0,EXPRESS,,,1662,SF,,2026-08-11 17:10:42
106263,1376,726,105,PENDING_PAYMENT,80.0,MEETUP,16,19:00-20:00,,,,2026-08-14 01:30:42
106264,3569,256,470,PENDING_PAYMENT,2.0,EXPRESS,,,532,SF,,2026-08-13 17:55:42
106265,2250,505,22,PENDING_PAYMENT,1.0,MEETUP,8,12:00-13:00,,,,2026-08-07 09:11:42
106266,872,390,423,PENDING_PAYMENT,100.0,EXPRESS,,,788,SF,,2026-08-12 12:41:42
106267,2678,563,87,PENDING_PAYMENT,80.0,EXPRESS,,,1134,SF,,2026-08-12 05:27:42
106268,476,818,417,PENDING_PAYMENT,100.0,EXPRESS,,,1627,SF,,2026-08-16 10:40:42
106269,4000,831,794,PENDING_PAYMENT,20.0,MEETUP,30,19:00-20:00,,,,2026-08-14 21:47:42
106270,2685,407,574,PENDING_PAYMENT,60.0,MEETUP,4,12:00-13:00,,,,2026-08-12 03:15:42
106271,2373,831,158,PENDING_PAYMENT,100.0,EXPRESS,,,1651,SF,,2026-08-15 01:58:42
106272,1049,309,760,PENDING_PAYMENT,100.0,EXPRESS,,,637,SF,,2026-08-16 15:26:42
106273,4122,575,930,PENDING_PAYMENT,20.0,MEETUP,8,18:00-19:00,,,,2026-08-12 12:47:42
106274,652,547,540,PENDING_PAYMENT,3.0,MEETUP,27,17:00-18:00,,,,2026-08-10 09:48:42
106275,2845,45,426,PENDING_PAYMENT,60.0,EXPRESS,,,98,SF,,2026-08-11 05:24:42
106276,2956,650,640,PENDING_PAYMENT,80.0,EXPRESS,,,1295,SF,,2026-08-07 16:02:42
106277,1468,48,542,PENDING_PAYMENT,20.0,MEETUP,8,18:00-19:00,,,,2026-08-08 12:37:42
106278,1318,147,954,PENDING_PAYMENT,200.0,MEETUP,30,19:00-20:00,,,,2026-08-07 05:49:42
106279,4861,670,92,PENDING_PAYMENT,25.0,EXPRESS,,,1339,SF,,2026-08-14 08:39:42
106280,3069,959,25,PENDING_PAYMENT,30.0,EXPRESS,,,1921,SF,,2026-08-08 15:43:42
106281,3533,131,662,PENDING_PAYMENT,20.0,MEETUP,15,19:00-20:00,,,,2026-08-09 00:45:42
106282,3664,731,135,PENDING_PAYMENT,80.0,MEETUP,22,18:00-19:00,,,,2026-08-12 15:57:42
106283,1731,904,980,PENDING_PAYMENT,200.0,MEETUP,4,19:00-20:00,,,,2026-08-06 19:37:42
106284,3517,158,581,PENDING_PAYMENT,10.0,MEETUP,26,17:00-18:00,,,,2026-08-09 22:42:42
106285,3354,592,203,PENDING_PAYMENT,150.0,MEETUP,11,12:00-13:00,,,,2026-08-09 11:51:42
106286,2540,279,13,PENDING_PAYMENT,8.0,MEETUP,5,12:00-13:00,,,,2026-08-12 04:36:42
106287,3304,256,957,PENDING_PAYMENT,10.0,EXPRESS,,,531,SF,,2026-08-12 06:04:42
106288,3167,196,568,PENDING_PAYMENT,8.0,MEETUP,3,19:00-20:00,,,,2026-08-16 11:57:42
106289,4113,4,206,PENDING_PAYMENT,50.0,MEETUP,15,17:00-18:00,,,,2026-08-09 22:13:42
106290,2634,102,195,PENDING_PAYMENT,12.0,MEETUP,29,17:00-18:00,,,,2026-08-13 13:26:42
106291,2178,272,852,PENDING_PAYMENT,15.0,EXPRESS,,,566,SF,,2026-08-16 14:57:42
106292,2500,979,190,PENDING_PAYMENT,3.0,MEETUP,25,12:00-13:00,,,,2026-08-08 01:53:42
106293,4645,452,205,PENDING_PAYMENT,150.0,MEETUP,21,12:00-13:00,,,,2026-08-12 11:00:42
106294,4041,255,920,PENDING_PAYMENT,12.0,EXPRESS,,,529,SF,,2026-08-12 18:55:42
106295,827,941,903,PENDING_PAYMENT,12.0,MEETUP,5,19:00-20:00,,,,2026-08-13 11:05:42
106296,397,27,317,PENDING_PAYMENT,5.0,MEETUP,20,17:00-18:00,,,,2026-08-06 18:58:42
106297,4578,912,253,PENDING_PAYMENT,1.0,MEETUP,20,17:00-18:00,,,,2026-08-08 02:11:42
106298,1064,38,89,PENDING_PAYMENT,30.0,MEETUP,12,18:00-19:00,,,,2026-08-16 01:33:42
106299,3235,629,967,PENDING_PAYMENT,2.0,MEETUP,17,19:00-20:00,,,,2026-08-10 23:15:42
106300,2176,388,268,PENDING_PAYMENT,150.0,MEETUP,14,12:00-13:00,,,,2026-08-13 13:46:42
106301,857,446,721,PENDING_PAYMENT,20.0,MEETUP,18,12:00-13:00,,,,2026-08-08 16:31:42
106302,1457,98,94,PENDING_PAYMENT,3.0,EXPRESS,,,205,SF,,2026-08-16 18:45:42
106303,3718,72,578,PENDING_PAYMENT,5.0,MEETUP,10,19:00-20:00,,,,2026-08-13 19:34:42
106304,2002,552,124,PENDING_PAYMENT,80.0,EXPRESS,,,1113,SF,,2026-08-13 05:28:42
106305,2715,872,546,PENDING_PAYMENT,8.0,MEETUP,24,12:00-13:00,,,,2026-08-12 15:55:42
106306,1447,411,868,PENDING_PAYMENT,30.0,MEETUP,8,17:00-18:00,,,,2026-08-15 21:58:42
106307,3736,775,919,PENDING_PAYMENT,1.0,EXPRESS,,,1545,SF,,2026-08-16 17:59:42
106308,4592,477,987,PENDING_PAYMENT,80.0,MEETUP,23,17:00-18:00,,,,2026-08-12 20:19:42
106309,3055,107,315,PENDING_PAYMENT,20.0,EXPRESS,,,220,SF,,2026-08-15 10:01:42
106310,1668,79,572,PENDING_PAYMENT,60.0,MEETUP,26,17:00-18:00,,,,2026-08-14 01:23:42
106311,905,617,568,PENDING_PAYMENT,20.0,MEETUP,25,19:00-20:00,,,,2026-08-11 20:47:42
106312,2872,537,135,PENDING_PAYMENT,10.0,MEETUP,14,17:00-18:00,,,,2026-08-12 10:13:42
106313,4309,402,54,PENDING_PAYMENT,80.0,MEETUP,20,19:00-20:00,,,,2026-08-08 20:49:42
106314,2584,386,500,PENDING_PAYMENT,2.0,EXPRESS,,,780,SF,,2026-08-16 16:59:42
106315,973,536,745,PENDING_PAYMENT,3.0,MEETUP,25,17:00-18:00,,,,2026-08-11 05:25:42
106316,1224,90,181,PENDING_PAYMENT,50.0,EXPRESS,,,189,SF,,2026-08-12 18:19:42
106317,1853,724,350,PENDING_PAYMENT,2.0,MEETUP,28,18:00-19:00,,,,2026-08-14 03:01:42
106318,2600,415,938,PENDING_PAYMENT,80.0,MEETUP,15,12:00-13:00,,,,2026-08-13 00:02:42
106319,3766,933,587,PENDING_PAYMENT,5.0,EXPRESS,,,1866,SF,,2026-08-14 04:27:42
106320,118,959,475,PENDING_PAYMENT,15.0,EXPRESS,,,1921,SF,,2026-08-14 08:30:42
106321,1272,784,733,PENDING_PAYMENT,2.0,EXPRESS,,,1564,SF,,2026-08-09 02:51:42
106322,4869,621,552,PENDING_PAYMENT,120.0,MEETUP,12,19:00-20:00,,,,2026-08-14 07:29:42
106323,1993,503,313,PENDING_PAYMENT,5.0,MEETUP,2,17:00-18:00,,,,2026-08-11 14:57:42
106324,1297,200,331,PENDING_PAYMENT,30.0,MEETUP,24,19:00-20:00,,,,2026-08-14 05:09:42
106325,1661,670,716,PENDING_PAYMENT,20.0,MEETUP,14,18:00-19:00,,,,2026-08-12 21:22:42
106326,2259,497,930,PENDING_PAYMENT,20.0,EXPRESS,,,1009,SF,,2026-08-13 11:14:42
106327,3154,166,104,PENDING_PAYMENT,5.0,MEETUP,10,17:00-18:00,,,,2026-08-10 21:06:42
106328,1227,612,551,PENDING_PAYMENT,60.0,EXPRESS,,,1220,SF,,2026-08-16 06:39:42
106329,3682,748,838,PENDING_PAYMENT,12.0,EXPRESS,,,1490,SF,,2026-08-14 07:12:42
106330,2914,858,67,PENDING_PAYMENT,1.0,EXPRESS,,,1705,SF,,2026-08-08 14:37:42
106331,167,842,544,PENDING_PAYMENT,30.0,EXPRESS,,,1673,SF,,2026-08-10 08:44:42
106332,4150,612,55,PENDING_PAYMENT,100.0,EXPRESS,,,1221,SF,,2026-08-11 16:59:42
106333,2948,783,847,PENDING_PAYMENT,5.0,MEETUP,22,12:00-13:00,,,,2026-08-09 19:57:42
106334,1665,253,444,PENDING_PAYMENT,3.0,EXPRESS,,,524,SF,,2026-08-09 21:56:42
106335,3734,633,545,PENDING_PAYMENT,8.0,MEETUP,1,18:00-19:00,,,,2026-08-14 01:05:42
106336,2672,956,868,PENDING_PAYMENT,2.0,EXPRESS,,,1913,SF,,2026-08-07 01:25:42
106337,1644,736,450,PENDING_PAYMENT,120.0,MEETUP,26,12:00-13:00,,,,2026-08-10 14:07:42
106338,4605,183,921,PENDING_PAYMENT,12.0,MEETUP,1,12:00-13:00,,,,2026-08-13 07:32:42
106339,4543,572,443,PENDING_PAYMENT,3.0,EXPRESS,,,1151,SF,,2026-08-12 13:48:42
106340,1377,239,798,PENDING_PAYMENT,5.0,EXPRESS,,,498,SF,,2026-08-10 06:30:42
106341,476,290,417,PENDING_PAYMENT,100.0,EXPRESS,,,609,SF,,2026-08-11 11:04:42
106342,1244,559,873,PENDING_PAYMENT,15.0,EXPRESS,,,1126,SF,,2026-08-11 04:04:42
106343,4179,827,710,PENDING_PAYMENT,5.0,EXPRESS,,,1644,SF,,2026-08-15 07:11:42
106344,2281,115,107,PENDING_PAYMENT,1.0,EXPRESS,,,237,SF,,2026-08-09 18:14:42
106345,2889,885,928,PENDING_PAYMENT,5.0,EXPRESS,,,1758,SF,,2026-08-13 09:33:42
106346,1869,40,97,PENDING_PAYMENT,50.0,EXPRESS,,,87,SF,,2026-08-10 22:41:42
106347,1960,889,303,PENDING_PAYMENT,10.0,EXPRESS,,,1768,SF,,2026-08-09 20:32:42
106348,3744,794,592,PENDING_PAYMENT,12.0,MEETUP,14,17:00-18:00,,,,2026-08-11 05:45:42
106349,3255,805,899,PENDING_PAYMENT,50.0,EXPRESS,,,1604,SF,,2026-08-07 06:04:42
106350,1209,677,777,PENDING_PAYMENT,60.0,EXPRESS,,,1354,SF,,2026-08-16 02:50:42
106351,35,576,693,PENDING_PAYMENT,12.0,EXPRESS,,,1156,SF,,2026-08-08 02:52:42
106352,79,313,161,PENDING_PAYMENT,2.0,EXPRESS,,,643,SF,,2026-08-12 16:17:42
106353,4903,405,103,PENDING_PAYMENT,150.0,MEETUP,15,19:00-20:00,,,,2026-08-12 10:40:42
106354,1064,621,89,PENDING_PAYMENT,30.0,MEETUP,16,19:00-20:00,,,,2026-08-11 01:47:42
106355,2049,900,91,PENDING_PAYMENT,12.0,EXPRESS,,,1795,SF,,2026-08-07 23:58:42
106356,4173,498,961,PENDING_PAYMENT,50.0,EXPRESS,,,1011,SF,,2026-08-07 01:05:42
106357,2796,263,164,PENDING_PAYMENT,50.0,EXPRESS,,,544,SF,,2026-08-10 04:13:42
106358,4206,814,867,PENDING_PAYMENT,1.0,MEETUP,9,18:00-19:00,,,,2026-08-10 10:02:42
106359,4784,955,469,PENDING_PAYMENT,12.0,EXPRESS,,,1911,SF,,2026-08-06 23:46:42
106360,2149,561,756,PENDING_PAYMENT,60.0,EXPRESS,,,1130,SF,,2026-08-16 05:50:42
106361,2817,679,926,PENDING_PAYMENT,25.0,MEETUP,26,18:00-19:00,,,,2026-08-13 11:30:42
106362,3162,487,530,PENDING_PAYMENT,8.0,MEETUP,22,17:00-18:00,,,,2026-08-07 19:09:42
106363,4343,825,826,PENDING_PAYMENT,8.0,MEETUP,30,12:00-13:00,,,,2026-08-09 00:51:42
106364,158,819,151,PENDING_PAYMENT,15.0,EXPRESS,,,1628,SF,,2026-08-12 15:24:42
106365,4639,289,759,PENDING_PAYMENT,15.0,EXPRESS,,,608,SF,,2026-08-11 13:02:42
106366,1482,360,877,PENDING_PAYMENT,12.0,EXPRESS,,,734,SF,,2026-08-13 23:32:42
106367,1414,972,783,PENDING_PAYMENT,8.0,MEETUP,25,12:00-13:00,,,,2026-08-11 10:58:42
106368,56,354,105,PENDING_PAYMENT,5.0,MEETUP,26,17:00-18:00,,,,2026-08-14 03:55:42
106369,4104,502,524,PENDING_PAYMENT,15.0,MEETUP,11,18:00-19:00,,,,2026-08-10 06:46:42
106370,1354,239,965,PENDING_PAYMENT,2.0,MEETUP,18,19:00-20:00,,,,2026-08-15 08:22:42
106371,4668,165,719,PENDING_PAYMENT,200.0,EXPRESS,,,342,SF,,2026-08-09 16:43:42
106372,1541,206,7,PENDING_PAYMENT,120.0,EXPRESS,,,431,SF,,2026-08-11 14:00:42
106373,1773,866,362,PENDING_PAYMENT,50.0,EXPRESS,,,1720,SF,,2026-08-07 06:32:42
106374,4763,214,433,PENDING_PAYMENT,5.0,MEETUP,10,12:00-13:00,,,,2026-08-09 17:26:42
106375,3886,367,519,PENDING_PAYMENT,60.0,EXPRESS,,,747,SF,,2026-08-15 23:41:42
106376,3179,902,379,PENDING_PAYMENT,10.0,MEETUP,6,18:00-19:00,,,,2026-08-14 17:51:42
106377,714,608,927,PENDING_PAYMENT,150.0,EXPRESS,,,1214,SF,,2026-08-14 08:07:42
106378,3196,146,758,PENDING_PAYMENT,150.0,MEETUP,13,18:00-19:00,,,,2026-08-16 05:08:42
106379,1696,526,480,PENDING_PAYMENT,20.0,EXPRESS,,,1071,SF,,2026-08-10 17:57:42
106380,3055,495,315,PENDING_PAYMENT,20.0,EXPRESS,,,1005,SF,,2026-08-16 04:29:42
106381,3875,52,676,PENDING_PAYMENT,12.0,MEETUP,3,12:00-13:00,,,,2026-08-15 20:34:42
106382,978,116,866,PENDING_PAYMENT,50.0,MEETUP,29,17:00-18:00,,,,2026-08-08 19:26:42
106383,3568,785,160,PENDING_PAYMENT,1.0,MEETUP,7,19:00-20:00,,,,2026-08-09 14:18:42
106384,1831,652,791,PENDING_PAYMENT,20.0,MEETUP,22,18:00-19:00,,,,2026-08-08 05:34:42
106385,2954,552,391,PENDING_PAYMENT,5.0,MEETUP,26,17:00-18:00,,,,2026-08-08 10:21:42
106386,2683,734,604,PENDING_PAYMENT,8.0,EXPRESS,,,1457,SF,,2026-08-11 05:40:42
106387,3055,876,315,PENDING_PAYMENT,20.0,MEETUP,27,12:00-13:00,,,,2026-08-10 04:22:42
106388,3614,228,242,PENDING_PAYMENT,20.0,EXPRESS,,,476,SF,,2026-08-15 17:59:42
106389,3600,206,645,PENDING_PAYMENT,120.0,EXPRESS,,,431,SF,,2026-08-07 10:05:42
106390,3100,786,916,PENDING_PAYMENT,3.0,EXPRESS,,,1566,SF,,2026-08-15 03:03:42
106391,935,868,420,PENDING_PAYMENT,120.0,MEETUP,19,17:00-18:00,,,,2026-08-08 06:42:42
106392,458,942,198,PENDING_PAYMENT,5.0,EXPRESS,,,1887,SF,,2026-08-11 00:46:42
106393,4274,810,146,PENDING_PAYMENT,100.0,MEETUP,6,17:00-18:00,,,,2026-08-08 16:28:42
106394,955,694,633,PENDING_PAYMENT,50.0,MEETUP,30,17:00-18:00,,,,2026-08-13 13:19:42
106395,2112,673,204,PENDING_PAYMENT,25.0,MEETUP,19,18:00-19:00,,,,2026-08-10 18:11:42
106396,40,864,174,PENDING_PAYMENT,150.0,EXPRESS,,,1717,SF,,2026-08-15 02:07:42
106397,867,336,169,PENDING_PAYMENT,3.0,EXPRESS,,,689,SF,,2026-08-11 17:38:42
106398,707,112,937,PENDING_PAYMENT,50.0,MEETUP,11,12:00-13:00,,,,2026-08-09 02:42:42
106399,960,176,7,PENDING_PAYMENT,2.0,EXPRESS,,,368,SF,,2026-08-14 14:09:42
106400,1623,591,896,PENDING_PAYMENT,25.0,EXPRESS,,,1181,SF,,2026-08-08 03:13:42
106401,1069,596,537,PENDING_PAYMENT,80.0,MEETUP,14,17:00-18:00,,,,2026-08-14 18:59:42
106402,3933,526,929,PENDING_PAYMENT,10.0,EXPRESS,,,1071,SF,,2026-08-07 21:23:42
106403,4288,574,103,PENDING_PAYMENT,5.0,MEETUP,21,17:00-18:00,,,,2026-08-07 17:09:42
106404,399,941,931,PENDING_PAYMENT,25.0,EXPRESS,,,1884,SF,,2026-08-14 11:23:42
106405,4689,164,593,PENDING_PAYMENT,25.0,EXPRESS,,,341,SF,,2026-08-13 22:32:42
106406,3434,200,274,PENDING_PAYMENT,25.0,EXPRESS,,,419,SF,,2026-08-09 06:02:42
106407,1155,444,687,PENDING_PAYMENT,80.0,EXPRESS,,,904,SF,,2026-08-08 09:09:42
106408,364,766,751,PENDING_PAYMENT,150.0,EXPRESS,,,1534,SF,,2026-08-07 19:24:42
106409,1590,472,814,PENDING_PAYMENT,1.0,MEETUP,4,19:00-20:00,,,,2026-08-15 03:39:42
106410,976,250,70,PENDING_PAYMENT,100.0,EXPRESS,,,519,SF,,2026-08-14 04:55:42
106411,147,541,711,PENDING_PAYMENT,60.0,EXPRESS,,,1094,SF,,2026-08-13 13:37:42
106412,57,699,668,PENDING_PAYMENT,25.0,EXPRESS,,,1391,SF,,2026-08-10 13:22:42
106413,1962,281,421,PENDING_PAYMENT,150.0,EXPRESS,,,587,SF,,2026-08-12 01:54:42
106414,43,871,252,PENDING_PAYMENT,2.0,MEETUP,20,12:00-13:00,,,,2026-08-12 04:59:42
106415,4072,169,791,PENDING_PAYMENT,3.0,EXPRESS,,,350,SF,,2026-08-08 01:29:42
106416,456,80,127,PENDING_PAYMENT,120.0,EXPRESS,,,168,SF,,2026-08-09 14:44:42
106417,1707,526,49,PENDING_PAYMENT,60.0,EXPRESS,,,1071,SF,,2026-08-07 23:09:42
106418,2769,147,787,PENDING_PAYMENT,20.0,MEETUP,21,12:00-13:00,,,,2026-08-14 22:06:42
106419,2525,635,489,PENDING_PAYMENT,12.0,MEETUP,28,12:00-13:00,,,,2026-08-14 19:05:42
106420,4504,460,767,PENDING_PAYMENT,120.0,MEETUP,2,12:00-13:00,,,,2026-08-13 22:29:42
106421,3596,408,218,PENDING_PAYMENT,15.0,MEETUP,29,12:00-13:00,,,,2026-08-08 13:22:42
106422,1565,681,66,PENDING_PAYMENT,80.0,MEETUP,1,17:00-18:00,,,,2026-08-15 00:42:42
106423,4891,757,911,PENDING_PAYMENT,1.0,MEETUP,1,17:00-18:00,,,,2026-08-11 03:36:42
106424,942,188,595,PENDING_PAYMENT,60.0,MEETUP,3,18:00-19:00,,,,2026-08-09 04:55:42
106425,3991,232,889,PENDING_PAYMENT,20.0,MEETUP,30,12:00-13:00,,,,2026-08-14 22:16:42
106426,1500,565,205,PENDING_PAYMENT,20.0,EXPRESS,,,1139,SF,,2026-08-07 16:40:42
106427,904,747,181,PENDING_PAYMENT,60.0,MEETUP,8,12:00-13:00,,,,2026-08-10 11:58:42
106428,193,648,776,PENDING_PAYMENT,200.0,EXPRESS,,,1290,SF,,2026-08-08 05:42:42
106429,333,753,754,PENDING_PAYMENT,30.0,MEETUP,13,18:00-19:00,,,,2026-08-11 01:04:42
106430,4523,349,262,PENDING_PAYMENT,10.0,EXPRESS,,,713,SF,,2026-08-13 10:39:42
106431,306,450,506,PENDING_PAYMENT,10.0,EXPRESS,,,916,SF,,2026-08-14 20:10:42
106432,4373,615,639,PENDING_PAYMENT,1.0,MEETUP,26,12:00-13:00,,,,2026-08-07 14:18:42
106433,1647,81,145,PENDING_PAYMENT,2.0,MEETUP,14,17:00-18:00,,,,2026-08-16 12:34:42
106434,4910,978,641,PENDING_PAYMENT,5.0,EXPRESS,,,1959,SF,,2026-08-15 14:41:42
106435,3560,100,836,PENDING_PAYMENT,2.0,EXPRESS,,,208,SF,,2026-08-16 12:41:42
106436,2046,988,201,PENDING_PAYMENT,50.0,EXPRESS,,,1974,SF,,2026-08-10 21:22:42
106437,4104,419,524,PENDING_PAYMENT,15.0,MEETUP,26,18:00-19:00,,,,2026-08-09 20:10:42
106438,2721,205,990,PENDING_PAYMENT,150.0,MEETUP,5,17:00-18:00,,,,2026-08-12 16:34:42
106439,3982,489,702,PENDING_PAYMENT,80.0,EXPRESS,,,996,SF,,2026-08-15 10:12:42
106440,2199,127,363,PENDING_PAYMENT,50.0,EXPRESS,,,260,SF,,2026-08-16 04:07:42
106441,4043,715,912,PENDING_PAYMENT,8.0,MEETUP,6,17:00-18:00,,,,2026-08-14 15:45:42
106442,3600,370,645,PENDING_PAYMENT,120.0,MEETUP,28,17:00-18:00,,,,2026-08-12 09:23:42
106443,4090,657,339,PENDING_PAYMENT,150.0,MEETUP,16,17:00-18:00,,,,2026-08-14 04:25:42
106444,350,657,330,PENDING_PAYMENT,200.0,MEETUP,27,18:00-19:00,,,,2026-08-10 23:53:42
106445,437,698,63,PENDING_PAYMENT,100.0,EXPRESS,,,1388,SF,,2026-08-09 05:14:42
106446,814,234,588,PENDING_PAYMENT,80.0,MEETUP,24,12:00-13:00,,,,2026-08-10 04:24:42
106447,1046,994,963,PENDING_PAYMENT,1.0,MEETUP,23,12:00-13:00,,,,2026-08-07 06:38:42
106448,4729,168,125,PENDING_PAYMENT,120.0,EXPRESS,,,347,SF,,2026-08-10 04:46:42
106449,4965,429,959,PENDING_PAYMENT,8.0,MEETUP,8,19:00-20:00,,,,2026-08-16 00:35:42
106450,1714,627,807,PENDING_PAYMENT,25.0,MEETUP,9,17:00-18:00,,,,2026-08-13 18:30:42
106451,3870,615,601,PENDING_PAYMENT,200.0,EXPRESS,,,1227,SF,,2026-08-09 12:43:42
106452,527,400,547,PENDING_PAYMENT,5.0,EXPRESS,,,809,SF,,2026-08-07 01:07:42
106453,4480,925,883,PENDING_PAYMENT,30.0,EXPRESS,,,1848,SF,,2026-08-10 15:03:42
106454,1896,248,15,PENDING_PAYMENT,15.0,MEETUP,26,19:00-20:00,,,,2026-08-14 02:17:42
106455,999,733,764,PENDING_PAYMENT,60.0,MEETUP,24,19:00-20:00,,,,2026-08-07 19:16:42
106456,2754,192,627,PENDING_PAYMENT,120.0,EXPRESS,,,401,SF,,2026-08-07 14:14:42
106457,3012,685,594,PENDING_PAYMENT,2.0,EXPRESS,,,1366,SF,,2026-08-13 20:33:42
106458,1091,261,675,PENDING_PAYMENT,12.0,MEETUP,13,12:00-13:00,,,,2026-08-10 06:07:42
106459,1991,515,921,PENDING_PAYMENT,8.0,EXPRESS,,,1049,SF,,2026-08-13 00:33:42
106460,702,496,551,PENDING_PAYMENT,2.0,EXPRESS,,,1007,SF,,2026-08-15 01:38:42
106461,4333,897,499,PENDING_PAYMENT,25.0,MEETUP,8,17:00-18:00,,,,2026-08-10 04:14:42
106462,1664,215,839,PENDING_PAYMENT,200.0,EXPRESS,,,450,SF,,2026-08-15 05:21:42
106463,1702,455,684,PENDING_PAYMENT,15.0,MEETUP,13,18:00-19:00,,,,2026-08-11 23:32:42
106464,1301,503,639,PENDING_PAYMENT,100.0,EXPRESS,,,1019,SF,,2026-08-13 13:54:42
106465,1657,70,125,PENDING_PAYMENT,60.0,MEETUP,30,17:00-18:00,,,,2026-08-15 18:40:42
106466,1727,464,543,PENDING_PAYMENT,1.0,MEETUP,24,17:00-18:00,,,,2026-08-10 16:18:42
106467,635,817,576,PENDING_PAYMENT,50.0,MEETUP,27,18:00-19:00,,,,2026-08-13 15:28:42
106468,4925,992,705,PENDING_PAYMENT,30.0,MEETUP,23,19:00-20:00,,,,2026-08-13 12:18:42
106469,4384,546,927,PENDING_PAYMENT,25.0,MEETUP,6,18:00-19:00,,,,2026-08-11 17:49:42
106470,619,565,365,PENDING_PAYMENT,60.0,EXPRESS,,,1139,SF,,2026-08-08 04:04:42
106471,3997,990,715,PENDING_PAYMENT,3.0,EXPRESS,,,1977,SF,,2026-08-08 14:34:42
106472,1653,836,46,PENDING_PAYMENT,5.0,MEETUP,16,19:00-20:00,,,,2026-08-10 18:49:42
106473,1869,173,97,PENDING_PAYMENT,50.0,EXPRESS,,,361,SF,,2026-08-08 10:41:42
106474,872,81,423,PENDING_PAYMENT,100.0,EXPRESS,,,169,SF,,2026-08-10 17:38:42
106475,3105,478,217,PENDING_PAYMENT,150.0,MEETUP,6,17:00-18:00,,,,2026-08-10 03:54:42
106476,3036,967,462,PENDING_PAYMENT,200.0,MEETUP,14,12:00-13:00,,,,2026-08-16 08:48:42
106477,3015,96,528,PENDING_PAYMENT,100.0,MEETUP,9,12:00-13:00,,,,2026-08-08 20:46:42
106478,4344,932,382,PENDING_PAYMENT,30.0,MEETUP,12,18:00-19:00,,,,2026-08-15 09:31:42
106479,4663,864,484,PENDING_PAYMENT,150.0,MEETUP,24,19:00-20:00,,,,2026-08-15 08:13:42
106480,1952,990,678,PENDING_PAYMENT,5.0,MEETUP,24,19:00-20:00,,,,2026-08-15 12:41:42
106481,806,467,702,PENDING_PAYMENT,100.0,MEETUP,11,17:00-18:00,,,,2026-08-12 23:24:42
106482,942,577,595,PENDING_PAYMENT,60.0,MEETUP,5,17:00-18:00,,,,2026-08-13 12:43:42
106483,2277,559,60,PENDING_PAYMENT,30.0,EXPRESS,,,1126,SF,,2026-08-16 16:56:42
106484,3468,41,817,PENDING_PAYMENT,2.0,MEETUP,1,12:00-13:00,,,,2026-08-08 06:41:42
106485,4204,428,656,PENDING_PAYMENT,150.0,EXPRESS,,,876,SF,,2026-08-08 23:46:42
106486,2163,135,216,PENDING_PAYMENT,15.0,MEETUP,17,18:00-19:00,,,,2026-08-10 17:17:42
106487,862,889,455,PENDING_PAYMENT,15.0,EXPRESS,,,1768,SF,,2026-08-14 18:30:42
106488,4662,141,255,PENDING_PAYMENT,15.0,EXPRESS,,,290,SF,,2026-08-11 14:17:42
106489,852,593,135,PENDING_PAYMENT,12.0,MEETUP,1,18:00-19:00,,,,2026-08-10 03:12:42
106490,2722,109,169,PENDING_PAYMENT,80.0,EXPRESS,,,224,SF,,2026-08-14 05:12:42
106491,4081,560,502,PENDING_PAYMENT,50.0,MEETUP,9,18:00-19:00,,,,2026-08-14 14:55:42
106492,3591,786,580,PENDING_PAYMENT,80.0,EXPRESS,,,1566,SF,,2026-08-08 15:18:42
106493,180,199,972,PENDING_PAYMENT,8.0,MEETUP,3,19:00-20:00,,,,2026-08-15 02:09:42
106494,346,196,897,PENDING_PAYMENT,120.0,EXPRESS,,,410,SF,,2026-08-10 09:58:42
106495,2975,263,1,PENDING_PAYMENT,10.0,EXPRESS,,,545,SF,,2026-08-13 11:16:42
106496,4853,74,15,PENDING_PAYMENT,50.0,EXPRESS,,,156,SF,,2026-08-13 04:14:42
106497,1689,910,322,PENDING_PAYMENT,1.0,MEETUP,1,17:00-18:00,,,,2026-08-10 21:48:42
106498,695,709,179,PENDING_PAYMENT,30.0,EXPRESS,,,1412,SF,,2026-08-11 12:25:42
106499,4040,938,163,PENDING_PAYMENT,50.0,EXPRESS,,,1877,SF,,2026-08-15 13:36:42
106500,1072,33,410,PENDING_PAYMENT,25.0,EXPRESS,,,69,SF,,2026-08-11 09:33:42
106501,2963,13,624,PENDING_PAYMENT,8.0,EXPRESS,,,28,SF,,2026-08-08 16:53:42
106502,4032,838,629,PENDING_PAYMENT,12.0,EXPRESS,,,1665,SF,,2026-08-13 01:14:42
106503,3815,707,166,PENDING_PAYMENT,20.0,MEETUP,19,17:00-18:00,,,,2026-08-09 01:42:42
106504,1274,91,965,PENDING_PAYMENT,150.0,MEETUP,1,17:00-18:00,,,,2026-08-09 11:23:42
106505,452,245,182,PENDING_PAYMENT,25.0,MEETUP,25,17:00-18:00,,,,2026-08-09 15:00:42
106506,1634,188,602,PENDING_PAYMENT,1.0,EXPRESS,,,393,SF,,2026-08-12 20:12:42
106507,1899,172,840,PENDING_PAYMENT,10.0,MEETUP,11,17:00-18:00,,,,2026-08-16 09:17:42
106508,565,36,928,PENDING_PAYMENT,50.0,MEETUP,18,12:00-13:00,,,,2026-08-11 21:01:42
106509,2983,522,827,PENDING_PAYMENT,120.0,MEETUP,7,12:00-13:00,,,,2026-08-08 06:02:42
106510,162,395,901,PENDING_PAYMENT,10.0,EXPRESS,,,803,SF,,2026-08-14 04:25:42
106511,1187,383,282,PENDING_PAYMENT,60.0,EXPRESS,,,775,SF,,2026-08-14 16:37:42
106512,835,185,192,PENDING_PAYMENT,10.0,EXPRESS,,,387,SF,,2026-08-13 22:46:42
106513,4634,696,969,PENDING_PAYMENT,20.0,EXPRESS,,,1386,SF,,2026-08-14 01:31:42
106514,2730,343,576,PENDING_PAYMENT,8.0,MEETUP,6,19:00-20:00,,,,2026-08-10 04:02:42
106515,942,913,595,PENDING_PAYMENT,60.0,EXPRESS,,,1823,SF,,2026-08-11 02:52:42
106516,4591,296,947,PENDING_PAYMENT,80.0,MEETUP,16,17:00-18:00,,,,2026-08-08 06:38:42
106517,3016,356,737,PENDING_PAYMENT,200.0,MEETUP,17,12:00-13:00,,,,2026-08-11 21:42:42
106518,525,202,67,PENDING_PAYMENT,1.0,MEETUP,6,17:00-18:00,,,,2026-08-07 16:11:42
106519,635,642,576,PENDING_PAYMENT,50.0,EXPRESS,,,1273,SF,,2026-08-16 04:43:42
106520,464,775,887,PENDING_PAYMENT,100.0,EXPRESS,,,1545,SF,,2026-08-11 08:59:42
106521,885,973,227,PENDING_PAYMENT,100.0,MEETUP,19,12:00-13:00,,,,2026-08-09 15:38:42
106522,3487,277,567,PENDING_PAYMENT,200.0,MEETUP,3,17:00-18:00,,,,2026-08-07 04:06:42
106523,2476,144,29,PENDING_PAYMENT,12.0,EXPRESS,,,296,SF,,2026-08-08 01:12:42
106524,4280,148,359,PENDING_PAYMENT,100.0,MEETUP,28,19:00-20:00,,,,2026-08-15 19:13:42
106525,4034,225,5,PENDING_PAYMENT,120.0,EXPRESS,,,469,SF,,2026-08-13 13:24:42
106526,1277,134,851,PENDING_PAYMENT,2.0,MEETUP,2,17:00-18:00,,,,2026-08-07 17:13:42
106527,4346,812,471,PENDING_PAYMENT,1.0,EXPRESS,,,1615,SF,,2026-08-09 13:35:42
106528,2313,692,552,PENDING_PAYMENT,12.0,EXPRESS,,,1378,SF,,2026-08-09 00:45:42
106529,1119,548,417,PENDING_PAYMENT,50.0,MEETUP,7,18:00-19:00,,,,2026-08-15 10:33:42
106530,4503,405,138,PENDING_PAYMENT,10.0,MEETUP,10,19:00-20:00,,,,2026-08-10 19:26:42
106531,2124,27,655,PENDING_PAYMENT,5.0,EXPRESS,,,56,SF,,2026-08-10 02:31:42
106532,1529,723,550,PENDING_PAYMENT,8.0,EXPRESS,,,1439,SF,,2026-08-10 22:28:42
106533,2308,932,735,PENDING_PAYMENT,150.0,MEETUP,9,19:00-20:00,,,,2026-08-08 14:54:42
106534,3618,767,828,PENDING_PAYMENT,8.0,MEETUP,12,12:00-13:00,,,,2026-08-16 10:42:42
106535,2060,803,597,PENDING_PAYMENT,3.0,EXPRESS,,,1600,SF,,2026-08-11 05:05:42
106536,4561,406,13,PENDING_PAYMENT,5.0,MEETUP,26,12:00-13:00,,,,2026-08-12 14:27:42
106537,2116,635,364,PENDING_PAYMENT,25.0,EXPRESS,,,1263,SF,,2026-08-12 22:41:42
106538,3788,28,873,PENDING_PAYMENT,20.0,MEETUP,9,12:00-13:00,,,,2026-08-12 06:57:42
106539,388,416,232,PENDING_PAYMENT,100.0,EXPRESS,,,844,SF,,2026-08-10 12:45:42
106540,2508,730,472,PENDING_PAYMENT,25.0,MEETUP,1,17:00-18:00,,,,2026-08-10 06:27:42
106541,922,271,387,PENDING_PAYMENT,50.0,MEETUP,2,12:00-13:00,,,,2026-08-09 22:34:42
106542,3926,433,991,PENDING_PAYMENT,100.0,MEETUP,26,18:00-19:00,,,,2026-08-08 19:24:42
106543,3656,722,985,PENDING_PAYMENT,8.0,MEETUP,18,12:00-13:00,,,,2026-08-13 09:48:42
106544,3378,294,308,PENDING_PAYMENT,3.0,MEETUP,16,12:00-13:00,,,,2026-08-10 06:57:42
106545,3921,848,263,PENDING_PAYMENT,200.0,MEETUP,20,17:00-18:00,,,,2026-08-14 01:13:42
106546,2050,301,767,PENDING_PAYMENT,3.0,MEETUP,18,17:00-18:00,,,,2026-08-09 01:32:42
106547,3094,528,329,PENDING_PAYMENT,30.0,MEETUP,3,19:00-20:00,,,,2026-08-12 01:45:42
106548,4057,387,539,PENDING_PAYMENT,25.0,MEETUP,29,12:00-13:00,,,,2026-08-15 09:16:42
106549,4455,804,302,PENDING_PAYMENT,30.0,MEETUP,29,12:00-13:00,,,,2026-08-14 13:34:42
106550,29,453,64,PENDING_PAYMENT,80.0,EXPRESS,,,922,SF,,2026-08-11 15:05:42
106551,4353,826,122,PENDING_PAYMENT,50.0,EXPRESS,,,1640,SF,,2026-08-10 06:03:42
106552,1602,803,400,PENDING_PAYMENT,150.0,EXPRESS,,,1599,SF,,2026-08-11 08:39:42
106553,1600,597,894,PENDING_PAYMENT,25.0,EXPRESS,,,1192,SF,,2026-08-09 17:59:42
106554,2781,185,99,PENDING_PAYMENT,30.0,EXPRESS,,,387,SF,,2026-08-16 15:56:42
106555,2212,739,809,PENDING_PAYMENT,30.0,EXPRESS,,,1470,SF,,2026-08-14 16:46:42
106556,2316,653,878,PENDING_PAYMENT,12.0,MEETUP,22,17:00-18:00,,,,2026-08-16 00:40:42
106557,556,720,893,PENDING_PAYMENT,8.0,EXPRESS,,,1434,SF,,2026-08-07 20:20:42
106558,196,139,430,PENDING_PAYMENT,15.0,MEETUP,5,19:00-20:00,,,,2026-08-08 06:19:42
106559,1026,153,919,PENDING_PAYMENT,5.0,MEETUP,8,12:00-13:00,,,,2026-08-16 11:12:42
106560,781,624,101,PENDING_PAYMENT,3.0,MEETUP,1,17:00-18:00,,,,2026-08-09 21:58:42
106561,2988,292,636,PENDING_PAYMENT,2.0,MEETUP,3,18:00-19:00,,,,2026-08-10 03:02:42
106562,3510,107,439,PENDING_PAYMENT,2.0,EXPRESS,,,220,SF,,2026-08-09 14:05:42
106563,2783,993,411,PENDING_PAYMENT,3.0,MEETUP,20,17:00-18:00,,,,2026-08-07 22:03:42
106564,2097,178,223,PENDING_PAYMENT,20.0,EXPRESS,,,373,SF,,2026-08-16 17:23:42
106565,4271,796,216,PENDING_PAYMENT,5.0,EXPRESS,,,1587,SF,,2026-08-07 16:27:42
106566,2462,190,295,PENDING_PAYMENT,100.0,MEETUP,16,18:00-19:00,,,,2026-08-14 08:31:42
106567,2039,928,241,PENDING_PAYMENT,60.0,EXPRESS,,,1855,SF,,2026-08-07 21:55:42
106568,1583,966,386,PENDING_PAYMENT,8.0,MEETUP,1,19:00-20:00,,,,2026-08-14 16:41:42
106569,453,965,718,PENDING_PAYMENT,1.0,EXPRESS,,,1934,SF,,2026-08-14 12:57:42
106570,4846,5,554,PENDING_PAYMENT,120.0,EXPRESS,,,12,SF,,2026-08-12 03:11:42
106571,48,122,488,PENDING_PAYMENT,2.0,MEETUP,13,17:00-18:00,,,,2026-08-11 13:24:42
106572,3903,801,272,PENDING_PAYMENT,1.0,EXPRESS,,,1597,SF,,2026-08-14 05:38:42
106573,4877,204,518,PENDING_PAYMENT,12.0,MEETUP,21,19:00-20:00,,,,2026-08-15 11:47:42
106574,4935,737,251,PENDING_PAYMENT,20.0,EXPRESS,,,1464,SF,,2026-08-12 19:08:42
106575,1883,348,938,PENDING_PAYMENT,10.0,EXPRESS,,,708,SF,,2026-08-10 15:52:42
106576,3065,780,114,PENDING_PAYMENT,100.0,MEETUP,18,18:00-19:00,,,,2026-08-12 17:31:42
106577,4263,316,860,PENDING_PAYMENT,120.0,EXPRESS,,,648,SF,,2026-08-11 16:53:42
106578,4562,427,515,PENDING_PAYMENT,20.0,MEETUP,22,18:00-19:00,,,,2026-08-08 07:49:42
106579,1292,657,301,PENDING_PAYMENT,3.0,MEETUP,14,18:00-19:00,,,,2026-08-16 17:50:42
106580,2741,845,917,PENDING_PAYMENT,80.0,EXPRESS,,,1681,SF,,2026-08-07 13:15:42
106581,4526,537,691,PENDING_PAYMENT,3.0,EXPRESS,,,1089,SF,,2026-08-15 23:34:42
106582,3078,177,113,PENDING_PAYMENT,20.0,EXPRESS,,,371,SF,,2026-08-08 12:14:42
106583,2366,758,22,PENDING_PAYMENT,15.0,EXPRESS,,,1516,SF,,2026-08-10 05:42:42
106584,3939,178,526,PENDING_PAYMENT,10.0,EXPRESS,,,372,SF,,2026-08-08 17:09:42
106585,2631,674,701,PENDING_PAYMENT,10.0,MEETUP,21,17:00-18:00,,,,2026-08-09 05:28:42
106586,3013,654,439,PENDING_PAYMENT,120.0,MEETUP,27,19:00-20:00,,,,2026-08-08 11:12:42
106587,2497,931,92,PENDING_PAYMENT,120.0,MEETUP,9,17:00-18:00,,,,2026-08-07 19:42:42
106588,2298,766,620,PENDING_PAYMENT,30.0,MEETUP,1,17:00-18:00,,,,2026-08-09 15:45:42
106589,2737,807,83,PENDING_PAYMENT,120.0,EXPRESS,,,1606,SF,,2026-08-11 19:40:42
106590,599,794,575,PENDING_PAYMENT,2.0,MEETUP,16,18:00-19:00,,,,2026-08-14 17:47:42
106591,4446,136,373,PENDING_PAYMENT,30.0,MEETUP,28,12:00-13:00,,,,2026-08-07 21:20:42
106592,2499,243,816,PENDING_PAYMENT,5.0,MEETUP,6,12:00-13:00,,,,2026-08-13 14:50:42
106593,2005,668,738,PENDING_PAYMENT,5.0,MEETUP,19,12:00-13:00,,,,2026-08-15 22:07:42
106594,3829,372,4,PENDING_PAYMENT,1.0,MEETUP,23,19:00-20:00,,,,2026-08-07 23:07:42
106595,3252,152,200,PENDING_PAYMENT,120.0,EXPRESS,,,316,SF,,2026-08-07 21:48:42
106596,2773,950,678,PENDING_PAYMENT,80.0,EXPRESS,,,1902,SF,,2026-08-07 10:46:42
106597,763,497,660,PENDING_PAYMENT,1.0,MEETUP,14,12:00-13:00,,,,2026-08-08 13:49:42
106598,1728,644,390,PENDING_PAYMENT,30.0,EXPRESS,,,1281,SF,,2026-08-15 13:00:42
106599,4637,823,110,PENDING_PAYMENT,10.0,MEETUP,23,17:00-18:00,,,,2026-08-15 18:26:42
106600,4134,295,141,PENDING_PAYMENT,10.0,EXPRESS,,,616,SF,,2026-08-06 22:34:42
106601,3113,725,958,PENDING_PAYMENT,50.0,MEETUP,30,19:00-20:00,,,,2026-08-15 01:45:42
106602,1772,986,517,PENDING_PAYMENT,50.0,MEETUP,16,17:00-18:00,,,,2026-08-08 00:56:42
106603,1066,671,73,PENDING_PAYMENT,3.0,EXPRESS,,,1341,SF,,2026-08-12 16:40:42
106604,4631,668,982,PENDING_PAYMENT,2.0,EXPRESS,,,1331,SF,,2026-08-14 22:02:42
106605,4088,937,255,PENDING_PAYMENT,20.0,EXPRESS,,,1872,SF,,2026-08-10 04:35:42
106606,3517,111,581,PENDING_PAYMENT,10.0,EXPRESS,,,229,SF,,2026-08-16 09:12:42
106607,4178,322,982,PENDING_PAYMENT,25.0,EXPRESS,,,662,SF,,2026-08-14 15:51:42
106608,1292,634,301,PENDING_PAYMENT,3.0,EXPRESS,,,1262,SF,,2026-08-13 07:38:42
106609,212,61,871,PENDING_PAYMENT,5.0,EXPRESS,,,131,SF,,2026-08-14 22:11:42
106610,4079,286,252,PENDING_PAYMENT,50.0,MEETUP,20,12:00-13:00,,,,2026-08-07 06:54:42
106611,4018,913,136,PENDING_PAYMENT,3.0,EXPRESS,,,1823,SF,,2026-08-15 19:37:42
106612,2908,429,750,PENDING_PAYMENT,200.0,EXPRESS,,,878,SF,,2026-08-15 06:40:42
106613,4501,930,902,PENDING_PAYMENT,50.0,EXPRESS,,,1860,SF,,2026-08-13 16:16:42
106614,3367,780,672,PENDING_PAYMENT,120.0,EXPRESS,,,1556,SF,,2026-08-16 01:49:42
106615,2224,701,155,PENDING_PAYMENT,30.0,EXPRESS,,,1396,SF,,2026-08-08 14:13:42
106616,1786,998,932,PENDING_PAYMENT,8.0,EXPRESS,,,1991,SF,,2026-08-08 07:06:42
106617,1375,801,131,PENDING_PAYMENT,80.0,EXPRESS,,,1597,SF,,2026-08-10 20:43:42
106618,1318,353,954,PENDING_PAYMENT,200.0,EXPRESS,,,721,SF,,2026-08-08 00:19:42
106619,1748,807,116,PENDING_PAYMENT,3.0,MEETUP,15,17:00-18:00,,,,2026-08-16 00:55:42
106620,614,726,271,PENDING_PAYMENT,10.0,MEETUP,8,18:00-19:00,,,,2026-08-10 01:12:42
106621,91,53,167,PENDING_PAYMENT,200.0,MEETUP,14,12:00-13:00,,,,2026-08-11 08:38:42
106622,1208,799,737,PENDING_PAYMENT,80.0,EXPRESS,,,1592,SF,,2026-08-14 05:24:42
106623,3242,642,92,PENDING_PAYMENT,60.0,MEETUP,11,12:00-13:00,,,,2026-08-07 21:51:42
106624,4798,249,272,PENDING_PAYMENT,50.0,MEETUP,3,12:00-13:00,,,,2026-08-12 11:04:42
106625,2049,470,91,PENDING_PAYMENT,12.0,EXPRESS,,,956,SF,,2026-08-10 23:50:42
106626,1760,96,957,PENDING_PAYMENT,60.0,EXPRESS,,,199,SF,,2026-08-08 16:44:42
106627,4494,677,105,PENDING_PAYMENT,3.0,EXPRESS,,,1353,SF,,2026-08-12 00:21:42
106628,1,599,17,PENDING_PAYMENT,30.0,MEETUP,10,18:00-19:00,,,,2026-08-12 07:24:42
106629,2519,788,88,PENDING_PAYMENT,100.0,EXPRESS,,,1571,SF,,2026-08-13 01:05:42
106630,4127,62,464,PENDING_PAYMENT,2.0,MEETUP,12,18:00-19:00,,,,2026-08-12 10:54:42
106631,4432,428,493,PENDING_PAYMENT,60.0,MEETUP,29,19:00-20:00,,,,2026-08-08 19:59:42
106632,2862,376,896,PENDING_PAYMENT,2.0,EXPRESS,,,764,SF,,2026-08-09 03:17:42
106633,2073,142,773,PENDING_PAYMENT,10.0,MEETUP,29,18:00-19:00,,,,2026-08-07 18:18:42
106634,82,842,464,PENDING_PAYMENT,3.0,EXPRESS,,,1673,SF,,2026-08-12 10:36:42
106635,510,369,779,PENDING_PAYMENT,150.0,EXPRESS,,,751,SF,,2026-08-10 21:33:42
106636,572,631,604,PENDING_PAYMENT,10.0,EXPRESS,,,1255,SF,,2026-08-09 15:21:42
106637,1126,234,661,PENDING_PAYMENT,12.0,MEETUP,7,12:00-13:00,,,,2026-08-16 03:21:42
106638,1021,756,739,PENDING_PAYMENT,100.0,EXPRESS,,,1510,SF,,2026-08-09 04:13:42
106639,4452,834,678,PENDING_PAYMENT,20.0,EXPRESS,,,1655,SF,,2026-08-14 14:31:42
106640,4346,668,471,PENDING_PAYMENT,1.0,EXPRESS,,,1332,SF,,2026-08-16 14:24:42
106641,3862,942,649,PENDING_PAYMENT,5.0,MEETUP,8,18:00-19:00,,,,2026-08-07 20:16:42
106642,512,146,719,PENDING_PAYMENT,20.0,EXPRESS,,,303,SF,,2026-08-14 15:20:42
106643,601,959,958,PENDING_PAYMENT,2.0,MEETUP,10,12:00-13:00,,,,2026-08-09 03:21:42
106644,3469,989,294,PENDING_PAYMENT,30.0,EXPRESS,,,1975,SF,,2026-08-08 06:14:42
106645,1929,882,626,PENDING_PAYMENT,30.0,EXPRESS,,,1753,SF,,2026-08-11 01:13:42
106646,2573,958,653,PENDING_PAYMENT,50.0,EXPRESS,,,1920,SF,,2026-08-10 03:48:42
106647,3297,20,519,PENDING_PAYMENT,2.0,MEETUP,13,18:00-19:00,,,,2026-08-09 14:01:42
106648,2470,677,695,PENDING_PAYMENT,2.0,MEETUP,5,12:00-13:00,,,,2026-08-13 14:57:42
106649,2606,341,339,PENDING_PAYMENT,10.0,MEETUP,27,12:00-13:00,,,,2026-08-14 12:07:42
106650,4,463,422,PENDING_PAYMENT,200.0,EXPRESS,,,944,SF,,2026-08-11 20:17:42
106651,922,847,387,PENDING_PAYMENT,50.0,EXPRESS,,,1685,SF,,2026-08-12 14:28:42
106652,421,258,781,PENDING_PAYMENT,60.0,MEETUP,18,19:00-20:00,,,,2026-08-11 11:40:42
106653,3363,354,102,PENDING_PAYMENT,200.0,EXPRESS,,,722,SF,,2026-08-13 13:45:42
106654,2444,813,192,PENDING_PAYMENT,8.0,MEETUP,29,12:00-13:00,,,,2026-08-09 00:42:42
106655,3088,225,850,PENDING_PAYMENT,60.0,EXPRESS,,,470,SF,,2026-08-09 17:37:42
106656,491,536,530,PENDING_PAYMENT,8.0,MEETUP,14,17:00-18:00,,,,2026-08-07 14:13:42
106657,4162,172,225,PENDING_PAYMENT,5.0,MEETUP,18,17:00-18:00,,,,2026-08-10 05:06:42
106658,2274,413,406,PENDING_PAYMENT,50.0,MEETUP,3,17:00-18:00,,,,2026-08-07 00:15:42
106659,4612,936,810,PENDING_PAYMENT,15.0,EXPRESS,,,1871,SF,,2026-08-11 17:25:42
106660,4561,269,13,PENDING_PAYMENT,5.0,MEETUP,5,19:00-20:00,,,,2026-08-10 23:50:42
106661,3938,932,199,PENDING_PAYMENT,80.0,EXPRESS,,,1862,SF,,2026-08-14 15:36:42
106662,1738,63,376,PENDING_PAYMENT,50.0,MEETUP,26,17:00-18:00,,,,2026-08-07 19:01:42
106663,1740,751,182,PENDING_PAYMENT,15.0,MEETUP,13,19:00-20:00,,,,2026-08-08 05:11:42
106664,1357,708,266,PENDING_PAYMENT,150.0,MEETUP,17,12:00-13:00,,,,2026-08-14 04:26:42
106665,2817,550,926,PENDING_PAYMENT,25.0,EXPRESS,,,1109,SF,,2026-08-15 22:22:42
106666,4278,177,323,PENDING_PAYMENT,12.0,EXPRESS,,,369,SF,,2026-08-12 15:41:42
106667,3490,847,354,PENDING_PAYMENT,25.0,EXPRESS,,,1685,SF,,2026-08-15 21:39:42
106668,2968,736,141,PENDING_PAYMENT,3.0,EXPRESS,,,1462,SF,,2026-08-12 12:24:42
106669,2010,542,67,PENDING_PAYMENT,100.0,MEETUP,13,19:00-20:00,,,,2026-08-12 03:15:42
106670,2510,167,848,PENDING_PAYMENT,15.0,EXPRESS,,,346,SF,,2026-08-08 07:10:42
106671,2696,1000,404,PENDING_PAYMENT,100.0,MEETUP,10,19:00-20:00,,,,2026-08-15 14:13:42
106672,2385,890,346,PENDING_PAYMENT,2.0,EXPRESS,,,1771,SF,,2026-08-11 02:55:42
106673,4150,818,55,PENDING_PAYMENT,100.0,EXPRESS,,,1627,SF,,2026-08-15 06:15:42
106674,902,195,725,PENDING_PAYMENT,120.0,EXPRESS,,,408,SF,,2026-08-10 09:46:42
106675,2882,628,969,PENDING_PAYMENT,60.0,MEETUP,11,18:00-19:00,,,,2026-08-13 12:18:42
106676,3893,267,497,PENDING_PAYMENT,15.0,MEETUP,18,19:00-20:00,,,,2026-08-09 18:11:42
106677,293,414,375,PENDING_PAYMENT,20.0,MEETUP,22,18:00-19:00,,,,2026-08-13 09:03:42
106678,2779,825,344,PENDING_PAYMENT,20.0,MEETUP,16,17:00-18:00,,,,2026-08-07 05:21:42
106679,3973,455,464,PENDING_PAYMENT,1.0,MEETUP,19,12:00-13:00,,,,2026-08-07 18:58:42
106680,4290,977,476,PENDING_PAYMENT,1.0,EXPRESS,,,1958,SF,,2026-08-13 03:57:42
106681,3149,389,697,PENDING_PAYMENT,150.0,MEETUP,15,19:00-20:00,,,,2026-08-14 02:31:42
106682,2379,979,372,PENDING_PAYMENT,50.0,MEETUP,21,17:00-18:00,,,,2026-08-14 13:40:42
106683,2527,634,664,PENDING_PAYMENT,25.0,MEETUP,29,19:00-20:00,,,,2026-08-08 15:05:42
106684,1788,148,904,PENDING_PAYMENT,25.0,MEETUP,9,12:00-13:00,,,,2026-08-15 01:12:42
106685,4172,702,724,PENDING_PAYMENT,20.0,MEETUP,5,18:00-19:00,,,,2026-08-11 14:15:42
106686,3185,346,957,PENDING_PAYMENT,100.0,EXPRESS,,,703,SF,,2026-08-08 09:53:42
106687,4338,570,568,PENDING_PAYMENT,20.0,EXPRESS,,,1149,SF,,2026-08-12 03:36:42
106688,4967,303,55,PENDING_PAYMENT,50.0,EXPRESS,,,627,SF,,2026-08-07 07:19:42
106689,1721,63,654,PENDING_PAYMENT,30.0,MEETUP,14,18:00-19:00,,,,2026-08-07 19:20:42
106690,3588,830,797,PENDING_PAYMENT,50.0,MEETUP,28,17:00-18:00,,,,2026-08-08 15:49:42
106691,817,543,505,PENDING_PAYMENT,15.0,EXPRESS,,,1097,SF,,2026-08-06 20:15:42
106692,1406,202,292,PENDING_PAYMENT,120.0,MEETUP,14,18:00-19:00,,,,2026-08-10 19:53:42
106693,4192,113,503,PENDING_PAYMENT,1.0,EXPRESS,,,233,SF,,2026-08-12 15:42:42
106694,257,741,321,PENDING_PAYMENT,50.0,MEETUP,13,19:00-20:00,,,,2026-08-14 08:53:42
106695,3827,996,576,PENDING_PAYMENT,60.0,MEETUP,21,17:00-18:00,,,,2026-08-14 20:22:42
106696,1541,446,7,PENDING_PAYMENT,120.0,EXPRESS,,,907,SF,,2026-08-10 19:28:42
106697,1198,213,368,PENDING_PAYMENT,3.0,EXPRESS,,,447,SF,,2026-08-08 21:05:42
106698,55,220,756,PENDING_PAYMENT,2.0,MEETUP,14,17:00-18:00,,,,2026-08-13 21:06:42
106699,2178,705,852,PENDING_PAYMENT,15.0,EXPRESS,,,1407,SF,,2026-08-14 00:59:42
106700,3133,375,843,PENDING_PAYMENT,8.0,MEETUP,4,18:00-19:00,,,,2026-08-16 07:40:42
106701,3037,276,241,PENDING_PAYMENT,60.0,EXPRESS,,,573,SF,,2026-08-11 07:42:42
106702,3295,181,167,PENDING_PAYMENT,150.0,MEETUP,18,12:00-13:00,,,,2026-08-07 12:26:42
106703,2990,968,898,PENDING_PAYMENT,80.0,MEETUP,9,12:00-13:00,,,,2026-08-16 08:09:42
106704,4343,650,826,PENDING_PAYMENT,8.0,EXPRESS,,,1294,SF,,2026-08-11 10:44:42
106705,4769,43,954,PENDING_PAYMENT,150.0,EXPRESS,,,92,SF,,2026-08-13 11:08:42
106706,4235,749,43,PENDING_PAYMENT,100.0,MEETUP,26,19:00-20:00,,,,2026-08-10 22:31:42
106707,1411,987,377,PENDING_PAYMENT,20.0,MEETUP,4,17:00-18:00,,,,2026-08-06 23:46:42
106708,3,69,909,PENDING_PAYMENT,15.0,EXPRESS,,,146,SF,,2026-08-12 16:47:42
106709,746,348,244,PENDING_PAYMENT,5.0,MEETUP,14,18:00-19:00,,,,2026-08-07 00:58:42
106710,1296,712,842,PENDING_PAYMENT,200.0,MEETUP,10,18:00-19:00,,,,2026-08-15 13:18:42
106711,2173,885,225,PENDING_PAYMENT,12.0,MEETUP,30,17:00-18:00,,,,2026-08-10 05:06:42
106712,4706,702,974,PENDING_PAYMENT,50.0,MEETUP,19,19:00-20:00,,,,2026-08-14 05:39:42
106713,82,340,464,PENDING_PAYMENT,3.0,MEETUP,17,17:00-18:00,,,,2026-08-10 08:35:42
106714,364,898,751,PENDING_PAYMENT,150.0,MEETUP,26,18:00-19:00,,,,2026-08-08 02:46:42
106715,3923,117,900,PENDING_PAYMENT,5.0,EXPRESS,,,241,SF,,2026-08-09 16:59:42
106716,4051,885,637,PENDING_PAYMENT,30.0,MEETUP,15,17:00-18:00,,,,2026-08-06 19:24:42
106717,2534,669,187,PENDING_PAYMENT,15.0,EXPRESS,,,1334,SF,,2026-08-15 13:13:42
106718,561,445,363,PENDING_PAYMENT,10.0,MEETUP,1,19:00-20:00,,,,2026-08-15 21:28:42
106719,2805,352,130,PENDING_PAYMENT,12.0,EXPRESS,,,718,SF,,2026-08-10 00:02:42
106720,2244,160,856,PENDING_PAYMENT,1.0,MEETUP,3,12:00-13:00,,,,2026-08-13 10:51:42
106721,95,332,164,PENDING_PAYMENT,15.0,EXPRESS,,,682,SF,,2026-08-08 02:51:42
106722,1403,224,338,PENDING_PAYMENT,200.0,EXPRESS,,,467,SF,,2026-08-12 07:47:42
106723,3685,870,400,PENDING_PAYMENT,8.0,EXPRESS,,,1729,SF,,2026-08-16 06:14:42
106724,2692,882,127,PENDING_PAYMENT,150.0,MEETUP,28,19:00-20:00,,,,2026-08-14 02:52:42
106725,17,575,523,PENDING_PAYMENT,150.0,MEETUP,19,17:00-18:00,,,,2026-08-11 19:57:42
106726,2408,707,305,PENDING_PAYMENT,15.0,EXPRESS,,,1409,SF,,2026-08-06 20:19:42
106727,1237,204,445,PENDING_PAYMENT,60.0,MEETUP,29,18:00-19:00,,,,2026-08-13 05:59:42
106728,2150,242,155,PENDING_PAYMENT,80.0,EXPRESS,,,501,SF,,2026-08-15 20:40:42
106729,1333,862,238,PENDING_PAYMENT,20.0,MEETUP,11,19:00-20:00,,,,2026-08-12 01:57:42
106730,1677,410,948,PENDING_PAYMENT,15.0,EXPRESS,,,829,SF,,2026-08-09 16:11:42
106731,3511,296,260,PENDING_PAYMENT,60.0,MEETUP,13,12:00-13:00,,,,2026-08-14 00:39:42
106732,2864,118,931,PENDING_PAYMENT,2.0,MEETUP,12,18:00-19:00,,,,2026-08-15 04:09:42
106733,3959,817,650,PENDING_PAYMENT,200.0,EXPRESS,,,1625,SF,,2026-08-11 14:04:42
106734,2883,114,168,PENDING_PAYMENT,80.0,EXPRESS,,,234,SF,,2026-08-10 22:28:42
106735,531,538,433,PENDING_PAYMENT,100.0,MEETUP,5,17:00-18:00,,,,2026-08-08 15:55:42
106736,3971,225,481,PENDING_PAYMENT,3.0,MEETUP,14,19:00-20:00,,,,2026-08-12 19:41:42
106737,1548,614,258,PENDING_PAYMENT,15.0,MEETUP,5,17:00-18:00,,,,2026-08-14 09:31:42
106738,1285,487,709,PENDING_PAYMENT,25.0,MEETUP,25,12:00-13:00,,,,2026-08-15 18:52:42
106739,3861,101,361,PENDING_PAYMENT,8.0,EXPRESS,,,211,SF,,2026-08-15 04:54:42
106740,3952,630,612,PENDING_PAYMENT,2.0,EXPRESS,,,1253,SF,,2026-08-10 01:27:42
106741,178,136,382,PENDING_PAYMENT,200.0,EXPRESS,,,278,SF,,2026-08-08 23:25:42
106742,3303,482,197,PENDING_PAYMENT,8.0,EXPRESS,,,976,SF,,2026-08-11 04:57:42
106743,4055,330,123,PENDING_PAYMENT,120.0,MEETUP,21,18:00-19:00,,,,2026-08-14 03:37:42
106744,2778,4,144,PENDING_PAYMENT,3.0,MEETUP,13,17:00-18:00,,,,2026-08-11 11:58:42
106745,1496,304,800,PENDING_PAYMENT,15.0,MEETUP,18,18:00-19:00,,,,2026-08-11 04:48:42
106746,779,980,32,PENDING_PAYMENT,10.0,EXPRESS,,,1961,SF,,2026-08-08 21:56:42
106747,455,902,645,PENDING_PAYMENT,25.0,MEETUP,19,18:00-19:00,,,,2026-08-12 02:43:42
106748,1452,934,90,PENDING_PAYMENT,50.0,EXPRESS,,,1867,SF,,2026-08-13 05:27:42
106749,4696,962,233,PENDING_PAYMENT,25.0,MEETUP,18,17:00-18:00,,,,2026-08-15 16:44:42
106750,3613,153,691,PENDING_PAYMENT,100.0,MEETUP,19,18:00-19:00,,,,2026-08-15 09:31:42
106751,1213,460,312,PENDING_PAYMENT,120.0,EXPRESS,,,937,SF,,2026-08-14 00:58:42
106752,4,700,422,PENDING_PAYMENT,200.0,EXPRESS,,,1393,SF,,2026-08-16 06:08:42
106753,3302,989,887,PENDING_PAYMENT,3.0,MEETUP,17,12:00-13:00,,,,2026-08-09 04:21:42
106754,517,487,898,PENDING_PAYMENT,80.0,MEETUP,26,17:00-18:00,,,,2026-08-15 10:32:42
106755,637,514,490,PENDING_PAYMENT,30.0,MEETUP,14,19:00-20:00,,,,2026-08-08 21:16:42
106756,3112,503,271,PENDING_PAYMENT,150.0,MEETUP,24,17:00-18:00,,,,2026-08-13 20:33:42
106757,3287,171,123,PENDING_PAYMENT,25.0,MEETUP,23,17:00-18:00,,,,2026-08-12 21:24:42
106758,528,668,799,PENDING_PAYMENT,12.0,MEETUP,13,12:00-13:00,,,,2026-08-12 23:14:42
106759,2377,611,819,PENDING_PAYMENT,10.0,MEETUP,28,18:00-19:00,,,,2026-08-08 12:05:42
106760,4726,126,221,PENDING_PAYMENT,100.0,MEETUP,16,17:00-18:00,,,,2026-08-14 16:56:42
106761,4927,618,835,PENDING_PAYMENT,25.0,MEETUP,21,19:00-20:00,,,,2026-08-15 10:22:42
106762,4365,985,617,PENDING_PAYMENT,1.0,EXPRESS,,,1969,SF,,2026-08-10 18:28:42
106763,718,827,654,PENDING_PAYMENT,3.0,MEETUP,9,12:00-13:00,,,,2026-08-11 06:23:42
106764,3825,387,925,PENDING_PAYMENT,12.0,MEETUP,20,18:00-19:00,,,,2026-08-09 09:45:42
106765,1689,682,322,PENDING_PAYMENT,1.0,MEETUP,13,18:00-19:00,,,,2026-08-11 21:13:42
106766,3390,225,721,PENDING_PAYMENT,25.0,EXPRESS,,,469,SF,,2026-08-07 03:19:42
106767,2801,160,341,PENDING_PAYMENT,80.0,EXPRESS,,,333,SF,,2026-08-14 16:36:42
106768,1346,763,19,PENDING_PAYMENT,200.0,EXPRESS,,,1530,SF,,2026-08-15 14:35:42
106769,4991,4,506,PENDING_PAYMENT,200.0,MEETUP,24,19:00-20:00,,,,2026-08-15 17:17:42
106770,4083,165,754,PENDING_PAYMENT,3.0,EXPRESS,,,342,SF,,2026-08-09 11:31:42
106771,1204,894,247,PENDING_PAYMENT,25.0,MEETUP,11,17:00-18:00,,,,2026-08-14 09:43:42
106772,4176,43,580,PENDING_PAYMENT,120.0,MEETUP,10,19:00-20:00,,,,2026-08-16 03:33:42
106773,4081,103,502,PENDING_PAYMENT,50.0,EXPRESS,,,213,SF,,2026-08-15 03:59:42
106774,3402,725,518,PENDING_PAYMENT,3.0,EXPRESS,,,1442,SF,,2026-08-12 11:16:42
106775,804,841,834,PENDING_PAYMENT,100.0,MEETUP,30,17:00-18:00,,,,2026-08-11 20:10:42
106776,3494,510,895,PENDING_PAYMENT,25.0,EXPRESS,,,1039,SF,,2026-08-08 16:05:42
106777,3816,594,296,PENDING_PAYMENT,100.0,EXPRESS,,,1186,SF,,2026-08-12 07:15:42
106778,2350,922,705,PENDING_PAYMENT,100.0,EXPRESS,,,1841,SF,,2026-08-07 14:09:42
106779,2706,229,707,PENDING_PAYMENT,150.0,MEETUP,10,12:00-13:00,,,,2026-08-15 14:05:42
106780,2293,459,37,PENDING_PAYMENT,5.0,EXPRESS,,,936,SF,,2026-08-07 07:22:42
106781,3186,981,1,PENDING_PAYMENT,5.0,EXPRESS,,,1963,SF,,2026-08-13 03:22:42
106782,577,100,376,PENDING_PAYMENT,10.0,EXPRESS,,,207,SF,,2026-08-15 16:33:42
106783,985,527,816,PENDING_PAYMENT,5.0,EXPRESS,,,1072,SF,,2026-08-10 12:35:42
106784,263,648,767,PENDING_PAYMENT,120.0,EXPRESS,,,1291,SF,,2026-08-08 04:22:42
106785,3558,524,852,PENDING_PAYMENT,80.0,EXPRESS,,,1068,SF,,2026-08-11 08:34:42
106786,3999,22,490,PENDING_PAYMENT,3.0,EXPRESS,,,47,SF,,2026-08-12 23:43:42
106787,78,603,248,PENDING_PAYMENT,120.0,MEETUP,14,19:00-20:00,,,,2026-08-10 18:27:42
106788,4426,877,86,PENDING_PAYMENT,8.0,MEETUP,14,17:00-18:00,,,,2026-08-07 09:54:42
106789,1572,413,691,PENDING_PAYMENT,1.0,MEETUP,10,19:00-20:00,,,,2026-08-07 15:29:42
106790,1137,458,380,PENDING_PAYMENT,2.0,MEETUP,22,12:00-13:00,,,,2026-08-08 12:12:42
106791,727,939,97,PENDING_PAYMENT,3.0,MEETUP,21,12:00-13:00,,,,2026-08-07 05:57:42
106792,3988,66,801,PENDING_PAYMENT,80.0,EXPRESS,,,141,SF,,2026-08-14 04:41:42
106793,1071,683,268,PENDING_PAYMENT,120.0,EXPRESS,,,1362,SF,,2026-08-07 10:50:42
106794,644,706,919,PENDING_PAYMENT,80.0,MEETUP,8,19:00-20:00,,,,2026-08-13 10:23:42
106795,1721,294,654,PENDING_PAYMENT,30.0,EXPRESS,,,615,SF,,2026-08-09 17:00:42
106796,3451,159,494,PENDING_PAYMENT,3.0,EXPRESS,,,331,SF,,2026-08-13 06:11:42
106797,2821,242,710,PENDING_PAYMENT,10.0,MEETUP,8,12:00-13:00,,,,2026-08-13 23:06:42
106798,3281,930,456,PENDING_PAYMENT,200.0,EXPRESS,,,1860,SF,,2026-08-12 05:44:42
106799,985,232,816,PENDING_PAYMENT,5.0,MEETUP,13,17:00-18:00,,,,2026-08-15 05:07:42
106800,4650,358,278,PENDING_PAYMENT,10.0,EXPRESS,,,729,SF,,2026-08-10 11:19:42
106801,127,833,564,PENDING_PAYMENT,12.0,MEETUP,21,17:00-18:00,,,,2026-08-12 02:46:42
106802,3359,264,177,PENDING_PAYMENT,80.0,EXPRESS,,,547,SF,,2026-08-12 18:04:42
106803,210,348,715,PENDING_PAYMENT,1.0,EXPRESS,,,708,SF,,2026-08-11 03:42:42
106804,3935,583,414,PENDING_PAYMENT,200.0,EXPRESS,,,1169,SF,,2026-08-09 18:26:42
106805,2760,66,719,PENDING_PAYMENT,100.0,EXPRESS,,,140,SF,,2026-08-09 17:12:42
106806,4699,522,129,PENDING_PAYMENT,200.0,MEETUP,21,17:00-18:00,,,,2026-08-08 18:26:42
106807,3961,200,636,PENDING_PAYMENT,15.0,EXPRESS,,,420,SF,,2026-08-11 19:29:42
106808,3869,491,290,PENDING_PAYMENT,15.0,EXPRESS,,,999,SF,,2026-08-10 17:04:42
106809,919,532,226,PENDING_PAYMENT,10.0,EXPRESS,,,1083,SF,,2026-08-08 13:12:42
106810,3334,340,57,PENDING_PAYMENT,15.0,MEETUP,12,12:00-13:00,,,,2026-08-11 02:17:42
106811,2025,358,155,PENDING_PAYMENT,30.0,MEETUP,19,17:00-18:00,,,,2026-08-07 04:03:42
106812,860,110,862,PENDING_PAYMENT,5.0,EXPRESS,,,226,SF,,2026-08-09 05:15:42
106813,3516,529,991,PENDING_PAYMENT,100.0,EXPRESS,,,1077,SF,,2026-08-11 21:15:42
106814,1439,506,258,PENDING_PAYMENT,150.0,EXPRESS,,,1027,SF,,2026-08-14 16:39:42
106815,2209,320,277,PENDING_PAYMENT,8.0,MEETUP,18,19:00-20:00,,,,2026-08-12 03:34:42
106816,723,962,735,PENDING_PAYMENT,10.0,EXPRESS,,,1929,SF,,2026-08-11 09:26:42
106817,847,989,162,PENDING_PAYMENT,200.0,MEETUP,19,17:00-18:00,,,,2026-08-14 01:16:42
106818,4618,608,609,PENDING_PAYMENT,200.0,MEETUP,10,18:00-19:00,,,,2026-08-13 23:46:42
106819,2263,493,230,PENDING_PAYMENT,3.0,MEETUP,19,19:00-20:00,,,,2026-08-15 19:37:42
106820,1021,464,739,PENDING_PAYMENT,100.0,EXPRESS,,,945,SF,,2026-08-15 08:51:42
106821,3674,42,107,PENDING_PAYMENT,2.0,MEETUP,1,19:00-20:00,,,,2026-08-07 06:11:42
106822,1289,438,81,PENDING_PAYMENT,200.0,EXPRESS,,,894,SF,,2026-08-16 02:07:42
106823,2523,316,863,PENDING_PAYMENT,120.0,MEETUP,26,12:00-13:00,,,,2026-08-14 19:10:42
106824,3524,507,766,PENDING_PAYMENT,1.0,MEETUP,27,17:00-18:00,,,,2026-08-14 15:56:42
106825,3497,444,789,PENDING_PAYMENT,15.0,EXPRESS,,,904,SF,,2026-08-08 04:23:42
106826,3325,697,196,PENDING_PAYMENT,1.0,EXPRESS,,,1387,SF,,2026-08-11 01:50:42
106827,2896,630,311,PENDING_PAYMENT,15.0,EXPRESS,,,1254,SF,,2026-08-08 09:16:42
106828,1287,466,424,PENDING_PAYMENT,30.0,MEETUP,29,18:00-19:00,,,,2026-08-10 13:45:42
106829,2623,306,247,PENDING_PAYMENT,12.0,EXPRESS,,,633,SF,,2026-08-08 20:12:42
106830,2983,579,827,PENDING_PAYMENT,120.0,MEETUP,11,17:00-18:00,,,,2026-08-11 04:21:42
106831,4831,11,522,PENDING_PAYMENT,1.0,EXPRESS,,,25,SF,,2026-08-14 08:03:42
106832,4682,960,237,PENDING_PAYMENT,8.0,EXPRESS,,,1924,SF,,2026-08-15 10:42:42
106833,355,518,658,PENDING_PAYMENT,120.0,EXPRESS,,,1053,SF,,2026-08-07 11:36:42
106834,767,499,415,PENDING_PAYMENT,100.0,EXPRESS,,,1012,SF,,2026-08-09 00:24:42
106835,4745,705,292,PENDING_PAYMENT,30.0,MEETUP,12,12:00-13:00,,,,2026-08-07 00:57:42
106836,3383,723,737,PENDING_PAYMENT,25.0,MEETUP,15,19:00-20:00,,,,2026-08-14 00:50:42
106837,2699,916,311,PENDING_PAYMENT,5.0,MEETUP,10,19:00-20:00,,,,2026-08-12 08:03:42
106838,3772,253,75,PENDING_PAYMENT,15.0,EXPRESS,,,525,SF,,2026-08-12 13:02:42
106839,3681,361,916,PENDING_PAYMENT,5.0,MEETUP,7,12:00-13:00,,,,2026-08-16 15:05:42
106840,100,870,896,PENDING_PAYMENT,30.0,MEETUP,2,12:00-13:00,,,,2026-08-09 15:29:42
106841,1794,82,249,PENDING_PAYMENT,12.0,MEETUP,3,12:00-13:00,,,,2026-08-13 07:07:42
106842,3412,469,989,PENDING_PAYMENT,60.0,EXPRESS,,,954,SF,,2026-08-15 16:10:42
106843,1877,231,164,PENDING_PAYMENT,60.0,MEETUP,30,12:00-13:00,,,,2026-08-12 14:20:42
106844,3620,10,672,PENDING_PAYMENT,8.0,MEETUP,19,19:00-20:00,,,,2026-08-10 11:41:42
106845,1247,409,99,PENDING_PAYMENT,20.0,EXPRESS,,,826,SF,,2026-08-16 07:46:42
106846,3003,389,105,PENDING_PAYMENT,3.0,MEETUP,5,19:00-20:00,,,,2026-08-11 16:34:42
106847,1940,880,404,PENDING_PAYMENT,30.0,EXPRESS,,,1749,SF,,2026-08-08 17:29:42
106848,750,361,649,PENDING_PAYMENT,60.0,MEETUP,13,19:00-20:00,,,,2026-08-10 15:12:42
106849,1041,548,153,PENDING_PAYMENT,10.0,EXPRESS,,,1106,SF,,2026-08-16 13:19:42
106850,2379,39,372,PENDING_PAYMENT,50.0,EXPRESS,,,83,SF,,2026-08-07 23:12:42
106851,4314,144,500,PENDING_PAYMENT,150.0,EXPRESS,,,295,SF,,2026-08-12 14:32:42
106852,876,314,590,PENDING_PAYMENT,120.0,EXPRESS,,,646,SF,,2026-08-10 12:07:42
106853,2180,588,555,PENDING_PAYMENT,60.0,EXPRESS,,,1175,SF,,2026-08-13 08:40:42
106854,3746,290,357,PENDING_PAYMENT,120.0,EXPRESS,,,609,SF,,2026-08-11 13:01:42
106855,2794,442,514,PENDING_PAYMENT,1.0,MEETUP,17,18:00-19:00,,,,2026-08-08 21:13:42
106856,23,498,83,PENDING_PAYMENT,60.0,MEETUP,4,19:00-20:00,,,,2026-08-10 12:05:42
106857,1680,444,768,PENDING_PAYMENT,20.0,EXPRESS,,,904,SF,,2026-08-07 21:14:42
106858,532,377,491,PENDING_PAYMENT,20.0,MEETUP,11,18:00-19:00,,,,2026-08-09 14:20:42
106859,2172,909,513,PENDING_PAYMENT,30.0,MEETUP,6,18:00-19:00,,,,2026-08-08 07:34:42
106860,1715,21,809,PENDING_PAYMENT,8.0,MEETUP,3,17:00-18:00,,,,2026-08-10 11:59:42
106861,3587,919,562,PENDING_PAYMENT,20.0,EXPRESS,,,1835,SF,,2026-08-16 08:23:42
106862,4891,306,911,PENDING_PAYMENT,1.0,EXPRESS,,,633,SF,,2026-08-15 05:54:42
106863,4700,71,811,PENDING_PAYMENT,20.0,MEETUP,15,18:00-19:00,,,,2026-08-06 19:42:42
106864,4290,180,476,PENDING_PAYMENT,1.0,MEETUP,6,19:00-20:00,,,,2026-08-15 07:17:42
106865,2848,363,327,PENDING_PAYMENT,25.0,EXPRESS,,,740,SF,,2026-08-15 03:34:42
106866,4392,310,860,PENDING_PAYMENT,2.0,EXPRESS,,,638,SF,,2026-08-15 00:07:42
106867,4010,540,330,PENDING_PAYMENT,120.0,MEETUP,3,12:00-13:00,,,,2026-08-07 18:10:42
106868,4921,13,290,PENDING_PAYMENT,25.0,EXPRESS,,,28,SF,,2026-08-13 03:52:42
106869,3130,941,895,PENDING_PAYMENT,5.0,MEETUP,27,19:00-20:00,,,,2026-08-08 04:44:42
106870,4546,709,582,PENDING_PAYMENT,120.0,MEETUP,21,12:00-13:00,,,,2026-08-09 09:24:42
106871,3942,636,715,PENDING_PAYMENT,1.0,MEETUP,23,17:00-18:00,,,,2026-08-10 04:04:42
106872,3528,91,438,PENDING_PAYMENT,8.0,MEETUP,22,19:00-20:00,,,,2026-08-06 20:29:42
106873,949,418,416,PENDING_PAYMENT,20.0,EXPRESS,,,851,SF,,2026-08-10 03:11:42
106874,863,366,880,PENDING_PAYMENT,20.0,EXPRESS,,,745,SF,,2026-08-08 04:48:42
106875,4605,809,921,PENDING_PAYMENT,12.0,MEETUP,2,12:00-13:00,,,,2026-08-09 01:02:42
106876,4207,979,843,PENDING_PAYMENT,200.0,MEETUP,16,18:00-19:00,,,,2026-08-08 03:35:42
106877,2466,322,611,PENDING_PAYMENT,12.0,EXPRESS,,,661,SF,,2026-08-07 17:45:42
106878,1383,507,640,PENDING_PAYMENT,60.0,MEETUP,10,19:00-20:00,,,,2026-08-09 09:22:42
106879,4348,335,383,PENDING_PAYMENT,8.0,MEETUP,18,18:00-19:00,,,,2026-08-15 12:31:42
106880,1816,432,813,PENDING_PAYMENT,10.0,MEETUP,3,17:00-18:00,,,,2026-08-08 23:30:42
106881,1662,910,946,PENDING_PAYMENT,25.0,MEETUP,4,19:00-20:00,,,,2026-08-09 12:03:42
106882,2580,351,406,PENDING_PAYMENT,12.0,EXPRESS,,,716,SF,,2026-08-13 06:19:42
106883,1707,263,49,PENDING_PAYMENT,60.0,EXPRESS,,,546,SF,,2026-08-06 20:56:42
106884,2177,257,334,PENDING_PAYMENT,2.0,MEETUP,23,17:00-18:00,,,,2026-08-13 11:29:42
106885,3716,42,872,PENDING_PAYMENT,3.0,MEETUP,13,12:00-13:00,,,,2026-08-13 03:30:42
106886,559,64,714,PENDING_PAYMENT,12.0,MEETUP,11,17:00-18:00,,,,2026-08-12 21:58:42
106887,1760,84,957,PENDING_PAYMENT,60.0,MEETUP,16,17:00-18:00,,,,2026-08-07 04:55:42
106888,960,953,7,PENDING_PAYMENT,2.0,MEETUP,8,17:00-18:00,,,,2026-08-08 00:36:42
106889,4491,24,310,PENDING_PAYMENT,80.0,MEETUP,16,17:00-18:00,,,,2026-08-10 16:55:42
106890,650,560,388,PENDING_PAYMENT,8.0,MEETUP,4,19:00-20:00,,,,2026-08-14 14:29:42
106891,103,689,998,PENDING_PAYMENT,30.0,MEETUP,23,18:00-19:00,,,,2026-08-06 19:20:42
106892,3008,111,462,PENDING_PAYMENT,5.0,EXPRESS,,,228,SF,,2026-08-10 05:59:42
106893,3993,308,629,PENDING_PAYMENT,100.0,EXPRESS,,,635,SF,,2026-08-13 10:08:42
106894,4976,574,835,PENDING_PAYMENT,80.0,EXPRESS,,,1153,SF,,2026-08-08 22:41:42
106895,1099,213,286,PENDING_PAYMENT,1.0,EXPRESS,,,448,SF,,2026-08-09 21:11:42
106896,4502,837,878,PENDING_PAYMENT,150.0,MEETUP,29,17:00-18:00,,,,2026-08-10 01:20:42
106897,3294,177,957,PENDING_PAYMENT,15.0,MEETUP,23,18:00-19:00,,,,2026-08-10 15:08:42
106898,524,22,4,PENDING_PAYMENT,200.0,EXPRESS,,,47,SF,,2026-08-15 22:01:42
106899,4404,908,578,PENDING_PAYMENT,25.0,MEETUP,12,19:00-20:00,,,,2026-08-13 21:30:42
106900,3461,473,225,PENDING_PAYMENT,120.0,EXPRESS,,,961,SF,,2026-08-11 05:35:42
106901,4135,805,858,PENDING_PAYMENT,8.0,EXPRESS,,,1603,SF,,2026-08-12 19:14:42
106902,1684,356,738,PENDING_PAYMENT,30.0,EXPRESS,,,726,SF,,2026-08-12 01:42:42
106903,3639,783,378,PENDING_PAYMENT,50.0,EXPRESS,,,1560,SF,,2026-08-13 12:28:42
106904,4850,722,686,PENDING_PAYMENT,15.0,EXPRESS,,,1437,SF,,2026-08-09 09:32:42
106905,34,911,349,PENDING_PAYMENT,100.0,MEETUP,8,18:00-19:00,,,,2026-08-08 20:50:42
106906,4033,976,538,PENDING_PAYMENT,80.0,EXPRESS,,,1954,SF,,2026-08-10 06:16:42
106907,795,402,783,PENDING_PAYMENT,1.0,EXPRESS,,,812,SF,,2026-08-14 12:59:42
106908,512,349,719,PENDING_PAYMENT,20.0,EXPRESS,,,711,SF,,2026-08-10 23:18:42
106909,4113,682,206,PENDING_PAYMENT,50.0,MEETUP,21,17:00-18:00,,,,2026-08-09 07:06:42
106910,1202,948,261,PENDING_PAYMENT,3.0,MEETUP,24,12:00-13:00,,,,2026-08-12 22:13:42
106911,1704,991,404,PENDING_PAYMENT,150.0,MEETUP,4,12:00-13:00,,,,2026-08-14 06:04:42
106912,2064,204,721,PENDING_PAYMENT,25.0,MEETUP,16,18:00-19:00,,,,2026-08-08 14:10:42
106913,2852,920,666,PENDING_PAYMENT,3.0,MEETUP,6,17:00-18:00,,,,2026-08-07 00:51:42
106914,931,991,858,PENDING_PAYMENT,20.0,EXPRESS,,,1979,SF,,2026-08-16 14:03:42
106915,2952,151,605,PENDING_PAYMENT,200.0,MEETUP,16,18:00-19:00,,,,2026-08-12 19:37:42
106916,3561,279,694,PENDING_PAYMENT,2.0,MEETUP,17,19:00-20:00,,,,2026-08-08 10:47:42
106917,2931,408,832,PENDING_PAYMENT,1.0,MEETUP,15,19:00-20:00,,,,2026-08-13 01:20:42
106918,172,870,415,PENDING_PAYMENT,10.0,EXPRESS,,,1729,SF,,2026-08-08 08:00:42
106919,48,631,488,PENDING_PAYMENT,2.0,EXPRESS,,,1256,SF,,2026-08-10 01:31:42
106920,2590,117,401,PENDING_PAYMENT,50.0,MEETUP,5,18:00-19:00,,,,2026-08-09 13:41:42
106921,1354,928,965,PENDING_PAYMENT,2.0,MEETUP,17,19:00-20:00,,,,2026-08-09 05:19:42
106922,1918,604,725,PENDING_PAYMENT,20.0,MEETUP,13,17:00-18:00,,,,2026-08-15 12:46:42
106923,2980,964,62,PENDING_PAYMENT,3.0,EXPRESS,,,1931,SF,,2026-08-09 18:19:42
106924,1000,371,339,PENDING_PAYMENT,80.0,MEETUP,3,19:00-20:00,,,,2026-08-11 23:15:42
106925,1587,742,296,PENDING_PAYMENT,100.0,EXPRESS,,,1476,SF,,2026-08-08 07:54:42
106926,3846,616,214,PENDING_PAYMENT,1.0,MEETUP,27,12:00-13:00,,,,2026-08-07 22:18:42
106927,2112,766,204,PENDING_PAYMENT,25.0,MEETUP,11,19:00-20:00,,,,2026-08-14 14:49:42
106928,3450,918,649,PENDING_PAYMENT,30.0,MEETUP,18,12:00-13:00,,,,2026-08-16 13:48:42
106929,199,168,278,PENDING_PAYMENT,25.0,EXPRESS,,,347,SF,,2026-08-08 08:22:42
106930,1324,806,223,PENDING_PAYMENT,12.0,MEETUP,16,12:00-13:00,,,,2026-08-08 07:20:42
106931,2141,986,187,PENDING_PAYMENT,15.0,EXPRESS,,,1971,SF,,2026-08-08 10:44:42
106932,3951,958,349,PENDING_PAYMENT,3.0,MEETUP,3,19:00-20:00,,,,2026-08-07 02:02:42
106933,1280,927,738,PENDING_PAYMENT,30.0,EXPRESS,,,1853,SF,,2026-08-09 07:56:42
106934,1814,172,428,PENDING_PAYMENT,2.0,MEETUP,22,12:00-13:00,,,,2026-08-10 23:41:42
106935,3859,213,126,PENDING_PAYMENT,8.0,EXPRESS,,,447,SF,,2026-08-14 21:01:42
106936,1619,741,814,PENDING_PAYMENT,150.0,MEETUP,28,18:00-19:00,,,,2026-08-09 09:14:42
106937,3380,338,442,PENDING_PAYMENT,50.0,MEETUP,26,19:00-20:00,,,,2026-08-11 13:10:42
106938,388,732,232,PENDING_PAYMENT,100.0,EXPRESS,,,1453,SF,,2026-08-13 00:53:42
106939,3060,48,927,PENDING_PAYMENT,60.0,EXPRESS,,,104,SF,,2026-08-08 18:37:42
106940,3718,30,578,PENDING_PAYMENT,5.0,MEETUP,28,17:00-18:00,,,,2026-08-16 08:18:42
106941,3626,369,355,PENDING_PAYMENT,50.0,EXPRESS,,,752,SF,,2026-08-10 22:51:42
106942,1079,78,889,PENDING_PAYMENT,8.0,MEETUP,29,19:00-20:00,,,,2026-08-07 01:03:42
106943,1258,814,272,PENDING_PAYMENT,100.0,MEETUP,27,17:00-18:00,,,,2026-08-11 09:45:42
106944,381,20,293,PENDING_PAYMENT,3.0,MEETUP,3,18:00-19:00,,,,2026-08-16 03:23:42
106945,285,89,71,PENDING_PAYMENT,80.0,EXPRESS,,,188,SF,,2026-08-15 06:09:42
106946,2070,674,647,PENDING_PAYMENT,30.0,MEETUP,7,12:00-13:00,,,,2026-08-08 10:23:42
106947,299,206,302,PENDING_PAYMENT,30.0,MEETUP,17,17:00-18:00,,,,2026-08-14 19:37:42
106948,1033,498,979,PENDING_PAYMENT,80.0,EXPRESS,,,1010,SF,,2026-08-16 02:37:42
106949,3486,553,209,PENDING_PAYMENT,120.0,EXPRESS,,,1116,SF,,2026-08-14 08:49:42
106950,3140,555,930,PENDING_PAYMENT,12.0,MEETUP,29,12:00-13:00,,,,2026-08-16 01:37:42
106951,3251,353,601,PENDING_PAYMENT,3.0,EXPRESS,,,721,SF,,2026-08-14 12:44:42
106952,2537,751,249,PENDING_PAYMENT,20.0,EXPRESS,,,1499,SF,,2026-08-11 10:50:42
106953,4973,84,202,PENDING_PAYMENT,80.0,MEETUP,26,18:00-19:00,,,,2026-08-12 07:09:42
106954,2511,189,502,PENDING_PAYMENT,120.0,MEETUP,15,17:00-18:00,,,,2026-08-10 15:20:42
106955,1992,146,842,PENDING_PAYMENT,20.0,EXPRESS,,,303,SF,,2026-08-07 23:59:42
106956,1648,941,350,PENDING_PAYMENT,12.0,EXPRESS,,,1886,SF,,2026-08-06 22:23:42
106957,3058,115,407,PENDING_PAYMENT,30.0,MEETUP,25,12:00-13:00,,,,2026-08-09 03:51:42
106958,1010,285,892,PENDING_PAYMENT,80.0,EXPRESS,,,596,SF,,2026-08-14 06:35:42
106959,3855,619,838,PENDING_PAYMENT,3.0,MEETUP,16,17:00-18:00,,,,2026-08-15 01:08:42
106960,3910,870,672,PENDING_PAYMENT,8.0,EXPRESS,,,1731,SF,,2026-08-13 07:16:42
106961,2951,702,577,PENDING_PAYMENT,5.0,MEETUP,17,18:00-19:00,,,,2026-08-07 11:00:42
106962,3107,296,954,PENDING_PAYMENT,1.0,EXPRESS,,,617,SF,,2026-08-07 06:53:42
106963,937,998,721,PENDING_PAYMENT,100.0,EXPRESS,,,1991,SF,,2026-08-16 00:31:42
106964,3087,434,759,PENDING_PAYMENT,200.0,MEETUP,5,17:00-18:00,,,,2026-08-12 05:47:42
106965,4701,754,585,PENDING_PAYMENT,50.0,EXPRESS,,,1507,SF,,2026-08-15 08:48:42
106966,2151,198,22,PENDING_PAYMENT,30.0,MEETUP,20,12:00-13:00,,,,2026-08-08 19:08:42
106967,3665,924,16,PENDING_PAYMENT,20.0,EXPRESS,,,1845,SF,,2026-08-15 23:42:42
106968,4981,83,234,PENDING_PAYMENT,1.0,EXPRESS,,,174,SF,,2026-08-09 01:06:42
106969,3497,108,789,PENDING_PAYMENT,15.0,MEETUP,14,18:00-19:00,,,,2026-08-07 07:36:42
106970,2219,85,918,PENDING_PAYMENT,5.0,EXPRESS,,,179,SF,,2026-08-14 12:13:42
106971,4286,69,262,PENDING_PAYMENT,8.0,MEETUP,20,12:00-13:00,,,,2026-08-12 14:09:42
106972,805,290,440,PENDING_PAYMENT,12.0,MEETUP,17,12:00-13:00,,,,2026-08-15 04:36:42
106973,4212,845,705,PENDING_PAYMENT,60.0,MEETUP,17,17:00-18:00,,,,2026-08-10 16:46:42
106974,4229,124,143,PENDING_PAYMENT,3.0,MEETUP,5,19:00-20:00,,,,2026-08-11 22:12:42
106975,4268,61,122,PENDING_PAYMENT,1.0,EXPRESS,,,131,SF,,2026-08-16 09:00:42
106976,3396,727,237,PENDING_PAYMENT,2.0,MEETUP,16,18:00-19:00,,,,2026-08-09 07:43:42
106977,2167,688,464,PENDING_PAYMENT,3.0,MEETUP,11,19:00-20:00,,,,2026-08-10 18:32:42
106978,2138,57,513,PENDING_PAYMENT,200.0,MEETUP,12,12:00-13:00,,,,2026-08-13 07:40:42
106979,4890,257,304,PENDING_PAYMENT,10.0,MEETUP,25,17:00-18:00,,,,2026-08-07 21:07:42
106980,2285,122,998,PENDING_PAYMENT,200.0,EXPRESS,,,250,SF,,2026-08-10 12:07:42
106981,4016,950,177,PENDING_PAYMENT,5.0,MEETUP,15,18:00-19:00,,,,2026-08-11 16:33:42
106982,4599,410,935,PENDING_PAYMENT,150.0,EXPRESS,,,831,SF,,2026-08-09 11:01:42
106983,665,475,20,PENDING_PAYMENT,150.0,EXPRESS,,,963,SF,,2026-08-12 04:28:42
106984,1202,104,261,PENDING_PAYMENT,3.0,MEETUP,6,19:00-20:00,,,,2026-08-10 08:51:42
106985,3541,98,356,PENDING_PAYMENT,8.0,EXPRESS,,,205,SF,,2026-08-16 16:01:42
106986,4924,715,465,PENDING_PAYMENT,60.0,MEETUP,2,19:00-20:00,,,,2026-08-13 06:54:42
106987,1555,51,821,PENDING_PAYMENT,5.0,EXPRESS,,,111,SF,,2026-08-15 18:47:42
106988,1795,392,644,PENDING_PAYMENT,10.0,MEETUP,18,17:00-18:00,,,,2026-08-08 21:00:42
106989,3983,363,650,PENDING_PAYMENT,1.0,EXPRESS,,,740,SF,,2026-08-10 18:05:42
106990,1584,743,831,PENDING_PAYMENT,10.0,MEETUP,1,12:00-13:00,,,,2026-08-11 13:50:42
106991,2719,590,661,PENDING_PAYMENT,8.0,EXPRESS,,,1178,SF,,2026-08-12 06:53:42
106992,4800,845,639,PENDING_PAYMENT,15.0,MEETUP,8,18:00-19:00,,,,2026-08-11 12:44:42
106993,4430,704,263,PENDING_PAYMENT,3.0,MEETUP,6,19:00-20:00,,,,2026-08-12 10:10:42
106994,907,268,976,PENDING_PAYMENT,60.0,MEETUP,18,17:00-18:00,,,,2026-08-06 18:56:42
106995,2161,980,606,PENDING_PAYMENT,120.0,EXPRESS,,,1962,SF,,2026-08-07 08:05:42
106996,193,519,776,PENDING_PAYMENT,200.0,EXPRESS,,,1054,SF,,2026-08-08 09:14:42
106997,1841,873,857,PENDING_PAYMENT,3.0,EXPRESS,,,1735,SF,,2026-08-10 09:43:42
106998,4504,35,767,PENDING_PAYMENT,120.0,MEETUP,27,17:00-18:00,,,,2026-08-09 09:42:42
106999,2955,26,925,PENDING_PAYMENT,15.0,MEETUP,10,12:00-13:00,,,,2026-08-16 11:07:42
107000,203,556,363,PENDING_PAYMENT,60.0,MEETUP,1,12:00-13:00,,,,2026-08-11 19:52:42
107001,4939,555,153,PENDING_PAYMENT,2.0,EXPRESS,,,1119,SF,,2026-08-14 08:02:42
107002,4305,638,364,PENDING_PAYMENT,5.0,EXPRESS,,,1268,SF,,2026-08-11 20:34:42
107003,2660,208,112,PENDING_PAYMENT,5.0,MEETUP,20,12:00-13:00,,,,2026-08-11 07:16:42
107004,4394,85,629,PENDING_PAYMENT,12.0,EXPRESS,,,177,SF,,2026-08-12 10:03:42
107005,2385,576,346,PENDING_PAYMENT,2.0,EXPRESS,,,1156,SF,,2026-08-16 04:47:42
107006,3900,944,434,PENDING_PAYMENT,200.0,EXPRESS,,,1890,SF,,2026-08-07 16:29:42
107007,4747,448,375,PENDING_PAYMENT,100.0,MEETUP,21,18:00-19:00,,,,2026-08-15 16:49:42
107008,2436,285,541,PENDING_PAYMENT,200.0,MEETUP,22,19:00-20:00,,,,2026-08-12 18:34:42
107009,1421,897,964,PENDING_PAYMENT,8.0,MEETUP,12,19:00-20:00,,,,2026-08-14 07:18:42
107010,620,760,505,PENDING_PAYMENT,80.0,MEETUP,26,12:00-13:00,,,,2026-08-16 18:08:42
107011,1726,674,649,PENDING_PAYMENT,200.0,EXPRESS,,,1347,SF,,2026-08-13 20:19:42
107012,4931,298,344,PENDING_PAYMENT,60.0,EXPRESS,,,619,SF,,2026-08-08 14:27:42
107013,2650,236,338,PENDING_PAYMENT,3.0,MEETUP,25,19:00-20:00,,,,2026-08-14 11:08:42
107014,3755,735,294,PENDING_PAYMENT,100.0,MEETUP,6,19:00-20:00,,,,2026-08-11 14:57:42
107015,4935,755,251,PENDING_PAYMENT,20.0,MEETUP,14,18:00-19:00,,,,2026-08-07 20:37:42
107016,818,434,59,PENDING_PAYMENT,200.0,MEETUP,11,19:00-20:00,,,,2026-08-09 00:32:42
107017,3308,77,766,PENDING_PAYMENT,200.0,EXPRESS,,,161,SF,,2026-08-15 23:55:42
107018,550,38,505,PENDING_PAYMENT,80.0,MEETUP,5,18:00-19:00,,,,2026-08-08 04:05:42
107019,1968,25,301,PENDING_PAYMENT,150.0,EXPRESS,,,53,SF,,2026-08-08 12:25:42
107020,3719,999,720,PENDING_PAYMENT,5.0,EXPRESS,,,1992,SF,,2026-08-16 11:44:42
107021,2291,490,267,PENDING_PAYMENT,10.0,MEETUP,15,17:00-18:00,,,,2026-08-11 06:35:42
107022,4387,432,222,PENDING_PAYMENT,60.0,MEETUP,17,17:00-18:00,,,,2026-08-14 12:34:42
107023,935,417,420,PENDING_PAYMENT,120.0,EXPRESS,,,847,SF,,2026-08-07 13:33:42
107024,3591,455,580,PENDING_PAYMENT,80.0,MEETUP,10,19:00-20:00,,,,2026-08-11 02:17:42
107025,737,408,894,PENDING_PAYMENT,50.0,MEETUP,24,19:00-20:00,,,,2026-08-14 11:58:42
107026,4087,910,998,PENDING_PAYMENT,25.0,MEETUP,17,17:00-18:00,,,,2026-08-13 08:44:42
107027,4309,22,54,PENDING_PAYMENT,80.0,EXPRESS,,,47,SF,,2026-08-07 15:27:42
107028,2140,616,788,PENDING_PAYMENT,12.0,EXPRESS,,,1229,SF,,2026-08-10 07:44:42
107029,3606,615,931,PENDING_PAYMENT,100.0,EXPRESS,,,1226,SF,,2026-08-14 10:04:42
107030,1382,151,839,PENDING_PAYMENT,60.0,MEETUP,7,17:00-18:00,,,,2026-08-15 17:49:42
107031,3090,90,488,PENDING_PAYMENT,12.0,EXPRESS,,,189,SF,,2026-08-15 03:30:42
107032,4628,265,493,PENDING_PAYMENT,80.0,EXPRESS,,,552,SF,,2026-08-14 03:30:42
107033,1655,15,574,PENDING_PAYMENT,12.0,EXPRESS,,,33,SF,,2026-08-16 16:56:42
107034,2466,788,611,PENDING_PAYMENT,12.0,MEETUP,4,12:00-13:00,,,,2026-08-10 09:33:42
107035,4296,972,546,PENDING_PAYMENT,60.0,MEETUP,26,19:00-20:00,,,,2026-08-07 04:03:42
107036,4257,904,7,PENDING_PAYMENT,60.0,MEETUP,5,18:00-19:00,,,,2026-08-15 10:54:42
107037,3470,88,3,PENDING_PAYMENT,80.0,MEETUP,23,17:00-18:00,,,,2026-08-15 10:10:42
107038,1244,265,873,PENDING_PAYMENT,15.0,MEETUP,28,17:00-18:00,,,,2026-08-16 11:22:42
107039,4758,490,676,PENDING_PAYMENT,15.0,EXPRESS,,,997,SF,,2026-08-15 13:31:42
107040,2852,25,666,PENDING_PAYMENT,3.0,MEETUP,15,18:00-19:00,,,,2026-08-12 17:29:42
107041,1879,111,419,PENDING_PAYMENT,2.0,MEETUP,26,17:00-18:00,,,,2026-08-11 07:15:42
107042,2731,979,300,PENDING_PAYMENT,1.0,MEETUP,4,19:00-20:00,,,,2026-08-14 05:42:42
107043,814,451,588,PENDING_PAYMENT,80.0,MEETUP,23,19:00-20:00,,,,2026-08-14 18:31:42
107044,3004,657,625,PENDING_PAYMENT,30.0,EXPRESS,,,1311,SF,,2026-08-07 09:18:42
107045,4057,215,539,PENDING_PAYMENT,25.0,EXPRESS,,,450,SF,,2026-08-10 14:10:42
107046,439,163,287,PENDING_PAYMENT,5.0,EXPRESS,,,339,SF,,2026-08-13 01:00:42
107047,3265,488,84,PENDING_PAYMENT,1.0,MEETUP,30,18:00-19:00,,,,2026-08-13 21:21:42
107048,1554,115,443,PENDING_PAYMENT,1.0,EXPRESS,,,237,SF,,2026-08-15 20:37:42
107049,3043,59,470,PENDING_PAYMENT,120.0,MEETUP,26,19:00-20:00,,,,2026-08-12 17:41:42
107050,2077,490,340,PENDING_PAYMENT,15.0,EXPRESS,,,997,SF,,2026-08-12 19:36:42
107051,3728,845,202,PENDING_PAYMENT,12.0,EXPRESS,,,1681,SF,,2026-08-06 21:36:42
107052,4889,213,62,PENDING_PAYMENT,20.0,MEETUP,8,12:00-13:00,,,,2026-08-09 23:29:42
107053,3002,26,584,PENDING_PAYMENT,50.0,MEETUP,18,17:00-18:00,,,,2026-08-16 08:46:42
107054,4070,917,857,PENDING_PAYMENT,50.0,MEETUP,1,12:00-13:00,,,,2026-08-08 06:26:42
107055,3312,713,235,PENDING_PAYMENT,25.0,EXPRESS,,,1418,SF,,2026-08-09 23:10:42
107056,2264,746,534,PENDING_PAYMENT,20.0,MEETUP,11,18:00-19:00,,,,2026-08-15 00:49:42
107057,634,16,667,PENDING_PAYMENT,8.0,EXPRESS,,,34,SF,,2026-08-15 17:12:42
107058,2701,990,136,PENDING_PAYMENT,20.0,MEETUP,2,19:00-20:00,,,,2026-08-08 11:11:42
107059,221,112,591,PENDING_PAYMENT,3.0,EXPRESS,,,230,SF,,2026-08-07 02:22:42
107060,2686,761,398,PENDING_PAYMENT,3.0,EXPRESS,,,1525,SF,,2026-08-12 09:21:42
107061,1750,20,890,PENDING_PAYMENT,10.0,EXPRESS,,,42,SF,,2026-08-11 02:05:42
107062,2543,677,656,PENDING_PAYMENT,2.0,EXPRESS,,,1353,SF,,2026-08-13 15:40:42
107063,4524,478,539,PENDING_PAYMENT,60.0,MEETUP,9,17:00-18:00,,,,2026-08-11 15:08:42
107064,2674,551,410,PENDING_PAYMENT,3.0,EXPRESS,,,1111,SF,,2026-08-07 04:22:42
107065,3620,135,672,PENDING_PAYMENT,8.0,MEETUP,7,18:00-19:00,,,,2026-08-08 00:48:42
107066,2369,701,63,PENDING_PAYMENT,2.0,MEETUP,20,17:00-18:00,,,,2026-08-10 07:50:42
107067,615,723,161,PENDING_PAYMENT,150.0,MEETUP,27,12:00-13:00,,,,2026-08-12 07:42:42
107068,753,352,600,PENDING_PAYMENT,30.0,EXPRESS,,,718,SF,,2026-08-13 10:59:42
107069,4756,711,489,PENDING_PAYMENT,15.0,MEETUP,2,18:00-19:00,,,,2026-08-09 19:39:42
107070,2755,443,346,PENDING_PAYMENT,150.0,EXPRESS,,,903,SF,,2026-08-07 03:33:42
107071,2400,406,194,PENDING_PAYMENT,1.0,EXPRESS,,,819,SF,,2026-08-12 21:54:42
107072,2003,985,796,PENDING_PAYMENT,5.0,EXPRESS,,,1969,SF,,2026-08-09 04:56:42
107073,3106,223,809,PENDING_PAYMENT,10.0,EXPRESS,,,465,SF,,2026-08-07 00:21:42
107074,2512,251,797,PENDING_PAYMENT,80.0,MEETUP,22,12:00-13:00,,,,2026-08-10 01:19:42
107075,2355,461,723,PENDING_PAYMENT,12.0,MEETUP,17,18:00-19:00,,,,2026-08-16 08:21:42
107076,3942,474,715,PENDING_PAYMENT,1.0,MEETUP,15,18:00-19:00,,,,2026-08-10 23:48:42
107077,1434,34,424,PENDING_PAYMENT,25.0,MEETUP,3,12:00-13:00,,,,2026-08-07 15:38:42
107078,4944,74,931,PENDING_PAYMENT,1.0,EXPRESS,,,157,SF,,2026-08-10 22:08:42
107079,3630,271,129,PENDING_PAYMENT,3.0,MEETUP,5,17:00-18:00,,,,2026-08-16 17:59:42
107080,4470,270,452,PENDING_PAYMENT,2.0,EXPRESS,,,560,SF,,2026-08-10 01:11:42
107081,3494,277,895,PENDING_PAYMENT,25.0,EXPRESS,,,577,SF,,2026-08-11 22:31:42
107082,3454,485,432,PENDING_PAYMENT,100.0,MEETUP,27,12:00-13:00,,,,2026-08-11 07:38:42
107083,4177,489,635,PENDING_PAYMENT,80.0,MEETUP,24,17:00-18:00,,,,2026-08-11 21:28:42
107084,3954,232,557,PENDING_PAYMENT,120.0,EXPRESS,,,484,SF,,2026-08-10 04:17:42
107085,4596,280,586,PENDING_PAYMENT,3.0,EXPRESS,,,585,SF,,2026-08-16 02:22:42
107086,1102,841,28,PENDING_PAYMENT,20.0,EXPRESS,,,1671,SF,,2026-08-14 15:28:42
107087,2736,645,306,PENDING_PAYMENT,150.0,EXPRESS,,,1282,SF,,2026-08-15 22:21:42
107088,1709,100,217,PENDING_PAYMENT,30.0,MEETUP,18,17:00-18:00,,,,2026-08-14 03:45:42
107089,1528,248,84,PENDING_PAYMENT,100.0,MEETUP,23,19:00-20:00,,,,2026-08-11 08:07:42
107090,923,232,131,PENDING_PAYMENT,100.0,EXPRESS,,,484,SF,,2026-08-09 05:56:42
107091,3627,677,148,PENDING_PAYMENT,80.0,EXPRESS,,,1354,SF,,2026-08-15 03:55:42
107092,3932,862,464,PENDING_PAYMENT,5.0,MEETUP,20,19:00-20:00,,,,2026-08-13 00:02:42
107093,3696,425,147,PENDING_PAYMENT,12.0,EXPRESS,,,869,SF,,2026-08-09 02:47:42
107094,4656,995,484,PENDING_PAYMENT,150.0,MEETUP,13,19:00-20:00,,,,2026-08-09 16:40:42
107095,2548,43,538,PENDING_PAYMENT,5.0,EXPRESS,,,91,SF,,2026-08-14 05:38:42
107096,627,913,616,PENDING_PAYMENT,2.0,EXPRESS,,,1821,SF,,2026-08-13 01:17:42
107097,3123,715,357,PENDING_PAYMENT,100.0,EXPRESS,,,1426,SF,,2026-08-08 05:51:42
107098,2827,973,492,PENDING_PAYMENT,3.0,MEETUP,26,12:00-13:00,,,,2026-08-09 19:36:42
107099,1381,200,491,PENDING_PAYMENT,50.0,MEETUP,26,12:00-13:00,,,,2026-08-08 17:20:42
107100,904,663,181,PENDING_PAYMENT,60.0,MEETUP,13,19:00-20:00,,,,2026-08-08 18:16:42
107101,3555,663,23,PENDING_PAYMENT,5.0,EXPRESS,,,1324,SF,,2026-08-15 18:57:42
107102,1983,769,691,PENDING_PAYMENT,25.0,MEETUP,5,17:00-18:00,,,,2026-08-13 09:19:42
107103,3703,722,863,PENDING_PAYMENT,120.0,MEETUP,30,19:00-20:00,,,,2026-08-07 18:23:42
107104,2048,259,211,PENDING_PAYMENT,2.0,EXPRESS,,,537,SF,,2026-08-08 17:56:42
107105,2309,813,317,PENDING_PAYMENT,3.0,MEETUP,20,19:00-20:00,,,,2026-08-16 13:53:42
107106,2026,873,708,PENDING_PAYMENT,20.0,EXPRESS,,,1735,SF,,2026-08-12 13:40:42
107107,1732,45,515,PENDING_PAYMENT,120.0,EXPRESS,,,98,SF,,2026-08-10 02:09:42
107108,1153,127,52,PENDING_PAYMENT,120.0,MEETUP,2,17:00-18:00,,,,2026-08-13 16:53:42
107109,1925,698,844,PENDING_PAYMENT,80.0,MEETUP,17,19:00-20:00,,,,2026-08-07 16:17:42
107110,1612,433,767,PENDING_PAYMENT,2.0,EXPRESS,,,885,SF,,2026-08-15 11:07:42
107111,1578,767,109,PENDING_PAYMENT,12.0,EXPRESS,,,1535,SF,,2026-08-15 20:47:42
107112,1328,62,881,PENDING_PAYMENT,2.0,MEETUP,11,19:00-20:00,,,,2026-08-07 16:53:42
107113,390,660,445,PENDING_PAYMENT,25.0,MEETUP,14,17:00-18:00,,,,2026-08-13 16:47:42
107114,3258,506,52,PENDING_PAYMENT,60.0,EXPRESS,,,1029,SF,,2026-08-13 06:47:42
107115,2525,543,489,PENDING_PAYMENT,12.0,EXPRESS,,,1097,SF,,2026-08-08 07:30:42
107116,1012,992,412,PENDING_PAYMENT,10.0,MEETUP,18,19:00-20:00,,,,2026-08-12 00:17:42
107117,731,483,220,PENDING_PAYMENT,60.0,EXPRESS,,,979,SF,,2026-08-10 05:43:42
107118,2598,801,727,PENDING_PAYMENT,8.0,EXPRESS,,,1597,SF,,2026-08-14 18:06:42
107119,825,117,297,PENDING_PAYMENT,50.0,EXPRESS,,,240,SF,,2026-08-07 23:17:42
107120,1031,94,802,PENDING_PAYMENT,8.0,EXPRESS,,,197,SF,,2026-08-15 16:18:42
107121,1013,590,931,PENDING_PAYMENT,2.0,MEETUP,19,12:00-13:00,,,,2026-08-13 09:45:42
107122,1862,121,13,PENDING_PAYMENT,8.0,EXPRESS,,,247,SF,,2026-08-16 05:49:42
107123,19,543,309,PENDING_PAYMENT,30.0,EXPRESS,,,1096,SF,,2026-08-14 11:08:42
107124,911,828,623,PENDING_PAYMENT,2.0,MEETUP,2,12:00-13:00,,,,2026-08-12 02:26:42
107125,1867,360,155,PENDING_PAYMENT,5.0,EXPRESS,,,734,SF,,2026-08-10 14:32:42
107126,3681,681,916,PENDING_PAYMENT,5.0,EXPRESS,,,1360,SF,,2026-08-14 20:35:42
107127,843,504,881,PENDING_PAYMENT,8.0,MEETUP,10,17:00-18:00,,,,2026-08-11 06:46:42
107128,4106,168,186,PENDING_PAYMENT,15.0,EXPRESS,,,347,SF,,2026-08-11 10:54:42
107129,4589,247,30,PENDING_PAYMENT,150.0,EXPRESS,,,512,SF,,2026-08-13 17:08:42
107130,988,291,491,PENDING_PAYMENT,80.0,EXPRESS,,,610,SF,,2026-08-10 10:16:42
107131,4411,684,404,PENDING_PAYMENT,5.0,EXPRESS,,,1364,SF,,2026-08-09 10:28:42
107132,4186,283,657,PENDING_PAYMENT,30.0,EXPRESS,,,591,SF,,2026-08-10 14:32:42
107133,590,299,665,PENDING_PAYMENT,10.0,EXPRESS,,,620,SF,,2026-08-15 23:51:42
107134,4171,960,907,PENDING_PAYMENT,200.0,EXPRESS,,,1924,SF,,2026-08-12 14:51:42
107135,599,757,575,PENDING_PAYMENT,2.0,MEETUP,16,12:00-13:00,,,,2026-08-14 01:22:42
107136,1928,427,286,PENDING_PAYMENT,25.0,MEETUP,24,18:00-19:00,,,,2026-08-10 12:41:42
107137,3078,273,113,PENDING_PAYMENT,20.0,EXPRESS,,,568,SF,,2026-08-07 07:58:42
107138,148,816,310,PENDING_PAYMENT,30.0,MEETUP,10,17:00-18:00,,,,2026-08-15 09:06:42
107139,4386,83,46,PENDING_PAYMENT,30.0,EXPRESS,,,175,SF,,2026-08-10 22:14:42
107140,706,679,201,PENDING_PAYMENT,120.0,EXPRESS,,,1358,SF,,2026-08-11 16:54:42
107141,2147,66,365,PENDING_PAYMENT,12.0,MEETUP,5,19:00-20:00,,,,2026-08-09 09:49:42
107142,2482,850,170,PENDING_PAYMENT,3.0,EXPRESS,,,1688,SF,,2026-08-14 13:48:42
107143,840,697,544,PENDING_PAYMENT,120.0,MEETUP,29,12:00-13:00,,,,2026-08-15 15:18:42
107144,1098,705,942,PENDING_PAYMENT,60.0,MEETUP,12,17:00-18:00,,,,2026-08-16 18:55:42
107145,4821,934,555,PENDING_PAYMENT,8.0,MEETUP,24,19:00-20:00,,,,2026-08-11 05:10:42
107146,4187,329,855,PENDING_PAYMENT,25.0,EXPRESS,,,675,SF,,2026-08-08 12:36:42
107147,2262,883,926,PENDING_PAYMENT,5.0,EXPRESS,,,1754,SF,,2026-08-15 12:59:42
107148,3930,885,926,PENDING_PAYMENT,8.0,EXPRESS,,,1758,SF,,2026-08-09 13:25:42
107149,534,725,471,PENDING_PAYMENT,3.0,MEETUP,21,19:00-20:00,,,,2026-08-09 02:23:42
107150,2799,204,430,PENDING_PAYMENT,50.0,EXPRESS,,,429,SF,,2026-08-08 12:07:42
107151,3275,795,164,PENDING_PAYMENT,1.0,MEETUP,13,18:00-19:00,,,,2026-08-10 14:44:42
107152,357,485,982,PENDING_PAYMENT,60.0,EXPRESS,,,986,SF,,2026-08-12 19:25:42
107153,3796,267,69,PENDING_PAYMENT,10.0,EXPRESS,,,555,SF,,2026-08-13 19:54:42
107154,4856,592,68,PENDING_PAYMENT,120.0,EXPRESS,,,1182,SF,,2026-08-12 21:29:42
107155,2591,514,355,PENDING_PAYMENT,8.0,EXPRESS,,,1048,SF,,2026-08-10 04:21:42
107156,3319,739,749,PENDING_PAYMENT,200.0,MEETUP,8,18:00-19:00,,,,2026-08-16 01:15:42
107157,1293,150,826,PENDING_PAYMENT,12.0,EXPRESS,,,310,SF,,2026-08-16 00:54:42
107158,1121,86,731,PENDING_PAYMENT,10.0,MEETUP,8,19:00-20:00,,,,2026-08-16 17:34:42
107159,3708,520,451,PENDING_PAYMENT,50.0,MEETUP,23,18:00-19:00,,,,2026-08-16 14:27:42
107160,2480,677,196,PENDING_PAYMENT,8.0,MEETUP,19,18:00-19:00,,,,2026-08-16 01:24:42
107161,1268,60,395,PENDING_PAYMENT,15.0,EXPRESS,,,130,SF,,2026-08-09 20:15:42
107162,2959,820,449,PENDING_PAYMENT,1.0,MEETUP,18,17:00-18:00,,,,2026-08-11 17:28:42
107163,3327,47,810,PENDING_PAYMENT,20.0,EXPRESS,,,102,SF,,2026-08-10 03:21:42
107164,1240,409,173,PENDING_PAYMENT,30.0,MEETUP,7,19:00-20:00,,,,2026-08-07 10:01:42
107165,832,833,883,PENDING_PAYMENT,12.0,EXPRESS,,,1654,SF,,2026-08-11 07:42:42
107166,4630,209,6,PENDING_PAYMENT,15.0,EXPRESS,,,438,SF,,2026-08-08 00:50:42
107167,2314,236,626,PENDING_PAYMENT,15.0,MEETUP,26,19:00-20:00,,,,2026-08-12 15:59:42
107168,3014,658,945,PENDING_PAYMENT,80.0,EXPRESS,,,1312,SF,,2026-08-08 15:44:42
107169,1158,420,329,PENDING_PAYMENT,5.0,EXPRESS,,,857,SF,,2026-08-08 04:36:42
107170,4323,925,186,PENDING_PAYMENT,20.0,EXPRESS,,,1848,SF,,2026-08-13 13:59:42
107171,4993,267,168,PENDING_PAYMENT,120.0,MEETUP,28,18:00-19:00,,,,2026-08-09 09:04:42
107172,1977,730,573,PENDING_PAYMENT,12.0,MEETUP,15,19:00-20:00,,,,2026-08-13 16:55:42
107173,910,163,782,PENDING_PAYMENT,25.0,MEETUP,10,17:00-18:00,,,,2026-08-11 09:44:42
107174,2097,914,223,PENDING_PAYMENT,20.0,EXPRESS,,,1824,SF,,2026-08-07 14:30:42
107175,4816,886,568,PENDING_PAYMENT,15.0,EXPRESS,,,1760,SF,,2026-08-07 10:29:42
107176,4475,255,630,PENDING_PAYMENT,12.0,MEETUP,26,19:00-20:00,,,,2026-08-15 11:57:42
107177,840,65,544,PENDING_PAYMENT,120.0,EXPRESS,,,138,SF,,2026-08-13 08:20:42
107178,4513,88,510,PENDING_PAYMENT,10.0,EXPRESS,,,186,SF,,2026-08-10 23:21:42
107179,732,517,574,PENDING_PAYMENT,50.0,EXPRESS,,,1052,SF,,2026-08-16 03:51:42
107180,386,793,337,PENDING_PAYMENT,100.0,EXPRESS,,,1580,SF,,2026-08-11 10:52:42
107181,3800,279,413,PENDING_PAYMENT,20.0,MEETUP,28,18:00-19:00,,,,2026-08-08 05:26:42
107182,571,572,435,PENDING_PAYMENT,5.0,MEETUP,20,19:00-20:00,,,,2026-08-12 22:03:42
107183,2070,859,647,PENDING_PAYMENT,30.0,MEETUP,28,19:00-20:00,,,,2026-08-14 04:11:42
107184,3108,189,746,PENDING_PAYMENT,3.0,MEETUP,13,19:00-20:00,,,,2026-08-06 23:51:42
107185,888,654,938,PENDING_PAYMENT,15.0,EXPRESS,,,1305,SF,,2026-08-15 02:13:42
107186,4696,954,233,PENDING_PAYMENT,25.0,MEETUP,22,12:00-13:00,,,,2026-08-15 04:15:42
107187,2248,110,261,PENDING_PAYMENT,5.0,MEETUP,22,18:00-19:00,,,,2026-08-13 12:06:42
107188,4704,134,898,PENDING_PAYMENT,200.0,EXPRESS,,,272,SF,,2026-08-08 05:44:42
107189,1251,427,961,PENDING_PAYMENT,2.0,EXPRESS,,,875,SF,,2026-08-08 03:55:42
107190,4636,25,828,PENDING_PAYMENT,5.0,MEETUP,23,12:00-13:00,,,,2026-08-08 16:01:42
107191,3181,793,712,PENDING_PAYMENT,150.0,MEETUP,26,19:00-20:00,,,,2026-08-16 18:32:42
107192,1433,784,479,PENDING_PAYMENT,80.0,EXPRESS,,,1564,SF,,2026-08-07 12:20:42
107193,1618,369,696,PENDING_PAYMENT,1.0,MEETUP,20,12:00-13:00,,,,2026-08-13 02:45:42
107194,747,910,113,PENDING_PAYMENT,3.0,EXPRESS,,,1814,SF,,2026-08-10 13:13:42
107195,2746,105,465,PENDING_PAYMENT,60.0,MEETUP,26,12:00-13:00,,,,2026-08-13 13:49:42
107196,2906,332,621,PENDING_PAYMENT,200.0,EXPRESS,,,682,SF,,2026-08-14 03:17:42
107197,356,712,382,PENDING_PAYMENT,150.0,EXPRESS,,,1416,SF,,2026-08-09 15:38:42
107198,2701,744,136,PENDING_PAYMENT,20.0,MEETUP,6,17:00-18:00,,,,2026-08-13 03:53:42
107199,1703,941,854,PENDING_PAYMENT,3.0,MEETUP,20,18:00-19:00,,,,2026-08-15 20:01:42
107200,4428,3,614,PENDING_PAYMENT,12.0,EXPRESS,,,7,SF,,2026-08-16 15:03:42
107201,2904,623,168,PENDING_PAYMENT,60.0,EXPRESS,,,1240,SF,,2026-08-07 15:18:42
107202,4507,786,539,PENDING_PAYMENT,25.0,EXPRESS,,,1566,SF,,2026-08-15 20:04:42
107203,1758,480,502,PENDING_PAYMENT,12.0,MEETUP,4,18:00-19:00,,,,2026-08-16 02:02:42
107204,1142,830,824,PENDING_PAYMENT,80.0,EXPRESS,,,1650,SF,,2026-08-10 18:31:42
107205,2307,941,698,PENDING_PAYMENT,150.0,MEETUP,19,17:00-18:00,,,,2026-08-13 04:08:42
107206,2739,343,796,PENDING_PAYMENT,3.0,MEETUP,3,18:00-19:00,,,,2026-08-11 17:04:42
107207,1393,451,907,PENDING_PAYMENT,80.0,EXPRESS,,,917,SF,,2026-08-13 05:56:42
107208,3925,68,469,PENDING_PAYMENT,3.0,EXPRESS,,,145,SF,,2026-08-15 12:38:42
107209,764,228,327,PENDING_PAYMENT,10.0,MEETUP,14,17:00-18:00,,,,2026-08-13 06:06:42
107210,4440,516,645,PENDING_PAYMENT,120.0,MEETUP,21,17:00-18:00,,,,2026-08-06 20:31:42
107211,1912,785,234,PENDING_PAYMENT,10.0,MEETUP,25,18:00-19:00,,,,2026-08-11 20:31:42
107212,541,380,452,PENDING_PAYMENT,15.0,EXPRESS,,,770,SF,,2026-08-13 03:09:42
107213,473,172,885,PENDING_PAYMENT,60.0,EXPRESS,,,358,SF,,2026-08-16 13:35:42
107214,2045,513,951,PENDING_PAYMENT,60.0,MEETUP,28,18:00-19:00,,,,2026-08-14 01:06:42
107215,4658,469,598,PENDING_PAYMENT,200.0,EXPRESS,,,954,SF,,2026-08-08 10:25:42
107216,2397,387,494,PENDING_PAYMENT,80.0,MEETUP,24,17:00-18:00,,,,2026-08-09 08:55:42
107217,2772,29,594,PENDING_PAYMENT,5.0,MEETUP,27,19:00-20:00,,,,2026-08-15 23:43:42
107218,3175,874,368,PENDING_PAYMENT,120.0,MEETUP,6,17:00-18:00,,,,2026-08-16 15:59:42
107219,3994,433,269,PENDING_PAYMENT,60.0,EXPRESS,,,883,SF,,2026-08-15 13:22:42
107220,395,818,99,PENDING_PAYMENT,25.0,EXPRESS,,,1627,SF,,2026-08-14 16:46:42
107221,695,148,179,PENDING_PAYMENT,30.0,MEETUP,16,19:00-20:00,,,,2026-08-12 14:34:42
107222,642,180,916,PENDING_PAYMENT,15.0,EXPRESS,,,376,SF,,2026-08-10 04:10:42
107223,2011,583,790,PENDING_PAYMENT,10.0,MEETUP,22,18:00-19:00,,,,2026-08-15 12:14:42
107224,964,182,735,PENDING_PAYMENT,100.0,MEETUP,23,18:00-19:00,,,,2026-08-10 15:25:42
107225,2353,739,94,PENDING_PAYMENT,100.0,EXPRESS,,,1470,SF,,2026-08-06 19:11:42
107226,3514,488,384,PENDING_PAYMENT,3.0,MEETUP,27,19:00-20:00,,,,2026-08-16 12:11:42
107227,2716,438,993,PENDING_PAYMENT,12.0,EXPRESS,,,894,SF,,2026-08-14 19:34:42
107228,2377,408,819,PENDING_PAYMENT,10.0,MEETUP,6,18:00-19:00,,,,2026-08-15 08:58:42
107229,776,976,649,PENDING_PAYMENT,20.0,MEETUP,20,17:00-18:00,,,,2026-08-09 07:31:42
107230,3043,454,470,PENDING_PAYMENT,120.0,MEETUP,27,12:00-13:00,,,,2026-08-06 23:05:42
107231,2882,552,969,PENDING_PAYMENT,60.0,EXPRESS,,,1112,SF,,2026-08-15 12:43:42
107232,2863,654,639,PENDING_PAYMENT,30.0,MEETUP,13,19:00-20:00,,,,2026-08-07 20:30:42
107233,2259,702,930,PENDING_PAYMENT,20.0,MEETUP,7,18:00-19:00,,,,2026-08-07 16:43:42
107234,2962,415,81,PENDING_PAYMENT,1.0,EXPRESS,,,843,SF,,2026-08-09 16:36:42
107235,1050,477,970,PENDING_PAYMENT,50.0,EXPRESS,,,967,SF,,2026-08-16 03:51:42
107236,2615,487,995,PENDING_PAYMENT,200.0,EXPRESS,,,990,SF,,2026-08-09 23:12:42
107237,3187,618,974,PENDING_PAYMENT,8.0,MEETUP,9,18:00-19:00,,,,2026-08-10 21:43:42
107238,3171,749,618,PENDING_PAYMENT,12.0,MEETUP,28,12:00-13:00,,,,2026-08-11 16:43:42
107239,4471,85,423,PENDING_PAYMENT,10.0,MEETUP,4,18:00-19:00,,,,2026-08-11 15:31:42
107240,1936,319,428,PENDING_PAYMENT,50.0,MEETUP,21,18:00-19:00,,,,2026-08-11 08:48:42
107241,1052,205,58,PENDING_PAYMENT,80.0,EXPRESS,,,430,SF,,2026-08-14 00:05:42
107242,3452,281,985,PENDING_PAYMENT,50.0,MEETUP,18,17:00-18:00,,,,2026-08-15 05:34:42
107243,560,871,993,PENDING_PAYMENT,5.0,EXPRESS,,,1732,SF,,2026-08-11 18:27:42
107244,2134,91,18,PENDING_PAYMENT,12.0,EXPRESS,,,190,SF,,2026-08-09 13:41:42
107245,4287,671,519,PENDING_PAYMENT,100.0,EXPRESS,,,1341,SF,,2026-08-14 01:27:42
107246,2681,767,54,PENDING_PAYMENT,200.0,MEETUP,19,17:00-18:00,,,,2026-08-15 21:04:42
107247,2364,984,709,PENDING_PAYMENT,60.0,MEETUP,25,12:00-13:00,,,,2026-08-08 20:50:42
107248,99,253,124,PENDING_PAYMENT,12.0,MEETUP,30,18:00-19:00,,,,2026-08-14 14:57:42
107249,269,393,177,PENDING_PAYMENT,50.0,EXPRESS,,,795,SF,,2026-08-07 17:41:42
107250,4883,80,134,PENDING_PAYMENT,150.0,EXPRESS,,,168,SF,,2026-08-07 06:02:42
107251,437,655,63,PENDING_PAYMENT,100.0,MEETUP,25,18:00-19:00,,,,2026-08-12 07:24:42
107252,312,893,799,PENDING_PAYMENT,30.0,EXPRESS,,,1778,SF,,2026-08-07 21:16:42
107253,1998,767,751,PENDING_PAYMENT,2.0,EXPRESS,,,1535,SF,,2026-08-10 04:34:42
107254,155,50,116,PENDING_PAYMENT,200.0,EXPRESS,,,109,SF,,2026-08-10 16:31:42
107255,3076,285,917,PENDING_PAYMENT,15.0,EXPRESS,,,595,SF,,2026-08-11 19:42:42
107256,1111,688,304,PENDING_PAYMENT,15.0,EXPRESS,,,1372,SF,,2026-08-13 20:04:42
107257,2027,980,861,PENDING_PAYMENT,120.0,MEETUP,28,18:00-19:00,,,,2026-08-15 19:54:42
107258,83,886,603,PENDING_PAYMENT,25.0,MEETUP,10,19:00-20:00,,,,2026-08-13 05:11:42
107259,3826,81,858,PENDING_PAYMENT,100.0,EXPRESS,,,170,SF,,2026-08-09 02:15:42
107260,4738,407,384,PENDING_PAYMENT,8.0,MEETUP,6,12:00-13:00,,,,2026-08-10 04:25:42
107261,797,370,800,PENDING_PAYMENT,20.0,MEETUP,9,12:00-13:00,,,,2026-08-09 20:47:42
107262,3246,621,374,PENDING_PAYMENT,20.0,MEETUP,30,17:00-18:00,,,,2026-08-13 20:35:42
107263,2672,193,868,PENDING_PAYMENT,2.0,MEETUP,28,12:00-13:00,,,,2026-08-11 18:53:42
107264,3843,778,826,PENDING_PAYMENT,50.0,EXPRESS,,,1551,SF,,2026-08-13 15:45:42
107265,216,261,409,PENDING_PAYMENT,100.0,MEETUP,13,17:00-18:00,,,,2026-08-08 07:03:42
107266,3735,243,55,PENDING_PAYMENT,20.0,EXPRESS,,,504,SF,,2026-08-10 02:11:42
107267,2212,420,809,PENDING_PAYMENT,30.0,EXPRESS,,,856,SF,,2026-08-11 16:10:42
107268,1521,65,728,PENDING_PAYMENT,5.0,MEETUP,5,18:00-19:00,,,,2026-08-16 08:14:42
107269,629,433,619,PENDING_PAYMENT,30.0,MEETUP,22,18:00-19:00,,,,2026-08-13 14:26:42
107270,823,610,349,PENDING_PAYMENT,20.0,EXPRESS,,,1216,SF,,2026-08-14 01:48:42
107271,4691,25,720,PENDING_PAYMENT,60.0,EXPRESS,,,53,SF,,2026-08-09 20:52:42
107272,1254,766,354,PENDING_PAYMENT,15.0,EXPRESS,,,1534,SF,,2026-08-14 11:48:42
107273,2132,587,511,PENDING_PAYMENT,60.0,EXPRESS,,,1174,SF,,2026-08-09 03:33:42
107274,3174,943,119,PENDING_PAYMENT,80.0,EXPRESS,,,1889,SF,,2026-08-16 14:40:42
107275,684,407,816,PENDING_PAYMENT,8.0,MEETUP,18,17:00-18:00,,,,2026-08-13 23:21:42
107276,1869,110,97,PENDING_PAYMENT,50.0,MEETUP,28,17:00-18:00,,,,2026-08-11 01:12:42
107277,2927,140,510,PENDING_PAYMENT,60.0,MEETUP,28,12:00-13:00,,,,2026-08-15 00:26:42
107278,3895,825,153,PENDING_PAYMENT,20.0,EXPRESS,,,1637,SF,,2026-08-09 08:20:42
107279,158,520,151,PENDING_PAYMENT,15.0,EXPRESS,,,1058,SF,,2026-08-13 07:03:42
107280,4579,534,432,PENDING_PAYMENT,10.0,MEETUP,23,18:00-19:00,,,,2026-08-11 22:49:42
107281,3562,491,844,PENDING_PAYMENT,10.0,MEETUP,19,12:00-13:00,,,,2026-08-12 19:08:42
107282,2206,40,179,PENDING_PAYMENT,1.0,EXPRESS,,,85,SF,,2026-08-11 04:44:42
107283,1036,331,602,PENDING_PAYMENT,1.0,EXPRESS,,,680,SF,,2026-08-14 12:30:42
107284,3641,374,767,PENDING_PAYMENT,25.0,MEETUP,12,18:00-19:00,,,,2026-08-14 17:14:42
107285,2087,756,971,PENDING_PAYMENT,8.0,MEETUP,26,19:00-20:00,,,,2026-08-07 03:35:42
107286,3827,429,576,PENDING_PAYMENT,60.0,MEETUP,4,12:00-13:00,,,,2026-08-16 02:32:42
107287,1230,936,669,PENDING_PAYMENT,3.0,MEETUP,19,18:00-19:00,,,,2026-08-09 22:35:42
107288,4927,316,835,PENDING_PAYMENT,25.0,MEETUP,29,17:00-18:00,,,,2026-08-14 19:31:42
107289,586,283,500,PENDING_PAYMENT,5.0,MEETUP,27,19:00-20:00,,,,2026-08-16 00:49:42
107290,1490,380,403,PENDING_PAYMENT,60.0,EXPRESS,,,770,SF,,2026-08-14 08:16:42
107291,3490,219,354,PENDING_PAYMENT,25.0,MEETUP,16,19:00-20:00,,,,2026-08-15 06:24:42
107292,2530,937,661,PENDING_PAYMENT,20.0,MEETUP,24,18:00-19:00,,,,2026-08-08 11:49:42
107293,2739,472,796,PENDING_PAYMENT,3.0,MEETUP,27,18:00-19:00,,,,2026-08-14 05:52:42
107294,3241,320,754,PENDING_PAYMENT,150.0,EXPRESS,,,657,SF,,2026-08-16 11:05:42
107295,4511,628,906,PENDING_PAYMENT,15.0,MEETUP,2,19:00-20:00,,,,2026-08-07 09:39:42
107296,3083,458,62,PENDING_PAYMENT,30.0,EXPRESS,,,935,SF,,2026-08-15 09:03:42
107297,4031,946,53,PENDING_PAYMENT,150.0,EXPRESS,,,1893,SF,,2026-08-12 05:06:42
107298,4725,670,163,PENDING_PAYMENT,30.0,MEETUP,5,17:00-18:00,,,,2026-08-13 17:56:42
107299,2826,172,324,PENDING_PAYMENT,25.0,MEETUP,16,18:00-19:00,,,,2026-08-08 11:56:42
107300,1258,143,272,PENDING_PAYMENT,100.0,MEETUP,15,19:00-20:00,,,,2026-08-08 19:37:42
107301,4211,677,772,PENDING_PAYMENT,1.0,MEETUP,3,17:00-18:00,,,,2026-08-11 03:08:42
107302,286,845,497,PENDING_PAYMENT,25.0,MEETUP,13,18:00-19:00,,,,2026-08-08 18:13:42
107303,853,465,283,PENDING_PAYMENT,50.0,EXPRESS,,,946,SF,,2026-08-13 01:58:42
107304,3610,538,464,PENDING_PAYMENT,8.0,EXPRESS,,,1090,SF,,2026-08-07 01:15:42
107305,381,405,293,PENDING_PAYMENT,3.0,EXPRESS,,,817,SF,,2026-08-12 01:48:42
107306,4981,430,234,PENDING_PAYMENT,1.0,EXPRESS,,,879,SF,,2026-08-13 22:57:42
107307,1198,246,368,PENDING_PAYMENT,3.0,MEETUP,27,17:00-18:00,,,,2026-08-14 12:34:42
107308,3328,220,217,PENDING_PAYMENT,8.0,MEETUP,20,19:00-20:00,,,,2026-08-10 21:32:42
107309,4896,839,601,PENDING_PAYMENT,80.0,EXPRESS,,,1667,SF,,2026-08-10 12:23:42
107310,348,748,494,PENDING_PAYMENT,200.0,EXPRESS,,,1490,SF,,2026-08-09 11:42:42
107311,4691,96,720,PENDING_PAYMENT,60.0,MEETUP,27,17:00-18:00,,,,2026-08-13 13:36:42
107312,4257,731,7,PENDING_PAYMENT,60.0,MEETUP,8,19:00-20:00,,,,2026-08-08 02:05:42
107313,1692,71,477,PENDING_PAYMENT,5.0,MEETUP,17,17:00-18:00,,,,2026-08-07 02:40:42
107314,1155,13,687,PENDING_PAYMENT,80.0,EXPRESS,,,29,SF,,2026-08-16 02:03:42
107315,1690,873,906,PENDING_PAYMENT,200.0,EXPRESS,,,1736,SF,,2026-08-09 09:39:42
107316,4355,447,696,PENDING_PAYMENT,12.0,EXPRESS,,,911,SF,,2026-08-12 22:56:42
107317,1405,587,611,PENDING_PAYMENT,25.0,MEETUP,13,19:00-20:00,,,,2026-08-14 20:43:42
107318,2140,891,788,PENDING_PAYMENT,12.0,MEETUP,26,18:00-19:00,,,,2026-08-07 20:06:42
107319,2427,281,565,PENDING_PAYMENT,10.0,MEETUP,29,17:00-18:00,,,,2026-08-11 21:45:42
107320,1209,950,777,PENDING_PAYMENT,60.0,MEETUP,18,17:00-18:00,,,,2026-08-10 03:52:42
107321,32,200,963,PENDING_PAYMENT,2.0,EXPRESS,,,420,SF,,2026-08-16 10:10:42
107322,1385,389,866,PENDING_PAYMENT,1.0,MEETUP,11,12:00-13:00,,,,2026-08-11 03:45:42
107323,2701,87,136,PENDING_PAYMENT,20.0,EXPRESS,,,184,SF,,2026-08-12 10:06:42
107324,3717,674,822,PENDING_PAYMENT,50.0,MEETUP,3,18:00-19:00,,,,2026-08-10 00:59:42
107325,1369,790,447,PENDING_PAYMENT,10.0,EXPRESS,,,1574,SF,,2026-08-16 05:35:42
107326,3438,250,22,PENDING_PAYMENT,120.0,MEETUP,1,12:00-13:00,,,,2026-08-13 04:37:42
107327,2903,147,455,PENDING_PAYMENT,200.0,MEETUP,22,12:00-13:00,,,,2026-08-12 03:18:42
107328,409,569,400,PENDING_PAYMENT,3.0,MEETUP,12,17:00-18:00,,,,2026-08-07 14:12:42
107329,262,616,610,PENDING_PAYMENT,25.0,MEETUP,6,19:00-20:00,,,,2026-08-15 04:45:42
107330,2494,262,324,PENDING_PAYMENT,3.0,MEETUP,5,17:00-18:00,,,,2026-08-13 21:09:42
107331,1994,378,793,PENDING_PAYMENT,20.0,MEETUP,15,12:00-13:00,,,,2026-08-10 17:52:42
107332,2829,932,172,PENDING_PAYMENT,3.0,MEETUP,7,12:00-13:00,,,,2026-08-16 07:34:42
107333,3272,240,782,PENDING_PAYMENT,10.0,MEETUP,6,17:00-18:00,,,,2026-08-07 20:07:42
107334,2613,676,653,PENDING_PAYMENT,25.0,MEETUP,19,17:00-18:00,,,,2026-08-07 18:51:42
107335,8,720,249,PENDING_PAYMENT,60.0,EXPRESS,,,1435,SF,,2026-08-09 01:20:42
107336,402,444,256,PENDING_PAYMENT,30.0,MEETUP,29,18:00-19:00,,,,2026-08-14 00:50:42
107337,4157,455,749,PENDING_PAYMENT,100.0,EXPRESS,,,927,SF,,2026-08-12 13:03:42
107338,1155,822,687,PENDING_PAYMENT,80.0,MEETUP,7,19:00-20:00,,,,2026-08-09 17:40:42
107339,1201,588,75,PENDING_PAYMENT,5.0,EXPRESS,,,1175,SF,,2026-08-09 18:10:42
107340,3884,684,565,PENDING_PAYMENT,5.0,EXPRESS,,,1364,SF,,2026-08-09 07:19:42
107341,3012,512,594,PENDING_PAYMENT,2.0,EXPRESS,,,1044,SF,,2026-08-12 02:13:42
107342,1976,930,376,PENDING_PAYMENT,30.0,MEETUP,4,18:00-19:00,,,,2026-08-10 12:47:42
107343,2046,456,201,PENDING_PAYMENT,50.0,MEETUP,22,12:00-13:00,,,,2026-08-13 19:00:42
107344,3325,917,196,PENDING_PAYMENT,1.0,EXPRESS,,,1829,SF,,2026-08-09 22:02:42
107345,4873,41,254,PENDING_PAYMENT,80.0,EXPRESS,,,88,SF,,2026-08-10 12:01:42
107346,945,992,501,PENDING_PAYMENT,3.0,MEETUP,21,19:00-20:00,,,,2026-08-08 15:13:42
107347,2654,764,954,PENDING_PAYMENT,100.0,EXPRESS,,,1532,SF,,2026-08-11 21:06:42
107348,2295,754,368,PENDING_PAYMENT,200.0,EXPRESS,,,1507,SF,,2026-08-10 21:46:42
107349,1584,452,831,PENDING_PAYMENT,10.0,EXPRESS,,,920,SF,,2026-08-10 01:41:42
107350,873,574,152,PENDING_PAYMENT,12.0,EXPRESS,,,1153,SF,,2026-08-14 07:04:42
107351,887,403,584,PENDING_PAYMENT,120.0,EXPRESS,,,814,SF,,2026-08-11 11:36:42
107352,2058,269,457,PENDING_PAYMENT,1.0,MEETUP,19,17:00-18:00,,,,2026-08-13 17:59:42
107353,962,794,193,PENDING_PAYMENT,2.0,MEETUP,29,17:00-18:00,,,,2026-08-09 18:23:42
107354,4756,739,489,PENDING_PAYMENT,15.0,MEETUP,2,12:00-13:00,,,,2026-08-09 16:37:42
107355,1216,303,489,PENDING_PAYMENT,2.0,EXPRESS,,,628,SF,,2026-08-09 06:49:42
107356,3752,896,286,PENDING_PAYMENT,10.0,EXPRESS,,,1783,SF,,2026-08-12 08:21:42
107357,3438,379,22,PENDING_PAYMENT,120.0,MEETUP,9,18:00-19:00,,,,2026-08-10 17:46:42
107358,3298,30,382,PENDING_PAYMENT,150.0,MEETUP,1,18:00-19:00,,,,2026-08-08 13:50:42
107359,1579,209,566,PENDING_PAYMENT,8.0,EXPRESS,,,438,SF,,2026-08-16 01:37:42
107360,3919,285,273,PENDING_PAYMENT,200.0,MEETUP,10,12:00-13:00,,,,2026-08-08 01:25:42
107361,2095,743,599,PENDING_PAYMENT,10.0,EXPRESS,,,1478,SF,,2026-08-09 10:03:42
107362,4717,177,786,PENDING_PAYMENT,60.0,EXPRESS,,,371,SF,,2026-08-09 15:14:42
107363,1989,184,979,PENDING_PAYMENT,15.0,MEETUP,17,18:00-19:00,,,,2026-08-15 07:25:42
107364,621,744,473,PENDING_PAYMENT,2.0,MEETUP,10,17:00-18:00,,,,2026-08-12 16:51:42
107365,372,804,595,PENDING_PAYMENT,8.0,EXPRESS,,,1601,SF,,2026-08-08 01:05:42
107366,3876,145,531,PENDING_PAYMENT,150.0,EXPRESS,,,300,SF,,2026-08-16 04:59:42
107367,2836,830,472,PENDING_PAYMENT,12.0,EXPRESS,,,1650,SF,,2026-08-09 05:20:42
107368,2390,701,205,PENDING_PAYMENT,200.0,MEETUP,19,17:00-18:00,,,,2026-08-08 18:51:42
107369,1486,444,241,PENDING_PAYMENT,2.0,EXPRESS,,,904,SF,,2026-08-14 19:23:42
107370,1732,269,515,PENDING_PAYMENT,120.0,EXPRESS,,,558,SF,,2026-08-07 12:45:42
107371,2907,72,27,PENDING_PAYMENT,150.0,EXPRESS,,,152,SF,,2026-08-16 14:52:42
107372,4919,32,816,PENDING_PAYMENT,8.0,EXPRESS,,,66,SF,,2026-08-14 10:40:42
107373,930,15,73,PENDING_PAYMENT,100.0,EXPRESS,,,33,SF,,2026-08-15 10:09:42
107374,908,135,623,PENDING_PAYMENT,120.0,EXPRESS,,,275,SF,,2026-08-07 03:45:42
107375,4205,103,267,PENDING_PAYMENT,2.0,MEETUP,20,12:00-13:00,,,,2026-08-10 13:55:42
107376,2028,897,412,PENDING_PAYMENT,60.0,MEETUP,16,17:00-18:00,,,,2026-08-16 05:40:42
107377,2067,793,344,PENDING_PAYMENT,12.0,EXPRESS,,,1579,SF,,2026-08-10 14:19:42
107378,4785,44,195,PENDING_PAYMENT,15.0,MEETUP,24,18:00-19:00,,,,2026-08-08 15:49:42
107379,697,162,465,PENDING_PAYMENT,60.0,EXPRESS,,,338,SF,,2026-08-12 18:03:42
107380,3811,133,179,PENDING_PAYMENT,10.0,MEETUP,21,18:00-19:00,,,,2026-08-15 08:21:42
107381,3014,235,945,PENDING_PAYMENT,80.0,MEETUP,28,12:00-13:00,,,,2026-08-11 09:05:42
107382,708,581,602,PENDING_PAYMENT,20.0,EXPRESS,,,1167,SF,,2026-08-10 01:07:42
107383,4449,817,253,PENDING_PAYMENT,50.0,MEETUP,7,12:00-13:00,,,,2026-08-15 18:53:42
107384,4302,230,109,PENDING_PAYMENT,5.0,MEETUP,17,19:00-20:00,,,,2026-08-07 23:13:42
107385,4628,57,493,PENDING_PAYMENT,80.0,MEETUP,14,17:00-18:00,,,,2026-08-09 18:42:42
107386,3376,801,821,PENDING_PAYMENT,50.0,MEETUP,14,17:00-18:00,,,,2026-08-14 11:34:42
107387,4725,252,163,PENDING_PAYMENT,30.0,EXPRESS,,,522,SF,,2026-08-14 00:42:42
107388,4673,939,407,PENDING_PAYMENT,50.0,EXPRESS,,,1879,SF,,2026-08-15 21:56:42
107389,4356,21,275,PENDING_PAYMENT,3.0,MEETUP,26,12:00-13:00,,,,2026-08-08 08:14:42
107390,1441,381,95,PENDING_PAYMENT,60.0,EXPRESS,,,772,SF,,2026-08-10 02:37:42
107391,3766,609,587,PENDING_PAYMENT,5.0,MEETUP,24,19:00-20:00,,,,2026-08-14 03:58:42
107392,4232,723,274,PENDING_PAYMENT,3.0,MEETUP,6,19:00-20:00,,,,2026-08-14 10:51:42
107393,4772,538,333,PENDING_PAYMENT,3.0,EXPRESS,,,1091,SF,,2026-08-10 14:06:42
107394,1252,927,279,PENDING_PAYMENT,8.0,EXPRESS,,,1854,SF,,2026-08-09 11:36:42
107395,1135,83,461,PENDING_PAYMENT,25.0,EXPRESS,,,174,SF,,2026-08-10 03:24:42
107396,2332,723,65,PENDING_PAYMENT,80.0,EXPRESS,,,1438,SF,,2026-08-14 21:54:42
107397,2566,492,539,PENDING_PAYMENT,25.0,EXPRESS,,,1000,SF,,2026-08-15 19:04:42
107398,4113,657,206,PENDING_PAYMENT,50.0,EXPRESS,,,1311,SF,,2026-08-12 11:53:42
107399,2579,376,916,PENDING_PAYMENT,2.0,MEETUP,17,19:00-20:00,,,,2026-08-13 02:47:42
107400,3062,289,496,PENDING_PAYMENT,80.0,MEETUP,13,18:00-19:00,,,,2026-08-07 03:32:42
107401,917,6,601,PENDING_PAYMENT,120.0,EXPRESS,,,16,SF,,2026-08-10 14:30:42
107402,1388,134,612,PENDING_PAYMENT,20.0,EXPRESS,,,274,SF,,2026-08-12 14:54:42
107403,4869,869,552,PENDING_PAYMENT,120.0,MEETUP,6,12:00-13:00,,,,2026-08-13 05:52:42
107404,2762,488,465,PENDING_PAYMENT,8.0,EXPRESS,,,995,SF,,2026-08-14 03:52:42
107405,1078,238,907,PENDING_PAYMENT,25.0,EXPRESS,,,497,SF,,2026-08-07 08:43:42
107406,2147,850,365,PENDING_PAYMENT,12.0,MEETUP,25,17:00-18:00,,,,2026-08-13 19:54:42
107407,2124,479,655,PENDING_PAYMENT,5.0,EXPRESS,,,971,SF,,2026-08-07 10:38:42
107408,3054,466,391,PENDING_PAYMENT,1.0,MEETUP,27,17:00-18:00,,,,2026-08-10 15:23:42
107409,3368,486,143,PENDING_PAYMENT,12.0,EXPRESS,,,988,SF,,2026-08-07 13:24:42
107410,1059,353,531,PENDING_PAYMENT,5.0,EXPRESS,,,721,SF,,2026-08-16 16:24:42
107411,3888,359,987,PENDING_PAYMENT,12.0,EXPRESS,,,731,SF,,2026-08-14 13:08:42
107412,1016,718,508,PENDING_PAYMENT,15.0,EXPRESS,,,1430,SF,,2026-08-12 05:24:42
107413,2152,668,782,PENDING_PAYMENT,200.0,MEETUP,18,12:00-13:00,,,,2026-08-11 18:34:42
107414,4351,204,408,PENDING_PAYMENT,8.0,MEETUP,9,19:00-20:00,,,,2026-08-14 15:14:42
107415,4174,990,730,PENDING_PAYMENT,150.0,EXPRESS,,,1977,SF,,2026-08-09 00:33:42
107416,4082,380,219,PENDING_PAYMENT,25.0,MEETUP,21,12:00-13:00,,,,2026-08-08 06:41:42
107417,3519,960,73,PENDING_PAYMENT,200.0,MEETUP,15,19:00-20:00,,,,2026-08-09 22:19:42
107418,1625,683,488,PENDING_PAYMENT,80.0,EXPRESS,,,1362,SF,,2026-08-08 19:00:42
107419,1648,151,350,PENDING_PAYMENT,12.0,EXPRESS,,,313,SF,,2026-08-12 07:21:42
107420,1729,583,904,PENDING_PAYMENT,8.0,MEETUP,18,19:00-20:00,,,,2026-08-13 14:04:42
107421,2660,74,112,PENDING_PAYMENT,5.0,EXPRESS,,,157,SF,,2026-08-12 04:58:42
107422,148,440,310,PENDING_PAYMENT,30.0,MEETUP,15,19:00-20:00,,,,2026-08-11 22:16:42
107423,204,227,856,PENDING_PAYMENT,12.0,EXPRESS,,,475,SF,,2026-08-07 23:36:42
107424,2484,615,340,PENDING_PAYMENT,100.0,EXPRESS,,,1226,SF,,2026-08-09 18:36:42
107425,2765,936,563,PENDING_PAYMENT,1.0,EXPRESS,,,1870,SF,,2026-08-15 11:35:42
107426,2318,703,364,PENDING_PAYMENT,12.0,EXPRESS,,,1403,SF,,2026-08-06 20:18:42
107427,1566,382,87,PENDING_PAYMENT,120.0,MEETUP,17,18:00-19:00,,,,2026-08-07 05:07:42
107428,683,179,213,PENDING_PAYMENT,10.0,EXPRESS,,,375,SF,,2026-08-10 21:17:42
107429,1466,191,990,PENDING_PAYMENT,150.0,MEETUP,23,18:00-19:00,,,,2026-08-10 12:14:42
107430,1086,835,176,PENDING_PAYMENT,200.0,EXPRESS,,,1659,SF,,2026-08-15 16:28:42
107431,1064,332,89,PENDING_PAYMENT,30.0,MEETUP,21,12:00-13:00,,,,2026-08-13 07:52:42
107432,4135,880,858,PENDING_PAYMENT,8.0,MEETUP,6,17:00-18:00,,,,2026-08-14 11:12:42
107433,2694,606,492,PENDING_PAYMENT,12.0,MEETUP,24,19:00-20:00,,,,2026-08-09 20:59:42
107434,844,57,740,PENDING_PAYMENT,30.0,EXPRESS,,,123,SF,,2026-08-10 09:07:42
107435,2069,217,851,PENDING_PAYMENT,2.0,MEETUP,1,19:00-20:00,,,,2026-08-15 16:52:42
107436,2203,974,648,PENDING_PAYMENT,50.0,EXPRESS,,,1951,SF,,2026-08-09 01:44:42
107437,2576,468,648,PENDING_PAYMENT,200.0,EXPRESS,,,953,SF,,2026-08-11 08:55:42
107438,3739,108,669,PENDING_PAYMENT,15.0,MEETUP,22,12:00-13:00,,,,2026-08-14 07:34:42
107439,324,556,597,PENDING_PAYMENT,25.0,EXPRESS,,,1120,SF,,2026-08-14 12:37:42
107440,2229,593,95,PENDING_PAYMENT,5.0,EXPRESS,,,1183,SF,,2026-08-09 07:14:42
107441,3013,334,439,PENDING_PAYMENT,120.0,EXPRESS,,,685,SF,,2026-08-16 03:04:42
107442,505,601,695,PENDING_PAYMENT,10.0,MEETUP,23,19:00-20:00,,,,2026-08-15 03:53:42
107443,4367,830,104,PENDING_PAYMENT,200.0,EXPRESS,,,1650,SF,,2026-08-15 23:37:42
107444,2842,405,69,PENDING_PAYMENT,12.0,EXPRESS,,,818,SF,,2026-08-08 18:04:42
107445,4768,767,112,PENDING_PAYMENT,2.0,EXPRESS,,,1535,SF,,2026-08-16 16:43:42
107446,1644,613,450,PENDING_PAYMENT,120.0,EXPRESS,,,1222,SF,,2026-08-08 21:34:42
107447,2425,894,104,PENDING_PAYMENT,12.0,MEETUP,3,17:00-18:00,,,,2026-08-14 09:48:42
107448,166,952,116,PENDING_PAYMENT,3.0,MEETUP,25,18:00-19:00,,,,2026-08-10 09:55:42
107449,3098,230,383,PENDING_PAYMENT,10.0,EXPRESS,,,482,SF,,2026-08-07 22:15:42
107450,4956,53,706,PENDING_PAYMENT,150.0,EXPRESS,,,114,SF,,2026-08-07 17:09:42
107451,1150,371,443,PENDING_PAYMENT,50.0,MEETUP,4,12:00-13:00,,,,2026-08-14 08:56:42
107452,2282,847,702,PENDING_PAYMENT,10.0,MEETUP,7,19:00-20:00,,,,2026-08-15 05:26:42
107453,1126,888,661,PENDING_PAYMENT,12.0,EXPRESS,,,1766,SF,,2026-08-09 03:01:42
107454,1492,891,127,PENDING_PAYMENT,20.0,MEETUP,25,19:00-20:00,,,,2026-08-08 11:15:42
107455,1051,298,469,PENDING_PAYMENT,10.0,MEETUP,12,19:00-20:00,,,,2026-08-15 15:31:42
107456,997,461,118,PENDING_PAYMENT,200.0,MEETUP,8,19:00-20:00,,,,2026-08-15 00:48:42
107457,4230,968,60,PENDING_PAYMENT,1.0,MEETUP,17,19:00-20:00,,,,2026-08-08 11:43:42
107458,1403,447,338,PENDING_PAYMENT,200.0,EXPRESS,,,911,SF,,2026-08-10 12:27:42
107459,3813,246,64,PENDING_PAYMENT,5.0,MEETUP,13,12:00-13:00,,,,2026-08-13 06:11:42
107460,973,495,745,PENDING_PAYMENT,3.0,MEETUP,17,19:00-20:00,,,,2026-08-15 20:58:42
107461,2528,457,61,PENDING_PAYMENT,80.0,EXPRESS,,,933,SF,,2026-08-14 03:10:42
107462,2875,185,603,PENDING_PAYMENT,150.0,MEETUP,25,12:00-13:00,,,,2026-08-07 07:52:42
107463,3815,975,166,PENDING_PAYMENT,20.0,EXPRESS,,,1953,SF,,2026-08-11 02:53:42
107464,4648,572,688,PENDING_PAYMENT,3.0,EXPRESS,,,1151,SF,,2026-08-08 22:57:42
107465,566,903,198,PENDING_PAYMENT,120.0,MEETUP,25,18:00-19:00,,,,2026-08-08 01:42:42
107466,2081,367,979,PENDING_PAYMENT,8.0,MEETUP,9,18:00-19:00,,,,2026-08-12 05:26:42
107467,3989,345,593,PENDING_PAYMENT,60.0,MEETUP,3,12:00-13:00,,,,2026-08-08 13:05:42
107468,845,604,926,PENDING_PAYMENT,1.0,MEETUP,29,18:00-19:00,,,,2026-08-12 21:21:42
107469,160,180,667,PENDING_PAYMENT,150.0,MEETUP,18,19:00-20:00,,,,2026-08-09 15:03:42
107470,788,791,937,PENDING_PAYMENT,12.0,MEETUP,14,12:00-13:00,,,,2026-08-07 15:05:42
107471,1108,398,641,PENDING_PAYMENT,15.0,EXPRESS,,,806,SF,,2026-08-13 00:09:42
107472,2657,223,451,PENDING_PAYMENT,200.0,MEETUP,28,17:00-18:00,,,,2026-08-09 18:09:42
107473,4506,444,525,PENDING_PAYMENT,50.0,EXPRESS,,,904,SF,,2026-08-09 16:09:42
107474,1715,732,809,PENDING_PAYMENT,8.0,MEETUP,14,19:00-20:00,,,,2026-08-10 00:32:42
107475,1024,606,904,PENDING_PAYMENT,30.0,EXPRESS,,,1211,SF,,2026-08-07 00:16:42
107476,3443,712,277,PENDING_PAYMENT,50.0,EXPRESS,,,1416,SF,,2026-08-07 15:15:42
107477,2598,618,727,PENDING_PAYMENT,8.0,EXPRESS,,,1232,SF,,2026-08-08 15:56:42
107478,2070,406,647,PENDING_PAYMENT,30.0,EXPRESS,,,820,SF,,2026-08-13 04:33:42
107479,375,470,337,PENDING_PAYMENT,60.0,MEETUP,27,12:00-13:00,,,,2026-08-08 20:22:42
107480,1422,533,652,PENDING_PAYMENT,12.0,MEETUP,19,19:00-20:00,,,,2026-08-10 23:18:42
107481,1067,650,529,PENDING_PAYMENT,8.0,MEETUP,24,12:00-13:00,,,,2026-08-12 05:34:42
107482,4361,518,145,PENDING_PAYMENT,5.0,EXPRESS,,,1053,SF,,2026-08-07 11:50:42
107483,1484,857,555,PENDING_PAYMENT,20.0,EXPRESS,,,1704,SF,,2026-08-08 21:04:42
107484,222,734,548,PENDING_PAYMENT,200.0,EXPRESS,,,1457,SF,,2026-08-16 06:02:42
107485,4306,547,947,PENDING_PAYMENT,3.0,MEETUP,22,18:00-19:00,,,,2026-08-08 23:00:42
107486,4149,297,21,PENDING_PAYMENT,150.0,MEETUP,27,12:00-13:00,,,,2026-08-14 06:37:42
107487,3941,840,710,PENDING_PAYMENT,80.0,MEETUP,18,19:00-20:00,,,,2026-08-08 02:55:42
107488,4596,107,586,PENDING_PAYMENT,3.0,MEETUP,14,12:00-13:00,,,,2026-08-07 21:55:42
107489,3770,579,43,PENDING_PAYMENT,3.0,MEETUP,28,12:00-13:00,,,,2026-08-09 04:36:42
107490,4248,358,138,PENDING_PAYMENT,80.0,MEETUP,26,12:00-13:00,,,,2026-08-15 04:12:42
107491,2628,110,335,PENDING_PAYMENT,50.0,EXPRESS,,,226,SF,,2026-08-09 21:20:42
107492,2027,301,861,PENDING_PAYMENT,120.0,MEETUP,28,19:00-20:00,,,,2026-08-06 19:03:42
107493,21,250,756,PENDING_PAYMENT,2.0,EXPRESS,,,519,SF,,2026-08-15 16:52:42
107494,750,971,649,PENDING_PAYMENT,60.0,EXPRESS,,,1944,SF,,2026-08-11 13:55:42
107495,1852,524,597,PENDING_PAYMENT,200.0,MEETUP,19,17:00-18:00,,,,2026-08-10 08:27:42
107496,991,945,592,PENDING_PAYMENT,50.0,EXPRESS,,,1891,SF,,2026-08-15 12:55:42
107497,2142,777,801,PENDING_PAYMENT,5.0,EXPRESS,,,1549,SF,,2026-08-12 02:20:42
107498,3603,956,525,PENDING_PAYMENT,20.0,EXPRESS,,,1913,SF,,2026-08-07 05:49:42
107499,64,665,941,PENDING_PAYMENT,60.0,EXPRESS,,,1328,SF,,2026-08-07 16:44:42
107500,1994,920,793,PENDING_PAYMENT,20.0,EXPRESS,,,1837,SF,,2026-08-09 03:47:42
107501,4084,736,158,PENDING_PAYMENT,5.0,MEETUP,11,19:00-20:00,,,,2026-08-07 19:28:42
107502,2833,351,343,PENDING_PAYMENT,20.0,MEETUP,1,18:00-19:00,,,,2026-08-12 01:42:42
107503,3763,826,617,PENDING_PAYMENT,12.0,EXPRESS,,,1641,SF,,2026-08-06 20:12:42
107504,359,436,78,PENDING_PAYMENT,150.0,EXPRESS,,,889,SF,,2026-08-10 10:52:42
107505,3056,632,499,PENDING_PAYMENT,150.0,MEETUP,25,18:00-19:00,,,,2026-08-12 18:11:42
107506,4518,830,216,PENDING_PAYMENT,10.0,MEETUP,7,19:00-20:00,,,,2026-08-07 14:51:42
107507,2723,860,873,PENDING_PAYMENT,1.0,MEETUP,14,12:00-13:00,,,,2026-08-10 09:36:42
107508,822,434,234,PENDING_PAYMENT,100.0,MEETUP,6,12:00-13:00,,,,2026-08-13 10:31:42
107509,4416,656,687,PENDING_PAYMENT,80.0,EXPRESS,,,1308,SF,,2026-08-07 21:01:42
107510,4847,347,783,PENDING_PAYMENT,60.0,EXPRESS,,,707,SF,,2026-08-08 19:51:42
107511,3156,999,953,PENDING_PAYMENT,80.0,MEETUP,9,12:00-13:00,,,,2026-08-11 04:01:42
107512,1927,336,493,PENDING_PAYMENT,8.0,EXPRESS,,,689,SF,,2026-08-11 10:20:42
107513,1014,130,819,PENDING_PAYMENT,200.0,EXPRESS,,,267,SF,,2026-08-14 21:04:42
107514,2663,471,874,PENDING_PAYMENT,20.0,MEETUP,19,17:00-18:00,,,,2026-08-09 14:19:42
107515,58,540,234,PENDING_PAYMENT,60.0,MEETUP,19,12:00-13:00,,,,2026-08-13 15:07:42
107516,4499,550,421,PENDING_PAYMENT,25.0,MEETUP,7,18:00-19:00,,,,2026-08-11 01:14:42
107517,777,21,328,PENDING_PAYMENT,1.0,MEETUP,25,12:00-13:00,,,,2026-08-07 01:22:42
107518,32,733,963,PENDING_PAYMENT,2.0,MEETUP,6,18:00-19:00,,,,2026-08-12 13:23:42
107519,3508,780,55,PENDING_PAYMENT,150.0,EXPRESS,,,1557,SF,,2026-08-12 10:00:42
107520,4994,821,596,PENDING_PAYMENT,150.0,EXPRESS,,,1631,SF,,2026-08-09 20:58:42
107521,3524,672,766,PENDING_PAYMENT,1.0,MEETUP,29,18:00-19:00,,,,2026-08-14 08:22:42
107522,2719,497,661,PENDING_PAYMENT,8.0,MEETUP,10,19:00-20:00,,,,2026-08-16 00:27:42
107523,2864,95,931,PENDING_PAYMENT,2.0,MEETUP,9,12:00-13:00,,,,2026-08-08 23:36:42
107524,1452,841,90,PENDING_PAYMENT,50.0,EXPRESS,,,1671,SF,,2026-08-16 00:47:42
107525,382,246,859,PENDING_PAYMENT,30.0,MEETUP,3,18:00-19:00,,,,2026-08-14 14:21:42
107526,2800,1,890,PENDING_PAYMENT,20.0,MEETUP,26,18:00-19:00,,,,2026-08-09 15:32:42
107527,1371,507,270,PENDING_PAYMENT,150.0,EXPRESS,,,1030,SF,,2026-08-10 06:00:42
107528,4300,838,940,PENDING_PAYMENT,60.0,EXPRESS,,,1664,SF,,2026-08-07 01:18:42
107529,89,293,906,PENDING_PAYMENT,100.0,EXPRESS,,,614,SF,,2026-08-08 12:04:42
107530,2060,847,597,PENDING_PAYMENT,3.0,EXPRESS,,,1683,SF,,2026-08-16 04:29:42
107531,4712,374,567,PENDING_PAYMENT,150.0,MEETUP,26,19:00-20:00,,,,2026-08-07 23:46:42
107532,1528,170,84,PENDING_PAYMENT,100.0,EXPRESS,,,354,SF,,2026-08-13 13:02:42
107533,3144,593,198,PENDING_PAYMENT,20.0,EXPRESS,,,1183,SF,,2026-08-13 06:26:42
107534,2924,660,652,PENDING_PAYMENT,80.0,MEETUP,7,18:00-19:00,,,,2026-08-14 01:12:42
107535,2877,635,194,PENDING_PAYMENT,5.0,MEETUP,30,19:00-20:00,,,,2026-08-10 07:17:42
107536,2919,325,21,PENDING_PAYMENT,120.0,MEETUP,2,18:00-19:00,,,,2026-08-13 00:10:42
107537,4172,301,724,PENDING_PAYMENT,20.0,EXPRESS,,,622,SF,,2026-08-12 02:57:42
107538,509,733,389,PENDING_PAYMENT,2.0,MEETUP,24,18:00-19:00,,,,2026-08-16 08:47:42
107539,4763,809,433,PENDING_PAYMENT,5.0,EXPRESS,,,1609,SF,,2026-08-07 15:04:42
107540,2313,954,552,PENDING_PAYMENT,12.0,EXPRESS,,,1909,SF,,2026-08-07 13:16:42
107541,3708,31,451,PENDING_PAYMENT,50.0,MEETUP,21,12:00-13:00,,,,2026-08-10 01:53:42
107542,4249,991,444,PENDING_PAYMENT,120.0,EXPRESS,,,1979,SF,,2026-08-10 05:45:42
107543,993,237,438,PENDING_PAYMENT,2.0,MEETUP,8,12:00-13:00,,,,2026-08-09 16:08:42
107544,3335,610,387,PENDING_PAYMENT,20.0,EXPRESS,,,1216,SF,,2026-08-15 07:30:42
107545,206,914,319,PENDING_PAYMENT,1.0,EXPRESS,,,1824,SF,,2026-08-07 01:25:42
107546,1887,340,1,PENDING_PAYMENT,30.0,MEETUP,14,12:00-13:00,,,,2026-08-07 17:51:42
107547,2487,517,511,PENDING_PAYMENT,60.0,EXPRESS,,,1052,SF,,2026-08-12 02:38:42
107548,684,112,816,PENDING_PAYMENT,8.0,EXPRESS,,,231,SF,,2026-08-11 04:58:42
107549,1884,728,528,PENDING_PAYMENT,80.0,MEETUP,17,19:00-20:00,,,,2026-08-07 11:03:42
107550,1770,188,810,PENDING_PAYMENT,20.0,MEETUP,12,19:00-20:00,,,,2026-08-07 00:00:42
107551,771,750,403,PENDING_PAYMENT,120.0,MEETUP,15,12:00-13:00,,,,2026-08-16 03:46:42
107552,3355,259,870,PENDING_PAYMENT,12.0,EXPRESS,,,537,SF,,2026-08-13 23:45:42
107553,790,141,725,PENDING_PAYMENT,15.0,MEETUP,3,12:00-13:00,,,,2026-08-09 23:37:42
107554,1685,474,882,PENDING_PAYMENT,2.0,EXPRESS,,,962,SF,,2026-08-09 17:39:42
107555,3360,277,829,PENDING_PAYMENT,50.0,EXPRESS,,,578,SF,,2026-08-14 04:14:42
107556,4196,457,656,PENDING_PAYMENT,80.0,MEETUP,11,19:00-20:00,,,,2026-08-10 20:20:42
107557,1478,215,541,PENDING_PAYMENT,5.0,EXPRESS,,,450,SF,,2026-08-16 05:47:42
107558,3707,466,300,PENDING_PAYMENT,3.0,EXPRESS,,,947,SF,,2026-08-08 12:20:42
107559,4434,101,802,PENDING_PAYMENT,15.0,MEETUP,20,18:00-19:00,,,,2026-08-10 14:40:42
107560,813,750,5,PENDING_PAYMENT,8.0,MEETUP,13,18:00-19:00,,,,2026-08-09 23:32:42
107561,455,131,645,PENDING_PAYMENT,25.0,MEETUP,27,19:00-20:00,,,,2026-08-09 00:30:42
107562,4810,583,447,PENDING_PAYMENT,10.0,MEETUP,15,12:00-13:00,,,,2026-08-09 19:39:42
107563,3301,617,243,PENDING_PAYMENT,120.0,EXPRESS,,,1230,SF,,2026-08-15 16:44:42
107564,2656,411,625,PENDING_PAYMENT,150.0,EXPRESS,,,832,SF,,2026-08-08 06:47:42
107565,3757,497,458,PENDING_PAYMENT,8.0,EXPRESS,,,1008,SF,,2026-08-11 04:28:42
107566,2807,631,597,PENDING_PAYMENT,120.0,MEETUP,19,19:00-20:00,,,,2026-08-14 16:00:42
107567,4197,232,492,PENDING_PAYMENT,120.0,EXPRESS,,,484,SF,,2026-08-12 00:51:42
107568,3112,704,271,PENDING_PAYMENT,150.0,MEETUP,13,12:00-13:00,,,,2026-08-14 06:29:42
107569,4270,89,601,PENDING_PAYMENT,1.0,MEETUP,8,17:00-18:00,,,,2026-08-12 07:26:42
107570,3328,306,217,PENDING_PAYMENT,8.0,MEETUP,21,17:00-18:00,,,,2026-08-07 13:53:42
107571,3155,454,750,PENDING_PAYMENT,80.0,MEETUP,28,18:00-19:00,,,,2026-08-09 12:32:42
107572,4930,669,913,PENDING_PAYMENT,200.0,EXPRESS,,,1334,SF,,2026-08-11 11:19:42
107573,4528,673,231,PENDING_PAYMENT,2.0,EXPRESS,,,1345,SF,,2026-08-11 08:48:42
107574,116,973,489,PENDING_PAYMENT,200.0,EXPRESS,,,1947,SF,,2026-08-15 05:40:42
107575,4606,587,314,PENDING_PAYMENT,100.0,EXPRESS,,,1174,SF,,2026-08-07 09:48:42
107576,2010,666,67,PENDING_PAYMENT,100.0,MEETUP,28,17:00-18:00,,,,2026-08-11 22:57:42
107577,1671,473,313,PENDING_PAYMENT,8.0,MEETUP,29,19:00-20:00,,,,2026-08-15 13:14:42
107578,4568,736,806,PENDING_PAYMENT,2.0,MEETUP,6,19:00-20:00,,,,2026-08-11 12:45:42
107579,3389,724,85,PENDING_PAYMENT,30.0,MEETUP,13,12:00-13:00,,,,2026-08-14 17:05:42
107580,2668,446,216,PENDING_PAYMENT,60.0,MEETUP,24,19:00-20:00,,,,2026-08-10 09:26:42
107581,3182,960,919,PENDING_PAYMENT,20.0,EXPRESS,,,1924,SF,,2026-08-14 09:33:42
107582,2446,534,853,PENDING_PAYMENT,50.0,EXPRESS,,,1085,SF,,2026-08-10 12:54:42
107583,4427,313,73,PENDING_PAYMENT,30.0,MEETUP,2,12:00-13:00,,,,2026-08-13 14:50:42
107584,2202,150,11,PENDING_PAYMENT,30.0,MEETUP,8,18:00-19:00,,,,2026-08-10 21:05:42
107585,1991,714,921,PENDING_PAYMENT,8.0,EXPRESS,,,1422,SF,,2026-08-16 14:10:42
107586,832,870,883,PENDING_PAYMENT,12.0,MEETUP,8,17:00-18:00,,,,2026-08-12 10:49:42
107587,1943,236,241,PENDING_PAYMENT,3.0,MEETUP,26,17:00-18:00,,,,2026-08-11 20:35:42
107588,3858,495,946,PENDING_PAYMENT,50.0,MEETUP,7,19:00-20:00,,,,2026-08-07 11:25:42
107589,30,547,827,PENDING_PAYMENT,150.0,EXPRESS,,,1103,SF,,2026-08-07 19:46:42
107590,4797,855,787,PENDING_PAYMENT,50.0,EXPRESS,,,1697,SF,,2026-08-11 22:19:42
107591,3261,853,801,PENDING_PAYMENT,50.0,EXPRESS,,,1694,SF,,2026-08-15 16:49:42
107592,1663,971,304,PENDING_PAYMENT,1.0,MEETUP,1,12:00-13:00,,,,2026-08-11 10:46:42
107593,3285,593,820,PENDING_PAYMENT,2.0,EXPRESS,,,1183,SF,,2026-08-16 16:04:42
107594,3523,527,271,PENDING_PAYMENT,30.0,EXPRESS,,,1073,SF,,2026-08-08 03:41:42
107595,3621,770,658,PENDING_PAYMENT,200.0,EXPRESS,,,1539,SF,,2026-08-15 05:00:42
107596,4564,771,948,PENDING_PAYMENT,12.0,MEETUP,10,17:00-18:00,,,,2026-08-08 22:33:42
107597,2072,779,187,PENDING_PAYMENT,1.0,EXPRESS,,,1553,SF,,2026-08-16 15:10:42
107598,2500,50,190,PENDING_PAYMENT,3.0,EXPRESS,,,110,SF,,2026-08-14 08:39:42
107599,1815,159,768,PENDING_PAYMENT,30.0,EXPRESS,,,331,SF,,2026-08-11 16:59:42
107600,1421,442,964,PENDING_PAYMENT,8.0,MEETUP,13,12:00-13:00,,,,2026-08-13 06:20:42
107601,388,815,232,PENDING_PAYMENT,100.0,EXPRESS,,,1620,SF,,2026-08-10 11:54:42
107602,1852,182,597,PENDING_PAYMENT,200.0,EXPRESS,,,381,SF,,2026-08-07 20:39:42
107603,1741,557,192,PENDING_PAYMENT,10.0,MEETUP,5,19:00-20:00,,,,2026-08-10 20:55:42
107604,3626,666,355,PENDING_PAYMENT,50.0,MEETUP,18,19:00-20:00,,,,2026-08-16 09:37:42
107605,1346,638,19,PENDING_PAYMENT,200.0,EXPRESS,,,1268,SF,,2026-08-16 12:39:42
107606,3459,104,884,PENDING_PAYMENT,25.0,MEETUP,16,17:00-18:00,,,,2026-08-08 06:42:42
107607,2872,931,135,PENDING_PAYMENT,10.0,EXPRESS,,,1861,SF,,2026-08-13 15:33:42
107608,2594,874,346,PENDING_PAYMENT,80.0,MEETUP,1,18:00-19:00,,,,2026-08-15 02:31:42
107609,741,796,237,PENDING_PAYMENT,2.0,MEETUP,27,19:00-20:00,,,,2026-08-10 04:44:42
107610,4167,63,74,PENDING_PAYMENT,60.0,EXPRESS,,,134,SF,,2026-08-12 01:07:42
107611,1877,463,164,PENDING_PAYMENT,60.0,MEETUP,3,17:00-18:00,,,,2026-08-07 17:10:42
107612,3077,243,499,PENDING_PAYMENT,10.0,MEETUP,9,19:00-20:00,,,,2026-08-07 16:36:42
107613,1887,593,1,PENDING_PAYMENT,30.0,EXPRESS,,,1183,SF,,2026-08-10 19:25:42
107614,4067,671,553,PENDING_PAYMENT,25.0,EXPRESS,,,1340,SF,,2026-08-13 01:59:42
107615,1459,849,892,PENDING_PAYMENT,8.0,EXPRESS,,,1687,SF,,2026-08-12 13:16:42
107616,1916,257,317,PENDING_PAYMENT,1.0,EXPRESS,,,534,SF,,2026-08-10 13:06:42
107617,3404,693,437,PENDING_PAYMENT,15.0,EXPRESS,,,1381,SF,,2026-08-09 08:37:42
107618,93,94,455,PENDING_PAYMENT,1.0,EXPRESS,,,197,SF,,2026-08-15 23:36:42
107619,2335,5,308,PENDING_PAYMENT,8.0,MEETUP,2,17:00-18:00,,,,2026-08-16 08:33:42
107620,4934,292,345,PENDING_PAYMENT,50.0,MEETUP,29,12:00-13:00,,,,2026-08-12 15:55:42
107621,3399,482,300,PENDING_PAYMENT,1.0,EXPRESS,,,976,SF,,2026-08-13 14:52:42
107622,1822,126,23,PENDING_PAYMENT,150.0,MEETUP,25,12:00-13:00,,,,2026-08-09 22:35:42
107623,1266,847,785,PENDING_PAYMENT,5.0,MEETUP,5,12:00-13:00,,,,2026-08-15 11:45:42
107624,2024,15,92,PENDING_PAYMENT,3.0,EXPRESS,,,33,SF,,2026-08-12 09:09:42
107625,581,286,496,PENDING_PAYMENT,25.0,MEETUP,15,12:00-13:00,,,,2026-08-09 00:44:42
107626,1662,247,946,PENDING_PAYMENT,25.0,MEETUP,20,17:00-18:00,,,,2026-08-11 12:32:42
107627,4499,108,421,PENDING_PAYMENT,25.0,EXPRESS,,,221,SF,,2026-08-07 13:02:42
107628,130,812,399,PENDING_PAYMENT,150.0,MEETUP,14,18:00-19:00,,,,2026-08-08 10:48:42
107629,462,937,350,PENDING_PAYMENT,80.0,EXPRESS,,,1873,SF,,2026-08-14 02:16:42
107630,681,752,289,PENDING_PAYMENT,5.0,MEETUP,21,19:00-20:00,,,,2026-08-14 06:48:42
107631,909,494,967,PENDING_PAYMENT,8.0,MEETUP,22,17:00-18:00,,,,2026-08-14 13:10:42
107632,1592,207,12,PENDING_PAYMENT,25.0,MEETUP,14,18:00-19:00,,,,2026-08-14 21:48:42
107633,3289,207,788,PENDING_PAYMENT,12.0,MEETUP,15,12:00-13:00,,,,2026-08-11 09:12:42
107634,1108,849,641,PENDING_PAYMENT,15.0,EXPRESS,,,1687,SF,,2026-08-11 15:30:42
107635,331,217,566,PENDING_PAYMENT,15.0,EXPRESS,,,452,SF,,2026-08-16 02:07:42
107636,3286,592,706,PENDING_PAYMENT,60.0,EXPRESS,,,1182,SF,,2026-08-12 05:47:42
107637,3039,446,194,PENDING_PAYMENT,150.0,EXPRESS,,,907,SF,,2026-08-13 20:53:42
107638,1789,529,123,PENDING_PAYMENT,150.0,EXPRESS,,,1077,SF,,2026-08-11 10:54:42
107639,4630,452,6,PENDING_PAYMENT,15.0,EXPRESS,,,919,SF,,2026-08-12 09:50:42
107640,3771,993,415,PENDING_PAYMENT,150.0,MEETUP,2,19:00-20:00,,,,2026-08-14 19:17:42
107641,1505,72,816,PENDING_PAYMENT,60.0,MEETUP,28,19:00-20:00,,,,2026-08-15 10:02:42
107642,625,782,228,PENDING_PAYMENT,80.0,MEETUP,24,17:00-18:00,,,,2026-08-08 05:13:42
107643,324,978,597,PENDING_PAYMENT,25.0,EXPRESS,,,1959,SF,,2026-08-16 15:57:42
107644,4679,55,937,PENDING_PAYMENT,10.0,MEETUP,14,18:00-19:00,,,,2026-08-12 03:05:42
107645,1927,611,493,PENDING_PAYMENT,8.0,EXPRESS,,,1217,SF,,2026-08-10 16:28:42
107646,2466,535,611,PENDING_PAYMENT,12.0,MEETUP,27,19:00-20:00,,,,2026-08-12 11:49:42
107647,2562,483,801,PENDING_PAYMENT,150.0,EXPRESS,,,979,SF,,2026-08-13 01:33:42
107648,1146,771,40,PENDING_PAYMENT,2.0,MEETUP,7,17:00-18:00,,,,2026-08-07 16:53:42
107649,3311,949,369,PENDING_PAYMENT,8.0,EXPRESS,,,1900,SF,,2026-08-09 08:16:42
107650,2001,753,951,PENDING_PAYMENT,100.0,EXPRESS,,,1503,SF,,2026-08-09 07:26:42
107651,1561,60,13,PENDING_PAYMENT,200.0,EXPRESS,,,130,SF,,2026-08-14 16:11:42
107652,82,900,464,PENDING_PAYMENT,3.0,EXPRESS,,,1794,SF,,2026-08-09 15:28:42
107653,3985,915,912,PENDING_PAYMENT,2.0,MEETUP,14,17:00-18:00,,,,2026-08-13 14:06:42
107654,2459,556,614,PENDING_PAYMENT,120.0,MEETUP,16,17:00-18:00,,,,2026-08-15 17:34:42
107655,4286,404,262,PENDING_PAYMENT,8.0,MEETUP,2,17:00-18:00,,,,2026-08-09 20:53:42
107656,810,928,923,PENDING_PAYMENT,3.0,EXPRESS,,,1856,SF,,2026-08-11 17:50:42
107657,2976,715,668,PENDING_PAYMENT,100.0,EXPRESS,,,1424,SF,,2026-08-08 08:42:42
107658,912,913,450,PENDING_PAYMENT,80.0,MEETUP,10,19:00-20:00,,,,2026-08-11 20:24:42
107659,3104,743,591,PENDING_PAYMENT,8.0,EXPRESS,,,1479,SF,,2026-08-13 10:10:42
107660,1006,454,7,PENDING_PAYMENT,1.0,MEETUP,4,12:00-13:00,,,,2026-08-11 01:27:42
107661,4976,186,835,PENDING_PAYMENT,80.0,MEETUP,1,19:00-20:00,,,,2026-08-08 04:45:42
107662,3233,258,379,PENDING_PAYMENT,120.0,MEETUP,20,18:00-19:00,,,,2026-08-15 00:26:42
107663,2515,221,200,PENDING_PAYMENT,80.0,EXPRESS,,,459,SF,,2026-08-09 16:07:42
107664,1237,74,445,PENDING_PAYMENT,60.0,MEETUP,30,19:00-20:00,,,,2026-08-15 09:32:42
107665,4910,736,641,PENDING_PAYMENT,5.0,MEETUP,28,17:00-18:00,,,,2026-08-14 13:26:42
107666,4751,515,403,PENDING_PAYMENT,100.0,EXPRESS,,,1050,SF,,2026-08-15 06:30:42
107667,517,174,898,PENDING_PAYMENT,80.0,MEETUP,23,18:00-19:00,,,,2026-08-09 23:58:42
107668,887,45,584,PENDING_PAYMENT,120.0,EXPRESS,,,96,SF,,2026-08-14 23:00:42
107669,3629,822,22,PENDING_PAYMENT,80.0,EXPRESS,,,1634,SF,,2026-08-11 23:30:42
107670,3921,123,263,PENDING_PAYMENT,200.0,MEETUP,19,19:00-20:00,,,,2026-08-15 09:53:42
107671,401,312,653,PENDING_PAYMENT,25.0,EXPRESS,,,642,SF,,2026-08-08 16:34:42
107672,3620,655,672,PENDING_PAYMENT,8.0,EXPRESS,,,1306,SF,,2026-08-10 04:09:42
107673,916,340,25,PENDING_PAYMENT,10.0,MEETUP,17,17:00-18:00,,,,2026-08-14 05:37:42
107674,1287,443,424,PENDING_PAYMENT,30.0,MEETUP,6,19:00-20:00,,,,2026-08-10 09:55:42
107675,267,610,296,PENDING_PAYMENT,120.0,MEETUP,9,12:00-13:00,,,,2026-08-09 06:44:42
107676,2856,444,649,PENDING_PAYMENT,30.0,MEETUP,5,12:00-13:00,,,,2026-08-15 00:54:42
107677,559,594,714,PENDING_PAYMENT,12.0,MEETUP,20,18:00-19:00,,,,2026-08-10 23:31:42
107678,4011,398,185,PENDING_PAYMENT,12.0,EXPRESS,,,806,SF,,2026-08-07 06:30:42
107679,4074,110,531,PENDING_PAYMENT,25.0,EXPRESS,,,226,SF,,2026-08-12 23:27:42
107680,3562,526,844,PENDING_PAYMENT,10.0,EXPRESS,,,1071,SF,,2026-08-09 09:05:42
107681,4652,268,716,PENDING_PAYMENT,50.0,MEETUP,5,18:00-19:00,,,,2026-08-14 21:26:42
107682,1800,10,834,PENDING_PAYMENT,12.0,EXPRESS,,,23,SF,,2026-08-09 01:11:42
107683,2935,231,659,PENDING_PAYMENT,25.0,EXPRESS,,,483,SF,,2026-08-13 12:55:42
107684,4941,518,393,PENDING_PAYMENT,2.0,MEETUP,1,17:00-18:00,,,,2026-08-09 19:07:42
107685,2956,916,640,PENDING_PAYMENT,80.0,MEETUP,3,12:00-13:00,,,,2026-08-06 22:19:42
107686,461,332,106,PENDING_PAYMENT,25.0,EXPRESS,,,683,SF,,2026-08-06 21:29:42
107687,1797,828,2,PENDING_PAYMENT,150.0,EXPRESS,,,1646,SF,,2026-08-13 02:27:42
107688,1476,98,28,PENDING_PAYMENT,100.0,EXPRESS,,,205,SF,,2026-08-09 18:54:42
107689,4159,138,503,PENDING_PAYMENT,1.0,EXPRESS,,,282,SF,,2026-08-07 18:54:42
107690,27,920,31,PENDING_PAYMENT,20.0,MEETUP,14,19:00-20:00,,,,2026-08-12 04:38:42
107691,3530,521,298,PENDING_PAYMENT,1.0,MEETUP,3,17:00-18:00,,,,2026-08-14 03:02:42
107692,4829,713,269,PENDING_PAYMENT,200.0,EXPRESS,,,1419,SF,,2026-08-10 20:42:42
107693,321,118,895,PENDING_PAYMENT,30.0,EXPRESS,,,242,SF,,2026-08-16 16:56:42
107694,4893,782,189,PENDING_PAYMENT,30.0,MEETUP,9,18:00-19:00,,,,2026-08-09 10:03:42
107695,3556,326,86,PENDING_PAYMENT,60.0,MEETUP,23,17:00-18:00,,,,2026-08-14 17:21:42
107696,283,182,47,PENDING_PAYMENT,200.0,EXPRESS,,,382,SF,,2026-08-15 11:41:42
107697,1621,244,845,PENDING_PAYMENT,2.0,EXPRESS,,,505,SF,,2026-08-09 05:51:42
107698,324,281,597,PENDING_PAYMENT,25.0,MEETUP,30,18:00-19:00,,,,2026-08-08 03:49:42
107699,2814,672,526,PENDING_PAYMENT,150.0,MEETUP,25,17:00-18:00,,,,2026-08-06 20:47:42
107700,1624,309,574,PENDING_PAYMENT,120.0,MEETUP,17,19:00-20:00,,,,2026-08-08 05:08:42
107701,3656,279,985,PENDING_PAYMENT,8.0,MEETUP,9,18:00-19:00,,,,2026-08-07 17:35:42
107702,3248,811,598,PENDING_PAYMENT,30.0,EXPRESS,,,1614,SF,,2026-08-09 21:35:42
107703,451,370,107,PENDING_PAYMENT,15.0,EXPRESS,,,753,SF,,2026-08-12 11:01:42
107704,3891,267,707,PENDING_PAYMENT,80.0,MEETUP,6,17:00-18:00,,,,2026-08-11 10:05:42
107705,2794,233,514,PENDING_PAYMENT,1.0,MEETUP,1,19:00-20:00,,,,2026-08-07 09:29:42
107706,3111,416,477,PENDING_PAYMENT,25.0,EXPRESS,,,846,SF,,2026-08-16 09:55:42
107707,2792,812,668,PENDING_PAYMENT,100.0,EXPRESS,,,1615,SF,,2026-08-08 02:28:42
107708,3324,531,922,PENDING_PAYMENT,20.0,MEETUP,21,19:00-20:00,,,,2026-08-11 02:17:42
107709,2755,94,346,PENDING_PAYMENT,150.0,EXPRESS,,,197,SF,,2026-08-11 14:12:42
107710,269,189,177,PENDING_PAYMENT,50.0,MEETUP,13,19:00-20:00,,,,2026-08-15 00:49:42
107711,1441,148,95,PENDING_PAYMENT,60.0,EXPRESS,,,307,SF,,2026-08-07 02:21:42
107712,1409,816,462,PENDING_PAYMENT,8.0,EXPRESS,,,1623,SF,,2026-08-12 18:56:42
107713,400,655,390,PENDING_PAYMENT,200.0,MEETUP,29,17:00-18:00,,,,2026-08-09 14:50:42
107714,3864,895,132,PENDING_PAYMENT,200.0,MEETUP,6,19:00-20:00,,,,2026-08-13 12:31:42
107715,2123,476,532,PENDING_PAYMENT,25.0,MEETUP,5,17:00-18:00,,,,2026-08-11 12:01:42
107716,1835,766,127,PENDING_PAYMENT,200.0,MEETUP,21,17:00-18:00,,,,2026-08-07 21:21:42
107717,1672,295,57,PENDING_PAYMENT,80.0,EXPRESS,,,616,SF,,2026-08-08 03:30:42
107718,459,847,714,PENDING_PAYMENT,30.0,MEETUP,5,12:00-13:00,,,,2026-08-12 02:17:42
107719,396,151,493,PENDING_PAYMENT,20.0,EXPRESS,,,313,SF,,2026-08-12 19:16:42
107720,2614,190,337,PENDING_PAYMENT,5.0,EXPRESS,,,397,SF,,2026-08-07 00:16:42
107721,2598,753,727,PENDING_PAYMENT,8.0,EXPRESS,,,1504,SF,,2026-08-15 12:46:42
107722,2212,834,809,PENDING_PAYMENT,30.0,MEETUP,8,19:00-20:00,,,,2026-08-11 03:51:42
107723,3260,717,778,PENDING_PAYMENT,10.0,EXPRESS,,,1429,SF,,2026-08-15 22:40:42
107724,1394,498,850,PENDING_PAYMENT,20.0,MEETUP,8,12:00-13:00,,,,2026-08-09 01:10:42
107725,2308,760,735,PENDING_PAYMENT,150.0,MEETUP,25,17:00-18:00,,,,2026-08-10 18:36:42
107726,4341,352,468,PENDING_PAYMENT,50.0,MEETUP,22,17:00-18:00,,,,2026-08-15 11:53:42
107727,1744,530,264,PENDING_PAYMENT,80.0,EXPRESS,,,1079,SF,,2026-08-10 23:18:42
107728,3712,423,892,PENDING_PAYMENT,60.0,EXPRESS,,,866,SF,,2026-08-15 17:31:42
107729,1452,823,90,PENDING_PAYMENT,50.0,MEETUP,8,19:00-20:00,,,,2026-08-12 06:02:42
107730,269,38,177,PENDING_PAYMENT,50.0,EXPRESS,,,81,SF,,2026-08-09 11:12:42
107731,2923,417,459,PENDING_PAYMENT,200.0,EXPRESS,,,848,SF,,2026-08-08 10:14:42
107732,4545,460,890,PENDING_PAYMENT,120.0,EXPRESS,,,939,SF,,2026-08-08 05:52:42
107733,1928,587,286,PENDING_PAYMENT,25.0,EXPRESS,,,1174,SF,,2026-08-09 20:06:42
107734,2203,997,648,PENDING_PAYMENT,50.0,EXPRESS,,,1990,SF,,2026-08-12 06:30:42
107735,84,817,560,PENDING_PAYMENT,8.0,EXPRESS,,,1625,SF,,2026-08-08 10:03:42
107736,3915,996,128,PENDING_PAYMENT,5.0,EXPRESS,,,1986,SF,,2026-08-15 07:29:42
107737,3394,745,102,PENDING_PAYMENT,15.0,MEETUP,23,12:00-13:00,,,,2026-08-07 03:11:42
107738,4093,324,214,PENDING_PAYMENT,12.0,MEETUP,15,17:00-18:00,,,,2026-08-08 00:43:42
107739,2905,699,750,PENDING_PAYMENT,15.0,MEETUP,23,18:00-19:00,,,,2026-08-09 01:31:42
107740,2157,552,873,PENDING_PAYMENT,60.0,MEETUP,1,19:00-20:00,,,,2026-08-13 03:13:42
107741,4438,419,436,PENDING_PAYMENT,25.0,MEETUP,24,19:00-20:00,,,,2026-08-07 16:54:42
107742,290,351,735,PENDING_PAYMENT,150.0,EXPRESS,,,717,SF,,2026-08-10 09:21:42
107743,1883,873,938,PENDING_PAYMENT,10.0,EXPRESS,,,1736,SF,,2026-08-15 15:07:42
107744,2261,906,295,PENDING_PAYMENT,30.0,MEETUP,8,19:00-20:00,,,,2026-08-10 05:28:42
107745,4633,731,96,PENDING_PAYMENT,200.0,MEETUP,14,19:00-20:00,,,,2026-08-14 14:38:42
107746,1567,630,40,PENDING_PAYMENT,150.0,EXPRESS,,,1254,SF,,2026-08-13 21:40:42
107747,4904,488,868,PENDING_PAYMENT,1.0,MEETUP,30,12:00-13:00,,,,2026-08-15 15:35:42
107748,150,138,72,PENDING_PAYMENT,3.0,MEETUP,17,12:00-13:00,,,,2026-08-08 09:37:42
107749,3118,462,847,PENDING_PAYMENT,50.0,EXPRESS,,,942,SF,,2026-08-13 10:05:42
107750,273,302,992,PENDING_PAYMENT,150.0,EXPRESS,,,625,SF,,2026-08-15 15:45:42
107751,4599,335,935,PENDING_PAYMENT,150.0,MEETUP,16,19:00-20:00,,,,2026-08-07 16:38:42
107752,3650,425,829,PENDING_PAYMENT,20.0,MEETUP,28,18:00-19:00,,,,2026-08-07 13:13:42
107753,4451,702,873,PENDING_PAYMENT,15.0,EXPRESS,,,1400,SF,,2026-08-15 03:21:42
107754,4549,790,1000,PENDING_PAYMENT,10.0,MEETUP,10,12:00-13:00,,,,2026-08-13 12:25:42
107755,4527,52,885,PENDING_PAYMENT,25.0,MEETUP,9,17:00-18:00,,,,2026-08-11 08:34:42
107756,480,603,391,PENDING_PAYMENT,5.0,EXPRESS,,,1206,SF,,2026-08-12 08:36:42
107757,4668,602,719,PENDING_PAYMENT,200.0,EXPRESS,,,1203,SF,,2026-08-11 00:21:42
107758,3171,297,618,PENDING_PAYMENT,12.0,MEETUP,9,18:00-19:00,,,,2026-08-07 01:43:42
107759,4977,135,632,PENDING_PAYMENT,30.0,MEETUP,25,17:00-18:00,,,,2026-08-09 09:58:42
107760,3274,879,313,PENDING_PAYMENT,8.0,EXPRESS,,,1747,SF,,2026-08-07 19:11:42
107761,3638,324,728,PENDING_PAYMENT,3.0,MEETUP,7,17:00-18:00,,,,2026-08-11 00:36:42
107762,923,843,131,PENDING_PAYMENT,100.0,EXPRESS,,,1674,SF,,2026-08-11 03:33:42
107763,4779,358,4,PENDING_PAYMENT,60.0,EXPRESS,,,729,SF,,2026-08-11 15:43:42
107764,1022,177,586,PENDING_PAYMENT,25.0,MEETUP,30,12:00-13:00,,,,2026-08-10 19:48:42
107765,787,324,788,PENDING_PAYMENT,15.0,MEETUP,17,18:00-19:00,,,,2026-08-13 06:53:42
107766,1627,556,383,PENDING_PAYMENT,5.0,EXPRESS,,,1120,SF,,2026-08-09 07:14:42
107767,3686,283,960,PENDING_PAYMENT,25.0,MEETUP,19,17:00-18:00,,,,2026-08-12 05:57:42
107768,2899,627,744,PENDING_PAYMENT,100.0,EXPRESS,,,1248,SF,,2026-08-11 16:23:42
107769,637,933,490,PENDING_PAYMENT,30.0,MEETUP,5,17:00-18:00,,,,2026-08-13 20:19:42
107770,505,619,695,PENDING_PAYMENT,10.0,EXPRESS,,,1233,SF,,2026-08-11 17:45:42
107771,1328,987,881,PENDING_PAYMENT,2.0,EXPRESS,,,1973,SF,,2026-08-07 03:06:42
107772,2691,801,472,PENDING_PAYMENT,50.0,EXPRESS,,,1597,SF,,2026-08-07 12:43:42
107773,3711,459,499,PENDING_PAYMENT,12.0,MEETUP,30,17:00-18:00,,,,2026-08-08 05:36:42
107774,3603,536,525,PENDING_PAYMENT,20.0,EXPRESS,,,1088,SF,,2026-08-06 19:14:42
107775,3633,772,200,PENDING_PAYMENT,5.0,MEETUP,30,17:00-18:00,,,,2026-08-08 10:54:42
107776,2687,776,893,PENDING_PAYMENT,5.0,EXPRESS,,,1547,SF,,2026-08-12 14:40:42
107777,1058,746,456,PENDING_PAYMENT,50.0,EXPRESS,,,1484,SF,,2026-08-07 03:55:42
107778,1505,484,816,PENDING_PAYMENT,60.0,EXPRESS,,,982,SF,,2026-08-07 15:41:42
107779,1882,948,903,PENDING_PAYMENT,100.0,MEETUP,25,19:00-20:00,,,,2026-08-14 18:57:42
107780,2366,368,22,PENDING_PAYMENT,15.0,MEETUP,24,19:00-20:00,,,,2026-08-12 02:56:42
107781,904,328,181,PENDING_PAYMENT,60.0,EXPRESS,,,674,SF,,2026-08-07 00:07:42
107782,1515,860,369,PENDING_PAYMENT,5.0,EXPRESS,,,1709,SF,,2026-08-16 13:28:42
107783,2306,758,234,PENDING_PAYMENT,50.0,MEETUP,15,12:00-13:00,,,,2026-08-08 05:39:42
107784,902,290,725,PENDING_PAYMENT,120.0,EXPRESS,,,609,SF,,2026-08-09 12:41:42
107785,3582,541,931,PENDING_PAYMENT,25.0,EXPRESS,,,1094,SF,,2026-08-14 17:11:42
107786,2065,1,70,PENDING_PAYMENT,60.0,MEETUP,12,12:00-13:00,,,,2026-08-13 10:33:42
107787,3811,713,179,PENDING_PAYMENT,10.0,EXPRESS,,,1419,SF,,2026-08-08 02:23:42
107788,3826,109,858,PENDING_PAYMENT,100.0,MEETUP,20,18:00-19:00,,,,2026-08-15 15:54:42
107789,745,770,786,PENDING_PAYMENT,2.0,EXPRESS,,,1539,SF,,2026-08-16 05:50:42
107790,3285,829,820,PENDING_PAYMENT,2.0,MEETUP,11,12:00-13:00,,,,2026-08-09 13:10:42
107791,4666,107,354,PENDING_PAYMENT,5.0,EXPRESS,,,220,SF,,2026-08-10 15:38:42
107792,2388,622,152,PENDING_PAYMENT,50.0,EXPRESS,,,1239,SF,,2026-08-08 14:46:42
107793,106,158,175,PENDING_PAYMENT,120.0,EXPRESS,,,330,SF,,2026-08-11 10:38:42
107794,833,838,584,PENDING_PAYMENT,8.0,MEETUP,19,17:00-18:00,,,,2026-08-11 02:32:42
107795,1263,135,244,PENDING_PAYMENT,3.0,EXPRESS,,,276,SF,,2026-08-15 06:39:42
107796,3959,71,650,PENDING_PAYMENT,200.0,MEETUP,3,17:00-18:00,,,,2026-08-08 16:15:42
107797,4337,691,503,PENDING_PAYMENT,80.0,EXPRESS,,,1377,SF,,2026-08-15 05:56:42
107798,1863,868,383,PENDING_PAYMENT,3.0,MEETUP,2,17:00-18:00,,,,2026-08-16 15:53:42
107799,1740,199,182,PENDING_PAYMENT,15.0,EXPRESS,,,416,SF,,2026-08-13 08:07:42
107800,864,930,163,PENDING_PAYMENT,3.0,EXPRESS,,,1860,SF,,2026-08-08 23:05:42
107801,2780,239,539,PENDING_PAYMENT,30.0,EXPRESS,,,498,SF,,2026-08-14 16:09:42
107802,1705,696,577,PENDING_PAYMENT,8.0,EXPRESS,,,1386,SF,,2026-08-14 19:04:42
107803,2585,399,372,PENDING_PAYMENT,5.0,EXPRESS,,,807,SF,,2026-08-11 17:00:42
107804,4603,954,935,PENDING_PAYMENT,30.0,EXPRESS,,,1907,SF,,2026-08-09 05:29:42
107805,3823,622,713,PENDING_PAYMENT,3.0,MEETUP,30,19:00-20:00,,,,2026-08-08 11:27:42
107806,2511,406,502,PENDING_PAYMENT,120.0,EXPRESS,,,819,SF,,2026-08-07 19:08:42
107807,18,222,655,PENDING_PAYMENT,80.0,EXPRESS,,,463,SF,,2026-08-08 22:46:42
107808,1569,63,674,PENDING_PAYMENT,3.0,MEETUP,30,19:00-20:00,,,,2026-08-07 15:34:42
107809,2059,386,103,PENDING_PAYMENT,200.0,MEETUP,14,12:00-13:00,,,,2026-08-15 08:37:42
107810,4197,803,492,PENDING_PAYMENT,120.0,MEETUP,15,17:00-18:00,,,,2026-08-14 18:54:42
107811,3522,702,547,PENDING_PAYMENT,5.0,EXPRESS,,,1401,SF,,2026-08-08 03:05:42
107812,4108,289,686,PENDING_PAYMENT,80.0,MEETUP,25,12:00-13:00,,,,2026-08-07 19:30:42
107813,2051,440,285,PENDING_PAYMENT,20.0,EXPRESS,,,897,SF,,2026-08-14 01:53:42
107814,3757,326,458,PENDING_PAYMENT,8.0,EXPRESS,,,669,SF,,2026-08-16 15:10:42
107815,2554,177,270,PENDING_PAYMENT,1.0,EXPRESS,,,371,SF,,2026-08-07 02:21:42
107816,2814,473,526,PENDING_PAYMENT,150.0,MEETUP,18,17:00-18:00,,,,2026-08-12 15:41:42
107817,4574,121,141,PENDING_PAYMENT,200.0,MEETUP,20,12:00-13:00,,,,2026-08-12 18:32:42
107818,2271,362,830,PENDING_PAYMENT,80.0,EXPRESS,,,738,SF,,2026-08-13 19:05:42
107819,2674,635,410,PENDING_PAYMENT,3.0,EXPRESS,,,1263,SF,,2026-08-15 01:17:42
107820,4134,22,141,PENDING_PAYMENT,10.0,EXPRESS,,,47,SF,,2026-08-07 21:09:42
107821,4132,147,243,PENDING_PAYMENT,5.0,EXPRESS,,,304,SF,,2026-08-13 05:50:42
107822,986,942,233,PENDING_PAYMENT,12.0,EXPRESS,,,1887,SF,,2026-08-09 03:18:42
107823,2640,97,668,PENDING_PAYMENT,100.0,MEETUP,22,18:00-19:00,,,,2026-08-15 02:57:42
107824,4515,804,653,PENDING_PAYMENT,20.0,EXPRESS,,,1601,SF,,2026-08-12 21:00:42
107825,4845,575,149,PENDING_PAYMENT,30.0,MEETUP,4,12:00-13:00,,,,2026-08-11 20:02:42
107826,918,589,490,PENDING_PAYMENT,30.0,MEETUP,27,17:00-18:00,,,,2026-08-11 19:32:42
107827,101,730,11,PENDING_PAYMENT,1.0,EXPRESS,,,1448,SF,,2026-08-12 13:40:42
107828,2530,126,661,PENDING_PAYMENT,20.0,EXPRESS,,,259,SF,,2026-08-09 17:45:42
107829,4114,103,822,PENDING_PAYMENT,100.0,MEETUP,13,19:00-20:00,,,,2026-08-10 22:12:42
107830,295,883,826,PENDING_PAYMENT,150.0,MEETUP,5,12:00-13:00,,,,2026-08-06 20:09:42
107831,1456,264,43,PENDING_PAYMENT,8.0,EXPRESS,,,547,SF,,2026-08-09 05:44:42
107832,3498,211,886,PENDING_PAYMENT,30.0,MEETUP,15,18:00-19:00,,,,2026-08-07 14:08:42
107833,2825,386,789,PENDING_PAYMENT,15.0,MEETUP,6,18:00-19:00,,,,2026-08-13 00:40:42
107834,1682,120,371,PENDING_PAYMENT,20.0,MEETUP,8,17:00-18:00,,,,2026-08-16 17:20:42
107835,1070,43,689,PENDING_PAYMENT,150.0,EXPRESS,,,91,SF,,2026-08-15 21:13:42
107836,3637,385,999,PENDING_PAYMENT,30.0,MEETUP,18,12:00-13:00,,,,2026-08-13 06:52:42
107837,1043,617,950,PENDING_PAYMENT,15.0,MEETUP,26,19:00-20:00,,,,2026-08-15 05:49:42
107838,4325,332,51,PENDING_PAYMENT,50.0,EXPRESS,,,683,SF,,2026-08-14 09:24:42
107839,1241,721,587,PENDING_PAYMENT,8.0,EXPRESS,,,1436,SF,,2026-08-07 20:50:42
107840,4966,803,669,PENDING_PAYMENT,25.0,MEETUP,17,12:00-13:00,,,,2026-08-11 09:22:42
107841,2796,805,164,PENDING_PAYMENT,50.0,MEETUP,21,12:00-13:00,,,,2026-08-13 16:52:42
107842,4551,162,827,PENDING_PAYMENT,20.0,EXPRESS,,,338,SF,,2026-08-13 15:31:42
107843,2345,908,821,PENDING_PAYMENT,50.0,MEETUP,19,19:00-20:00,,,,2026-08-11 07:03:42
107844,3077,219,499,PENDING_PAYMENT,10.0,EXPRESS,,,455,SF,,2026-08-16 18:43:42
107845,2321,17,276,PENDING_PAYMENT,2.0,EXPRESS,,,38,SF,,2026-08-08 09:36:42
107846,4373,607,639,PENDING_PAYMENT,1.0,EXPRESS,,,1213,SF,,2026-08-13 16:19:42
107847,3849,529,959,PENDING_PAYMENT,8.0,EXPRESS,,,1077,SF,,2026-08-13 12:19:42
107848,2821,443,710,PENDING_PAYMENT,10.0,MEETUP,8,19:00-20:00,,,,2026-08-15 16:13:42
107849,3929,382,150,PENDING_PAYMENT,12.0,EXPRESS,,,774,SF,,2026-08-12 22:18:42
107850,2966,216,642,PENDING_PAYMENT,1.0,MEETUP,24,12:00-13:00,,,,2026-08-15 08:09:42
107851,767,220,415,PENDING_PAYMENT,100.0,MEETUP,25,17:00-18:00,,,,2026-08-09 09:09:42
107852,3479,902,445,PENDING_PAYMENT,50.0,EXPRESS,,,1798,SF,,2026-08-07 00:20:42
107853,4728,335,515,PENDING_PAYMENT,25.0,EXPRESS,,,687,SF,,2026-08-14 02:26:42
107854,3050,66,826,PENDING_PAYMENT,8.0,EXPRESS,,,140,SF,,2026-08-12 14:23:42
107855,3544,748,243,PENDING_PAYMENT,200.0,EXPRESS,,,1490,SF,,2026-08-07 14:11:42
107856,928,11,335,PENDING_PAYMENT,30.0,MEETUP,26,18:00-19:00,,,,2026-08-09 14:46:42
107857,1574,335,704,PENDING_PAYMENT,2.0,EXPRESS,,,686,SF,,2026-08-12 20:29:42
107858,116,668,489,PENDING_PAYMENT,200.0,EXPRESS,,,1331,SF,,2026-08-09 22:01:42
107859,4945,935,459,PENDING_PAYMENT,200.0,EXPRESS,,,1869,SF,,2026-08-16 09:40:42
107860,33,665,866,PENDING_PAYMENT,12.0,MEETUP,29,17:00-18:00,,,,2026-08-08 06:56:42
107861,2446,327,853,PENDING_PAYMENT,50.0,MEETUP,10,12:00-13:00,,,,2026-08-08 15:37:42
107862,3722,935,160,PENDING_PAYMENT,8.0,MEETUP,22,17:00-18:00,,,,2026-08-15 05:05:42
107863,9,954,131,PENDING_PAYMENT,8.0,MEETUP,19,12:00-13:00,,,,2026-08-16 16:57:42
107864,1743,477,672,PENDING_PAYMENT,15.0,EXPRESS,,,967,SF,,2026-08-16 01:27:42
107865,548,82,245,PENDING_PAYMENT,25.0,EXPRESS,,,171,SF,,2026-08-14 07:14:42
107866,1938,831,450,PENDING_PAYMENT,50.0,MEETUP,19,19:00-20:00,,,,2026-08-12 05:09:42
107867,4732,375,602,PENDING_PAYMENT,150.0,EXPRESS,,,761,SF,,2026-08-13 03:35:42
107868,2947,543,613,PENDING_PAYMENT,30.0,MEETUP,6,12:00-13:00,,,,2026-08-12 12:36:42
107869,1958,385,941,PENDING_PAYMENT,15.0,EXPRESS,,,779,SF,,2026-08-13 18:13:42
107870,1241,301,587,PENDING_PAYMENT,8.0,MEETUP,20,12:00-13:00,,,,2026-08-06 21:42:42
107871,129,378,788,PENDING_PAYMENT,25.0,MEETUP,28,19:00-20:00,,,,2026-08-13 10:27:42
107872,795,513,783,PENDING_PAYMENT,1.0,MEETUP,6,17:00-18:00,,,,2026-08-11 18:57:42
107873,4591,299,947,PENDING_PAYMENT,80.0,MEETUP,16,12:00-13:00,,,,2026-08-08 20:04:42
107874,4066,284,554,PENDING_PAYMENT,100.0,EXPRESS,,,592,SF,,2026-08-16 01:38:42
107875,2217,297,195,PENDING_PAYMENT,20.0,EXPRESS,,,618,SF,,2026-08-13 04:50:42
107876,461,865,106,PENDING_PAYMENT,25.0,MEETUP,25,19:00-20:00,,,,2026-08-06 22:34:42
107877,3725,850,868,PENDING_PAYMENT,120.0,MEETUP,22,17:00-18:00,,,,2026-08-08 14:51:42
107878,3860,884,234,PENDING_PAYMENT,1.0,MEETUP,25,18:00-19:00,,,,2026-08-13 10:00:42
107879,3002,847,584,PENDING_PAYMENT,50.0,MEETUP,3,19:00-20:00,,,,2026-08-10 08:04:42
107880,3721,634,385,PENDING_PAYMENT,3.0,MEETUP,16,12:00-13:00,,,,2026-08-08 15:54:42
107881,3109,311,928,PENDING_PAYMENT,60.0,MEETUP,19,18:00-19:00,,,,2026-08-07 08:49:42
107882,1080,733,393,PENDING_PAYMENT,150.0,MEETUP,14,19:00-20:00,,,,2026-08-14 11:24:42
107883,2219,58,918,PENDING_PAYMENT,5.0,EXPRESS,,,124,SF,,2026-08-10 00:14:42
107884,2506,332,590,PENDING_PAYMENT,3.0,EXPRESS,,,683,SF,,2026-08-09 16:00:42
107885,2926,663,72,PENDING_PAYMENT,50.0,EXPRESS,,,1324,SF,,2026-08-15 22:12:42
107886,311,850,412,PENDING_PAYMENT,3.0,EXPRESS,,,1688,SF,,2026-08-11 15:26:42
107887,2107,756,51,PENDING_PAYMENT,120.0,MEETUP,6,19:00-20:00,,,,2026-08-08 11:51:42
107888,4168,642,219,PENDING_PAYMENT,20.0,MEETUP,27,17:00-18:00,,,,2026-08-12 21:17:42
107889,4611,348,567,PENDING_PAYMENT,15.0,MEETUP,26,17:00-18:00,,,,2026-08-07 20:42:42
107890,2909,787,981,PENDING_PAYMENT,8.0,MEETUP,3,18:00-19:00,,,,2026-08-11 03:27:42
107891,2984,74,962,PENDING_PAYMENT,25.0,EXPRESS,,,157,SF,,2026-08-09 12:23:42
107892,1029,264,463,PENDING_PAYMENT,2.0,EXPRESS,,,547,SF,,2026-08-11 02:13:42
107893,283,509,47,PENDING_PAYMENT,200.0,MEETUP,8,12:00-13:00,,,,2026-08-09 07:55:42
107894,2077,960,340,PENDING_PAYMENT,15.0,MEETUP,26,12:00-13:00,,,,2026-08-14 02:52:42
107895,2461,495,21,PENDING_PAYMENT,100.0,MEETUP,22,18:00-19:00,,,,2026-08-14 18:33:42
107896,539,663,31,PENDING_PAYMENT,15.0,EXPRESS,,,1324,SF,,2026-08-08 08:00:42
107897,1458,394,236,PENDING_PAYMENT,100.0,MEETUP,15,17:00-18:00,,,,2026-08-16 14:41:42
107898,2725,350,788,PENDING_PAYMENT,2.0,MEETUP,7,19:00-20:00,,,,2026-08-14 12:50:42
107899,2600,512,938,PENDING_PAYMENT,80.0,MEETUP,6,18:00-19:00,,,,2026-08-15 08:06:42
107900,46,585,296,PENDING_PAYMENT,120.0,MEETUP,24,17:00-18:00,,,,2026-08-10 15:48:42
107901,2042,210,915,PENDING_PAYMENT,80.0,EXPRESS,,,440,SF,,2026-08-06 23:46:42
107902,15,108,976,PENDING_PAYMENT,50.0,EXPRESS,,,221,SF,,2026-08-15 10:07:42
107903,178,305,382,PENDING_PAYMENT,200.0,MEETUP,2,18:00-19:00,,,,2026-08-12 07:01:42
107904,3654,386,868,PENDING_PAYMENT,50.0,MEETUP,7,17:00-18:00,,,,2026-08-13 13:31:42
107905,247,620,246,PENDING_PAYMENT,50.0,MEETUP,15,17:00-18:00,,,,2026-08-15 17:07:42
107906,4319,49,148,PENDING_PAYMENT,80.0,EXPRESS,,,106,SF,,2026-08-16 14:32:42
107907,2179,575,361,PENDING_PAYMENT,150.0,MEETUP,26,19:00-20:00,,,,2026-08-12 05:15:42
107908,733,384,829,PENDING_PAYMENT,10.0,EXPRESS,,,776,SF,,2026-08-09 08:58:42
107909,978,61,866,PENDING_PAYMENT,50.0,MEETUP,1,12:00-13:00,,,,2026-08-14 21:42:42
107910,2602,758,460,PENDING_PAYMENT,10.0,MEETUP,26,17:00-18:00,,,,2026-08-08 22:51:42
107911,3047,622,334,PENDING_PAYMENT,50.0,EXPRESS,,,1238,SF,,2026-08-09 23:29:42
107912,1650,781,503,PENDING_PAYMENT,120.0,EXPRESS,,,1558,SF,,2026-08-16 11:30:42
107913,1524,304,469,PENDING_PAYMENT,1.0,MEETUP,18,19:00-20:00,,,,2026-08-14 11:54:42
107914,1534,811,297,PENDING_PAYMENT,15.0,EXPRESS,,,1614,SF,,2026-08-12 11:49:42
107915,270,39,514,PENDING_PAYMENT,60.0,MEETUP,26,17:00-18:00,,,,2026-08-12 07:54:42
107916,1409,733,462,PENDING_PAYMENT,8.0,EXPRESS,,,1456,SF,,2026-08-15 13:18:42
107917,4246,488,240,PENDING_PAYMENT,80.0,MEETUP,17,18:00-19:00,,,,2026-08-12 08:50:42
107918,2225,616,125,PENDING_PAYMENT,1.0,MEETUP,4,18:00-19:00,,,,2026-08-10 16:31:42
107919,4925,680,705,PENDING_PAYMENT,30.0,EXPRESS,,,1359,SF,,2026-08-14 09:39:42
107920,2346,239,808,PENDING_PAYMENT,120.0,MEETUP,18,17:00-18:00,,,,2026-08-08 08:37:42
107921,2981,561,387,PENDING_PAYMENT,200.0,MEETUP,22,19:00-20:00,,,,2026-08-14 04:51:42
107922,2758,559,702,PENDING_PAYMENT,100.0,MEETUP,26,19:00-20:00,,,,2026-08-15 16:22:42
107923,2845,25,426,PENDING_PAYMENT,60.0,MEETUP,4,19:00-20:00,,,,2026-08-09 17:11:42
107924,1854,55,193,PENDING_PAYMENT,50.0,EXPRESS,,,121,SF,,2026-08-12 07:14:42
107925,4624,293,546,PENDING_PAYMENT,15.0,MEETUP,13,18:00-19:00,,,,2026-08-11 15:47:42
107926,2672,567,868,PENDING_PAYMENT,2.0,MEETUP,21,18:00-19:00,,,,2026-08-12 08:39:42
107927,1207,183,630,PENDING_PAYMENT,8.0,MEETUP,8,18:00-19:00,,,,2026-08-15 19:36:42
107928,8,127,249,PENDING_PAYMENT,60.0,MEETUP,21,17:00-18:00,,,,2026-08-11 23:16:42
107929,3994,403,269,PENDING_PAYMENT,60.0,MEETUP,29,17:00-18:00,,,,2026-08-12 07:00:42
107930,3132,566,180,PENDING_PAYMENT,30.0,EXPRESS,,,1141,SF,,2026-08-16 08:37:42
107931,208,918,788,PENDING_PAYMENT,50.0,EXPRESS,,,1833,SF,,2026-08-08 00:36:42
107932,1578,599,109,PENDING_PAYMENT,12.0,MEETUP,17,17:00-18:00,,,,2026-08-07 14:23:42
107933,2696,853,404,PENDING_PAYMENT,100.0,MEETUP,17,19:00-20:00,,,,2026-08-16 12:24:42
107934,2581,14,863,PENDING_PAYMENT,80.0,EXPRESS,,,32,SF,,2026-08-14 02:57:42
107935,4797,594,787,PENDING_PAYMENT,50.0,MEETUP,27,12:00-13:00,,,,2026-08-16 00:49:42
107936,947,822,63,PENDING_PAYMENT,150.0,EXPRESS,,,1634,SF,,2026-08-13 21:31:42
107937,1970,740,2,PENDING_PAYMENT,80.0,EXPRESS,,,1473,SF,,2026-08-07 13:15:42
107938,79,41,161,PENDING_PAYMENT,2.0,MEETUP,22,12:00-13:00,,,,2026-08-07 16:18:42
107939,2527,19,664,PENDING_PAYMENT,25.0,MEETUP,25,19:00-20:00,,,,2026-08-08 08:48:42
107940,1966,288,709,PENDING_PAYMENT,15.0,MEETUP,16,17:00-18:00,,,,2026-08-11 23:47:42
107941,4692,693,146,PENDING_PAYMENT,50.0,EXPRESS,,,1381,SF,,2026-08-09 21:39:42
107942,1695,745,449,PENDING_PAYMENT,30.0,EXPRESS,,,1483,SF,,2026-08-06 20:10:42
107943,4942,847,844,PENDING_PAYMENT,8.0,EXPRESS,,,1685,SF,,2026-08-16 09:21:42
107944,573,871,634,PENDING_PAYMENT,1.0,MEETUP,20,12:00-13:00,,,,2026-08-11 05:33:42
107945,2439,388,308,PENDING_PAYMENT,30.0,MEETUP,14,18:00-19:00,,,,2026-08-14 23:16:42
107946,3345,420,175,PENDING_PAYMENT,200.0,EXPRESS,,,857,SF,,2026-08-10 22:38:42
107947,1833,430,696,PENDING_PAYMENT,15.0,EXPRESS,,,879,SF,,2026-08-16 03:25:42
107948,69,127,134,PENDING_PAYMENT,12.0,EXPRESS,,,261,SF,,2026-08-16 16:23:42
107949,809,746,978,PENDING_PAYMENT,5.0,MEETUP,8,18:00-19:00,,,,2026-08-11 21:29:42
107950,3131,342,699,PENDING_PAYMENT,20.0,MEETUP,6,17:00-18:00,,,,2026-08-08 03:50:42
107951,4841,466,556,PENDING_PAYMENT,60.0,MEETUP,15,19:00-20:00,,,,2026-08-07 04:30:42
107952,3866,781,995,PENDING_PAYMENT,50.0,EXPRESS,,,1558,SF,,2026-08-14 11:48:42
107953,2769,385,787,PENDING_PAYMENT,20.0,MEETUP,3,17:00-18:00,,,,2026-08-13 10:21:42
107954,2512,409,797,PENDING_PAYMENT,80.0,MEETUP,25,19:00-20:00,,,,2026-08-15 21:53:42
107955,2227,708,265,PENDING_PAYMENT,50.0,EXPRESS,,,1411,SF,,2026-08-11 19:49:42
107956,4738,545,384,PENDING_PAYMENT,8.0,MEETUP,17,12:00-13:00,,,,2026-08-11 06:01:42
107957,2549,243,78,PENDING_PAYMENT,50.0,MEETUP,4,12:00-13:00,,,,2026-08-07 13:49:42
107958,1696,228,480,PENDING_PAYMENT,20.0,MEETUP,20,12:00-13:00,,,,2026-08-06 20:52:42
107959,3167,501,568,PENDING_PAYMENT,8.0,EXPRESS,,,1015,SF,,2026-08-10 02:10:42
107960,420,208,308,PENDING_PAYMENT,20.0,MEETUP,16,18:00-19:00,,,,2026-08-10 15:50:42
107961,1798,528,809,PENDING_PAYMENT,60.0,MEETUP,22,18:00-19:00,,,,2026-08-16 05:46:42
107962,3415,972,824,PENDING_PAYMENT,12.0,EXPRESS,,,1946,SF,,2026-08-07 16:27:42
107963,2284,710,942,PENDING_PAYMENT,2.0,EXPRESS,,,1413,SF,,2026-08-12 05:23:42
107964,656,802,438,PENDING_PAYMENT,8.0,EXPRESS,,,1598,SF,,2026-08-09 06:16:42
107965,3370,912,404,PENDING_PAYMENT,12.0,MEETUP,12,19:00-20:00,,,,2026-08-09 21:31:42
107966,1585,753,610,PENDING_PAYMENT,60.0,MEETUP,9,19:00-20:00,,,,2026-08-09 19:49:42
107967,4355,649,696,PENDING_PAYMENT,12.0,MEETUP,8,17:00-18:00,,,,2026-08-16 07:42:42
107968,394,393,268,PENDING_PAYMENT,30.0,EXPRESS,,,797,SF,,2026-08-16 02:34:42
107969,4142,717,898,PENDING_PAYMENT,2.0,EXPRESS,,,1429,SF,,2026-08-15 09:23:42
107970,336,31,615,PENDING_PAYMENT,3.0,MEETUP,1,17:00-18:00,,,,2026-08-12 01:11:42
107971,4376,779,309,PENDING_PAYMENT,20.0,EXPRESS,,,1553,SF,,2026-08-12 06:50:42
107972,695,236,179,PENDING_PAYMENT,30.0,MEETUP,19,17:00-18:00,,,,2026-08-13 10:56:42
107973,3495,904,367,PENDING_PAYMENT,100.0,MEETUP,14,19:00-20:00,,,,2026-08-07 17:54:42
107974,3884,971,565,PENDING_PAYMENT,5.0,MEETUP,30,12:00-13:00,,,,2026-08-09 04:10:42
107975,2777,847,298,PENDING_PAYMENT,100.0,MEETUP,28,17:00-18:00,,,,2026-08-15 00:59:42
107976,4311,786,563,PENDING_PAYMENT,1.0,MEETUP,9,17:00-18:00,,,,2026-08-07 17:03:42
107977,1750,546,890,PENDING_PAYMENT,10.0,MEETUP,14,18:00-19:00,,,,2026-08-15 12:50:42
107978,4989,706,240,PENDING_PAYMENT,80.0,MEETUP,30,12:00-13:00,,,,2026-08-09 06:17:42
107979,1827,110,186,PENDING_PAYMENT,5.0,MEETUP,2,17:00-18:00,,,,2026-08-14 22:55:42
107980,155,173,116,PENDING_PAYMENT,200.0,EXPRESS,,,360,SF,,2026-08-07 00:43:42
107981,2578,712,334,PENDING_PAYMENT,15.0,EXPRESS,,,1416,SF,,2026-08-14 21:12:42
107982,3667,445,598,PENDING_PAYMENT,50.0,MEETUP,3,19:00-20:00,,,,2026-08-10 16:43:42
107983,4286,403,262,PENDING_PAYMENT,8.0,MEETUP,26,19:00-20:00,,,,2026-08-16 15:24:42
107984,2486,167,880,PENDING_PAYMENT,12.0,MEETUP,24,19:00-20:00,,,,2026-08-14 00:21:42
107985,759,261,525,PENDING_PAYMENT,150.0,EXPRESS,,,539,SF,,2026-08-16 08:18:42
107986,3100,822,916,PENDING_PAYMENT,3.0,MEETUP,12,18:00-19:00,,,,2026-08-12 00:54:42
107987,4494,654,105,PENDING_PAYMENT,3.0,EXPRESS,,,1304,SF,,2026-08-15 08:23:42
107988,4179,269,710,PENDING_PAYMENT,5.0,MEETUP,28,12:00-13:00,,,,2026-08-12 17:23:42
107989,205,606,663,PENDING_PAYMENT,25.0,MEETUP,5,18:00-19:00,,,,2026-08-16 11:26:42
107990,2722,305,169,PENDING_PAYMENT,80.0,EXPRESS,,,632,SF,,2026-08-11 01:53:42
107991,4585,59,743,PENDING_PAYMENT,60.0,MEETUP,11,18:00-19:00,,,,2026-08-11 08:15:42
107992,709,257,90,PENDING_PAYMENT,200.0,MEETUP,21,17:00-18:00,,,,2026-08-12 02:57:42
107993,4633,847,96,PENDING_PAYMENT,200.0,EXPRESS,,,1684,SF,,2026-08-09 06:38:42
107994,3309,227,866,PENDING_PAYMENT,30.0,EXPRESS,,,475,SF,,2026-08-14 14:24:42
107995,2316,327,878,PENDING_PAYMENT,12.0,MEETUP,21,19:00-20:00,,,,2026-08-09 06:40:42
107996,325,993,403,PENDING_PAYMENT,120.0,EXPRESS,,,1982,SF,,2026-08-15 08:43:42
107997,937,88,721,PENDING_PAYMENT,100.0,EXPRESS,,,185,SF,,2026-08-13 22:40:42
107998,1921,113,70,PENDING_PAYMENT,100.0,EXPRESS,,,233,SF,,2026-08-07 22:42:42
107999,3261,642,801,PENDING_PAYMENT,50.0,EXPRESS,,,1273,SF,,2026-08-08 07:58:42
108000,2633,804,783,PENDING_PAYMENT,8.0,MEETUP,11,17:00-18:00,,,,2026-08-16 05:43:42
108001,1588,818,807,PENDING_PAYMENT,20.0,EXPRESS,,,1627,SF,,2026-08-13 15:20:42
108002,75,901,74,PENDING_PAYMENT,12.0,MEETUP,22,17:00-18:00,,,,2026-08-14 01:50:42
108003,1831,517,791,PENDING_PAYMENT,20.0,EXPRESS,,,1052,SF,,2026-08-13 01:42:42
108004,3480,314,424,PENDING_PAYMENT,12.0,MEETUP,12,12:00-13:00,,,,2026-08-15 04:15:42
108005,4931,12,344,PENDING_PAYMENT,60.0,EXPRESS,,,27,SF,,2026-08-09 04:03:42
108006,4044,654,805,PENDING_PAYMENT,25.0,EXPRESS,,,1305,SF,,2026-08-12 06:45:42
108007,56,394,105,PENDING_PAYMENT,5.0,MEETUP,21,12:00-13:00,,,,2026-08-15 18:00:42
108008,468,838,994,PENDING_PAYMENT,8.0,EXPRESS,,,1666,SF,,2026-08-11 18:19:42
108009,717,725,145,PENDING_PAYMENT,8.0,MEETUP,11,17:00-18:00,,,,2026-08-13 20:46:42
108010,3928,395,230,PENDING_PAYMENT,1.0,MEETUP,7,18:00-19:00,,,,2026-08-08 10:27:42
108011,4351,783,408,PENDING_PAYMENT,8.0,MEETUP,28,12:00-13:00,,,,2026-08-12 04:44:42
108012,2105,947,871,PENDING_PAYMENT,25.0,EXPRESS,,,1896,SF,,2026-08-15 13:15:42
108013,3261,506,801,PENDING_PAYMENT,50.0,EXPRESS,,,1027,SF,,2026-08-08 18:27:42
108014,1400,54,523,PENDING_PAYMENT,30.0,MEETUP,27,12:00-13:00,,,,2026-08-15 07:38:42
108015,3545,388,852,PENDING_PAYMENT,3.0,MEETUP,16,19:00-20:00,,,,2026-08-08 10:44:42
108016,2960,324,733,PENDING_PAYMENT,80.0,MEETUP,27,19:00-20:00,,,,2026-08-15 16:30:42
108017,4500,826,25,PENDING_PAYMENT,100.0,EXPRESS,,,1641,SF,,2026-08-08 17:36:42
108018,59,363,688,PENDING_PAYMENT,50.0,EXPRESS,,,740,SF,,2026-08-11 22:34:42
108019,4286,601,262,PENDING_PAYMENT,8.0,EXPRESS,,,1202,SF,,2026-08-14 23:30:42
108020,2181,341,483,PENDING_PAYMENT,15.0,MEETUP,16,18:00-19:00,,,,2026-08-09 12:17:42
108021,2096,140,99,PENDING_PAYMENT,1.0,EXPRESS,,,288,SF,,2026-08-15 17:17:42
108022,4973,905,202,PENDING_PAYMENT,80.0,EXPRESS,,,1805,SF,,2026-08-12 21:40:42
108023,44,376,149,PENDING_PAYMENT,3.0,MEETUP,19,12:00-13:00,,,,2026-08-07 12:27:42
108024,1012,491,412,PENDING_PAYMENT,10.0,EXPRESS,,,998,SF,,2026-08-09 16:09:42
108025,616,925,598,PENDING_PAYMENT,3.0,EXPRESS,,,1848,SF,,2026-08-07 12:37:42
108026,2497,162,92,PENDING_PAYMENT,120.0,MEETUP,13,19:00-20:00,,,,2026-08-10 20:08:42
108027,4784,319,469,PENDING_PAYMENT,12.0,MEETUP,8,17:00-18:00,,,,2026-08-13 06:51:42
108028,3676,841,275,PENDING_PAYMENT,8.0,EXPRESS,,,1672,SF,,2026-08-15 10:50:42
108029,4858,957,488,PENDING_PAYMENT,100.0,EXPRESS,,,1916,SF,,2026-08-10 05:37:42
108030,2518,340,656,PENDING_PAYMENT,50.0,MEETUP,21,19:00-20:00,,,,2026-08-15 22:24:42
108031,3024,172,996,PENDING_PAYMENT,1.0,MEETUP,4,18:00-19:00,,,,2026-08-16 00:41:42
108032,1517,21,562,PENDING_PAYMENT,50.0,EXPRESS,,,45,SF,,2026-08-10 04:54:42
108033,1331,509,221,PENDING_PAYMENT,80.0,MEETUP,26,19:00-20:00,,,,2026-08-10 16:39:42
108034,4955,624,676,PENDING_PAYMENT,30.0,MEETUP,6,12:00-13:00,,,,2026-08-08 23:06:42
108035,4834,594,965,PENDING_PAYMENT,80.0,MEETUP,28,17:00-18:00,,,,2026-08-07 17:29:42
108036,3983,721,650,PENDING_PAYMENT,1.0,EXPRESS,,,1436,SF,,2026-08-14 03:53:42
108037,3378,976,308,PENDING_PAYMENT,3.0,MEETUP,30,12:00-13:00,,,,2026-08-07 01:27:42
108038,766,399,881,PENDING_PAYMENT,8.0,MEETUP,2,17:00-18:00,,,,2026-08-16 16:38:42
108039,2621,643,799,PENDING_PAYMENT,60.0,MEETUP,12,12:00-13:00,,,,2026-08-11 23:17:42
108040,1403,133,338,PENDING_PAYMENT,200.0,MEETUP,3,18:00-19:00,,,,2026-08-15 07:33:42
108041,4157,309,749,PENDING_PAYMENT,100.0,MEETUP,26,18:00-19:00,,,,2026-08-13 15:12:42
108042,3748,280,545,PENDING_PAYMENT,120.0,EXPRESS,,,585,SF,,2026-08-11 00:13:42
108043,191,526,379,PENDING_PAYMENT,3.0,EXPRESS,,,1071,SF,,2026-08-12 16:27:42
108044,2824,949,968,PENDING_PAYMENT,20.0,MEETUP,10,19:00-20:00,,,,2026-08-11 01:38:42
108045,3771,329,415,PENDING_PAYMENT,150.0,MEETUP,10,17:00-18:00,,,,2026-08-14 18:47:42
108046,823,942,349,PENDING_PAYMENT,20.0,MEETUP,22,12:00-13:00,,,,2026-08-08 20:35:42
108047,3446,103,759,PENDING_PAYMENT,80.0,EXPRESS,,,213,SF,,2026-08-10 07:11:42
108048,3747,494,479,PENDING_PAYMENT,60.0,MEETUP,5,17:00-18:00,,,,2026-08-07 17:01:42
108049,3844,938,90,PENDING_PAYMENT,2.0,MEETUP,2,17:00-18:00,,,,2026-08-08 07:05:42
108050,2760,653,719,PENDING_PAYMENT,100.0,MEETUP,27,17:00-18:00,,,,2026-08-14 11:23:42
108051,2778,955,144,PENDING_PAYMENT,3.0,MEETUP,30,19:00-20:00,,,,2026-08-16 15:19:42
108052,38,253,203,PENDING_PAYMENT,25.0,MEETUP,5,19:00-20:00,,,,2026-08-14 19:27:42
108053,3155,803,750,PENDING_PAYMENT,80.0,EXPRESS,,,1600,SF,,2026-08-12 16:28:42
108054,1720,308,810,PENDING_PAYMENT,25.0,MEETUP,28,17:00-18:00,,,,2026-08-15 22:17:42
108055,3684,535,427,PENDING_PAYMENT,1.0,MEETUP,4,18:00-19:00,,,,2026-08-11 10:10:42
108056,2224,525,155,PENDING_PAYMENT,30.0,MEETUP,18,19:00-20:00,,,,2026-08-12 19:31:42
108057,543,186,655,PENDING_PAYMENT,12.0,EXPRESS,,,390,SF,,2026-08-13 19:30:42
108058,1581,589,118,PENDING_PAYMENT,5.0,MEETUP,7,18:00-19:00,,,,2026-08-16 10:03:42
108059,4936,227,50,PENDING_PAYMENT,200.0,EXPRESS,,,475,SF,,2026-08-09 04:28:42
108060,1732,766,515,PENDING_PAYMENT,120.0,EXPRESS,,,1534,SF,,2026-08-14 05:46:42
108061,3349,49,568,PENDING_PAYMENT,5.0,EXPRESS,,,106,SF,,2026-08-15 10:48:42
108062,4559,631,11,PENDING_PAYMENT,10.0,MEETUP,8,18:00-19:00,,,,2026-08-14 22:08:42
108063,543,91,655,PENDING_PAYMENT,12.0,EXPRESS,,,190,SF,,2026-08-06 20:10:42
108064,4778,171,553,PENDING_PAYMENT,20.0,EXPRESS,,,355,SF,,2026-08-11 17:22:42
108065,3967,429,119,PENDING_PAYMENT,15.0,MEETUP,20,19:00-20:00,,,,2026-08-14 23:11:42
108066,937,34,721,PENDING_PAYMENT,100.0,MEETUP,27,17:00-18:00,,,,2026-08-08 00:45:42
108067,4415,810,550,PENDING_PAYMENT,8.0,MEETUP,16,18:00-19:00,,,,2026-08-14 23:26:42
108068,653,25,292,PENDING_PAYMENT,100.0,MEETUP,28,18:00-19:00,,,,2026-08-11 16:18:42
108069,4750,113,571,PENDING_PAYMENT,3.0,EXPRESS,,,233,SF,,2026-08-07 11:51:42
108070,3412,591,989,PENDING_PAYMENT,60.0,EXPRESS,,,1181,SF,,2026-08-09 20:45:42
108071,3782,755,676,PENDING_PAYMENT,150.0,EXPRESS,,,1509,SF,,2026-08-07 17:00:42
108072,4690,778,388,PENDING_PAYMENT,8.0,MEETUP,23,17:00-18:00,,,,2026-08-11 21:19:42
108073,281,396,304,PENDING_PAYMENT,5.0,EXPRESS,,,804,SF,,2026-08-11 12:40:42
108074,3288,230,206,PENDING_PAYMENT,1.0,MEETUP,28,12:00-13:00,,,,2026-08-15 00:14:42
108075,3499,370,131,PENDING_PAYMENT,20.0,EXPRESS,,,753,SF,,2026-08-12 05:08:42
108076,3806,287,247,PENDING_PAYMENT,10.0,EXPRESS,,,602,SF,,2026-08-08 07:53:42
108077,814,904,588,PENDING_PAYMENT,80.0,EXPRESS,,,1802,SF,,2026-08-10 16:12:42
108078,2265,814,676,PENDING_PAYMENT,15.0,MEETUP,11,17:00-18:00,,,,2026-08-15 11:01:42
108079,4254,52,517,PENDING_PAYMENT,1.0,MEETUP,6,18:00-19:00,,,,2026-08-15 03:33:42
108080,401,629,653,PENDING_PAYMENT,25.0,EXPRESS,,,1252,SF,,2026-08-14 16:34:42
108081,26,346,187,PENDING_PAYMENT,15.0,EXPRESS,,,704,SF,,2026-08-12 08:34:42
108082,136,700,301,PENDING_PAYMENT,100.0,MEETUP,20,19:00-20:00,,,,2026-08-14 22:56:42
108083,528,561,799,PENDING_PAYMENT,12.0,MEETUP,28,17:00-18:00,,,,2026-08-11 09:57:42
108084,190,342,966,PENDING_PAYMENT,150.0,EXPRESS,,,697,SF,,2026-08-08 20:59:42
108085,1,802,17,PENDING_PAYMENT,30.0,EXPRESS,,,1598,SF,,2026-08-11 23:30:42
108086,261,830,366,PENDING_PAYMENT,3.0,MEETUP,11,18:00-19:00,,,,2026-08-07 02:18:42
108087,1286,508,270,PENDING_PAYMENT,150.0,MEETUP,12,19:00-20:00,,,,2026-08-12 11:41:42
108088,1585,373,610,PENDING_PAYMENT,60.0,EXPRESS,,,759,SF,,2026-08-11 00:37:42
108089,4201,552,100,PENDING_PAYMENT,1.0,EXPRESS,,,1113,SF,,2026-08-11 08:32:42
108090,2116,100,364,PENDING_PAYMENT,25.0,MEETUP,24,17:00-18:00,,,,2026-08-10 18:03:42
108091,2418,844,60,PENDING_PAYMENT,120.0,EXPRESS,,,1676,SF,,2026-08-11 14:16:42
108092,1216,255,489,PENDING_PAYMENT,2.0,MEETUP,21,18:00-19:00,,,,2026-08-10 16:11:42
108093,815,922,828,PENDING_PAYMENT,15.0,EXPRESS,,,1839,SF,,2026-08-09 14:24:42
108094,3701,216,91,PENDING_PAYMENT,150.0,MEETUP,29,12:00-13:00,,,,2026-08-13 20:01:42
108095,3278,868,225,PENDING_PAYMENT,80.0,EXPRESS,,,1725,SF,,2026-08-09 05:01:42
108096,2907,752,27,PENDING_PAYMENT,150.0,EXPRESS,,,1500,SF,,2026-08-12 23:22:42
108097,2695,718,822,PENDING_PAYMENT,50.0,EXPRESS,,,1430,SF,,2026-08-16 17:55:42
108098,51,898,983,PENDING_PAYMENT,20.0,MEETUP,7,18:00-19:00,,,,2026-08-15 09:42:42
108099,1207,206,630,PENDING_PAYMENT,8.0,EXPRESS,,,431,SF,,2026-08-11 07:15:42
108100,3627,372,148,PENDING_PAYMENT,80.0,EXPRESS,,,755,SF,,2026-08-11 19:47:42
108101,135,802,80,PENDING_PAYMENT,150.0,MEETUP,8,17:00-18:00,,,,2026-08-13 03:17:42
108102,110,522,313,PENDING_PAYMENT,80.0,EXPRESS,,,1063,SF,,2026-08-16 00:11:42
108103,1924,746,348,PENDING_PAYMENT,15.0,EXPRESS,,,1486,SF,,2026-08-09 07:58:42
108104,4179,696,710,PENDING_PAYMENT,5.0,EXPRESS,,,1386,SF,,2026-08-09 05:18:42
108105,2497,84,92,PENDING_PAYMENT,120.0,EXPRESS,,,176,SF,,2026-08-08 21:29:42
108106,2903,111,455,PENDING_PAYMENT,200.0,MEETUP,21,12:00-13:00,,,,2026-08-09 16:49:42
108107,4495,793,894,PENDING_PAYMENT,1.0,MEETUP,6,19:00-20:00,,,,2026-08-15 06:17:42
108108,2301,369,338,PENDING_PAYMENT,5.0,EXPRESS,,,751,SF,,2026-08-12 01:49:42
108109,1104,713,136,PENDING_PAYMENT,100.0,EXPRESS,,,1419,SF,,2026-08-13 14:45:42
108110,1356,892,907,PENDING_PAYMENT,2.0,MEETUP,23,19:00-20:00,,,,2026-08-08 21:33:42
108111,2389,412,628,PENDING_PAYMENT,12.0,MEETUP,19,19:00-20:00,,,,2026-08-07 12:03:42
108112,2410,461,314,PENDING_PAYMENT,1.0,MEETUP,3,18:00-19:00,,,,2026-08-16 02:38:42
108113,1209,114,777,PENDING_PAYMENT,60.0,EXPRESS,,,234,SF,,2026-08-15 17:06:42
108114,291,614,144,PENDING_PAYMENT,1.0,EXPRESS,,,1224,SF,,2026-08-11 13:55:42
108115,303,37,910,PENDING_PAYMENT,120.0,EXPRESS,,,77,SF,,2026-08-13 11:20:42
108116,4431,481,403,PENDING_PAYMENT,3.0,MEETUP,2,12:00-13:00,,,,2026-08-09 00:07:42
108117,442,86,416,PENDING_PAYMENT,3.0,MEETUP,4,18:00-19:00,,,,2026-08-16 10:32:42
108118,1142,820,824,PENDING_PAYMENT,80.0,MEETUP,26,18:00-19:00,,,,2026-08-10 15:21:42
108119,3789,646,641,PENDING_PAYMENT,80.0,EXPRESS,,,1285,SF,,2026-08-08 07:06:42
108120,997,636,118,PENDING_PAYMENT,200.0,EXPRESS,,,1265,SF,,2026-08-09 09:31:42
108121,4319,272,148,PENDING_PAYMENT,80.0,EXPRESS,,,566,SF,,2026-08-13 03:01:42
108122,2861,30,267,PENDING_PAYMENT,80.0,EXPRESS,,,63,SF,,2026-08-15 17:36:42
108123,1128,526,73,PENDING_PAYMENT,50.0,MEETUP,5,17:00-18:00,,,,2026-08-13 19:26:42
108124,2308,471,735,PENDING_PAYMENT,150.0,EXPRESS,,,957,SF,,2026-08-15 19:41:42
108125,1827,317,186,PENDING_PAYMENT,5.0,MEETUP,17,12:00-13:00,,,,2026-08-14 19:57:42
108126,4381,830,232,PENDING_PAYMENT,30.0,MEETUP,16,19:00-20:00,,,,2026-08-07 04:44:42
108127,1354,855,965,PENDING_PAYMENT,2.0,EXPRESS,,,1699,SF,,2026-08-10 18:02:42
108128,923,674,131,PENDING_PAYMENT,100.0,MEETUP,27,12:00-13:00,,,,2026-08-08 10:39:42
108129,3787,969,473,PENDING_PAYMENT,120.0,MEETUP,19,18:00-19:00,,,,2026-08-11 14:06:42
108130,1220,843,663,PENDING_PAYMENT,30.0,EXPRESS,,,1674,SF,,2026-08-10 15:13:42
108131,2271,507,830,PENDING_PAYMENT,80.0,EXPRESS,,,1031,SF,,2026-08-14 01:42:42
108132,4403,566,21,PENDING_PAYMENT,50.0,MEETUP,1,12:00-13:00,,,,2026-08-11 09:40:42
108133,1805,292,490,PENDING_PAYMENT,25.0,EXPRESS,,,613,SF,,2026-08-11 14:36:42
108134,1816,258,813,PENDING_PAYMENT,10.0,EXPRESS,,,536,SF,,2026-08-07 13:25:42
108135,4594,399,736,PENDING_PAYMENT,10.0,MEETUP,5,12:00-13:00,,,,2026-08-15 02:34:42
108136,575,806,221,PENDING_PAYMENT,150.0,MEETUP,21,17:00-18:00,,,,2026-08-06 19:42:42
108137,4658,561,598,PENDING_PAYMENT,200.0,MEETUP,9,17:00-18:00,,,,2026-08-09 02:03:42
108138,2179,971,361,PENDING_PAYMENT,150.0,EXPRESS,,,1944,SF,,2026-08-09 08:56:42
108139,4343,222,826,PENDING_PAYMENT,8.0,EXPRESS,,,462,SF,,2026-08-08 12:37:42
108140,2809,723,227,PENDING_PAYMENT,150.0,EXPRESS,,,1438,SF,,2026-08-07 09:09:42
108141,4,251,422,PENDING_PAYMENT,200.0,EXPRESS,,,520,SF,,2026-08-16 03:57:42
108142,1237,106,445,PENDING_PAYMENT,60.0,MEETUP,6,19:00-20:00,,,,2026-08-07 02:17:42
108143,2059,819,103,PENDING_PAYMENT,200.0,EXPRESS,,,1628,SF,,2026-08-10 03:32:42
108144,2613,719,653,PENDING_PAYMENT,25.0,MEETUP,11,19:00-20:00,,,,2026-08-10 01:03:42
108145,2684,250,620,PENDING_PAYMENT,200.0,EXPRESS,,,518,SF,,2026-08-13 09:31:42
108146,3860,259,234,PENDING_PAYMENT,1.0,MEETUP,5,17:00-18:00,,,,2026-08-14 07:04:42
108147,4900,877,730,PENDING_PAYMENT,50.0,EXPRESS,,,1744,SF,,2026-08-14 08:30:42
108148,760,309,352,PENDING_PAYMENT,15.0,EXPRESS,,,637,SF,,2026-08-08 06:03:42
108149,1163,262,409,PENDING_PAYMENT,12.0,MEETUP,14,19:00-20:00,,,,2026-08-09 07:42:42
108150,4776,201,844,PENDING_PAYMENT,1.0,MEETUP,1,12:00-13:00,,,,2026-08-12 21:36:42
108151,2267,401,898,PENDING_PAYMENT,20.0,EXPRESS,,,810,SF,,2026-08-07 15:15:42
108152,815,646,828,PENDING_PAYMENT,15.0,EXPRESS,,,1285,SF,,2026-08-11 21:28:42
108153,2064,480,721,PENDING_PAYMENT,25.0,EXPRESS,,,972,SF,,2026-08-15 20:05:42
108154,133,377,896,PENDING_PAYMENT,1.0,EXPRESS,,,766,SF,,2026-08-10 15:22:42
108155,2353,388,94,PENDING_PAYMENT,100.0,EXPRESS,,,784,SF,,2026-08-15 21:27:42
108156,437,474,63,PENDING_PAYMENT,100.0,EXPRESS,,,962,SF,,2026-08-08 07:05:42
108157,1308,159,341,PENDING_PAYMENT,2.0,MEETUP,5,19:00-20:00,,,,2026-08-13 22:41:42
108158,2158,656,892,PENDING_PAYMENT,50.0,MEETUP,22,12:00-13:00,,,,2026-08-16 10:30:42
108159,1363,965,284,PENDING_PAYMENT,5.0,MEETUP,18,18:00-19:00,,,,2026-08-16 06:33:42
108160,334,619,957,PENDING_PAYMENT,5.0,EXPRESS,,,1233,SF,,2026-08-15 18:31:42
108161,263,282,767,PENDING_PAYMENT,120.0,EXPRESS,,,589,SF,,2026-08-11 03:44:42
108162,1957,792,441,PENDING_PAYMENT,50.0,EXPRESS,,,1578,SF,,2026-08-06 21:04:42
108163,3282,296,54,PENDING_PAYMENT,8.0,EXPRESS,,,617,SF,,2026-08-15 23:39:42
108164,4093,565,214,PENDING_PAYMENT,12.0,EXPRESS,,,1139,SF,,2026-08-15 12:00:42
108165,3218,596,358,PENDING_PAYMENT,20.0,EXPRESS,,,1190,SF,,2026-08-14 05:13:42
108166,94,608,147,PENDING_PAYMENT,100.0,MEETUP,21,17:00-18:00,,,,2026-08-13 15:27:42
108167,1556,413,70,PENDING_PAYMENT,60.0,MEETUP,26,17:00-18:00,,,,2026-08-13 03:27:42
108168,4163,505,793,PENDING_PAYMENT,200.0,EXPRESS,,,1025,SF,,2026-08-14 22:04:42
108169,4344,962,382,PENDING_PAYMENT,30.0,EXPRESS,,,1929,SF,,2026-08-13 22:39:42
108170,4676,750,600,PENDING_PAYMENT,2.0,EXPRESS,,,1497,SF,,2026-08-11 00:58:42
108171,2386,188,723,PENDING_PAYMENT,8.0,MEETUP,17,17:00-18:00,,,,2026-08-13 05:01:42
108172,2779,415,344,PENDING_PAYMENT,20.0,EXPRESS,,,843,SF,,2026-08-12 11:55:42
108173,136,324,301,PENDING_PAYMENT,100.0,MEETUP,13,18:00-19:00,,,,2026-08-12 06:59:42
108174,779,189,32,PENDING_PAYMENT,10.0,EXPRESS,,,395,SF,,2026-08-14 09:23:42
108175,1833,45,696,PENDING_PAYMENT,15.0,MEETUP,29,19:00-20:00,,,,2026-08-11 00:25:42
108176,2576,355,648,PENDING_PAYMENT,200.0,MEETUP,21,18:00-19:00,,,,2026-08-15 14:50:42
108177,1580,179,789,PENDING_PAYMENT,200.0,MEETUP,9,12:00-13:00,,,,2026-08-13 04:44:42
108178,1425,604,415,PENDING_PAYMENT,8.0,MEETUP,23,18:00-19:00,,,,2026-08-10 04:51:42
108179,2710,441,15,PENDING_PAYMENT,80.0,EXPRESS,,,899,SF,,2026-08-10 22:04:42
108180,1992,288,842,PENDING_PAYMENT,20.0,EXPRESS,,,605,SF,,2026-08-12 22:46:42
108181,4306,849,947,PENDING_PAYMENT,3.0,MEETUP,18,12:00-13:00,,,,2026-08-13 06:23:42
108182,1875,233,826,PENDING_PAYMENT,100.0,EXPRESS,,,486,SF,,2026-08-14 02:55:42
108183,4254,259,517,PENDING_PAYMENT,1.0,EXPRESS,,,537,SF,,2026-08-11 22:54:42
108184,727,486,97,PENDING_PAYMENT,3.0,MEETUP,13,17:00-18:00,,,,2026-08-09 18:11:42
108185,1404,853,901,PENDING_PAYMENT,20.0,EXPRESS,,,1694,SF,,2026-08-14 18:58:42
108186,902,249,725,PENDING_PAYMENT,120.0,EXPRESS,,,515,SF,,2026-08-07 08:16:42
108187,3290,410,284,PENDING_PAYMENT,80.0,MEETUP,26,18:00-19:00,,,,2026-08-13 14:08:42
108188,2285,313,998,PENDING_PAYMENT,200.0,EXPRESS,,,644,SF,,2026-08-09 04:09:42
108189,3496,114,913,PENDING_PAYMENT,15.0,EXPRESS,,,234,SF,,2026-08-11 17:42:42
108190,949,676,416,PENDING_PAYMENT,20.0,EXPRESS,,,1352,SF,,2026-08-13 19:49:42
108191,4747,504,375,PENDING_PAYMENT,100.0,MEETUP,9,18:00-19:00,,,,2026-08-10 04:15:42
108192,930,770,73,PENDING_PAYMENT,100.0,MEETUP,13,12:00-13:00,,,,2026-08-11 17:06:42
108193,4165,970,823,PENDING_PAYMENT,20.0,MEETUP,23,12:00-13:00,,,,2026-08-09 02:05:42
108194,147,453,711,PENDING_PAYMENT,60.0,MEETUP,21,12:00-13:00,,,,2026-08-10 17:39:42
108195,2265,922,676,PENDING_PAYMENT,15.0,EXPRESS,,,1840,SF,,2026-08-12 05:50:42
108196,155,566,116,PENDING_PAYMENT,200.0,MEETUP,17,12:00-13:00,,,,2026-08-07 21:02:42
108197,668,30,247,PENDING_PAYMENT,120.0,MEETUP,14,17:00-18:00,,,,2026-08-09 19:29:42
108198,4620,146,281,PENDING_PAYMENT,50.0,EXPRESS,,,301,SF,,2026-08-13 00:12:42
108199,4377,786,993,PENDING_PAYMENT,120.0,MEETUP,1,12:00-13:00,,,,2026-08-14 02:36:42
108200,2413,244,9,PENDING_PAYMENT,150.0,MEETUP,26,17:00-18:00,,,,2026-08-14 17:36:42
108201,3836,665,107,PENDING_PAYMENT,8.0,MEETUP,7,17:00-18:00,,,,2026-08-12 11:17:42
108202,1882,759,903,PENDING_PAYMENT,100.0,EXPRESS,,,1518,SF,,2026-08-10 09:25:42
108203,3575,803,889,PENDING_PAYMENT,200.0,MEETUP,15,12:00-13:00,,,,2026-08-10 17:04:42
108204,2125,760,449,PENDING_PAYMENT,100.0,MEETUP,21,18:00-19:00,,,,2026-08-10 16:45:42
108205,188,280,305,PENDING_PAYMENT,50.0,EXPRESS,,,585,SF,,2026-08-09 05:18:42
108206,3602,827,760,PENDING_PAYMENT,20.0,MEETUP,7,17:00-18:00,,,,2026-08-07 08:56:42
108207,2090,347,911,PENDING_PAYMENT,3.0,EXPRESS,,,706,SF,,2026-08-14 12:25:42
108208,1283,685,51,PENDING_PAYMENT,80.0,MEETUP,26,19:00-20:00,,,,2026-08-13 20:21:42
108209,1042,76,960,PENDING_PAYMENT,2.0,MEETUP,4,18:00-19:00,,,,2026-08-14 01:16:42
108210,3836,847,107,PENDING_PAYMENT,8.0,MEETUP,14,17:00-18:00,,,,2026-08-08 15:09:42
108211,3044,841,328,PENDING_PAYMENT,10.0,MEETUP,5,17:00-18:00,,,,2026-08-16 10:14:42
108212,3848,494,641,PENDING_PAYMENT,20.0,EXPRESS,,,1003,SF,,2026-08-08 17:48:42
108213,1854,415,193,PENDING_PAYMENT,50.0,EXPRESS,,,843,SF,,2026-08-10 21:13:42
108214,4211,807,772,PENDING_PAYMENT,1.0,EXPRESS,,,1606,SF,,2026-08-16 06:16:42
108215,1094,991,625,PENDING_PAYMENT,30.0,MEETUP,15,19:00-20:00,,,,2026-08-12 16:19:42
108216,4618,92,609,PENDING_PAYMENT,200.0,MEETUP,19,12:00-13:00,,,,2026-08-08 04:22:42
108217,947,691,63,PENDING_PAYMENT,150.0,MEETUP,15,12:00-13:00,,,,2026-08-10 18:19:42
108218,3920,747,891,PENDING_PAYMENT,30.0,MEETUP,24,12:00-13:00,,,,2026-08-11 15:51:42
108219,2535,606,617,PENDING_PAYMENT,150.0,EXPRESS,,,1211,SF,,2026-08-09 02:42:42
108220,3412,677,989,PENDING_PAYMENT,60.0,MEETUP,28,18:00-19:00,,,,2026-08-07 08:19:42
108221,3677,733,317,PENDING_PAYMENT,60.0,MEETUP,4,18:00-19:00,,,,2026-08-15 14:25:42
108222,2541,617,628,PENDING_PAYMENT,200.0,MEETUP,12,19:00-20:00,,,,2026-08-15 10:21:42
108223,1887,902,1,PENDING_PAYMENT,30.0,MEETUP,11,12:00-13:00,,,,2026-08-12 10:33:42
108224,3371,412,235,PENDING_PAYMENT,60.0,EXPRESS,,,835,SF,,2026-08-07 09:14:42
108225,701,913,201,PENDING_PAYMENT,150.0,EXPRESS,,,1822,SF,,2026-08-16 11:51:42
108226,1074,492,612,PENDING_PAYMENT,3.0,MEETUP,16,12:00-13:00,,,,2026-08-16 05:24:42
108227,4892,813,845,PENDING_PAYMENT,1.0,EXPRESS,,,1616,SF,,2026-08-09 01:24:42
108228,1010,835,892,PENDING_PAYMENT,80.0,MEETUP,30,18:00-19:00,,,,2026-08-08 18:50:42
108229,284,55,817,PENDING_PAYMENT,1.0,EXPRESS,,,120,SF,,2026-08-12 07:31:42
108230,3120,455,403,PENDING_PAYMENT,100.0,EXPRESS,,,929,SF,,2026-08-12 07:06:42
108231,1947,569,653,PENDING_PAYMENT,20.0,MEETUP,4,18:00-19:00,,,,2026-08-07 07:12:42
108232,3673,787,94,PENDING_PAYMENT,12.0,EXPRESS,,,1568,SF,,2026-08-14 15:53:42
108233,863,105,880,PENDING_PAYMENT,20.0,EXPRESS,,,216,SF,,2026-08-15 21:28:42
108234,3050,14,826,PENDING_PAYMENT,8.0,EXPRESS,,,31,SF,,2026-08-13 21:03:42
108235,4098,514,962,PENDING_PAYMENT,60.0,EXPRESS,,,1048,SF,,2026-08-12 17:34:42
108236,2161,200,606,PENDING_PAYMENT,120.0,MEETUP,12,12:00-13:00,,,,2026-08-10 02:17:42
108237,2413,756,9,PENDING_PAYMENT,150.0,EXPRESS,,,1511,SF,,2026-08-07 16:24:42
108238,4038,213,696,PENDING_PAYMENT,12.0,MEETUP,22,19:00-20:00,,,,2026-08-13 17:29:42
108239,1119,951,417,PENDING_PAYMENT,50.0,EXPRESS,,,1904,SF,,2026-08-13 14:02:42
108240,1203,762,820,PENDING_PAYMENT,200.0,MEETUP,1,12:00-13:00,,,,2026-08-12 07:15:42
108241,1689,435,322,PENDING_PAYMENT,1.0,EXPRESS,,,888,SF,,2026-08-15 14:08:42
108242,2625,310,147,PENDING_PAYMENT,8.0,MEETUP,13,18:00-19:00,,,,2026-08-11 22:38:42
108243,4520,698,36,PENDING_PAYMENT,12.0,MEETUP,5,18:00-19:00,,,,2026-08-09 01:33:42
108244,2000,35,508,PENDING_PAYMENT,12.0,MEETUP,1,17:00-18:00,,,,2026-08-10 09:39:42
108245,4937,479,303,PENDING_PAYMENT,5.0,EXPRESS,,,971,SF,,2026-08-15 15:55:42
108246,2488,778,6,PENDING_PAYMENT,2.0,EXPRESS,,,1551,SF,,2026-08-09 14:09:42
108247,200,173,68,PENDING_PAYMENT,5.0,MEETUP,16,18:00-19:00,,,,2026-08-10 22:57:42
108248,818,267,59,PENDING_PAYMENT,200.0,EXPRESS,,,554,SF,,2026-08-14 13:00:42
108249,4976,787,835,PENDING_PAYMENT,80.0,MEETUP,23,19:00-20:00,,,,2026-08-11 14:52:42
108250,205,753,663,PENDING_PAYMENT,25.0,MEETUP,9,12:00-13:00,,,,2026-08-08 22:02:42
108251,3544,748,243,PENDING_PAYMENT,200.0,EXPRESS,,,1491,SF,,2026-08-16 10:46:42
108252,3169,281,841,PENDING_PAYMENT,30.0,EXPRESS,,,586,SF,,2026-08-11 05:23:42
108253,60,400,413,PENDING_PAYMENT,30.0,EXPRESS,,,809,SF,,2026-08-16 17:45:42
108254,821,941,318,PENDING_PAYMENT,1.0,EXPRESS,,,1885,SF,,2026-08-14 12:29:42
108255,2320,730,832,PENDING_PAYMENT,1.0,EXPRESS,,,1448,SF,,2026-08-10 13:57:42
108256,2916,891,37,PENDING_PAYMENT,3.0,EXPRESS,,,1773,SF,,2026-08-14 06:33:42
108257,199,979,278,PENDING_PAYMENT,25.0,EXPRESS,,,1960,SF,,2026-08-16 09:39:42
108258,765,948,726,PENDING_PAYMENT,80.0,EXPRESS,,,1898,SF,,2026-08-14 02:37:42
108259,4769,948,954,PENDING_PAYMENT,150.0,EXPRESS,,,1898,SF,,2026-08-13 07:14:42
108260,1116,643,447,PENDING_PAYMENT,200.0,EXPRESS,,,1277,SF,,2026-08-15 17:04:42
108261,1913,386,640,PENDING_PAYMENT,50.0,MEETUP,23,19:00-20:00,,,,2026-08-14 02:06:42
108262,4494,781,105,PENDING_PAYMENT,3.0,EXPRESS,,,1558,SF,,2026-08-15 21:22:42
108263,3522,881,547,PENDING_PAYMENT,5.0,EXPRESS,,,1752,SF,,2026-08-16 05:44:42
108264,4825,521,641,PENDING_PAYMENT,100.0,EXPRESS,,,1061,SF,,2026-08-07 14:42:42
108265,1140,982,685,PENDING_PAYMENT,60.0,EXPRESS,,,1964,SF,,2026-08-16 14:18:42
108266,916,2,25,PENDING_PAYMENT,10.0,EXPRESS,,,6,SF,,2026-08-09 10:40:42
108267,3350,963,715,PENDING_PAYMENT,3.0,EXPRESS,,,1930,SF,,2026-08-09 03:01:42
108268,1682,85,371,PENDING_PAYMENT,20.0,EXPRESS,,,179,SF,,2026-08-10 01:43:42
108269,1247,318,99,PENDING_PAYMENT,20.0,MEETUP,28,17:00-18:00,,,,2026-08-15 01:50:42
108270,1584,122,831,PENDING_PAYMENT,10.0,EXPRESS,,,250,SF,,2026-08-11 15:06:42
108271,4665,282,937,PENDING_PAYMENT,12.0,EXPRESS,,,590,SF,,2026-08-14 02:22:42
108272,981,41,576,PENDING_PAYMENT,25.0,MEETUP,29,19:00-20:00,,,,2026-08-13 00:41:42
108273,4880,748,843,PENDING_PAYMENT,50.0,MEETUP,2,12:00-13:00,,,,2026-08-13 22:25:42
108274,3928,838,230,PENDING_PAYMENT,1.0,EXPRESS,,,1664,SF,,2026-08-14 12:39:42
108275,2010,702,67,PENDING_PAYMENT,100.0,MEETUP,12,19:00-20:00,,,,2026-08-10 23:38:42
108276,2841,757,537,PENDING_PAYMENT,10.0,MEETUP,3,17:00-18:00,,,,2026-08-12 12:31:42
108277,432,726,409,PENDING_PAYMENT,50.0,EXPRESS,,,1444,SF,,2026-08-09 03:10:42
108278,1022,212,586,PENDING_PAYMENT,25.0,MEETUP,8,12:00-13:00,,,,2026-08-12 12:25:42
108279,3549,220,16,PENDING_PAYMENT,5.0,MEETUP,11,19:00-20:00,,,,2026-08-13 11:03:42
108280,3707,760,300,PENDING_PAYMENT,3.0,MEETUP,21,18:00-19:00,,,,2026-08-07 13:03:42
108281,3242,438,92,PENDING_PAYMENT,60.0,EXPRESS,,,894,SF,,2026-08-16 11:59:42
108282,681,977,289,PENDING_PAYMENT,5.0,EXPRESS,,,1957,SF,,2026-08-16 11:53:42
108283,23,985,83,PENDING_PAYMENT,60.0,EXPRESS,,,1969,SF,,2026-08-09 14:52:42
108284,344,17,450,PENDING_PAYMENT,3.0,EXPRESS,,,36,SF,,2026-08-14 03:44:42
108285,1941,742,830,PENDING_PAYMENT,200.0,EXPRESS,,,1476,SF,,2026-08-16 12:55:42
108286,2773,654,678,PENDING_PAYMENT,80.0,MEETUP,5,18:00-19:00,,,,2026-08-09 10:50:42
108287,1507,496,853,PENDING_PAYMENT,1.0,EXPRESS,,,1007,SF,,2026-08-13 06:32:42
108288,2260,182,245,PENDING_PAYMENT,25.0,EXPRESS,,,382,SF,,2026-08-11 17:58:42
108289,4600,943,616,PENDING_PAYMENT,60.0,MEETUP,15,17:00-18:00,,,,2026-08-09 05:16:42
108290,4524,577,539,PENDING_PAYMENT,60.0,EXPRESS,,,1158,SF,,2026-08-15 23:59:42
108291,1480,304,672,PENDING_PAYMENT,3.0,EXPRESS,,,630,SF,,2026-08-16 15:54:42
108292,456,283,127,PENDING_PAYMENT,120.0,MEETUP,6,12:00-13:00,,,,2026-08-14 15:34:42
108293,4207,381,843,PENDING_PAYMENT,200.0,MEETUP,14,18:00-19:00,,,,2026-08-12 10:42:42
108294,2716,874,993,PENDING_PAYMENT,12.0,MEETUP,28,19:00-20:00,,,,2026-08-11 11:16:42
108295,3592,751,934,PENDING_PAYMENT,12.0,EXPRESS,,,1499,SF,,2026-08-14 14:13:42
108296,1817,888,577,PENDING_PAYMENT,8.0,EXPRESS,,,1764,SF,,2026-08-09 10:07:42
108297,1571,580,34,PENDING_PAYMENT,2.0,EXPRESS,,,1163,SF,,2026-08-15 05:12:42
108298,580,108,255,PENDING_PAYMENT,8.0,EXPRESS,,,221,SF,,2026-08-12 20:17:42
108299,1992,670,842,PENDING_PAYMENT,20.0,MEETUP,27,18:00-19:00,,,,2026-08-13 08:59:42
108300,1752,599,776,PENDING_PAYMENT,15.0,MEETUP,21,18:00-19:00,,,,2026-08-13 09:46:42
108301,3433,196,82,PENDING_PAYMENT,5.0,MEETUP,3,18:00-19:00,,,,2026-08-09 04:18:42
108302,2219,31,918,PENDING_PAYMENT,5.0,MEETUP,11,19:00-20:00,,,,2026-08-07 18:41:42
108303,3765,69,969,PENDING_PAYMENT,150.0,MEETUP,24,12:00-13:00,,,,2026-08-09 06:23:42
108304,2045,560,951,PENDING_PAYMENT,60.0,EXPRESS,,,1127,SF,,2026-08-13 20:43:42
108305,3324,113,922,PENDING_PAYMENT,20.0,MEETUP,4,17:00-18:00,,,,2026-08-09 23:14:42
108306,3932,587,464,PENDING_PAYMENT,5.0,MEETUP,18,12:00-13:00,,,,2026-08-09 19:51:42
108307,4994,800,596,PENDING_PAYMENT,150.0,MEETUP,4,18:00-19:00,,,,2026-08-11 14:34:42
108308,3423,313,334,PENDING_PAYMENT,60.0,EXPRESS,,,644,SF,,2026-08-09 09:07:42
108309,4212,527,705,PENDING_PAYMENT,60.0,EXPRESS,,,1073,SF,,2026-08-12 14:03:42
108310,616,205,598,PENDING_PAYMENT,3.0,MEETUP,15,12:00-13:00,,,,2026-08-10 21:22:42
108311,4783,361,546,PENDING_PAYMENT,60.0,MEETUP,13,19:00-20:00,,,,2026-08-12 07:24:42
108312,3671,394,877,PENDING_PAYMENT,15.0,MEETUP,8,12:00-13:00,,,,2026-08-11 17:43:42
108313,487,341,328,PENDING_PAYMENT,2.0,MEETUP,2,12:00-13:00,,,,2026-08-16 16:55:42
108314,1399,327,726,PENDING_PAYMENT,200.0,MEETUP,6,18:00-19:00,,,,2026-08-08 15:40:42
108315,5000,425,258,PENDING_PAYMENT,12.0,MEETUP,30,17:00-18:00,,,,2026-08-15 03:07:42
108316,4037,771,253,PENDING_PAYMENT,120.0,EXPRESS,,,1540,SF,,2026-08-13 16:52:42
108317,3767,767,195,PENDING_PAYMENT,50.0,MEETUP,22,18:00-19:00,,,,2026-08-10 02:43:42
108318,4126,710,280,PENDING_PAYMENT,25.0,MEETUP,19,12:00-13:00,,,,2026-08-14 07:37:42
108319,2340,866,248,PENDING_PAYMENT,200.0,MEETUP,2,19:00-20:00,,,,2026-08-13 20:03:42
108320,623,473,707,PENDING_PAYMENT,10.0,MEETUP,22,17:00-18:00,,,,2026-08-14 11:53:42
108321,3547,912,964,PENDING_PAYMENT,20.0,EXPRESS,,,1818,SF,,2026-08-09 04:19:42
108322,1452,302,90,PENDING_PAYMENT,50.0,MEETUP,3,19:00-20:00,,,,2026-08-15 19:08:42
108323,1805,535,490,PENDING_PAYMENT,25.0,EXPRESS,,,1087,SF,,2026-08-08 16:24:42
108324,2115,805,134,PENDING_PAYMENT,8.0,EXPRESS,,,1603,SF,,2026-08-12 08:44:42
108325,2641,867,524,PENDING_PAYMENT,25.0,MEETUP,25,12:00-13:00,,,,2026-08-13 15:19:42
108326,1868,874,683,PENDING_PAYMENT,8.0,EXPRESS,,,1737,SF,,2026-08-13 07:02:42
108327,4237,119,995,PENDING_PAYMENT,80.0,MEETUP,24,12:00-13:00,,,,2026-08-09 06:39:42
108328,4079,115,252,PENDING_PAYMENT,50.0,EXPRESS,,,237,SF,,2026-08-12 10:52:42
108329,2774,968,954,PENDING_PAYMENT,80.0,MEETUP,10,19:00-20:00,,,,2026-08-13 07:14:42
108330,2565,917,385,PENDING_PAYMENT,60.0,EXPRESS,,,1829,SF,,2026-08-13 21:41:42
108331,1506,951,470,PENDING_PAYMENT,2.0,EXPRESS,,,1904,SF,,2026-08-14 07:43:42
108332,1377,292,798,PENDING_PAYMENT,5.0,MEETUP,21,17:00-18:00,,,,2026-08-13 14:52:42
108333,3351,604,971,PENDING_PAYMENT,8.0,MEETUP,13,19:00-20:00,,,,2026-08-16 17:22:42
108334,2781,46,99,PENDING_PAYMENT,30.0,MEETUP,26,17:00-18:00,,,,2026-08-16 15:20:42
108335,3314,943,906,PENDING_PAYMENT,2.0,MEETUP,1,17:00-18:00,,,,2026-08-08 09:51:42
108336,4388,835,516,PENDING_PAYMENT,12.0,EXPRESS,,,1658,SF,,2026-08-14 02:48:42
108337,736,572,424,PENDING_PAYMENT,1.0,EXPRESS,,,1151,SF,,2026-08-09 23:17:42
108338,1382,486,839,PENDING_PAYMENT,60.0,EXPRESS,,,989,SF,,2026-08-09 13:30:42
108339,2220,584,374,PENDING_PAYMENT,2.0,EXPRESS,,,1170,SF,,2026-08-07 19:21:42
108340,1546,413,214,PENDING_PAYMENT,2.0,EXPRESS,,,839,SF,,2026-08-13 11:25:42
108341,914,893,508,PENDING_PAYMENT,120.0,EXPRESS,,,1778,SF,,2026-08-15 16:11:42
108342,4165,999,823,PENDING_PAYMENT,20.0,EXPRESS,,,1993,SF,,2026-08-10 23:40:42
108343,251,713,73,PENDING_PAYMENT,60.0,MEETUP,12,17:00-18:00,,,,2026-08-13 11:22:42
108344,2377,658,819,PENDING_PAYMENT,10.0,EXPRESS,,,1312,SF,,2026-08-07 22:56:42
108345,3263,232,230,PENDING_PAYMENT,10.0,MEETUP,9,12:00-13:00,,,,2026-08-12 16:00:42
108346,3328,774,217,PENDING_PAYMENT,8.0,EXPRESS,,,1543,SF,,2026-08-12 07:53:42
108347,3599,547,47,PENDING_PAYMENT,80.0,EXPRESS,,,1104,SF,,2026-08-15 23:26:42
108348,4028,452,598,PENDING_PAYMENT,12.0,EXPRESS,,,920,SF,,2026-08-12 03:48:42
108349,2499,832,816,PENDING_PAYMENT,5.0,MEETUP,5,19:00-20:00,,,,2026-08-14 10:39:42
108350,4836,128,529,PENDING_PAYMENT,5.0,MEETUP,20,17:00-18:00,,,,2026-08-10 13:04:42
108351,1677,19,948,PENDING_PAYMENT,15.0,MEETUP,28,17:00-18:00,,,,2026-08-10 07:03:42
108352,2453,428,841,PENDING_PAYMENT,3.0,EXPRESS,,,877,SF,,2026-08-09 12:17:42
108353,2957,691,44,PENDING_PAYMENT,50.0,EXPRESS,,,1377,SF,,2026-08-06 22:02:42
108354,1104,503,136,PENDING_PAYMENT,100.0,MEETUP,25,18:00-19:00,,,,2026-08-15 10:03:42
108355,809,739,978,PENDING_PAYMENT,5.0,EXPRESS,,,1468,SF,,2026-08-09 19:09:42
108356,812,893,204,PENDING_PAYMENT,2.0,MEETUP,5,18:00-19:00,,,,2026-08-06 21:52:42
108357,3191,613,356,PENDING_PAYMENT,2.0,MEETUP,16,12:00-13:00,,,,2026-08-16 14:38:42
108358,1372,696,216,PENDING_PAYMENT,1.0,EXPRESS,,,1386,SF,,2026-08-07 02:05:42
108359,4775,304,257,PENDING_PAYMENT,10.0,EXPRESS,,,631,SF,,2026-08-11 18:10:42
108360,3296,776,835,PENDING_PAYMENT,15.0,MEETUP,4,18:00-19:00,,,,2026-08-08 06:02:42
108361,1072,540,410,PENDING_PAYMENT,25.0,EXPRESS,,,1093,SF,,2026-08-13 20:40:42
108362,1769,900,882,PENDING_PAYMENT,1.0,MEETUP,19,12:00-13:00,,,,2026-08-10 09:10:42
108363,2177,446,334,PENDING_PAYMENT,2.0,EXPRESS,,,908,SF,,2026-08-10 00:23:42
108364,1440,617,257,PENDING_PAYMENT,12.0,MEETUP,9,12:00-13:00,,,,2026-08-10 08:00:42
108365,2354,172,196,PENDING_PAYMENT,15.0,MEETUP,30,17:00-18:00,,,,2026-08-16 13:22:42
108366,2580,248,406,PENDING_PAYMENT,12.0,MEETUP,7,12:00-13:00,,,,2026-08-12 21:17:42
108367,1402,271,341,PENDING_PAYMENT,60.0,EXPRESS,,,565,SF,,2026-08-14 08:36:42
108368,3392,401,394,PENDING_PAYMENT,3.0,MEETUP,25,19:00-20:00,,,,2026-08-08 01:42:42
108369,907,858,976,PENDING_PAYMENT,60.0,EXPRESS,,,1706,SF,,2026-08-13 19:44:42
108370,2117,359,622,PENDING_PAYMENT,120.0,EXPRESS,,,732,SF,,2026-08-16 10:22:42
108371,4297,335,666,PENDING_PAYMENT,50.0,EXPRESS,,,687,SF,,2026-08-08 10:00:42
108372,173,704,326,PENDING_PAYMENT,30.0,EXPRESS,,,1404,SF,,2026-08-11 15:00:42
108373,697,834,465,PENDING_PAYMENT,60.0,MEETUP,20,17:00-18:00,,,,2026-08-07 08:17:42
108374,4228,639,917,PENDING_PAYMENT,80.0,EXPRESS,,,1269,SF,,2026-08-08 19:18:42
108375,1193,160,218,PENDING_PAYMENT,120.0,EXPRESS,,,334,SF,,2026-08-16 00:15:42
108376,143,757,406,PENDING_PAYMENT,25.0,EXPRESS,,,1513,SF,,2026-08-15 19:52:42
108377,2834,734,661,PENDING_PAYMENT,12.0,EXPRESS,,,1457,SF,,2026-08-09 07:06:42
108378,3672,437,546,PENDING_PAYMENT,200.0,MEETUP,16,19:00-20:00,,,,2026-08-15 15:45:42
108379,4455,444,302,PENDING_PAYMENT,30.0,MEETUP,5,17:00-18:00,,,,2026-08-14 18:24:42
108380,2395,150,543,PENDING_PAYMENT,5.0,MEETUP,25,18:00-19:00,,,,2026-08-09 03:20:42
108381,4759,553,867,PENDING_PAYMENT,1.0,MEETUP,24,19:00-20:00,,,,2026-08-09 22:26:42
108382,4016,829,177,PENDING_PAYMENT,5.0,MEETUP,15,18:00-19:00,,,,2026-08-16 05:22:42
108383,608,507,100,PENDING_PAYMENT,200.0,EXPRESS,,,1030,SF,,2026-08-10 11:21:42
108384,2668,991,216,PENDING_PAYMENT,60.0,EXPRESS,,,1979,SF,,2026-08-12 08:00:42
108385,1410,958,795,PENDING_PAYMENT,30.0,EXPRESS,,,1918,SF,,2026-08-12 15:07:42
108386,552,476,766,PENDING_PAYMENT,150.0,EXPRESS,,,966,SF,,2026-08-11 00:51:42
108387,1959,835,760,PENDING_PAYMENT,50.0,EXPRESS,,,1657,SF,,2026-08-08 08:31:42
108388,1465,836,416,PENDING_PAYMENT,150.0,MEETUP,3,19:00-20:00,,,,2026-08-15 15:36:42
108389,2613,120,653,PENDING_PAYMENT,25.0,EXPRESS,,,246,SF,,2026-08-14 06:11:42
108390,1125,364,426,PENDING_PAYMENT,25.0,EXPRESS,,,741,SF,,2026-08-10 12:35:42
108391,427,184,285,PENDING_PAYMENT,50.0,MEETUP,5,17:00-18:00,,,,2026-08-15 10:45:42
108392,1255,202,542,PENDING_PAYMENT,120.0,EXPRESS,,,424,SF,,2026-08-08 17:14:42
108393,557,276,62,PENDING_PAYMENT,2.0,EXPRESS,,,573,SF,,2026-08-07 15:12:42
108394,2495,259,964,PENDING_PAYMENT,15.0,EXPRESS,,,537,SF,,2026-08-13 02:55:42
108395,2594,679,346,PENDING_PAYMENT,80.0,EXPRESS,,,1358,SF,,2026-08-14 19:51:42
108396,1916,233,317,PENDING_PAYMENT,1.0,MEETUP,30,17:00-18:00,,,,2026-08-12 01:37:42
108397,900,8,498,PENDING_PAYMENT,60.0,MEETUP,28,19:00-20:00,,,,2026-08-15 01:03:42
108398,2506,541,590,PENDING_PAYMENT,3.0,MEETUP,29,12:00-13:00,,,,2026-08-15 00:59:42
108399,2980,430,62,PENDING_PAYMENT,3.0,EXPRESS,,,879,SF,,2026-08-11 11:57:42
108400,2541,164,628,PENDING_PAYMENT,200.0,EXPRESS,,,341,SF,,2026-08-11 03:08:42
108401,7,762,617,PENDING_PAYMENT,50.0,MEETUP,24,18:00-19:00,,,,2026-08-10 13:59:42
108402,4476,715,742,PENDING_PAYMENT,12.0,MEETUP,29,18:00-19:00,,,,2026-08-12 06:31:42
108403,4468,213,712,PENDING_PAYMENT,3.0,MEETUP,24,17:00-18:00,,,,2026-08-15 16:13:42
108404,1734,960,428,PENDING_PAYMENT,15.0,EXPRESS,,,1924,SF,,2026-08-15 09:56:42
108405,1190,800,856,PENDING_PAYMENT,15.0,EXPRESS,,,1596,SF,,2026-08-12 21:37:42
108406,4829,97,269,PENDING_PAYMENT,200.0,MEETUP,28,18:00-19:00,,,,2026-08-13 09:44:42
108407,747,209,113,PENDING_PAYMENT,3.0,MEETUP,23,19:00-20:00,,,,2026-08-14 04:59:42
108408,3837,603,168,PENDING_PAYMENT,120.0,MEETUP,10,19:00-20:00,,,,2026-08-08 16:38:42
108409,2791,625,34,PENDING_PAYMENT,20.0,MEETUP,4,12:00-13:00,,,,2026-08-16 14:44:42
108410,4358,234,901,PENDING_PAYMENT,20.0,EXPRESS,,,488,SF,,2026-08-10 08:01:42
108411,997,560,118,PENDING_PAYMENT,200.0,MEETUP,8,17:00-18:00,,,,2026-08-08 13:03:42
108412,1524,642,469,PENDING_PAYMENT,1.0,EXPRESS,,,1274,SF,,2026-08-07 14:10:42
108413,2297,958,991,PENDING_PAYMENT,120.0,EXPRESS,,,1920,SF,,2026-08-14 09:15:42
108414,4819,90,945,PENDING_PAYMENT,8.0,EXPRESS,,,189,SF,,2026-08-13 04:57:42
108415,2028,488,412,PENDING_PAYMENT,60.0,EXPRESS,,,994,SF,,2026-08-14 05:14:42
108416,635,185,576,PENDING_PAYMENT,50.0,MEETUP,27,17:00-18:00,,,,2026-08-10 14:15:42
108417,534,87,471,PENDING_PAYMENT,3.0,EXPRESS,,,184,SF,,2026-08-10 09:01:42
108418,1783,309,893,PENDING_PAYMENT,200.0,EXPRESS,,,637,SF,,2026-08-09 14:20:42
108419,3824,984,680,PENDING_PAYMENT,1.0,EXPRESS,,,1968,SF,,2026-08-13 20:46:42
108420,4530,478,292,PENDING_PAYMENT,8.0,MEETUP,28,19:00-20:00,,,,2026-08-12 20:02:42
108421,3593,595,9,PENDING_PAYMENT,10.0,MEETUP,26,17:00-18:00,,,,2026-08-15 19:48:42
108422,1787,809,611,PENDING_PAYMENT,60.0,EXPRESS,,,1610,SF,,2026-08-08 01:32:42
108423,4560,963,292,PENDING_PAYMENT,50.0,MEETUP,5,17:00-18:00,,,,2026-08-11 11:37:42
108424,1153,206,52,PENDING_PAYMENT,120.0,EXPRESS,,,431,SF,,2026-08-12 05:06:42
108425,227,661,706,PENDING_PAYMENT,80.0,MEETUP,3,17:00-18:00,,,,2026-08-14 11:35:42
108426,168,179,689,PENDING_PAYMENT,150.0,MEETUP,7,18:00-19:00,,,,2026-08-15 14:36:42
108427,4311,685,563,PENDING_PAYMENT,1.0,EXPRESS,,,1365,SF,,2026-08-14 04:04:42
108428,1879,679,419,PENDING_PAYMENT,2.0,EXPRESS,,,1358,SF,,2026-08-10 03:04:42
108429,246,908,218,PENDING_PAYMENT,30.0,EXPRESS,,,1810,SF,,2026-08-14 17:31:42
108430,4448,759,324,PENDING_PAYMENT,50.0,MEETUP,5,17:00-18:00,,,,2026-08-08 03:50:42
108431,157,336,982,PENDING_PAYMENT,150.0,MEETUP,1,17:00-18:00,,,,2026-08-15 06:34:42
108432,2034,636,518,PENDING_PAYMENT,20.0,MEETUP,22,17:00-18:00,,,,2026-08-15 13:50:42
108433,3393,703,531,PENDING_PAYMENT,1.0,MEETUP,7,18:00-19:00,,,,2026-08-13 13:07:42
108434,175,520,719,PENDING_PAYMENT,150.0,EXPRESS,,,1058,SF,,2026-08-08 23:00:42
108435,2342,506,972,PENDING_PAYMENT,1.0,MEETUP,13,19:00-20:00,,,,2026-08-16 07:55:42
108436,114,393,609,PENDING_PAYMENT,5.0,EXPRESS,,,797,SF,,2026-08-14 04:41:42
108437,4076,338,984,PENDING_PAYMENT,3.0,MEETUP,1,12:00-13:00,,,,2026-08-10 10:51:42
108438,1978,666,617,PENDING_PAYMENT,25.0,EXPRESS,,,1329,SF,,2026-08-06 21:56:42
108439,3930,339,926,PENDING_PAYMENT,8.0,EXPRESS,,,692,SF,,2026-08-11 12:50:42
108440,5000,274,258,PENDING_PAYMENT,12.0,MEETUP,20,19:00-20:00,,,,2026-08-08 23:58:42
108441,2229,618,95,PENDING_PAYMENT,5.0,EXPRESS,,,1231,SF,,2026-08-10 02:08:42
108442,1153,288,52,PENDING_PAYMENT,120.0,MEETUP,10,17:00-18:00,,,,2026-08-15 02:55:42
108443,1459,74,892,PENDING_PAYMENT,8.0,MEETUP,1,17:00-18:00,,,,2026-08-11 05:28:42
108444,3160,725,428,PENDING_PAYMENT,20.0,MEETUP,4,19:00-20:00,,,,2026-08-12 10:40:42
108445,4554,691,572,PENDING_PAYMENT,50.0,EXPRESS,,,1377,SF,,2026-08-09 12:53:42
108446,1580,118,789,PENDING_PAYMENT,200.0,EXPRESS,,,242,SF,,2026-08-07 07:18:42
108447,947,111,63,PENDING_PAYMENT,150.0,EXPRESS,,,227,SF,,2026-08-08 09:21:42
108448,1593,215,132,PENDING_PAYMENT,50.0,MEETUP,16,17:00-18:00,,,,2026-08-16 03:21:42
108449,1555,45,821,PENDING_PAYMENT,5.0,MEETUP,14,19:00-20:00,,,,2026-08-11 12:41:42
108450,3013,399,439,PENDING_PAYMENT,120.0,EXPRESS,,,807,SF,,2026-08-14 09:42:42
108451,4370,881,229,PENDING_PAYMENT,8.0,MEETUP,20,17:00-18:00,,,,2026-08-12 16:57:42
108452,4673,124,407,PENDING_PAYMENT,50.0,MEETUP,4,19:00-20:00,,,,2026-08-15 23:49:42
108453,2412,355,633,PENDING_PAYMENT,120.0,MEETUP,1,19:00-20:00,,,,2026-08-11 10:43:42
108454,771,741,403,PENDING_PAYMENT,120.0,EXPRESS,,,1475,SF,,2026-08-12 20:53:42
108455,2754,652,627,PENDING_PAYMENT,120.0,EXPRESS,,,1300,SF,,2026-08-09 23:20:42
108456,3041,960,490,PENDING_PAYMENT,5.0,MEETUP,28,12:00-13:00,,,,2026-08-16 04:43:42
108457,2923,765,459,PENDING_PAYMENT,200.0,MEETUP,1,19:00-20:00,,,,2026-08-12 17:06:42
108458,946,653,303,PENDING_PAYMENT,8.0,MEETUP,8,19:00-20:00,,,,2026-08-10 06:01:42
108459,2466,872,611,PENDING_PAYMENT,12.0,MEETUP,15,18:00-19:00,,,,2026-08-08 13:53:42
108460,3391,249,407,PENDING_PAYMENT,12.0,EXPRESS,,,515,SF,,2026-08-15 03:51:42
108461,4153,459,376,PENDING_PAYMENT,8.0,EXPRESS,,,936,SF,,2026-08-11 13:19:42
108462,4843,21,205,PENDING_PAYMENT,2.0,EXPRESS,,,44,SF,,2026-08-09 20:05:42
108463,3632,570,493,PENDING_PAYMENT,8.0,MEETUP,2,19:00-20:00,,,,2026-08-15 04:02:42
108464,2646,926,179,PENDING_PAYMENT,10.0,EXPRESS,,,1852,SF,,2026-08-07 02:26:42
108465,4291,430,677,PENDING_PAYMENT,50.0,MEETUP,13,19:00-20:00,,,,2026-08-16 04:46:42
108466,2545,121,383,PENDING_PAYMENT,5.0,MEETUP,21,17:00-18:00,,,,2026-08-11 21:39:42
108467,2814,206,526,PENDING_PAYMENT,150.0,EXPRESS,,,431,SF,,2026-08-16 03:25:42
108468,2698,328,248,PENDING_PAYMENT,5.0,EXPRESS,,,672,SF,,2026-08-13 23:44:42
108469,1712,488,808,PENDING_PAYMENT,8.0,EXPRESS,,,995,SF,,2026-08-14 04:25:42
108470,3644,778,47,PENDING_PAYMENT,80.0,EXPRESS,,,1551,SF,,2026-08-16 05:37:42
108471,2545,618,383,PENDING_PAYMENT,5.0,MEETUP,24,17:00-18:00,,,,2026-08-14 17:05:42
108472,1105,745,888,PENDING_PAYMENT,1.0,MEETUP,16,18:00-19:00,,,,2026-08-11 02:27:42
108473,3216,779,610,PENDING_PAYMENT,1.0,EXPRESS,,,1553,SF,,2026-08-16 15:27:42
108474,1395,642,142,PENDING_PAYMENT,8.0,MEETUP,20,17:00-18:00,,,,2026-08-15 00:23:42
108475,1667,971,503,PENDING_PAYMENT,2.0,EXPRESS,,,1944,SF,,2026-08-15 05:34:42
108476,4092,877,411,PENDING_PAYMENT,8.0,EXPRESS,,,1744,SF,,2026-08-07 23:23:42
108477,4579,764,432,PENDING_PAYMENT,10.0,MEETUP,22,17:00-18:00,,,,2026-08-09 07:27:42
108478,3240,641,722,PENDING_PAYMENT,2.0,MEETUP,4,17:00-18:00,,,,2026-08-14 21:00:42
108479,58,683,234,PENDING_PAYMENT,60.0,EXPRESS,,,1362,SF,,2026-08-08 16:35:42
108480,1819,847,269,PENDING_PAYMENT,15.0,MEETUP,12,18:00-19:00,,,,2026-08-13 10:06:42
108481,3347,802,159,PENDING_PAYMENT,5.0,MEETUP,21,19:00-20:00,,,,2026-08-07 08:53:42
108482,435,347,965,PENDING_PAYMENT,3.0,EXPRESS,,,706,SF,,2026-08-14 08:47:42
108483,144,314,139,PENDING_PAYMENT,50.0,EXPRESS,,,646,SF,,2026-08-07 10:26:42
108484,2337,648,194,PENDING_PAYMENT,100.0,MEETUP,29,19:00-20:00,,,,2026-08-13 06:49:42
108485,3585,155,364,PENDING_PAYMENT,150.0,EXPRESS,,,322,SF,,2026-08-15 04:02:42
108486,4476,939,742,PENDING_PAYMENT,12.0,EXPRESS,,,1879,SF,,2026-08-11 23:42:42
108487,2484,294,340,PENDING_PAYMENT,100.0,EXPRESS,,,615,SF,,2026-08-09 14:39:42
108488,1951,209,79,PENDING_PAYMENT,15.0,EXPRESS,,,438,SF,,2026-08-12 01:58:42
108489,2368,983,286,PENDING_PAYMENT,30.0,EXPRESS,,,1965,SF,,2026-08-13 00:54:42
108490,1090,813,839,PENDING_PAYMENT,50.0,EXPRESS,,,1616,SF,,2026-08-14 05:13:42
108491,3911,980,108,PENDING_PAYMENT,12.0,MEETUP,14,17:00-18:00,,,,2026-08-07 09:47:42
108492,4704,524,898,PENDING_PAYMENT,200.0,EXPRESS,,,1068,SF,,2026-08-13 09:04:42
108493,266,225,104,PENDING_PAYMENT,50.0,MEETUP,12,19:00-20:00,,,,2026-08-08 14:13:42
108494,4965,968,959,PENDING_PAYMENT,8.0,EXPRESS,,,1938,SF,,2026-08-09 07:32:42
108495,3802,112,505,PENDING_PAYMENT,1.0,EXPRESS,,,232,SF,,2026-08-10 14:53:42
108496,1304,984,651,PENDING_PAYMENT,12.0,MEETUP,11,17:00-18:00,,,,2026-08-12 05:01:42
108497,4786,852,46,PENDING_PAYMENT,25.0,EXPRESS,,,1693,SF,,2026-08-08 01:32:42
108498,718,749,654,PENDING_PAYMENT,3.0,MEETUP,19,17:00-18:00,,,,2026-08-15 21:15:42
108499,1524,472,469,PENDING_PAYMENT,1.0,MEETUP,18,19:00-20:00,,,,2026-08-16 14:26:42
108500,4056,193,996,PENDING_PAYMENT,50.0,MEETUP,11,18:00-19:00,,,,2026-08-09 20:43:42
108501,4915,578,646,PENDING_PAYMENT,12.0,MEETUP,14,12:00-13:00,,,,2026-08-06 21:08:42
108502,407,365,60,PENDING_PAYMENT,5.0,MEETUP,4,17:00-18:00,,,,2026-08-13 03:09:42
108503,4776,499,844,PENDING_PAYMENT,1.0,EXPRESS,,,1012,SF,,2026-08-16 16:53:42
108504,2050,229,767,PENDING_PAYMENT,3.0,MEETUP,17,12:00-13:00,,,,2026-08-14 17:11:42
108505,66,781,86,PENDING_PAYMENT,1.0,MEETUP,24,17:00-18:00,,,,2026-08-08 19:33:42
108506,4657,929,143,PENDING_PAYMENT,150.0,EXPRESS,,,1858,SF,,2026-08-13 19:30:42
108507,1632,355,962,PENDING_PAYMENT,15.0,MEETUP,16,12:00-13:00,,,,2026-08-09 04:35:42
108508,418,105,659,PENDING_PAYMENT,60.0,MEETUP,29,19:00-20:00,,,,2026-08-12 21:24:42
108509,3845,131,525,PENDING_PAYMENT,8.0,EXPRESS,,,269,SF,,2026-08-11 17:13:42
108510,3601,227,534,PENDING_PAYMENT,200.0,EXPRESS,,,475,SF,,2026-08-10 15:15:42
108511,2095,2,599,PENDING_PAYMENT,10.0,EXPRESS,,,4,SF,,2026-08-11 13:56:42
108512,2069,839,851,PENDING_PAYMENT,2.0,MEETUP,21,17:00-18:00,,,,2026-08-12 16:29:42
108513,4628,615,493,PENDING_PAYMENT,80.0,EXPRESS,,,1226,SF,,2026-08-11 11:33:42
108514,1879,228,419,PENDING_PAYMENT,2.0,EXPRESS,,,477,SF,,2026-08-09 08:59:42
108515,915,251,690,PENDING_PAYMENT,30.0,EXPRESS,,,520,SF,,2026-08-08 22:02:42
108516,3926,273,991,PENDING_PAYMENT,100.0,MEETUP,3,18:00-19:00,,,,2026-08-13 21:22:42
108517,3745,842,664,PENDING_PAYMENT,80.0,EXPRESS,,,1673,SF,,2026-08-08 13:37:42
108518,4326,456,406,PENDING_PAYMENT,3.0,EXPRESS,,,931,SF,,2026-08-13 13:54:42
108519,417,11,119,PENDING_PAYMENT,100.0,EXPRESS,,,24,SF,,2026-08-07 04:21:42
108520,735,698,404,PENDING_PAYMENT,25.0,EXPRESS,,,1389,SF,,2026-08-14 21:21:42
108521,3000,944,435,PENDING_PAYMENT,50.0,MEETUP,16,19:00-20:00,,,,2026-08-13 09:18:42
108522,427,140,285,PENDING_PAYMENT,50.0,EXPRESS,,,287,SF,,2026-08-10 13:24:42
108523,1656,478,490,PENDING_PAYMENT,25.0,MEETUP,13,18:00-19:00,,,,2026-08-12 18:34:42
108524,2071,966,31,PENDING_PAYMENT,20.0,EXPRESS,,,1936,SF,,2026-08-11 07:42:42
108525,3707,197,300,PENDING_PAYMENT,3.0,MEETUP,7,17:00-18:00,,,,2026-08-14 14:03:42
108526,4245,625,83,PENDING_PAYMENT,50.0,EXPRESS,,,1243,SF,,2026-08-13 23:21:42
108527,3971,767,481,PENDING_PAYMENT,3.0,EXPRESS,,,1535,SF,,2026-08-13 08:36:42
108528,4093,285,214,PENDING_PAYMENT,12.0,EXPRESS,,,596,SF,,2026-08-15 21:20:42
108529,1125,94,426,PENDING_PAYMENT,25.0,EXPRESS,,,197,SF,,2026-08-10 14:10:42
108530,1465,677,416,PENDING_PAYMENT,150.0,EXPRESS,,,1353,SF,,2026-08-11 02:51:42
108531,610,665,579,PENDING_PAYMENT,3.0,MEETUP,25,17:00-18:00,,,,2026-08-09 03:51:42
108532,197,490,598,PENDING_PAYMENT,15.0,MEETUP,19,18:00-19:00,,,,2026-08-08 19:49:42
108533,2353,390,94,PENDING_PAYMENT,100.0,MEETUP,26,12:00-13:00,,,,2026-08-15 16:20:42
108534,3675,694,400,PENDING_PAYMENT,15.0,EXPRESS,,,1383,SF,,2026-08-06 19:47:42
108535,37,549,1000,PENDING_PAYMENT,30.0,EXPRESS,,,1107,SF,,2026-08-15 17:45:42
108536,3351,692,971,PENDING_PAYMENT,8.0,EXPRESS,,,1378,SF,,2026-08-07 15:34:42
108537,3544,903,243,PENDING_PAYMENT,200.0,EXPRESS,,,1799,SF,,2026-08-08 03:08:42
108538,467,467,377,PENDING_PAYMENT,20.0,EXPRESS,,,950,SF,,2026-08-11 21:23:42
108539,2618,305,185,PENDING_PAYMENT,8.0,EXPRESS,,,632,SF,,2026-08-15 04:53:42
108540,3619,663,610,PENDING_PAYMENT,8.0,EXPRESS,,,1323,SF,,2026-08-11 21:16:42
108541,2537,886,249,PENDING_PAYMENT,20.0,EXPRESS,,,1759,SF,,2026-08-09 03:57:42
108542,3327,991,810,PENDING_PAYMENT,20.0,EXPRESS,,,1979,SF,,2026-08-10 20:49:42
108543,4178,226,982,PENDING_PAYMENT,25.0,MEETUP,29,19:00-20:00,,,,2026-08-07 11:31:42
108544,2865,101,331,PENDING_PAYMENT,60.0,MEETUP,23,19:00-20:00,,,,2026-08-06 18:56:42
108545,4946,265,979,PENDING_PAYMENT,25.0,EXPRESS,,,552,SF,,2026-08-12 09:28:42
108546,1207,710,630,PENDING_PAYMENT,8.0,EXPRESS,,,1413,SF,,2026-08-09 21:42:42
108547,2832,445,319,PENDING_PAYMENT,2.0,EXPRESS,,,906,SF,,2026-08-08 14:37:42
108548,1763,22,393,PENDING_PAYMENT,120.0,EXPRESS,,,47,SF,,2026-08-15 23:10:42
108549,3231,658,837,PENDING_PAYMENT,200.0,EXPRESS,,,1312,SF,,2026-08-13 04:04:42
108550,1848,198,500,PENDING_PAYMENT,30.0,EXPRESS,,,413,SF,,2026-08-15 15:51:42
108551,2773,380,678,PENDING_PAYMENT,80.0,EXPRESS,,,770,SF,,2026-08-11 12:36:42
108552,2142,271,801,PENDING_PAYMENT,5.0,EXPRESS,,,564,SF,,2026-08-15 20:07:42
108553,1982,857,919,PENDING_PAYMENT,3.0,MEETUP,22,19:00-20:00,,,,2026-08-13 18:35:42
108554,1200,164,574,PENDING_PAYMENT,30.0,MEETUP,11,17:00-18:00,,,,2026-08-13 09:20:42
108555,576,244,959,PENDING_PAYMENT,15.0,EXPRESS,,,505,SF,,2026-08-11 05:13:42
108556,4545,783,890,PENDING_PAYMENT,120.0,MEETUP,14,17:00-18:00,,,,2026-08-14 01:47:42
108557,415,471,335,PENDING_PAYMENT,30.0,MEETUP,13,19:00-20:00,,,,2026-08-14 17:13:42
108558,452,20,182,PENDING_PAYMENT,25.0,EXPRESS,,,43,SF,,2026-08-15 06:05:42
108559,961,82,902,PENDING_PAYMENT,20.0,MEETUP,24,18:00-19:00,,,,2026-08-08 12:25:42
108560,101,730,11,PENDING_PAYMENT,1.0,MEETUP,19,18:00-19:00,,,,2026-08-14 15:47:42
108561,1447,657,868,PENDING_PAYMENT,30.0,MEETUP,28,18:00-19:00,,,,2026-08-07 13:08:42
108562,661,284,268,PENDING_PAYMENT,12.0,EXPRESS,,,593,SF,,2026-08-11 02:44:42
108563,3412,424,989,PENDING_PAYMENT,60.0,MEETUP,20,18:00-19:00,,,,2026-08-09 18:41:42
108564,534,239,471,PENDING_PAYMENT,3.0,MEETUP,26,17:00-18:00,,,,2026-08-12 23:47:42
108565,2230,20,556,PENDING_PAYMENT,2.0,EXPRESS,,,43,SF,,2026-08-15 10:40:42
108566,737,397,894,PENDING_PAYMENT,50.0,EXPRESS,,,805,SF,,2026-08-12 20:37:42
108567,2280,14,912,PENDING_PAYMENT,3.0,EXPRESS,,,32,SF,,2026-08-13 10:48:42
108568,4121,413,208,PENDING_PAYMENT,12.0,EXPRESS,,,839,SF,,2026-08-09 05:40:42
108569,2389,278,628,PENDING_PAYMENT,12.0,EXPRESS,,,579,SF,,2026-08-08 17:12:42
108570,4587,323,269,PENDING_PAYMENT,25.0,EXPRESS,,,664,SF,,2026-08-14 19:45:42
108571,2558,459,76,PENDING_PAYMENT,30.0,EXPRESS,,,936,SF,,2026-08-14 21:58:42
108572,1674,625,332,PENDING_PAYMENT,1.0,MEETUP,12,12:00-13:00,,,,2026-08-09 06:08:42
108573,1146,811,40,PENDING_PAYMENT,2.0,EXPRESS,,,1614,SF,,2026-08-13 05:27:42
108574,3867,154,220,PENDING_PAYMENT,3.0,EXPRESS,,,318,SF,,2026-08-13 23:44:42
108575,3376,698,821,PENDING_PAYMENT,50.0,EXPRESS,,,1390,SF,,2026-08-08 05:58:42
108576,4253,219,678,PENDING_PAYMENT,30.0,MEETUP,29,18:00-19:00,,,,2026-08-16 06:27:42
108577,1249,664,708,PENDING_PAYMENT,80.0,MEETUP,19,12:00-13:00,,,,2026-08-15 16:17:42
108578,901,202,998,PENDING_PAYMENT,3.0,MEETUP,15,18:00-19:00,,,,2026-08-13 00:19:42
108579,1312,747,754,PENDING_PAYMENT,60.0,EXPRESS,,,1489,SF,,2026-08-13 18:44:42
108580,813,8,5,PENDING_PAYMENT,8.0,EXPRESS,,,21,SF,,2026-08-16 09:39:42
108581,4385,648,6,PENDING_PAYMENT,20.0,EXPRESS,,,1291,SF,,2026-08-06 20:28:42
108582,3233,847,379,PENDING_PAYMENT,120.0,MEETUP,8,17:00-18:00,,,,2026-08-08 03:38:42
108583,3539,623,650,PENDING_PAYMENT,1.0,MEETUP,21,17:00-18:00,,,,2026-08-16 12:50:42
108584,3021,533,155,PENDING_PAYMENT,60.0,EXPRESS,,,1084,SF,,2026-08-11 05:51:42
108585,2134,153,18,PENDING_PAYMENT,12.0,MEETUP,18,17:00-18:00,,,,2026-08-15 16:35:42
108586,4885,767,860,PENDING_PAYMENT,50.0,MEETUP,9,19:00-20:00,,,,2026-08-16 16:35:42
108587,4838,540,661,PENDING_PAYMENT,120.0,MEETUP,23,19:00-20:00,,,,2026-08-14 02:34:42
108588,2464,780,783,PENDING_PAYMENT,3.0,EXPRESS,,,1557,SF,,2026-08-07 09:51:42
108589,204,891,856,PENDING_PAYMENT,12.0,EXPRESS,,,1774,SF,,2026-08-13 23:07:42
108590,3878,85,22,PENDING_PAYMENT,25.0,MEETUP,1,19:00-20:00,,,,2026-08-10 05:26:42
108591,4646,775,422,PENDING_PAYMENT,12.0,MEETUP,6,19:00-20:00,,,,2026-08-09 07:01:42
108592,4962,613,89,PENDING_PAYMENT,15.0,MEETUP,22,17:00-18:00,,,,2026-08-07 03:04:42
108593,654,442,461,PENDING_PAYMENT,150.0,MEETUP,17,19:00-20:00,,,,2026-08-09 06:21:42
108594,3576,863,361,PENDING_PAYMENT,15.0,EXPRESS,,,1716,SF,,2026-08-08 06:29:42
108595,1213,624,312,PENDING_PAYMENT,120.0,MEETUP,17,12:00-13:00,,,,2026-08-10 20:20:42
108596,1449,392,919,PENDING_PAYMENT,2.0,MEETUP,10,17:00-18:00,,,,2026-08-06 20:41:42
108597,2569,604,721,PENDING_PAYMENT,100.0,EXPRESS,,,1207,SF,,2026-08-16 00:10:42
108598,281,537,304,PENDING_PAYMENT,5.0,MEETUP,22,19:00-20:00,,,,2026-08-09 04:35:42
108599,2648,857,504,PENDING_PAYMENT,10.0,EXPRESS,,,1704,SF,,2026-08-06 22:00:42
108600,1866,683,813,PENDING_PAYMENT,1.0,EXPRESS,,,1362,SF,,2026-08-13 17:58:42
108601,4850,195,686,PENDING_PAYMENT,15.0,MEETUP,12,17:00-18:00,,,,2026-08-14 00:15:42
108602,3142,106,833,PENDING_PAYMENT,5.0,MEETUP,30,12:00-13:00,,,,2026-08-08 22:00:42
108603,2888,686,832,PENDING_PAYMENT,100.0,MEETUP,7,19:00-20:00,,,,2026-08-12 20:23:42
108604,4738,703,384,PENDING_PAYMENT,8.0,MEETUP,1,17:00-18:00,,,,2026-08-09 05:02:42
108605,2227,809,265,PENDING_PAYMENT,50.0,MEETUP,28,17:00-18:00,,,,2026-08-09 03:23:42
108606,550,711,505,PENDING_PAYMENT,80.0,EXPRESS,,,1415,SF,,2026-08-11 00:44:42
108607,511,581,250,PENDING_PAYMENT,8.0,EXPRESS,,,1166,SF,,2026-08-16 13:24:42
108608,68,181,79,PENDING_PAYMENT,5.0,MEETUP,5,19:00-20:00,,,,2026-08-15 14:35:42
108609,682,45,456,PENDING_PAYMENT,2.0,MEETUP,3,19:00-20:00,,,,2026-08-09 18:21:42
108610,3340,125,823,PENDING_PAYMENT,8.0,MEETUP,16,19:00-20:00,,,,2026-08-09 15:18:42
108611,4423,322,905,PENDING_PAYMENT,50.0,EXPRESS,,,662,SF,,2026-08-15 06:59:42
108612,2099,371,710,PENDING_PAYMENT,30.0,EXPRESS,,,754,SF,,2026-08-10 22:59:42
108613,2661,321,812,PENDING_PAYMENT,60.0,MEETUP,3,19:00-20:00,,,,2026-08-10 08:24:42
108614,4175,706,287,PENDING_PAYMENT,3.0,EXPRESS,,,1408,SF,,2026-08-07 00:27:42
108615,4800,925,639,PENDING_PAYMENT,15.0,MEETUP,24,19:00-20:00,,,,2026-08-08 03:45:42
108616,4170,471,253,PENDING_PAYMENT,1.0,EXPRESS,,,957,SF,,2026-08-10 09:06:42
108617,2025,681,155,PENDING_PAYMENT,30.0,MEETUP,28,19:00-20:00,,,,2026-08-14 19:21:42
108618,4652,269,716,PENDING_PAYMENT,50.0,MEETUP,11,19:00-20:00,,,,2026-08-09 05:39:42
108619,3945,472,968,PENDING_PAYMENT,50.0,MEETUP,25,19:00-20:00,,,,2026-08-15 08:51:42
108620,1880,979,582,PENDING_PAYMENT,1.0,MEETUP,12,18:00-19:00,,,,2026-08-10 03:32:42
108621,3321,686,59,PENDING_PAYMENT,60.0,MEETUP,12,18:00-19:00,,,,2026-08-14 01:59:42
108622,3909,856,781,PENDING_PAYMENT,100.0,EXPRESS,,,1700,SF,,2026-08-08 03:23:42
108623,3958,284,972,PENDING_PAYMENT,20.0,EXPRESS,,,592,SF,,2026-08-14 06:39:42
108624,1661,365,716,PENDING_PAYMENT,20.0,MEETUP,10,19:00-20:00,,,,2026-08-14 19:40:42
108625,3949,703,263,PENDING_PAYMENT,30.0,MEETUP,21,18:00-19:00,,,,2026-08-14 21:49:42
108626,1504,315,961,PENDING_PAYMENT,20.0,EXPRESS,,,647,SF,,2026-08-10 20:41:42
108627,783,259,690,PENDING_PAYMENT,2.0,EXPRESS,,,537,SF,,2026-08-12 13:14:42
108628,2394,578,851,PENDING_PAYMENT,1.0,MEETUP,3,19:00-20:00,,,,2026-08-08 17:55:42
108629,887,225,584,PENDING_PAYMENT,120.0,MEETUP,17,12:00-13:00,,,,2026-08-10 23:51:42
108630,199,435,278,PENDING_PAYMENT,25.0,EXPRESS,,,888,SF,,2026-08-11 20:04:42
108631,4379,75,292,PENDING_PAYMENT,12.0,MEETUP,15,12:00-13:00,,,,2026-08-09 14:53:42
108632,1457,604,94,PENDING_PAYMENT,3.0,MEETUP,16,18:00-19:00,,,,2026-08-07 05:53:42
108633,1025,294,786,PENDING_PAYMENT,150.0,EXPRESS,,,615,SF,,2026-08-12 22:23:42
108634,4983,755,18,PENDING_PAYMENT,15.0,EXPRESS,,,1508,SF,,2026-08-16 04:09:42
108635,4198,942,254,PENDING_PAYMENT,50.0,MEETUP,5,19:00-20:00,,,,2026-08-12 11:03:42
108636,1641,376,155,PENDING_PAYMENT,8.0,EXPRESS,,,763,SF,,2026-08-11 15:20:42
108637,4993,83,168,PENDING_PAYMENT,120.0,EXPRESS,,,175,SF,,2026-08-07 13:40:42
108638,962,761,193,PENDING_PAYMENT,2.0,MEETUP,29,19:00-20:00,,,,2026-08-14 00:54:42
108639,3752,46,286,PENDING_PAYMENT,10.0,EXPRESS,,,101,SF,,2026-08-15 17:13:42
108640,230,437,293,PENDING_PAYMENT,120.0,EXPRESS,,,890,SF,,2026-08-08 07:11:42
108641,4682,11,237,PENDING_PAYMENT,8.0,MEETUP,27,17:00-18:00,,,,2026-08-14 17:44:42
108642,1638,484,199,PENDING_PAYMENT,200.0,EXPRESS,,,981,SF,,2026-08-16 15:37:42
108643,1466,768,990,PENDING_PAYMENT,150.0,MEETUP,21,12:00-13:00,,,,2026-08-09 03:10:42
108644,1749,276,78,PENDING_PAYMENT,120.0,EXPRESS,,,575,SF,,2026-08-07 08:38:42
108645,148,620,310,PENDING_PAYMENT,30.0,MEETUP,16,12:00-13:00,,,,2026-08-11 13:38:42
108646,552,12,766,PENDING_PAYMENT,150.0,EXPRESS,,,26,SF,,2026-08-12 04:14:42
108647,2217,301,195,PENDING_PAYMENT,20.0,MEETUP,1,19:00-20:00,,,,2026-08-11 18:19:42
108648,1078,15,907,PENDING_PAYMENT,25.0,EXPRESS,,,33,SF,,2026-08-16 04:32:42
108649,1230,452,669,PENDING_PAYMENT,3.0,EXPRESS,,,920,SF,,2026-08-14 18:52:42
108650,4639,34,759,PENDING_PAYMENT,15.0,MEETUP,8,19:00-20:00,,,,2026-08-10 01:13:42
108651,441,190,90,PENDING_PAYMENT,8.0,EXPRESS,,,397,SF,,2026-08-10 10:37:42
108652,4699,874,129,PENDING_PAYMENT,200.0,MEETUP,27,19:00-20:00,,,,2026-08-10 14:26:42
108653,2995,785,912,PENDING_PAYMENT,120.0,EXPRESS,,,1565,SF,,2026-08-08 11:58:42
108654,4275,260,480,PENDING_PAYMENT,200.0,EXPRESS,,,538,SF,,2026-08-13 03:04:42
108655,3433,390,82,PENDING_PAYMENT,5.0,EXPRESS,,,788,SF,,2026-08-07 15:50:42
108656,1428,122,319,PENDING_PAYMENT,3.0,EXPRESS,,,250,SF,,2026-08-09 04:32:42
108657,1322,673,834,PENDING_PAYMENT,120.0,MEETUP,10,19:00-20:00,,,,2026-08-11 19:26:42
108658,423,240,395,PENDING_PAYMENT,100.0,MEETUP,10,17:00-18:00,,,,2026-08-10 09:10:42
108659,2290,742,446,PENDING_PAYMENT,1.0,EXPRESS,,,1476,SF,,2026-08-06 20:31:42
108660,2284,491,942,PENDING_PAYMENT,2.0,EXPRESS,,,998,SF,,2026-08-10 13:56:42
108661,3436,820,102,PENDING_PAYMENT,200.0,EXPRESS,,,1629,SF,,2026-08-12 16:44:42
108662,2126,443,230,PENDING_PAYMENT,150.0,EXPRESS,,,902,SF,,2026-08-11 11:33:42
108663,4384,603,927,PENDING_PAYMENT,25.0,MEETUP,17,12:00-13:00,,,,2026-08-14 07:10:42
108664,2289,950,999,PENDING_PAYMENT,1.0,MEETUP,9,17:00-18:00,,,,2026-08-09 01:11:42
108665,4690,795,388,PENDING_PAYMENT,8.0,EXPRESS,,,1583,SF,,2026-08-16 04:30:42
108666,350,272,330,PENDING_PAYMENT,200.0,EXPRESS,,,566,SF,,2026-08-10 13:56:42
108667,3184,491,972,PENDING_PAYMENT,2.0,EXPRESS,,,999,SF,,2026-08-10 21:43:42
108668,3182,255,919,PENDING_PAYMENT,20.0,MEETUP,17,17:00-18:00,,,,2026-08-12 14:00:42
108669,2817,778,926,PENDING_PAYMENT,25.0,MEETUP,24,18:00-19:00,,,,2026-08-11 14:28:42
108670,607,91,435,PENDING_PAYMENT,80.0,EXPRESS,,,190,SF,,2026-08-12 23:25:42
108671,1375,990,131,PENDING_PAYMENT,80.0,EXPRESS,,,1978,SF,,2026-08-13 21:16:42
108672,283,414,47,PENDING_PAYMENT,200.0,MEETUP,29,19:00-20:00,,,,2026-08-07 03:12:42
108673,1110,335,883,PENDING_PAYMENT,60.0,MEETUP,28,19:00-20:00,,,,2026-08-13 10:02:42
108674,249,48,145,PENDING_PAYMENT,10.0,EXPRESS,,,104,SF,,2026-08-15 07:52:42
108675,4880,103,843,PENDING_PAYMENT,50.0,MEETUP,28,12:00-13:00,,,,2026-08-08 14:55:42
108676,4292,80,726,PENDING_PAYMENT,1.0,MEETUP,30,12:00-13:00,,,,2026-08-11 10:31:42
108677,2770,285,500,PENDING_PAYMENT,25.0,MEETUP,6,19:00-20:00,,,,2026-08-07 07:26:42
108678,2651,448,227,PENDING_PAYMENT,30.0,EXPRESS,,,912,SF,,2026-08-11 00:31:42
108679,2243,593,776,PENDING_PAYMENT,5.0,EXPRESS,,,1183,SF,,2026-08-15 01:34:42
108680,2036,745,868,PENDING_PAYMENT,50.0,EXPRESS,,,1482,SF,,2026-08-09 06:42:42
108681,3753,625,9,PENDING_PAYMENT,5.0,EXPRESS,,,1244,SF,,2026-08-08 04:42:42
108682,2889,165,928,PENDING_PAYMENT,5.0,EXPRESS,,,342,SF,,2026-08-15 23:10:42
108683,3988,820,801,PENDING_PAYMENT,80.0,MEETUP,20,12:00-13:00,,,,2026-08-08 12:31:42
108684,1388,771,612,PENDING_PAYMENT,20.0,EXPRESS,,,1540,SF,,2026-08-12 12:04:42
108685,2377,815,819,PENDING_PAYMENT,10.0,EXPRESS,,,1619,SF,,2026-08-07 03:59:42
108686,1293,458,826,PENDING_PAYMENT,12.0,EXPRESS,,,935,SF,,2026-08-08 01:40:42
108687,1978,704,617,PENDING_PAYMENT,25.0,EXPRESS,,,1404,SF,,2026-08-10 16:00:42
108688,4714,277,217,PENDING_PAYMENT,100.0,EXPRESS,,,578,SF,,2026-08-09 01:49:42
108689,2420,385,537,PENDING_PAYMENT,3.0,MEETUP,15,12:00-13:00,,,,2026-08-08 20:13:42
108690,1804,867,219,PENDING_PAYMENT,25.0,MEETUP,12,12:00-13:00,,,,2026-08-10 15:23:42
108691,1098,16,942,PENDING_PAYMENT,60.0,MEETUP,18,17:00-18:00,,,,2026-08-12 14:26:42
108692,4044,475,805,PENDING_PAYMENT,25.0,MEETUP,4,19:00-20:00,,,,2026-08-12 20:24:42
108693,584,718,634,PENDING_PAYMENT,30.0,MEETUP,8,17:00-18:00,,,,2026-08-07 15:04:42
108694,4221,7,597,PENDING_PAYMENT,50.0,MEETUP,9,19:00-20:00,,,,2026-08-14 23:15:42
108695,4792,50,876,PENDING_PAYMENT,10.0,EXPRESS,,,110,SF,,2026-08-16 07:42:42
108696,3558,403,852,PENDING_PAYMENT,80.0,EXPRESS,,,813,SF,,2026-08-08 20:24:42
108697,2241,838,812,PENDING_PAYMENT,1.0,MEETUP,3,18:00-19:00,,,,2026-08-14 14:18:42
108698,4831,340,522,PENDING_PAYMENT,1.0,EXPRESS,,,694,SF,,2026-08-15 06:52:42
108699,647,525,729,PENDING_PAYMENT,3.0,MEETUP,6,12:00-13:00,,,,2026-08-15 01:13:42
108700,1010,225,892,PENDING_PAYMENT,80.0,EXPRESS,,,470,SF,,2026-08-08 14:14:42
108701,1715,749,809,PENDING_PAYMENT,8.0,EXPRESS,,,1494,SF,,2026-08-13 17:12:42
108702,810,779,923,PENDING_PAYMENT,3.0,EXPRESS,,,1553,SF,,2026-08-14 07:16:42
108703,4178,225,982,PENDING_PAYMENT,25.0,EXPRESS,,,469,SF,,2026-08-09 03:04:42
108704,2647,391,819,PENDING_PAYMENT,50.0,MEETUP,23,19:00-20:00,,,,2026-08-11 09:53:42
108705,3584,534,214,PENDING_PAYMENT,50.0,MEETUP,9,19:00-20:00,,,,2026-08-13 10:32:42
108706,2520,321,391,PENDING_PAYMENT,5.0,EXPRESS,,,660,SF,,2026-08-15 09:28:42
108707,4188,147,831,PENDING_PAYMENT,100.0,EXPRESS,,,305,SF,,2026-08-08 07:11:42
108708,2027,207,861,PENDING_PAYMENT,120.0,EXPRESS,,,433,SF,,2026-08-15 13:34:42
108709,4065,465,775,PENDING_PAYMENT,5.0,MEETUP,4,17:00-18:00,,,,2026-08-08 20:54:42
108710,4403,689,21,PENDING_PAYMENT,50.0,EXPRESS,,,1374,SF,,2026-08-16 13:09:42
108711,2736,584,306,PENDING_PAYMENT,150.0,EXPRESS,,,1171,SF,,2026-08-16 05:34:42
108712,38,545,203,PENDING_PAYMENT,25.0,EXPRESS,,,1101,SF,,2026-08-07 20:35:42
108713,2540,93,13,PENDING_PAYMENT,8.0,MEETUP,9,18:00-19:00,,,,2026-08-14 03:41:42
108714,592,568,250,PENDING_PAYMENT,120.0,MEETUP,23,18:00-19:00,,,,2026-08-13 01:56:42
108715,1796,653,10,PENDING_PAYMENT,20.0,EXPRESS,,,1303,SF,,2026-08-12 14:49:42
108716,678,438,43,PENDING_PAYMENT,60.0,EXPRESS,,,894,SF,,2026-08-10 01:49:42
108717,3409,853,596,PENDING_PAYMENT,30.0,MEETUP,13,17:00-18:00,,,,2026-08-13 00:12:42
108718,534,700,471,PENDING_PAYMENT,3.0,MEETUP,13,18:00-19:00,,,,2026-08-09 02:34:42
108719,1212,347,912,PENDING_PAYMENT,60.0,MEETUP,21,12:00-13:00,,,,2026-08-14 09:55:42
108720,778,94,473,PENDING_PAYMENT,5.0,MEETUP,16,12:00-13:00,,,,2026-08-12 02:25:42
108721,1190,640,856,PENDING_PAYMENT,15.0,MEETUP,27,19:00-20:00,,,,2026-08-10 16:22:42
108722,4922,240,596,PENDING_PAYMENT,20.0,EXPRESS,,,499,SF,,2026-08-10 23:23:42
108723,4207,415,843,PENDING_PAYMENT,200.0,EXPRESS,,,843,SF,,2026-08-14 11:48:42
108724,1137,770,380,PENDING_PAYMENT,2.0,MEETUP,26,19:00-20:00,,,,2026-08-09 07:29:42
108725,4939,722,153,PENDING_PAYMENT,2.0,EXPRESS,,,1437,SF,,2026-08-15 05:56:42
108726,1730,468,198,PENDING_PAYMENT,100.0,MEETUP,9,12:00-13:00,,,,2026-08-15 13:05:42
108727,3586,518,89,PENDING_PAYMENT,10.0,EXPRESS,,,1053,SF,,2026-08-15 20:36:42
108728,3282,475,54,PENDING_PAYMENT,8.0,EXPRESS,,,964,SF,,2026-08-10 12:50:42
108729,1748,356,116,PENDING_PAYMENT,3.0,MEETUP,20,12:00-13:00,,,,2026-08-13 14:41:42
108730,3113,869,958,PENDING_PAYMENT,50.0,EXPRESS,,,1727,SF,,2026-08-15 22:26:42
108731,1233,291,210,PENDING_PAYMENT,150.0,MEETUP,21,19:00-20:00,,,,2026-08-12 00:07:42
108732,3741,414,704,PENDING_PAYMENT,80.0,EXPRESS,,,842,SF,,2026-08-09 11:15:42
108733,967,832,426,PENDING_PAYMENT,15.0,MEETUP,15,12:00-13:00,,,,2026-08-14 08:50:42
108734,4287,115,519,PENDING_PAYMENT,100.0,MEETUP,20,19:00-20:00,,,,2026-08-10 01:17:42
108735,4847,111,783,PENDING_PAYMENT,60.0,EXPRESS,,,227,SF,,2026-08-12 11:50:42
108736,1550,522,559,PENDING_PAYMENT,20.0,EXPRESS,,,1062,SF,,2026-08-15 06:25:42
108737,3753,122,9,PENDING_PAYMENT,5.0,EXPRESS,,,250,SF,,2026-08-15 23:46:42
108738,736,68,424,PENDING_PAYMENT,1.0,MEETUP,3,17:00-18:00,,,,2026-08-08 12:16:42
108739,2304,664,371,PENDING_PAYMENT,200.0,EXPRESS,,,1325,SF,,2026-08-12 21:22:42
108740,3365,963,367,PENDING_PAYMENT,120.0,EXPRESS,,,1930,SF,,2026-08-12 13:56:42
108741,2730,314,576,PENDING_PAYMENT,8.0,EXPRESS,,,645,SF,,2026-08-07 05:56:42
108742,3799,394,445,PENDING_PAYMENT,5.0,MEETUP,28,19:00-20:00,,,,2026-08-08 18:49:42
108743,540,852,193,PENDING_PAYMENT,15.0,MEETUP,15,17:00-18:00,,,,2026-08-08 19:18:42
108744,3260,277,778,PENDING_PAYMENT,10.0,MEETUP,6,18:00-19:00,,,,2026-08-10 19:16:42
108745,3323,707,494,PENDING_PAYMENT,15.0,MEETUP,25,19:00-20:00,,,,2026-08-14 01:26:42
108746,4837,383,907,PENDING_PAYMENT,100.0,EXPRESS,,,775,SF,,2026-08-13 23:40:42
108747,4672,587,830,PENDING_PAYMENT,20.0,MEETUP,11,12:00-13:00,,,,2026-08-14 16:13:42
108748,917,300,601,PENDING_PAYMENT,120.0,MEETUP,24,17:00-18:00,,,,2026-08-12 14:16:42
108749,4249,94,444,PENDING_PAYMENT,120.0,MEETUP,30,18:00-19:00,,,,2026-08-12 16:45:42
108750,4201,759,100,PENDING_PAYMENT,1.0,EXPRESS,,,1519,SF,,2026-08-14 18:28:42
108751,1189,17,186,PENDING_PAYMENT,2.0,EXPRESS,,,38,SF,,2026-08-14 07:50:42
108752,3945,297,968,PENDING_PAYMENT,50.0,EXPRESS,,,618,SF,,2026-08-10 11:28:42
108753,4257,656,7,PENDING_PAYMENT,60.0,MEETUP,9,18:00-19:00,,,,2026-08-11 13:29:42
108754,4091,519,497,PENDING_PAYMENT,60.0,EXPRESS,,,1055,SF,,2026-08-12 20:03:42
108755,4278,226,323,PENDING_PAYMENT,12.0,MEETUP,10,17:00-18:00,,,,2026-08-14 08:40:42
108756,1442,64,901,PENDING_PAYMENT,120.0,EXPRESS,,,135,SF,,2026-08-09 01:23:42
108757,736,12,424,PENDING_PAYMENT,1.0,EXPRESS,,,26,SF,,2026-08-12 00:55:42
108758,2203,217,648,PENDING_PAYMENT,50.0,EXPRESS,,,452,SF,,2026-08-06 23:56:42
108759,4404,175,578,PENDING_PAYMENT,25.0,EXPRESS,,,365,SF,,2026-08-11 03:23:42
108760,3855,800,838,PENDING_PAYMENT,3.0,EXPRESS,,,1595,SF,,2026-08-06 19:21:42
108761,187,114,156,PENDING_PAYMENT,120.0,EXPRESS,,,234,SF,,2026-08-13 03:46:42
108762,1669,711,442,PENDING_PAYMENT,15.0,MEETUP,19,12:00-13:00,,,,2026-08-15 22:25:42
108763,1151,107,840,PENDING_PAYMENT,30.0,MEETUP,15,19:00-20:00,,,,2026-08-15 21:02:42
108764,1572,125,691,PENDING_PAYMENT,1.0,MEETUP,20,12:00-13:00,,,,2026-08-10 03:41:42
108765,2116,251,364,PENDING_PAYMENT,25.0,EXPRESS,,,520,SF,,2026-08-08 17:08:42
108766,2427,785,565,PENDING_PAYMENT,10.0,EXPRESS,,,1565,SF,,2026-08-12 15:06:42
108767,4305,800,364,PENDING_PAYMENT,5.0,EXPRESS,,,1596,SF,,2026-08-14 17:23:42
108768,1690,346,906,PENDING_PAYMENT,200.0,MEETUP,22,17:00-18:00,,,,2026-08-14 13:30:42
108769,4552,530,169,PENDING_PAYMENT,60.0,MEETUP,17,18:00-19:00,,,,2026-08-08 10:55:42
108770,2780,924,539,PENDING_PAYMENT,30.0,EXPRESS,,,1845,SF,,2026-08-10 02:31:42
108771,2142,794,801,PENDING_PAYMENT,5.0,MEETUP,8,18:00-19:00,,,,2026-08-07 19:17:42
108772,1209,796,777,PENDING_PAYMENT,60.0,MEETUP,7,18:00-19:00,,,,2026-08-08 06:30:42
108773,3420,294,412,PENDING_PAYMENT,5.0,EXPRESS,,,615,SF,,2026-08-15 09:51:42
108774,4185,97,745,PENDING_PAYMENT,200.0,EXPRESS,,,204,SF,,2026-08-07 23:28:42
108775,3173,890,694,PENDING_PAYMENT,10.0,EXPRESS,,,1771,SF,,2026-08-09 21:29:42
108776,2299,118,990,PENDING_PAYMENT,80.0,MEETUP,14,19:00-20:00,,,,2026-08-09 14:29:42
108777,4371,970,528,PENDING_PAYMENT,1.0,MEETUP,26,17:00-18:00,,,,2026-08-13 03:05:42
108778,1069,796,537,PENDING_PAYMENT,80.0,EXPRESS,,,1585,SF,,2026-08-10 08:11:42
108779,2865,630,331,PENDING_PAYMENT,60.0,EXPRESS,,,1254,SF,,2026-08-14 04:30:42
108780,4720,88,210,PENDING_PAYMENT,120.0,MEETUP,30,17:00-18:00,,,,2026-08-06 23:33:42
108781,2154,182,18,PENDING_PAYMENT,150.0,MEETUP,19,17:00-18:00,,,,2026-08-09 00:24:42
108782,4266,759,706,PENDING_PAYMENT,200.0,EXPRESS,,,1519,SF,,2026-08-10 21:32:42
108783,165,617,189,PENDING_PAYMENT,12.0,MEETUP,6,17:00-18:00,,,,2026-08-15 22:31:42
108784,1998,430,751,PENDING_PAYMENT,2.0,MEETUP,10,12:00-13:00,,,,2026-08-12 09:18:42
108785,1363,895,284,PENDING_PAYMENT,5.0,MEETUP,2,18:00-19:00,,,,2026-08-12 19:33:42
108786,3945,236,968,PENDING_PAYMENT,50.0,MEETUP,21,18:00-19:00,,,,2026-08-12 20:28:42
108787,1735,605,254,PENDING_PAYMENT,120.0,MEETUP,6,19:00-20:00,,,,2026-08-14 01:21:42
108788,2643,548,544,PENDING_PAYMENT,60.0,EXPRESS,,,1105,SF,,2026-08-11 23:10:42
108789,2448,876,445,PENDING_PAYMENT,15.0,EXPRESS,,,1740,SF,,2026-08-13 08:46:42
108790,4805,446,41,PENDING_PAYMENT,8.0,EXPRESS,,,908,SF,,2026-08-15 09:31:42
108791,3798,313,664,PENDING_PAYMENT,25.0,MEETUP,4,12:00-13:00,,,,2026-08-11 06:20:42
108792,3282,857,54,PENDING_PAYMENT,8.0,MEETUP,11,17:00-18:00,,,,2026-08-11 22:39:42
108793,1012,748,412,PENDING_PAYMENT,10.0,EXPRESS,,,1490,SF,,2026-08-06 23:27:42
108794,1039,984,193,PENDING_PAYMENT,30.0,MEETUP,29,18:00-19:00,,,,2026-08-10 04:28:42
108795,4446,984,373,PENDING_PAYMENT,30.0,EXPRESS,,,1966,SF,,2026-08-12 19:13:42
108796,3915,83,128,PENDING_PAYMENT,5.0,EXPRESS,,,174,SF,,2026-08-09 00:11:42
108797,171,512,160,PENDING_PAYMENT,100.0,MEETUP,26,18:00-19:00,,,,2026-08-08 06:46:42
108798,1828,203,749,PENDING_PAYMENT,50.0,EXPRESS,,,425,SF,,2026-08-12 17:28:42
108799,541,17,452,PENDING_PAYMENT,15.0,MEETUP,28,17:00-18:00,,,,2026-08-15 03:27:42
108800,3954,857,557,PENDING_PAYMENT,120.0,EXPRESS,,,1704,SF,,2026-08-11 04:57:42
108801,2268,751,496,PENDING_PAYMENT,100.0,EXPRESS,,,1499,SF,,2026-08-07 12:03:42
108802,4847,456,783,PENDING_PAYMENT,60.0,MEETUP,25,19:00-20:00,,,,2026-08-13 07:31:42
108803,3378,48,308,PENDING_PAYMENT,3.0,EXPRESS,,,104,SF,,2026-08-16 10:48:42
108804,2866,221,887,PENDING_PAYMENT,30.0,EXPRESS,,,460,SF,,2026-08-07 18:37:42
108805,190,487,966,PENDING_PAYMENT,150.0,MEETUP,12,18:00-19:00,,,,2026-08-14 08:09:42
108806,525,818,67,PENDING_PAYMENT,1.0,EXPRESS,,,1627,SF,,2026-08-11 23:27:42
108807,3826,711,858,PENDING_PAYMENT,100.0,EXPRESS,,,1414,SF,,2026-08-06 23:31:42
108808,639,246,690,PENDING_PAYMENT,100.0,MEETUP,8,19:00-20:00,,,,2026-08-15 17:06:42
108809,4653,837,208,PENDING_PAYMENT,12.0,MEETUP,30,12:00-13:00,,,,2026-08-09 08:31:42
108810,1268,274,395,PENDING_PAYMENT,15.0,MEETUP,15,18:00-19:00,,,,2026-08-16 13:37:42
108811,4863,936,764,PENDING_PAYMENT,60.0,EXPRESS,,,1870,SF,,2026-08-14 18:23:42
108812,2582,542,815,PENDING_PAYMENT,3.0,MEETUP,15,17:00-18:00,,,,2026-08-12 05:35:42
108813,3572,320,660,PENDING_PAYMENT,60.0,MEETUP,5,17:00-18:00,,,,2026-08-15 06:33:42
108814,1613,240,744,PENDING_PAYMENT,20.0,EXPRESS,,,499,SF,,2026-08-15 23:34:42
108815,4030,514,267,PENDING_PAYMENT,2.0,EXPRESS,,,1048,SF,,2026-08-15 11:22:42
108816,4284,483,558,PENDING_PAYMENT,200.0,MEETUP,7,12:00-13:00,,,,2026-08-10 21:41:42
108817,1631,237,172,PENDING_PAYMENT,80.0,MEETUP,24,17:00-18:00,,,,2026-08-15 18:37:42
108818,4848,318,871,PENDING_PAYMENT,150.0,MEETUP,8,17:00-18:00,,,,2026-08-12 01:13:42
108819,29,55,64,PENDING_PAYMENT,80.0,EXPRESS,,,121,SF,,2026-08-13 21:33:42
108820,3330,89,35,PENDING_PAYMENT,100.0,MEETUP,1,19:00-20:00,,,,2026-08-13 12:44:42
108821,538,822,857,PENDING_PAYMENT,25.0,EXPRESS,,,1634,SF,,2026-08-16 05:03:42
108822,2812,454,161,PENDING_PAYMENT,10.0,EXPRESS,,,925,SF,,2026-08-15 05:57:42
108823,4055,999,123,PENDING_PAYMENT,120.0,MEETUP,29,17:00-18:00,,,,2026-08-14 04:00:42
108824,799,713,190,PENDING_PAYMENT,12.0,EXPRESS,,,1419,SF,,2026-08-08 09:48:42
108825,517,917,898,PENDING_PAYMENT,80.0,MEETUP,23,12:00-13:00,,,,2026-08-14 11:40:42
108826,1206,622,769,PENDING_PAYMENT,120.0,EXPRESS,,,1239,SF,,2026-08-13 21:24:42
108827,4571,700,84,PENDING_PAYMENT,1.0,MEETUP,20,12:00-13:00,,,,2026-08-15 08:35:42
108828,850,987,154,PENDING_PAYMENT,5.0,MEETUP,30,18:00-19:00,,,,2026-08-15 23:59:42
108829,4948,890,653,PENDING_PAYMENT,10.0,MEETUP,16,12:00-13:00,,,,2026-08-11 05:27:42
108830,4642,335,954,PENDING_PAYMENT,2.0,MEETUP,15,17:00-18:00,,,,2026-08-10 23:44:42
108831,3803,140,606,PENDING_PAYMENT,8.0,EXPRESS,,,288,SF,,2026-08-13 15:54:42
108832,413,626,8,PENDING_PAYMENT,25.0,EXPRESS,,,1247,SF,,2026-08-16 11:56:42
108833,2354,626,196,PENDING_PAYMENT,15.0,MEETUP,6,12:00-13:00,,,,2026-08-06 23:35:42
108834,3377,452,192,PENDING_PAYMENT,200.0,MEETUP,14,17:00-18:00,,,,2026-08-10 15:25:42
108835,747,656,113,PENDING_PAYMENT,3.0,MEETUP,3,18:00-19:00,,,,2026-08-15 05:15:42
108836,3221,315,978,PENDING_PAYMENT,50.0,MEETUP,13,18:00-19:00,,,,2026-08-14 20:57:42
108837,1625,212,488,PENDING_PAYMENT,80.0,EXPRESS,,,446,SF,,2026-08-06 21:12:42
108838,3766,188,587,PENDING_PAYMENT,5.0,EXPRESS,,,393,SF,,2026-08-13 07:51:42
108839,701,239,201,PENDING_PAYMENT,150.0,MEETUP,29,12:00-13:00,,,,2026-08-10 14:38:42
108840,2540,1,13,PENDING_PAYMENT,8.0,EXPRESS,,,1,SF,,2026-08-09 11:21:42
108841,783,506,690,PENDING_PAYMENT,2.0,MEETUP,15,17:00-18:00,,,,2026-08-08 22:52:42
108842,2341,288,810,PENDING_PAYMENT,30.0,EXPRESS,,,603,SF,,2026-08-15 18:08:42
108843,654,277,461,PENDING_PAYMENT,150.0,MEETUP,18,12:00-13:00,,,,2026-08-16 01:18:42
108844,143,724,406,PENDING_PAYMENT,25.0,EXPRESS,,,1441,SF,,2026-08-16 05:03:42
108845,2886,860,844,PENDING_PAYMENT,100.0,EXPRESS,,,1710,SF,,2026-08-16 02:22:42
108846,2084,112,776,PENDING_PAYMENT,80.0,MEETUP,21,19:00-20:00,,,,2026-08-15 17:33:42
108847,239,147,453,PENDING_PAYMENT,150.0,MEETUP,5,18:00-19:00,,,,2026-08-16 15:18:42
108848,2796,125,164,PENDING_PAYMENT,50.0,EXPRESS,,,255,SF,,2026-08-07 10:29:42
108849,3852,585,36,PENDING_PAYMENT,200.0,EXPRESS,,,1172,SF,,2026-08-16 05:42:42
108850,4037,756,253,PENDING_PAYMENT,120.0,EXPRESS,,,1510,SF,,2026-08-11 14:06:42
108851,3953,397,588,PENDING_PAYMENT,50.0,EXPRESS,,,805,SF,,2026-08-15 18:30:42
108852,3072,285,390,PENDING_PAYMENT,12.0,MEETUP,14,17:00-18:00,,,,2026-08-12 03:43:42
108853,2250,895,22,PENDING_PAYMENT,1.0,EXPRESS,,,1782,SF,,2026-08-12 14:58:42
108854,486,241,854,PENDING_PAYMENT,1.0,MEETUP,19,17:00-18:00,,,,2026-08-12 14:03:42
108855,1849,838,296,PENDING_PAYMENT,50.0,MEETUP,12,18:00-19:00,,,,2026-08-15 00:27:42
108856,3530,567,298,PENDING_PAYMENT,1.0,EXPRESS,,,1142,SF,,2026-08-10 20:53:42
108857,1942,323,874,PENDING_PAYMENT,100.0,MEETUP,11,18:00-19:00,,,,2026-08-13 08:36:42
108858,2858,912,5,PENDING_PAYMENT,150.0,EXPRESS,,,1819,SF,,2026-08-15 17:38:42
108859,2412,634,633,PENDING_PAYMENT,120.0,EXPRESS,,,1262,SF,,2026-08-06 22:47:42
108860,1491,359,707,PENDING_PAYMENT,50.0,EXPRESS,,,731,SF,,2026-08-13 14:19:42
108861,416,557,95,PENDING_PAYMENT,10.0,EXPRESS,,,1122,SF,,2026-08-06 20:03:42
108862,255,790,962,PENDING_PAYMENT,15.0,MEETUP,6,18:00-19:00,,,,2026-08-08 16:28:42
108863,84,333,560,PENDING_PAYMENT,8.0,EXPRESS,,,684,SF,,2026-08-11 04:38:42
108864,3262,328,553,PENDING_PAYMENT,100.0,EXPRESS,,,674,SF,,2026-08-08 01:04:42
108865,3149,465,697,PENDING_PAYMENT,150.0,EXPRESS,,,946,SF,,2026-08-07 07:19:42
108866,1580,275,789,PENDING_PAYMENT,200.0,MEETUP,2,19:00-20:00,,,,2026-08-08 14:39:42
108867,474,311,96,PENDING_PAYMENT,200.0,MEETUP,10,17:00-18:00,,,,2026-08-11 17:44:42
108868,1387,928,983,PENDING_PAYMENT,50.0,MEETUP,19,19:00-20:00,,,,2026-08-12 16:22:42
108869,3430,988,319,PENDING_PAYMENT,20.0,MEETUP,13,19:00-20:00,,,,2026-08-13 03:59:42
108870,3607,588,139,PENDING_PAYMENT,1.0,MEETUP,12,18:00-19:00,,,,2026-08-08 00:40:42
108871,144,501,139,PENDING_PAYMENT,50.0,MEETUP,30,12:00-13:00,,,,2026-08-16 09:17:42
108872,954,177,235,PENDING_PAYMENT,20.0,EXPRESS,,,369,SF,,2026-08-13 22:22:42
108873,389,278,547,PENDING_PAYMENT,20.0,EXPRESS,,,580,SF,,2026-08-08 11:48:42
108874,3230,607,630,PENDING_PAYMENT,50.0,EXPRESS,,,1213,SF,,2026-08-14 11:55:42
108875,4084,346,158,PENDING_PAYMENT,5.0,MEETUP,26,19:00-20:00,,,,2026-08-11 02:47:42
108876,1090,672,839,PENDING_PAYMENT,50.0,MEETUP,14,18:00-19:00,,,,2026-08-14 18:36:42
108877,1571,256,34,PENDING_PAYMENT,2.0,EXPRESS,,,531,SF,,2026-08-14 15:38:42
108878,4996,943,850,PENDING_PAYMENT,8.0,EXPRESS,,,1888,SF,,2026-08-10 00:20:42
108879,4226,906,497,PENDING_PAYMENT,3.0,MEETUP,12,17:00-18:00,,,,2026-08-16 18:12:42
108880,3786,559,241,PENDING_PAYMENT,150.0,EXPRESS,,,1126,SF,,2026-08-14 17:41:42
108881,1373,958,414,PENDING_PAYMENT,60.0,MEETUP,9,17:00-18:00,,,,2026-08-10 22:34:42
108882,2814,79,526,PENDING_PAYMENT,150.0,MEETUP,5,12:00-13:00,,,,2026-08-10 03:05:42
108883,1461,416,803,PENDING_PAYMENT,1.0,MEETUP,22,17:00-18:00,,,,2026-08-11 16:56:42
108884,1537,175,667,PENDING_PAYMENT,8.0,EXPRESS,,,364,SF,,2026-08-09 12:57:42
108885,3997,76,715,PENDING_PAYMENT,3.0,MEETUP,25,18:00-19:00,,,,2026-08-09 22:04:42
108886,4908,915,117,PENDING_PAYMENT,8.0,EXPRESS,,,1827,SF,,2026-08-12 23:21:42
108887,1200,854,574,PENDING_PAYMENT,30.0,MEETUP,6,18:00-19:00,,,,2026-08-10 14:02:42
108888,3275,130,164,PENDING_PAYMENT,1.0,MEETUP,23,19:00-20:00,,,,2026-08-10 13:19:42
108889,3084,853,237,PENDING_PAYMENT,12.0,EXPRESS,,,1694,SF,,2026-08-08 16:24:42
108890,2367,720,756,PENDING_PAYMENT,120.0,MEETUP,30,18:00-19:00,,,,2026-08-12 15:30:42
108891,2998,518,955,PENDING_PAYMENT,25.0,EXPRESS,,,1053,SF,,2026-08-12 10:08:42
108892,4016,757,177,PENDING_PAYMENT,5.0,MEETUP,6,19:00-20:00,,,,2026-08-14 10:17:42
108893,4912,66,653,PENDING_PAYMENT,1.0,EXPRESS,,,141,SF,,2026-08-13 17:51:42
108894,2516,839,784,PENDING_PAYMENT,60.0,MEETUP,18,19:00-20:00,,,,2026-08-10 11:06:42
108895,3275,849,164,PENDING_PAYMENT,1.0,EXPRESS,,,1687,SF,,2026-08-10 09:40:42
108896,4708,14,950,PENDING_PAYMENT,12.0,EXPRESS,,,32,SF,,2026-08-11 22:15:42
108897,2303,354,708,PENDING_PAYMENT,100.0,MEETUP,7,17:00-18:00,,,,2026-08-13 05:11:42
108898,2062,755,458,PENDING_PAYMENT,25.0,MEETUP,19,12:00-13:00,,,,2026-08-07 12:26:42
108899,30,254,827,PENDING_PAYMENT,150.0,MEETUP,12,12:00-13:00,,,,2026-08-14 21:53:42
108900,3216,941,610,PENDING_PAYMENT,1.0,MEETUP,4,17:00-18:00,,,,2026-08-07 23:34:42
108901,776,386,649,PENDING_PAYMENT,20.0,EXPRESS,,,780,SF,,2026-08-10 02:29:42
108902,2307,478,698,PENDING_PAYMENT,150.0,MEETUP,2,12:00-13:00,,,,2026-08-09 14:47:42
108903,1376,977,105,PENDING_PAYMENT,80.0,MEETUP,3,18:00-19:00,,,,2026-08-10 02:01:42
108904,3870,311,601,PENDING_PAYMENT,200.0,MEETUP,7,17:00-18:00,,,,2026-08-08 15:47:42
108905,4286,194,262,PENDING_PAYMENT,8.0,MEETUP,27,18:00-19:00,,,,2026-08-12 08:31:42
108906,4644,830,349,PENDING_PAYMENT,15.0,EXPRESS,,,1650,SF,,2026-08-11 02:44:42
108907,1028,682,413,PENDING_PAYMENT,50.0,EXPRESS,,,1361,SF,,2026-08-07 04:01:42
108908,611,876,29,PENDING_PAYMENT,150.0,MEETUP,22,19:00-20:00,,,,2026-08-15 09:44:42
108909,950,479,493,PENDING_PAYMENT,1.0,MEETUP,25,12:00-13:00,,,,2026-08-11 14:52:42
108910,4947,290,38,PENDING_PAYMENT,80.0,MEETUP,26,12:00-13:00,,,,2026-08-08 10:26:42
108911,4547,436,663,PENDING_PAYMENT,1.0,MEETUP,4,12:00-13:00,,,,2026-08-13 07:43:42
108912,413,421,8,PENDING_PAYMENT,25.0,MEETUP,12,19:00-20:00,,,,2026-08-11 11:42:42
108913,3573,351,524,PENDING_PAYMENT,80.0,EXPRESS,,,717,SF,,2026-08-09 20:46:42
108914,914,609,508,PENDING_PAYMENT,120.0,MEETUP,29,12:00-13:00,,,,2026-08-15 10:45:42
108915,3973,301,464,PENDING_PAYMENT,1.0,EXPRESS,,,624,SF,,2026-08-06 23:28:42
108916,1901,742,955,PENDING_PAYMENT,120.0,EXPRESS,,,1476,SF,,2026-08-15 21:10:42
108917,1453,293,89,PENDING_PAYMENT,8.0,MEETUP,23,17:00-18:00,,,,2026-08-08 14:22:42
108918,481,889,576,PENDING_PAYMENT,2.0,EXPRESS,,,1768,SF,,2026-08-12 10:42:42
108919,274,293,794,PENDING_PAYMENT,3.0,MEETUP,12,19:00-20:00,,,,2026-08-16 02:27:42
108920,1447,341,868,PENDING_PAYMENT,30.0,EXPRESS,,,696,SF,,2026-08-11 18:39:42
108921,2071,813,31,PENDING_PAYMENT,20.0,MEETUP,21,12:00-13:00,,,,2026-08-12 08:44:42
108922,2488,939,6,PENDING_PAYMENT,2.0,MEETUP,15,18:00-19:00,,,,2026-08-08 15:19:42
108923,1371,526,270,PENDING_PAYMENT,150.0,EXPRESS,,,1071,SF,,2026-08-12 08:41:42
108924,2120,905,741,PENDING_PAYMENT,3.0,EXPRESS,,,1803,SF,,2026-08-07 14:25:42
108925,3635,979,581,PENDING_PAYMENT,3.0,EXPRESS,,,1960,SF,,2026-08-14 17:46:42
108926,3016,785,737,PENDING_PAYMENT,200.0,EXPRESS,,,1565,SF,,2026-08-11 04:07:42
108927,1325,254,121,PENDING_PAYMENT,50.0,MEETUP,29,18:00-19:00,,,,2026-08-11 18:14:42
108928,4735,810,362,PENDING_PAYMENT,60.0,EXPRESS,,,1612,SF,,2026-08-13 14:36:42
108929,1357,303,266,PENDING_PAYMENT,150.0,EXPRESS,,,628,SF,,2026-08-14 18:15:42
108930,4936,751,50,PENDING_PAYMENT,200.0,EXPRESS,,,1498,SF,,2026-08-11 04:02:42
108931,4081,647,502,PENDING_PAYMENT,50.0,MEETUP,11,17:00-18:00,,,,2026-08-12 16:42:42
108932,720,752,650,PENDING_PAYMENT,2.0,EXPRESS,,,1501,SF,,2026-08-10 05:27:42
108933,2063,447,248,PENDING_PAYMENT,30.0,MEETUP,19,19:00-20:00,,,,2026-08-10 12:13:42
108934,4095,846,935,PENDING_PAYMENT,2.0,MEETUP,5,19:00-20:00,,,,2026-08-14 07:23:42
108935,2505,136,557,PENDING_PAYMENT,5.0,MEETUP,26,17:00-18:00,,,,2026-08-13 10:47:42
108936,2537,857,249,PENDING_PAYMENT,20.0,EXPRESS,,,1702,SF,,2026-08-13 20:19:42
108937,4939,101,153,PENDING_PAYMENT,2.0,EXPRESS,,,209,SF,,2026-08-12 09:54:42
108938,560,927,993,PENDING_PAYMENT,5.0,EXPRESS,,,1854,SF,,2026-08-13 22:46:42
108939,1118,998,154,PENDING_PAYMENT,5.0,MEETUP,24,18:00-19:00,,,,2026-08-07 11:15:42
108940,123,319,13,PENDING_PAYMENT,150.0,EXPRESS,,,656,SF,,2026-08-08 15:21:42
108941,777,377,328,PENDING_PAYMENT,1.0,MEETUP,25,18:00-19:00,,,,2026-08-07 03:13:42
108942,4362,98,641,PENDING_PAYMENT,20.0,MEETUP,9,19:00-20:00,,,,2026-08-15 01:34:42
108943,3957,982,268,PENDING_PAYMENT,15.0,MEETUP,28,18:00-19:00,,,,2026-08-08 04:44:42
108944,1797,639,2,PENDING_PAYMENT,150.0,EXPRESS,,,1269,SF,,2026-08-07 10:45:42
108945,227,94,706,PENDING_PAYMENT,80.0,EXPRESS,,,197,SF,,2026-08-15 07:18:42
108946,4718,785,756,PENDING_PAYMENT,10.0,MEETUP,23,12:00-13:00,,,,2026-08-16 05:33:42
108947,1807,701,5,PENDING_PAYMENT,150.0,MEETUP,13,19:00-20:00,,,,2026-08-11 13:21:42
108948,4049,490,921,PENDING_PAYMENT,60.0,EXPRESS,,,997,SF,,2026-08-11 15:55:42
108949,498,468,162,PENDING_PAYMENT,12.0,EXPRESS,,,953,SF,,2026-08-15 06:06:42
108950,2205,453,121,PENDING_PAYMENT,1.0,MEETUP,7,18:00-19:00,,,,2026-08-15 09:47:42
108951,2525,469,489,PENDING_PAYMENT,12.0,MEETUP,22,18:00-19:00,,,,2026-08-10 15:19:42
108952,3261,488,801,PENDING_PAYMENT,50.0,EXPRESS,,,994,SF,,2026-08-10 23:11:42
108953,2064,601,721,PENDING_PAYMENT,25.0,EXPRESS,,,1201,SF,,2026-08-12 20:19:42
108954,150,628,72,PENDING_PAYMENT,3.0,MEETUP,9,17:00-18:00,,,,2026-08-13 15:21:42
108955,3806,345,247,PENDING_PAYMENT,10.0,MEETUP,11,19:00-20:00,,,,2026-08-16 13:45:42
108956,3365,449,367,PENDING_PAYMENT,120.0,MEETUP,10,18:00-19:00,,,,2026-08-13 09:27:42
108957,129,687,788,PENDING_PAYMENT,25.0,EXPRESS,,,1369,SF,,2026-08-12 02:56:42
108958,918,935,490,PENDING_PAYMENT,30.0,EXPRESS,,,1869,SF,,2026-08-09 22:20:42
108959,3436,56,102,PENDING_PAYMENT,200.0,MEETUP,16,19:00-20:00,,,,2026-08-08 08:55:42
108960,3988,967,801,PENDING_PAYMENT,80.0,EXPRESS,,,1937,SF,,2026-08-14 15:34:42
108961,3541,456,356,PENDING_PAYMENT,8.0,MEETUP,28,18:00-19:00,,,,2026-08-14 05:55:42
108962,4402,172,1,PENDING_PAYMENT,25.0,MEETUP,1,12:00-13:00,,,,2026-08-09 09:09:42
108963,3156,764,953,PENDING_PAYMENT,80.0,MEETUP,20,17:00-18:00,,,,2026-08-10 10:55:42
108964,3252,111,200,PENDING_PAYMENT,120.0,EXPRESS,,,227,SF,,2026-08-12 14:48:42
108965,2136,415,436,PENDING_PAYMENT,25.0,EXPRESS,,,843,SF,,2026-08-15 00:56:42
108966,4494,149,105,PENDING_PAYMENT,3.0,MEETUP,24,17:00-18:00,,,,2026-08-14 05:51:42
108967,2913,656,413,PENDING_PAYMENT,5.0,EXPRESS,,,1309,SF,,2026-08-07 06:54:42
108968,2344,731,781,PENDING_PAYMENT,25.0,EXPRESS,,,1449,SF,,2026-08-14 08:39:42
108969,863,476,880,PENDING_PAYMENT,20.0,MEETUP,19,18:00-19:00,,,,2026-08-16 01:39:42
108970,1631,767,172,PENDING_PAYMENT,80.0,MEETUP,8,19:00-20:00,,,,2026-08-11 13:01:42
108971,2022,74,343,PENDING_PAYMENT,80.0,EXPRESS,,,156,SF,,2026-08-14 22:57:42
108972,1439,794,258,PENDING_PAYMENT,150.0,MEETUP,23,12:00-13:00,,,,2026-08-10 01:36:42
108973,1529,949,550,PENDING_PAYMENT,8.0,EXPRESS,,,1900,SF,,2026-08-08 16:12:42
108974,3697,122,70,PENDING_PAYMENT,20.0,EXPRESS,,,250,SF,,2026-08-07 01:53:42
108975,2998,716,955,PENDING_PAYMENT,25.0,MEETUP,2,18:00-19:00,,,,2026-08-13 18:54:42
108976,2182,107,217,PENDING_PAYMENT,25.0,MEETUP,19,18:00-19:00,,,,2026-08-09 23:34:42
108977,4321,26,282,PENDING_PAYMENT,2.0,EXPRESS,,,55,SF,,2026-08-14 05:27:42
108978,2225,581,125,PENDING_PAYMENT,1.0,EXPRESS,,,1167,SF,,2026-08-16 11:56:42
108979,2505,122,557,PENDING_PAYMENT,5.0,EXPRESS,,,250,SF,,2026-08-09 14:04:42
108980,283,79,47,PENDING_PAYMENT,200.0,EXPRESS,,,167,SF,,2026-08-09 05:11:42
108981,261,722,366,PENDING_PAYMENT,3.0,MEETUP,26,19:00-20:00,,,,2026-08-14 10:50:42
108982,332,899,911,PENDING_PAYMENT,10.0,MEETUP,27,18:00-19:00,,,,2026-08-10 12:52:42
108983,3591,103,580,PENDING_PAYMENT,80.0,MEETUP,9,19:00-20:00,,,,2026-08-08 13:04:42
108984,2727,532,792,PENDING_PAYMENT,200.0,MEETUP,21,12:00-13:00,,,,2026-08-06 22:36:42
108985,634,924,667,PENDING_PAYMENT,8.0,EXPRESS,,,1846,SF,,2026-08-09 03:00:42
108986,1410,44,795,PENDING_PAYMENT,30.0,EXPRESS,,,95,SF,,2026-08-07 12:00:42
108987,4241,26,117,PENDING_PAYMENT,80.0,MEETUP,2,19:00-20:00,,,,2026-08-10 16:35:42
108988,3076,933,917,PENDING_PAYMENT,15.0,MEETUP,3,19:00-20:00,,,,2026-08-10 07:39:42
108989,3521,214,225,PENDING_PAYMENT,100.0,MEETUP,9,18:00-19:00,,,,2026-08-07 22:43:42
108990,4572,788,495,PENDING_PAYMENT,8.0,EXPRESS,,,1571,SF,,2026-08-16 16:49:42
108991,2813,265,872,PENDING_PAYMENT,150.0,MEETUP,21,12:00-13:00,,,,2026-08-11 08:27:42
108992,4503,61,138,PENDING_PAYMENT,10.0,MEETUP,7,17:00-18:00,,,,2026-08-12 14:22:42
108993,243,987,561,PENDING_PAYMENT,5.0,EXPRESS,,,1973,SF,,2026-08-10 20:20:42
108994,3130,969,895,PENDING_PAYMENT,5.0,EXPRESS,,,1941,SF,,2026-08-07 10:52:42
108995,2580,176,406,PENDING_PAYMENT,12.0,MEETUP,26,17:00-18:00,,,,2026-08-12 06:10:42
108996,1504,547,961,PENDING_PAYMENT,20.0,EXPRESS,,,1103,SF,,2026-08-11 13:30:42
108997,3883,982,341,PENDING_PAYMENT,150.0,EXPRESS,,,1964,SF,,2026-08-11 22:13:42
108998,479,853,522,PENDING_PAYMENT,50.0,EXPRESS,,,1694,SF,,2026-08-15 11:04:42
108999,3990,305,978,PENDING_PAYMENT,200.0,MEETUP,28,19:00-20:00,,,,2026-08-16 16:50:42
109000,4315,639,547,PENDING_PAYMENT,15.0,EXPRESS,,,1269,SF,,2026-08-07 18:27:42
109001,785,595,8,PENDING_PAYMENT,15.0,EXPRESS,,,1187,SF,,2026-08-12 17:20:42
109002,2141,925,187,PENDING_PAYMENT,15.0,MEETUP,13,18:00-19:00,,,,2026-08-11 08:55:42
109003,3687,728,784,PENDING_PAYMENT,2.0,MEETUP,24,17:00-18:00,,,,2026-08-06 21:22:42
109004,1009,517,241,PENDING_PAYMENT,2.0,EXPRESS,,,1052,SF,,2026-08-15 04:42:42
109005,1018,133,914,PENDING_PAYMENT,2.0,EXPRESS,,,271,SF,,2026-08-13 00:06:42
109006,4153,118,376,PENDING_PAYMENT,8.0,MEETUP,30,12:00-13:00,,,,2026-08-12 17:38:42
109007,268,639,462,PENDING_PAYMENT,8.0,EXPRESS,,,1269,SF,,2026-08-15 17:51:42
109008,771,274,403,PENDING_PAYMENT,120.0,EXPRESS,,,569,SF,,2026-08-12 06:06:42
109009,4780,48,358,PENDING_PAYMENT,3.0,MEETUP,7,12:00-13:00,,,,2026-08-12 23:43:42
109010,1737,928,3,PENDING_PAYMENT,15.0,EXPRESS,,,1857,SF,,2026-08-13 09:50:42
109011,1412,48,290,PENDING_PAYMENT,2.0,EXPRESS,,,104,SF,,2026-08-15 15:43:42
109012,1063,533,15,PENDING_PAYMENT,12.0,EXPRESS,,,1084,SF,,2026-08-07 20:58:42
109013,3417,258,379,PENDING_PAYMENT,15.0,MEETUP,2,12:00-13:00,,,,2026-08-07 07:47:42
109014,3136,619,575,PENDING_PAYMENT,10.0,MEETUP,1,19:00-20:00,,,,2026-08-07 14:00:42
109015,3852,330,36,PENDING_PAYMENT,200.0,MEETUP,9,12:00-13:00,,,,2026-08-12 19:36:42
109016,93,302,455,PENDING_PAYMENT,1.0,EXPRESS,,,625,SF,,2026-08-11 07:02:42
109017,215,690,103,PENDING_PAYMENT,20.0,MEETUP,12,19:00-20:00,,,,2026-08-15 03:08:42
109018,3234,752,885,PENDING_PAYMENT,200.0,MEETUP,4,18:00-19:00,,,,2026-08-10 14:51:42
109019,2464,299,783,PENDING_PAYMENT,3.0,EXPRESS,,,620,SF,,2026-08-07 05:18:42
109020,533,344,950,PENDING_PAYMENT,100.0,MEETUP,10,12:00-13:00,,,,2026-08-12 00:04:42
109021,1523,967,557,PENDING_PAYMENT,15.0,EXPRESS,,,1937,SF,,2026-08-07 08:53:42
109022,498,389,162,PENDING_PAYMENT,12.0,MEETUP,12,18:00-19:00,,,,2026-08-11 14:33:42
109023,1890,67,656,PENDING_PAYMENT,20.0,MEETUP,3,17:00-18:00,,,,2026-08-15 00:16:42
109024,3230,263,630,PENDING_PAYMENT,50.0,MEETUP,6,19:00-20:00,,,,2026-08-08 01:08:42
109025,695,180,179,PENDING_PAYMENT,30.0,MEETUP,13,12:00-13:00,,,,2026-08-12 07:37:42
109026,3069,829,25,PENDING_PAYMENT,30.0,MEETUP,28,12:00-13:00,,,,2026-08-08 02:48:42
109027,4527,860,885,PENDING_PAYMENT,25.0,EXPRESS,,,1709,SF,,2026-08-08 19:37:42
109028,2520,580,391,PENDING_PAYMENT,5.0,EXPRESS,,,1165,SF,,2026-08-08 10:48:42
109029,42,491,683,PENDING_PAYMENT,25.0,EXPRESS,,,999,SF,,2026-08-16 02:17:42
109030,3406,544,771,PENDING_PAYMENT,150.0,MEETUP,27,19:00-20:00,,,,2026-08-09 21:28:42
109031,3474,669,810,PENDING_PAYMENT,60.0,MEETUP,29,17:00-18:00,,,,2026-08-16 06:31:42
109032,2580,605,406,PENDING_PAYMENT,12.0,EXPRESS,,,1209,SF,,2026-08-07 18:31:42
109033,3002,680,584,PENDING_PAYMENT,50.0,MEETUP,16,18:00-19:00,,,,2026-08-13 02:42:42
109034,3100,792,916,PENDING_PAYMENT,3.0,MEETUP,11,18:00-19:00,,,,2026-08-06 23:21:42
109035,8,393,249,PENDING_PAYMENT,60.0,EXPRESS,,,797,SF,,2026-08-07 05:15:42
109036,4918,206,414,PENDING_PAYMENT,15.0,EXPRESS,,,431,SF,,2026-08-16 17:58:42
109037,758,480,92,PENDING_PAYMENT,50.0,MEETUP,5,18:00-19:00,,,,2026-08-16 06:31:42
109038,42,498,683,PENDING_PAYMENT,25.0,MEETUP,17,19:00-20:00,,,,2026-08-10 20:06:42
109039,4087,360,998,PENDING_PAYMENT,25.0,EXPRESS,,,733,SF,,2026-08-16 09:39:42
109040,1592,609,12,PENDING_PAYMENT,25.0,EXPRESS,,,1215,SF,,2026-08-14 21:35:42
109041,613,764,172,PENDING_PAYMENT,25.0,EXPRESS,,,1531,SF,,2026-08-11 06:47:42
109042,858,604,509,PENDING_PAYMENT,25.0,MEETUP,20,17:00-18:00,,,,2026-08-12 09:46:42
109043,3182,697,919,PENDING_PAYMENT,20.0,MEETUP,16,18:00-19:00,,,,2026-08-12 14:20:42
109044,4117,178,41,PENDING_PAYMENT,5.0,EXPRESS,,,373,SF,,2026-08-15 11:50:42
109045,3719,713,720,PENDING_PAYMENT,5.0,EXPRESS,,,1418,SF,,2026-08-06 20:58:42
109046,56,943,105,PENDING_PAYMENT,5.0,MEETUP,1,19:00-20:00,,,,2026-08-16 18:34:42
109047,295,50,826,PENDING_PAYMENT,150.0,MEETUP,23,19:00-20:00,,,,2026-08-07 10:42:42
109048,2013,92,227,PENDING_PAYMENT,1.0,MEETUP,6,17:00-18:00,,,,2026-08-11 08:26:42
109049,152,936,576,PENDING_PAYMENT,30.0,EXPRESS,,,1871,SF,,2026-08-15 23:59:42
109050,2412,877,633,PENDING_PAYMENT,120.0,MEETUP,20,18:00-19:00,,,,2026-08-07 23:34:42
109051,2546,504,308,PENDING_PAYMENT,20.0,MEETUP,21,19:00-20:00,,,,2026-08-12 09:14:42
109052,4235,690,43,PENDING_PAYMENT,100.0,MEETUP,18,17:00-18:00,,,,2026-08-16 12:41:42
109053,3202,96,904,PENDING_PAYMENT,1.0,MEETUP,12,12:00-13:00,,,,2026-08-07 15:24:42
109054,2620,889,702,PENDING_PAYMENT,100.0,EXPRESS,,,1768,SF,,2026-08-12 22:49:42
109055,3332,134,585,PENDING_PAYMENT,30.0,EXPRESS,,,274,SF,,2026-08-14 11:58:42
109056,4323,678,186,PENDING_PAYMENT,20.0,MEETUP,10,17:00-18:00,,,,2026-08-15 19:21:42
109057,1831,425,791,PENDING_PAYMENT,20.0,MEETUP,20,17:00-18:00,,,,2026-08-12 06:00:42
109058,2458,585,521,PENDING_PAYMENT,2.0,MEETUP,24,17:00-18:00,,,,2026-08-06 22:57:42
109059,1795,319,644,PENDING_PAYMENT,10.0,MEETUP,26,18:00-19:00,,,,2026-08-08 02:26:42
109060,154,121,713,PENDING_PAYMENT,120.0,EXPRESS,,,247,SF,,2026-08-09 11:20:42
109061,3697,785,70,PENDING_PAYMENT,20.0,MEETUP,19,19:00-20:00,,,,2026-08-15 11:11:42
109062,981,463,576,PENDING_PAYMENT,25.0,EXPRESS,,,944,SF,,2026-08-07 16:36:42
109063,4245,398,83,PENDING_PAYMENT,50.0,EXPRESS,,,806,SF,,2026-08-16 03:51:42
109064,4798,982,272,PENDING_PAYMENT,50.0,EXPRESS,,,1964,SF,,2026-08-15 04:06:42
109065,1633,159,526,PENDING_PAYMENT,120.0,EXPRESS,,,331,SF,,2026-08-07 06:29:42
109066,2121,596,489,PENDING_PAYMENT,25.0,MEETUP,26,17:00-18:00,,,,2026-08-09 22:52:42
109067,2447,260,748,PENDING_PAYMENT,15.0,MEETUP,6,18:00-19:00,,,,2026-08-09 23:59:42
109068,2172,301,513,PENDING_PAYMENT,30.0,EXPRESS,,,622,SF,,2026-08-14 02:21:42
109069,3787,909,473,PENDING_PAYMENT,120.0,EXPRESS,,,1811,SF,,2026-08-16 15:38:42
109070,2529,989,572,PENDING_PAYMENT,8.0,EXPRESS,,,1976,SF,,2026-08-13 22:44:42
109071,2027,548,861,PENDING_PAYMENT,120.0,MEETUP,19,17:00-18:00,,,,2026-08-08 23:31:42
109072,2931,17,832,PENDING_PAYMENT,1.0,EXPRESS,,,38,SF,,2026-08-08 17:06:42
109073,709,636,90,PENDING_PAYMENT,200.0,EXPRESS,,,1265,SF,,2026-08-11 23:53:42
109074,4985,669,609,PENDING_PAYMENT,10.0,MEETUP,21,18:00-19:00,,,,2026-08-07 06:46:42
109075,1291,572,354,PENDING_PAYMENT,80.0,EXPRESS,,,1151,SF,,2026-08-16 05:25:42
109076,4457,956,393,PENDING_PAYMENT,200.0,MEETUP,27,19:00-20:00,,,,2026-08-12 18:57:42
109077,3650,976,829,PENDING_PAYMENT,20.0,MEETUP,21,18:00-19:00,,,,2026-08-14 04:41:42
109078,2329,206,399,PENDING_PAYMENT,80.0,MEETUP,29,18:00-19:00,,,,2026-08-08 22:10:42
109079,1178,379,940,PENDING_PAYMENT,5.0,EXPRESS,,,769,SF,,2026-08-15 19:40:42
109080,65,130,7,PENDING_PAYMENT,2.0,MEETUP,18,12:00-13:00,,,,2026-08-11 06:22:42
109081,298,974,187,PENDING_PAYMENT,80.0,MEETUP,17,18:00-19:00,,,,2026-08-13 10:24:42
109082,902,461,725,PENDING_PAYMENT,120.0,EXPRESS,,,941,SF,,2026-08-12 09:17:42
109083,625,896,228,PENDING_PAYMENT,80.0,MEETUP,22,18:00-19:00,,,,2026-08-16 09:05:42
109084,398,888,671,PENDING_PAYMENT,15.0,EXPRESS,,,1766,SF,,2026-08-15 02:22:42
109085,496,290,796,PENDING_PAYMENT,25.0,EXPRESS,,,609,SF,,2026-08-08 22:22:42
109086,3201,127,247,PENDING_PAYMENT,3.0,EXPRESS,,,261,SF,,2026-08-12 20:15:42
109087,2119,261,355,PENDING_PAYMENT,2.0,MEETUP,24,18:00-19:00,,,,2026-08-12 18:06:42
109088,3551,51,879,PENDING_PAYMENT,80.0,EXPRESS,,,111,SF,,2026-08-09 01:46:42
109089,1304,912,651,PENDING_PAYMENT,12.0,MEETUP,26,19:00-20:00,,,,2026-08-15 03:08:42
109090,1323,939,414,PENDING_PAYMENT,10.0,MEETUP,19,17:00-18:00,,,,2026-08-16 07:19:42
109091,75,415,74,PENDING_PAYMENT,12.0,EXPRESS,,,843,SF,,2026-08-06 21:15:42
109092,1156,352,442,PENDING_PAYMENT,3.0,EXPRESS,,,719,SF,,2026-08-09 12:37:42
109093,4737,713,556,PENDING_PAYMENT,2.0,MEETUP,20,12:00-13:00,,,,2026-08-16 10:07:42
109094,3625,507,730,PENDING_PAYMENT,150.0,EXPRESS,,,1030,SF,,2026-08-09 21:18:42
109095,3143,837,313,PENDING_PAYMENT,25.0,EXPRESS,,,1663,SF,,2026-08-09 01:48:42
109096,3884,441,565,PENDING_PAYMENT,5.0,EXPRESS,,,899,SF,,2026-08-06 20:13:42
109097,4965,848,959,PENDING_PAYMENT,8.0,EXPRESS,,,1686,SF,,2026-08-08 21:16:42
109098,3878,443,22,PENDING_PAYMENT,25.0,MEETUP,21,18:00-19:00,,,,2026-08-13 06:08:42
109099,3707,248,300,PENDING_PAYMENT,3.0,EXPRESS,,,513,SF,,2026-08-13 11:40:42
109100,2347,80,878,PENDING_PAYMENT,50.0,MEETUP,1,12:00-13:00,,,,2026-08-11 19:37:42
109101,4473,661,830,PENDING_PAYMENT,50.0,EXPRESS,,,1320,SF,,2026-08-07 02:11:42
109102,3977,117,156,PENDING_PAYMENT,50.0,MEETUP,17,18:00-19:00,,,,2026-08-16 18:54:42
109103,1032,454,682,PENDING_PAYMENT,120.0,EXPRESS,,,925,SF,,2026-08-14 20:59:42
109104,4445,507,20,PENDING_PAYMENT,200.0,MEETUP,2,18:00-19:00,,,,2026-08-10 22:15:42
109105,4578,263,253,PENDING_PAYMENT,1.0,EXPRESS,,,546,SF,,2026-08-11 13:22:42
109106,3159,371,350,PENDING_PAYMENT,120.0,MEETUP,11,18:00-19:00,,,,2026-08-14 19:01:42
109107,4670,321,756,PENDING_PAYMENT,25.0,EXPRESS,,,659,SF,,2026-08-10 20:49:42
109108,3800,975,413,PENDING_PAYMENT,20.0,MEETUP,1,12:00-13:00,,,,2026-08-13 07:56:42
109109,1936,49,428,PENDING_PAYMENT,50.0,MEETUP,23,19:00-20:00,,,,2026-08-15 11:49:42
109110,1987,12,336,PENDING_PAYMENT,25.0,EXPRESS,,,27,SF,,2026-08-07 13:30:42
109111,4957,669,309,PENDING_PAYMENT,60.0,EXPRESS,,,1334,SF,,2026-08-16 15:04:42
109112,1085,11,282,PENDING_PAYMENT,150.0,MEETUP,18,17:00-18:00,,,,2026-08-11 18:48:42
109113,2780,697,539,PENDING_PAYMENT,30.0,MEETUP,11,18:00-19:00,,,,2026-08-06 23:09:42
109114,3121,598,504,PENDING_PAYMENT,60.0,EXPRESS,,,1194,SF,,2026-08-09 09:07:42
109115,1168,5,615,PENDING_PAYMENT,5.0,EXPRESS,,,13,SF,,2026-08-13 07:50:42
109116,1167,692,293,PENDING_PAYMENT,120.0,EXPRESS,,,1379,SF,,2026-08-15 13:23:42
109117,3406,238,771,PENDING_PAYMENT,150.0,EXPRESS,,,497,SF,,2026-08-09 22:48:42
109118,2398,712,392,PENDING_PAYMENT,50.0,MEETUP,12,18:00-19:00,,,,2026-08-10 02:37:42
109119,1396,580,372,PENDING_PAYMENT,2.0,EXPRESS,,,1163,SF,,2026-08-08 10:59:42
109120,2620,899,702,PENDING_PAYMENT,100.0,EXPRESS,,,1791,SF,,2026-08-11 08:40:42
109121,3057,362,351,PENDING_PAYMENT,2.0,MEETUP,19,19:00-20:00,,,,2026-08-06 21:26:42
109122,4072,166,791,PENDING_PAYMENT,3.0,MEETUP,6,19:00-20:00,,,,2026-08-12 16:21:42
109123,636,525,521,PENDING_PAYMENT,15.0,MEETUP,26,18:00-19:00,,,,2026-08-08 20:53:42
109124,219,129,769,PENDING_PAYMENT,15.0,EXPRESS,,,263,SF,,2026-08-07 10:03:42
109125,3529,568,889,PENDING_PAYMENT,8.0,EXPRESS,,,1146,SF,,2026-08-07 05:01:42
109126,403,740,340,PENDING_PAYMENT,10.0,EXPRESS,,,1471,SF,,2026-08-08 04:05:42
109127,3613,174,691,PENDING_PAYMENT,100.0,MEETUP,10,17:00-18:00,,,,2026-08-08 01:57:42
109128,2466,30,611,PENDING_PAYMENT,12.0,EXPRESS,,,61,SF,,2026-08-08 18:48:42
109129,3097,261,742,PENDING_PAYMENT,150.0,EXPRESS,,,541,SF,,2026-08-10 15:33:42
109130,363,454,104,PENDING_PAYMENT,80.0,MEETUP,12,19:00-20:00,,,,2026-08-09 09:06:42
109131,24,292,601,PENDING_PAYMENT,200.0,MEETUP,19,19:00-20:00,,,,2026-08-08 10:14:42
109132,3783,57,6,PENDING_PAYMENT,5.0,MEETUP,3,12:00-13:00,,,,2026-08-08 15:41:42
109133,80,630,231,PENDING_PAYMENT,30.0,MEETUP,18,18:00-19:00,,,,2026-08-11 16:38:42
109134,1748,7,116,PENDING_PAYMENT,3.0,MEETUP,6,19:00-20:00,,,,2026-08-07 13:07:42
109135,4228,492,917,PENDING_PAYMENT,80.0,EXPRESS,,,1000,SF,,2026-08-12 07:41:42
109136,2750,616,22,PENDING_PAYMENT,100.0,MEETUP,12,18:00-19:00,,,,2026-08-16 10:46:42
109137,2287,900,913,PENDING_PAYMENT,100.0,EXPRESS,,,1793,SF,,2026-08-09 01:12:42
109138,4238,165,463,PENDING_PAYMENT,15.0,EXPRESS,,,342,SF,,2026-08-16 13:31:42
109139,3798,405,664,PENDING_PAYMENT,25.0,MEETUP,14,19:00-20:00,,,,2026-08-09 14:01:42
109140,1640,491,458,PENDING_PAYMENT,150.0,EXPRESS,,,999,SF,,2026-08-08 09:59:42
109141,1572,144,691,PENDING_PAYMENT,1.0,EXPRESS,,,295,SF,,2026-08-10 03:55:42
109142,928,979,335,PENDING_PAYMENT,30.0,EXPRESS,,,1960,SF,,2026-08-14 18:09:42
109143,957,201,159,PENDING_PAYMENT,150.0,EXPRESS,,,422,SF,,2026-08-12 01:22:42
109144,1567,664,40,PENDING_PAYMENT,150.0,EXPRESS,,,1325,SF,,2026-08-11 00:14:42
109145,3346,251,676,PENDING_PAYMENT,12.0,MEETUP,17,18:00-19:00,,,,2026-08-08 20:20:42
109146,3799,68,445,PENDING_PAYMENT,5.0,MEETUP,26,18:00-19:00,,,,2026-08-16 08:35:42
109147,1399,16,726,PENDING_PAYMENT,200.0,EXPRESS,,,34,SF,,2026-08-13 18:54:42
109148,2864,287,931,PENDING_PAYMENT,2.0,MEETUP,23,12:00-13:00,,,,2026-08-12 20:52:42
109149,2720,145,160,PENDING_PAYMENT,1.0,MEETUP,5,19:00-20:00,,,,2026-08-13 07:30:42
109150,2392,847,832,PENDING_PAYMENT,1.0,EXPRESS,,,1683,SF,,2026-08-13 06:24:42
109151,916,63,25,PENDING_PAYMENT,10.0,MEETUP,20,18:00-19:00,,,,2026-08-15 09:51:42
109152,4475,933,630,PENDING_PAYMENT,12.0,EXPRESS,,,1865,SF,,2026-08-14 10:40:42
109153,646,136,328,PENDING_PAYMENT,150.0,EXPRESS,,,278,SF,,2026-08-10 22:26:42
109154,3011,409,34,PENDING_PAYMENT,20.0,EXPRESS,,,828,SF,,2026-08-07 11:02:42
109155,3616,939,472,PENDING_PAYMENT,50.0,EXPRESS,,,1878,SF,,2026-08-09 21:30:42
109156,3526,104,227,PENDING_PAYMENT,120.0,MEETUP,20,19:00-20:00,,,,2026-08-06 21:20:42
109157,3592,739,934,PENDING_PAYMENT,12.0,EXPRESS,,,1468,SF,,2026-08-13 01:32:42
109158,2101,982,615,PENDING_PAYMENT,50.0,EXPRESS,,,1964,SF,,2026-08-10 20:26:42
109159,4883,436,134,PENDING_PAYMENT,150.0,EXPRESS,,,889,SF,,2026-08-12 00:37:42
109160,3573,778,524,PENDING_PAYMENT,80.0,MEETUP,27,12:00-13:00,,,,2026-08-16 10:28:42
109161,3665,314,16,PENDING_PAYMENT,20.0,EXPRESS,,,646,SF,,2026-08-09 16:17:42
109162,1020,667,470,PENDING_PAYMENT,8.0,MEETUP,7,17:00-18:00,,,,2026-08-14 21:21:42
109163,1945,294,783,PENDING_PAYMENT,20.0,EXPRESS,,,615,SF,,2026-08-10 11:04:42
109164,4293,940,575,PENDING_PAYMENT,25.0,MEETUP,11,12:00-13:00,,,,2026-08-13 04:07:42
109165,4422,341,642,PENDING_PAYMENT,200.0,EXPRESS,,,696,SF,,2026-08-13 01:57:42
109166,2184,969,934,PENDING_PAYMENT,60.0,EXPRESS,,,1941,SF,,2026-08-13 15:52:42
109167,2984,867,962,PENDING_PAYMENT,25.0,EXPRESS,,,1723,SF,,2026-08-10 13:36:42
109168,1205,145,574,PENDING_PAYMENT,20.0,EXPRESS,,,299,SF,,2026-08-14 22:24:42
109169,3274,707,313,PENDING_PAYMENT,8.0,MEETUP,1,12:00-13:00,,,,2026-08-06 19:56:42
109170,1335,24,186,PENDING_PAYMENT,20.0,EXPRESS,,,51,SF,,2026-08-08 07:36:42
109171,1170,175,788,PENDING_PAYMENT,20.0,MEETUP,10,17:00-18:00,,,,2026-08-11 18:50:42
109172,1817,313,577,PENDING_PAYMENT,8.0,EXPRESS,,,644,SF,,2026-08-13 13:47:42
109173,4441,389,811,PENDING_PAYMENT,30.0,EXPRESS,,,785,SF,,2026-08-16 08:58:42
109174,950,249,493,PENDING_PAYMENT,1.0,EXPRESS,,,515,SF,,2026-08-07 08:52:42
109175,2047,665,425,PENDING_PAYMENT,120.0,MEETUP,29,18:00-19:00,,,,2026-08-15 18:35:42
109176,312,605,799,PENDING_PAYMENT,30.0,EXPRESS,,,1210,SF,,2026-08-07 03:27:42
109177,1265,877,135,PENDING_PAYMENT,120.0,EXPRESS,,,1743,SF,,2026-08-16 14:09:42
109178,4829,908,269,PENDING_PAYMENT,200.0,MEETUP,20,17:00-18:00,,,,2026-08-07 21:45:42
109179,2006,174,473,PENDING_PAYMENT,3.0,MEETUP,10,12:00-13:00,,,,2026-08-12 08:17:42
109180,801,23,681,PENDING_PAYMENT,25.0,MEETUP,26,19:00-20:00,,,,2026-08-12 01:15:42
109181,3955,378,485,PENDING_PAYMENT,3.0,MEETUP,27,18:00-19:00,,,,2026-08-13 05:01:42
109182,778,969,473,PENDING_PAYMENT,5.0,EXPRESS,,,1941,SF,,2026-08-10 14:21:42
109183,212,418,871,PENDING_PAYMENT,5.0,EXPRESS,,,852,SF,,2026-08-13 16:40:42
109184,219,676,769,PENDING_PAYMENT,15.0,EXPRESS,,,1352,SF,,2026-08-10 14:11:42
109185,3655,860,533,PENDING_PAYMENT,150.0,MEETUP,30,17:00-18:00,,,,2026-08-15 12:54:42
109186,593,823,251,PENDING_PAYMENT,150.0,EXPRESS,,,1635,SF,,2026-08-13 03:14:42
109187,1932,910,326,PENDING_PAYMENT,120.0,EXPRESS,,,1812,SF,,2026-08-11 22:45:42
109188,848,748,308,PENDING_PAYMENT,20.0,MEETUP,2,19:00-20:00,,,,2026-08-13 22:35:42
109189,2877,180,194,PENDING_PAYMENT,5.0,MEETUP,4,17:00-18:00,,,,2026-08-14 04:50:42
109190,506,599,594,PENDING_PAYMENT,25.0,MEETUP,25,18:00-19:00,,,,2026-08-10 20:38:42
109191,2324,684,520,PENDING_PAYMENT,120.0,MEETUP,9,12:00-13:00,,,,2026-08-12 20:25:42
109192,4609,531,347,PENDING_PAYMENT,80.0,MEETUP,15,18:00-19:00,,,,2026-08-14 04:16:42
109193,897,337,322,PENDING_PAYMENT,120.0,MEETUP,24,17:00-18:00,,,,2026-08-11 10:56:42
109194,499,221,72,PENDING_PAYMENT,2.0,MEETUP,9,19:00-20:00,,,,2026-08-10 18:10:42
109195,4452,499,678,PENDING_PAYMENT,20.0,EXPRESS,,,1012,SF,,2026-08-09 21:44:42
109196,2739,999,796,PENDING_PAYMENT,3.0,EXPRESS,,,1993,SF,,2026-08-15 02:55:42
109197,1110,106,883,PENDING_PAYMENT,60.0,EXPRESS,,,218,SF,,2026-08-07 17:38:42
109198,2586,903,734,PENDING_PAYMENT,200.0,MEETUP,24,19:00-20:00,,,,2026-08-07 23:40:42
109199,4429,210,273,PENDING_PAYMENT,20.0,MEETUP,25,19:00-20:00,,,,2026-08-16 13:00:42
109200,2356,784,907,PENDING_PAYMENT,5.0,EXPRESS,,,1564,SF,,2026-08-09 10:50:42
109201,626,67,593,PENDING_PAYMENT,10.0,EXPRESS,,,144,SF,,2026-08-09 00:11:42
109202,3235,364,967,PENDING_PAYMENT,2.0,MEETUP,24,18:00-19:00,,,,2026-08-12 20:44:42
109203,3078,330,113,PENDING_PAYMENT,20.0,EXPRESS,,,678,SF,,2026-08-13 09:04:42
109204,3418,450,220,PENDING_PAYMENT,20.0,EXPRESS,,,916,SF,,2026-08-15 12:38:42
109205,1413,576,446,PENDING_PAYMENT,50.0,EXPRESS,,,1156,SF,,2026-08-14 15:44:42
109206,1401,430,956,PENDING_PAYMENT,8.0,MEETUP,4,17:00-18:00,,,,2026-08-13 02:38:42
109207,3731,968,992,PENDING_PAYMENT,200.0,EXPRESS,,,1940,SF,,2026-08-06 21:18:42
109208,233,82,506,PENDING_PAYMENT,25.0,MEETUP,22,19:00-20:00,,,,2026-08-12 04:18:42
109209,2021,178,780,PENDING_PAYMENT,12.0,EXPRESS,,,372,SF,,2026-08-11 13:11:42
109210,1887,677,1,PENDING_PAYMENT,30.0,EXPRESS,,,1354,SF,,2026-08-13 22:16:42
109211,3826,499,858,PENDING_PAYMENT,100.0,MEETUP,30,18:00-19:00,,,,2026-08-09 09:18:42
109212,1354,532,965,PENDING_PAYMENT,2.0,EXPRESS,,,1083,SF,,2026-08-10 12:28:42
109213,80,843,231,PENDING_PAYMENT,30.0,EXPRESS,,,1674,SF,,2026-08-08 13:03:42
109214,436,339,30,PENDING_PAYMENT,3.0,MEETUP,6,17:00-18:00,,,,2026-08-10 06:58:42
109215,3687,499,784,PENDING_PAYMENT,2.0,EXPRESS,,,1012,SF,,2026-08-09 00:09:42
109216,3543,912,342,PENDING_PAYMENT,1.0,EXPRESS,,,1820,SF,,2026-08-09 12:01:42
109217,1625,310,488,PENDING_PAYMENT,80.0,MEETUP,20,12:00-13:00,,,,2026-08-13 02:16:42
109218,2435,80,163,PENDING_PAYMENT,12.0,EXPRESS,,,168,SF,,2026-08-08 02:24:42
109219,243,162,561,PENDING_PAYMENT,5.0,EXPRESS,,,338,SF,,2026-08-11 07:24:42
109220,327,630,71,PENDING_PAYMENT,120.0,MEETUP,16,18:00-19:00,,,,2026-08-14 22:17:42
109221,3112,68,271,PENDING_PAYMENT,150.0,EXPRESS,,,145,SF,,2026-08-12 07:53:42
109222,2035,532,838,PENDING_PAYMENT,150.0,EXPRESS,,,1083,SF,,2026-08-12 04:33:42
109223,2414,541,584,PENDING_PAYMENT,3.0,MEETUP,23,12:00-13:00,,,,2026-08-10 14:58:42
109224,1246,847,518,PENDING_PAYMENT,12.0,EXPRESS,,,1683,SF,,2026-08-14 09:52:42
109225,3698,320,137,PENDING_PAYMENT,8.0,MEETUP,13,12:00-13:00,,,,2026-08-11 02:37:42
109226,3006,435,350,PENDING_PAYMENT,150.0,EXPRESS,,,888,SF,,2026-08-13 03:01:42
109227,666,744,319,PENDING_PAYMENT,10.0,EXPRESS,,,1480,SF,,2026-08-09 20:27:42
109228,4361,538,145,PENDING_PAYMENT,5.0,EXPRESS,,,1090,SF,,2026-08-10 04:05:42
109229,476,790,417,PENDING_PAYMENT,100.0,EXPRESS,,,1574,SF,,2026-08-12 19:16:42
109230,1904,54,700,PENDING_PAYMENT,100.0,EXPRESS,,,119,SF,,2026-08-10 14:08:42
109231,3739,267,669,PENDING_PAYMENT,15.0,EXPRESS,,,555,SF,,2026-08-08 07:05:42
109232,3913,301,201,PENDING_PAYMENT,80.0,MEETUP,21,12:00-13:00,,,,2026-08-15 19:07:42
109233,1308,793,341,PENDING_PAYMENT,2.0,MEETUP,18,19:00-20:00,,,,2026-08-15 12:04:42
109234,4310,244,320,PENDING_PAYMENT,150.0,MEETUP,8,18:00-19:00,,,,2026-08-08 21:22:42
109235,1433,383,479,PENDING_PAYMENT,80.0,MEETUP,7,12:00-13:00,,,,2026-08-12 22:09:42
109236,1901,464,955,PENDING_PAYMENT,120.0,MEETUP,29,18:00-19:00,,,,2026-08-09 01:09:42
109237,2417,32,621,PENDING_PAYMENT,8.0,MEETUP,5,19:00-20:00,,,,2026-08-13 01:15:42
109238,126,8,999,PENDING_PAYMENT,10.0,MEETUP,22,12:00-13:00,,,,2026-08-13 03:52:42
109239,4588,42,207,PENDING_PAYMENT,8.0,EXPRESS,,,90,SF,,2026-08-06 21:57:42
109240,180,773,972,PENDING_PAYMENT,8.0,MEETUP,4,18:00-19:00,,,,2026-08-14 10:00:42
109241,2034,95,518,PENDING_PAYMENT,20.0,EXPRESS,,,198,SF,,2026-08-12 17:20:42
109242,4648,922,688,PENDING_PAYMENT,3.0,MEETUP,20,19:00-20:00,,,,2026-08-12 08:16:42
109243,981,518,576,PENDING_PAYMENT,25.0,EXPRESS,,,1053,SF,,2026-08-11 22:36:42
109244,4304,129,754,PENDING_PAYMENT,200.0,MEETUP,9,19:00-20:00,,,,2026-08-11 19:05:42
109245,4117,268,41,PENDING_PAYMENT,5.0,MEETUP,5,17:00-18:00,,,,2026-08-08 18:38:42
109246,1491,754,707,PENDING_PAYMENT,50.0,EXPRESS,,,1505,SF,,2026-08-16 08:55:42
109247,628,651,926,PENDING_PAYMENT,100.0,EXPRESS,,,1296,SF,,2026-08-14 11:28:42
109248,847,386,162,PENDING_PAYMENT,200.0,MEETUP,14,18:00-19:00,,,,2026-08-13 08:48:42
109249,3041,252,490,PENDING_PAYMENT,5.0,EXPRESS,,,523,SF,,2026-08-07 13:44:42
109250,616,103,598,PENDING_PAYMENT,3.0,EXPRESS,,,213,SF,,2026-08-15 20:23:42
109251,1455,472,148,PENDING_PAYMENT,12.0,EXPRESS,,,960,SF,,2026-08-15 17:38:42
109252,2415,225,265,PENDING_PAYMENT,5.0,MEETUP,20,18:00-19:00,,,,2026-08-09 02:37:42
109253,3033,78,763,PENDING_PAYMENT,50.0,EXPRESS,,,165,SF,,2026-08-14 07:58:42
109254,4223,276,9,PENDING_PAYMENT,120.0,MEETUP,28,19:00-20:00,,,,2026-08-11 02:48:42
109255,2151,616,22,PENDING_PAYMENT,30.0,MEETUP,4,19:00-20:00,,,,2026-08-15 08:18:42
109256,4787,233,243,PENDING_PAYMENT,12.0,EXPRESS,,,486,SF,,2026-08-10 06:40:42
109257,3496,898,913,PENDING_PAYMENT,15.0,EXPRESS,,,1789,SF,,2026-08-13 01:33:42
109258,1923,934,554,PENDING_PAYMENT,30.0,EXPRESS,,,1867,SF,,2026-08-14 16:20:42
109259,3976,895,898,PENDING_PAYMENT,100.0,MEETUP,16,19:00-20:00,,,,2026-08-13 08:55:42
109260,1060,256,721,PENDING_PAYMENT,8.0,EXPRESS,,,531,SF,,2026-08-08 22:05:42
109261,4532,169,926,PENDING_PAYMENT,150.0,MEETUP,15,18:00-19:00,,,,2026-08-11 12:42:42
109262,806,281,702,PENDING_PAYMENT,100.0,EXPRESS,,,586,SF,,2026-08-13 19:05:42
109263,726,367,892,PENDING_PAYMENT,15.0,MEETUP,18,12:00-13:00,,,,2026-08-12 01:01:42
109264,1699,180,634,PENDING_PAYMENT,120.0,MEETUP,5,19:00-20:00,,,,2026-08-07 03:23:42
109265,2541,182,628,PENDING_PAYMENT,200.0,EXPRESS,,,381,SF,,2026-08-07 17:30:42
109266,1290,5,324,PENDING_PAYMENT,80.0,MEETUP,28,17:00-18:00,,,,2026-08-12 20:33:42
109267,3638,457,728,PENDING_PAYMENT,3.0,EXPRESS,,,933,SF,,2026-08-15 06:37:42
109268,4716,253,756,PENDING_PAYMENT,100.0,EXPRESS,,,524,SF,,2026-08-06 19:09:42
109269,1445,808,943,PENDING_PAYMENT,60.0,EXPRESS,,,1608,SF,,2026-08-14 12:36:42
109270,2045,691,951,PENDING_PAYMENT,60.0,MEETUP,1,19:00-20:00,,,,2026-08-13 16:14:42
109271,1088,521,606,PENDING_PAYMENT,20.0,MEETUP,15,17:00-18:00,,,,2026-08-09 16:06:42
109272,3543,964,342,PENDING_PAYMENT,1.0,MEETUP,12,12:00-13:00,,,,2026-08-13 23:01:42
109273,4773,479,504,PENDING_PAYMENT,8.0,MEETUP,14,19:00-20:00,,,,2026-08-15 09:10:42
109274,2098,962,161,PENDING_PAYMENT,15.0,EXPRESS,,,1929,SF,,2026-08-11 18:12:42
109275,3020,410,590,PENDING_PAYMENT,80.0,MEETUP,29,19:00-20:00,,,,2026-08-16 07:12:42
109276,3436,879,102,PENDING_PAYMENT,200.0,EXPRESS,,,1746,SF,,2026-08-10 02:14:42
109277,1351,517,8,PENDING_PAYMENT,20.0,EXPRESS,,,1052,SF,,2026-08-16 17:02:42
109278,3134,899,145,PENDING_PAYMENT,200.0,MEETUP,14,17:00-18:00,,,,2026-08-11 06:52:42
109279,787,857,788,PENDING_PAYMENT,15.0,MEETUP,1,19:00-20:00,,,,2026-08-12 06:27:42
109280,4597,696,306,PENDING_PAYMENT,80.0,EXPRESS,,,1386,SF,,2026-08-14 14:37:42
109281,1382,275,839,PENDING_PAYMENT,60.0,MEETUP,12,17:00-18:00,,,,2026-08-12 02:30:42
109282,3461,799,225,PENDING_PAYMENT,120.0,EXPRESS,,,1594,SF,,2026-08-15 15:20:42
109283,3964,361,585,PENDING_PAYMENT,20.0,MEETUP,18,12:00-13:00,,,,2026-08-10 03:26:42
109284,4873,673,254,PENDING_PAYMENT,80.0,EXPRESS,,,1344,SF,,2026-08-13 12:44:42
109285,2134,990,18,PENDING_PAYMENT,12.0,EXPRESS,,,1977,SF,,2026-08-06 19:35:42
109286,1649,866,313,PENDING_PAYMENT,50.0,MEETUP,23,17:00-18:00,,,,2026-08-15 13:16:42
109287,948,655,651,PENDING_PAYMENT,60.0,MEETUP,26,17:00-18:00,,,,2026-08-08 08:47:42
109288,2898,990,842,PENDING_PAYMENT,150.0,EXPRESS,,,1977,SF,,2026-08-15 05:12:42
109289,336,458,615,PENDING_PAYMENT,3.0,EXPRESS,,,935,SF,,2026-08-09 16:27:42
109290,1550,241,559,PENDING_PAYMENT,20.0,MEETUP,30,17:00-18:00,,,,2026-08-10 02:32:42
109291,910,739,782,PENDING_PAYMENT,25.0,EXPRESS,,,1468,SF,,2026-08-10 09:00:42
109292,4883,688,134,PENDING_PAYMENT,150.0,MEETUP,1,12:00-13:00,,,,2026-08-16 10:16:42
109293,932,692,832,PENDING_PAYMENT,20.0,MEETUP,3,12:00-13:00,,,,2026-08-12 10:24:42
109294,3121,706,504,PENDING_PAYMENT,60.0,MEETUP,17,18:00-19:00,,,,2026-08-08 16:58:42
109295,2686,585,398,PENDING_PAYMENT,3.0,MEETUP,19,17:00-18:00,,,,2026-08-13 09:47:42
109296,3907,75,427,PENDING_PAYMENT,1.0,MEETUP,12,12:00-13:00,,,,2026-08-07 17:00:42
109297,4381,621,232,PENDING_PAYMENT,30.0,EXPRESS,,,1236,SF,,2026-08-09 16:43:42
109298,2701,424,136,PENDING_PAYMENT,20.0,MEETUP,16,18:00-19:00,,,,2026-08-12 13:39:42
109299,1678,76,254,PENDING_PAYMENT,80.0,EXPRESS,,,159,SF,,2026-08-14 08:39:42
109300,468,291,994,PENDING_PAYMENT,8.0,MEETUP,21,19:00-20:00,,,,2026-08-11 15:49:42
109301,1348,256,38,PENDING_PAYMENT,3.0,EXPRESS,,,531,SF,,2026-08-15 07:10:42
109302,225,180,9,PENDING_PAYMENT,120.0,EXPRESS,,,376,SF,,2026-08-12 17:29:42
109303,3701,460,91,PENDING_PAYMENT,150.0,MEETUP,18,18:00-19:00,,,,2026-08-12 11:21:42
109304,760,648,352,PENDING_PAYMENT,15.0,MEETUP,22,18:00-19:00,,,,2026-08-16 03:37:42
109305,1514,42,260,PENDING_PAYMENT,15.0,MEETUP,9,12:00-13:00,,,,2026-08-08 00:29:42
109306,3051,133,614,PENDING_PAYMENT,3.0,MEETUP,30,19:00-20:00,,,,2026-08-07 06:40:42
109307,138,671,898,PENDING_PAYMENT,3.0,EXPRESS,,,1341,SF,,2026-08-10 11:15:42
109308,2030,640,124,PENDING_PAYMENT,150.0,EXPRESS,,,1270,SF,,2026-08-12 18:25:42
109309,2703,391,167,PENDING_PAYMENT,5.0,EXPRESS,,,789,SF,,2026-08-12 21:49:42
109310,1538,484,937,PENDING_PAYMENT,12.0,EXPRESS,,,981,SF,,2026-08-14 06:52:42
109311,438,218,299,PENDING_PAYMENT,2.0,EXPRESS,,,453,SF,,2026-08-07 13:21:42
109312,3203,87,698,PENDING_PAYMENT,80.0,EXPRESS,,,184,SF,,2026-08-14 00:51:42
109313,3607,980,139,PENDING_PAYMENT,1.0,EXPRESS,,,1961,SF,,2026-08-07 01:18:42
109314,3537,602,767,PENDING_PAYMENT,50.0,EXPRESS,,,1203,SF,,2026-08-07 18:57:42
109315,2995,721,912,PENDING_PAYMENT,120.0,MEETUP,6,19:00-20:00,,,,2026-08-16 11:59:42
109316,1664,872,839,PENDING_PAYMENT,200.0,EXPRESS,,,1734,SF,,2026-08-10 12:29:42
109317,2616,149,466,PENDING_PAYMENT,8.0,EXPRESS,,,309,SF,,2026-08-09 23:28:42
109318,378,249,712,PENDING_PAYMENT,12.0,MEETUP,26,12:00-13:00,,,,2026-08-12 17:17:42
109319,2221,648,968,PENDING_PAYMENT,5.0,EXPRESS,,,1290,SF,,2026-08-13 06:14:42
109320,4229,285,143,PENDING_PAYMENT,3.0,MEETUP,19,17:00-18:00,,,,2026-08-13 09:43:42
109321,4431,358,403,PENDING_PAYMENT,3.0,EXPRESS,,,729,SF,,2026-08-07 17:09:42
109322,3829,339,4,PENDING_PAYMENT,1.0,MEETUP,11,12:00-13:00,,,,2026-08-13 03:24:42
109323,4035,420,373,PENDING_PAYMENT,60.0,EXPRESS,,,857,SF,,2026-08-15 22:41:42
109324,2015,385,229,PENDING_PAYMENT,3.0,EXPRESS,,,778,SF,,2026-08-11 12:05:42
109325,4363,994,109,PENDING_PAYMENT,15.0,EXPRESS,,,1983,SF,,2026-08-13 21:59:42
109326,3475,651,933,PENDING_PAYMENT,3.0,MEETUP,22,12:00-13:00,,,,2026-08-11 10:40:42
109327,4568,343,806,PENDING_PAYMENT,2.0,MEETUP,2,18:00-19:00,,,,2026-08-15 02:12:42
109328,4111,890,59,PENDING_PAYMENT,2.0,EXPRESS,,,1770,SF,,2026-08-14 21:27:42
109329,403,178,340,PENDING_PAYMENT,10.0,MEETUP,24,17:00-18:00,,,,2026-08-06 20:44:42
109330,634,564,667,PENDING_PAYMENT,8.0,EXPRESS,,,1136,SF,,2026-08-08 19:58:42
109331,316,253,338,PENDING_PAYMENT,1.0,MEETUP,16,18:00-19:00,,,,2026-08-14 04:05:42
109332,1416,702,380,PENDING_PAYMENT,1.0,MEETUP,18,12:00-13:00,,,,2026-08-06 22:30:42
109333,4346,741,471,PENDING_PAYMENT,1.0,MEETUP,16,18:00-19:00,,,,2026-08-07 12:22:42
109334,1919,631,256,PENDING_PAYMENT,100.0,MEETUP,13,17:00-18:00,,,,2026-08-14 08:55:42
109335,2023,568,21,PENDING_PAYMENT,15.0,EXPRESS,,,1146,SF,,2026-08-14 04:31:42
109336,163,620,412,PENDING_PAYMENT,30.0,MEETUP,25,12:00-13:00,,,,2026-08-13 09:18:42
109337,4099,323,359,PENDING_PAYMENT,120.0,MEETUP,2,18:00-19:00,,,,2026-08-09 11:57:42
109338,3569,277,470,PENDING_PAYMENT,2.0,EXPRESS,,,577,SF,,2026-08-15 07:54:42
109339,1133,820,640,PENDING_PAYMENT,10.0,EXPRESS,,,1629,SF,,2026-08-14 14:45:42
109340,2124,240,655,PENDING_PAYMENT,5.0,MEETUP,23,18:00-19:00,,,,2026-08-11 01:48:42
109341,135,779,80,PENDING_PAYMENT,150.0,EXPRESS,,,1554,SF,,2026-08-11 02:44:42
109342,2762,241,465,PENDING_PAYMENT,8.0,EXPRESS,,,500,SF,,2026-08-08 01:49:42
109343,4570,264,387,PENDING_PAYMENT,12.0,EXPRESS,,,549,SF,,2026-08-11 19:18:42
109344,4739,249,470,PENDING_PAYMENT,10.0,EXPRESS,,,516,SF,,2026-08-08 12:04:42
109345,3713,440,382,PENDING_PAYMENT,20.0,MEETUP,27,19:00-20:00,,,,2026-08-10 22:52:42
109346,4085,418,929,PENDING_PAYMENT,150.0,EXPRESS,,,852,SF,,2026-08-13 00:02:42
109347,4035,820,373,PENDING_PAYMENT,60.0,MEETUP,25,17:00-18:00,,,,2026-08-07 17:45:42
109348,3921,8,263,PENDING_PAYMENT,200.0,EXPRESS,,,21,SF,,2026-08-11 20:10:42
109349,2930,748,255,PENDING_PAYMENT,8.0,EXPRESS,,,1490,SF,,2026-08-11 23:49:42
109350,833,412,584,PENDING_PAYMENT,8.0,EXPRESS,,,836,SF,,2026-08-07 20:42:42
109351,368,258,415,PENDING_PAYMENT,15.0,MEETUP,9,18:00-19:00,,,,2026-08-11 01:42:42
109352,961,579,902,PENDING_PAYMENT,20.0,MEETUP,19,17:00-18:00,,,,2026-08-09 12:54:42
109353,1187,614,282,PENDING_PAYMENT,60.0,EXPRESS,,,1225,SF,,2026-08-09 01:37:42
109354,1976,43,376,PENDING_PAYMENT,30.0,EXPRESS,,,91,SF,,2026-08-14 19:31:42
109355,2850,586,103,PENDING_PAYMENT,12.0,MEETUP,4,18:00-19:00,,,,2026-08-12 23:16:42
109356,155,33,116,PENDING_PAYMENT,200.0,MEETUP,27,12:00-13:00,,,,2026-08-14 21:18:42
109357,3843,459,826,PENDING_PAYMENT,50.0,EXPRESS,,,936,SF,,2026-08-16 04:48:42
109358,3830,276,732,PENDING_PAYMENT,50.0,EXPRESS,,,575,SF,,2026-08-14 00:38:42
109359,1082,800,960,PENDING_PAYMENT,100.0,MEETUP,3,19:00-20:00,,,,2026-08-10 23:53:42
109360,1692,719,477,PENDING_PAYMENT,5.0,MEETUP,4,17:00-18:00,,,,2026-08-08 10:05:42
109361,564,152,282,PENDING_PAYMENT,50.0,EXPRESS,,,316,SF,,2026-08-12 20:12:42
109362,3781,251,322,PENDING_PAYMENT,8.0,MEETUP,14,17:00-18:00,,,,2026-08-09 03:41:42
109363,2250,246,22,PENDING_PAYMENT,1.0,MEETUP,25,17:00-18:00,,,,2026-08-11 09:38:42
109364,2100,208,605,PENDING_PAYMENT,2.0,EXPRESS,,,435,SF,,2026-08-10 20:03:42
109365,2955,290,925,PENDING_PAYMENT,15.0,MEETUP,16,12:00-13:00,,,,2026-08-10 00:07:42
109366,2975,651,1,PENDING_PAYMENT,10.0,EXPRESS,,,1297,SF,,2026-08-06 20:34:42
109367,4868,448,130,PENDING_PAYMENT,12.0,MEETUP,4,18:00-19:00,,,,2026-08-11 22:58:42
109368,4897,372,698,PENDING_PAYMENT,20.0,MEETUP,1,19:00-20:00,,,,2026-08-16 17:08:42
109369,303,911,910,PENDING_PAYMENT,120.0,MEETUP,5,18:00-19:00,,,,2026-08-08 08:31:42
109370,3461,273,225,PENDING_PAYMENT,120.0,EXPRESS,,,567,SF,,2026-08-13 14:20:42
109371,3748,503,545,PENDING_PAYMENT,120.0,MEETUP,11,19:00-20:00,,,,2026-08-11 21:32:42
109372,1132,635,248,PENDING_PAYMENT,60.0,EXPRESS,,,1264,SF,,2026-08-08 14:37:42
109373,4419,966,987,PENDING_PAYMENT,10.0,EXPRESS,,,1935,SF,,2026-08-12 01:02:42
109374,4427,88,73,PENDING_PAYMENT,30.0,EXPRESS,,,186,SF,,2026-08-14 02:52:42
109375,3773,458,893,PENDING_PAYMENT,30.0,MEETUP,25,18:00-19:00,,,,2026-08-10 18:56:42
109376,789,251,26,PENDING_PAYMENT,60.0,MEETUP,5,18:00-19:00,,,,2026-08-10 14:30:42
109377,353,543,548,PENDING_PAYMENT,8.0,MEETUP,30,18:00-19:00,,,,2026-08-07 12:11:42
109378,4912,280,653,PENDING_PAYMENT,1.0,EXPRESS,,,585,SF,,2026-08-07 03:46:42
109379,3952,603,612,PENDING_PAYMENT,2.0,EXPRESS,,,1206,SF,,2026-08-07 19:57:42
109380,2393,626,283,PENDING_PAYMENT,100.0,EXPRESS,,,1246,SF,,2026-08-13 16:57:42
109381,396,332,493,PENDING_PAYMENT,20.0,MEETUP,14,17:00-18:00,,,,2026-08-10 15:30:42
109382,1932,358,326,PENDING_PAYMENT,120.0,MEETUP,5,17:00-18:00,,,,2026-08-09 03:09:42
109383,4093,470,214,PENDING_PAYMENT,12.0,EXPRESS,,,956,SF,,2026-08-09 19:41:42
109384,3165,644,621,PENDING_PAYMENT,2.0,MEETUP,3,19:00-20:00,,,,2026-08-13 20:02:42
109385,4304,96,754,PENDING_PAYMENT,200.0,MEETUP,19,19:00-20:00,,,,2026-08-15 10:58:42
109386,2739,478,796,PENDING_PAYMENT,3.0,EXPRESS,,,970,SF,,2026-08-15 22:09:42
109387,235,410,776,PENDING_PAYMENT,8.0,MEETUP,27,17:00-18:00,,,,2026-08-11 07:27:42
109388,4491,374,310,PENDING_PAYMENT,80.0,MEETUP,28,17:00-18:00,,,,2026-08-08 00:36:42
109389,2312,761,281,PENDING_PAYMENT,30.0,MEETUP,6,19:00-20:00,,,,2026-08-15 17:46:42
109390,3040,860,335,PENDING_PAYMENT,120.0,EXPRESS,,,1710,SF,,2026-08-08 07:26:42
109391,2646,155,179,PENDING_PAYMENT,10.0,MEETUP,15,12:00-13:00,,,,2026-08-08 07:04:42
109392,934,707,819,PENDING_PAYMENT,30.0,EXPRESS,,,1409,SF,,2026-08-07 07:01:42
109393,4017,1000,980,PENDING_PAYMENT,30.0,MEETUP,26,18:00-19:00,,,,2026-08-15 09:26:42
109394,4756,812,489,PENDING_PAYMENT,15.0,EXPRESS,,,1615,SF,,2026-08-13 09:41:42
109395,773,133,765,PENDING_PAYMENT,200.0,MEETUP,1,17:00-18:00,,,,2026-08-14 15:32:42
109396,938,905,40,PENDING_PAYMENT,60.0,EXPRESS,,,1804,SF,,2026-08-15 11:32:42
109397,4774,140,824,PENDING_PAYMENT,150.0,EXPRESS,,,288,SF,,2026-08-08 14:57:42
109398,1235,996,382,PENDING_PAYMENT,5.0,MEETUP,19,18:00-19:00,,,,2026-08-14 18:34:42
109399,4821,702,555,PENDING_PAYMENT,8.0,MEETUP,21,19:00-20:00,,,,2026-08-08 09:44:42
109400,4560,913,292,PENDING_PAYMENT,50.0,EXPRESS,,,1823,SF,,2026-08-09 00:28:42
109401,2591,331,355,PENDING_PAYMENT,8.0,EXPRESS,,,681,SF,,2026-08-12 03:48:42
109402,1934,256,892,PENDING_PAYMENT,5.0,EXPRESS,,,531,SF,,2026-08-12 23:12:42
109403,741,68,237,PENDING_PAYMENT,2.0,EXPRESS,,,145,SF,,2026-08-09 06:42:42
109404,72,393,566,PENDING_PAYMENT,3.0,EXPRESS,,,796,SF,,2026-08-16 12:44:42
109405,3518,94,955,PENDING_PAYMENT,3.0,MEETUP,13,19:00-20:00,,,,2026-08-13 02:15:42
109406,3105,919,217,PENDING_PAYMENT,150.0,EXPRESS,,,1835,SF,,2026-08-14 05:17:42
109407,1062,770,371,PENDING_PAYMENT,12.0,MEETUP,16,17:00-18:00,,,,2026-08-14 14:16:42
109408,4593,652,191,PENDING_PAYMENT,100.0,MEETUP,28,17:00-18:00,,,,2026-08-11 20:11:42
109409,4242,616,188,PENDING_PAYMENT,20.0,EXPRESS,,,1229,SF,,2026-08-16 07:41:42
109410,2753,952,223,PENDING_PAYMENT,10.0,MEETUP,22,19:00-20:00,,,,2026-08-16 10:14:42
109411,4207,976,843,PENDING_PAYMENT,200.0,EXPRESS,,,1955,SF,,2026-08-10 02:58:42
109412,2018,614,817,PENDING_PAYMENT,150.0,EXPRESS,,,1224,SF,,2026-08-08 04:38:42
109413,3113,259,958,PENDING_PAYMENT,50.0,EXPRESS,,,537,SF,,2026-08-15 12:07:42
109414,1556,626,70,PENDING_PAYMENT,60.0,EXPRESS,,,1246,SF,,2026-08-10 00:51:42
109415,855,691,244,PENDING_PAYMENT,120.0,EXPRESS,,,1377,SF,,2026-08-11 04:12:42
109416,2145,131,573,PENDING_PAYMENT,150.0,MEETUP,15,17:00-18:00,,,,2026-08-16 01:55:42
109417,3429,538,888,PENDING_PAYMENT,100.0,EXPRESS,,,1091,SF,,2026-08-16 11:35:42
109418,3422,716,911,PENDING_PAYMENT,25.0,MEETUP,2,19:00-20:00,,,,2026-08-09 12:03:42
109419,4718,154,756,PENDING_PAYMENT,10.0,EXPRESS,,,319,SF,,2026-08-10 07:45:42
109420,2622,194,89,PENDING_PAYMENT,20.0,EXPRESS,,,407,SF,,2026-08-13 18:29:42
109421,1749,807,78,PENDING_PAYMENT,120.0,MEETUP,12,17:00-18:00,,,,2026-08-07 14:15:42
109422,965,26,598,PENDING_PAYMENT,30.0,MEETUP,20,19:00-20:00,,,,2026-08-12 19:26:42
109423,4733,117,99,PENDING_PAYMENT,20.0,EXPRESS,,,241,SF,,2026-08-12 01:57:42
109424,4273,712,668,PENDING_PAYMENT,10.0,MEETUP,11,17:00-18:00,,,,2026-08-09 20:42:42
109425,1419,856,378,PENDING_PAYMENT,2.0,MEETUP,12,17:00-18:00,,,,2026-08-10 22:27:42
109426,1219,946,794,PENDING_PAYMENT,150.0,MEETUP,7,18:00-19:00,,,,2026-08-15 11:03:42
109427,1207,551,630,PENDING_PAYMENT,8.0,EXPRESS,,,1111,SF,,2026-08-13 04:19:42
109428,3104,130,591,PENDING_PAYMENT,8.0,EXPRESS,,,267,SF,,2026-08-15 13:14:42
109429,3929,670,150,PENDING_PAYMENT,12.0,EXPRESS,,,1339,SF,,2026-08-14 12:46:42
109430,1611,179,806,PENDING_PAYMENT,25.0,MEETUP,13,19:00-20:00,,,,2026-08-08 03:07:42
109431,3829,413,4,PENDING_PAYMENT,1.0,MEETUP,6,12:00-13:00,,,,2026-08-16 03:38:42
109432,2605,296,285,PENDING_PAYMENT,8.0,MEETUP,10,17:00-18:00,,,,2026-08-07 07:01:42
109433,1011,713,333,PENDING_PAYMENT,1.0,EXPRESS,,,1420,SF,,2026-08-12 05:42:42
109434,3937,136,114,PENDING_PAYMENT,2.0,MEETUP,30,17:00-18:00,,,,2026-08-15 22:50:42
109435,3315,373,96,PENDING_PAYMENT,2.0,MEETUP,27,19:00-20:00,,,,2026-08-14 19:08:42
109436,117,333,87,PENDING_PAYMENT,100.0,EXPRESS,,,684,SF,,2026-08-14 01:40:42
109437,214,460,860,PENDING_PAYMENT,200.0,MEETUP,8,18:00-19:00,,,,2026-08-08 19:32:42
109438,4291,269,677,PENDING_PAYMENT,50.0,MEETUP,14,12:00-13:00,,,,2026-08-08 14:33:42
109439,1142,567,824,PENDING_PAYMENT,80.0,MEETUP,22,17:00-18:00,,,,2026-08-11 13:23:42
109440,1251,981,961,PENDING_PAYMENT,2.0,MEETUP,11,12:00-13:00,,,,2026-08-08 11:57:42
109441,842,804,7,PENDING_PAYMENT,1.0,MEETUP,27,18:00-19:00,,,,2026-08-12 14:40:42
109442,4567,362,390,PENDING_PAYMENT,20.0,MEETUP,30,12:00-13:00,,,,2026-08-12 02:39:42
109443,295,495,826,PENDING_PAYMENT,150.0,EXPRESS,,,1006,SF,,2026-08-07 17:07:42
109444,1653,982,46,PENDING_PAYMENT,5.0,EXPRESS,,,1964,SF,,2026-08-10 03:57:42
109445,1375,70,131,PENDING_PAYMENT,80.0,MEETUP,29,18:00-19:00,,,,2026-08-07 22:19:42
109446,4331,476,490,PENDING_PAYMENT,10.0,MEETUP,4,19:00-20:00,,,,2026-08-15 08:59:42
109447,1582,552,796,PENDING_PAYMENT,10.0,EXPRESS,,,1113,SF,,2026-08-15 07:23:42
109448,3123,585,357,PENDING_PAYMENT,100.0,EXPRESS,,,1172,SF,,2026-08-08 15:46:42
109449,176,315,255,PENDING_PAYMENT,60.0,MEETUP,3,12:00-13:00,,,,2026-08-07 00:40:42
109450,3874,382,183,PENDING_PAYMENT,2.0,EXPRESS,,,774,SF,,2026-08-14 10:57:42
109451,3815,669,166,PENDING_PAYMENT,20.0,MEETUP,26,19:00-20:00,,,,2026-08-14 22:20:42
109452,442,147,416,PENDING_PAYMENT,3.0,EXPRESS,,,304,SF,,2026-08-06 23:03:42
109453,11,220,743,PENDING_PAYMENT,10.0,EXPRESS,,,456,SF,,2026-08-13 13:49:42
109454,350,218,330,PENDING_PAYMENT,200.0,MEETUP,25,12:00-13:00,,,,2026-08-13 00:00:42
109455,4846,370,554,PENDING_PAYMENT,120.0,EXPRESS,,,753,SF,,2026-08-10 07:06:42
109456,1402,362,341,PENDING_PAYMENT,60.0,EXPRESS,,,738,SF,,2026-08-08 04:12:42
109457,1197,505,360,PENDING_PAYMENT,30.0,MEETUP,20,18:00-19:00,,,,2026-08-15 05:56:42
109458,4157,846,749,PENDING_PAYMENT,100.0,EXPRESS,,,1682,SF,,2026-08-16 14:50:42
109459,1363,994,284,PENDING_PAYMENT,5.0,MEETUP,19,17:00-18:00,,,,2026-08-13 20:15:42
109460,2927,756,510,PENDING_PAYMENT,60.0,EXPRESS,,,1511,SF,,2026-08-11 06:57:42
109461,1270,113,951,PENDING_PAYMENT,8.0,EXPRESS,,,233,SF,,2026-08-08 11:20:42
109462,2851,323,497,PENDING_PAYMENT,3.0,EXPRESS,,,663,SF,,2026-08-08 06:42:42
109463,3592,817,934,PENDING_PAYMENT,12.0,EXPRESS,,,1625,SF,,2026-08-07 06:16:42
109464,2354,67,196,PENDING_PAYMENT,15.0,MEETUP,28,17:00-18:00,,,,2026-08-07 11:04:42
109465,4721,199,295,PENDING_PAYMENT,80.0,MEETUP,22,17:00-18:00,,,,2026-08-08 18:44:42
109466,1315,10,842,PENDING_PAYMENT,80.0,EXPRESS,,,23,SF,,2026-08-07 12:46:42
109467,357,19,982,PENDING_PAYMENT,60.0,EXPRESS,,,40,SF,,2026-08-11 16:36:42
109468,4920,554,19,PENDING_PAYMENT,8.0,EXPRESS,,,1117,SF,,2026-08-14 01:18:42
109469,641,120,287,PENDING_PAYMENT,100.0,MEETUP,5,17:00-18:00,,,,2026-08-16 03:06:42
109470,4708,58,950,PENDING_PAYMENT,12.0,EXPRESS,,,126,SF,,2026-08-13 10:04:42
109471,3922,231,401,PENDING_PAYMENT,15.0,EXPRESS,,,483,SF,,2026-08-10 14:33:42
109472,4034,402,5,PENDING_PAYMENT,120.0,MEETUP,22,17:00-18:00,,,,2026-08-14 14:04:42
109473,4417,13,417,PENDING_PAYMENT,60.0,EXPRESS,,,29,SF,,2026-08-16 13:14:42
109474,1529,285,550,PENDING_PAYMENT,8.0,EXPRESS,,,596,SF,,2026-08-14 05:21:42
109475,974,216,195,PENDING_PAYMENT,8.0,MEETUP,9,19:00-20:00,,,,2026-08-07 03:11:42
109476,2473,556,22,PENDING_PAYMENT,25.0,EXPRESS,,,1120,SF,,2026-08-11 10:18:42
109477,4157,950,749,PENDING_PAYMENT,100.0,MEETUP,18,18:00-19:00,,,,2026-08-07 04:05:42
109478,438,14,299,PENDING_PAYMENT,2.0,MEETUP,12,17:00-18:00,,,,2026-08-10 04:35:42
109479,3714,242,710,PENDING_PAYMENT,3.0,MEETUP,7,17:00-18:00,,,,2026-08-11 09:08:42
109480,1121,950,731,PENDING_PAYMENT,10.0,EXPRESS,,,1901,SF,,2026-08-11 14:40:42
109481,1588,432,807,PENDING_PAYMENT,20.0,MEETUP,20,17:00-18:00,,,,2026-08-10 01:01:42
109482,581,300,496,PENDING_PAYMENT,25.0,EXPRESS,,,621,SF,,2026-08-07 15:47:42
109483,1582,283,796,PENDING_PAYMENT,10.0,MEETUP,8,18:00-19:00,,,,2026-08-09 00:30:42
109484,640,645,810,PENDING_PAYMENT,200.0,MEETUP,6,19:00-20:00,,,,2026-08-11 16:41:42
109485,2274,326,406,PENDING_PAYMENT,50.0,MEETUP,23,18:00-19:00,,,,2026-08-16 08:58:42
109486,4125,155,10,PENDING_PAYMENT,12.0,MEETUP,25,19:00-20:00,,,,2026-08-14 20:32:42
109487,2962,10,81,PENDING_PAYMENT,1.0,EXPRESS,,,23,SF,,2026-08-15 13:08:42
109488,4445,882,20,PENDING_PAYMENT,200.0,EXPRESS,,,1753,SF,,2026-08-09 11:47:42
109489,902,782,725,PENDING_PAYMENT,120.0,EXPRESS,,,1559,SF,,2026-08-15 05:47:42
109490,1022,439,586,PENDING_PAYMENT,25.0,MEETUP,8,19:00-20:00,,,,2026-08-16 01:56:42
109491,2125,710,449,PENDING_PAYMENT,100.0,MEETUP,4,19:00-20:00,,,,2026-08-16 11:36:42
109492,3145,388,421,PENDING_PAYMENT,80.0,EXPRESS,,,784,SF,,2026-08-16 13:18:42
109493,3261,754,801,PENDING_PAYMENT,50.0,MEETUP,16,17:00-18:00,,,,2026-08-09 12:00:42
109494,3830,103,732,PENDING_PAYMENT,50.0,MEETUP,23,17:00-18:00,,,,2026-08-07 15:11:42
109495,1649,34,313,PENDING_PAYMENT,50.0,EXPRESS,,,70,SF,,2026-08-14 20:51:42
109496,1040,162,908,PENDING_PAYMENT,10.0,MEETUP,30,18:00-19:00,,,,2026-08-12 05:15:42
109497,4415,949,550,PENDING_PAYMENT,8.0,MEETUP,15,18:00-19:00,,,,2026-08-15 08:08:42
109498,1886,483,794,PENDING_PAYMENT,1.0,EXPRESS,,,980,SF,,2026-08-15 01:43:42
109499,670,401,54,PENDING_PAYMENT,3.0,EXPRESS,,,810,SF,,2026-08-08 20:03:42
109500,2295,308,368,PENDING_PAYMENT,200.0,EXPRESS,,,635,SF,,2026-08-09 18:06:42
109501,669,648,74,PENDING_PAYMENT,8.0,MEETUP,14,12:00-13:00,,,,2026-08-10 15:40:42
109502,1856,404,779,PENDING_PAYMENT,3.0,EXPRESS,,,816,SF,,2026-08-16 03:33:42
109503,523,676,39,PENDING_PAYMENT,10.0,EXPRESS,,,1352,SF,,2026-08-16 09:41:42
109504,3160,151,428,PENDING_PAYMENT,20.0,EXPRESS,,,313,SF,,2026-08-14 02:42:42
109505,1197,381,360,PENDING_PAYMENT,30.0,EXPRESS,,,771,SF,,2026-08-14 12:03:42
109506,3487,605,567,PENDING_PAYMENT,200.0,MEETUP,7,18:00-19:00,,,,2026-08-07 00:50:42
109507,3363,479,102,PENDING_PAYMENT,200.0,MEETUP,19,18:00-19:00,,,,2026-08-08 19:33:42
109508,3075,129,379,PENDING_PAYMENT,100.0,MEETUP,16,17:00-18:00,,,,2026-08-15 16:51:42
109509,1893,65,508,PENDING_PAYMENT,100.0,EXPRESS,,,139,SF,,2026-08-07 20:53:42
109510,2205,763,121,PENDING_PAYMENT,1.0,MEETUP,13,17:00-18:00,,,,2026-08-12 00:58:42
109511,631,310,724,PENDING_PAYMENT,80.0,MEETUP,4,12:00-13:00,,,,2026-08-13 10:23:42
109512,1846,241,708,PENDING_PAYMENT,200.0,EXPRESS,,,500,SF,,2026-08-14 22:16:42
109513,590,862,665,PENDING_PAYMENT,10.0,MEETUP,18,12:00-13:00,,,,2026-08-07 06:36:42
109514,4255,78,614,PENDING_PAYMENT,60.0,MEETUP,1,12:00-13:00,,,,2026-08-16 12:42:42
109515,4471,583,423,PENDING_PAYMENT,10.0,MEETUP,22,17:00-18:00,,,,2026-08-16 06:53:42
109516,4338,874,568,PENDING_PAYMENT,20.0,EXPRESS,,,1737,SF,,2026-08-14 11:41:42
109517,956,851,852,PENDING_PAYMENT,12.0,EXPRESS,,,1689,SF,,2026-08-08 14:19:42
109518,444,79,155,PENDING_PAYMENT,10.0,MEETUP,26,18:00-19:00,,,,2026-08-09 21:02:42
109519,3169,705,841,PENDING_PAYMENT,30.0,EXPRESS,,,1407,SF,,2026-08-08 16:09:42
109520,4831,499,522,PENDING_PAYMENT,1.0,EXPRESS,,,1012,SF,,2026-08-08 08:08:42
109521,826,435,307,PENDING_PAYMENT,25.0,MEETUP,17,19:00-20:00,,,,2026-08-15 07:56:42
109522,868,92,531,PENDING_PAYMENT,10.0,MEETUP,23,17:00-18:00,,,,2026-08-11 15:53:42
109523,2691,384,472,PENDING_PAYMENT,50.0,EXPRESS,,,776,SF,,2026-08-08 11:41:42
109524,2939,844,14,PENDING_PAYMENT,50.0,MEETUP,17,12:00-13:00,,,,2026-08-12 06:32:42
109525,3772,367,75,PENDING_PAYMENT,15.0,MEETUP,4,19:00-20:00,,,,2026-08-13 01:38:42
109526,1000,252,339,PENDING_PAYMENT,80.0,MEETUP,19,19:00-20:00,,,,2026-08-11 13:16:42
109527,448,444,832,PENDING_PAYMENT,30.0,EXPRESS,,,904,SF,,2026-08-16 15:22:42
109528,738,936,215,PENDING_PAYMENT,10.0,EXPRESS,,,1871,SF,,2026-08-13 17:08:42
109529,138,774,898,PENDING_PAYMENT,3.0,MEETUP,29,18:00-19:00,,,,2026-08-10 12:30:42
109530,3068,345,896,PENDING_PAYMENT,5.0,EXPRESS,,,701,SF,,2026-08-09 14:36:42
109531,3181,426,712,PENDING_PAYMENT,150.0,MEETUP,8,17:00-18:00,,,,2026-08-10 11:41:42
109532,1922,320,976,PENDING_PAYMENT,8.0,EXPRESS,,,657,SF,,2026-08-08 06:59:42
109533,2497,689,92,PENDING_PAYMENT,120.0,MEETUP,18,17:00-18:00,,,,2026-08-08 10:01:42
109534,2503,850,56,PENDING_PAYMENT,200.0,MEETUP,23,17:00-18:00,,,,2026-08-11 05:02:42
109535,2966,428,642,PENDING_PAYMENT,1.0,MEETUP,11,18:00-19:00,,,,2026-08-13 10:07:42
109536,269,47,177,PENDING_PAYMENT,50.0,MEETUP,13,17:00-18:00,,,,2026-08-11 21:59:42
109537,308,334,882,PENDING_PAYMENT,30.0,MEETUP,6,18:00-19:00,,,,2026-08-08 16:52:42
109538,3857,756,788,PENDING_PAYMENT,80.0,MEETUP,13,17:00-18:00,,,,2026-08-08 21:09:42
109539,2678,746,87,PENDING_PAYMENT,80.0,MEETUP,9,18:00-19:00,,,,2026-08-16 18:24:42
109540,4654,501,733,PENDING_PAYMENT,12.0,MEETUP,6,12:00-13:00,,,,2026-08-11 12:37:42
109541,1298,848,534,PENDING_PAYMENT,1.0,MEETUP,11,12:00-13:00,,,,2026-08-06 23:05:42
109542,3463,189,279,PENDING_PAYMENT,80.0,EXPRESS,,,395,SF,,2026-08-10 14:30:42
109543,1159,512,441,PENDING_PAYMENT,5.0,EXPRESS,,,1045,SF,,2026-08-08 10:40:42
109544,2864,1,931,PENDING_PAYMENT,2.0,MEETUP,6,19:00-20:00,,,,2026-08-14 22:51:42
109545,719,16,278,PENDING_PAYMENT,25.0,EXPRESS,,,34,SF,,2026-08-10 04:18:42
109546,1763,778,393,PENDING_PAYMENT,120.0,MEETUP,17,12:00-13:00,,,,2026-08-13 06:20:42
109547,1600,842,894,PENDING_PAYMENT,25.0,MEETUP,29,19:00-20:00,,,,2026-08-16 11:28:42
109548,2360,570,348,PENDING_PAYMENT,10.0,MEETUP,27,19:00-20:00,,,,2026-08-10 01:33:42
109549,3294,158,957,PENDING_PAYMENT,15.0,MEETUP,22,12:00-13:00,,,,2026-08-07 21:45:42
109550,273,861,992,PENDING_PAYMENT,150.0,EXPRESS,,,1711,SF,,2026-08-09 00:37:42
109551,3510,517,439,PENDING_PAYMENT,2.0,EXPRESS,,,1052,SF,,2026-08-12 07:29:42
109552,3597,191,869,PENDING_PAYMENT,15.0,MEETUP,20,17:00-18:00,,,,2026-08-11 19:17:42
109553,4069,514,711,PENDING_PAYMENT,2.0,EXPRESS,,,1048,SF,,2026-08-12 02:55:42
109554,437,126,63,PENDING_PAYMENT,100.0,MEETUP,30,18:00-19:00,,,,2026-08-15 01:07:42
109555,123,177,13,PENDING_PAYMENT,150.0,MEETUP,13,19:00-20:00,,,,2026-08-15 08:39:42
109556,342,56,393,PENDING_PAYMENT,100.0,EXPRESS,,,122,SF,,2026-08-16 15:05:42
109557,1602,692,400,PENDING_PAYMENT,150.0,MEETUP,5,18:00-19:00,,,,2026-08-08 20:59:42
109558,4828,849,142,PENDING_PAYMENT,10.0,EXPRESS,,,1687,SF,,2026-08-13 01:42:42
109559,4040,343,163,PENDING_PAYMENT,50.0,MEETUP,30,19:00-20:00,,,,2026-08-10 18:07:42
109560,1230,181,669,PENDING_PAYMENT,3.0,EXPRESS,,,379,SF,,2026-08-11 02:01:42
109561,1876,172,718,PENDING_PAYMENT,3.0,MEETUP,11,17:00-18:00,,,,2026-08-08 09:04:42
109562,2652,984,666,PENDING_PAYMENT,1.0,EXPRESS,,,1967,SF,,2026-08-09 20:16:42
109563,3132,737,180,PENDING_PAYMENT,30.0,EXPRESS,,,1464,SF,,2026-08-14 18:50:42
109564,3413,242,802,PENDING_PAYMENT,15.0,MEETUP,22,17:00-18:00,,,,2026-08-10 23:22:42
109565,3219,194,169,PENDING_PAYMENT,25.0,EXPRESS,,,406,SF,,2026-08-07 20:06:42
109566,631,836,724,PENDING_PAYMENT,80.0,MEETUP,14,12:00-13:00,,,,2026-08-08 21:36:42
109567,599,12,575,PENDING_PAYMENT,2.0,EXPRESS,,,27,SF,,2026-08-11 18:53:42
109568,2801,77,341,PENDING_PAYMENT,80.0,MEETUP,20,12:00-13:00,,,,2026-08-12 02:04:42
109569,1139,567,640,PENDING_PAYMENT,2.0,EXPRESS,,,1143,SF,,2026-08-16 10:07:42
109570,2295,169,368,PENDING_PAYMENT,200.0,MEETUP,15,12:00-13:00,,,,2026-08-07 19:34:42
109571,946,524,303,PENDING_PAYMENT,8.0,EXPRESS,,,1068,SF,,2026-08-16 06:52:42
109572,3063,823,62,PENDING_PAYMENT,50.0,MEETUP,1,12:00-13:00,,,,2026-08-15 19:11:42
109573,1657,784,125,PENDING_PAYMENT,60.0,MEETUP,4,18:00-19:00,,,,2026-08-11 12:56:42
109574,1094,780,625,PENDING_PAYMENT,30.0,EXPRESS,,,1556,SF,,2026-08-14 20:36:42
109575,1419,345,378,PENDING_PAYMENT,2.0,EXPRESS,,,701,SF,,2026-08-11 11:23:42
109576,3112,376,271,PENDING_PAYMENT,150.0,EXPRESS,,,763,SF,,2026-08-13 05:33:42
109577,3500,802,383,PENDING_PAYMENT,15.0,EXPRESS,,,1598,SF,,2026-08-10 05:29:42
109578,204,951,856,PENDING_PAYMENT,12.0,MEETUP,30,18:00-19:00,,,,2026-08-07 09:31:42
109579,4278,799,323,PENDING_PAYMENT,12.0,MEETUP,4,18:00-19:00,,,,2026-08-10 02:52:42
109580,2226,433,747,PENDING_PAYMENT,120.0,EXPRESS,,,884,SF,,2026-08-12 16:16:42
109581,3183,82,474,PENDING_PAYMENT,3.0,EXPRESS,,,172,SF,,2026-08-14 06:46:42
109582,304,483,456,PENDING_PAYMENT,8.0,EXPRESS,,,979,SF,,2026-08-14 11:55:42
109583,2386,967,723,PENDING_PAYMENT,8.0,MEETUP,9,19:00-20:00,,,,2026-08-09 00:51:42
109584,2310,770,864,PENDING_PAYMENT,60.0,MEETUP,28,12:00-13:00,,,,2026-08-06 20:21:42
109585,3789,49,641,PENDING_PAYMENT,80.0,EXPRESS,,,107,SF,,2026-08-08 13:50:42
109586,44,191,149,PENDING_PAYMENT,3.0,MEETUP,2,12:00-13:00,,,,2026-08-12 02:11:42
109587,3036,688,462,PENDING_PAYMENT,200.0,MEETUP,3,19:00-20:00,,,,2026-08-14 19:40:42
109588,3923,642,900,PENDING_PAYMENT,5.0,EXPRESS,,,1275,SF,,2026-08-12 10:42:42
109589,505,6,695,PENDING_PAYMENT,10.0,EXPRESS,,,15,SF,,2026-08-16 14:17:42
109590,1070,150,689,PENDING_PAYMENT,150.0,EXPRESS,,,311,SF,,2026-08-10 19:21:42
109591,948,110,651,PENDING_PAYMENT,60.0,EXPRESS,,,226,SF,,2026-08-07 14:50:42
109592,4349,510,4,PENDING_PAYMENT,30.0,MEETUP,5,12:00-13:00,,,,2026-08-13 01:00:42
109593,1031,437,802,PENDING_PAYMENT,8.0,EXPRESS,,,890,SF,,2026-08-11 11:12:42
109594,2916,738,37,PENDING_PAYMENT,3.0,EXPRESS,,,1465,SF,,2026-08-15 12:05:42
109595,4927,437,835,PENDING_PAYMENT,25.0,MEETUP,11,18:00-19:00,,,,2026-08-07 19:51:42
109596,2368,691,286,PENDING_PAYMENT,30.0,EXPRESS,,,1377,SF,,2026-08-08 08:44:42
109597,2064,827,721,PENDING_PAYMENT,25.0,MEETUP,18,17:00-18:00,,,,2026-08-09 23:46:42
109598,4143,786,201,PENDING_PAYMENT,5.0,MEETUP,2,18:00-19:00,,,,2026-08-13 03:48:42
109599,1518,619,599,PENDING_PAYMENT,20.0,MEETUP,23,18:00-19:00,,,,2026-08-15 10:33:42
109600,2831,871,140,PENDING_PAYMENT,150.0,EXPRESS,,,1732,SF,,2026-08-10 20:50:42
109601,1422,616,652,PENDING_PAYMENT,12.0,MEETUP,21,17:00-18:00,,,,2026-08-07 15:17:42
109602,74,567,912,PENDING_PAYMENT,150.0,MEETUP,21,19:00-20:00,,,,2026-08-06 19:33:42
109603,297,728,493,PENDING_PAYMENT,200.0,MEETUP,3,19:00-20:00,,,,2026-08-15 20:38:42
109604,4133,538,811,PENDING_PAYMENT,200.0,EXPRESS,,,1091,SF,,2026-08-09 06:16:42
109605,2598,787,727,PENDING_PAYMENT,8.0,EXPRESS,,,1567,SF,,2026-08-07 08:08:42
109606,1157,482,708,PENDING_PAYMENT,120.0,MEETUP,19,12:00-13:00,,,,2026-08-16 16:22:42
109607,4394,386,629,PENDING_PAYMENT,12.0,MEETUP,30,19:00-20:00,,,,2026-08-14 06:21:42
109608,2191,899,434,PENDING_PAYMENT,30.0,MEETUP,12,12:00-13:00,,,,2026-08-09 13:15:42
109609,3057,52,351,PENDING_PAYMENT,2.0,EXPRESS,,,113,SF,,2026-08-09 15:11:42
109610,3854,840,372,PENDING_PAYMENT,10.0,MEETUP,25,19:00-20:00,,,,2026-08-09 18:25:42
109611,2413,731,9,PENDING_PAYMENT,150.0,MEETUP,15,17:00-18:00,,,,2026-08-16 04:53:42
109612,4750,123,571,PENDING_PAYMENT,3.0,MEETUP,25,12:00-13:00,,,,2026-08-16 16:45:42
109613,22,821,839,PENDING_PAYMENT,15.0,MEETUP,18,18:00-19:00,,,,2026-08-08 03:38:42
109614,3734,63,545,PENDING_PAYMENT,8.0,MEETUP,7,18:00-19:00,,,,2026-08-16 18:45:42
109615,4070,828,857,PENDING_PAYMENT,50.0,EXPRESS,,,1645,SF,,2026-08-08 10:16:42
109616,4947,898,38,PENDING_PAYMENT,80.0,EXPRESS,,,1789,SF,,2026-08-12 06:41:42
109617,4179,116,710,PENDING_PAYMENT,5.0,MEETUP,20,19:00-20:00,,,,2026-08-13 12:05:42
109618,3309,202,866,PENDING_PAYMENT,30.0,EXPRESS,,,423,SF,,2026-08-15 07:07:42
109619,2355,257,723,PENDING_PAYMENT,12.0,MEETUP,8,12:00-13:00,,,,2026-08-09 23:09:42
109620,3297,385,519,PENDING_PAYMENT,2.0,EXPRESS,,,778,SF,,2026-08-14 10:29:42
109621,2920,102,785,PENDING_PAYMENT,100.0,MEETUP,21,17:00-18:00,,,,2026-08-16 13:06:42
109622,1156,25,442,PENDING_PAYMENT,3.0,MEETUP,30,18:00-19:00,,,,2026-08-11 02:25:42
109623,4141,922,146,PENDING_PAYMENT,100.0,EXPRESS,,,1841,SF,,2026-08-11 18:41:42
109624,1438,702,230,PENDING_PAYMENT,50.0,EXPRESS,,,1400,SF,,2026-08-06 22:29:42
109625,3741,164,704,PENDING_PAYMENT,80.0,EXPRESS,,,341,SF,,2026-08-09 14:52:42
109626,3133,735,843,PENDING_PAYMENT,8.0,EXPRESS,,,1459,SF,,2026-08-14 03:35:42
109627,2869,270,151,PENDING_PAYMENT,10.0,EXPRESS,,,562,SF,,2026-08-10 23:45:42
109628,2057,492,138,PENDING_PAYMENT,150.0,EXPRESS,,,1000,SF,,2026-08-14 00:59:42
109629,4125,22,10,PENDING_PAYMENT,12.0,MEETUP,22,18:00-19:00,,,,2026-08-09 13:09:42
109630,748,238,288,PENDING_PAYMENT,30.0,EXPRESS,,,497,SF,,2026-08-14 00:38:42
109631,2837,615,803,PENDING_PAYMENT,12.0,MEETUP,9,12:00-13:00,,,,2026-08-12 11:29:42
109632,1852,225,597,PENDING_PAYMENT,200.0,EXPRESS,,,470,SF,,2026-08-08 07:43:42
109633,1703,850,854,PENDING_PAYMENT,3.0,MEETUP,9,17:00-18:00,,,,2026-08-09 18:36:42
109634,333,217,754,PENDING_PAYMENT,30.0,MEETUP,3,12:00-13:00,,,,2026-08-11 19:42:42
109635,3281,599,456,PENDING_PAYMENT,200.0,EXPRESS,,,1196,SF,,2026-08-15 15:33:42
109636,4251,736,965,PENDING_PAYMENT,10.0,EXPRESS,,,1461,SF,,2026-08-08 00:14:42
109637,178,624,382,PENDING_PAYMENT,200.0,EXPRESS,,,1242,SF,,2026-08-09 06:40:42
109638,3566,197,771,PENDING_PAYMENT,50.0,EXPRESS,,,412,SF,,2026-08-10 20:58:42
109639,642,714,916,PENDING_PAYMENT,15.0,EXPRESS,,,1422,SF,,2026-08-15 20:09:42
109640,22,440,839,PENDING_PAYMENT,15.0,EXPRESS,,,896,SF,,2026-08-07 13:27:42
109641,1790,163,704,PENDING_PAYMENT,100.0,MEETUP,1,19:00-20:00,,,,2026-08-13 21:26:42
109642,4477,929,262,PENDING_PAYMENT,2.0,EXPRESS,,,1858,SF,,2026-08-15 21:27:42
109643,3137,639,276,PENDING_PAYMENT,200.0,EXPRESS,,,1269,SF,,2026-08-07 18:54:42
109644,4735,59,362,PENDING_PAYMENT,60.0,MEETUP,19,17:00-18:00,,,,2026-08-12 11:56:42
109645,2075,653,657,PENDING_PAYMENT,200.0,EXPRESS,,,1303,SF,,2026-08-09 06:24:42
109646,1476,965,28,PENDING_PAYMENT,100.0,EXPRESS,,,1933,SF,,2026-08-07 10:11:42
109647,2106,878,919,PENDING_PAYMENT,60.0,EXPRESS,,,1745,SF,,2026-08-12 10:20:42
109648,1743,567,672,PENDING_PAYMENT,15.0,MEETUP,27,19:00-20:00,,,,2026-08-13 05:02:42
109649,1369,811,447,PENDING_PAYMENT,10.0,MEETUP,29,12:00-13:00,,,,2026-08-15 09:35:42
109650,2480,490,196,PENDING_PAYMENT,8.0,EXPRESS,,,997,SF,,2026-08-14 00:21:42
109651,3430,169,319,PENDING_PAYMENT,20.0,MEETUP,6,12:00-13:00,,,,2026-08-07 19:40:42
109652,46,224,296,PENDING_PAYMENT,120.0,EXPRESS,,,467,SF,,2026-08-15 22:14:42
109653,2612,408,555,PENDING_PAYMENT,100.0,EXPRESS,,,823,SF,,2026-08-13 14:22:42
109654,2078,953,692,PENDING_PAYMENT,12.0,MEETUP,28,17:00-18:00,,,,2026-08-14 16:29:42
109655,1370,626,269,PENDING_PAYMENT,12.0,MEETUP,29,12:00-13:00,,,,2026-08-12 16:55:42
109656,1214,223,885,PENDING_PAYMENT,150.0,MEETUP,8,18:00-19:00,,,,2026-08-09 20:21:42
109657,510,551,779,PENDING_PAYMENT,150.0,EXPRESS,,,1111,SF,,2026-08-16 08:42:42
109658,4498,944,63,PENDING_PAYMENT,2.0,MEETUP,28,12:00-13:00,,,,2026-08-13 13:27:42
109659,4802,265,291,PENDING_PAYMENT,200.0,EXPRESS,,,550,SF,,2026-08-10 04:42:42
109660,1575,713,962,PENDING_PAYMENT,60.0,MEETUP,14,18:00-19:00,,,,2026-08-07 14:40:42
109661,4640,557,434,PENDING_PAYMENT,1.0,MEETUP,29,17:00-18:00,,,,2026-08-14 21:20:42
109662,58,753,234,PENDING_PAYMENT,60.0,EXPRESS,,,1503,SF,,2026-08-15 16:59:42
109663,178,717,382,PENDING_PAYMENT,200.0,MEETUP,2,18:00-19:00,,,,2026-08-14 07:05:42
109664,4443,280,410,PENDING_PAYMENT,2.0,EXPRESS,,,585,SF,,2026-08-16 08:24:42
109665,1415,300,762,PENDING_PAYMENT,15.0,EXPRESS,,,621,SF,,2026-08-08 14:24:42
109666,3154,707,104,PENDING_PAYMENT,5.0,EXPRESS,,,1409,SF,,2026-08-15 09:52:42
109667,2012,753,333,PENDING_PAYMENT,100.0,MEETUP,26,12:00-13:00,,,,2026-08-09 05:43:42
109668,2741,851,917,PENDING_PAYMENT,80.0,EXPRESS,,,1690,SF,,2026-08-08 00:39:42
109669,4011,600,185,PENDING_PAYMENT,12.0,EXPRESS,,,1199,SF,,2026-08-12 15:37:42
109670,2647,994,819,PENDING_PAYMENT,50.0,EXPRESS,,,1983,SF,,2026-08-15 14:05:42
109671,3570,53,633,PENDING_PAYMENT,1.0,EXPRESS,,,115,SF,,2026-08-16 13:18:42
109672,4344,807,382,PENDING_PAYMENT,30.0,MEETUP,17,18:00-19:00,,,,2026-08-16 11:42:42
109673,3271,259,279,PENDING_PAYMENT,150.0,EXPRESS,,,537,SF,,2026-08-09 16:01:42
109674,3934,118,317,PENDING_PAYMENT,5.0,EXPRESS,,,242,SF,,2026-08-15 19:46:42
109675,4314,909,500,PENDING_PAYMENT,150.0,MEETUP,11,19:00-20:00,,,,2026-08-13 16:13:42
109676,1160,576,465,PENDING_PAYMENT,2.0,EXPRESS,,,1156,SF,,2026-08-15 01:15:42
109677,1486,560,241,PENDING_PAYMENT,2.0,EXPRESS,,,1128,SF,,2026-08-15 14:49:42
109678,4894,496,866,PENDING_PAYMENT,80.0,EXPRESS,,,1007,SF,,2026-08-12 10:11:42
109679,1227,748,551,PENDING_PAYMENT,60.0,MEETUP,23,18:00-19:00,,,,2026-08-09 18:47:42
109680,1803,501,949,PENDING_PAYMENT,1.0,EXPRESS,,,1015,SF,,2026-08-14 17:50:42
109681,255,255,962,PENDING_PAYMENT,15.0,EXPRESS,,,528,SF,,2026-08-08 11:06:42
109682,4074,785,531,PENDING_PAYMENT,25.0,MEETUP,25,19:00-20:00,,,,2026-08-10 21:32:42
109683,683,441,213,PENDING_PAYMENT,10.0,EXPRESS,,,899,SF,,2026-08-12 20:00:42
109684,2206,739,179,PENDING_PAYMENT,1.0,EXPRESS,,,1469,SF,,2026-08-07 10:11:42
109685,739,749,433,PENDING_PAYMENT,25.0,EXPRESS,,,1493,SF,,2026-08-09 10:57:42
109686,4458,299,781,PENDING_PAYMENT,15.0,EXPRESS,,,620,SF,,2026-08-09 03:03:42
109687,1932,249,326,PENDING_PAYMENT,120.0,MEETUP,12,17:00-18:00,,,,2026-08-14 18:43:42
109688,3719,189,720,PENDING_PAYMENT,5.0,EXPRESS,,,395,SF,,2026-08-15 10:28:42
109689,2138,402,513,PENDING_PAYMENT,200.0,MEETUP,13,18:00-19:00,,,,2026-08-14 06:15:42
109690,1036,851,602,PENDING_PAYMENT,1.0,EXPRESS,,,1689,SF,,2026-08-07 20:47:42
109691,475,230,949,PENDING_PAYMENT,150.0,MEETUP,23,17:00-18:00,,,,2026-08-12 12:37:42
109692,1951,347,79,PENDING_PAYMENT,15.0,MEETUP,14,18:00-19:00,,,,2026-08-14 14:22:42
109693,4941,299,393,PENDING_PAYMENT,2.0,MEETUP,15,17:00-18:00,,,,2026-08-12 23:19:42
109694,3213,486,175,PENDING_PAYMENT,20.0,MEETUP,9,18:00-19:00,,,,2026-08-10 18:53:42
109695,2364,47,709,PENDING_PAYMENT,60.0,EXPRESS,,,102,SF,,2026-08-07 23:05:42
109696,4883,600,134,PENDING_PAYMENT,150.0,EXPRESS,,,1199,SF,,2026-08-09 18:17:42
109697,4494,89,105,PENDING_PAYMENT,3.0,EXPRESS,,,188,SF,,2026-08-13 04:38:42
109698,73,119,213,PENDING_PAYMENT,50.0,EXPRESS,,,243,SF,,2026-08-09 19:58:42
109699,1138,94,728,PENDING_PAYMENT,15.0,EXPRESS,,,197,SF,,2026-08-15 04:32:42
109700,608,806,100,PENDING_PAYMENT,200.0,EXPRESS,,,1605,SF,,2026-08-13 18:25:42
109701,1782,297,471,PENDING_PAYMENT,10.0,MEETUP,5,18:00-19:00,,,,2026-08-13 05:39:42
109702,1152,741,230,PENDING_PAYMENT,10.0,MEETUP,26,19:00-20:00,,,,2026-08-13 05:02:42
109703,1975,526,625,PENDING_PAYMENT,60.0,EXPRESS,,,1071,SF,,2026-08-10 00:25:42
109704,4103,277,369,PENDING_PAYMENT,1.0,MEETUP,14,17:00-18:00,,,,2026-08-16 17:54:42
109705,2786,605,426,PENDING_PAYMENT,8.0,MEETUP,28,19:00-20:00,,,,2026-08-07 21:54:42
109706,2583,631,328,PENDING_PAYMENT,60.0,EXPRESS,,,1257,SF,,2026-08-10 00:29:42
109707,1165,973,698,PENDING_PAYMENT,1.0,MEETUP,3,19:00-20:00,,,,2026-08-13 21:11:42
109708,2646,855,179,PENDING_PAYMENT,10.0,MEETUP,11,19:00-20:00,,,,2026-08-10 09:41:42
109709,2634,354,195,PENDING_PAYMENT,12.0,EXPRESS,,,722,SF,,2026-08-09 19:39:42
109710,229,664,940,PENDING_PAYMENT,25.0,MEETUP,21,12:00-13:00,,,,2026-08-10 12:05:42
109711,378,550,712,PENDING_PAYMENT,12.0,MEETUP,22,17:00-18:00,,,,2026-08-12 07:10:42
109712,542,702,736,PENDING_PAYMENT,50.0,MEETUP,28,18:00-19:00,,,,2026-08-13 15:50:42
109713,2877,1,194,PENDING_PAYMENT,5.0,MEETUP,4,12:00-13:00,,,,2026-08-08 18:05:42
109714,3058,639,407,PENDING_PAYMENT,30.0,MEETUP,2,19:00-20:00,,,,2026-08-16 14:40:42
109715,3887,541,120,PENDING_PAYMENT,2.0,EXPRESS,,,1094,SF,,2026-08-12 12:21:42
109716,3596,667,218,PENDING_PAYMENT,15.0,EXPRESS,,,1330,SF,,2026-08-10 15:49:42
109717,4824,834,539,PENDING_PAYMENT,15.0,MEETUP,1,17:00-18:00,,,,2026-08-08 02:17:42
109718,163,50,412,PENDING_PAYMENT,30.0,MEETUP,25,12:00-13:00,,,,2026-08-07 03:01:42
109719,4014,323,153,PENDING_PAYMENT,30.0,MEETUP,23,17:00-18:00,,,,2026-08-16 11:53:42
109720,941,535,810,PENDING_PAYMENT,10.0,MEETUP,11,17:00-18:00,,,,2026-08-07 06:39:42
109721,2351,427,406,PENDING_PAYMENT,100.0,EXPRESS,,,873,SF,,2026-08-08 07:27:42
109722,4031,981,53,PENDING_PAYMENT,150.0,MEETUP,20,17:00-18:00,,,,2026-08-16 09:10:42
109723,4905,235,679,PENDING_PAYMENT,50.0,MEETUP,27,18:00-19:00,,,,2026-08-09 16:58:42
109724,2489,148,629,PENDING_PAYMENT,5.0,MEETUP,11,19:00-20:00,,,,2026-08-08 01:51:42
109725,3070,48,754,PENDING_PAYMENT,60.0,MEETUP,4,17:00-18:00,,,,2026-08-14 20:04:42
109726,3400,745,862,PENDING_PAYMENT,2.0,MEETUP,1,12:00-13:00,,,,2026-08-10 00:31:42
109727,3697,840,70,PENDING_PAYMENT,20.0,EXPRESS,,,1668,SF,,2026-08-12 10:27:42
109728,2960,415,733,PENDING_PAYMENT,80.0,MEETUP,20,18:00-19:00,,,,2026-08-12 20:50:42
109729,4074,191,531,PENDING_PAYMENT,25.0,MEETUP,13,12:00-13:00,,,,2026-08-12 05:34:42
109730,1871,544,666,PENDING_PAYMENT,100.0,MEETUP,22,12:00-13:00,,,,2026-08-12 23:00:42
109731,1395,563,142,PENDING_PAYMENT,8.0,MEETUP,13,12:00-13:00,,,,2026-08-12 17:38:42
109732,4099,74,359,PENDING_PAYMENT,120.0,EXPRESS,,,156,SF,,2026-08-08 02:41:42
109733,171,40,160,PENDING_PAYMENT,100.0,MEETUP,26,18:00-19:00,,,,2026-08-09 07:18:42
109734,4014,369,153,PENDING_PAYMENT,30.0,MEETUP,15,19:00-20:00,,,,2026-08-12 19:37:42
109735,4557,417,591,PENDING_PAYMENT,12.0,EXPRESS,,,849,SF,,2026-08-08 18:41:42
109736,1057,490,799,PENDING_PAYMENT,10.0,EXPRESS,,,997,SF,,2026-08-12 09:36:42
109737,3931,368,518,PENDING_PAYMENT,15.0,MEETUP,16,12:00-13:00,,,,2026-08-14 21:13:42
109738,1715,10,809,PENDING_PAYMENT,8.0,MEETUP,16,12:00-13:00,,,,2026-08-10 19:36:42
109739,1796,620,10,PENDING_PAYMENT,20.0,MEETUP,4,18:00-19:00,,,,2026-08-08 00:07:42
109740,308,561,882,PENDING_PAYMENT,30.0,EXPRESS,,,1130,SF,,2026-08-15 16:28:42
109741,580,859,255,PENDING_PAYMENT,8.0,MEETUP,10,18:00-19:00,,,,2026-08-09 21:53:42
109742,1773,76,362,PENDING_PAYMENT,50.0,EXPRESS,,,159,SF,,2026-08-13 04:30:42
109743,43,176,252,PENDING_PAYMENT,2.0,MEETUP,4,17:00-18:00,,,,2026-08-12 18:33:42
109744,3161,310,620,PENDING_PAYMENT,80.0,EXPRESS,,,639,SF,,2026-08-13 12:40:42
109745,4144,1000,219,PENDING_PAYMENT,120.0,EXPRESS,,,1995,SF,,2026-08-11 12:26:42
109746,4377,828,993,PENDING_PAYMENT,120.0,MEETUP,3,12:00-13:00,,,,2026-08-13 18:57:42
109747,521,825,844,PENDING_PAYMENT,30.0,EXPRESS,,,1639,SF,,2026-08-11 15:08:42
109748,4418,395,538,PENDING_PAYMENT,25.0,EXPRESS,,,802,SF,,2026-08-13 07:10:42
109749,1149,59,239,PENDING_PAYMENT,150.0,EXPRESS,,,129,SF,,2026-08-10 14:41:42
109750,1565,34,66,PENDING_PAYMENT,80.0,EXPRESS,,,71,SF,,2026-08-14 14:55:42
109751,4067,885,553,PENDING_PAYMENT,25.0,EXPRESS,,,1758,SF,,2026-08-08 09:43:42
109752,3848,331,641,PENDING_PAYMENT,20.0,EXPRESS,,,681,SF,,2026-08-13 21:23:42
109753,4299,534,237,PENDING_PAYMENT,5.0,EXPRESS,,,1085,SF,,2026-08-13 09:34:42
109754,2974,911,205,PENDING_PAYMENT,2.0,EXPRESS,,,1816,SF,,2026-08-07 09:49:42
109755,4325,487,51,PENDING_PAYMENT,50.0,EXPRESS,,,991,SF,,2026-08-15 12:18:42
109756,358,725,759,PENDING_PAYMENT,20.0,MEETUP,1,19:00-20:00,,,,2026-08-09 09:23:42
109757,53,176,577,PENDING_PAYMENT,25.0,MEETUP,21,17:00-18:00,,,,2026-08-11 07:48:42
109758,127,555,564,PENDING_PAYMENT,12.0,MEETUP,5,17:00-18:00,,,,2026-08-09 07:03:42
109759,1026,178,919,PENDING_PAYMENT,5.0,MEETUP,28,18:00-19:00,,,,2026-08-15 22:14:42
109760,2185,432,469,PENDING_PAYMENT,200.0,MEETUP,27,12:00-13:00,,,,2026-08-12 03:35:42
109761,2447,933,748,PENDING_PAYMENT,15.0,MEETUP,13,19:00-20:00,,,,2026-08-14 21:51:42
109762,814,504,588,PENDING_PAYMENT,80.0,EXPRESS,,,1022,SF,,2026-08-14 15:07:42
109763,3822,59,395,PENDING_PAYMENT,50.0,EXPRESS,,,127,SF,,2026-08-07 18:22:42
109764,4573,634,796,PENDING_PAYMENT,50.0,EXPRESS,,,1262,SF,,2026-08-13 23:34:42
109765,4379,308,292,PENDING_PAYMENT,12.0,MEETUP,30,18:00-19:00,,,,2026-08-12 01:08:42
109766,3880,520,354,PENDING_PAYMENT,150.0,MEETUP,13,18:00-19:00,,,,2026-08-09 14:59:42
109767,475,395,949,PENDING_PAYMENT,150.0,MEETUP,5,18:00-19:00,,,,2026-08-14 09:15:42
109768,639,468,690,PENDING_PAYMENT,100.0,EXPRESS,,,953,SF,,2026-08-16 09:41:42
109769,4956,268,706,PENDING_PAYMENT,150.0,MEETUP,9,17:00-18:00,,,,2026-08-07 15:02:42
109770,3495,484,367,PENDING_PAYMENT,100.0,MEETUP,5,18:00-19:00,,,,2026-08-12 09:45:42
109771,4351,759,408,PENDING_PAYMENT,8.0,EXPRESS,,,1518,SF,,2026-08-07 08:16:42
109772,3143,417,313,PENDING_PAYMENT,25.0,MEETUP,14,12:00-13:00,,,,2026-08-08 09:28:42
109773,3743,68,367,PENDING_PAYMENT,60.0,MEETUP,17,18:00-19:00,,,,2026-08-11 19:57:42
109774,3248,745,598,PENDING_PAYMENT,30.0,MEETUP,1,19:00-20:00,,,,2026-08-16 08:47:42
109775,3320,131,507,PENDING_PAYMENT,60.0,MEETUP,29,19:00-20:00,,,,2026-08-07 02:32:42
109776,891,996,382,PENDING_PAYMENT,15.0,MEETUP,22,18:00-19:00,,,,2026-08-10 01:37:42
109777,3607,878,139,PENDING_PAYMENT,1.0,MEETUP,25,19:00-20:00,,,,2026-08-15 21:33:42
109778,4396,960,687,PENDING_PAYMENT,1.0,MEETUP,16,17:00-18:00,,,,2026-08-15 11:44:42
109779,2016,975,382,PENDING_PAYMENT,30.0,EXPRESS,,,1953,SF,,2026-08-08 13:49:42
109780,927,833,790,PENDING_PAYMENT,150.0,MEETUP,27,12:00-13:00,,,,2026-08-14 18:20:42
109781,4076,315,984,PENDING_PAYMENT,3.0,MEETUP,13,19:00-20:00,,,,2026-08-08 01:31:42
109782,1623,733,896,PENDING_PAYMENT,25.0,MEETUP,6,12:00-13:00,,,,2026-08-07 02:46:42
109783,337,66,179,PENDING_PAYMENT,10.0,EXPRESS,,,140,SF,,2026-08-06 21:15:42
109784,3482,458,709,PENDING_PAYMENT,25.0,MEETUP,6,12:00-13:00,,,,2026-08-13 08:03:42
109785,3098,239,383,PENDING_PAYMENT,10.0,EXPRESS,,,498,SF,,2026-08-11 14:18:42
109786,3174,569,119,PENDING_PAYMENT,80.0,EXPRESS,,,1148,SF,,2026-08-16 15:27:42
109787,4709,667,920,PENDING_PAYMENT,50.0,MEETUP,4,18:00-19:00,,,,2026-08-09 20:09:42
109788,1277,57,851,PENDING_PAYMENT,2.0,EXPRESS,,,123,SF,,2026-08-09 09:08:42
109789,2637,411,99,PENDING_PAYMENT,80.0,MEETUP,23,19:00-20:00,,,,2026-08-07 19:57:42
109790,4276,196,520,PENDING_PAYMENT,3.0,EXPRESS,,,411,SF,,2026-08-10 11:32:42
109791,2405,707,915,PENDING_PAYMENT,150.0,EXPRESS,,,1409,SF,,2026-08-07 11:41:42
109792,4951,219,101,PENDING_PAYMENT,30.0,MEETUP,23,12:00-13:00,,,,2026-08-16 09:13:42
109793,1848,438,500,PENDING_PAYMENT,30.0,EXPRESS,,,894,SF,,2026-08-11 10:54:42
109794,108,644,544,PENDING_PAYMENT,80.0,EXPRESS,,,1280,SF,,2026-08-16 16:06:42
109795,4696,428,233,PENDING_PAYMENT,25.0,EXPRESS,,,877,SF,,2026-08-12 01:08:42
109796,2827,189,492,PENDING_PAYMENT,3.0,EXPRESS,,,395,SF,,2026-08-09 12:41:42
109797,544,111,899,PENDING_PAYMENT,30.0,EXPRESS,,,228,SF,,2026-08-07 00:06:42
109798,2390,713,205,PENDING_PAYMENT,200.0,EXPRESS,,,1420,SF,,2026-08-07 00:08:42
109799,3883,704,341,PENDING_PAYMENT,150.0,EXPRESS,,,1404,SF,,2026-08-11 14:18:42
109800,1219,42,794,PENDING_PAYMENT,150.0,MEETUP,28,17:00-18:00,,,,2026-08-10 13:25:42
109801,1295,7,647,PENDING_PAYMENT,8.0,EXPRESS,,,17,SF,,2026-08-15 03:18:42
109802,2985,465,7,PENDING_PAYMENT,30.0,EXPRESS,,,946,SF,,2026-08-11 08:19:42
109803,116,951,489,PENDING_PAYMENT,200.0,MEETUP,25,18:00-19:00,,,,2026-08-08 12:55:42
109804,1415,220,762,PENDING_PAYMENT,15.0,MEETUP,7,18:00-19:00,,,,2026-08-13 06:07:42
109805,4329,793,636,PENDING_PAYMENT,1.0,MEETUP,26,18:00-19:00,,,,2026-08-13 10:04:42
109806,1038,287,728,PENDING_PAYMENT,1.0,EXPRESS,,,601,SF,,2026-08-11 15:44:42
109807,3803,689,606,PENDING_PAYMENT,8.0,EXPRESS,,,1375,SF,,2026-08-10 15:08:42
109808,896,437,135,PENDING_PAYMENT,5.0,MEETUP,27,17:00-18:00,,,,2026-08-10 06:39:42
109809,655,63,959,PENDING_PAYMENT,60.0,MEETUP,13,12:00-13:00,,,,2026-08-16 11:06:42
109810,1002,836,693,PENDING_PAYMENT,200.0,EXPRESS,,,1661,SF,,2026-08-07 19:15:42
109811,2403,121,959,PENDING_PAYMENT,5.0,EXPRESS,,,248,SF,,2026-08-12 01:51:42
109812,4439,557,31,PENDING_PAYMENT,3.0,EXPRESS,,,1122,SF,,2026-08-12 07:49:42
109813,3648,406,107,PENDING_PAYMENT,200.0,EXPRESS,,,820,SF,,2026-08-09 17:21:42
109814,3903,877,272,PENDING_PAYMENT,1.0,MEETUP,16,18:00-19:00,,,,2026-08-08 22:56:42
109815,1167,510,293,PENDING_PAYMENT,120.0,MEETUP,7,12:00-13:00,,,,2026-08-08 10:36:42
109816,4855,17,446,PENDING_PAYMENT,5.0,EXPRESS,,,37,SF,,2026-08-16 01:15:42
109817,2759,974,708,PENDING_PAYMENT,60.0,MEETUP,19,17:00-18:00,,,,2026-08-09 19:41:42
109818,3582,409,931,PENDING_PAYMENT,25.0,MEETUP,29,17:00-18:00,,,,2026-08-12 05:23:42
109819,4112,755,244,PENDING_PAYMENT,20.0,MEETUP,24,17:00-18:00,,,,2026-08-11 08:58:42
109820,2946,150,874,PENDING_PAYMENT,80.0,MEETUP,12,19:00-20:00,,,,2026-08-11 10:24:42
109821,2888,790,832,PENDING_PAYMENT,100.0,EXPRESS,,,1574,SF,,2026-08-08 02:37:42
109822,1952,385,678,PENDING_PAYMENT,5.0,EXPRESS,,,777,SF,,2026-08-08 14:12:42
109823,3361,980,311,PENDING_PAYMENT,30.0,EXPRESS,,,1962,SF,,2026-08-10 01:18:42
109824,1195,333,638,PENDING_PAYMENT,200.0,EXPRESS,,,684,SF,,2026-08-07 14:33:42
109825,3773,785,893,PENDING_PAYMENT,30.0,EXPRESS,,,1565,SF,,2026-08-12 16:55:42
109826,4900,279,730,PENDING_PAYMENT,50.0,EXPRESS,,,583,SF,,2026-08-12 14:36:42
109827,3688,232,739,PENDING_PAYMENT,1.0,MEETUP,10,12:00-13:00,,,,2026-08-09 10:19:42
109828,3895,980,153,PENDING_PAYMENT,20.0,EXPRESS,,,1961,SF,,2026-08-11 05:31:42
109829,4553,94,344,PENDING_PAYMENT,30.0,EXPRESS,,,197,SF,,2026-08-13 00:05:42
109830,4937,694,303,PENDING_PAYMENT,5.0,EXPRESS,,,1384,SF,,2026-08-11 08:31:42
109831,1542,737,355,PENDING_PAYMENT,12.0,MEETUP,10,12:00-13:00,,,,2026-08-10 10:08:42
109832,546,23,216,PENDING_PAYMENT,20.0,MEETUP,21,18:00-19:00,,,,2026-08-08 09:07:42
109833,2325,263,241,PENDING_PAYMENT,8.0,MEETUP,4,19:00-20:00,,,,2026-08-08 11:52:42
109834,1215,101,694,PENDING_PAYMENT,150.0,MEETUP,30,18:00-19:00,,,,2026-08-09 20:34:42
109835,3447,932,887,PENDING_PAYMENT,2.0,EXPRESS,,,1864,SF,,2026-08-09 09:26:42
109836,960,773,7,PENDING_PAYMENT,2.0,EXPRESS,,,1542,SF,,2026-08-16 04:54:42
109837,2804,850,376,PENDING_PAYMENT,150.0,MEETUP,3,12:00-13:00,,,,2026-08-14 12:47:42
109838,2772,596,594,PENDING_PAYMENT,5.0,EXPRESS,,,1189,SF,,2026-08-10 05:22:42
109839,3902,692,420,PENDING_PAYMENT,100.0,EXPRESS,,,1379,SF,,2026-08-11 06:25:42
109840,964,37,735,PENDING_PAYMENT,100.0,MEETUP,15,17:00-18:00,,,,2026-08-14 10:23:42
109841,506,972,594,PENDING_PAYMENT,25.0,EXPRESS,,,1946,SF,,2026-08-12 15:02:42
109842,3155,199,750,PENDING_PAYMENT,80.0,EXPRESS,,,416,SF,,2026-08-12 07:27:42
109843,3606,788,931,PENDING_PAYMENT,100.0,EXPRESS,,,1571,SF,,2026-08-13 02:13:42
109844,805,566,440,PENDING_PAYMENT,12.0,MEETUP,7,12:00-13:00,,,,2026-08-14 08:03:42
109845,2632,260,175,PENDING_PAYMENT,8.0,EXPRESS,,,538,SF,,2026-08-10 08:53:42
109846,1733,682,261,PENDING_PAYMENT,5.0,MEETUP,22,18:00-19:00,,,,2026-08-08 15:21:42
109847,1419,20,378,PENDING_PAYMENT,2.0,MEETUP,19,19:00-20:00,,,,2026-08-13 08:00:42
109848,2166,21,238,PENDING_PAYMENT,20.0,MEETUP,23,18:00-19:00,,,,2026-08-12 12:33:42
109849,1323,499,414,PENDING_PAYMENT,10.0,MEETUP,20,19:00-20:00,,,,2026-08-11 17:41:42
109850,1446,283,542,PENDING_PAYMENT,150.0,EXPRESS,,,591,SF,,2026-08-10 20:48:42
109851,3545,249,852,PENDING_PAYMENT,3.0,MEETUP,19,12:00-13:00,,,,2026-08-08 12:21:42
109852,3901,519,783,PENDING_PAYMENT,5.0,EXPRESS,,,1054,SF,,2026-08-14 14:43:42
109853,2726,624,816,PENDING_PAYMENT,2.0,EXPRESS,,,1241,SF,,2026-08-14 15:55:42
109854,4167,823,74,PENDING_PAYMENT,60.0,MEETUP,24,17:00-18:00,,,,2026-08-07 11:05:42
109855,4331,450,490,PENDING_PAYMENT,10.0,MEETUP,6,18:00-19:00,,,,2026-08-15 00:28:42
109856,1240,662,173,PENDING_PAYMENT,30.0,MEETUP,7,12:00-13:00,,,,2026-08-09 22:42:42
109857,641,845,287,PENDING_PAYMENT,100.0,EXPRESS,,,1679,SF,,2026-08-16 07:37:42
109858,943,39,993,PENDING_PAYMENT,200.0,EXPRESS,,,83,SF,,2026-08-08 10:21:42
109859,3720,629,198,PENDING_PAYMENT,30.0,MEETUP,28,12:00-13:00,,,,2026-08-10 01:46:42
109860,1083,640,118,PENDING_PAYMENT,3.0,MEETUP,10,19:00-20:00,,,,2026-08-07 00:04:42
109861,2743,206,713,PENDING_PAYMENT,150.0,EXPRESS,,,431,SF,,2026-08-07 18:23:42
109862,2131,949,225,PENDING_PAYMENT,60.0,EXPRESS,,,1900,SF,,2026-08-13 19:51:42
109863,692,813,378,PENDING_PAYMENT,3.0,MEETUP,10,19:00-20:00,,,,2026-08-15 13:50:42
109864,2956,272,640,PENDING_PAYMENT,80.0,MEETUP,1,18:00-19:00,,,,2026-08-12 09:55:42
109865,2198,783,946,PENDING_PAYMENT,5.0,MEETUP,7,12:00-13:00,,,,2026-08-11 06:53:42
109866,862,871,455,PENDING_PAYMENT,15.0,MEETUP,25,12:00-13:00,,,,2026-08-08 13:35:42
109867,2699,92,311,PENDING_PAYMENT,5.0,MEETUP,28,12:00-13:00,,,,2026-08-13 09:16:42
109868,4212,837,705,PENDING_PAYMENT,60.0,EXPRESS,,,1662,SF,,2026-08-07 15:10:42
109869,1154,77,193,PENDING_PAYMENT,20.0,MEETUP,3,19:00-20:00,,,,2026-08-16 02:24:42
109870,4943,925,599,PENDING_PAYMENT,8.0,EXPRESS,,,1849,SF,,2026-08-16 10:57:42
109871,1309,313,515,PENDING_PAYMENT,60.0,EXPRESS,,,643,SF,,2026-08-09 23:22:42
109872,4302,617,109,PENDING_PAYMENT,5.0,MEETUP,24,12:00-13:00,,,,2026-08-10 23:36:42
109873,1508,240,237,PENDING_PAYMENT,1.0,EXPRESS,,,499,SF,,2026-08-13 13:01:42
109874,4885,447,860,PENDING_PAYMENT,50.0,EXPRESS,,,909,SF,,2026-08-13 07:31:42
109875,3063,198,62,PENDING_PAYMENT,50.0,MEETUP,9,17:00-18:00,,,,2026-08-10 21:07:42
109876,1124,472,421,PENDING_PAYMENT,60.0,MEETUP,4,18:00-19:00,,,,2026-08-08 01:10:42
109877,3373,970,910,PENDING_PAYMENT,20.0,MEETUP,19,12:00-13:00,,,,2026-08-12 08:47:42
109878,1997,671,885,PENDING_PAYMENT,2.0,EXPRESS,,,1341,SF,,2026-08-10 03:26:42
109879,4240,95,326,PENDING_PAYMENT,8.0,EXPRESS,,,198,SF,,2026-08-12 10:25:42
109880,1565,227,66,PENDING_PAYMENT,80.0,EXPRESS,,,475,SF,,2026-08-13 08:15:42
109881,3820,802,524,PENDING_PAYMENT,100.0,MEETUP,1,18:00-19:00,,,,2026-08-12 00:39:42
109882,36,592,480,PENDING_PAYMENT,20.0,EXPRESS,,,1182,SF,,2026-08-14 06:14:42
109883,646,992,328,PENDING_PAYMENT,150.0,EXPRESS,,,1980,SF,,2026-08-15 16:41:42
109884,3703,404,863,PENDING_PAYMENT,120.0,MEETUP,8,12:00-13:00,,,,2026-08-12 19:56:42
109885,2150,599,155,PENDING_PAYMENT,80.0,MEETUP,27,18:00-19:00,,,,2026-08-12 15:54:42
109886,4417,673,417,PENDING_PAYMENT,60.0,MEETUP,17,17:00-18:00,,,,2026-08-14 06:40:42
109887,1102,557,28,PENDING_PAYMENT,20.0,MEETUP,24,18:00-19:00,,,,2026-08-08 08:35:42
109888,2874,827,239,PENDING_PAYMENT,1.0,MEETUP,20,19:00-20:00,,,,2026-08-15 03:03:42
109889,3910,910,672,PENDING_PAYMENT,8.0,MEETUP,20,18:00-19:00,,,,2026-08-11 16:27:42
109890,3524,389,766,PENDING_PAYMENT,1.0,MEETUP,21,17:00-18:00,,,,2026-08-07 10:11:42
109891,3657,766,671,PENDING_PAYMENT,8.0,EXPRESS,,,1534,SF,,2026-08-10 00:34:42
109892,2838,687,340,PENDING_PAYMENT,30.0,MEETUP,5,18:00-19:00,,,,2026-08-11 03:46:42
109893,4917,236,977,PENDING_PAYMENT,30.0,EXPRESS,,,494,SF,,2026-08-16 01:40:42
109894,2995,285,912,PENDING_PAYMENT,120.0,MEETUP,30,19:00-20:00,,,,2026-08-06 23:12:42
109895,1984,878,166,PENDING_PAYMENT,20.0,MEETUP,14,18:00-19:00,,,,2026-08-11 06:04:42
109896,874,297,504,PENDING_PAYMENT,1.0,MEETUP,2,18:00-19:00,,,,2026-08-13 11:37:42
109897,461,567,106,PENDING_PAYMENT,25.0,EXPRESS,,,1142,SF,,2026-08-07 11:12:42
109898,4520,219,36,PENDING_PAYMENT,12.0,MEETUP,11,12:00-13:00,,,,2026-08-10 21:03:42
109899,2768,367,693,PENDING_PAYMENT,5.0,MEETUP,21,12:00-13:00,,,,2026-08-12 21:43:42
109900,1592,32,12,PENDING_PAYMENT,25.0,MEETUP,25,19:00-20:00,,,,2026-08-12 20:17:42
109901,2155,605,972,PENDING_PAYMENT,120.0,EXPRESS,,,1210,SF,,2026-08-11 08:10:42
109902,3646,77,844,PENDING_PAYMENT,12.0,MEETUP,23,19:00-20:00,,,,2026-08-12 11:53:42
109903,963,717,611,PENDING_PAYMENT,12.0,EXPRESS,,,1429,SF,,2026-08-12 22:01:42
109904,1796,276,10,PENDING_PAYMENT,20.0,MEETUP,4,18:00-19:00,,,,2026-08-12 23:09:42
109905,2936,443,348,PENDING_PAYMENT,10.0,MEETUP,20,18:00-19:00,,,,2026-08-07 02:24:42
109906,1659,890,482,PENDING_PAYMENT,50.0,EXPRESS,,,1771,SF,,2026-08-14 05:46:42
109907,1493,836,378,PENDING_PAYMENT,20.0,MEETUP,2,19:00-20:00,,,,2026-08-13 16:25:42
109908,694,284,931,PENDING_PAYMENT,200.0,EXPRESS,,,593,SF,,2026-08-08 03:28:42
109909,1223,407,154,PENDING_PAYMENT,120.0,EXPRESS,,,822,SF,,2026-08-09 05:04:42
109910,4233,698,46,PENDING_PAYMENT,20.0,EXPRESS,,,1389,SF,,2026-08-09 07:31:42
109911,4045,142,19,PENDING_PAYMENT,50.0,EXPRESS,,,292,SF,,2026-08-08 00:53:42
109912,496,842,796,PENDING_PAYMENT,25.0,EXPRESS,,,1673,SF,,2026-08-12 21:24:42
109913,2050,978,767,PENDING_PAYMENT,3.0,EXPRESS,,,1959,SF,,2026-08-09 01:49:42
109914,2529,59,572,PENDING_PAYMENT,8.0,MEETUP,23,12:00-13:00,,,,2026-08-13 16:10:42
109915,4663,646,484,PENDING_PAYMENT,150.0,EXPRESS,,,1286,SF,,2026-08-08 10:37:42
109916,2329,438,399,PENDING_PAYMENT,80.0,EXPRESS,,,894,SF,,2026-08-07 16:41:42
109917,3608,150,217,PENDING_PAYMENT,3.0,EXPRESS,,,311,SF,,2026-08-10 09:01:42
109918,3498,989,886,PENDING_PAYMENT,30.0,MEETUP,26,18:00-19:00,,,,2026-08-16 10:02:42
109919,3251,653,601,PENDING_PAYMENT,3.0,EXPRESS,,,1302,SF,,2026-08-12 08:32:42
109920,908,271,623,PENDING_PAYMENT,120.0,MEETUP,12,18:00-19:00,,,,2026-08-07 05:48:42
109921,501,222,908,PENDING_PAYMENT,5.0,EXPRESS,,,463,SF,,2026-08-09 03:11:42
109922,3236,575,330,PENDING_PAYMENT,15.0,MEETUP,13,18:00-19:00,,,,2026-08-11 12:44:42
109923,5000,900,258,PENDING_PAYMENT,12.0,MEETUP,17,19:00-20:00,,,,2026-08-15 11:24:42
109924,539,248,31,PENDING_PAYMENT,15.0,EXPRESS,,,513,SF,,2026-08-10 12:01:42
109925,4319,354,148,PENDING_PAYMENT,80.0,EXPRESS,,,722,SF,,2026-08-07 12:01:42
109926,783,393,690,PENDING_PAYMENT,2.0,MEETUP,29,19:00-20:00,,,,2026-08-16 03:08:42
109927,2525,616,489,PENDING_PAYMENT,12.0,EXPRESS,,,1229,SF,,2026-08-10 22:21:42
109928,749,104,391,PENDING_PAYMENT,8.0,EXPRESS,,,215,SF,,2026-08-14 09:53:42
109929,3517,787,581,PENDING_PAYMENT,10.0,MEETUP,28,12:00-13:00,,,,2026-08-15 03:29:42
109930,3487,327,567,PENDING_PAYMENT,200.0,EXPRESS,,,671,SF,,2026-08-16 08:44:42
109931,1165,568,698,PENDING_PAYMENT,1.0,MEETUP,27,18:00-19:00,,,,2026-08-09 10:38:42
109932,2249,235,637,PENDING_PAYMENT,3.0,MEETUP,30,17:00-18:00,,,,2026-08-08 17:52:42
109933,2715,119,546,PENDING_PAYMENT,8.0,MEETUP,10,18:00-19:00,,,,2026-08-08 12:22:42
109934,2534,144,187,PENDING_PAYMENT,15.0,EXPRESS,,,296,SF,,2026-08-14 09:46:42
109935,3641,16,767,PENDING_PAYMENT,25.0,MEETUP,3,19:00-20:00,,,,2026-08-15 12:33:42
109936,4865,288,990,PENDING_PAYMENT,10.0,EXPRESS,,,605,SF,,2026-08-08 05:50:42
109937,2104,4,916,PENDING_PAYMENT,80.0,EXPRESS,,,10,SF,,2026-08-06 23:32:42
109938,370,373,108,PENDING_PAYMENT,150.0,EXPRESS,,,758,SF,,2026-08-11 23:36:42
109939,519,977,41,PENDING_PAYMENT,10.0,MEETUP,21,17:00-18:00,,,,2026-08-11 07:21:42
109940,3470,130,3,PENDING_PAYMENT,80.0,EXPRESS,,,267,SF,,2026-08-14 00:45:42
109941,3446,191,759,PENDING_PAYMENT,80.0,EXPRESS,,,399,SF,,2026-08-10 10:16:42
109942,3955,525,485,PENDING_PAYMENT,3.0,EXPRESS,,,1070,SF,,2026-08-12 20:19:42
109943,410,385,680,PENDING_PAYMENT,10.0,EXPRESS,,,778,SF,,2026-08-10 14:25:42
109944,293,162,375,PENDING_PAYMENT,20.0,MEETUP,13,12:00-13:00,,,,2026-08-10 03:46:42
109945,4528,245,231,PENDING_PAYMENT,2.0,MEETUP,18,12:00-13:00,,,,2026-08-11 08:00:42
109946,783,814,690,PENDING_PAYMENT,2.0,MEETUP,29,17:00-18:00,,,,2026-08-12 09:56:42
109947,1075,904,36,PENDING_PAYMENT,5.0,EXPRESS,,,1802,SF,,2026-08-16 17:20:42
109948,1428,526,319,PENDING_PAYMENT,3.0,MEETUP,20,18:00-19:00,,,,2026-08-08 15:01:42
109949,1555,11,821,PENDING_PAYMENT,5.0,EXPRESS,,,25,SF,,2026-08-15 22:37:42
109950,35,712,693,PENDING_PAYMENT,12.0,EXPRESS,,,1416,SF,,2026-08-15 15:02:42
109951,4371,1000,528,PENDING_PAYMENT,1.0,EXPRESS,,,1994,SF,,2026-08-14 19:39:42
109952,3800,110,413,PENDING_PAYMENT,20.0,EXPRESS,,,225,SF,,2026-08-10 04:56:42
109953,266,930,104,PENDING_PAYMENT,50.0,MEETUP,24,12:00-13:00,,,,2026-08-16 13:40:42
109954,4090,208,339,PENDING_PAYMENT,150.0,EXPRESS,,,435,SF,,2026-08-07 21:55:42
109955,1402,701,341,PENDING_PAYMENT,60.0,MEETUP,25,12:00-13:00,,,,2026-08-14 01:05:42
109956,4981,724,234,PENDING_PAYMENT,1.0,MEETUP,6,18:00-19:00,,,,2026-08-10 11:17:42
109957,4476,891,742,PENDING_PAYMENT,12.0,EXPRESS,,,1774,SF,,2026-08-13 04:02:42
109958,4277,855,287,PENDING_PAYMENT,100.0,MEETUP,8,19:00-20:00,,,,2026-08-08 17:13:42
109959,1005,768,969,PENDING_PAYMENT,8.0,EXPRESS,,,1536,SF,,2026-08-08 15:29:42
109960,1119,647,417,PENDING_PAYMENT,50.0,MEETUP,3,12:00-13:00,,,,2026-08-10 22:28:42
109961,3970,772,89,PENDING_PAYMENT,150.0,EXPRESS,,,1541,SF,,2026-08-16 08:00:42
109962,2699,524,311,PENDING_PAYMENT,5.0,MEETUP,29,12:00-13:00,,,,2026-08-12 05:42:42
109963,3288,335,206,PENDING_PAYMENT,1.0,MEETUP,25,12:00-13:00,,,,2026-08-07 15:59:42
109964,3261,399,801,PENDING_PAYMENT,50.0,EXPRESS,,,807,SF,,2026-08-12 18:40:42
109965,3507,308,49,PENDING_PAYMENT,1.0,MEETUP,27,19:00-20:00,,,,2026-08-14 09:27:42
109966,112,176,905,PENDING_PAYMENT,200.0,EXPRESS,,,368,SF,,2026-08-10 02:48:42
109967,12,210,990,PENDING_PAYMENT,5.0,MEETUP,25,18:00-19:00,,,,2026-08-07 10:19:42
109968,3097,536,742,PENDING_PAYMENT,150.0,EXPRESS,,,1088,SF,,2026-08-10 04:07:42
109969,500,47,992,PENDING_PAYMENT,100.0,EXPRESS,,,102,SF,,2026-08-14 07:10:42
109970,4391,214,452,PENDING_PAYMENT,8.0,EXPRESS,,,449,SF,,2026-08-15 09:42:42
109971,4792,163,876,PENDING_PAYMENT,10.0,MEETUP,16,17:00-18:00,,,,2026-08-16 07:59:42
109972,2919,526,21,PENDING_PAYMENT,120.0,EXPRESS,,,1071,SF,,2026-08-08 14:50:42
109973,1986,196,33,PENDING_PAYMENT,150.0,MEETUP,5,19:00-20:00,,,,2026-08-13 15:17:42
109974,3443,338,277,PENDING_PAYMENT,50.0,EXPRESS,,,691,SF,,2026-08-13 14:43:42
109975,3010,78,358,PENDING_PAYMENT,1.0,MEETUP,12,19:00-20:00,,,,2026-08-13 10:39:42
109976,4060,281,393,PENDING_PAYMENT,100.0,EXPRESS,,,588,SF,,2026-08-10 16:14:42
109977,2056,34,355,PENDING_PAYMENT,100.0,MEETUP,23,12:00-13:00,,,,2026-08-08 08:27:42
109978,4302,998,109,PENDING_PAYMENT,5.0,MEETUP,20,17:00-18:00,,,,2026-08-11 19:37:42
109979,4331,563,490,PENDING_PAYMENT,10.0,MEETUP,16,18:00-19:00,,,,2026-08-15 01:35:42
109980,3624,905,851,PENDING_PAYMENT,200.0,EXPRESS,,,1804,SF,,2026-08-08 22:26:42
109981,2193,304,497,PENDING_PAYMENT,100.0,MEETUP,26,19:00-20:00,,,,2026-08-14 01:21:42
109982,2757,562,54,PENDING_PAYMENT,80.0,EXPRESS,,,1133,SF,,2026-08-16 10:24:42
109983,2427,468,565,PENDING_PAYMENT,10.0,MEETUP,26,17:00-18:00,,,,2026-08-11 21:21:42
109984,1555,274,821,PENDING_PAYMENT,5.0,EXPRESS,,,570,SF,,2026-08-14 16:50:42
109985,4812,355,983,PENDING_PAYMENT,20.0,MEETUP,11,19:00-20:00,,,,2026-08-08 18:40:42
109986,629,638,619,PENDING_PAYMENT,30.0,MEETUP,14,17:00-18:00,,,,2026-08-14 18:27:42
109987,2826,970,324,PENDING_PAYMENT,25.0,EXPRESS,,,1943,SF,,2026-08-12 14:51:42
109988,3022,712,694,PENDING_PAYMENT,2.0,MEETUP,22,18:00-19:00,,,,2026-08-11 11:39:42
109989,2837,958,803,PENDING_PAYMENT,12.0,MEETUP,10,19:00-20:00,,,,2026-08-13 18:34:42
109990,2663,396,874,PENDING_PAYMENT,20.0,MEETUP,30,12:00-13:00,,,,2026-08-13 03:17:42
109991,3756,421,80,PENDING_PAYMENT,10.0,MEETUP,20,18:00-19:00,,,,2026-08-10 06:49:42
109992,2798,832,426,PENDING_PAYMENT,1.0,MEETUP,12,17:00-18:00,,,,2026-08-12 09:33:42
109993,3574,147,730,PENDING_PAYMENT,100.0,MEETUP,16,17:00-18:00,,,,2026-08-08 18:31:42
109994,2055,591,480,PENDING_PAYMENT,120.0,EXPRESS,,,1180,SF,,2026-08-14 14:05:42
109995,2921,318,628,PENDING_PAYMENT,100.0,EXPRESS,,,653,SF,,2026-08-16 06:40:42
109996,2506,414,590,PENDING_PAYMENT,3.0,MEETUP,20,12:00-13:00,,,,2026-08-08 14:05:42
109997,4987,8,997,PENDING_PAYMENT,20.0,MEETUP,12,17:00-18:00,,,,2026-08-07 16:25:42
109998,1721,75,654,PENDING_PAYMENT,30.0,EXPRESS,,,158,SF,,2026-08-10 08:08:42
109999,439,241,287,PENDING_PAYMENT,5.0,EXPRESS,,,500,SF,,2026-08-11 20:19:42
110000,3143,664,313,PENDING_PAYMENT,25.0,MEETUP,19,18:00-19:00,,,,2026-08-14 02:10:42
