id,seller_id,category_id,title,description,price,condition_level,cover_image,status,delivery_options,create_time,update_time
1,17,12,乐器音响商品_0001,这是一个测试商品，编号1，属于乐器音响分类。,30.0,5,/uploads/product/cover_3.jpg,ON_SALE,EXPRESS,2026-07-31 13:57:42,2026-08-14 22:41:42
2,526,10,家居家电商品_0002,这是一个测试商品，编号2，属于家居家电分类。,12.0,3,/uploads/product/cover_1.jpg,ON_SALE,"MEETUP,EXPRESS",2026-08-04 14:53:42,2026-08-12 07:23:42
3,909,8,美妆护肤商品_0003,这是一个测试商品，编号3，属于美妆护肤分类。,15.0,3,/uploads/product/cover_11.jpg,ON_SALE,"MEETUP,EXPRESS",2026-08-02 11:05:42,2026-08-13 22:43:42
4,422,3,日用百货商品_0004,这是一个测试商品，编号4，属于日用百货分类。,200.0,2,/uploads/product/cover_12.jpg,ON_SALE,MEETUP,2026-08-16 18:37:42,2026-08-16 13:16:42
5,97,3,日用百货商品_0005,这是一个测试商品，编号5，属于日用百货分类。,120.0,5,/uploads/product/cover_11.jpg,ON_SALE,"MEETUP,EXPRESS",2026-07-30 15:12:42,2026-08-13 16:15:42
6,181,6,零食饮料商品_0006,这是一个测试商品，编号6，属于零食饮料分类。,1.0,5,/uploads/product/cover_1.jpg,ON_SALE,MEETUP,2026-08-04 14:59:42,2026-08-16 17:26:42
7,617,4,运动户外商品_0007,这是一个测试商品，编号7，属于运动户外分类。,50.0,1,/uploads/product/cover_9.jpg,ON_SALE,MEETUP,2026-08-03 18:52:42,2026-08-16 14:20:42
8,249,3,日用百货商品_0008,这是一个测试商品，编号8，属于日用百货分类。,60.0,4,/uploads/product/cover_3.jpg,ON_SALE,"MEETUP,EXPRESS",2026-08-13 18:59:42,2026-08-15 11:58:42
9,131,2,电子数码商品_0009,这是一个测试商品，编号9，属于电子数码分类。,8.0,3,/uploads/product/cover_3.jpg,ON_SALE,"MEETUP,EXPRESS",2026-08-15 21:58:42,2026-08-14 01:10:42
10,384,8,美妆护肤商品_0010,这是一个测试商品，编号10，属于美妆护肤分类。,5.0,4,/uploads/product/cover_14.jpg,ON_SALE,MEETUP,2026-08-08 18:57:42,2026-08-14 09:31:42
11,743,15,手工艺品商品_0011,这是一个测试商品，编号11，属于手工艺品分类。,10.0,3,/uploads/product/cover_6.jpg,ON_SALE,"MEETUP,EXPRESS",2026-08-02 05:41:42,2026-08-14 06:03:42
12,990,2,电子数码商品_0012,这是一个测试商品，编号12，属于电子数码分类。,5.0,5,/uploads/product/cover_3.jpg,ON_SALE,MEETUP,2026-08-09 18:32:42,2026-08-12 19:08:42
13,818,12,乐器音响商品_0013,这是一个测试商品，编号13，属于乐器音响分类。,80.0,3,/uploads/product/cover_16.jpg,ON_SALE,"MEETUP,EXPRESS",2026-08-08 11:33:42,2026-08-12 05:50:42
14,503,9,游戏动漫商品_0014,这是一个测试商品，编号14，属于游戏动漫分类。,8.0,2,/uploads/product/cover_6.jpg,ON_SALE,MEETUP,2026-08-12 19:12:42,2026-08-15 04:13:42
15,976,7,文具办公商品_0015,这是一个测试商品，编号15，属于文具办公分类。,50.0,4,/uploads/product/cover_1.jpg,ON_SALE,EXPRESS,2026-08-04 05:10:42,2026-08-13 06:56:42
16,716,3,日用百货商品_0016,这是一个测试商品，编号16，属于日用百货分类。,3.0,2,/uploads/product/cover_9.jpg,ON_SALE,"MEETUP,EXPRESS",2026-07-28 03:59:42,2026-08-13 01:27:42
17,523,13,交通工具商品_0017,这是一个测试商品，编号17，属于交通工具分类。,150.0,5,/uploads/product/cover_10.jpg,ON_SALE,MEETUP,2026-08-02 16:13:42,2026-08-15 00:52:42
18,655,6,零食饮料商品_0018,这是一个测试商品，编号18，属于零食饮料分类。,80.0,1,/uploads/product/cover_2.jpg,ON_SALE,MEETUP,2026-08-13 02:36:42,2026-08-12 00:25:42
19,309,3,日用百货商品_0019,这是一个测试商品，编号19，属于日用百货分类。,30.0,2,/uploads/product/cover_11.jpg,ON_SALE,MEETUP,2026-08-10 09:52:42,2026-08-13 19:29:42
20,900,9,游戏动漫商品_0020,这是一个测试商品，编号20，属于游戏动漫分类。,3.0,2,/uploads/product/cover_4.jpg,ON_SALE,"MEETUP,EXPRESS",2026-08-14 08:05:42,2026-08-13 10:17:42
21,756,3,日用百货商品_0021,这是一个测试商品，编号21，属于日用百货分类。,2.0,3,/uploads/product/cover_9.jpg,ON_SALE,EXPRESS,2026-08-11 18:30:42,2026-08-14 09:14:42
22,839,13,交通工具商品_0022,这是一个测试商品，编号22，属于交通工具分类。,15.0,1,/uploads/product/cover_4.jpg,ON_SALE,EXPRESS,2026-07-28 03:06:42,2026-08-15 01:20:42
23,83,3,日用百货商品_0023,这是一个测试商品，编号23，属于日用百货分类。,60.0,4,/uploads/product/cover_8.jpg,ON_SALE,"MEETUP,EXPRESS",2026-08-03 11:36:42,2026-08-15 08:12:42
24,601,9,游戏动漫商品_0024,这是一个测试商品，编号24，属于游戏动漫分类。,200.0,5,/uploads/product/cover_6.jpg,ON_SALE,EXPRESS,2026-08-14 02:22:42,2026-08-14 00:04:42
25,430,1,教材教辅商品_0025,这是一个测试商品，编号25，属于教材教辅分类。,120.0,4,/uploads/product/cover_13.jpg,ON_SALE,MEETUP,2026-08-16 07:01:42,2026-08-16 15:53:42
26,187,3,日用百货商品_0026,这是一个测试商品，编号26，属于日用百货分类。,15.0,3,/uploads/product/cover_10.jpg,ON_SALE,"MEETUP,EXPRESS",2026-08-08 16:04:42,2026-08-15 11:00:42
27,31,12,乐器音响商品_0027,这是一个测试商品，编号27，属于乐器音响分类。,20.0,4,/uploads/product/cover_2.jpg,ON_SALE,MEETUP,2026-07-27 19:22:42,2026-08-13 18:03:42
28,969,8,美妆护肤商品_0028,这是一个测试商品，编号28，属于美妆护肤分类。,100.0,2,/uploads/product/cover_4.jpg,ON_SALE,EXPRESS,2026-07-31 06:52:42,2026-08-16 12:45:42
29,64,2,电子数码商品_0029,这是一个测试商品，编号29，属于电子数码分类。,80.0,5,/uploads/product/cover_15.jpg,ON_SALE,EXPRESS,2026-07-28 23:17:42,2026-08-16 16:50:42
30,827,1,教材教辅商品_0030,这是一个测试商品，编号30，属于教材教辅分类。,150.0,1,/uploads/product/cover_7.jpg,ON_SALE,MEETUP,2026-08-01 15:40:42,2026-08-15 20:24:42
31,766,10,家居家电商品_0031,这是一个测试商品，编号31，属于家居家电分类。,20.0,4,/uploads/product/cover_18.jpg,ON_SALE,MEETUP,2026-08-14 19:49:42,2026-08-13 14:07:42
32,963,11,图书小说商品_0032,这是一个测试商品，编号32，属于图书小说分类。,2.0,5,/uploads/product/cover_2.jpg,ON_SALE,EXPRESS,2026-07-31 10:49:42,2026-08-11 22:37:42
33,866,14,宠物用品商品_0033,这是一个测试商品，编号33，属于宠物用品分类。,12.0,5,/uploads/product/cover_11.jpg,ON_SALE,MEETUP,2026-08-15 22:48:42,2026-08-16 12:27:42
34,349,6,零食饮料商品_0034,这是一个测试商品，编号34，属于零食饮料分类。,100.0,5,/uploads/product/cover_6.jpg,ON_SALE,EXPRESS,2026-08-13 18:25:42,2026-08-15 01:22:42
35,693,9,游戏动漫商品_0035,这是一个测试商品，编号35，属于游戏动漫分类。,12.0,1,/uploads/product/cover_16.jpg,ON_SALE,"MEETUP,EXPRESS",2026-08-01 23:07:42,2026-08-15 20:41:42
36,480,7,文具办公商品_0036,这是一个测试商品，编号36，属于文具办公分类。,20.0,1,/uploads/product/cover_14.jpg,ON_SALE,"MEETUP,EXPRESS",2026-07-29 20:23:42,2026-08-15 23:25:42
37,1000,3,日用百货商品_0037,这是一个测试商品，编号37，属于日用百货分类。,30.0,2,/uploads/product/cover_20.jpg,ON_SALE,EXPRESS,2026-08-04 10:25:42,2026-08-13 15:21:42
38,203,6,零食饮料商品_0038,这是一个测试商品，编号38，属于零食饮料分类。,25.0,2,/uploads/product/cover_2.jpg,ON_SALE,MEETUP,2026-08-03 01:00:42,2026-08-16 18:44:42
39,818,9,游戏动漫商品_0039,这是一个测试商品，编号39，属于游戏动漫分类。,200.0,1,/uploads/product/cover_18.jpg,ON_SALE,MEETUP,2026-08-05 04:00:42,2026-08-12 17:55:42
40,174,11,图书小说商品_0040,这是一个测试商品，编号40，属于图书小说分类。,150.0,3,/uploads/product/cover_7.jpg,ON_SALE,"MEETUP,EXPRESS",2026-08-10 06:44:42,2026-08-15 15:30:42
41,600,13,交通工具商品_0041,这是一个测试商品，编号41，属于交通工具分类。,10.0,4,/uploads/product/cover_20.jpg,ON_SALE,EXPRESS,2026-08-04 01:33:42,2026-08-13 10:30:42
42,683,1,教材教辅商品_0042,这是一个测试商品，编号42，属于教材教辅分类。,25.0,4,/uploads/product/cover_15.jpg,ON_SALE,EXPRESS,2026-08-05 16:28:42,2026-08-11 20:48:42
43,252,12,乐器音响商品_0043,这是一个测试商品，编号43，属于乐器音响分类。,2.0,2,/uploads/product/cover_3.jpg,ON_SALE,MEETUP,2026-08-14 19:48:42,2026-08-13 09:03:42
44,149,2,电子数码商品_0044,这是一个测试商品，编号44，属于电子数码分类。,3.0,1,/uploads/product/cover_16.jpg,ON_SALE,"MEETUP,EXPRESS",2026-08-10 12:32:42,2026-08-15 22:22:42
45,786,15,手工艺品商品_0045,这是一个测试商品，编号45，属于手工艺品分类。,150.0,2,/uploads/product/cover_10.jpg,ON_SALE,"MEETUP,EXPRESS",2026-08-12 23:21:42,2026-08-15 00:47:42
46,296,14,宠物用品商品_0046,这是一个测试商品，编号46，属于宠物用品分类。,120.0,3,/uploads/product/cover_17.jpg,ON_SALE,"MEETUP,EXPRESS",2026-08-09 18:55:42,2026-08-14 15:08:42
47,436,14,宠物用品商品_0047,这是一个测试商品，编号47，属于宠物用品分类。,15.0,1,/uploads/product/cover_11.jpg,ON_SALE,"MEETUP,EXPRESS",2026-08-15 14:49:42,2026-08-14 16:31:42
48,488,13,交通工具商品_0048,这是一个测试商品，编号48，属于交通工具分类。,2.0,5,/uploads/product/cover_13.jpg,ON_SALE,EXPRESS,2026-08-07 06:10:42,2026-08-15 11:13:42
49,889,4,运动户外商品_0049,这是一个测试商品，编号49，属于运动户外分类。,1.0,3,/uploads/product/cover_18.jpg,ON_SALE,"MEETUP,EXPRESS",2026-08-14 18:35:42,2026-08-16 14:59:42
50,780,15,手工艺品商品_0050,这是一个测试商品，编号50，属于手工艺品分类。,150.0,4,/uploads/product/cover_14.jpg,ON_SALE,MEETUP,2026-08-12 03:23:42,2026-08-12 05:01:42
51,983,6,零食饮料商品_0051,这是一个测试商品，编号51，属于零食饮料分类。,20.0,4,/uploads/product/cover_8.jpg,ON_SALE,EXPRESS,2026-08-06 08:08:42,2026-08-16 14:21:42
52,789,15,手工艺品商品_0052,这是一个测试商品，编号52，属于手工艺品分类。,15.0,4,/uploads/product/cover_16.jpg,ON_SALE,MEETUP,2026-08-13 14:41:42,2026-08-12 07:07:42
53,577,9,游戏动漫商品_0053,这是一个测试商品，编号53，属于游戏动漫分类。,25.0,1,/uploads/product/cover_11.jpg,ON_SALE,MEETUP,2026-08-08 14:31:42,2026-08-15 21:04:42
54,613,3,日用百货商品_0054,这是一个测试商品，编号54，属于日用百货分类。,12.0,2,/uploads/product/cover_13.jpg,ON_SALE,"MEETUP,EXPRESS",2026-08-12 09:05:42,2026-08-14 05:07:42
55,756,13,交通工具商品_0055,这是一个测试商品，编号55，属于交通工具分类。,2.0,3,/uploads/product/cover_14.jpg,ON_SALE,MEETUP,2026-08-02 14:53:42,2026-08-14 16:27:42
56,105,8,美妆护肤商品_0056,这是一个测试商品，编号56，属于美妆护肤分类。,5.0,2,/uploads/product/cover_2.jpg,ON_SALE,EXPRESS,2026-08-02 15:32:42,2026-08-13 10:07:42
57,668,9,游戏动漫商品_0057,这是一个测试商品，编号57，属于游戏动漫分类。,25.0,2,/uploads/product/cover_16.jpg,ON_SALE,EXPRESS,2026-08-15 12:49:42,2026-08-13 08:36:42
58,234,1,教材教辅商品_0058,这是一个测试商品，编号58，属于教材教辅分类。,60.0,2,/uploads/product/cover_15.jpg,ON_SALE,MEETUP,2026-08-14 09:23:42,2026-08-13 20:26:42
59,688,7,文具办公商品_0059,这是一个测试商品，编号59，属于文具办公分类。,50.0,1,/uploads/product/cover_6.jpg,ON_SALE,EXPRESS,2026-08-11 08:39:42,2026-08-12 21:22:42
60,413,15,手工艺品商品_0060,这是一个测试商品，编号60，属于手工艺品分类。,30.0,4,/uploads/product/cover_6.jpg,ON_SALE,EXPRESS,2026-07-31 09:53:42,2026-08-13 05:28:42
61,257,1,教材教辅商品_0061,这是一个测试商品，编号61，属于教材教辅分类。,30.0,4,/uploads/product/cover_13.jpg,ON_SALE,EXPRESS,2026-08-10 14:25:42,2026-08-15 20:42:42
62,966,4,运动户外商品_0062,这是一个测试商品，编号62，属于运动户外分类。,1.0,5,/uploads/product/cover_13.jpg,ON_SALE,MEETUP,2026-08-02 20:47:42,2026-08-13 23:47:42
63,224,7,文具办公商品_0063,这是一个测试商品，编号63，属于文具办公分类。,60.0,5,/uploads/product/cover_16.jpg,ON_SALE,EXPRESS,2026-08-15 04:58:42,2026-08-16 10:22:42
64,941,7,文具办公商品_0064,这是一个测试商品，编号64，属于文具办公分类。,60.0,5,/uploads/product/cover_8.jpg,ON_SALE,"MEETUP,EXPRESS",2026-08-14 20:34:42,2026-08-14 11:39:42
65,7,13,交通工具商品_0065,这是一个测试商品，编号65，属于交通工具分类。,2.0,1,/uploads/product/cover_17.jpg,ON_SALE,EXPRESS,2026-08-12 03:43:42,2026-08-12 05:08:42
66,86,10,家居家电商品_0066,这是一个测试商品，编号66，属于家居家电分类。,1.0,4,/uploads/product/cover_14.jpg,ON_SALE,MEETUP,2026-08-16 08:43:42,2026-08-14 05:27:42
67,60,9,游戏动漫商品_0067,这是一个测试商品，编号67，属于游戏动漫分类。,25.0,5,/uploads/product/cover_15.jpg,ON_SALE,MEETUP,2026-08-06 07:39:42,2026-08-15 05:01:42
68,79,4,运动户外商品_0068,这是一个测试商品，编号68，属于运动户外分类。,5.0,5,/uploads/product/cover_9.jpg,ON_SALE,"MEETUP,EXPRESS",2026-08-11 03:42:42,2026-08-12 19:02:42
69,134,12,乐器音响商品_0069,这是一个测试商品，编号69，属于乐器音响分类。,12.0,2,/uploads/product/cover_6.jpg,ON_SALE,"MEETUP,EXPRESS",2026-08-11 13:14:42,2026-08-15 03:49:42
70,109,14,宠物用品商品_0070,这是一个测试商品，编号70，属于宠物用品分类。,15.0,4,/uploads/product/cover_12.jpg,ON_SALE,EXPRESS,2026-08-01 05:17:42,2026-08-16 03:49:42
71,434,1,教材教辅商品_0071,这是一个测试商品，编号71，属于教材教辅分类。,50.0,3,/uploads/product/cover_6.jpg,ON_SALE,EXPRESS,2026-07-30 07:48:42,2026-08-14 10:02:42
72,566,10,家居家电商品_0072,这是一个测试商品，编号72，属于家居家电分类。,3.0,5,/uploads/product/cover_8.jpg,ON_SALE,"MEETUP,EXPRESS",2026-08-05 13:49:42,2026-08-13 00:55:42
73,213,3,日用百货商品_0073,这是一个测试商品，编号73，属于日用百货分类。,50.0,1,/uploads/product/cover_6.jpg,ON_SALE,EXPRESS,2026-08-03 00:05:42,2026-08-12 18:49:42
74,912,3,日用百货商品_0074,这是一个测试商品，编号74，属于日用百货分类。,150.0,4,/uploads/product/cover_9.jpg,ON_SALE,MEETUP,2026-08-14 17:28:42,2026-08-12 18:00:42
75,74,8,美妆护肤商品_0075,这是一个测试商品，编号75，属于美妆护肤分类。,12.0,1,/uploads/product/cover_7.jpg,ON_SALE,"MEETUP,EXPRESS",2026-08-04 12:27:42,2026-08-16 08:12:42
76,12,5,服装鞋帽商品_0076,这是一个测试商品，编号76，属于服装鞋帽分类。,10.0,5,/uploads/product/cover_7.jpg,ON_SALE,"MEETUP,EXPRESS",2026-08-11 05:02:42,2026-08-13 13:39:42
77,939,7,文具办公商品_0077,这是一个测试商品，编号77，属于文具办公分类。,150.0,5,/uploads/product/cover_8.jpg,ON_SALE,"MEETUP,EXPRESS",2026-08-02 13:19:42,2026-08-14 04:28:42
78,248,1,教材教辅商品_0078,这是一个测试商品，编号78，属于教材教辅分类。,120.0,5,/uploads/product/cover_8.jpg,ON_SALE,EXPRESS,2026-08-14 19:30:42,2026-08-14 10:52:42
79,161,10,家居家电商品_0079,这是一个测试商品，编号79，属于家居家电分类。,2.0,5,/uploads/product/cover_18.jpg,ON_SALE,MEETUP,2026-08-12 20:17:42,2026-08-14 19:17:42
80,231,8,美妆护肤商品_0080,这是一个测试商品，编号80，属于美妆护肤分类。,30.0,2,/uploads/product/cover_16.jpg,ON_SALE,"MEETUP,EXPRESS",2026-07-30 16:45:42,2026-08-12 15:03:42
81,397,6,零食饮料商品_0081,这是一个测试商品，编号81，属于零食饮料分类。,100.0,1,/uploads/product/cover_10.jpg,ON_SALE,EXPRESS,2026-08-03 17:47:42,2026-08-12 20:29:42
82,464,11,图书小说商品_0082,这是一个测试商品，编号82，属于图书小说分类。,3.0,3,/uploads/product/cover_6.jpg,ON_SALE,MEETUP,2026-08-11 01:14:42,2026-08-14 07:42:42
83,603,5,服装鞋帽商品_0083,这是一个测试商品，编号83，属于服装鞋帽分类。,25.0,5,/uploads/product/cover_19.jpg,ON_SALE,MEETUP,2026-08-16 04:09:42,2026-08-16 02:01:42
84,560,5,服装鞋帽商品_0084,这是一个测试商品，编号84，属于服装鞋帽分类。,8.0,1,/uploads/product/cover_14.jpg,ON_SALE,EXPRESS,2026-08-01 07:07:42,2026-08-13 18:45:42
85,46,1,教材教辅商品_0085,这是一个测试商品，编号85，属于教材教辅分类。,120.0,1,/uploads/product/cover_19.jpg,ON_SALE,"MEETUP,EXPRESS",2026-07-28 17:45:42,2026-08-15 15:58:42
86,381,15,手工艺品商品_0086,这是一个测试商品，编号86，属于手工艺品分类。,200.0,2,/uploads/product/cover_20.jpg,ON_SALE,"MEETUP,EXPRESS",2026-08-08 10:21:42,2026-08-12 17:18:42
87,231,15,手工艺品商品_0087,这是一个测试商品，编号87，属于手工艺品分类。,50.0,2,/uploads/product/cover_12.jpg,ON_SALE,"MEETUP,EXPRESS",2026-08-09 12:44:42,2026-08-16 13:40:42
88,367,1,教材教辅商品_0088,这是一个测试商品，编号88，属于教材教辅分类。,15.0,2,/uploads/product/cover_12.jpg,ON_SALE,EXPRESS,2026-08-06 07:01:42,2026-08-16 15:16:42
89,906,6,零食饮料商品_0089,这是一个测试商品，编号89，属于零食饮料分类。,100.0,3,/uploads/product/cover_11.jpg,ON_SALE,EXPRESS,2026-08-15 11:01:42,2026-08-13 00:23:42
90,833,13,交通工具商品_0090,这是一个测试商品，编号90，属于交通工具分类。,120.0,5,/uploads/product/cover_10.jpg,ON_SALE,EXPRESS,2026-08-09 23:43:42,2026-08-15 11:59:42
91,167,14,宠物用品商品_0091,这是一个测试商品，编号91，属于宠物用品分类。,200.0,2,/uploads/product/cover_13.jpg,ON_SALE,"MEETUP,EXPRESS",2026-07-29 05:47:42,2026-08-16 01:54:42
92,356,11,图书小说商品_0092,这是一个测试商品，编号92，属于图书小说分类。,120.0,2,/uploads/product/cover_4.jpg,ON_SALE,"MEETUP,EXPRESS",2026-08-08 10:50:42,2026-08-15 00:52:42
93,455,13,交通工具商品_0093,这是一个测试商品，编号93，属于交通工具分类。,1.0,5,/uploads/product/cover_13.jpg,ON_SALE,MEETUP,2026-07-27 23:16:42,2026-08-15 17:48:42
94,147,8,美妆护肤商品_0094,这是一个测试商品，编号94，属于美妆护肤分类。,100.0,4,/uploads/product/cover_7.jpg,ON_SALE,"MEETUP,EXPRESS",2026-08-01 04:36:42,2026-08-12 07:38:42
95,164,15,手工艺品商品_0095,这是一个测试商品，编号95，属于手工艺品分类。,15.0,1,/uploads/product/cover_13.jpg,ON_SALE,"MEETUP,EXPRESS",2026-07-28 10:14:42,2026-08-16 00:42:42
96,924,6,零食饮料商品_0096,这是一个测试商品，编号96，属于零食饮料分类。,12.0,5,/uploads/product/cover_4.jpg,ON_SALE,EXPRESS,2026-08-12 13:30:42,2026-08-13 16:11:42
97,235,8,美妆护肤商品_0097,这是一个测试商品，编号97，属于美妆护肤分类。,20.0,3,/uploads/product/cover_8.jpg,ON_SALE,EXPRESS,2026-08-04 14:28:42,2026-08-14 03:35:42
98,155,11,图书小说商品_0098,这是一个测试商品，编号98，属于图书小说分类。,60.0,4,/uploads/product/cover_9.jpg,ON_SALE,MEETUP,2026-08-13 14:11:42,2026-08-15 23:28:42
99,124,13,交通工具商品_0099,这是一个测试商品，编号99，属于交通工具分类。,12.0,2,/uploads/product/cover_1.jpg,ON_SALE,"MEETUP,EXPRESS",2026-07-29 00:45:42,2026-08-12 10:35:42
100,896,5,服装鞋帽商品_0100,这是一个测试商品，编号100，属于服装鞋帽分类。,30.0,1,/uploads/product/cover_7.jpg,ON_SALE,"MEETUP,EXPRESS",2026-08-13 16:33:42,2026-08-15 08:33:42
101,11,2,电子数码商品_0101,这是一个测试商品，编号101，属于电子数码分类。,1.0,3,/uploads/product/cover_7.jpg,ON_SALE,EXPRESS,2026-08-12 15:18:42,2026-08-16 09:40:42
102,683,9,游戏动漫商品_0102,这是一个测试商品，编号102，属于游戏动漫分类。,10.0,4,/uploads/product/cover_16.jpg,ON_SALE,EXPRESS,2026-08-01 22:47:42,2026-08-14 04:17:42
103,998,6,零食饮料商品_0103,这是一个测试商品，编号103，属于零食饮料分类。,30.0,3,/uploads/product/cover_5.jpg,ON_SALE,"MEETUP,EXPRESS",2026-08-14 02:21:42,2026-08-14 20:03:42
104,261,12,乐器音响商品_0104,这是一个测试商品，编号104，属于乐器音响分类。,1.0,5,/uploads/product/cover_4.jpg,ON_SALE,EXPRESS,2026-08-10 18:56:42,2026-08-16 09:06:42
105,556,8,美妆护肤商品_0105,这是一个测试商品，编号105，属于美妆护肤分类。,25.0,1,/uploads/product/cover_14.jpg,ON_SALE,MEETUP,2026-08-04 00:43:42,2026-08-15 11:07:42
106,175,7,文具办公商品_0106,这是一个测试商品，编号106，属于文具办公分类。,120.0,3,/uploads/product/cover_4.jpg,ON_SALE,MEETUP,2026-07-28 17:45:42,2026-08-14 04:10:42
107,556,7,文具办公商品_0107,这是一个测试商品，编号107，属于文具办公分类。,200.0,3,/uploads/product/cover_2.jpg,ON_SALE,EXPRESS,2026-08-05 22:23:42,2026-08-13 19:22:42
108,544,14,宠物用品商品_0108,这是一个测试商品，编号108，属于宠物用品分类。,80.0,5,/uploads/product/cover_6.jpg,ON_SALE,MEETUP,2026-08-02 20:05:42,2026-08-13 14:30:42
109,808,1,教材教辅商品_0109,这是一个测试商品，编号109，属于教材教辅分类。,50.0,5,/uploads/product/cover_9.jpg,ON_SALE,MEETUP,2026-08-01 14:13:42,2026-08-12 13:32:42
110,313,14,宠物用品商品_0110,这是一个测试商品，编号110，属于宠物用品分类。,80.0,3,/uploads/product/cover_12.jpg,ON_SALE,"MEETUP,EXPRESS",2026-07-29 06:45:42,2026-08-12 13:44:42
111,188,1,教材教辅商品_0111,这是一个测试商品，编号111，属于教材教辅分类。,2.0,1,/uploads/product/cover_18.jpg,ON_SALE,"MEETUP,EXPRESS",2026-08-04 19:05:42,2026-08-13 13:07:42
112,905,8,美妆护肤商品_0112,这是一个测试商品，编号112，属于美妆护肤分类。,200.0,2,/uploads/product/cover_18.jpg,ON_SALE,MEETUP,2026-08-10 00:07:42,2026-08-14 13:14:42
113,14,14,宠物用品商品_0113,这是一个测试商品，编号113，属于宠物用品分类。,15.0,2,/uploads/product/cover_6.jpg,ON_SALE,"MEETUP,EXPRESS",2026-08-08 16:37:42,2026-08-12 00:44:42
114,609,13,交通工具商品_0114,这是一个测试商品，编号114，属于交通工具分类。,5.0,1,/uploads/product/cover_20.jpg,ON_SALE,EXPRESS,2026-08-03 06:45:42,2026-08-13 17:47:42
115,420,1,教材教辅商品_0115,这是一个测试商品，编号115，属于教材教辅分类。,3.0,3,/uploads/product/cover_11.jpg,ON_SALE,"MEETUP,EXPRESS",2026-07-29 07:28:42,2026-08-15 13:51:42
116,489,11,图书小说商品_0116,这是一个测试商品，编号116，属于图书小说分类。,200.0,1,/uploads/product/cover_1.jpg,ON_SALE,EXPRESS,2026-08-08 23:51:42,2026-08-15 19:07:42
117,87,4,运动户外商品_0117,这是一个测试商品，编号117，属于运动户外分类。,100.0,3,/uploads/product/cover_7.jpg,ON_SALE,EXPRESS,2026-07-28 13:47:42,2026-08-15 09:02:42
118,475,2,电子数码商品_0118,这是一个测试商品，编号118，属于电子数码分类。,15.0,5,/uploads/product/cover_8.jpg,ON_SALE,MEETUP,2026-08-15 20:53:42,2026-08-13 17:56:42
119,542,8,美妆护肤商品_0119,这是一个测试商品，编号119，属于美妆护肤分类。,30.0,4,/uploads/product/cover_2.jpg,ON_SALE,MEETUP,2026-08-04 10:30:42,2026-08-15 21:08:42
120,429,8,美妆护肤商品_0120,这是一个测试商品，编号120，属于美妆护肤分类。,10.0,4,/uploads/product/cover_5.jpg,ON_SALE,MEETUP,2026-08-07 12:10:42,2026-08-11 20:33:42
121,11,10,家居家电商品_0121,这是一个测试商品，编号121，属于家居家电分类。,5.0,3,/uploads/product/cover_8.jpg,ON_SALE,MEETUP,2026-08-11 12:38:42,2026-08-13 16:27:42
122,846,11,图书小说商品_0122,这是一个测试商品，编号122，属于图书小说分类。,8.0,2,/uploads/product/cover_8.jpg,ON_SALE,EXPRESS,2026-08-13 12:00:42,2026-08-15 05:48:42
123,13,5,服装鞋帽商品_0123,这是一个测试商品，编号123，属于服装鞋帽分类。,150.0,1,/uploads/product/cover_14.jpg,ON_SALE,MEETUP,2026-08-12 12:10:42,2026-08-16 06:33:42
124,283,2,电子数码商品_0124,这是一个测试商品，编号124，属于电子数码分类。,200.0,2,/uploads/product/cover_15.jpg,ON_SALE,"MEETUP,EXPRESS",2026-08-02 03:13:42,2026-08-13 02:32:42
125,489,15,手工艺品商品_0125,这是一个测试商品，编号125，属于手工艺品分类。,8.0,1,/uploads/product/cover_14.jpg,ON_SALE,EXPRESS,2026-08-10 10:17:42,2026-08-14 13:16:42
126,999,14,宠物用品商品_0126,这是一个测试商品，编号126，属于宠物用品分类。,10.0,3,/uploads/product/cover_14.jpg,ON_SALE,"MEETUP,EXPRESS",2026-08-01 08:01:42,2026-08-14 15:23:42
127,564,1,教材教辅商品_0127,这是一个测试商品，编号127，属于教材教辅分类。,12.0,1,/uploads/product/cover_16.jpg,ON_SALE,EXPRESS,2026-07-28 00:43:42,2026-08-15 09:11:42
128,188,15,手工艺品商品_0128,这是一个测试商品，编号128，属于手工艺品分类。,10.0,2,/uploads/product/cover_10.jpg,ON_SALE,EXPRESS,2026-08-09 04:36:42,2026-08-14 10:51:42
129,788,3,日用百货商品_0129,这是一个测试商品，编号129，属于日用百货分类。,25.0,2,/uploads/product/cover_9.jpg,ON_SALE,MEETUP,2026-08-03 08:05:42,2026-08-15 02:03:42
130,399,8,美妆护肤商品_0130,这是一个测试商品，编号130，属于美妆护肤分类。,150.0,5,/uploads/product/cover_1.jpg,ON_SALE,"MEETUP,EXPRESS",2026-08-05 09:06:42,2026-08-12 07:08:42
131,231,14,宠物用品商品_0131,这是一个测试商品，编号131，属于宠物用品分类。,3.0,2,/uploads/product/cover_14.jpg,ON_SALE,EXPRESS,2026-07-29 17:38:42,2026-08-13 13:43:42
132,529,12,乐器音响商品_0132,这是一个测试商品，编号132，属于乐器音响分类。,8.0,3,/uploads/product/cover_3.jpg,ON_SALE,EXPRESS,2026-08-16 18:17:42,2026-08-14 11:23:42
133,896,11,图书小说商品_0133,这是一个测试商品，编号133，属于图书小说分类。,1.0,3,/uploads/product/cover_16.jpg,ON_SALE,EXPRESS,2026-08-08 13:50:42,2026-08-12 19:38:42
134,241,13,交通工具商品_0134,这是一个测试商品，编号134，属于交通工具分类。,1.0,5,/uploads/product/cover_20.jpg,ON_SALE,"MEETUP,EXPRESS",2026-08-15 00:06:42,2026-08-15 03:21:42
135,80,11,图书小说商品_0135,这是一个测试商品，编号135，属于图书小说分类。,150.0,4,/uploads/product/cover_2.jpg,ON_SALE,MEETUP,2026-07-31 22:15:42,2026-08-12 19:49:42
136,301,8,美妆护肤商品_0136,这是一个测试商品，编号136，属于美妆护肤分类。,100.0,5,/uploads/product/cover_17.jpg,ON_SALE,MEETUP,2026-08-08 12:26:42,2026-08-16 06:09:42
137,385,9,游戏动漫商品_0137,这是一个测试商品，编号137，属于游戏动漫分类。,15.0,4,/uploads/product/cover_12.jpg,ON_SALE,MEETUP,2026-08-08 05:01:42,2026-08-13 14:12:42
138,898,13,交通工具商品_0138,这是一个测试商品，编号138，属于交通工具分类。,3.0,2,/uploads/product/cover_13.jpg,ON_SALE,EXPRESS,2026-08-14 07:13:42,2026-08-13 20:50:42
139,532,14,宠物用品商品_0139,这是一个测试商品，编号139，属于宠物用品分类。,2.0,5,/uploads/product/cover_20.jpg,ON_SALE,EXPRESS,2026-08-15 17:46:42,2026-08-13 02:56:42
140,713,10,家居家电商品_0140,这是一个测试商品，编号140，属于家居家电分类。,50.0,1,/uploads/product/cover_1.jpg,ON_SALE,EXPRESS,2026-08-07 08:53:42,2026-08-12 22:02:42
141,858,7,文具办公商品_0141,这是一个测试商品，编号141，属于文具办公分类。,120.0,1,/uploads/product/cover_10.jpg,ON_SALE,"MEETUP,EXPRESS",2026-08-05 05:07:42,2026-08-13 17:34:42
142,922,4,运动户外商品_0142,这是一个测试商品，编号142，属于运动户外分类。,10.0,2,/uploads/product/cover_15.jpg,ON_SALE,MEETUP,2026-08-03 00:23:42,2026-08-15 12:54:42
143,406,11,图书小说商品_0143,这是一个测试商品，编号143，属于图书小说分类。,25.0,4,/uploads/product/cover_7.jpg,ON_SALE,"MEETUP,EXPRESS",2026-08-04 03:11:42,2026-08-16 00:56:42
144,139,12,乐器音响商品_0144,这是一个测试商品，编号144，属于乐器音响分类。,50.0,2,/uploads/product/cover_14.jpg,ON_SALE,MEETUP,2026-08-01 00:14:42,2026-08-14 16:16:42
145,17,8,美妆护肤商品_0145,这是一个测试商品，编号145，属于美妆护肤分类。,60.0,5,/uploads/product/cover_17.jpg,ON_SALE,MEETUP,2026-08-06 12:23:42,2026-08-13 21:17:42
146,828,7,文具办公商品_0146,这是一个测试商品，编号146，属于文具办公分类。,10.0,4,/uploads/product/cover_7.jpg,ON_SALE,EXPRESS,2026-08-03 12:36:42,2026-08-14 20:23:42
147,711,13,交通工具商品_0147,这是一个测试商品，编号147，属于交通工具分类。,60.0,4,/uploads/product/cover_13.jpg,ON_SALE,"MEETUP,EXPRESS",2026-08-05 22:35:42,2026-08-15 21:15:42
148,310,3,日用百货商品_0148,这是一个测试商品，编号148，属于日用百货分类。,30.0,1,/uploads/product/cover_15.jpg,ON_SALE,"MEETUP,EXPRESS",2026-08-07 22:01:42,2026-08-12 05:07:42
149,717,9,游戏动漫商品_0149,这是一个测试商品，编号149，属于游戏动漫分类。,15.0,4,/uploads/product/cover_15.jpg,ON_SALE,"MEETUP,EXPRESS",2026-08-03 06:42:42,2026-08-15 17:07:42
150,72,13,交通工具商品_0150,这是一个测试商品，编号150，属于交通工具分类。,3.0,2,/uploads/product/cover_19.jpg,ON_SALE,EXPRESS,2026-08-16 03:43:42,2026-08-12 00:44:42
151,786,14,宠物用品商品_0151,这是一个测试商品，编号151，属于宠物用品分类。,60.0,5,/uploads/product/cover_3.jpg,ON_SALE,EXPRESS,2026-07-29 00:56:42,2026-08-15 03:48:42
152,576,7,文具办公商品_0152,这是一个测试商品，编号152，属于文具办公分类。,30.0,3,/uploads/product/cover_7.jpg,ON_SALE,"MEETUP,EXPRESS",2026-08-02 16:26:42,2026-08-16 01:28:42
153,843,10,家居家电商品_0153,这是一个测试商品，编号153，属于家居家电分类。,200.0,3,/uploads/product/cover_6.jpg,ON_SALE,MEETUP,2026-07-29 09:45:42,2026-08-16 12:10:42
154,713,11,图书小说商品_0154,这是一个测试商品，编号154，属于图书小说分类。,120.0,2,/uploads/product/cover_3.jpg,ON_SALE,EXPRESS,2026-08-09 08:36:42,2026-08-11 20:54:42
155,116,6,零食饮料商品_0155,这是一个测试商品，编号155，属于零食饮料分类。,200.0,5,/uploads/product/cover_20.jpg,ON_SALE,MEETUP,2026-08-02 18:31:42,2026-08-12 13:51:42
156,632,14,宠物用品商品_0156,这是一个测试商品，编号156，属于宠物用品分类。,1.0,5,/uploads/product/cover_15.jpg,ON_SALE,"MEETUP,EXPRESS",2026-08-16 07:39:42,2026-08-12 02:45:42
157,982,4,运动户外商品_0157,这是一个测试商品，编号157，属于运动户外分类。,150.0,5,/uploads/product/cover_17.jpg,ON_SALE,EXPRESS,2026-08-07 21:05:42,2026-08-15 17:11:42
158,151,8,美妆护肤商品_0158,这是一个测试商品，编号158，属于美妆护肤分类。,15.0,5,/uploads/product/cover_4.jpg,ON_SALE,MEETUP,2026-08-01 02:00:42,2026-08-16 06:15:42
159,386,11,图书小说商品_0159,这是一个测试商品，编号159，属于图书小说分类。,150.0,2,/uploads/product/cover_4.jpg,ON_SALE,MEETUP,2026-07-31 00:00:42,2026-08-16 15:31:42
160,667,15,手工艺品商品_0160,这是一个测试商品，编号160，属于手工艺品分类。,150.0,5,/uploads/product/cover_5.jpg,ON_SALE,EXPRESS,2026-07-31 16:34:42,2026-08-16 12:27:42
161,794,2,电子数码商品_0161,这是一个测试商品，编号161，属于电子数码分类。,10.0,4,/uploads/product/cover_2.jpg,ON_SALE,EXPRESS,2026-08-12 05:15:42,2026-08-14 17:27:42
162,901,4,运动户外商品_0162,这是一个测试商品，编号162，属于运动户外分类。,10.0,1,/uploads/product/cover_17.jpg,ON_SALE,EXPRESS,2026-07-30 17:22:42,2026-08-16 04:45:42
163,412,9,游戏动漫商品_0163,这是一个测试商品，编号163，属于游戏动漫分类。,30.0,2,/uploads/product/cover_20.jpg,ON_SALE,MEETUP,2026-07-30 13:14:42,2026-08-14 09:02:42
164,540,13,交通工具商品_0164,这是一个测试商品，编号164，属于交通工具分类。,1.0,1,/uploads/product/cover_1.jpg,ON_SALE,MEETUP,2026-08-12 02:23:42,2026-08-12 08:19:42
165,189,11,图书小说商品_0165,这是一个测试商品，编号165，属于图书小说分类。,12.0,3,/uploads/product/cover_3.jpg,ON_SALE,"MEETUP,EXPRESS",2026-08-03 01:55:42,2026-08-13 00:12:42
166,116,14,宠物用品商品_0166,这是一个测试商品，编号166，属于宠物用品分类。,3.0,1,/uploads/product/cover_6.jpg,ON_SALE,MEETUP,2026-08-04 06:47:42,2026-08-16 01:53:42
167,544,14,宠物用品商品_0167,这是一个测试商品，编号167，属于宠物用品分类。,30.0,1,/uploads/product/cover_8.jpg,ON_SALE,EXPRESS,2026-08-13 04:52:42,2026-08-15 05:43:42
168,689,5,服装鞋帽商品_0168,这是一个测试商品，编号168，属于服装鞋帽分类。,150.0,3,/uploads/product/cover_7.jpg,ON_SALE,MEETUP,2026-07-28 06:15:42,2026-08-14 22:39:42
169,343,11,图书小说商品_0169,这是一个测试商品，编号169，属于图书小说分类。,60.0,4,/uploads/product/cover_1.jpg,ON_SALE,"MEETUP,EXPRESS",2026-08-11 18:08:42,2026-08-13 20:56:42
170,674,5,服装鞋帽商品_0170,这是一个测试商品，编号170，属于服装鞋帽分类。,30.0,2,/uploads/product/cover_12.jpg,ON_SALE,"MEETUP,EXPRESS",2026-08-02 23:54:42,2026-08-12 15:56:42
171,160,8,美妆护肤商品_0171,这是一个测试商品，编号171，属于美妆护肤分类。,100.0,3,/uploads/product/cover_8.jpg,ON_SALE,"MEETUP,EXPRESS",2026-08-11 00:57:42,2026-08-14 00:27:42
172,415,4,运动户外商品_0172,这是一个测试商品，编号172，属于运动户外分类。,10.0,5,/uploads/product/cover_13.jpg,ON_SALE,EXPRESS,2026-08-02 18:47:42,2026-08-14 11:31:42
173,326,14,宠物用品商品_0173,这是一个测试商品，编号173，属于宠物用品分类。,30.0,3,/uploads/product/cover_2.jpg,ON_SALE,MEETUP,2026-08-05 11:11:42,2026-08-13 10:23:42
174,772,12,乐器音响商品_0174,这是一个测试商品，编号174，属于乐器音响分类。,15.0,5,/uploads/product/cover_15.jpg,ON_SALE,MEETUP,2026-08-07 21:54:42,2026-08-15 06:03:42
175,719,14,宠物用品商品_0175,这是一个测试商品，编号175，属于宠物用品分类。,150.0,5,/uploads/product/cover_18.jpg,ON_SALE,"MEETUP,EXPRESS",2026-08-13 07:00:42,2026-08-12 04:24:42
176,255,6,零食饮料商品_0176,这是一个测试商品，编号176，属于零食饮料分类。,60.0,3,/uploads/product/cover_13.jpg,ON_SALE,MEETUP,2026-08-12 12:47:42,2026-08-15 05:53:42
177,391,13,交通工具商品_0177,这是一个测试商品，编号177，属于交通工具分类。,3.0,4,/uploads/product/cover_20.jpg,ON_SALE,EXPRESS,2026-07-31 05:37:42,2026-08-12 16:47:42
178,382,10,家居家电商品_0178,这是一个测试商品，编号178，属于家居家电分类。,200.0,4,/uploads/product/cover_6.jpg,ON_SALE,"MEETUP,EXPRESS",2026-08-15 10:44:42,2026-08-12 02:31:42
179,189,7,文具办公商品_0179,这是一个测试商品，编号179，属于文具办公分类。,50.0,5,/uploads/product/cover_20.jpg,ON_SALE,"MEETUP,EXPRESS",2026-08-16 06:29:42,2026-08-13 16:26:42
180,972,3,日用百货商品_0180,这是一个测试商品，编号180，属于日用百货分类。,8.0,2,/uploads/product/cover_12.jpg,ON_SALE,MEETUP,2026-07-27 23:57:42,2026-08-11 21:03:42
181,159,4,运动户外商品_0181,这是一个测试商品，编号181，属于运动户外分类。,120.0,2,/uploads/product/cover_11.jpg,ON_SALE,EXPRESS,2026-08-01 06:20:42,2026-08-12 04:10:42
182,508,10,家居家电商品_0182,这是一个测试商品，编号182，属于家居家电分类。,12.0,2,/uploads/product/cover_12.jpg,ON_SALE,MEETUP,2026-08-16 09:48:42,2026-08-15 10:22:42
183,177,9,游戏动漫商品_0183,这是一个测试商品，编号183，属于游戏动漫分类。,10.0,3,/uploads/product/cover_20.jpg,ON_SALE,"MEETUP,EXPRESS",2026-08-13 08:43:42,2026-08-12 02:08:42
184,195,3,日用百货商品_0184,这是一个测试商品，编号184，属于日用百货分类。,15.0,2,/uploads/product/cover_13.jpg,ON_SALE,"MEETUP,EXPRESS",2026-08-16 17:58:42,2026-08-16 09:36:42
185,51,15,手工艺品商品_0185,这是一个测试商品，编号185，属于手工艺品分类。,12.0,4,/uploads/product/cover_5.jpg,ON_SALE,EXPRESS,2026-08-14 09:08:42,2026-08-15 17:00:42
186,292,4,运动户外商品_0186,这是一个测试商品，编号186，属于运动户外分类。,15.0,3,/uploads/product/cover_4.jpg,ON_SALE,"MEETUP,EXPRESS",2026-08-10 02:04:42,2026-08-12 03:35:42
187,156,8,美妆护肤商品_0187,这是一个测试商品，编号187，属于美妆护肤分类。,120.0,2,/uploads/product/cover_2.jpg,ON_SALE,EXPRESS,2026-07-28 01:28:42,2026-08-13 21:31:42
188,305,12,乐器音响商品_0188,这是一个测试商品，编号188，属于乐器音响分类。,50.0,2,/uploads/product/cover_10.jpg,ON_SALE,"MEETUP,EXPRESS",2026-08-05 23:10:42,2026-08-15 17:22:42
189,188,6,零食饮料商品_0189,这是一个测试商品，编号189，属于零食饮料分类。,100.0,2,/uploads/product/cover_1.jpg,ON_SALE,EXPRESS,2026-08-01 05:28:42,2026-08-12 15:16:42
190,966,9,游戏动漫商品_0190,这是一个测试商品，编号190，属于游戏动漫分类。,150.0,5,/uploads/product/cover_13.jpg,ON_SALE,"MEETUP,EXPRESS",2026-07-29 00:57:42,2026-08-15 22:01:42
191,379,9,游戏动漫商品_0191,这是一个测试商品，编号191，属于游戏动漫分类。,3.0,2,/uploads/product/cover_1.jpg,ON_SALE,"MEETUP,EXPRESS",2026-07-31 21:32:42,2026-08-14 21:56:42
192,3,10,家居家电商品_0192,这是一个测试商品，编号192，属于家居家电分类。,12.0,4,/uploads/product/cover_14.jpg,ON_SALE,"MEETUP,EXPRESS",2026-07-31 05:19:42,2026-08-14 03:46:42
193,776,14,宠物用品商品_0193,这是一个测试商品，编号193，属于宠物用品分类。,200.0,1,/uploads/product/cover_10.jpg,ON_SALE,"MEETUP,EXPRESS",2026-08-07 03:39:42,2026-08-15 20:45:42
194,326,2,电子数码商品_0194,这是一个测试商品，编号194，属于电子数码分类。,100.0,2,/uploads/product/cover_16.jpg,ON_SALE,EXPRESS,2026-07-28 08:01:42,2026-08-13 15:55:42
195,54,8,美妆护肤商品_0195,这是一个测试商品，编号195，属于美妆护肤分类。,25.0,4,/uploads/product/cover_7.jpg,ON_SALE,EXPRESS,2026-08-11 16:24:42,2026-08-14 17:41:42
196,430,13,交通工具商品_0196,这是一个测试商品，编号196，属于交通工具分类。,15.0,5,/uploads/product/cover_6.jpg,ON_SALE,"MEETUP,EXPRESS",2026-08-11 20:34:42,2026-08-11 19:02:42
197,598,10,家居家电商品_0197,这是一个测试商品，编号197，属于家居家电分类。,15.0,2,/uploads/product/cover_17.jpg,ON_SALE,MEETUP,2026-08-10 12:26:42,2026-08-16 12:36:42
198,750,13,交通工具商品_0198,这是一个测试商品，编号198，属于交通工具分类。,50.0,3,/uploads/product/cover_10.jpg,ON_SALE,MEETUP,2026-08-02 09:20:42,2026-08-12 18:06:42
199,278,7,文具办公商品_0199,这是一个测试商品，编号199，属于文具办公分类。,25.0,1,/uploads/product/cover_15.jpg,ON_SALE,EXPRESS,2026-07-30 05:00:42,2026-08-15 11:35:42
200,68,12,乐器音响商品_0200,这是一个测试商品，编号200，属于乐器音响分类。,5.0,4,/uploads/product/cover_14.jpg,ON_SALE,MEETUP,2026-08-13 23:51:42,2026-08-12 22:53:42
201,941,14,宠物用品商品_0201,这是一个测试商品，编号201，属于宠物用品分类。,120.0,3,/uploads/product/cover_3.jpg,ON_SALE,MEETUP,2026-08-08 21:45:42,2026-08-12 00:33:42
202,81,6,零食饮料商品_0202,这是一个测试商品，编号202，属于零食饮料分类。,150.0,4,/uploads/product/cover_7.jpg,ON_SALE,MEETUP,2026-08-14 23:03:42,2026-08-16 01:05:42
203,363,1,教材教辅商品_0203,这是一个测试商品，编号203，属于教材教辅分类。,60.0,3,/uploads/product/cover_12.jpg,ON_SALE,EXPRESS,2026-08-13 19:08:42,2026-08-16 07:58:42
204,856,5,服装鞋帽商品_0204,这是一个测试商品，编号204，属于服装鞋帽分类。,12.0,3,/uploads/product/cover_20.jpg,ON_SALE,MEETUP,2026-08-05 11:17:42,2026-08-16 06:52:42
205,663,14,宠物用品商品_0205,这是一个测试商品，编号205，属于宠物用品分类。,25.0,4,/uploads/product/cover_1.jpg,ON_SALE,"MEETUP,EXPRESS",2026-08-07 18:18:42,2026-08-15 18:10:42
206,319,15,手工艺品商品_0206,这是一个测试商品，编号206，属于手工艺品分类。,1.0,3,/uploads/product/cover_4.jpg,ON_SALE,EXPRESS,2026-08-08 18:07:42,2026-08-14 22:56:42
207,808,3,日用百货商品_0207,这是一个测试商品，编号207，属于日用百货分类。,120.0,2,/uploads/product/cover_3.jpg,ON_SALE,EXPRESS,2026-08-15 21:42:42,2026-08-12 06:30:42
208,788,13,交通工具商品_0208,这是一个测试商品，编号208，属于交通工具分类。,50.0,1,/uploads/product/cover_8.jpg,ON_SALE,EXPRESS,2026-08-05 01:20:42,2026-08-12 21:38:42
209,644,11,图书小说商品_0209,这是一个测试商品，编号209，属于图书小说分类。,5.0,4,/uploads/product/cover_18.jpg,ON_SALE,EXPRESS,2026-08-16 14:30:42,2026-08-14 13:17:42
210,715,2,电子数码商品_0210,这是一个测试商品，编号210，属于电子数码分类。,1.0,4,/uploads/product/cover_10.jpg,ON_SALE,EXPRESS,2026-08-02 20:17:42,2026-08-15 12:09:42
211,243,12,乐器音响商品_0211,这是一个测试商品，编号211，属于乐器音响分类。,1.0,4,/uploads/product/cover_5.jpg,ON_SALE,"MEETUP,EXPRESS",2026-08-15 12:17:42,2026-08-13 09:39:42
212,871,9,游戏动漫商品_0212,这是一个测试商品，编号212，属于游戏动漫分类。,5.0,5,/uploads/product/cover_2.jpg,ON_SALE,MEETUP,2026-08-01 17:23:42,2026-08-12 01:25:42
213,993,10,家居家电商品_0213,这是一个测试商品，编号213，属于家居家电分类。,10.0,2,/uploads/product/cover_2.jpg,ON_SALE,EXPRESS,2026-08-12 23:11:42,2026-08-12 16:21:42
214,860,14,宠物用品商品_0214,这是一个测试商品，编号214，属于宠物用品分类。,200.0,2,/uploads/product/cover_3.jpg,ON_SALE,"MEETUP,EXPRESS",2026-08-09 21:01:42,2026-08-15 06:31:42
215,103,6,零食饮料商品_0215,这是一个测试商品，编号215，属于零食饮料分类。,20.0,5,/uploads/product/cover_9.jpg,ON_SALE,EXPRESS,2026-08-06 01:52:42,2026-08-14 13:04:42
216,409,3,日用百货商品_0216,这是一个测试商品，编号216，属于日用百货分类。,100.0,1,/uploads/product/cover_4.jpg,ON_SALE,EXPRESS,2026-08-04 17:37:42,2026-08-12 21:12:42
217,163,1,教材教辅商品_0217,这是一个测试商品，编号217，属于教材教辅分类。,30.0,3,/uploads/product/cover_8.jpg,ON_SALE,EXPRESS,2026-07-31 21:55:42,2026-08-13 03:38:42
218,373,5,服装鞋帽商品_0218,这是一个测试商品，编号218，属于服装鞋帽分类。,150.0,4,/uploads/product/cover_2.jpg,ON_SALE,EXPRESS,2026-08-11 21:58:42,2026-08-15 16:27:42
219,769,5,服装鞋帽商品_0219,这是一个测试商品，编号219，属于服装鞋帽分类。,15.0,4,/uploads/product/cover_3.jpg,ON_SALE,EXPRESS,2026-07-29 08:09:42,2026-08-15 00:38:42
220,432,13,交通工具商品_0220,这是一个测试商品，编号220，属于交通工具分类。,25.0,4,/uploads/product/cover_14.jpg,ON_SALE,"MEETUP,EXPRESS",2026-08-03 13:40:42,2026-08-13 20:07:42
221,591,15,手工艺品商品_0221,这是一个测试商品，编号221，属于手工艺品分类。,3.0,1,/uploads/product/cover_12.jpg,ON_SALE,"MEETUP,EXPRESS",2026-08-16 14:08:42,2026-08-13 16:08:42
222,548,1,教材教辅商品_0222,这是一个测试商品，编号222，属于教材教辅分类。,200.0,2,/uploads/product/cover_12.jpg,ON_SALE,MEETUP,2026-07-30 04:55:42,2026-08-15 06:22:42
223,411,6,零食饮料商品_0223,这是一个测试商品，编号223，属于零食饮料分类。,10.0,1,/uploads/product/cover_13.jpg,ON_SALE,"MEETUP,EXPRESS",2026-08-15 06:30:42,2026-08-15 05:02:42
224,9,1,教材教辅商品_0224,这是一个测试商品，编号224，属于教材教辅分类。,2.0,2,/uploads/product/cover_17.jpg,ON_SALE,EXPRESS,2026-08-13 22:15:42,2026-08-13 10:02:42
225,9,10,家居家电商品_0225,这是一个测试商品，编号225，属于家居家电分类。,120.0,1,/uploads/product/cover_1.jpg,ON_SALE,"MEETUP,EXPRESS",2026-07-29 17:18:42,2026-08-16 13:52:42
226,825,11,图书小说商品_0226,这是一个测试商品，编号226，属于图书小说分类。,100.0,1,/uploads/product/cover_5.jpg,ON_SALE,MEETUP,2026-08-12 18:17:42,2026-08-14 08:45:42
227,706,13,交通工具商品_0227,这是一个测试商品，编号227，属于交通工具分类。,80.0,4,/uploads/product/cover_12.jpg,ON_SALE,EXPRESS,2026-08-01 20:17:42,2026-08-14 11:01:42
228,115,7,文具办公商品_0228,这是一个测试商品，编号228，属于文具办公分类。,50.0,1,/uploads/product/cover_2.jpg,ON_SALE,EXPRESS,2026-07-30 05:53:42,2026-08-15 04:33:42
229,940,15,手工艺品商品_0229,这是一个测试商品，编号229，属于手工艺品分类。,25.0,3,/uploads/product/cover_11.jpg,ON_SALE,MEETUP,2026-08-07 22:18:42,2026-08-15 17:35:42
230,293,10,家居家电商品_0230,这是一个测试商品，编号230，属于家居家电分类。,120.0,3,/uploads/product/cover_10.jpg,ON_SALE,MEETUP,2026-08-09 02:50:42,2026-08-16 01:54:42
231,646,2,电子数码商品_0231,这是一个测试商品，编号231，属于电子数码分类。,120.0,5,/uploads/product/cover_20.jpg,ON_SALE,MEETUP,2026-08-04 22:33:42,2026-08-12 12:37:42
232,908,13,交通工具商品_0232,这是一个测试商品，编号232，属于交通工具分类。,200.0,3,/uploads/product/cover_13.jpg,ON_SALE,MEETUP,2026-08-11 13:17:42,2026-08-14 14:48:42
233,506,1,教材教辅商品_0233,这是一个测试商品，编号233，属于教材教辅分类。,25.0,3,/uploads/product/cover_14.jpg,ON_SALE,MEETUP,2026-08-16 11:04:42,2026-08-13 15:04:42
234,431,5,服装鞋帽商品_0234,这是一个测试商品，编号234，属于服装鞋帽分类。,30.0,5,/uploads/product/cover_14.jpg,ON_SALE,"MEETUP,EXPRESS",2026-08-02 18:37:42,2026-08-12 22:46:42
235,776,15,手工艺品商品_0235,这是一个测试商品，编号235，属于手工艺品分类。,8.0,4,/uploads/product/cover_1.jpg,ON_SALE,"MEETUP,EXPRESS",2026-08-10 07:04:42,2026-08-16 07:23:42
236,374,2,电子数码商品_0236,这是一个测试商品，编号236，属于电子数码分类。,5.0,3,/uploads/product/cover_7.jpg,ON_SALE,EXPRESS,2026-08-16 16:27:42,2026-08-14 21:09:42
237,651,7,文具办公商品_0237,这是一个测试商品，编号237，属于文具办公分类。,15.0,4,/uploads/product/cover_4.jpg,ON_SALE,MEETUP,2026-08-03 17:33:42,2026-08-12 04:19:42
238,64,3,日用百货商品_0238,这是一个测试商品，编号238，属于日用百货分类。,2.0,2,/uploads/product/cover_9.jpg,ON_SALE,MEETUP,2026-08-14 12:40:42,2026-08-12 08:36:42
239,453,1,教材教辅商品_0239,这是一个测试商品，编号239，属于教材教辅分类。,150.0,4,/uploads/product/cover_9.jpg,ON_SALE,EXPRESS,2026-08-05 12:49:42,2026-08-13 19:57:42
240,479,6,零食饮料商品_0240,这是一个测试商品，编号240，属于零食饮料分类。,10.0,4,/uploads/product/cover_4.jpg,ON_SALE,EXPRESS,2026-08-13 21:56:42,2026-08-11 22:19:42
241,545,7,文具办公商品_0241,这是一个测试商品，编号241，属于文具办公分类。,3.0,3,/uploads/product/cover_13.jpg,ON_SALE,EXPRESS,2026-08-10 05:34:42,2026-08-13 15:20:42
242,241,15,手工艺品商品_0242,这是一个测试商品，编号242，属于手工艺品分类。,80.0,3,/uploads/product/cover_20.jpg,ON_SALE,MEETUP,2026-08-07 22:13:42,2026-08-12 04:30:42
243,561,6,零食饮料商品_0243,这是一个测试商品，编号243，属于零食饮料分类。,5.0,4,/uploads/product/cover_2.jpg,ON_SALE,"MEETUP,EXPRESS",2026-08-08 19:11:42,2026-08-13 03:04:42
244,749,9,游戏动漫商品_0244,这是一个测试商品，编号244，属于游戏动漫分类。,15.0,3,/uploads/product/cover_8.jpg,ON_SALE,"MEETUP,EXPRESS",2026-08-13 00:44:42,2026-08-15 18:17:42
245,369,8,美妆护肤商品_0245,这是一个测试商品，编号245，属于美妆护肤分类。,8.0,2,/uploads/product/cover_7.jpg,ON_SALE,"MEETUP,EXPRESS",2026-08-11 20:10:42,2026-08-11 20:25:42
246,218,4,运动户外商品_0246,这是一个测试商品，编号246，属于运动户外分类。,30.0,5,/uploads/product/cover_13.jpg,ON_SALE,MEETUP,2026-08-08 17:44:42,2026-08-12 14:35:42
247,246,14,宠物用品商品_0247,这是一个测试商品，编号247，属于宠物用品分类。,50.0,4,/uploads/product/cover_15.jpg,ON_SALE,MEETUP,2026-07-28 00:14:42,2026-08-15 10:45:42
248,450,15,手工艺品商品_0248,这是一个测试商品，编号248，属于手工艺品分类。,25.0,2,/uploads/product/cover_20.jpg,ON_SALE,EXPRESS,2026-08-11 11:09:42,2026-08-12 08:14:42
249,145,3,日用百货商品_0249,这是一个测试商品，编号249，属于日用百货分类。,10.0,2,/uploads/product/cover_6.jpg,ON_SALE,"MEETUP,EXPRESS",2026-07-29 15:39:42,2026-08-16 16:28:42
250,632,4,运动户外商品_0250,这是一个测试商品，编号250，属于运动户外分类。,80.0,2,/uploads/product/cover_17.jpg,ON_SALE,MEETUP,2026-08-07 14:42:42,2026-08-14 03:13:42
251,73,3,日用百货商品_0251,这是一个测试商品，编号251，属于日用百货分类。,60.0,5,/uploads/product/cover_1.jpg,ON_SALE,EXPRESS,2026-08-01 08:03:42,2026-08-14 16:34:42
252,863,12,乐器音响商品_0252,这是一个测试商品，编号252，属于乐器音响分类。,150.0,3,/uploads/product/cover_5.jpg,ON_SALE,MEETUP,2026-08-15 04:35:42,2026-08-13 00:11:42
253,624,4,运动户外商品_0253,这是一个测试商品，编号253，属于运动户外分类。,15.0,5,/uploads/product/cover_8.jpg,ON_SALE,"MEETUP,EXPRESS",2026-08-16 18:10:42,2026-08-13 09:40:42
254,219,3,日用百货商品_0254,这是一个测试商品，编号254，属于日用百货分类。,30.0,4,/uploads/product/cover_5.jpg,ON_SALE,"MEETUP,EXPRESS",2026-08-01 04:26:42,2026-08-13 12:42:42
255,962,7,文具办公商品_0255,这是一个测试商品，编号255，属于文具办公分类。,15.0,5,/uploads/product/cover_2.jpg,ON_SALE,MEETUP,2026-08-04 09:09:42,2026-08-13 17:56:42
256,822,1,教材教辅商品_0256,这是一个测试商品，编号256，属于教材教辅分类。,12.0,2,/uploads/product/cover_18.jpg,ON_SALE,MEETUP,2026-08-15 11:31:42,2026-08-16 08:16:42
257,321,10,家居家电商品_0257,这是一个测试商品，编号257，属于家居家电分类。,50.0,5,/uploads/product/cover_10.jpg,ON_SALE,"MEETUP,EXPRESS",2026-08-07 16:09:42,2026-08-15 22:25:42
258,811,12,乐器音响商品_0258,这是一个测试商品，编号258，属于乐器音响分类。,200.0,1,/uploads/product/cover_5.jpg,ON_SALE,MEETUP,2026-08-08 18:12:42,2026-08-13 03:05:42
259,777,9,游戏动漫商品_0259,这是一个测试商品，编号259，属于游戏动漫分类。,2.0,2,/uploads/product/cover_14.jpg,ON_SALE,MEETUP,2026-08-03 14:32:42,2026-08-12 18:02:42
260,949,14,宠物用品商品_0260,这是一个测试商品，编号260，属于宠物用品分类。,8.0,2,/uploads/product/cover_1.jpg,ON_SALE,"MEETUP,EXPRESS",2026-08-08 20:30:42,2026-08-15 02:13:42
261,366,15,手工艺品商品_0261,这是一个测试商品，编号261，属于手工艺品分类。,3.0,3,/uploads/product/cover_14.jpg,ON_SALE,EXPRESS,2026-08-14 09:19:42,2026-08-13 10:35:42
262,610,11,图书小说商品_0262,这是一个测试商品，编号262，属于图书小说分类。,25.0,5,/uploads/product/cover_7.jpg,ON_SALE,"MEETUP,EXPRESS",2026-07-31 12:18:42,2026-08-11 21:24:42
263,767,12,乐器音响商品_0263,这是一个测试商品，编号263，属于乐器音响分类。,120.0,3,/uploads/product/cover_20.jpg,ON_SALE,"MEETUP,EXPRESS",2026-08-07 22:57:42,2026-08-12 05:53:42
264,604,14,宠物用品商品_0264,这是一个测试商品，编号264，属于宠物用品分类。,1.0,3,/uploads/product/cover_1.jpg,ON_SALE,MEETUP,2026-07-27 20:04:42,2026-08-15 14:03:42
265,427,5,服装鞋帽商品_0265,这是一个测试商品，编号265，属于服装鞋帽分类。,8.0,2,/uploads/product/cover_5.jpg,ON_SALE,"MEETUP,EXPRESS",2026-08-09 00:39:42,2026-08-13 15:47:42
266,104,12,乐器音响商品_0266,这是一个测试商品，编号266，属于乐器音响分类。,50.0,5,/uploads/product/cover_19.jpg,ON_SALE,EXPRESS,2026-07-29 22:51:42,2026-08-16 08:16:42
267,296,15,手工艺品商品_0267,这是一个测试商品，编号267，属于手工艺品分类。,120.0,3,/uploads/product/cover_8.jpg,ON_SALE,MEETUP,2026-08-16 18:11:42,2026-08-16 13:12:42
268,462,12,乐器音响商品_0268,这是一个测试商品，编号268，属于乐器音响分类。,8.0,2,/uploads/product/cover_5.jpg,ON_SALE,"MEETUP,EXPRESS",2026-07-29 02:10:42,2026-08-14 03:36:42
269,177,6,零食饮料商品_0269,这是一个测试商品，编号269，属于零食饮料分类。,50.0,4,/uploads/product/cover_15.jpg,ON_SALE,EXPRESS,2026-07-30 20:24:42,2026-08-16 02:06:42
270,514,3,日用百货商品_0270,这是一个测试商品，编号270，属于日用百货分类。,60.0,2,/uploads/product/cover_7.jpg,ON_SALE,MEETUP,2026-07-30 22:21:42,2026-08-13 17:34:42
271,674,14,宠物用品商品_0271,这是一个测试商品，编号271，属于宠物用品分类。,120.0,3,/uploads/product/cover_3.jpg,ON_SALE,MEETUP,2026-07-31 17:31:42,2026-08-15 19:43:42
272,715,10,家居家电商品_0272,这是一个测试商品，编号272，属于家居家电分类。,150.0,3,/uploads/product/cover_13.jpg,ON_SALE,MEETUP,2026-08-01 19:19:42,2026-08-12 01:00:42
273,992,7,文具办公商品_0273,这是一个测试商品，编号273，属于文具办公分类。,150.0,1,/uploads/product/cover_11.jpg,ON_SALE,EXPRESS,2026-08-02 21:27:42,2026-08-12 10:19:42
274,794,4,运动户外商品_0274,这是一个测试商品，编号274，属于运动户外分类。,3.0,5,/uploads/product/cover_8.jpg,ON_SALE,"MEETUP,EXPRESS",2026-07-28 04:46:42,2026-08-15 06:04:42
275,123,14,宠物用品商品_0275,这是一个测试商品，编号275，属于宠物用品分类。,10.0,5,/uploads/product/cover_2.jpg,ON_SALE,EXPRESS,2026-08-12 05:50:42,2026-08-13 06:47:42
276,8,7,文具办公商品_0276,这是一个测试商品，编号276，属于文具办公分类。,20.0,3,/uploads/product/cover_12.jpg,ON_SALE,MEETUP,2026-08-01 21:23:42,2026-08-13 10:34:42
277,512,7,文具办公商品_0277,这是一个测试商品，编号277，属于文具办公分类。,60.0,3,/uploads/product/cover_11.jpg,ON_SALE,MEETUP,2026-08-01 07:49:42,2026-08-15 10:25:42
278,442,1,教材教辅商品_0278,这是一个测试商品，编号278，属于教材教辅分类。,150.0,1,/uploads/product/cover_2.jpg,ON_SALE,MEETUP,2026-07-31 04:34:42,2026-08-12 05:04:42
279,544,5,服装鞋帽商品_0279,这是一个测试商品，编号279，属于服装鞋帽分类。,30.0,1,/uploads/product/cover_12.jpg,ON_SALE,"MEETUP,EXPRESS",2026-08-03 06:33:42,2026-08-14 08:49:42
280,158,15,手工艺品商品_0280,这是一个测试商品，编号280，属于手工艺品分类。,50.0,3,/uploads/product/cover_10.jpg,ON_SALE,MEETUP,2026-08-14 02:18:42,2026-08-12 02:56:42
281,304,3,日用百货商品_0281,这是一个测试商品，编号281，属于日用百货分类。,5.0,2,/uploads/product/cover_7.jpg,ON_SALE,EXPRESS,2026-08-03 01:28:42,2026-08-16 02:06:42
282,239,14,宠物用品商品_0282,这是一个测试商品，编号282，属于宠物用品分类。,1.0,4,/uploads/product/cover_2.jpg,ON_SALE,EXPRESS,2026-08-14 04:54:42,2026-08-15 05:43:42
283,47,13,交通工具商品_0283,这是一个测试商品，编号283，属于交通工具分类。,200.0,3,/uploads/product/cover_5.jpg,ON_SALE,"MEETUP,EXPRESS",2026-07-30 22:29:42,2026-08-16 13:53:42
284,817,12,乐器音响商品_0284,这是一个测试商品，编号284，属于乐器音响分类。,1.0,1,/uploads/product/cover_18.jpg,ON_SALE,EXPRESS,2026-07-30 11:54:42,2026-08-12 10:08:42
285,71,5,服装鞋帽商品_0285,这是一个测试商品，编号285，属于服装鞋帽分类。,80.0,5,/uploads/product/cover_1.jpg,ON_SALE,EXPRESS,2026-08-02 22:51:42,2026-08-12 03:17:42
286,497,3,日用百货商品_0286,这是一个测试商品，编号286，属于日用百货分类。,25.0,3,/uploads/product/cover_11.jpg,ON_SALE,"MEETUP,EXPRESS",2026-07-30 10:48:42,2026-08-15 07:31:42
287,625,9,游戏动漫商品_0287,这是一个测试商品，编号287，属于游戏动漫分类。,150.0,1,/uploads/product/cover_10.jpg,ON_SALE,MEETUP,2026-08-15 04:42:42,2026-08-14 06:07:42
288,708,5,服装鞋帽商品_0288,这是一个测试商品，编号288，属于服装鞋帽分类。,25.0,5,/uploads/product/cover_1.jpg,ON_SALE,EXPRESS,2026-08-06 03:15:42,2026-08-15 00:39:42
289,694,15,手工艺品商品_0289,这是一个测试商品，编号289，属于手工艺品分类。,5.0,3,/uploads/product/cover_19.jpg,ON_SALE,EXPRESS,2026-07-30 17:47:42,2026-08-13 18:45:42
290,735,5,服装鞋帽商品_0290,这是一个测试商品，编号290，属于服装鞋帽分类。,150.0,2,/uploads/product/cover_2.jpg,ON_SALE,"MEETUP,EXPRESS",2026-08-14 06:57:42,2026-08-11 23:07:42
291,144,9,游戏动漫商品_0291,这是一个测试商品，编号291，属于游戏动漫分类。,1.0,3,/uploads/product/cover_20.jpg,ON_SALE,"MEETUP,EXPRESS",2026-08-02 12:01:42,2026-08-14 14:53:42
292,233,10,家居家电商品_0292,这是一个测试商品，编号292，属于家居家电分类。,20.0,4,/uploads/product/cover_15.jpg,ON_SALE,MEETUP,2026-08-07 01:28:42,2026-08-13 07:16:42
293,375,11,图书小说商品_0293,这是一个测试商品，编号293，属于图书小说分类。,20.0,3,/uploads/product/cover_3.jpg,ON_SALE,EXPRESS,2026-08-02 19:38:42,2026-08-11 19:45:42
294,207,9,游戏动漫商品_0294,这是一个测试商品，编号294，属于游戏动漫分类。,5.0,5,/uploads/product/cover_5.jpg,ON_SALE,EXPRESS,2026-08-05 22:22:42,2026-08-12 20:23:42
295,826,2,电子数码商品_0295,这是一个测试商品，编号295，属于电子数码分类。,150.0,5,/uploads/product/cover_14.jpg,ON_SALE,"MEETUP,EXPRESS",2026-08-08 22:06:42,2026-08-15 12:58:42
296,440,12,乐器音响商品_0296,这是一个测试商品，编号296，属于乐器音响分类。,5.0,3,/uploads/product/cover_18.jpg,ON_SALE,MEETUP,2026-07-28 10:45:42,2026-08-13 05:02:42
297,493,15,手工艺品商品_0297,这是一个测试商品，编号297，属于手工艺品分类。,200.0,5,/uploads/product/cover_7.jpg,ON_SALE,"MEETUP,EXPRESS",2026-08-02 12:11:42,2026-08-16 06:30:42
298,187,11,图书小说商品_0298,这是一个测试商品，编号298，属于图书小说分类。,80.0,1,/uploads/product/cover_12.jpg,ON_SALE,"MEETUP,EXPRESS",2026-07-31 16:26:42,2026-08-12 02:46:42
299,302,15,手工艺品商品_0299,这是一个测试商品，编号299，属于手工艺品分类。,30.0,4,/uploads/product/cover_12.jpg,ON_SALE,MEETUP,2026-07-29 09:29:42,2026-08-12 01:18:42
300,857,15,手工艺品商品_0300,这是一个测试商品，编号300，属于手工艺品分类。,5.0,4,/uploads/product/cover_5.jpg,ON_SALE,"MEETUP,EXPRESS",2026-08-12 04:09:42,2026-08-15 11:14:42
301,486,8,美妆护肤商品_0301,这是一个测试商品，编号301，属于美妆护肤分类。,20.0,5,/uploads/product/cover_17.jpg,ON_SALE,EXPRESS,2026-08-16 13:59:42,2026-08-15 11:25:42
302,696,1,教材教辅商品_0302,这是一个测试商品，编号302，属于教材教辅分类。,10.0,4,/uploads/product/cover_11.jpg,ON_SALE,MEETUP,2026-07-29 22:15:42,2026-08-13 17:13:42
303,910,5,服装鞋帽商品_0303,这是一个测试商品，编号303，属于服装鞋帽分类。,120.0,4,/uploads/product/cover_15.jpg,ON_SALE,EXPRESS,2026-08-05 20:39:42,2026-08-15 22:05:42
304,456,8,美妆护肤商品_0304,这是一个测试商品，编号304，属于美妆护肤分类。,8.0,3,/uploads/product/cover_11.jpg,ON_SALE,"MEETUP,EXPRESS",2026-07-29 02:51:42,2026-08-12 01:16:42
305,702,14,宠物用品商品_0305,这是一个测试商品，编号305，属于宠物用品分类。,10.0,4,/uploads/product/cover_7.jpg,ON_SALE,MEETUP,2026-07-31 16:33:42,2026-08-12 16:35:42
306,506,9,游戏动漫商品_0306,这是一个测试商品，编号306，属于游戏动漫分类。,10.0,5,/uploads/product/cover_10.jpg,ON_SALE,MEETUP,2026-07-30 23:07:42,2026-08-13 13:30:42
307,847,4,运动户外商品_0307,这是一个测试商品，编号307，属于运动户外分类。,120.0,5,/uploads/product/cover_9.jpg,ON_SALE,EXPRESS,2026-07-31 04:29:42,2026-08-15 02:54:42
308,882,1,教材教辅商品_0308,这是一个测试商品，编号308，属于教材教辅分类。,30.0,4,/uploads/product/cover_13.jpg,ON_SALE,"MEETUP,EXPRESS",2026-08-12 11:18:42,2026-08-12 21:49:42
309,185,15,手工艺品商品_0309,这是一个测试商品，编号309，属于手工艺品分类。,20.0,5,/uploads/product/cover_1.jpg,ON_SALE,EXPRESS,2026-08-05 19:50:42,2026-08-12 01:49:42
310,159,9,游戏动漫商品_0310,这是一个测试商品，编号310，属于游戏动漫分类。,120.0,4,/uploads/product/cover_4.jpg,ON_SALE,EXPRESS,2026-08-12 18:14:42,2026-08-13 17:57:42
311,412,12,乐器音响商品_0311,这是一个测试商品，编号311，属于乐器音响分类。,3.0,5,/uploads/product/cover_2.jpg,ON_SALE,"MEETUP,EXPRESS",2026-08-15 04:18:42,2026-08-15 11:25:42
312,799,10,家居家电商品_0312,这是一个测试商品，编号312，属于家居家电分类。,30.0,5,/uploads/product/cover_5.jpg,ON_SALE,MEETUP,2026-07-29 22:58:42,2026-08-15 11:38:42
313,928,11,图书小说商品_0313,这是一个测试商品，编号313，属于图书小说分类。,60.0,4,/uploads/product/cover_10.jpg,ON_SALE,EXPRESS,2026-08-02 17:40:42,2026-08-14 17:29:42
314,503,8,美妆护肤商品_0314,这是一个测试商品，编号314，属于美妆护肤分类。,1.0,5,/uploads/product/cover_20.jpg,ON_SALE,MEETUP,2026-07-30 19:00:42,2026-08-15 12:34:42
315,363,1,教材教辅商品_0315,这是一个测试商品，编号315，属于教材教辅分类。,12.0,4,/uploads/product/cover_15.jpg,ON_SALE,"MEETUP,EXPRESS",2026-08-13 13:02:42,2026-08-15 15:35:42
316,338,11,图书小说商品_0316,这是一个测试商品，编号316，属于图书小说分类。,1.0,1,/uploads/product/cover_11.jpg,ON_SALE,MEETUP,2026-08-15 07:47:42,2026-08-16 02:25:42
317,633,9,游戏动漫商品_0317,这是一个测试商品，编号317，属于游戏动漫分类。,100.0,3,/uploads/product/cover_9.jpg,ON_SALE,MEETUP,2026-08-15 09:32:42,2026-08-12 01:42:42
318,108,5,服装鞋帽商品_0318,这是一个测试商品，编号318，属于服装鞋帽分类。,15.0,1,/uploads/product/cover_10.jpg,ON_SALE,MEETUP,2026-08-14 21:57:42,2026-08-16 13:56:42
319,233,14,宠物用品商品_0319,这是一个测试商品，编号319，属于宠物用品分类。,1.0,1,/uploads/product/cover_7.jpg,ON_SALE,MEETUP,2026-07-30 04:48:42,2026-08-13 22:07:42
320,403,10,家居家电商品_0320,这是一个测试商品，编号320，属于家居家电分类。,120.0,1,/uploads/product/cover_2.jpg,ON_SALE,EXPRESS,2026-08-02 04:16:42,2026-08-13 01:52:42
321,895,4,运动户外商品_0321,这是一个测试商品，编号321，属于运动户外分类。,30.0,3,/uploads/product/cover_9.jpg,ON_SALE,MEETUP,2026-08-03 02:37:42,2026-08-14 05:25:42
322,589,1,教材教辅商品_0322,这是一个测试商品，编号322，属于教材教辅分类。,200.0,2,/uploads/product/cover_14.jpg,ON_SALE,EXPRESS,2026-08-03 09:03:42,2026-08-16 16:28:42
323,224,10,家居家电商品_0323,这是一个测试商品，编号323，属于家居家电分类。,30.0,3,/uploads/product/cover_16.jpg,ON_SALE,"MEETUP,EXPRESS",2026-08-01 02:13:42,2026-08-15 15:33:42
324,597,6,零食饮料商品_0324,这是一个测试商品，编号324，属于零食饮料分类。,25.0,4,/uploads/product/cover_6.jpg,ON_SALE,EXPRESS,2026-08-11 21:27:42,2026-08-15 15:23:42
325,403,13,交通工具商品_0325,这是一个测试商品，编号325，属于交通工具分类。,120.0,2,/uploads/product/cover_2.jpg,ON_SALE,"MEETUP,EXPRESS",2026-07-29 16:34:42,2026-08-12 06:57:42
326,723,11,图书小说商品_0326,这是一个测试商品，编号326，属于图书小说分类。,200.0,2,/uploads/product/cover_8.jpg,ON_SALE,"MEETUP,EXPRESS",2026-08-11 09:50:42,2026-08-12 19:32:42
327,71,6,零食饮料商品_0327,这是一个测试商品，编号327，属于零食饮料分类。,120.0,3,/uploads/product/cover_18.jpg,ON_SALE,"MEETUP,EXPRESS",2026-07-29 05:04:42,2026-08-13 18:26:42
328,933,5,服装鞋帽商品_0328,这是一个测试商品，编号328，属于服装鞋帽分类。,80.0,3,/uploads/product/cover_13.jpg,ON_SALE,MEETUP,2026-08-08 06:44:42,2026-08-16 07:08:42
329,648,9,游戏动漫商品_0329,这是一个测试商品，编号329，属于游戏动漫分类。,2.0,3,/uploads/product/cover_3.jpg,ON_SALE,EXPRESS,2026-08-01 10:08:42,2026-08-12 15:28:42
330,66,1,教材教辅商品_0330,这是一个测试商品，编号330，属于教材教辅分类。,12.0,3,/uploads/product/cover_1.jpg,ON_SALE,"MEETUP,EXPRESS",2026-08-11 16:23:42,2026-08-16 06:19:42
331,566,11,图书小说商品_0331,这是一个测试商品，编号331，属于图书小说分类。,15.0,3,/uploads/product/cover_4.jpg,ON_SALE,"MEETUP,EXPRESS",2026-08-07 10:13:42,2026-08-13 06:11:42
332,911,12,乐器音响商品_0332,这是一个测试商品，编号332，属于乐器音响分类。,10.0,5,/uploads/product/cover_9.jpg,ON_SALE,EXPRESS,2026-08-09 20:24:42,2026-08-13 09:54:42
333,754,10,家居家电商品_0333,这是一个测试商品，编号333，属于家居家电分类。,30.0,2,/uploads/product/cover_18.jpg,ON_SALE,MEETUP,2026-08-06 21:15:42,2026-08-15 12:06:42
334,957,13,交通工具商品_0334,这是一个测试商品，编号334，属于交通工具分类。,5.0,2,/uploads/product/cover_14.jpg,ON_SALE,EXPRESS,2026-08-04 19:54:42,2026-08-11 19:14:42
335,600,12,乐器音响商品_0335,这是一个测试商品，编号335，属于乐器音响分类。,3.0,2,/uploads/product/cover_4.jpg,ON_SALE,EXPRESS,2026-08-10 05:31:42,2026-08-13 04:48:42
336,615,7,文具办公商品_0336,这是一个测试商品，编号336，属于文具办公分类。,3.0,4,/uploads/product/cover_14.jpg,ON_SALE,"MEETUP,EXPRESS",2026-08-16 14:35:42,2026-08-13 11:38:42
337,179,3,日用百货商品_0337,这是一个测试商品，编号337，属于日用百货分类。,10.0,2,/uploads/product/cover_5.jpg,ON_SALE,EXPRESS,2026-08-09 10:16:42,2026-08-12 01:53:42
338,75,12,乐器音响商品_0338,这是一个测试商品，编号338，属于乐器音响分类。,80.0,4,/uploads/product/cover_14.jpg,ON_SALE,EXPRESS,2026-08-09 05:24:42,2026-08-13 23:08:42
339,17,8,美妆护肤商品_0339,这是一个测试商品，编号339，属于美妆护肤分类。,20.0,4,/uploads/product/cover_20.jpg,ON_SALE,"MEETUP,EXPRESS",2026-08-06 14:15:42,2026-08-14 10:03:42
340,414,5,服装鞋帽商品_0340,这是一个测试商品，编号340，属于服装鞋帽分类。,20.0,3,/uploads/product/cover_1.jpg,ON_SALE,EXPRESS,2026-08-11 12:40:42,2026-08-14 16:26:42
341,312,15,手工艺品商品_0341,这是一个测试商品，编号341，属于手工艺品分类。,3.0,3,/uploads/product/cover_14.jpg,ON_SALE,MEETUP,2026-08-12 06:03:42,2026-08-16 15:20:42
342,393,8,美妆护肤商品_0342,这是一个测试商品，编号342，属于美妆护肤分类。,100.0,2,/uploads/product/cover_13.jpg,ON_SALE,"MEETUP,EXPRESS",2026-08-14 00:18:42,2026-08-13 18:58:42
343,659,15,手工艺品商品_0343,这是一个测试商品，编号343，属于手工艺品分类。,3.0,5,/uploads/product/cover_11.jpg,ON_SALE,MEETUP,2026-07-29 13:15:42,2026-08-15 03:12:42
344,450,14,宠物用品商品_0344,这是一个测试商品，编号344，属于宠物用品分类。,3.0,3,/uploads/product/cover_3.jpg,ON_SALE,MEETUP,2026-07-28 17:54:42,2026-08-15 01:35:42
345,3,12,乐器音响商品_0345,这是一个测试商品，编号345，属于乐器音响分类。,50.0,3,/uploads/product/cover_11.jpg,ON_SALE,"MEETUP,EXPRESS",2026-08-10 10:06:42,2026-08-13 21:39:42
346,897,7,文具办公商品_0346,这是一个测试商品，编号346，属于文具办公分类。,120.0,4,/uploads/product/cover_5.jpg,ON_SALE,"MEETUP,EXPRESS",2026-07-30 01:41:42,2026-08-12 18:36:42
347,481,4,运动户外商品_0347,这是一个测试商品，编号347，属于运动户外分类。,100.0,1,/uploads/product/cover_9.jpg,ON_SALE,MEETUP,2026-08-08 06:09:42,2026-08-16 07:12:42
348,494,10,家居家电商品_0348,这是一个测试商品，编号348，属于家居家电分类。,200.0,2,/uploads/product/cover_5.jpg,ON_SALE,MEETUP,2026-08-14 15:39:42,2026-08-12 04:22:42
349,530,10,家居家电商品_0349,这是一个测试商品，编号349，属于家居家电分类。,12.0,3,/uploads/product/cover_7.jpg,ON_SALE,"MEETUP,EXPRESS",2026-08-11 20:55:42,2026-08-14 18:18:42
350,330,4,运动户外商品_0350,这是一个测试商品，编号350，属于运动户外分类。,200.0,4,/uploads/product/cover_16.jpg,ON_SALE,EXPRESS,2026-08-03 05:49:42,2026-08-12 12:52:42
351,716,13,交通工具商品_0351,这是一个测试商品，编号351，属于交通工具分类。,60.0,3,/uploads/product/cover_17.jpg,ON_SALE,"MEETUP,EXPRESS",2026-08-15 15:09:42,2026-08-12 03:40:42
352,88,4,运动户外商品_0352,这是一个测试商品，编号352，属于运动户外分类。,200.0,5,/uploads/product/cover_3.jpg,ON_SALE,MEETUP,2026-08-14 16:39:42,2026-08-15 05:25:42
353,548,3,日用百货商品_0353,这是一个测试商品，编号353，属于日用百货分类。,8.0,1,/uploads/product/cover_1.jpg,ON_SALE,MEETUP,2026-07-30 16:20:42,2026-08-13 15:53:42
354,630,11,图书小说商品_0354,这是一个测试商品，编号354，属于图书小说分类。,3.0,5,/uploads/product/cover_11.jpg,ON_SALE,MEETUP,2026-08-07 14:34:42,2026-08-13 17:29:42
355,658,11,图书小说商品_0355,这是一个测试商品，编号355，属于图书小说分类。,120.0,1,/uploads/product/cover_5.jpg,ON_SALE,MEETUP,2026-07-28 21:43:42,2026-08-14 19:51:42
356,382,3,日用百货商品_0356,这是一个测试商品，编号356，属于日用百货分类。,150.0,2,/uploads/product/cover_1.jpg,ON_SALE,MEETUP,2026-08-15 17:44:42,2026-08-15 17:44:42
357,982,7,文具办公商品_0357,这是一个测试商品，编号357，属于文具办公分类。,60.0,3,/uploads/product/cover_11.jpg,ON_SALE,EXPRESS,2026-08-15 21:35:42,2026-08-15 13:37:42
358,759,2,电子数码商品_0358,这是一个测试商品，编号358，属于电子数码分类。,20.0,3,/uploads/product/cover_5.jpg,ON_SALE,"MEETUP,EXPRESS",2026-08-04 05:25:42,2026-08-16 15:35:42
359,78,6,零食饮料商品_0359,这是一个测试商品，编号359，属于零食饮料分类。,150.0,5,/uploads/product/cover_19.jpg,ON_SALE,"MEETUP,EXPRESS",2026-08-16 15:00:42,2026-08-13 04:58:42
360,256,14,宠物用品商品_0360,这是一个测试商品，编号360，属于宠物用品分类。,80.0,5,/uploads/product/cover_5.jpg,ON_SALE,"MEETUP,EXPRESS",2026-08-12 14:38:42,2026-08-16 17:35:42
361,238,3,日用百货商品_0361,这是一个测试商品，编号361，属于日用百货分类。,30.0,2,/uploads/product/cover_2.jpg,ON_SALE,MEETUP,2026-08-04 14:14:42,2026-08-16 15:13:42
362,757,14,宠物用品商品_0362,这是一个测试商品，编号362，属于宠物用品分类。,10.0,1,/uploads/product/cover_4.jpg,ON_SALE,"MEETUP,EXPRESS",2026-08-08 01:36:42,2026-08-15 11:19:42
363,104,4,运动户外商品_0363,这是一个测试商品，编号363，属于运动户外分类。,80.0,2,/uploads/product/cover_12.jpg,ON_SALE,"MEETUP,EXPRESS",2026-07-31 06:48:42,2026-08-15 13:40:42
364,751,6,零食饮料商品_0364,这是一个测试商品，编号364，属于零食饮料分类。,150.0,4,/uploads/product/cover_10.jpg,ON_SALE,MEETUP,2026-08-12 12:36:42,2026-08-15 02:30:42
365,306,10,家居家电商品_0365,这是一个测试商品，编号365，属于家居家电分类。,200.0,4,/uploads/product/cover_14.jpg,ON_SALE,"MEETUP,EXPRESS",2026-08-11 10:18:42,2026-08-12 05:28:42
366,198,3,日用百货商品_0366,这是一个测试商品，编号366，属于日用百货分类。,150.0,1,/uploads/product/cover_19.jpg,ON_SALE,MEETUP,2026-08-09 05:07:42,2026-08-12 22:13:42
367,485,5,服装鞋帽商品_0367,这是一个测试商品，编号367，属于服装鞋帽分类。,100.0,5,/uploads/product/cover_18.jpg,ON_SALE,EXPRESS,2026-08-05 13:16:42,2026-08-13 11:33:42
368,415,6,零食饮料商品_0368,这是一个测试商品，编号368，属于零食饮料分类。,15.0,2,/uploads/product/cover_13.jpg,ON_SALE,MEETUP,2026-08-05 08:19:42,2026-08-16 10:24:42
369,783,3,日用百货商品_0369,这是一个测试商品，编号369，属于日用百货分类。,3.0,3,/uploads/product/cover_8.jpg,ON_SALE,EXPRESS,2026-07-31 17:16:42,2026-08-13 05:36:42
370,108,8,美妆护肤商品_0370,这是一个测试商品，编号370，属于美妆护肤分类。,150.0,3,/uploads/product/cover_8.jpg,ON_SALE,"MEETUP,EXPRESS",2026-08-04 00:11:42,2026-08-14 13:37:42
371,900,13,交通工具商品_0371,这是一个测试商品，编号371，属于交通工具分类。,12.0,3,/uploads/product/cover_13.jpg,ON_SALE,MEETUP,2026-08-05 21:41:42,2026-08-14 12:20:42
372,595,3,日用百货商品_0372,这是一个测试商品，编号372，属于日用百货分类。,8.0,5,/uploads/product/cover_18.jpg,ON_SALE,MEETUP,2026-08-09 14:37:42,2026-08-14 20:07:42
373,398,15,手工艺品商品_0373,这是一个测试商品，编号373，属于手工艺品分类。,25.0,5,/uploads/product/cover_5.jpg,ON_SALE,MEETUP,2026-08-13 08:25:42,2026-08-16 13:14:42
374,469,4,运动户外商品_0374,这是一个测试商品，编号374，属于运动户外分类。,8.0,5,/uploads/product/cover_8.jpg,ON_SALE,MEETUP,2026-08-08 12:13:42,2026-08-14 05:20:42
375,337,12,乐器音响商品_0375,这是一个测试商品，编号375，属于乐器音响分类。,60.0,4,/uploads/product/cover_8.jpg,ON_SALE,EXPRESS,2026-07-29 18:29:42,2026-08-16 06:09:42
376,552,5,服装鞋帽商品_0376,这是一个测试商品，编号376，属于服装鞋帽分类。,30.0,5,/uploads/product/cover_16.jpg,ON_SALE,EXPRESS,2026-08-08 23:17:42,2026-08-11 21:51:42
377,426,6,零食饮料商品_0377,这是一个测试商品，编号377，属于零食饮料分类。,20.0,2,/uploads/product/cover_17.jpg,ON_SALE,"MEETUP,EXPRESS",2026-08-13 05:58:42,2026-08-11 22:43:42
378,712,2,电子数码商品_0378,这是一个测试商品，编号378，属于电子数码分类。,12.0,1,/uploads/product/cover_8.jpg,ON_SALE,"MEETUP,EXPRESS",2026-08-01 12:25:42,2026-08-15 06:52:42
379,483,13,交通工具商品_0379,这是一个测试商品，编号379，属于交通工具分类。,50.0,1,/uploads/product/cover_4.jpg,ON_SALE,MEETUP,2026-07-29 23:28:42,2026-08-13 00:58:42
380,729,9,游戏动漫商品_0380,这是一个测试商品，编号380，属于游戏动漫分类。,5.0,2,/uploads/product/cover_13.jpg,ON_SALE,EXPRESS,2026-08-08 00:42:42,2026-08-16 14:48:42
381,293,13,交通工具商品_0381,这是一个测试商品，编号381，属于交通工具分类。,3.0,2,/uploads/product/cover_19.jpg,ON_SALE,MEETUP,2026-08-02 06:44:42,2026-08-13 22:38:42
382,859,12,乐器音响商品_0382,这是一个测试商品，编号382，属于乐器音响分类。,30.0,5,/uploads/product/cover_6.jpg,ON_SALE,MEETUP,2026-08-07 07:07:42,2026-08-13 11:57:42
383,836,10,家居家电商品_0383,这是一个测试商品，编号383，属于家居家电分类。,80.0,1,/uploads/product/cover_15.jpg,ON_SALE,"MEETUP,EXPRESS",2026-07-29 00:15:42,2026-08-14 18:42:42
384,405,9,游戏动漫商品_0384,这是一个测试商品，编号384，属于游戏动漫分类。,150.0,1,/uploads/product/cover_4.jpg,ON_SALE,"MEETUP,EXPRESS",2026-08-02 19:57:42,2026-08-12 20:37:42
385,581,2,电子数码商品_0385,这是一个测试商品，编号385，属于电子数码分类。,12.0,5,/uploads/product/cover_14.jpg,ON_SALE,MEETUP,2026-08-16 05:12:42,2026-08-12 11:42:42
386,337,10,家居家电商品_0386,这是一个测试商品，编号386，属于家居家电分类。,100.0,1,/uploads/product/cover_2.jpg,ON_SALE,"MEETUP,EXPRESS",2026-08-04 15:45:42,2026-08-14 00:54:42
387,117,13,交通工具商品_0387,这是一个测试商品，编号387，属于交通工具分类。,3.0,2,/uploads/product/cover_19.jpg,ON_SALE,EXPRESS,2026-08-07 19:18:42,2026-08-16 16:43:42
388,232,5,服装鞋帽商品_0388,这是一个测试商品，编号388，属于服装鞋帽分类。,100.0,3,/uploads/product/cover_7.jpg,ON_SALE,MEETUP,2026-08-03 03:13:42,2026-08-14 21:38:42
389,547,5,服装鞋帽商品_0389,这是一个测试商品，编号389，属于服装鞋帽分类。,20.0,1,/uploads/product/cover_19.jpg,ON_SALE,EXPRESS,2026-08-08 16:09:42,2026-08-16 16:00:42
390,445,10,家居家电商品_0390,这是一个测试商品，编号390，属于家居家电分类。,25.0,2,/uploads/product/cover_2.jpg,ON_SALE,"MEETUP,EXPRESS",2026-08-08 01:50:42,2026-08-16 06:55:42
391,999,10,家居家电商品_0391,这是一个测试商品，编号391，属于家居家电分类。,200.0,5,/uploads/product/cover_3.jpg,ON_SALE,"MEETUP,EXPRESS",2026-08-15 09:14:42,2026-08-15 17:46:42
392,543,14,宠物用品商品_0392,这是一个测试商品，编号392，属于宠物用品分类。,120.0,4,/uploads/product/cover_14.jpg,ON_SALE,"MEETUP,EXPRESS",2026-08-04 01:53:42,2026-08-15 23:17:42
393,41,5,服装鞋帽商品_0393,这是一个测试商品，编号393，属于服装鞋帽分类。,100.0,2,/uploads/product/cover_4.jpg,ON_SALE,"MEETUP,EXPRESS",2026-08-08 01:58:42,2026-08-14 09:20:42
394,268,1,教材教辅商品_0394,这是一个测试商品，编号394，属于教材教辅分类。,30.0,2,/uploads/product/cover_11.jpg,ON_SALE,"MEETUP,EXPRESS",2026-08-14 05:52:42,2026-08-13 00:13:42
395,99,14,宠物用品商品_0395,这是一个测试商品，编号395，属于宠物用品分类。,25.0,5,/uploads/product/cover_4.jpg,ON_SALE,"MEETUP,EXPRESS",2026-07-30 06:52:42,2026-08-16 08:05:42
396,493,14,宠物用品商品_0396,这是一个测试商品，编号396，属于宠物用品分类。,20.0,1,/uploads/product/cover_16.jpg,ON_SALE,"MEETUP,EXPRESS",2026-08-10 14:05:42,2026-08-16 00:12:42
397,317,3,日用百货商品_0397,这是一个测试商品，编号397，属于日用百货分类。,5.0,3,/uploads/product/cover_15.jpg,ON_SALE,EXPRESS,2026-08-16 12:56:42,2026-08-12 01:04:42
398,671,5,服装鞋帽商品_0398,这是一个测试商品，编号398，属于服装鞋帽分类。,15.0,1,/uploads/product/cover_4.jpg,ON_SALE,"MEETUP,EXPRESS",2026-07-30 04:01:42,2026-08-14 08:47:42
399,931,15,手工艺品商品_0399,这是一个测试商品，编号399，属于手工艺品分类。,25.0,1,/uploads/product/cover_20.jpg,ON_SALE,"MEETUP,EXPRESS",2026-08-03 03:01:42,2026-08-12 07:24:42
400,390,14,宠物用品商品_0400,这是一个测试商品，编号400，属于宠物用品分类。,200.0,4,/uploads/product/cover_7.jpg,ON_SALE,EXPRESS,2026-08-14 11:20:42,2026-08-16 16:57:42
401,653,5,服装鞋帽商品_0401,这是一个测试商品，编号401，属于服装鞋帽分类。,25.0,5,/uploads/product/cover_4.jpg,ON_SALE,EXPRESS,2026-08-04 15:05:42,2026-08-12 09:45:42
402,256,2,电子数码商品_0402,这是一个测试商品，编号402，属于电子数码分类。,30.0,3,/uploads/product/cover_10.jpg,ON_SALE,"MEETUP,EXPRESS",2026-08-13 20:40:42,2026-08-16 08:42:42
403,340,7,文具办公商品_0403,这是一个测试商品，编号403，属于文具办公分类。,10.0,5,/uploads/product/cover_14.jpg,ON_SALE,EXPRESS,2026-08-11 06:51:42,2026-08-13 01:39:42
404,834,6,零食饮料商品_0404,这是一个测试商品，编号404，属于零食饮料分类。,2.0,2,/uploads/product/cover_11.jpg,ON_SALE,"MEETUP,EXPRESS",2026-07-31 19:36:42,2026-08-16 18:47:42
405,649,5,服装鞋帽商品_0405,这是一个测试商品，编号405，属于服装鞋帽分类。,2.0,4,/uploads/product/cover_3.jpg,ON_SALE,EXPRESS,2026-08-02 00:21:42,2026-08-11 20:16:42
406,283,9,游戏动漫商品_0406,这是一个测试商品，编号406，属于游戏动漫分类。,60.0,3,/uploads/product/cover_14.jpg,ON_SALE,MEETUP,2026-07-28 09:23:42,2026-08-11 23:41:42
407,60,6,零食饮料商品_0407,这是一个测试商品，编号407，属于零食饮料分类。,5.0,1,/uploads/product/cover_19.jpg,ON_SALE,EXPRESS,2026-08-06 05:27:42,2026-08-13 20:57:42
408,412,6,零食饮料商品_0408,这是一个测试商品，编号408，属于零食饮料分类。,80.0,3,/uploads/product/cover_17.jpg,ON_SALE,MEETUP,2026-08-12 13:27:42,2026-08-16 04:46:42
409,400,3,日用百货商品_0409,这是一个测试商品，编号409，属于日用百货分类。,3.0,3,/uploads/product/cover_13.jpg,ON_SALE,MEETUP,2026-08-16 10:31:42,2026-08-16 03:54:42
410,680,2,电子数码商品_0410,这是一个测试商品，编号410，属于电子数码分类。,10.0,3,/uploads/product/cover_9.jpg,ON_SALE,"MEETUP,EXPRESS",2026-08-09 18:03:42,2026-08-13 02:14:42
411,979,14,宠物用品商品_0411,这是一个测试商品，编号411，属于宠物用品分类。,8.0,2,/uploads/product/cover_9.jpg,ON_SALE,"MEETUP,EXPRESS",2026-07-31 04:06:42,2026-08-16 18:55:42
412,992,7,文具办公商品_0412,这是一个测试商品，编号412，属于文具办公分类。,8.0,5,/uploads/product/cover_20.jpg,ON_SALE,"MEETUP,EXPRESS",2026-08-08 15:24:42,2026-08-15 01:46:42
413,8,7,文具办公商品_0413,这是一个测试商品，编号413，属于文具办公分类。,25.0,2,/uploads/product/cover_7.jpg,ON_SALE,EXPRESS,2026-08-13 15:33:42,2026-08-15 14:41:42
414,147,3,日用百货商品_0414,这是一个测试商品，编号414，属于日用百货分类。,120.0,2,/uploads/product/cover_6.jpg,ON_SALE,EXPRESS,2026-08-12 09:55:42,2026-08-12 10:25:42
415,335,9,游戏动漫商品_0415,这是一个测试商品，编号415，属于游戏动漫分类。,30.0,2,/uploads/product/cover_12.jpg,ON_SALE,EXPRESS,2026-07-28 23:36:42,2026-08-16 18:38:42
416,95,12,乐器音响商品_0416,这是一个测试商品，编号416，属于乐器音响分类。,10.0,5,/uploads/product/cover_9.jpg,ON_SALE,MEETUP,2026-07-28 15:41:42,2026-08-14 15:10:42
417,119,6,零食饮料商品_0417,这是一个测试商品，编号417，属于零食饮料分类。,100.0,1,/uploads/product/cover_11.jpg,ON_SALE,"MEETUP,EXPRESS",2026-08-06 03:56:42,2026-08-15 13:06:42
418,659,10,家居家电商品_0418,这是一个测试商品，编号418，属于家居家电分类。,60.0,2,/uploads/product/cover_1.jpg,ON_SALE,MEETUP,2026-08-07 15:15:42,2026-08-14 03:20:42
419,42,9,游戏动漫商品_0419,这是一个测试商品，编号419，属于游戏动漫分类。,12.0,2,/uploads/product/cover_1.jpg,ON_SALE,"MEETUP,EXPRESS",2026-07-30 18:01:42,2026-08-16 17:58:42
420,308,10,家居家电商品_0420,这是一个测试商品，编号420，属于家居家电分类。,20.0,3,/uploads/product/cover_11.jpg,ON_SALE,"MEETUP,EXPRESS",2026-08-07 16:16:42,2026-08-14 14:05:42
421,781,13,交通工具商品_0421,这是一个测试商品，编号421，属于交通工具分类。,60.0,1,/uploads/product/cover_9.jpg,ON_SALE,MEETUP,2026-08-01 01:29:42,2026-08-13 09:09:42
422,905,9,游戏动漫商品_0422,这是一个测试商品，编号422，属于游戏动漫分类。,30.0,1,/uploads/product/cover_6.jpg,ON_SALE,"MEETUP,EXPRESS",2026-07-30 21:20:42,2026-08-12 11:54:42
423,395,13,交通工具商品_0423,这是一个测试商品，编号423，属于交通工具分类。,100.0,3,/uploads/product/cover_16.jpg,ON_SALE,EXPRESS,2026-08-15 21:41:42,2026-08-13 01:18:42
424,792,11,图书小说商品_0424,这是一个测试商品，编号424，属于图书小说分类。,20.0,2,/uploads/product/cover_4.jpg,ON_SALE,"MEETUP,EXPRESS",2026-07-27 18:58:42,2026-08-13 09:56:42
425,940,14,宠物用品商品_0425,这是一个测试商品，编号425，属于宠物用品分类。,100.0,4,/uploads/product/cover_20.jpg,ON_SALE,EXPRESS,2026-08-16 08:03:42,2026-08-14 01:35:42
426,981,15,手工艺品商品_0426,这是一个测试商品，编号426，属于手工艺品分类。,2.0,4,/uploads/product/cover_12.jpg,ON_SALE,EXPRESS,2026-07-29 09:11:42,2026-08-16 01:07:42
427,285,10,家居家电商品_0427,这是一个测试商品，编号427，属于家居家电分类。,50.0,1,/uploads/product/cover_14.jpg,ON_SALE,EXPRESS,2026-08-03 00:15:42,2026-08-15 20:36:42
428,368,9,游戏动漫商品_0428,这是一个测试商品，编号428，属于游戏动漫分类。,30.0,5,/uploads/product/cover_18.jpg,ON_SALE,MEETUP,2026-08-16 06:51:42,2026-08-16 06:34:42
429,431,4,运动户外商品_0429,这是一个测试商品，编号429，属于运动户外分类。,12.0,2,/uploads/product/cover_15.jpg,ON_SALE,MEETUP,2026-08-05 03:58:42,2026-08-16 16:30:42
430,326,8,美妆护肤商品_0430,这是一个测试商品，编号430，属于美妆护肤分类。,30.0,4,/uploads/product/cover_3.jpg,ON_SALE,"MEETUP,EXPRESS",2026-08-02 21:20:42,2026-08-16 09:18:42
431,921,1,教材教辅商品_0431,这是一个测试商品，编号431，属于教材教辅分类。,120.0,2,/uploads/product/cover_12.jpg,ON_SALE,"MEETUP,EXPRESS",2026-08-16 02:38:42,2026-08-15 03:09:42
432,409,11,图书小说商品_0432,这是一个测试商品，编号432，属于图书小说分类。,50.0,5,/uploads/product/cover_13.jpg,ON_SALE,MEETUP,2026-08-08 09:26:42,2026-08-13 13:35:42
433,822,9,游戏动漫商品_0433,这是一个测试商品，编号433，属于游戏动漫分类。,5.0,3,/uploads/product/cover_6.jpg,ON_SALE,"MEETUP,EXPRESS",2026-08-12 10:44:42,2026-08-15 09:23:42
434,5,5,服装鞋帽商品_0434,这是一个测试商品，编号434，属于服装鞋帽分类。,10.0,1,/uploads/product/cover_15.jpg,ON_SALE,EXPRESS,2026-08-12 09:48:42,2026-08-14 08:40:42
435,965,10,家居家电商品_0435,这是一个测试商品，编号435，属于家居家电分类。,3.0,1,/uploads/product/cover_11.jpg,ON_SALE,EXPRESS,2026-08-06 08:26:42,2026-08-13 23:56:42
436,30,3,日用百货商品_0436,这是一个测试商品，编号436，属于日用百货分类。,3.0,4,/uploads/product/cover_19.jpg,ON_SALE,MEETUP,2026-08-16 13:38:42,2026-08-15 07:27:42
437,63,13,交通工具商品_0437,这是一个测试商品，编号437，属于交通工具分类。,100.0,2,/uploads/product/cover_8.jpg,ON_SALE,EXPRESS,2026-08-11 23:05:42,2026-08-13 21:17:42
438,299,3,日用百货商品_0438,这是一个测试商品，编号438，属于日用百货分类。,2.0,2,/uploads/product/cover_3.jpg,ON_SALE,MEETUP,2026-07-30 14:22:42,2026-08-13 11:53:42
439,287,15,手工艺品商品_0439,这是一个测试商品，编号439，属于手工艺品分类。,5.0,2,/uploads/product/cover_20.jpg,ON_SALE,MEETUP,2026-08-04 12:58:42,2026-08-11 23:50:42
440,454,2,电子数码商品_0440,这是一个测试商品，编号440，属于电子数码分类。,50.0,4,/uploads/product/cover_10.jpg,ON_SALE,"MEETUP,EXPRESS",2026-07-28 14:02:42,2026-08-15 18:36:42
441,90,8,美妆护肤商品_0441,这是一个测试商品，编号441，属于美妆护肤分类。,8.0,5,/uploads/product/cover_6.jpg,ON_SALE,"MEETUP,EXPRESS",2026-08-04 21:40:42,2026-08-12 12:58:42
442,416,10,家居家电商品_0442,这是一个测试商品，编号442，属于家居家电分类。,3.0,2,/uploads/product/cover_16.jpg,ON_SALE,"MEETUP,EXPRESS",2026-08-04 11:47:42,2026-08-14 17:42:42
443,125,10,家居家电商品_0443,这是一个测试商品，编号443，属于家居家电分类。,100.0,2,/uploads/product/cover_17.jpg,ON_SALE,"MEETUP,EXPRESS",2026-08-07 01:06:42,2026-08-14 18:44:42
444,155,7,文具办公商品_0444,这是一个测试商品，编号444，属于文具办公分类。,10.0,1,/uploads/product/cover_19.jpg,ON_SALE,"MEETUP,EXPRESS",2026-08-13 00:40:42,2026-08-15 12:32:42
445,634,8,美妆护肤商品_0445,这是一个测试商品，编号445，属于美妆护肤分类。,100.0,5,/uploads/product/cover_16.jpg,ON_SALE,"MEETUP,EXPRESS",2026-07-28 17:55:42,2026-08-15 22:54:42
446,189,7,文具办公商品_0446,这是一个测试商品，编号446，属于文具办公分类。,1.0,1,/uploads/product/cover_13.jpg,ON_SALE,"MEETUP,EXPRESS",2026-08-11 08:31:42,2026-08-13 20:24:42
447,66,12,乐器音响商品_0447,这是一个测试商品，编号447，属于乐器音响分类。,60.0,3,/uploads/product/cover_12.jpg,ON_SALE,EXPRESS,2026-08-07 18:09:42,2026-08-13 00:16:42
448,832,4,运动户外商品_0448,这是一个测试商品，编号448，属于运动户外分类。,30.0,1,/uploads/product/cover_10.jpg,ON_SALE,MEETUP,2026-08-10 14:08:42,2026-08-15 16:31:42
449,667,8,美妆护肤商品_0449,这是一个测试商品，编号449，属于美妆护肤分类。,12.0,5,/uploads/product/cover_3.jpg,ON_SALE,MEETUP,2026-08-06 06:37:42,2026-08-12 19:37:42
450,858,8,美妆护肤商品_0450,这是一个测试商品，编号450，属于美妆护肤分类。,100.0,1,/uploads/product/cover_4.jpg,ON_SALE,EXPRESS,2026-08-07 07:43:42,2026-08-11 19:57:42
451,107,11,图书小说商品_0451,这是一个测试商品，编号451，属于图书小说分类。,15.0,4,/uploads/product/cover_16.jpg,ON_SALE,MEETUP,2026-08-02 20:28:42,2026-08-14 17:33:42
452,182,11,图书小说商品_0452,这是一个测试商品，编号452，属于图书小说分类。,25.0,4,/uploads/product/cover_3.jpg,ON_SALE,"MEETUP,EXPRESS",2026-08-16 00:45:42,2026-08-12 16:03:42
453,718,8,美妆护肤商品_0453,这是一个测试商品，编号453，属于美妆护肤分类。,1.0,5,/uploads/product/cover_2.jpg,ON_SALE,MEETUP,2026-08-13 19:16:42,2026-08-16 14:47:42
454,252,11,图书小说商品_0454,这是一个测试商品，编号454，属于图书小说分类。,15.0,1,/uploads/product/cover_13.jpg,ON_SALE,MEETUP,2026-07-29 20:56:42,2026-08-13 18:31:42
455,645,11,图书小说商品_0455,这是一个测试商品，编号455，属于图书小说分类。,25.0,4,/uploads/product/cover_7.jpg,ON_SALE,MEETUP,2026-08-09 14:46:42,2026-08-14 21:24:42
456,127,6,零食饮料商品_0456,这是一个测试商品，编号456，属于零食饮料分类。,120.0,5,/uploads/product/cover_5.jpg,ON_SALE,"MEETUP,EXPRESS",2026-08-12 06:03:42,2026-08-11 19:37:42
457,663,6,零食饮料商品_0457,这是一个测试商品，编号457，属于零食饮料分类。,60.0,4,/uploads/product/cover_8.jpg,ON_SALE,MEETUP,2026-08-14 16:37:42,2026-08-14 23:36:42
458,198,1,教材教辅商品_0458,这是一个测试商品，编号458，属于教材教辅分类。,5.0,1,/uploads/product/cover_8.jpg,ON_SALE,MEETUP,2026-08-06 11:19:42,2026-08-11 23:57:42
459,714,14,宠物用品商品_0459,这是一个测试商品，编号459，属于宠物用品分类。,30.0,2,/uploads/product/cover_3.jpg,ON_SALE,"MEETUP,EXPRESS",2026-08-12 10:28:42,2026-08-13 23:13:42
460,642,14,宠物用品商品_0460,这是一个测试商品，编号460，属于宠物用品分类。,60.0,4,/uploads/product/cover_13.jpg,ON_SALE,EXPRESS,2026-08-10 14:25:42,2026-08-11 20:39:42
461,106,11,图书小说商品_0461,这是一个测试商品，编号461，属于图书小说分类。,25.0,5,/uploads/product/cover_7.jpg,ON_SALE,EXPRESS,2026-08-01 05:34:42,2026-08-12 15:59:42
462,350,15,手工艺品商品_0462,这是一个测试商品，编号462，属于手工艺品分类。,80.0,5,/uploads/product/cover_5.jpg,ON_SALE,"MEETUP,EXPRESS",2026-08-13 15:06:42,2026-08-13 21:00:42
463,32,13,交通工具商品_0463,这是一个测试商品，编号463，属于交通工具分类。,3.0,3,/uploads/product/cover_6.jpg,ON_SALE,EXPRESS,2026-08-03 06:37:42,2026-08-15 05:27:42
464,887,14,宠物用品商品_0464,这是一个测试商品，编号464，属于宠物用品分类。,100.0,3,/uploads/product/cover_3.jpg,ON_SALE,"MEETUP,EXPRESS",2026-08-01 13:38:42,2026-08-14 07:41:42
465,986,8,美妆护肤商品_0465,这是一个测试商品，编号465，属于美妆护肤分类。,100.0,3,/uploads/product/cover_13.jpg,ON_SALE,MEETUP,2026-08-03 23:25:42,2026-08-13 10:22:42
466,452,5,服装鞋帽商品_0466,这是一个测试商品，编号466，属于服装鞋帽分类。,60.0,5,/uploads/product/cover_14.jpg,ON_SALE,"MEETUP,EXPRESS",2026-08-11 10:03:42,2026-08-12 09:10:42
467,377,1,教材教辅商品_0467,这是一个测试商品，编号467，属于教材教辅分类。,20.0,3,/uploads/product/cover_14.jpg,ON_SALE,EXPRESS,2026-08-12 08:55:42,2026-08-13 00:47:42
468,994,6,零食饮料商品_0468,这是一个测试商品，编号468，属于零食饮料分类。,8.0,4,/uploads/product/cover_18.jpg,ON_SALE,MEETUP,2026-08-13 14:03:42,2026-08-16 05:06:42
469,130,15,手工艺品商品_0469,这是一个测试商品，编号469，属于手工艺品分类。,12.0,4,/uploads/product/cover_16.jpg,ON_SALE,"MEETUP,EXPRESS",2026-07-28 11:08:42,2026-08-13 20:54:42
470,629,10,家居家电商品_0470,这是一个测试商品，编号470，属于家居家电分类。,12.0,2,/uploads/product/cover_9.jpg,ON_SALE,EXPRESS,2026-08-08 14:51:42,2026-08-15 00:48:42
471,309,14,宠物用品商品_0471,这是一个测试商品，编号471，属于宠物用品分类。,8.0,3,/uploads/product/cover_1.jpg,ON_SALE,"MEETUP,EXPRESS",2026-08-12 12:37:42,2026-08-13 04:20:42
472,878,5,服装鞋帽商品_0472,这是一个测试商品，编号472，属于服装鞋帽分类。,5.0,3,/uploads/product/cover_16.jpg,ON_SALE,EXPRESS,2026-07-29 04:01:42,2026-08-15 07:48:42
473,885,5,服装鞋帽商品_0473,这是一个测试商品，编号473，属于服装鞋帽分类。,60.0,1,/uploads/product/cover_15.jpg,ON_SALE,"MEETUP,EXPRESS",2026-08-10 11:14:42,2026-08-12 02:47:42
474,96,8,美妆护肤商品_0474,这是一个测试商品，编号474，属于美妆护肤分类。,200.0,5,/uploads/product/cover_5.jpg,ON_SALE,"MEETUP,EXPRESS",2026-08-10 04:14:42,2026-08-14 20:52:42
475,949,6,零食饮料商品_0475,这是一个测试商品，编号475，属于零食饮料分类。,150.0,1,/uploads/product/cover_13.jpg,ON_SALE,MEETUP,2026-08-03 19:27:42,2026-08-16 06:43:42
476,417,11,图书小说商品_0476,这是一个测试商品，编号476，属于图书小说分类。,100.0,2,/uploads/product/cover_17.jpg,ON_SALE,MEETUP,2026-08-10 18:48:42,2026-08-16 13:59:42
477,813,1,教材教辅商品_0477,这是一个测试商品，编号477，属于教材教辅分类。,30.0,1,/uploads/product/cover_17.jpg,ON_SALE,MEETUP,2026-07-31 10:47:42,2026-08-13 10:06:42
478,988,4,运动户外商品_0478,这是一个测试商品，编号478，属于运动户外分类。,120.0,2,/uploads/product/cover_7.jpg,ON_SALE,MEETUP,2026-08-01 21:19:42,2026-08-13 18:05:42
479,522,12,乐器音响商品_0479,这是一个测试商品，编号479，属于乐器音响分类。,50.0,5,/uploads/product/cover_20.jpg,ON_SALE,MEETUP,2026-07-31 19:08:42,2026-08-15 20:42:42
480,391,14,宠物用品商品_0480,这是一个测试商品，编号480，属于宠物用品分类。,5.0,3,/uploads/product/cover_9.jpg,ON_SALE,EXPRESS,2026-08-07 04:59:42,2026-08-12 14:54:42
481,576,15,手工艺品商品_0481,这是一个测试商品，编号481，属于手工艺品分类。,2.0,4,/uploads/product/cover_9.jpg,ON_SALE,EXPRESS,2026-08-15 15:00:42,2026-08-15 14:39:42
482,637,13,交通工具商品_0482,这是一个测试商品，编号482，属于交通工具分类。,2.0,1,/uploads/product/cover_19.jpg,ON_SALE,"MEETUP,EXPRESS",2026-08-05 17:03:42,2026-08-16 16:49:42
483,921,5,服装鞋帽商品_0483,这是一个测试商品，编号483，属于服装鞋帽分类。,1.0,4,/uploads/product/cover_4.jpg,ON_SALE,MEETUP,2026-08-05 02:10:42,2026-08-16 00:59:42
484,50,9,游戏动漫商品_0484,这是一个测试商品，编号484，属于游戏动漫分类。,80.0,5,/uploads/product/cover_19.jpg,ON_SALE,EXPRESS,2026-08-15 09:39:42,2026-08-16 17:37:42
485,63,4,运动户外商品_0485,这是一个测试商品，编号485，属于运动户外分类。,150.0,1,/uploads/product/cover_12.jpg,ON_SALE,MEETUP,2026-08-04 02:34:42,2026-08-15 21:42:42
486,854,4,运动户外商品_0486,这是一个测试商品，编号486，属于运动户外分类。,1.0,5,/uploads/product/cover_4.jpg,ON_SALE,MEETUP,2026-07-30 22:42:42,2026-08-13 09:26:42
487,328,9,游戏动漫商品_0487,这是一个测试商品，编号487，属于游戏动漫分类。,2.0,1,/uploads/product/cover_7.jpg,ON_SALE,"MEETUP,EXPRESS",2026-07-27 22:55:42,2026-08-16 06:22:42
488,954,7,文具办公商品_0488,这是一个测试商品，编号488，属于文具办公分类。,1.0,3,/uploads/product/cover_15.jpg,ON_SALE,"MEETUP,EXPRESS",2026-08-01 04:20:42,2026-08-14 17:50:42
489,986,3,日用百货商品_0489,这是一个测试商品，编号489，属于日用百货分类。,10.0,4,/uploads/product/cover_4.jpg,ON_SALE,MEETUP,2026-07-28 02:11:42,2026-08-11 22:10:42
490,210,12,乐器音响商品_0490,这是一个测试商品，编号490，属于乐器音响分类。,25.0,1,/uploads/product/cover_14.jpg,ON_SALE,"MEETUP,EXPRESS",2026-08-13 07:22:42,2026-08-13 05:04:42
491,530,2,电子数码商品_0491,这是一个测试商品，编号491，属于电子数码分类。,8.0,1,/uploads/product/cover_19.jpg,ON_SALE,EXPRESS,2026-08-01 06:27:42,2026-08-14 00:08:42
492,730,4,运动户外商品_0492,这是一个测试商品，编号492，属于运动户外分类。,60.0,2,/uploads/product/cover_6.jpg,ON_SALE,MEETUP,2026-08-14 03:00:42,2026-08-15 19:35:42
493,886,6,零食饮料商品_0493,这是一个测试商品，编号493，属于零食饮料分类。,5.0,5,/uploads/product/cover_7.jpg,ON_SALE,MEETUP,2026-08-10 10:33:42,2026-08-12 16:18:42
494,357,6,零食饮料商品_0494,这是一个测试商品，编号494，属于零食饮料分类。,8.0,4,/uploads/product/cover_5.jpg,ON_SALE,EXPRESS,2026-08-05 11:32:42,2026-08-15 11:18:42
495,672,3,日用百货商品_0495,这是一个测试商品，编号495，属于日用百货分类。,60.0,3,/uploads/product/cover_6.jpg,ON_SALE,MEETUP,2026-08-03 21:46:42,2026-08-16 03:58:42
496,796,6,零食饮料商品_0496,这是一个测试商品，编号496，属于零食饮料分类。,25.0,5,/uploads/product/cover_2.jpg,ON_SALE,"MEETUP,EXPRESS",2026-08-06 01:03:42,2026-08-14 05:28:42
497,562,10,家居家电商品_0497,这是一个测试商品，编号497，属于家居家电分类。,25.0,2,/uploads/product/cover_1.jpg,ON_SALE,"MEETUP,EXPRESS",2026-08-16 14:05:42,2026-08-12 08:42:42
498,162,3,日用百货商品_0498,这是一个测试商品，编号498，属于日用百货分类。,12.0,4,/uploads/product/cover_13.jpg,ON_SALE,MEETUP,2026-07-29 01:04:42,2026-08-15 10:35:42
499,72,13,交通工具商品_0499,这是一个测试商品，编号499，属于交通工具分类。,2.0,1,/uploads/product/cover_6.jpg,ON_SALE,MEETUP,2026-08-12 02:32:42,2026-08-14 05:49:42
500,992,1,教材教辅商品_0500,这是一个测试商品，编号500，属于教材教辅分类。,100.0,5,/uploads/product/cover_15.jpg,ON_SALE,"MEETUP,EXPRESS",2026-08-16 00:57:42,2026-08-12 03:47:42
501,908,11,图书小说商品_0501,这是一个测试商品，编号501，属于图书小说分类。,5.0,4,/uploads/product/cover_8.jpg,ON_SALE,EXPRESS,2026-08-11 03:05:42,2026-08-13 03:26:42
502,942,2,电子数码商品_0502,这是一个测试商品，编号502，属于电子数码分类。,20.0,5,/uploads/product/cover_10.jpg,ON_SALE,"MEETUP,EXPRESS",2026-08-06 14:11:42,2026-08-12 22:23:42
503,944,4,运动户外商品_0503,这是一个测试商品，编号503，属于运动户外分类。,3.0,1,/uploads/product/cover_20.jpg,ON_SALE,"MEETUP,EXPRESS",2026-08-16 03:57:42,2026-08-16 14:51:42
504,50,12,乐器音响商品_0504,这是一个测试商品，编号504，属于乐器音响分类。,30.0,3,/uploads/product/cover_5.jpg,ON_SALE,"MEETUP,EXPRESS",2026-08-06 21:37:42,2026-08-13 11:59:42
505,695,6,零食饮料商品_0505,这是一个测试商品，编号505，属于零食饮料分类。,10.0,4,/uploads/product/cover_15.jpg,ON_SALE,MEETUP,2026-08-12 23:02:42,2026-08-13 15:12:42
506,594,2,电子数码商品_0506,这是一个测试商品，编号506，属于电子数码分类。,25.0,4,/uploads/product/cover_12.jpg,ON_SALE,EXPRESS,2026-07-28 05:33:42,2026-08-13 06:06:42
507,467,5,服装鞋帽商品_0507,这是一个测试商品，编号507，属于服装鞋帽分类。,8.0,1,/uploads/product/cover_20.jpg,ON_SALE,EXPRESS,2026-08-04 02:01:42,2026-08-15 12:37:42
508,798,1,教材教辅商品_0508,这是一个测试商品，编号508，属于教材教辅分类。,150.0,1,/uploads/product/cover_20.jpg,ON_SALE,EXPRESS,2026-08-05 14:45:42,2026-08-14 14:12:42
509,389,4,运动户外商品_0509,这是一个测试商品，编号509，属于运动户外分类。,2.0,4,/uploads/product/cover_20.jpg,ON_SALE,"MEETUP,EXPRESS",2026-08-11 14:02:42,2026-08-16 00:51:42
510,779,4,运动户外商品_0510,这是一个测试商品，编号510，属于运动户外分类。,150.0,5,/uploads/product/cover_1.jpg,ON_SALE,MEETUP,2026-08-16 07:11:42,2026-08-14 03:13:42
511,250,1,教材教辅商品_0511,这是一个测试商品，编号511，属于教材教辅分类。,8.0,1,/uploads/product/cover_11.jpg,ON_SALE,MEETUP,2026-07-29 15:50:42,2026-08-14 17:08:42
512,719,1,教材教辅商品_0512,这是一个测试商品，编号512，属于教材教辅分类。,20.0,1,/uploads/product/cover_13.jpg,ON_SALE,EXPRESS,2026-08-12 05:55:42,2026-08-16 02:53:42
513,138,6,零食饮料商品_0513,这是一个测试商品，编号513，属于零食饮料分类。,3.0,5,/uploads/product/cover_19.jpg,ON_SALE,EXPRESS,2026-08-09 21:39:42,2026-08-13 08:17:42
514,467,15,手工艺品商品_0514,这是一个测试商品，编号514，属于手工艺品分类。,120.0,2,/uploads/product/cover_8.jpg,ON_SALE,MEETUP,2026-08-07 02:23:42,2026-08-15 07:24:42
515,916,10,家居家电商品_0515,这是一个测试商品，编号515，属于家居家电分类。,15.0,2,/uploads/product/cover_4.jpg,ON_SALE,MEETUP,2026-07-29 06:25:42,2026-08-12 16:03:42
516,259,4,运动户外商品_0516,这是一个测试商品，编号516，属于运动户外分类。,3.0,5,/uploads/product/cover_14.jpg,ON_SALE,EXPRESS,2026-08-04 09:12:42,2026-08-15 14:54:42
517,898,2,电子数码商品_0517,这是一个测试商品，编号517，属于电子数码分类。,80.0,4,/uploads/product/cover_5.jpg,ON_SALE,EXPRESS,2026-08-03 05:32:42,2026-08-15 02:46:42
518,318,9,游戏动漫商品_0518,这是一个测试商品，编号518，属于游戏动漫分类。,3.0,3,/uploads/product/cover_9.jpg,ON_SALE,EXPRESS,2026-08-10 19:24:42,2026-08-15 09:55:42
519,41,12,乐器音响商品_0519,这是一个测试商品，编号519，属于乐器音响分类。,10.0,2,/uploads/product/cover_1.jpg,ON_SALE,EXPRESS,2026-08-03 21:52:42,2026-08-16 09:13:42
520,765,13,交通工具商品_0520,这是一个测试商品，编号520，属于交通工具分类。,3.0,1,/uploads/product/cover_11.jpg,ON_SALE,"MEETUP,EXPRESS",2026-07-29 18:20:42,2026-08-14 10:42:42
521,844,8,美妆护肤商品_0521,这是一个测试商品，编号521，属于美妆护肤分类。,30.0,1,/uploads/product/cover_13.jpg,ON_SALE,EXPRESS,2026-08-09 19:52:42,2026-08-15 11:35:42
522,921,14,宠物用品商品_0522,这是一个测试商品，编号522，属于宠物用品分类。,8.0,2,/uploads/product/cover_13.jpg,ON_SALE,EXPRESS,2026-08-10 18:50:42,2026-08-16 17:09:42
523,39,9,游戏动漫商品_0523,这是一个测试商品，编号523，属于游戏动漫分类。,10.0,5,/uploads/product/cover_19.jpg,ON_SALE,"MEETUP,EXPRESS",2026-08-14 01:27:42,2026-08-12 15:09:42
524,4,14,宠物用品商品_0524,这是一个测试商品，编号524，属于宠物用品分类。,200.0,5,/uploads/product/cover_2.jpg,ON_SALE,"MEETUP,EXPRESS",2026-07-30 22:41:42,2026-08-13 20:38:42
525,67,9,游戏动漫商品_0525,这是一个测试商品，编号525，属于游戏动漫分类。,1.0,5,/uploads/product/cover_6.jpg,ON_SALE,EXPRESS,2026-08-14 23:08:42,2026-08-15 16:56:42
526,269,11,图书小说商品_0526,这是一个测试商品，编号526，属于图书小说分类。,100.0,4,/uploads/product/cover_14.jpg,ON_SALE,MEETUP,2026-08-14 11:06:42,2026-08-13 06:45:42
527,547,9,游戏动漫商品_0527,这是一个测试商品，编号527，属于游戏动漫分类。,5.0,1,/uploads/product/cover_5.jpg,ON_SALE,"MEETUP,EXPRESS",2026-08-03 02:51:42,2026-08-14 00:36:42
528,799,15,手工艺品商品_0528,这是一个测试商品，编号528，属于手工艺品分类。,12.0,3,/uploads/product/cover_15.jpg,ON_SALE,"MEETUP,EXPRESS",2026-08-04 20:41:42,2026-08-16 16:53:42
529,358,4,运动户外商品_0529,这是一个测试商品，编号529，属于运动户外分类。,120.0,2,/uploads/product/cover_1.jpg,ON_SALE,EXPRESS,2026-08-03 02:56:42,2026-08-14 23:27:42
530,634,5,服装鞋帽商品_0530,这是一个测试商品，编号530，属于服装鞋帽分类。,60.0,2,/uploads/product/cover_4.jpg,ON_SALE,EXPRESS,2026-07-29 15:08:42,2026-08-14 14:13:42
531,433,8,美妆护肤商品_0531,这是一个测试商品，编号531，属于美妆护肤分类。,100.0,4,/uploads/product/cover_12.jpg,ON_SALE,EXPRESS,2026-08-15 19:49:42,2026-08-13 03:28:42
532,491,9,游戏动漫商品_0532,这是一个测试商品，编号532，属于游戏动漫分类。,20.0,4,/uploads/product/cover_16.jpg,ON_SALE,MEETUP,2026-08-11 21:22:42,2026-08-12 12:29:42
533,950,7,文具办公商品_0533,这是一个测试商品，编号533，属于文具办公分类。,100.0,5,/uploads/product/cover_17.jpg,ON_SALE,EXPRESS,2026-08-05 18:50:42,2026-08-12 22:45:42
534,471,3,日用百货商品_0534,这是一个测试商品，编号534，属于日用百货分类。,3.0,5,/uploads/product/cover_6.jpg,ON_SALE,"MEETUP,EXPRESS",2026-08-03 05:28:42,2026-08-13 02:02:42
535,708,1,教材教辅商品_0535,这是一个测试商品，编号535，属于教材教辅分类。,60.0,5,/uploads/product/cover_7.jpg,ON_SALE,MEETUP,2026-08-04 16:30:42,2026-08-14 13:44:42
536,564,10,家居家电商品_0536,这是一个测试商品，编号536，属于家居家电分类。,120.0,1,/uploads/product/cover_15.jpg,ON_SALE,MEETUP,2026-07-29 00:40:42,2026-08-14 00:21:42
537,109,6,零食饮料商品_0537,这是一个测试商品，编号537，属于零食饮料分类。,30.0,3,/uploads/product/cover_20.jpg,ON_SALE,MEETUP,2026-08-01 04:46:42,2026-08-13 08:17:42
538,857,7,文具办公商品_0538,这是一个测试商品，编号538，属于文具办公分类。,25.0,3,/uploads/product/cover_1.jpg,ON_SALE,EXPRESS,2026-08-10 01:32:42,2026-08-12 18:35:42
539,31,15,手工艺品商品_0539,这是一个测试商品，编号539，属于手工艺品分类。,15.0,3,/uploads/product/cover_4.jpg,ON_SALE,MEETUP,2026-08-13 06:34:42,2026-08-13 01:18:42
540,193,14,宠物用品商品_0540,这是一个测试商品，编号540，属于宠物用品分类。,15.0,2,/uploads/product/cover_19.jpg,ON_SALE,MEETUP,2026-08-04 07:04:42,2026-08-16 01:21:42
541,452,11,图书小说商品_0541,这是一个测试商品，编号541，属于图书小说分类。,15.0,1,/uploads/product/cover_10.jpg,ON_SALE,EXPRESS,2026-08-03 17:52:42,2026-08-14 17:55:42
542,736,5,服装鞋帽商品_0542,这是一个测试商品，编号542，属于服装鞋帽分类。,50.0,3,/uploads/product/cover_20.jpg,ON_SALE,EXPRESS,2026-08-11 02:27:42,2026-08-12 03:33:42
543,655,1,教材教辅商品_0543,这是一个测试商品，编号543，属于教材教辅分类。,12.0,2,/uploads/product/cover_1.jpg,ON_SALE,"MEETUP,EXPRESS",2026-07-29 12:54:42,2026-08-16 15:09:42
544,899,6,零食饮料商品_0544,这是一个测试商品，编号544，属于零食饮料分类。,30.0,1,/uploads/product/cover_3.jpg,ON_SALE,EXPRESS,2026-07-31 06:02:42,2026-08-16 03:38:42
545,176,7,文具办公商品_0545,这是一个测试商品，编号545，属于文具办公分类。,5.0,5,/uploads/product/cover_12.jpg,ON_SALE,"MEETUP,EXPRESS",2026-08-11 13:41:42,2026-08-15 05:17:42
546,216,11,图书小说商品_0546,这是一个测试商品，编号546，属于图书小说分类。,20.0,5,/uploads/product/cover_1.jpg,ON_SALE,MEETUP,2026-08-11 17:55:42,2026-08-12 22:43:42
547,21,13,交通工具商品_0547,这是一个测试商品，编号547，属于交通工具分类。,30.0,3,/uploads/product/cover_6.jpg,ON_SALE,MEETUP,2026-08-03 14:39:42,2026-08-12 04:32:42
548,245,13,交通工具商品_0548,这是一个测试商品，编号548，属于交通工具分类。,25.0,3,/uploads/product/cover_1.jpg,ON_SALE,EXPRESS,2026-08-06 02:59:42,2026-08-15 22:07:42
549,284,7,文具办公商品_0549,这是一个测试商品，编号549，属于文具办公分类。,200.0,5,/uploads/product/cover_12.jpg,ON_SALE,MEETUP,2026-08-01 10:52:42,2026-08-13 00:58:42
550,505,6,零食饮料商品_0550,这是一个测试商品，编号550，属于零食饮料分类。,80.0,3,/uploads/product/cover_9.jpg,ON_SALE,MEETUP,2026-08-09 10:34:42,2026-08-16 10:31:42
551,672,15,手工艺品商品_0551,这是一个测试商品，编号551，属于手工艺品分类。,8.0,5,/uploads/product/cover_18.jpg,ON_SALE,EXPRESS,2026-08-03 06:56:42,2026-08-12 12:13:42
552,766,9,游戏动漫商品_0552,这是一个测试商品，编号552，属于游戏动漫分类。,150.0,2,/uploads/product/cover_10.jpg,ON_SALE,EXPRESS,2026-08-08 20:56:42,2026-08-13 22:20:42
553,968,11,图书小说商品_0553,这是一个测试商品，编号553，属于图书小说分类。,8.0,2,/uploads/product/cover_14.jpg,ON_SALE,MEETUP,2026-08-10 05:30:42,2026-08-14 02:35:42
554,247,1,教材教辅商品_0554,这是一个测试商品，编号554，属于教材教辅分类。,30.0,4,/uploads/product/cover_16.jpg,ON_SALE,MEETUP,2026-07-31 03:55:42,2026-08-11 23:37:42
555,250,13,交通工具商品_0555,这是一个测试商品，编号555，属于交通工具分类。,50.0,4,/uploads/product/cover_20.jpg,ON_SALE,EXPRESS,2026-08-09 21:02:42,2026-08-14 09:40:42
556,893,10,家居家电商品_0556,这是一个测试商品，编号556，属于家居家电分类。,8.0,3,/uploads/product/cover_18.jpg,ON_SALE,"MEETUP,EXPRESS",2026-08-05 18:07:42,2026-08-14 08:04:42
557,62,12,乐器音响商品_0557,这是一个测试商品，编号557，属于乐器音响分类。,2.0,1,/uploads/product/cover_20.jpg,ON_SALE,"MEETUP,EXPRESS",2026-07-30 10:30:42,2026-08-13 13:09:42
558,843,1,教材教辅商品_0558,这是一个测试商品，编号558，属于教材教辅分类。,5.0,4,/uploads/product/cover_7.jpg,ON_SALE,MEETUP,2026-08-10 23:07:42,2026-08-15 00:53:42
559,714,8,美妆护肤商品_0559,这是一个测试商品，编号559，属于美妆护肤分类。,12.0,2,/uploads/product/cover_16.jpg,ON_SALE,"MEETUP,EXPRESS",2026-07-29 08:38:42,2026-08-13 21:15:42
560,993,4,运动户外商品_0560,这是一个测试商品，编号560，属于运动户外分类。,5.0,5,/uploads/product/cover_1.jpg,ON_SALE,"MEETUP,EXPRESS",2026-08-03 14:34:42,2026-08-12 07:48:42
561,363,11,图书小说商品_0561,这是一个测试商品，编号561，属于图书小说分类。,10.0,2,/uploads/product/cover_1.jpg,ON_SALE,MEETUP,2026-08-06 18:13:42,2026-08-15 01:49:42
562,320,6,零食饮料商品_0562,这是一个测试商品，编号562，属于零食饮料分类。,80.0,2,/uploads/product/cover_3.jpg,ON_SALE,"MEETUP,EXPRESS",2026-08-01 23:39:42,2026-08-15 11:07:42
563,504,4,运动户外商品_0563,这是一个测试商品，编号563，属于运动户外分类。,1.0,1,/uploads/product/cover_4.jpg,ON_SALE,"MEETUP,EXPRESS",2026-08-12 11:13:42,2026-08-14 00:54:42
564,282,7,文具办公商品_0564,这是一个测试商品，编号564，属于文具办公分类。,50.0,3,/uploads/product/cover_6.jpg,ON_SALE,MEETUP,2026-08-08 14:20:42,2026-08-12 21:31:42
565,928,13,交通工具商品_0565,这是一个测试商品，编号565，属于交通工具分类。,50.0,3,/uploads/product/cover_4.jpg,ON_SALE,EXPRESS,2026-08-15 02:32:42,2026-08-13 11:22:42
566,198,12,乐器音响商品_0566,这是一个测试商品，编号566，属于乐器音响分类。,120.0,3,/uploads/product/cover_12.jpg,ON_SALE,MEETUP,2026-08-06 16:39:42,2026-08-13 17:04:42
567,619,10,家居家电商品_0567,这是一个测试商品，编号567，属于家居家电分类。,15.0,2,/uploads/product/cover_11.jpg,ON_SALE,"MEETUP,EXPRESS",2026-08-14 03:13:42,2026-08-14 07:02:42
568,367,13,交通工具商品_0568,这是一个测试商品，编号568，属于交通工具分类。,1.0,2,/uploads/product/cover_15.jpg,ON_SALE,EXPRESS,2026-08-15 05:47:42,2026-08-13 13:21:42
569,866,7,文具办公商品_0569,这是一个测试商品，编号569，属于文具办公分类。,20.0,4,/uploads/product/cover_7.jpg,ON_SALE,"MEETUP,EXPRESS",2026-08-02 10:31:42,2026-08-16 14:01:42
570,89,14,宠物用品商品_0570,这是一个测试商品，编号570，属于宠物用品分类。,1.0,4,/uploads/product/cover_12.jpg,ON_SALE,MEETUP,2026-08-11 05:39:42,2026-08-16 13:07:42
571,435,9,游戏动漫商品_0571,这是一个测试商品，编号571，属于游戏动漫分类。,5.0,3,/uploads/product/cover_17.jpg,ON_SALE,"MEETUP,EXPRESS",2026-07-30 22:27:42,2026-08-13 13:55:42
572,604,7,文具办公商品_0572,这是一个测试商品，编号572，属于文具办公分类。,10.0,5,/uploads/product/cover_8.jpg,ON_SALE,"MEETUP,EXPRESS",2026-07-28 05:40:42,2026-08-16 10:56:42
573,634,2,电子数码商品_0573,这是一个测试商品，编号573，属于电子数码分类。,1.0,4,/uploads/product/cover_16.jpg,ON_SALE,"MEETUP,EXPRESS",2026-08-07 08:53:42,2026-08-13 19:16:42
574,842,3,日用百货商品_0574,这是一个测试商品，编号574，属于日用百货分类。,120.0,2,/uploads/product/cover_14.jpg,ON_SALE,MEETUP,2026-08-08 21:04:42,2026-08-16 13:07:42
575,221,13,交通工具商品_0575,这是一个测试商品，编号575，属于交通工具分类。,150.0,2,/uploads/product/cover_17.jpg,ON_SALE,EXPRESS,2026-07-31 17:36:42,2026-08-12 07:01:42
576,959,11,图书小说商品_0576,这是一个测试商品，编号576，属于图书小说分类。,15.0,3,/uploads/product/cover_5.jpg,ON_SALE,"MEETUP,EXPRESS",2026-08-12 07:17:42,2026-08-15 06:36:42
577,376,14,宠物用品商品_0577,这是一个测试商品，编号577，属于宠物用品分类。,10.0,2,/uploads/product/cover_18.jpg,ON_SALE,"MEETUP,EXPRESS",2026-08-09 15:40:42,2026-08-14 14:25:42
578,371,8,美妆护肤商品_0578,这是一个测试商品，编号578，属于美妆护肤分类。,2.0,4,/uploads/product/cover_15.jpg,ON_SALE,"MEETUP,EXPRESS",2026-07-27 23:51:42,2026-08-15 20:34:42
579,300,12,乐器音响商品_0579,这是一个测试商品，编号579，属于乐器音响分类。,5.0,3,/uploads/product/cover_9.jpg,ON_SALE,"MEETUP,EXPRESS",2026-08-14 02:01:42,2026-08-14 22:36:42
580,255,15,手工艺品商品_0580,这是一个测试商品，编号580，属于手工艺品分类。,8.0,5,/uploads/product/cover_12.jpg,ON_SALE,"MEETUP,EXPRESS",2026-08-14 17:12:42,2026-08-14 21:18:42
581,496,2,电子数码商品_0581,这是一个测试商品，编号581，属于电子数码分类。,25.0,1,/uploads/product/cover_11.jpg,ON_SALE,"MEETUP,EXPRESS",2026-08-03 14:12:42,2026-08-12 15:12:42
582,959,10,家居家电商品_0582,这是一个测试商品，编号582，属于家居家电分类。,12.0,2,/uploads/product/cover_13.jpg,ON_SALE,MEETUP,2026-08-14 04:42:42,2026-08-15 02:48:42
583,863,3,日用百货商品_0583,这是一个测试商品，编号583，属于日用百货分类。,8.0,5,/uploads/product/cover_3.jpg,ON_SALE,EXPRESS,2026-08-14 19:23:42,2026-08-13 11:03:42
584,634,3,日用百货商品_0584,这是一个测试商品，编号584，属于日用百货分类。,30.0,1,/uploads/product/cover_19.jpg,ON_SALE,EXPRESS,2026-08-09 06:19:42,2026-08-16 08:27:42
585,224,7,文具办公商品_0585,这是一个测试商品，编号585，属于文具办公分类。,12.0,4,/uploads/product/cover_4.jpg,ON_SALE,"MEETUP,EXPRESS",2026-08-05 14:19:42,2026-08-11 21:27:42
586,500,8,美妆护肤商品_0586,这是一个测试商品，编号586，属于美妆护肤分类。,5.0,3,/uploads/product/cover_12.jpg,ON_SALE,EXPRESS,2026-07-27 19:50:42,2026-08-14 12:52:42
587,261,6,零食饮料商品_0587,这是一个测试商品，编号587，属于零食饮料分类。,150.0,1,/uploads/product/cover_1.jpg,ON_SALE,"MEETUP,EXPRESS",2026-08-16 14:06:42,2026-08-12 19:04:42
588,534,9,游戏动漫商品_0588,这是一个测试商品，编号588，属于游戏动漫分类。,100.0,4,/uploads/product/cover_18.jpg,ON_SALE,EXPRESS,2026-08-15 12:08:42,2026-08-13 22:33:42
589,902,3,日用百货商品_0589,这是一个测试商品，编号589，属于日用百货分类。,10.0,5,/uploads/product/cover_11.jpg,ON_SALE,EXPRESS,2026-08-04 04:07:42,2026-08-13 17:40:42
590,665,5,服装鞋帽商品_0590,这是一个测试商品，编号590，属于服装鞋帽分类。,10.0,1,/uploads/product/cover_20.jpg,ON_SALE,EXPRESS,2026-08-10 10:29:42,2026-08-12 21:33:42
591,305,9,游戏动漫商品_0591,这是一个测试商品，编号591，属于游戏动漫分类。,15.0,2,/uploads/product/cover_8.jpg,ON_SALE,MEETUP,2026-07-30 02:49:42,2026-08-16 15:59:42
592,250,11,图书小说商品_0592,这是一个测试商品，编号592，属于图书小说分类。,120.0,2,/uploads/product/cover_15.jpg,ON_SALE,"MEETUP,EXPRESS",2026-08-14 17:00:42,2026-08-14 15:40:42
593,251,7,文具办公商品_0593,这是一个测试商品，编号593，属于文具办公分类。,150.0,1,/uploads/product/cover_4.jpg,ON_SALE,EXPRESS,2026-08-07 13:46:42,2026-08-16 15:40:42
594,549,3,日用百货商品_0594,这是一个测试商品，编号594，属于日用百货分类。,120.0,3,/uploads/product/cover_8.jpg,ON_SALE,"MEETUP,EXPRESS",2026-08-15 01:08:42,2026-08-14 21:09:42
595,79,9,游戏动漫商品_0595,这是一个测试商品，编号595，属于游戏动漫分类。,3.0,1,/uploads/product/cover_14.jpg,ON_SALE,"MEETUP,EXPRESS",2026-08-03 18:40:42,2026-08-12 00:12:42
596,684,11,图书小说商品_0596,这是一个测试商品，编号596，属于图书小说分类。,15.0,4,/uploads/product/cover_8.jpg,ON_SALE,EXPRESS,2026-08-03 23:55:42,2026-08-12 19:23:42
597,607,11,图书小说商品_0597,这是一个测试商品，编号597，属于图书小说分类。,200.0,4,/uploads/product/cover_14.jpg,ON_SALE,MEETUP,2026-08-11 17:53:42,2026-08-16 07:47:42
598,83,12,乐器音响商品_0598,这是一个测试商品，编号598，属于乐器音响分类。,150.0,1,/uploads/product/cover_2.jpg,ON_SALE,MEETUP,2026-08-16 04:48:42,2026-08-13 11:38:42
599,575,14,宠物用品商品_0599,这是一个测试商品，编号599，属于宠物用品分类。,2.0,1,/uploads/product/cover_18.jpg,ON_SALE,EXPRESS,2026-08-06 15:44:42,2026-08-15 04:55:42
600,542,2,电子数码商品_0600,这是一个测试商品，编号600，属于电子数码分类。,2.0,1,/uploads/product/cover_19.jpg,ON_SALE,"MEETUP,EXPRESS",2026-07-28 10:04:42,2026-08-14 07:39:42
601,958,7,文具办公商品_0601,这是一个测试商品，编号601，属于文具办公分类。,2.0,5,/uploads/product/cover_16.jpg,ON_SALE,"MEETUP,EXPRESS",2026-07-28 06:33:42,2026-08-14 06:03:42
602,118,8,美妆护肤商品_0602,这是一个测试商品，编号602，属于美妆护肤分类。,50.0,4,/uploads/product/cover_16.jpg,ON_SALE,"MEETUP,EXPRESS",2026-08-09 04:27:42,2026-08-15 20:07:42
603,692,9,游戏动漫商品_0603,这是一个测试商品，编号603，属于游戏动漫分类。,60.0,4,/uploads/product/cover_5.jpg,ON_SALE,MEETUP,2026-08-09 00:33:42,2026-08-13 15:47:42
604,760,13,交通工具商品_0604,这是一个测试商品，编号604，属于交通工具分类。,3.0,4,/uploads/product/cover_15.jpg,ON_SALE,EXPRESS,2026-08-09 18:32:42,2026-08-14 03:42:42
605,470,4,运动户外商品_0605,这是一个测试商品，编号605，属于运动户外分类。,20.0,5,/uploads/product/cover_17.jpg,ON_SALE,MEETUP,2026-08-07 17:45:42,2026-08-15 12:12:42
606,672,11,图书小说商品_0606,这是一个测试商品，编号606，属于图书小说分类。,200.0,4,/uploads/product/cover_3.jpg,ON_SALE,MEETUP,2026-08-07 05:59:42,2026-08-13 13:24:42
607,435,12,乐器音响商品_0607,这是一个测试商品，编号607，属于乐器音响分类。,80.0,2,/uploads/product/cover_1.jpg,ON_SALE,MEETUP,2026-08-13 16:04:42,2026-08-13 05:06:42
608,100,3,日用百货商品_0608,这是一个测试商品，编号608，属于日用百货分类。,200.0,1,/uploads/product/cover_12.jpg,ON_SALE,"MEETUP,EXPRESS",2026-08-07 02:41:42,2026-08-15 23:30:42
609,545,4,运动户外商品_0609,这是一个测试商品，编号609，属于运动户外分类。,8.0,4,/uploads/product/cover_9.jpg,ON_SALE,MEETUP,2026-08-16 10:31:42,2026-08-14 06:21:42
610,579,10,家居家电商品_0610,这是一个测试商品，编号610，属于家居家电分类。,3.0,5,/uploads/product/cover_16.jpg,ON_SALE,"MEETUP,EXPRESS",2026-08-10 06:20:42,2026-08-12 11:55:42
611,29,9,游戏动漫商品_0611,这是一个测试商品，编号611，属于游戏动漫分类。,150.0,2,/uploads/product/cover_16.jpg,ON_SALE,EXPRESS,2026-07-27 22:41:42,2026-08-12 19:41:42
612,707,13,交通工具商品_0612,这是一个测试商品，编号612，属于交通工具分类。,15.0,3,/uploads/product/cover_19.jpg,ON_SALE,"MEETUP,EXPRESS",2026-08-11 20:17:42,2026-08-15 21:14:42
613,172,15,手工艺品商品_0613,这是一个测试商品，编号613，属于手工艺品分类。,25.0,1,/uploads/product/cover_13.jpg,ON_SALE,MEETUP,2026-07-28 11:38:42,2026-08-16 16:57:42
614,271,7,文具办公商品_0614,这是一个测试商品，编号614，属于文具办公分类。,10.0,2,/uploads/product/cover_19.jpg,ON_SALE,"MEETUP,EXPRESS",2026-08-14 01:27:42,2026-08-15 14:23:42
615,161,8,美妆护肤商品_0615,这是一个测试商品，编号615，属于美妆护肤分类。,150.0,1,/uploads/product/cover_17.jpg,ON_SALE,"MEETUP,EXPRESS",2026-08-16 16:21:42,2026-08-16 04:11:42
616,598,11,图书小说商品_0616,这是一个测试商品，编号616，属于图书小说分类。,3.0,1,/uploads/product/cover_16.jpg,ON_SALE,MEETUP,2026-08-02 02:16:42,2026-08-11 22:39:42
617,853,15,手工艺品商品_0617,这是一个测试商品，编号617，属于手工艺品分类。,25.0,3,/uploads/product/cover_19.jpg,ON_SALE,EXPRESS,2026-08-01 23:17:42,2026-08-16 08:45:42
618,953,2,电子数码商品_0618,这是一个测试商品，编号618，属于电子数码分类。,30.0,4,/uploads/product/cover_4.jpg,ON_SALE,"MEETUP,EXPRESS",2026-08-08 01:01:42,2026-08-13 08:29:42
619,365,12,乐器音响商品_0619,这是一个测试商品，编号619，属于乐器音响分类。,60.0,1,/uploads/product/cover_18.jpg,ON_SALE,EXPRESS,2026-07-29 21:49:42,2026-08-16 05:51:42
620,505,11,图书小说商品_0620,这是一个测试商品，编号620，属于图书小说分类。,80.0,3,/uploads/product/cover_14.jpg,ON_SALE,"MEETUP,EXPRESS",2026-08-13 05:43:42,2026-08-16 13:17:42
621,473,14,宠物用品商品_0621,这是一个测试商品，编号621，属于宠物用品分类。,2.0,3,/uploads/product/cover_15.jpg,ON_SALE,"MEETUP,EXPRESS",2026-08-03 15:29:42,2026-08-12 09:17:42
622,421,8,美妆护肤商品_0622,这是一个测试商品，编号622，属于美妆护肤分类。,80.0,5,/uploads/product/cover_17.jpg,ON_SALE,"MEETUP,EXPRESS",2026-08-14 00:02:42,2026-08-15 02:01:42
623,707,7,文具办公商品_0623,这是一个测试商品，编号623，属于文具办公分类。,10.0,5,/uploads/product/cover_6.jpg,ON_SALE,EXPRESS,2026-08-15 15:07:42,2026-08-14 22:03:42
624,14,2,电子数码商品_0624,这是一个测试商品，编号624，属于电子数码分类。,25.0,4,/uploads/product/cover_16.jpg,ON_SALE,MEETUP,2026-08-09 21:11:42,2026-08-15 15:31:42
625,228,7,文具办公商品_0625,这是一个测试商品，编号625，属于文具办公分类。,80.0,1,/uploads/product/cover_8.jpg,ON_SALE,"MEETUP,EXPRESS",2026-07-31 23:00:42,2026-08-12 08:38:42
626,593,13,交通工具商品_0626,这是一个测试商品，编号626，属于交通工具分类。,10.0,1,/uploads/product/cover_10.jpg,ON_SALE,EXPRESS,2026-07-28 17:40:42,2026-08-12 21:45:42
627,616,12,乐器音响商品_0627,这是一个测试商品，编号627，属于乐器音响分类。,2.0,3,/uploads/product/cover_12.jpg,ON_SALE,EXPRESS,2026-08-06 02:41:42,2026-08-13 20:29:42
628,926,11,图书小说商品_0628,这是一个测试商品，编号628，属于图书小说分类。,100.0,5,/uploads/product/cover_19.jpg,ON_SALE,EXPRESS,2026-08-13 14:25:42,2026-08-13 19:42:42
629,619,3,日用百货商品_0629,这是一个测试商品，编号629，属于日用百货分类。,30.0,3,/uploads/product/cover_11.jpg,ON_SALE,"MEETUP,EXPRESS",2026-08-02 10:51:42,2026-08-11 20:08:42
630,189,9,游戏动漫商品_0630,这是一个测试商品，编号630，属于游戏动漫分类。,1.0,1,/uploads/product/cover_9.jpg,ON_SALE,MEETUP,2026-08-03 12:58:42,2026-08-15 20:44:42
631,724,7,文具办公商品_0631,这是一个测试商品，编号631，属于文具办公分类。,80.0,1,/uploads/product/cover_4.jpg,ON_SALE,EXPRESS,2026-07-30 06:41:42,2026-08-11 23:39:42
632,367,2,电子数码商品_0632,这是一个测试商品，编号632，属于电子数码分类。,150.0,2,/uploads/product/cover_18.jpg,ON_SALE,MEETUP,2026-08-06 11:49:42,2026-08-14 06:42:42
633,795,10,家居家电商品_0633,这是一个测试商品，编号633，属于家居家电分类。,10.0,2,/uploads/product/cover_1.jpg,ON_SALE,MEETUP,2026-07-28 06:22:42,2026-08-13 23:53:42
634,667,12,乐器音响商品_0634,这是一个测试商品，编号634，属于乐器音响分类。,8.0,3,/uploads/product/cover_12.jpg,ON_SALE,EXPRESS,2026-07-30 04:47:42,2026-08-13 19:53:42
635,576,12,乐器音响商品_0635,这是一个测试商品，编号635，属于乐器音响分类。,50.0,1,/uploads/product/cover_15.jpg,ON_SALE,MEETUP,2026-08-10 08:14:42,2026-08-16 05:30:42
636,521,2,电子数码商品_0636,这是一个测试商品，编号636，属于电子数码分类。,15.0,2,/uploads/product/cover_7.jpg,ON_SALE,EXPRESS,2026-08-01 11:56:42,2026-08-13 04:54:42
637,490,2,电子数码商品_0637,这是一个测试商品，编号637，属于电子数码分类。,30.0,4,/uploads/product/cover_8.jpg,ON_SALE,EXPRESS,2026-08-07 18:10:42,2026-08-15 09:47:42
638,667,11,图书小说商品_0638,这是一个测试商品，编号638，属于图书小说分类。,50.0,2,/uploads/product/cover_9.jpg,ON_SALE,"MEETUP,EXPRESS",2026-07-28 01:59:42,2026-08-15 17:29:42
639,690,3,日用百货商品_0639,这是一个测试商品，编号639，属于日用百货分类。,100.0,2,/uploads/product/cover_14.jpg,ON_SALE,MEETUP,2026-08-07 18:49:42,2026-08-12 15:14:42
640,810,5,服装鞋帽商品_0640,这是一个测试商品，编号640，属于服装鞋帽分类。,200.0,3,/uploads/product/cover_6.jpg,ON_SALE,MEETUP,2026-07-30 10:46:42,2026-08-16 13:11:42
641,287,13,交通工具商品_0641,这是一个测试商品，编号641，属于交通工具分类。,100.0,3,/uploads/product/cover_1.jpg,ON_SALE,EXPRESS,2026-07-28 09:27:42,2026-08-13 07:11:42
642,916,2,电子数码商品_0642,这是一个测试商品，编号642，属于电子数码分类。,15.0,5,/uploads/product/cover_14.jpg,ON_SALE,EXPRESS,2026-08-14 08:29:42,2026-08-14 18:16:42
643,822,2,电子数码商品_0643,这是一个测试商品，编号643，属于电子数码分类。,200.0,3,/uploads/product/cover_16.jpg,ON_SALE,MEETUP,2026-08-09 23:21:42,2026-08-11 20:51:42
644,919,8,美妆护肤商品_0644,这是一个测试商品，编号644，属于美妆护肤分类。,80.0,1,/uploads/product/cover_11.jpg,ON_SALE,MEETUP,2026-08-12 09:02:42,2026-08-14 16:12:42
645,649,9,游戏动漫商品_0645,这是一个测试商品，编号645，属于游戏动漫分类。,10.0,2,/uploads/product/cover_13.jpg,ON_SALE,"MEETUP,EXPRESS",2026-08-14 18:14:42,2026-08-15 08:31:42
646,328,3,日用百货商品_0646,这是一个测试商品，编号646，属于日用百货分类。,150.0,5,/uploads/product/cover_19.jpg,ON_SALE,"MEETUP,EXPRESS",2026-08-14 22:44:42,2026-08-15 03:31:42
647,729,7,文具办公商品_0647,这是一个测试商品，编号647，属于文具办公分类。,3.0,5,/uploads/product/cover_14.jpg,ON_SALE,EXPRESS,2026-08-11 13:19:42,2026-08-14 11:41:42
648,551,2,电子数码商品_0648,这是一个测试商品，编号648，属于电子数码分类。,3.0,5,/uploads/product/cover_9.jpg,ON_SALE,"MEETUP,EXPRESS",2026-08-13 22:03:42,2026-08-12 12:17:42
649,694,14,宠物用品商品_0649,这是一个测试商品，编号649，属于宠物用品分类。,5.0,5,/uploads/product/cover_8.jpg,ON_SALE,MEETUP,2026-08-12 10:14:42,2026-08-15 09:55:42
650,388,11,图书小说商品_0650,这是一个测试商品，编号650，属于图书小说分类。,8.0,2,/uploads/product/cover_17.jpg,ON_SALE,EXPRESS,2026-08-10 10:29:42,2026-08-15 12:04:42
651,308,9,游戏动漫商品_0651,这是一个测试商品，编号651，属于游戏动漫分类。,60.0,5,/uploads/product/cover_8.jpg,ON_SALE,"MEETUP,EXPRESS",2026-08-08 12:25:42,2026-08-14 15:08:42
652,540,7,文具办公商品_0652,这是一个测试商品，编号652，属于文具办公分类。,3.0,5,/uploads/product/cover_9.jpg,ON_SALE,EXPRESS,2026-08-15 02:28:42,2026-08-14 09:44:42
653,292,12,乐器音响商品_0653,这是一个测试商品，编号653，属于乐器音响分类。,100.0,5,/uploads/product/cover_6.jpg,ON_SALE,MEETUP,2026-07-28 14:20:42,2026-08-14 08:54:42
654,461,4,运动户外商品_0654,这是一个测试商品，编号654，属于运动户外分类。,150.0,3,/uploads/product/cover_1.jpg,ON_SALE,EXPRESS,2026-08-05 13:07:42,2026-08-11 21:58:42
655,959,13,交通工具商品_0655,这是一个测试商品，编号655，属于交通工具分类。,60.0,5,/uploads/product/cover_12.jpg,ON_SALE,EXPRESS,2026-08-08 03:02:42,2026-08-16 11:19:42
656,438,5,服装鞋帽商品_0656,这是一个测试商品，编号656，属于服装鞋帽分类。,8.0,3,/uploads/product/cover_7.jpg,ON_SALE,MEETUP,2026-07-28 15:02:42,2026-08-13 06:34:42
657,46,8,美妆护肤商品_0657,这是一个测试商品，编号657，属于美妆护肤分类。,150.0,1,/uploads/product/cover_18.jpg,ON_SALE,EXPRESS,2026-08-10 18:53:42,2026-08-12 00:34:42
658,281,9,游戏动漫商品_0658,这是一个测试商品，编号658，属于游戏动漫分类。,30.0,5,/uploads/product/cover_15.jpg,ON_SALE,"MEETUP,EXPRESS",2026-08-08 09:08:42,2026-08-11 22:30:42
659,683,9,游戏动漫商品_0659,这是一个测试商品，编号659，属于游戏动漫分类。,3.0,4,/uploads/product/cover_14.jpg,ON_SALE,MEETUP,2026-07-29 01:16:42,2026-08-12 10:26:42
660,17,12,乐器音响商品_0660,这是一个测试商品，编号660，属于乐器音响分类。,8.0,1,/uploads/product/cover_15.jpg,ON_SALE,EXPRESS,2026-08-16 05:18:42,2026-08-16 16:01:42
661,268,15,手工艺品商品_0661,这是一个测试商品，编号661，属于手工艺品分类。,12.0,1,/uploads/product/cover_3.jpg,ON_SALE,"MEETUP,EXPRESS",2026-08-10 02:39:42,2026-08-13 15:34:42
662,402,14,宠物用品商品_0662,这是一个测试商品，编号662，属于宠物用品分类。,25.0,3,/uploads/product/cover_14.jpg,ON_SALE,MEETUP,2026-08-06 18:14:42,2026-08-14 16:21:42
663,746,7,文具办公商品_0663,这是一个测试商品，编号663，属于文具办公分类。,60.0,1,/uploads/product/cover_4.jpg,ON_SALE,MEETUP,2026-07-31 21:37:42,2026-08-13 23:59:42
664,741,4,运动户外商品_0664,这是一个测试商品，编号664，属于运动户外分类。,50.0,3,/uploads/product/cover_7.jpg,ON_SALE,MEETUP,2026-07-27 22:28:42,2026-08-12 02:35:42
665,20,6,零食饮料商品_0665,这是一个测试商品，编号665，属于零食饮料分类。,150.0,1,/uploads/product/cover_11.jpg,ON_SALE,MEETUP,2026-08-02 20:19:42,2026-08-15 03:34:42
666,319,3,日用百货商品_0666,这是一个测试商品，编号666，属于日用百货分类。,10.0,3,/uploads/product/cover_6.jpg,ON_SALE,EXPRESS,2026-08-03 16:25:42,2026-08-12 00:45:42
667,922,13,交通工具商品_0667,这是一个测试商品，编号667，属于交通工具分类。,1.0,4,/uploads/product/cover_4.jpg,ON_SALE,MEETUP,2026-08-15 14:34:42,2026-08-15 21:01:42
668,247,6,零食饮料商品_0668,这是一个测试商品，编号668，属于零食饮料分类。,120.0,4,/uploads/product/cover_14.jpg,ON_SALE,EXPRESS,2026-08-11 06:00:42,2026-08-14 02:05:42
669,74,13,交通工具商品_0669,这是一个测试商品，编号669，属于交通工具分类。,8.0,2,/uploads/product/cover_17.jpg,ON_SALE,EXPRESS,2026-08-07 00:40:42,2026-08-13 01:00:42
670,54,4,运动户外商品_0670,这是一个测试商品，编号670，属于运动户外分类。,3.0,3,/uploads/product/cover_17.jpg,ON_SALE,MEETUP,2026-08-09 18:09:42,2026-08-16 18:06:42
671,82,8,美妆护肤商品_0671,这是一个测试商品，编号671，属于美妆护肤分类。,30.0,5,/uploads/product/cover_19.jpg,ON_SALE,MEETUP,2026-07-28 08:50:42,2026-08-11 22:42:42
672,2,11,图书小说商品_0672,这是一个测试商品，编号672，属于图书小说分类。,200.0,5,/uploads/product/cover_12.jpg,ON_SALE,"MEETUP,EXPRESS",2026-08-01 04:33:42,2026-08-12 06:07:42
673,487,15,手工艺品商品_0673,这是一个测试商品，编号673，属于手工艺品分类。,10.0,2,/uploads/product/cover_13.jpg,ON_SALE,MEETUP,2026-08-03 14:52:42,2026-08-14 19:28:42
674,221,5,服装鞋帽商品_0674,这是一个测试商品，编号674，属于服装鞋帽分类。,150.0,3,/uploads/product/cover_7.jpg,ON_SALE,EXPRESS,2026-07-28 10:30:42,2026-08-11 23:31:42
675,766,4,运动户外商品_0675,这是一个测试商品，编号675，属于运动户外分类。,100.0,1,/uploads/product/cover_18.jpg,ON_SALE,"MEETUP,EXPRESS",2026-08-12 12:41:42,2026-08-14 04:12:42
676,432,8,美妆护肤商品_0676,这是一个测试商品，编号676，属于美妆护肤分类。,15.0,1,/uploads/product/cover_15.jpg,ON_SALE,"MEETUP,EXPRESS",2026-08-13 04:36:42,2026-08-14 07:26:42
677,473,3,日用百货商品_0677,这是一个测试商品，编号677，属于日用百货分类。,8.0,4,/uploads/product/cover_5.jpg,ON_SALE,MEETUP,2026-08-09 06:27:42,2026-08-12 08:11:42
678,43,10,家居家电商品_0678,这是一个测试商品，编号678，属于家居家电分类。,60.0,5,/uploads/product/cover_20.jpg,ON_SALE,MEETUP,2026-08-01 10:05:42,2026-08-13 07:16:42
679,280,11,图书小说商品_0679,这是一个测试商品，编号679，属于图书小说分类。,200.0,2,/uploads/product/cover_10.jpg,ON_SALE,EXPRESS,2026-08-06 14:18:42,2026-08-14 12:27:42
680,768,13,交通工具商品_0680,这是一个测试商品，编号680，属于交通工具分类。,12.0,3,/uploads/product/cover_1.jpg,ON_SALE,"MEETUP,EXPRESS",2026-08-01 06:26:42,2026-08-13 01:25:42
681,289,5,服装鞋帽商品_0681,这是一个测试商品，编号681，属于服装鞋帽分类。,5.0,2,/uploads/product/cover_1.jpg,ON_SALE,MEETUP,2026-08-03 04:33:42,2026-08-16 09:17:42
682,456,4,运动户外商品_0682,这是一个测试商品，编号682，属于运动户外分类。,2.0,3,/uploads/product/cover_3.jpg,ON_SALE,"MEETUP,EXPRESS",2026-08-06 03:06:42,2026-08-14 22:06:42
683,213,10,家居家电商品_0683,这是一个测试商品，编号683，属于家居家电分类。,10.0,5,/uploads/product/cover_2.jpg,ON_SALE,"MEETUP,EXPRESS",2026-08-15 00:01:42,2026-08-13 19:53:42
684,816,6,零食饮料商品_0684,这是一个测试商品，编号684，属于零食饮料分类。,8.0,4,/uploads/product/cover_12.jpg,ON_SALE,EXPRESS,2026-07-31 14:40:42,2026-08-13 19:39:42
685,352,9,游戏动漫商品_0685,这是一个测试商品，编号685，属于游戏动漫分类。,100.0,3,/uploads/product/cover_14.jpg,ON_SALE,MEETUP,2026-08-09 08:44:42,2026-08-14 21:47:42
686,965,7,文具办公商品_0686,这是一个测试商品，编号686，属于文具办公分类。,8.0,1,/uploads/product/cover_1.jpg,ON_SALE,"MEETUP,EXPRESS",2026-08-08 04:54:42,2026-08-11 19:50:42
687,72,12,乐器音响商品_0687,这是一个测试商品，编号687，属于乐器音响分类。,10.0,2,/uploads/product/cover_10.jpg,ON_SALE,EXPRESS,2026-08-05 05:51:42,2026-08-15 23:11:42
688,784,10,家居家电商品_0688,这是一个测试商品，编号688，属于家居家电分类。,60.0,5,/uploads/product/cover_13.jpg,ON_SALE,MEETUP,2026-08-14 16:20:42,2026-08-15 20:59:42
689,326,4,运动户外商品_0689,这是一个测试商品，编号689，属于运动户外分类。,60.0,4,/uploads/product/cover_9.jpg,ON_SALE,MEETUP,2026-08-03 16:36:42,2026-08-14 03:27:42
690,436,9,游戏动漫商品_0690,这是一个测试商品，编号690，属于游戏动漫分类。,15.0,4,/uploads/product/cover_17.jpg,ON_SALE,MEETUP,2026-08-16 10:09:42,2026-08-12 19:18:42
691,422,11,图书小说商品_0691,这是一个测试商品，编号691，属于图书小说分类。,3.0,4,/uploads/product/cover_18.jpg,ON_SALE,"MEETUP,EXPRESS",2026-07-28 18:08:42,2026-08-13 20:47:42
692,378,6,零食饮料商品_0692,这是一个测试商品，编号692，属于零食饮料分类。,3.0,5,/uploads/product/cover_19.jpg,ON_SALE,MEETUP,2026-08-16 02:14:42,2026-08-12 16:38:42
693,736,12,乐器音响商品_0693,这是一个测试商品，编号693，属于乐器音响分类。,50.0,2,/uploads/product/cover_8.jpg,ON_SALE,"MEETUP,EXPRESS",2026-08-11 00:10:42,2026-08-15 03:28:42
694,931,14,宠物用品商品_0694,这是一个测试商品，编号694，属于宠物用品分类。,200.0,1,/uploads/product/cover_11.jpg,ON_SALE,MEETUP,2026-07-31 21:40:42,2026-08-12 01:28:42
695,179,2,电子数码商品_0695,这是一个测试商品，编号695，属于电子数码分类。,30.0,3,/uploads/product/cover_2.jpg,ON_SALE,MEETUP,2026-08-14 11:59:42,2026-08-16 01:31:42
696,386,5,服装鞋帽商品_0696,这是一个测试商品，编号696，属于服装鞋帽分类。,10.0,4,/uploads/product/cover_10.jpg,ON_SALE,MEETUP,2026-08-09 12:20:42,2026-08-12 16:39:42
697,465,6,零食饮料商品_0697,这是一个测试商品，编号697，属于零食饮料分类。,60.0,2,/uploads/product/cover_9.jpg,ON_SALE,MEETUP,2026-08-07 09:03:42,2026-08-15 18:43:42
698,336,5,服装鞋帽商品_0698,这是一个测试商品，编号698，属于服装鞋帽分类。,150.0,1,/uploads/product/cover_1.jpg,ON_SALE,EXPRESS,2026-08-10 19:41:42,2026-08-12 03:14:42
699,232,2,电子数码商品_0699,这是一个测试商品，编号699，属于电子数码分类。,2.0,5,/uploads/product/cover_14.jpg,ON_SALE,MEETUP,2026-08-07 03:25:42,2026-08-14 15:42:42
700,93,15,手工艺品商品_0700,这是一个测试商品，编号700，属于手工艺品分类。,80.0,3,/uploads/product/cover_3.jpg,ON_SALE,EXPRESS,2026-08-10 18:46:42,2026-08-14 02:32:42
701,201,15,手工艺品商品_0701,这是一个测试商品，编号701，属于手工艺品分类。,150.0,4,/uploads/product/cover_11.jpg,ON_SALE,EXPRESS,2026-08-14 07:42:42,2026-08-12 02:06:42
702,551,11,图书小说商品_0702,这是一个测试商品，编号702，属于图书小说分类。,2.0,2,/uploads/product/cover_4.jpg,ON_SALE,MEETUP,2026-07-29 23:35:42,2026-08-13 23:04:42
703,635,13,交通工具商品_0703,这是一个测试商品，编号703，属于交通工具分类。,10.0,5,/uploads/product/cover_17.jpg,ON_SALE,MEETUP,2026-08-14 13:20:42,2026-08-13 08:32:42
704,828,14,宠物用品商品_0704,这是一个测试商品，编号704，属于宠物用品分类。,60.0,1,/uploads/product/cover_13.jpg,ON_SALE,MEETUP,2026-08-04 23:44:42,2026-08-15 01:42:42
705,966,10,家居家电商品_0705,这是一个测试商品，编号705，属于家居家电分类。,20.0,2,/uploads/product/cover_10.jpg,ON_SALE,EXPRESS,2026-07-29 16:20:42,2026-08-15 19:52:42
706,201,2,电子数码商品_0706,这是一个测试商品，编号706，属于电子数码分类。,120.0,3,/uploads/product/cover_13.jpg,ON_SALE,"MEETUP,EXPRESS",2026-08-08 14:10:42,2026-08-12 13:36:42
707,937,2,电子数码商品_0707,这是一个测试商品，编号707，属于电子数码分类。,50.0,5,/uploads/product/cover_12.jpg,ON_SALE,EXPRESS,2026-08-01 19:02:42,2026-08-15 17:02:42
708,602,3,日用百货商品_0708,这是一个测试商品，编号708，属于日用百货分类。,20.0,1,/uploads/product/cover_17.jpg,ON_SALE,MEETUP,2026-08-12 02:58:42,2026-08-15 09:50:42
709,90,12,乐器音响商品_0709,这是一个测试商品，编号709，属于乐器音响分类。,200.0,4,/uploads/product/cover_3.jpg,ON_SALE,"MEETUP,EXPRESS",2026-08-09 16:34:42,2026-08-14 07:43:42
710,870,2,电子数码商品_0710,这是一个测试商品，编号710，属于电子数码分类。,10.0,3,/uploads/product/cover_8.jpg,ON_SALE,"MEETUP,EXPRESS",2026-08-10 17:04:42,2026-08-14 09:55:42
711,461,9,游戏动漫商品_0711,这是一个测试商品，编号711，属于游戏动漫分类。,12.0,1,/uploads/product/cover_4.jpg,ON_SALE,"MEETUP,EXPRESS",2026-07-27 19:29:42,2026-08-13 23:20:42
712,311,6,零食饮料商品_0712,这是一个测试商品，编号712，属于零食饮料分类。,1.0,4,/uploads/product/cover_14.jpg,ON_SALE,EXPRESS,2026-08-03 11:08:42,2026-08-14 07:59:42
713,311,13,交通工具商品_0713,这是一个测试商品，编号713，属于交通工具分类。,20.0,5,/uploads/product/cover_6.jpg,ON_SALE,EXPRESS,2026-07-29 15:46:42,2026-08-12 23:01:42
714,927,6,零食饮料商品_0714,这是一个测试商品，编号714，属于零食饮料分类。,150.0,2,/uploads/product/cover_2.jpg,ON_SALE,MEETUP,2026-08-06 21:50:42,2026-08-11 19:04:42
715,106,7,文具办公商品_0715,这是一个测试商品，编号715，属于文具办公分类。,5.0,1,/uploads/product/cover_13.jpg,ON_SALE,EXPRESS,2026-08-03 20:16:42,2026-08-16 18:52:42
716,917,11,图书小说商品_0716,这是一个测试商品，编号716，属于图书小说分类。,60.0,2,/uploads/product/cover_6.jpg,ON_SALE,EXPRESS,2026-08-08 14:04:42,2026-08-16 06:21:42
717,145,14,宠物用品商品_0717,这是一个测试商品，编号717，属于宠物用品分类。,8.0,5,/uploads/product/cover_5.jpg,ON_SALE,"MEETUP,EXPRESS",2026-08-13 22:04:42,2026-08-13 06:56:42
718,654,3,日用百货商品_0718,这是一个测试商品，编号718，属于日用百货分类。,3.0,4,/uploads/product/cover_20.jpg,ON_SALE,EXPRESS,2026-08-04 14:54:42,2026-08-12 12:15:42
719,278,10,家居家电商品_0719,这是一个测试商品，编号719，属于家居家电分类。,25.0,1,/uploads/product/cover_1.jpg,ON_SALE,"MEETUP,EXPRESS",2026-08-05 00:41:42,2026-08-14 21:04:42
720,650,8,美妆护肤商品_0720,这是一个测试商品，编号720，属于美妆护肤分类。,2.0,2,/uploads/product/cover_5.jpg,ON_SALE,EXPRESS,2026-08-02 17:10:42,2026-08-15 13:46:42
721,32,11,图书小说商品_0721,这是一个测试商品，编号721，属于图书小说分类。,10.0,4,/uploads/product/cover_9.jpg,ON_SALE,EXPRESS,2026-08-05 23:24:42,2026-08-15 10:04:42
722,196,8,美妆护肤商品_0722,这是一个测试商品，编号722，属于美妆护肤分类。,120.0,1,/uploads/product/cover_5.jpg,ON_SALE,EXPRESS,2026-08-05 16:37:42,2026-08-14 12:58:42
723,735,6,零食饮料商品_0723,这是一个测试商品，编号723，属于零食饮料分类。,10.0,5,/uploads/product/cover_1.jpg,ON_SALE,EXPRESS,2026-08-11 22:22:42,2026-08-13 18:04:42
724,390,5,服装鞋帽商品_0724,这是一个测试商品，编号724，属于服装鞋帽分类。,10.0,5,/uploads/product/cover_1.jpg,ON_SALE,"MEETUP,EXPRESS",2026-08-11 10:55:42,2026-08-13 07:01:42
725,308,5,服装鞋帽商品_0725,这是一个测试商品，编号725，属于服装鞋帽分类。,25.0,4,/uploads/product/cover_13.jpg,ON_SALE,EXPRESS,2026-07-28 08:53:42,2026-08-12 18:39:42
726,892,11,图书小说商品_0726,这是一个测试商品，编号726，属于图书小说分类。,15.0,5,/uploads/product/cover_19.jpg,ON_SALE,EXPRESS,2026-08-06 05:30:42,2026-08-14 12:53:42
727,97,6,零食饮料商品_0727,这是一个测试商品，编号727，属于零食饮料分类。,3.0,3,/uploads/product/cover_14.jpg,ON_SALE,"MEETUP,EXPRESS",2026-08-09 02:20:42,2026-08-13 02:23:42
728,949,8,美妆护肤商品_0728,这是一个测试商品，编号728，属于美妆护肤分类。,60.0,4,/uploads/product/cover_12.jpg,ON_SALE,MEETUP,2026-07-27 23:02:42,2026-08-15 16:42:42
729,399,7,文具办公商品_0729,这是一个测试商品，编号729，属于文具办公分类。,10.0,2,/uploads/product/cover_5.jpg,ON_SALE,EXPRESS,2026-08-16 16:49:42,2026-08-15 01:31:42
730,10,8,美妆护肤商品_0730,这是一个测试商品，编号730，属于美妆护肤分类。,150.0,5,/uploads/product/cover_9.jpg,ON_SALE,EXPRESS,2026-08-02 16:07:42,2026-08-11 23:55:42
731,220,1,教材教辅商品_0731,这是一个测试商品，编号731，属于教材教辅分类。,60.0,2,/uploads/product/cover_11.jpg,ON_SALE,"MEETUP,EXPRESS",2026-08-08 02:18:42,2026-08-13 19:40:42
732,574,12,乐器音响商品_0732,这是一个测试商品，编号732，属于乐器音响分类。,50.0,5,/uploads/product/cover_10.jpg,ON_SALE,MEETUP,2026-08-14 00:10:42,2026-08-16 10:26:42
733,829,6,零食饮料商品_0733,这是一个测试商品，编号733，属于零食饮料分类。,10.0,2,/uploads/product/cover_10.jpg,ON_SALE,MEETUP,2026-08-12 01:40:42,2026-08-12 06:59:42
734,96,8,美妆护肤商品_0734,这是一个测试商品，编号734，属于美妆护肤分类。,8.0,2,/uploads/product/cover_2.jpg,ON_SALE,EXPRESS,2026-08-05 19:41:42,2026-08-14 21:09:42
735,404,1,教材教辅商品_0735,这是一个测试商品，编号735，属于教材教辅分类。,25.0,5,/uploads/product/cover_9.jpg,ON_SALE,EXPRESS,2026-07-31 06:03:42,2026-08-11 19:06:42
736,424,7,文具办公商品_0736,这是一个测试商品，编号736，属于文具办公分类。,1.0,2,/uploads/product/cover_19.jpg,ON_SALE,"MEETUP,EXPRESS",2026-08-04 21:13:42,2026-08-11 21:44:42
737,894,9,游戏动漫商品_0737,这是一个测试商品，编号737，属于游戏动漫分类。,50.0,2,/uploads/product/cover_18.jpg,ON_SALE,"MEETUP,EXPRESS",2026-08-13 02:42:42,2026-08-15 11:32:42
738,215,7,文具办公商品_0738,这是一个测试商品，编号738，属于文具办公分类。,10.0,5,/uploads/product/cover_17.jpg,ON_SALE,MEETUP,2026-08-03 01:09:42,2026-08-13 21:02:42
739,433,15,手工艺品商品_0739,这是一个测试商品，编号739，属于手工艺品分类。,25.0,4,/uploads/product/cover_16.jpg,ON_SALE,EXPRESS,2026-08-15 23:30:42,2026-08-14 08:04:42
740,565,8,美妆护肤商品_0740,这是一个测试商品，编号740，属于美妆护肤分类。,100.0,3,/uploads/product/cover_9.jpg,ON_SALE,EXPRESS,2026-08-06 00:25:42,2026-08-14 14:50:42
741,237,11,图书小说商品_0741,这是一个测试商品，编号741，属于图书小说分类。,2.0,2,/uploads/product/cover_3.jpg,ON_SALE,MEETUP,2026-08-06 07:12:42,2026-08-13 23:15:42
742,163,12,乐器音响商品_0742,这是一个测试商品，编号742，属于乐器音响分类。,60.0,5,/uploads/product/cover_16.jpg,ON_SALE,MEETUP,2026-07-29 20:26:42,2026-08-14 16:12:42
743,66,9,游戏动漫商品_0743,这是一个测试商品，编号743，属于游戏动漫分类。,200.0,4,/uploads/product/cover_6.jpg,ON_SALE,MEETUP,2026-08-02 08:07:42,2026-08-15 19:14:42
744,121,7,文具办公商品_0744,这是一个测试商品，编号744，属于文具办公分类。,25.0,3,/uploads/product/cover_11.jpg,ON_SALE,"MEETUP,EXPRESS",2026-08-07 23:29:42,2026-08-14 08:51:42
745,786,13,交通工具商品_0745,这是一个测试商品，编号745，属于交通工具分类。,2.0,4,/uploads/product/cover_10.jpg,ON_SALE,"MEETUP,EXPRESS",2026-07-28 06:27:42,2026-08-11 23:28:42
746,244,15,手工艺品商品_0746,这是一个测试商品，编号746，属于手工艺品分类。,5.0,1,/uploads/product/cover_19.jpg,ON_SALE,"MEETUP,EXPRESS",2026-08-04 19:23:42,2026-08-15 17:02:42
747,113,13,交通工具商品_0747,这是一个测试商品，编号747，属于交通工具分类。,3.0,2,/uploads/product/cover_2.jpg,ON_SALE,"MEETUP,EXPRESS",2026-08-06 00:25:42,2026-08-15 12:56:42
748,288,3,日用百货商品_0748,这是一个测试商品，编号748，属于日用百货分类。,30.0,5,/uploads/product/cover_9.jpg,ON_SALE,EXPRESS,2026-08-10 09:06:42,2026-08-12 13:25:42
749,391,9,游戏动漫商品_0749,这是一个测试商品，编号749，属于游戏动漫分类。,8.0,1,/uploads/product/cover_19.jpg,ON_SALE,EXPRESS,2026-07-31 10:28:42,2026-08-16 16:04:42
750,649,1,教材教辅商品_0750,这是一个测试商品，编号750，属于教材教辅分类。,60.0,3,/uploads/product/cover_1.jpg,ON_SALE,"MEETUP,EXPRESS",2026-08-10 09:20:42,2026-08-16 16:02:42
751,875,14,宠物用品商品_0751,这是一个测试商品，编号751，属于宠物用品分类。,1.0,2,/uploads/product/cover_15.jpg,ON_SALE,EXPRESS,2026-08-09 07:05:42,2026-08-12 06:30:42
752,765,2,电子数码商品_0752,这是一个测试商品，编号752，属于电子数码分类。,25.0,3,/uploads/product/cover_11.jpg,ON_SALE,MEETUP,2026-08-08 04:59:42,2026-08-16 07:40:42
753,600,15,手工艺品商品_0753,这是一个测试商品，编号753，属于手工艺品分类。,30.0,4,/uploads/product/cover_2.jpg,ON_SALE,EXPRESS,2026-08-03 03:01:42,2026-08-13 19:03:42
754,413,8,美妆护肤商品_0754,这是一个测试商品，编号754，属于美妆护肤分类。,30.0,2,/uploads/product/cover_2.jpg,ON_SALE,EXPRESS,2026-08-05 19:42:42,2026-08-12 20:01:42
755,813,10,家居家电商品_0755,这是一个测试商品，编号755，属于家居家电分类。,200.0,5,/uploads/product/cover_3.jpg,ON_SALE,"MEETUP,EXPRESS",2026-07-27 20:46:42,2026-08-12 07:29:42
756,456,13,交通工具商品_0756,这是一个测试商品，编号756，属于交通工具分类。,30.0,5,/uploads/product/cover_12.jpg,ON_SALE,EXPRESS,2026-08-15 13:50:42,2026-08-14 08:09:42
757,908,9,游戏动漫商品_0757,这是一个测试商品，编号757，属于游戏动漫分类。,80.0,2,/uploads/product/cover_1.jpg,ON_SALE,EXPRESS,2026-08-01 04:34:42,2026-08-14 01:47:42
758,92,7,文具办公商品_0758,这是一个测试商品，编号758，属于文具办公分类。,50.0,2,/uploads/product/cover_14.jpg,ON_SALE,MEETUP,2026-08-09 23:32:42,2026-08-13 03:14:42
759,525,5,服装鞋帽商品_0759,这是一个测试商品，编号759，属于服装鞋帽分类。,150.0,4,/uploads/product/cover_1.jpg,ON_SALE,MEETUP,2026-07-29 23:06:42,2026-08-16 03:02:42
760,352,11,图书小说商品_0760,这是一个测试商品，编号760，属于图书小说分类。,15.0,5,/uploads/product/cover_19.jpg,ON_SALE,"MEETUP,EXPRESS",2026-07-28 02:51:42,2026-08-13 03:32:42
761,380,3,日用百货商品_0761,这是一个测试商品，编号761，属于日用百货分类。,15.0,5,/uploads/product/cover_9.jpg,ON_SALE,MEETUP,2026-08-13 09:17:42,2026-08-15 08:42:42
762,689,7,文具办公商品_0762,这是一个测试商品，编号762，属于文具办公分类。,20.0,3,/uploads/product/cover_20.jpg,ON_SALE,EXPRESS,2026-08-11 02:07:42,2026-08-15 02:06:42
763,660,11,图书小说商品_0763,这是一个测试商品，编号763，属于图书小说分类。,1.0,5,/uploads/product/cover_16.jpg,ON_SALE,MEETUP,2026-08-02 04:28:42,2026-08-14 06:06:42
764,327,8,美妆护肤商品_0764,这是一个测试商品，编号764，属于美妆护肤分类。,10.0,1,/uploads/product/cover_12.jpg,ON_SALE,MEETUP,2026-08-06 19:16:42,2026-08-13 22:05:42
765,726,11,图书小说商品_0765,这是一个测试商品，编号765，属于图书小说分类。,80.0,3,/uploads/product/cover_8.jpg,ON_SALE,MEETUP,2026-07-30 03:13:42,2026-08-13 15:34:42
766,881,13,交通工具商品_0766,这是一个测试商品，编号766，属于交通工具分类。,8.0,5,/uploads/product/cover_6.jpg,ON_SALE,"MEETUP,EXPRESS",2026-08-16 00:38:42,2026-08-12 17:24:42
767,415,5,服装鞋帽商品_0767,这是一个测试商品，编号767，属于服装鞋帽分类。,100.0,1,/uploads/product/cover_12.jpg,ON_SALE,"MEETUP,EXPRESS",2026-08-05 00:26:42,2026-08-13 15:52:42
768,680,2,电子数码商品_0768,这是一个测试商品，编号768，属于电子数码分类。,10.0,1,/uploads/product/cover_11.jpg,ON_SALE,EXPRESS,2026-08-08 04:26:42,2026-08-15 09:16:42
769,985,4,运动户外商品_0769,这是一个测试商品，编号769，属于运动户外分类。,150.0,1,/uploads/product/cover_9.jpg,ON_SALE,EXPRESS,2026-07-30 03:47:42,2026-08-15 07:32:42
770,480,6,零食饮料商品_0770,这是一个测试商品，编号770，属于零食饮料分类。,60.0,4,/uploads/product/cover_9.jpg,ON_SALE,"MEETUP,EXPRESS",2026-08-09 08:38:42,2026-08-13 09:49:42
771,403,6,零食饮料商品_0771,这是一个测试商品，编号771，属于零食饮料分类。,120.0,3,/uploads/product/cover_15.jpg,ON_SALE,"MEETUP,EXPRESS",2026-07-27 21:35:42,2026-08-15 11:00:42
772,149,6,零食饮料商品_0772,这是一个测试商品，编号772，属于零食饮料分类。,120.0,3,/uploads/product/cover_12.jpg,ON_SALE,EXPRESS,2026-08-15 21:08:42,2026-08-12 07:24:42
773,765,14,宠物用品商品_0773,这是一个测试商品，编号773，属于宠物用品分类。,200.0,4,/uploads/product/cover_12.jpg,ON_SALE,EXPRESS,2026-08-12 22:29:42,2026-08-13 17:46:42
774,807,13,交通工具商品_0774,这是一个测试商品，编号774，属于交通工具分类。,60.0,3,/uploads/product/cover_4.jpg,ON_SALE,"MEETUP,EXPRESS",2026-08-03 13:40:42,2026-08-14 19:08:42
775,671,8,美妆护肤商品_0775,这是一个测试商品，编号775，属于美妆护肤分类。,200.0,1,/uploads/product/cover_10.jpg,ON_SALE,"MEETUP,EXPRESS",2026-08-02 15:39:42,2026-08-13 00:27:42
776,649,5,服装鞋帽商品_0776,这是一个测试商品，编号776，属于服装鞋帽分类。,20.0,4,/uploads/product/cover_19.jpg,ON_SALE,MEETUP,2026-08-09 09:48:42,2026-08-12 07:10:42
777,328,1,教材教辅商品_0777,这是一个测试商品，编号777，属于教材教辅分类。,1.0,5,/uploads/product/cover_7.jpg,ON_SALE,MEETUP,2026-08-07 07:10:42,2026-08-13 17:48:42
778,473,4,运动户外商品_0778,这是一个测试商品，编号778，属于运动户外分类。,5.0,5,/uploads/product/cover_13.jpg,ON_SALE,"MEETUP,EXPRESS",2026-08-16 16:26:42,2026-08-13 23:12:42
779,32,13,交通工具商品_0779,这是一个测试商品，编号779，属于交通工具分类。,10.0,1,/uploads/product/cover_15.jpg,ON_SALE,EXPRESS,2026-08-15 06:26:42,2026-08-11 22:38:42
780,589,8,美妆护肤商品_0780,这是一个测试商品，编号780，属于美妆护肤分类。,10.0,5,/uploads/product/cover_14.jpg,ON_SALE,EXPRESS,2026-07-28 13:22:42,2026-08-14 08:12:42
781,101,15,手工艺品商品_0781,这是一个测试商品，编号781，属于手工艺品分类。,3.0,2,/uploads/product/cover_4.jpg,ON_SALE,EXPRESS,2026-08-05 00:04:42,2026-08-14 21:20:42
782,790,8,美妆护肤商品_0782,这是一个测试商品，编号782，属于美妆护肤分类。,8.0,4,/uploads/product/cover_8.jpg,ON_SALE,MEETUP,2026-08-10 05:24:42,2026-08-15 06:59:42
783,690,12,乐器音响商品_0783,这是一个测试商品，编号783，属于乐器音响分类。,2.0,5,/uploads/product/cover_20.jpg,ON_SALE,MEETUP,2026-08-15 03:52:42,2026-08-13 14:47:42
784,547,4,运动户外商品_0784,这是一个测试商品，编号784，属于运动户外分类。,120.0,3,/uploads/product/cover_3.jpg,ON_SALE,"MEETUP,EXPRESS",2026-08-09 07:03:42,2026-08-16 12:16:42
785,8,5,服装鞋帽商品_0785,这是一个测试商品，编号785，属于服装鞋帽分类。,15.0,2,/uploads/product/cover_2.jpg,ON_SALE,EXPRESS,2026-08-02 09:45:42,2026-08-12 22:36:42
786,999,7,文具办公商品_0786,这是一个测试商品，编号786，属于文具办公分类。,100.0,4,/uploads/product/cover_8.jpg,ON_SALE,MEETUP,2026-07-31 20:06:42,2026-08-12 05:27:42
787,788,12,乐器音响商品_0787,这是一个测试商品，编号787，属于乐器音响分类。,15.0,3,/uploads/product/cover_17.jpg,ON_SALE,"MEETUP,EXPRESS",2026-08-09 20:06:42,2026-08-15 21:52:42
788,937,11,图书小说商品_0788,这是一个测试商品，编号788，属于图书小说分类。,12.0,2,/uploads/product/cover_12.jpg,ON_SALE,EXPRESS,2026-08-03 07:20:42,2026-08-15 06:03:42
789,26,3,日用百货商品_0789,这是一个测试商品，编号789，属于日用百货分类。,60.0,3,/uploads/product/cover_6.jpg,ON_SALE,EXPRESS,2026-08-03 10:58:42,2026-08-13 00:39:42
790,725,3,日用百货商品_0790,这是一个测试商品，编号790，属于日用百货分类。,15.0,5,/uploads/product/cover_17.jpg,ON_SALE,MEETUP,2026-08-03 00:49:42,2026-08-16 14:12:42
791,132,13,交通工具商品_0791,这是一个测试商品，编号791，属于交通工具分类。,80.0,2,/uploads/product/cover_3.jpg,ON_SALE,MEETUP,2026-08-11 08:00:42,2026-08-15 06:50:42
792,946,10,家居家电商品_0792,这是一个测试商品，编号792，属于家居家电分类。,20.0,4,/uploads/product/cover_18.jpg,ON_SALE,EXPRESS,2026-08-12 08:04:42,2026-08-12 09:30:42
793,777,8,美妆护肤商品_0793,这是一个测试商品，编号793，属于美妆护肤分类。,1.0,3,/uploads/product/cover_9.jpg,ON_SALE,MEETUP,2026-08-04 20:42:42,2026-08-15 07:12:42
794,839,5,服装鞋帽商品_0794,这是一个测试商品，编号794，属于服装鞋帽分类。,1.0,3,/uploads/product/cover_3.jpg,ON_SALE,"MEETUP,EXPRESS",2026-07-31 15:04:42,2026-08-11 21:01:42
795,783,2,电子数码商品_0795,这是一个测试商品，编号795，属于电子数码分类。,1.0,2,/uploads/product/cover_13.jpg,ON_SALE,MEETUP,2026-08-10 02:54:42,2026-08-14 14:52:42
796,212,14,宠物用品商品_0796,这是一个测试商品，编号796，属于宠物用品分类。,120.0,5,/uploads/product/cover_4.jpg,ON_SALE,EXPRESS,2026-07-29 12:27:42,2026-08-13 02:36:42
797,800,9,游戏动漫商品_0797,这是一个测试商品，编号797，属于游戏动漫分类。,20.0,3,/uploads/product/cover_16.jpg,ON_SALE,"MEETUP,EXPRESS",2026-08-08 06:13:42,2026-08-15 13:54:42
798,969,5,服装鞋帽商品_0798,这是一个测试商品，编号798，属于服装鞋帽分类。,15.0,5,/uploads/product/cover_8.jpg,ON_SALE,"MEETUP,EXPRESS",2026-08-09 08:38:42,2026-08-16 15:48:42
799,190,3,日用百货商品_0799,这是一个测试商品，编号799，属于日用百货分类。,12.0,5,/uploads/product/cover_7.jpg,ON_SALE,MEETUP,2026-08-16 12:55:42,2026-08-12 02:59:42
800,797,15,手工艺品商品_0800,这是一个测试商品，编号800，属于手工艺品分类。,3.0,3,/uploads/product/cover_15.jpg,ON_SALE,MEETUP,2026-08-14 19:19:42,2026-08-16 05:13:42
801,681,7,文具办公商品_0801,这是一个测试商品，编号801，属于文具办公分类。,25.0,1,/uploads/product/cover_18.jpg,ON_SALE,"MEETUP,EXPRESS",2026-08-02 06:46:42,2026-08-12 07:55:42
802,495,11,图书小说商品_0802,这是一个测试商品，编号802，属于图书小说分类。,8.0,4,/uploads/product/cover_3.jpg,ON_SALE,EXPRESS,2026-08-03 13:49:42,2026-08-13 14:53:42
803,289,9,游戏动漫商品_0803,这是一个测试商品，编号803，属于游戏动漫分类。,120.0,5,/uploads/product/cover_13.jpg,ON_SALE,EXPRESS,2026-08-14 21:36:42,2026-08-16 02:31:42
804,834,1,教材教辅商品_0804,这是一个测试商品，编号804，属于教材教辅分类。,100.0,2,/uploads/product/cover_6.jpg,ON_SALE,MEETUP,2026-08-06 22:34:42,2026-08-13 10:16:42
805,440,5,服装鞋帽商品_0805,这是一个测试商品，编号805，属于服装鞋帽分类。,12.0,1,/uploads/product/cover_19.jpg,ON_SALE,EXPRESS,2026-08-14 06:53:42,2026-08-13 19:58:42
806,702,10,家居家电商品_0806,这是一个测试商品，编号806，属于家居家电分类。,100.0,1,/uploads/product/cover_13.jpg,ON_SALE,MEETUP,2026-07-29 17:19:42,2026-08-12 22:55:42
807,235,3,日用百货商品_0807,这是一个测试商品，编号807，属于日用百货分类。,200.0,3,/uploads/product/cover_4.jpg,ON_SALE,EXPRESS,2026-07-28 04:12:42,2026-08-16 15:20:42
808,71,9,游戏动漫商品_0808,这是一个测试商品，编号808，属于游戏动漫分类。,2.0,5,/uploads/product/cover_4.jpg,ON_SALE,"MEETUP,EXPRESS",2026-08-04 01:46:42,2026-08-12 06:26:42
809,978,8,美妆护肤商品_0809,这是一个测试商品，编号809，属于美妆护肤分类。,5.0,3,/uploads/product/cover_6.jpg,ON_SALE,"MEETUP,EXPRESS",2026-08-06 11:51:42,2026-08-12 11:15:42
810,923,12,乐器音响商品_0810,这是一个测试商品，编号810，属于乐器音响分类。,3.0,2,/uploads/product/cover_11.jpg,ON_SALE,"MEETUP,EXPRESS",2026-08-04 18:47:42,2026-08-15 15:28:42
811,586,9,游戏动漫商品_0811,这是一个测试商品，编号811，属于游戏动漫分类。,5.0,5,/uploads/product/cover_15.jpg,ON_SALE,MEETUP,2026-08-08 02:55:42,2026-08-14 23:41:42
812,204,9,游戏动漫商品_0812,这是一个测试商品，编号812，属于游戏动漫分类。,2.0,2,/uploads/product/cover_17.jpg,ON_SALE,MEETUP,2026-08-09 21:02:42,2026-08-11 22:50:42
813,5,6,零食饮料商品_0813,这是一个测试商品，编号813，属于零食饮料分类。,8.0,4,/uploads/product/cover_8.jpg,ON_SALE,MEETUP,2026-08-14 03:36:42,2026-08-14 10:31:42
814,588,13,交通工具商品_0814,这是一个测试商品，编号814，属于交通工具分类。,80.0,3,/uploads/product/cover_4.jpg,ON_SALE,"MEETUP,EXPRESS",2026-08-10 19:50:42,2026-08-14 16:57:42
815,828,3,日用百货商品_0815,这是一个测试商品，编号815，属于日用百货分类。,15.0,5,/uploads/product/cover_8.jpg,ON_SALE,"MEETUP,EXPRESS",2026-08-14 00:34:42,2026-08-14 02:15:42
816,597,10,家居家电商品_0816,这是一个测试商品，编号816，属于家居家电分类。,25.0,5,/uploads/product/cover_1.jpg,ON_SALE,"MEETUP,EXPRESS",2026-08-05 23:26:42,2026-08-16 02:56:42
817,505,14,宠物用品商品_0817,这是一个测试商品，编号817，属于宠物用品分类。,15.0,4,/uploads/product/cover_1.jpg,ON_SALE,"MEETUP,EXPRESS",2026-08-15 07:29:42,2026-08-12 03:57:42
818,59,2,电子数码商品_0818,这是一个测试商品，编号818，属于电子数码分类。,200.0,2,/uploads/product/cover_9.jpg,ON_SALE,EXPRESS,2026-08-04 18:34:42,2026-08-16 06:39:42
819,554,13,交通工具商品_0819,这是一个测试商品，编号819，属于交通工具分类。,100.0,5,/uploads/product/cover_19.jpg,ON_SALE,MEETUP,2026-08-10 11:27:42,2026-08-13 01:39:42
820,119,8,美妆护肤商品_0820,这是一个测试商品，编号820，属于美妆护肤分类。,120.0,4,/uploads/product/cover_15.jpg,ON_SALE,MEETUP,2026-08-03 17:55:42,2026-08-13 10:41:42
821,318,11,图书小说商品_0821,这是一个测试商品，编号821，属于图书小说分类。,1.0,5,/uploads/product/cover_15.jpg,ON_SALE,EXPRESS,2026-08-09 16:15:42,2026-08-13 11:53:42
822,234,3,日用百货商品_0822,这是一个测试商品，编号822，属于日用百货分类。,100.0,3,/uploads/product/cover_19.jpg,ON_SALE,MEETUP,2026-08-02 07:57:42,2026-08-13 10:00:42
823,349,13,交通工具商品_0823,这是一个测试商品，编号823，属于交通工具分类。,20.0,1,/uploads/product/cover_10.jpg,ON_SALE,EXPRESS,2026-08-08 01:01:42,2026-08-16 00:36:42
824,718,12,乐器音响商品_0824,这是一个测试商品，编号824，属于乐器音响分类。,12.0,2,/uploads/product/cover_4.jpg,ON_SALE,EXPRESS,2026-08-14 07:31:42,2026-08-16 08:01:42
825,297,8,美妆护肤商品_0825,这是一个测试商品，编号825，属于美妆护肤分类。,50.0,1,/uploads/product/cover_15.jpg,ON_SALE,EXPRESS,2026-07-29 07:03:42,2026-08-11 19:59:42
826,307,7,文具办公商品_0826,这是一个测试商品，编号826，属于文具办公分类。,25.0,1,/uploads/product/cover_4.jpg,ON_SALE,"MEETUP,EXPRESS",2026-08-15 03:19:42,2026-08-13 06:36:42
827,903,6,零食饮料商品_0827,这是一个测试商品，编号827，属于零食饮料分类。,12.0,3,/uploads/product/cover_12.jpg,ON_SALE,MEETUP,2026-08-06 04:46:42,2026-08-12 00:05:42
828,467,3,日用百货商品_0828,这是一个测试商品，编号828，属于日用百货分类。,30.0,4,/uploads/product/cover_19.jpg,ON_SALE,"MEETUP,EXPRESS",2026-08-07 02:34:42,2026-08-13 21:54:42
829,777,10,家居家电商品_0829,这是一个测试商品，编号829，属于家居家电分类。,80.0,1,/uploads/product/cover_20.jpg,ON_SALE,EXPRESS,2026-08-07 21:31:42,2026-08-12 07:08:42
830,427,14,宠物用品商品_0830,这是一个测试商品，编号830，属于宠物用品分类。,5.0,4,/uploads/product/cover_13.jpg,ON_SALE,EXPRESS,2026-07-28 19:17:42,2026-08-14 22:10:42
831,884,2,电子数码商品_0831,这是一个测试商品，编号831，属于电子数码分类。,8.0,2,/uploads/product/cover_17.jpg,ON_SALE,"MEETUP,EXPRESS",2026-08-03 01:25:42,2026-08-15 23:06:42
832,883,15,手工艺品商品_0832,这是一个测试商品，编号832，属于手工艺品分类。,12.0,4,/uploads/product/cover_15.jpg,ON_SALE,MEETUP,2026-07-28 07:26:42,2026-08-15 22:42:42
833,584,3,日用百货商品_0833,这是一个测试商品，编号833，属于日用百货分类。,8.0,4,/uploads/product/cover_8.jpg,ON_SALE,MEETUP,2026-08-02 00:44:42,2026-08-13 16:13:42
834,805,1,教材教辅商品_0834,这是一个测试商品，编号834，属于教材教辅分类。,15.0,4,/uploads/product/cover_8.jpg,ON_SALE,MEETUP,2026-08-13 14:20:42,2026-08-12 05:44:42
835,192,7,文具办公商品_0835,这是一个测试商品，编号835，属于文具办公分类。,10.0,5,/uploads/product/cover_6.jpg,ON_SALE,MEETUP,2026-08-10 13:41:42,2026-08-14 21:06:42
836,248,13,交通工具商品_0836,这是一个测试商品，编号836，属于交通工具分类。,10.0,2,/uploads/product/cover_7.jpg,ON_SALE,EXPRESS,2026-07-29 11:39:42,2026-08-14 06:54:42
837,807,14,宠物用品商品_0837,这是一个测试商品，编号837，属于宠物用品分类。,3.0,1,/uploads/product/cover_13.jpg,ON_SALE,EXPRESS,2026-08-07 20:41:42,2026-08-16 06:16:42
838,353,4,运动户外商品_0838,这是一个测试商品，编号838，属于运动户外分类。,30.0,3,/uploads/product/cover_15.jpg,ON_SALE,EXPRESS,2026-08-04 08:06:42,2026-08-14 23:36:42
839,93,9,游戏动漫商品_0839,这是一个测试商品，编号839，属于游戏动漫分类。,30.0,3,/uploads/product/cover_8.jpg,ON_SALE,MEETUP,2026-08-15 17:05:42,2026-08-13 10:39:42
840,544,6,零食饮料商品_0840,这是一个测试商品，编号840，属于零食饮料分类。,120.0,3,/uploads/product/cover_18.jpg,ON_SALE,MEETUP,2026-08-06 11:49:42,2026-08-16 00:15:42
841,772,13,交通工具商品_0841,这是一个测试商品，编号841，属于交通工具分类。,60.0,1,/uploads/product/cover_9.jpg,ON_SALE,"MEETUP,EXPRESS",2026-08-05 07:36:42,2026-08-15 02:04:42
842,7,4,运动户外商品_0842,这是一个测试商品，编号842，属于运动户外分类。,1.0,4,/uploads/product/cover_14.jpg,ON_SALE,MEETUP,2026-08-12 07:34:42,2026-08-16 03:20:42
843,881,9,游戏动漫商品_0843,这是一个测试商品，编号843，属于游戏动漫分类。,8.0,5,/uploads/product/cover_15.jpg,ON_SALE,EXPRESS,2026-08-04 18:12:42,2026-08-15 17:41:42
844,740,3,日用百货商品_0844,这是一个测试商品，编号844，属于日用百货分类。,30.0,1,/uploads/product/cover_8.jpg,ON_SALE,"MEETUP,EXPRESS",2026-08-01 16:58:42,2026-08-15 23:10:42
845,926,9,游戏动漫商品_0845,这是一个测试商品，编号845，属于游戏动漫分类。,1.0,4,/uploads/product/cover_14.jpg,ON_SALE,"MEETUP,EXPRESS",2026-07-29 00:13:42,2026-08-15 01:04:42
846,484,13,交通工具商品_0846,这是一个测试商品，编号846，属于交通工具分类。,60.0,4,/uploads/product/cover_6.jpg,ON_SALE,EXPRESS,2026-08-01 12:03:42,2026-08-16 10:04:42
847,162,10,家居家电商品_0847,这是一个测试商品，编号847，属于家居家电分类。,200.0,3,/uploads/product/cover_14.jpg,ON_SALE,"MEETUP,EXPRESS",2026-07-29 15:25:42,2026-08-12 06:36:42
848,308,7,文具办公商品_0848,这是一个测试商品，编号848，属于文具办公分类。,20.0,1,/uploads/product/cover_8.jpg,ON_SALE,"MEETUP,EXPRESS",2026-08-11 01:20:42,2026-08-12 18:25:42
849,5,6,零食饮料商品_0849,这是一个测试商品，编号849，属于零食饮料分类。,5.0,1,/uploads/product/cover_2.jpg,ON_SALE,"MEETUP,EXPRESS",2026-07-31 03:36:42,2026-08-13 21:50:42
850,154,3,日用百货商品_0850,这是一个测试商品，编号850，属于日用百货分类。,5.0,2,/uploads/product/cover_1.jpg,ON_SALE,"MEETUP,EXPRESS",2026-08-01 07:36:42,2026-08-14 10:51:42
851,408,9,游戏动漫商品_0851,这是一个测试商品，编号851，属于游戏动漫分类。,150.0,4,/uploads/product/cover_20.jpg,ON_SALE,"MEETUP,EXPRESS",2026-08-14 17:00:42,2026-08-14 06:29:42
852,135,6,零食饮料商品_0852,这是一个测试商品，编号852，属于零食饮料分类。,12.0,1,/uploads/product/cover_4.jpg,ON_SALE,MEETUP,2026-08-11 06:12:42,2026-08-12 04:39:42
853,283,14,宠物用品商品_0853,这是一个测试商品，编号853，属于宠物用品分类。,50.0,1,/uploads/product/cover_8.jpg,ON_SALE,EXPRESS,2026-08-04 17:25:42,2026-08-12 08:37:42
854,753,15,手工艺品商品_0854,这是一个测试商品，编号854，属于手工艺品分类。,120.0,2,/uploads/product/cover_7.jpg,ON_SALE,"MEETUP,EXPRESS",2026-07-29 07:23:42,2026-08-13 13:58:42
855,244,4,运动户外商品_0855,这是一个测试商品，编号855，属于运动户外分类。,120.0,4,/uploads/product/cover_18.jpg,ON_SALE,EXPRESS,2026-08-16 05:52:42,2026-08-16 10:34:42
856,457,4,运动户外商品_0856,这是一个测试商品，编号856，属于运动户外分类。,30.0,2,/uploads/product/cover_13.jpg,ON_SALE,MEETUP,2026-08-14 10:08:42,2026-08-12 08:23:42
857,721,10,家居家电商品_0857,这是一个测试商品，编号857，属于家居家电分类。,20.0,4,/uploads/product/cover_1.jpg,ON_SALE,"MEETUP,EXPRESS",2026-08-05 17:09:42,2026-08-16 00:28:42
858,509,11,图书小说商品_0858,这是一个测试商品，编号858，属于图书小说分类。,25.0,2,/uploads/product/cover_1.jpg,ON_SALE,EXPRESS,2026-08-12 07:51:42,2026-08-12 14:53:42
859,123,3,日用百货商品_0859,这是一个测试商品，编号859，属于日用百货分类。,120.0,5,/uploads/product/cover_12.jpg,ON_SALE,"MEETUP,EXPRESS",2026-08-09 11:10:42,2026-08-15 00:27:42
860,862,14,宠物用品商品_0860,这是一个测试商品，编号860，属于宠物用品分类。,5.0,3,/uploads/product/cover_19.jpg,ON_SALE,EXPRESS,2026-08-10 03:18:42,2026-08-14 02:45:42
861,608,6,零食饮料商品_0861,这是一个测试商品，编号861，属于零食饮料分类。,20.0,5,/uploads/product/cover_12.jpg,ON_SALE,MEETUP,2026-08-13 16:28:42,2026-08-14 23:14:42
862,455,5,服装鞋帽商品_0862,这是一个测试商品，编号862，属于服装鞋帽分类。,15.0,5,/uploads/product/cover_6.jpg,ON_SALE,"MEETUP,EXPRESS",2026-08-02 08:02:42,2026-08-13 09:11:42
863,880,13,交通工具商品_0863,这是一个测试商品，编号863，属于交通工具分类。,20.0,3,/uploads/product/cover_6.jpg,ON_SALE,MEETUP,2026-07-30 04:03:42,2026-08-15 00:29:42
864,163,3,日用百货商品_0864,这是一个测试商品，编号864，属于日用百货分类。,3.0,3,/uploads/product/cover_20.jpg,ON_SALE,"MEETUP,EXPRESS",2026-07-31 01:40:42,2026-08-16 13:36:42
865,669,12,乐器音响商品_0865,这是一个测试商品，编号865，属于乐器音响分类。,25.0,4,/uploads/product/cover_8.jpg,ON_SALE,EXPRESS,2026-08-02 20:05:42,2026-08-13 03:45:42
866,904,5,服装鞋帽商品_0866,这是一个测试商品，编号866，属于服装鞋帽分类。,150.0,2,/uploads/product/cover_10.jpg,ON_SALE,"MEETUP,EXPRESS",2026-08-06 09:16:42,2026-08-13 02:24:42
867,169,6,零食饮料商品_0867,这是一个测试商品，编号867，属于零食饮料分类。,3.0,4,/uploads/product/cover_4.jpg,ON_SALE,MEETUP,2026-08-03 20:01:42,2026-08-14 10:58:42
868,531,14,宠物用品商品_0868,这是一个测试商品，编号868，属于宠物用品分类。,10.0,2,/uploads/product/cover_20.jpg,ON_SALE,EXPRESS,2026-08-15 11:38:42,2026-08-11 22:54:42
869,657,3,日用百货商品_0869,这是一个测试商品，编号869，属于日用百货分类。,200.0,3,/uploads/product/cover_16.jpg,ON_SALE,EXPRESS,2026-08-03 17:15:42,2026-08-15 19:52:42
870,582,1,教材教辅商品_0870,这是一个测试商品，编号870，属于教材教辅分类。,200.0,5,/uploads/product/cover_3.jpg,ON_SALE,MEETUP,2026-08-05 03:41:42,2026-08-13 05:47:42
871,295,7,文具办公商品_0871,这是一个测试商品，编号871，属于文具办公分类。,50.0,4,/uploads/product/cover_5.jpg,ON_SALE,"MEETUP,EXPRESS",2026-08-05 10:17:42,2026-08-15 17:41:42
872,423,1,教材教辅商品_0872,这是一个测试商品，编号872，属于教材教辅分类。,100.0,5,/uploads/product/cover_3.jpg,ON_SALE,EXPRESS,2026-08-07 22:52:42,2026-08-15 21:34:42
873,152,4,运动户外商品_0873,这是一个测试商品，编号873，属于运动户外分类。,12.0,1,/uploads/product/cover_4.jpg,ON_SALE,MEETUP,2026-08-11 13:30:42,2026-08-14 16:39:42
874,504,7,文具办公商品_0874,这是一个测试商品，编号874，属于文具办公分类。,1.0,5,/uploads/product/cover_1.jpg,ON_SALE,"MEETUP,EXPRESS",2026-08-14 02:38:42,2026-08-14 23:04:42
875,229,6,零食饮料商品_0875,这是一个测试商品，编号875，属于零食饮料分类。,80.0,5,/uploads/product/cover_17.jpg,ON_SALE,EXPRESS,2026-08-08 04:04:42,2026-08-14 13:45:42
876,590,11,图书小说商品_0876,这是一个测试商品，编号876，属于图书小说分类。,120.0,2,/uploads/product/cover_11.jpg,ON_SALE,EXPRESS,2026-08-02 21:29:42,2026-08-13 03:04:42
877,957,6,零食饮料商品_0877,这是一个测试商品，编号877，属于零食饮料分类。,15.0,2,/uploads/product/cover_20.jpg,ON_SALE,"MEETUP,EXPRESS",2026-08-11 13:28:42,2026-08-14 19:36:42
878,477,7,文具办公商品_0878,这是一个测试商品，编号878，属于文具办公分类。,100.0,3,/uploads/product/cover_1.jpg,ON_SALE,"MEETUP,EXPRESS",2026-08-10 14:17:42,2026-08-12 18:19:42
879,39,7,文具办公商品_0879,这是一个测试商品，编号879，属于文具办公分类。,10.0,3,/uploads/product/cover_15.jpg,ON_SALE,MEETUP,2026-08-13 22:36:42,2026-08-14 14:27:42
880,516,4,运动户外商品_0880,这是一个测试商品，编号880，属于运动户外分类。,25.0,3,/uploads/product/cover_11.jpg,ON_SALE,MEETUP,2026-08-14 19:57:42,2026-08-14 13:14:42
881,255,7,文具办公商品_0881,这是一个测试商品，编号881，属于文具办公分类。,20.0,5,/uploads/product/cover_16.jpg,ON_SALE,EXPRESS,2026-08-11 19:10:42,2026-08-15 19:28:42
882,454,13,交通工具商品_0882,这是一个测试商品，编号882，属于交通工具分类。,2.0,3,/uploads/product/cover_19.jpg,ON_SALE,"MEETUP,EXPRESS",2026-07-28 12:36:42,2026-08-14 21:19:42
883,410,5,服装鞋帽商品_0883,这是一个测试商品，编号883，属于服装鞋帽分类。,5.0,3,/uploads/product/cover_7.jpg,ON_SALE,EXPRESS,2026-07-29 13:05:42,2026-08-14 13:23:42
884,481,12,乐器音响商品_0884,这是一个测试商品，编号884，属于乐器音响分类。,120.0,2,/uploads/product/cover_11.jpg,ON_SALE,MEETUP,2026-08-10 11:03:42,2026-08-12 14:58:42
885,227,1,教材教辅商品_0885,这是一个测试商品，编号885，属于教材教辅分类。,100.0,4,/uploads/product/cover_8.jpg,ON_SALE,MEETUP,2026-08-06 11:15:42,2026-08-15 17:44:42
886,236,5,服装鞋帽商品_0886,这是一个测试商品，编号886，属于服装鞋帽分类。,8.0,1,/uploads/product/cover_6.jpg,ON_SALE,"MEETUP,EXPRESS",2026-08-07 02:56:42,2026-08-14 18:15:42
887,584,6,零食饮料商品_0887,这是一个测试商品，编号887，属于零食饮料分类。,120.0,2,/uploads/product/cover_15.jpg,ON_SALE,"MEETUP,EXPRESS",2026-08-15 11:41:42,2026-08-14 17:35:42
888,938,7,文具办公商品_0888,这是一个测试商品，编号888，属于文具办公分类。,15.0,1,/uploads/product/cover_5.jpg,ON_SALE,"MEETUP,EXPRESS",2026-08-12 08:49:42,2026-08-16 03:10:42
889,92,6,零食饮料商品_0889,这是一个测试商品，编号889，属于零食饮料分类。,2.0,3,/uploads/product/cover_18.jpg,ON_SALE,MEETUP,2026-08-15 00:38:42,2026-08-16 10:46:42
890,156,6,零食饮料商品_0890,这是一个测试商品，编号890，属于零食饮料分类。,200.0,4,/uploads/product/cover_10.jpg,ON_SALE,"MEETUP,EXPRESS",2026-08-14 00:16:42,2026-08-15 07:03:42
891,382,3,日用百货商品_0891,这是一个测试商品，编号891，属于日用百货分类。,15.0,3,/uploads/product/cover_8.jpg,ON_SALE,EXPRESS,2026-08-15 03:06:42,2026-08-12 16:18:42
892,94,14,宠物用品商品_0892,这是一个测试商品，编号892，属于宠物用品分类。,100.0,3,/uploads/product/cover_1.jpg,ON_SALE,MEETUP,2026-08-08 19:11:42,2026-08-13 23:39:42
893,954,10,家居家电商品_0893,这是一个测试商品，编号893，属于家居家电分类。,15.0,4,/uploads/product/cover_4.jpg,ON_SALE,MEETUP,2026-08-01 08:33:42,2026-08-13 14:58:42
894,955,7,文具办公商品_0894,这是一个测试商品，编号894，属于文具办公分类。,3.0,2,/uploads/product/cover_6.jpg,ON_SALE,EXPRESS,2026-08-12 10:29:42,2026-08-15 18:02:42
895,803,2,电子数码商品_0895,这是一个测试商品，编号895，属于电子数码分类。,8.0,4,/uploads/product/cover_5.jpg,ON_SALE,"MEETUP,EXPRESS",2026-07-29 21:32:42,2026-08-13 11:35:42
896,135,14,宠物用品商品_0896,这是一个测试商品，编号896，属于宠物用品分类。,5.0,1,/uploads/product/cover_15.jpg,ON_SALE,MEETUP,2026-08-14 08:53:42,2026-08-14 14:52:42
897,322,11,图书小说商品_0897,这是一个测试商品，编号897，属于图书小说分类。,120.0,4,/uploads/product/cover_17.jpg,ON_SALE,MEETUP,2026-08-02 23:27:42,2026-08-13 16:36:42
898,195,12,乐器音响商品_0898,这是一个测试商品，编号898，属于乐器音响分类。,80.0,4,/uploads/product/cover_1.jpg,ON_SALE,EXPRESS,2026-08-14 19:07:42,2026-08-12 17:49:42
899,46,15,手工艺品商品_0899,这是一个测试商品，编号899，属于手工艺品分类。,15.0,3,/uploads/product/cover_14.jpg,ON_SALE,EXPRESS,2026-08-13 17:09:42,2026-08-14 23:46:42
900,498,9,游戏动漫商品_0900,这是一个测试商品，编号900，属于游戏动漫分类。,60.0,5,/uploads/product/cover_18.jpg,ON_SALE,"MEETUP,EXPRESS",2026-07-29 23:42:42,2026-08-16 10:04:42
901,998,11,图书小说商品_0901,这是一个测试商品，编号901，属于图书小说分类。,3.0,1,/uploads/product/cover_13.jpg,ON_SALE,"MEETUP,EXPRESS",2026-07-30 02:48:42,2026-08-13 02:25:42
902,725,12,乐器音响商品_0902,这是一个测试商品，编号902，属于乐器音响分类。,120.0,3,/uploads/product/cover_3.jpg,ON_SALE,EXPRESS,2026-08-05 04:56:42,2026-08-12 17:33:42
903,643,11,图书小说商品_0903,这是一个测试商品，编号903，属于图书小说分类。,10.0,5,/uploads/product/cover_13.jpg,ON_SALE,MEETUP,2026-08-04 01:21:42,2026-08-15 06:25:42
904,181,1,教材教辅商品_0904,这是一个测试商品，编号904，属于教材教辅分类。,60.0,1,/uploads/product/cover_16.jpg,ON_SALE,"MEETUP,EXPRESS",2026-08-01 13:03:42,2026-08-15 19:15:42
905,568,11,图书小说商品_0905,这是一个测试商品，编号905，属于图书小说分类。,20.0,3,/uploads/product/cover_15.jpg,ON_SALE,"MEETUP,EXPRESS",2026-08-10 04:42:42,2026-08-14 05:37:42
906,19,9,游戏动漫商品_0906,这是一个测试商品，编号906，属于游戏动漫分类。,12.0,2,/uploads/product/cover_1.jpg,ON_SALE,EXPRESS,2026-08-09 17:06:42,2026-08-12 23:27:42
907,976,13,交通工具商品_0907,这是一个测试商品，编号907，属于交通工具分类。,60.0,5,/uploads/product/cover_19.jpg,ON_SALE,EXPRESS,2026-07-29 07:49:42,2026-08-14 07:37:42
908,623,4,运动户外商品_0908,这是一个测试商品，编号908，属于运动户外分类。,120.0,4,/uploads/product/cover_15.jpg,ON_SALE,"MEETUP,EXPRESS",2026-08-08 06:25:42,2026-08-14 00:53:42
909,967,7,文具办公商品_0909,这是一个测试商品，编号909，属于文具办公分类。,8.0,5,/uploads/product/cover_17.jpg,ON_SALE,EXPRESS,2026-08-03 04:32:42,2026-08-16 01:34:42
910,782,15,手工艺品商品_0910,这是一个测试商品，编号910，属于手工艺品分类。,25.0,1,/uploads/product/cover_3.jpg,ON_SALE,MEETUP,2026-08-07 07:28:42,2026-08-16 07:13:42
911,623,14,宠物用品商品_0911,这是一个测试商品，编号911，属于宠物用品分类。,2.0,4,/uploads/product/cover_7.jpg,ON_SALE,MEETUP,2026-08-09 16:23:42,2026-08-15 22:14:42
912,450,10,家居家电商品_0912,这是一个测试商品，编号912，属于家居家电分类。,80.0,2,/uploads/product/cover_1.jpg,ON_SALE,EXPRESS,2026-08-15 14:33:42,2026-08-12 07:28:42
913,340,4,运动户外商品_0913,这是一个测试商品，编号913，属于运动户外分类。,80.0,4,/uploads/product/cover_16.jpg,ON_SALE,MEETUP,2026-08-09 18:12:42,2026-08-15 15:31:42
914,508,8,美妆护肤商品_0914,这是一个测试商品，编号914，属于美妆护肤分类。,120.0,1,/uploads/product/cover_19.jpg,ON_SALE,"MEETUP,EXPRESS",2026-08-03 15:32:42,2026-08-14 01:25:42
915,690,1,教材教辅商品_0915,这是一个测试商品，编号915，属于教材教辅分类。,30.0,1,/uploads/product/cover_5.jpg,ON_SALE,MEETUP,2026-08-15 14:32:42,2026-08-14 08:35:42
916,25,6,零食饮料商品_0916,这是一个测试商品，编号916，属于零食饮料分类。,10.0,3,/uploads/product/cover_19.jpg,ON_SALE,"MEETUP,EXPRESS",2026-07-30 19:09:42,2026-08-15 21:19:42
917,601,14,宠物用品商品_0917,这是一个测试商品，编号917，属于宠物用品分类。,120.0,2,/uploads/product/cover_19.jpg,ON_SALE,MEETUP,2026-08-03 22:26:42,2026-08-15 02:23:42
918,490,5,服装鞋帽商品_0918,这是一个测试商品，编号918，属于服装鞋帽分类。,30.0,4,/uploads/product/cover_4.jpg,ON_SALE,MEETUP,2026-08-10 18:43:42,2026-08-14 11:22:42
919,226,1,教材教辅商品_0919,这是一个测试商品，编号919，属于教材教辅分类。,10.0,1,/uploads/product/cover_19.jpg,ON_SALE,"MEETUP,EXPRESS",2026-08-07 11:35:42,2026-08-14 23:36:42
920,634,1,教材教辅商品_0920,这是一个测试商品，编号920，属于教材教辅分类。,100.0,4,/uploads/product/cover_9.jpg,ON_SALE,"MEETUP,EXPRESS",2026-08-02 00:19:42,2026-08-13 08:38:42
921,424,3,日用百货商品_0921,这是一个测试商品，编号921，属于日用百货分类。,3.0,5,/uploads/product/cover_20.jpg,ON_SALE,MEETUP,2026-08-10 07:49:42,2026-08-11 23:04:42
922,387,3,日用百货商品_0922,这是一个测试商品，编号922，属于日用百货分类。,50.0,3,/uploads/product/cover_5.jpg,ON_SALE,MEETUP,2026-08-05 22:30:42,2026-08-16 18:45:42
923,131,1,教材教辅商品_0923,这是一个测试商品，编号923，属于教材教辅分类。,100.0,2,/uploads/product/cover_8.jpg,ON_SALE,MEETUP,2026-08-15 07:31:42,2026-08-13 04:01:42
924,869,3,日用百货商品_0924,这是一个测试商品，编号924，属于日用百货分类。,20.0,3,/uploads/product/cover_3.jpg,ON_SALE,EXPRESS,2026-08-05 02:19:42,2026-08-16 10:49:42
925,946,14,宠物用品商品_0925,这是一个测试商品，编号925，属于宠物用品分类。,60.0,2,/uploads/product/cover_17.jpg,ON_SALE,"MEETUP,EXPRESS",2026-08-06 16:29:42,2026-08-13 05:53:42
926,727,13,交通工具商品_0926,这是一个测试商品，编号926，属于交通工具分类。,120.0,1,/uploads/product/cover_6.jpg,ON_SALE,"MEETUP,EXPRESS",2026-07-29 14:24:42,2026-08-12 01:37:42
927,790,8,美妆护肤商品_0927,这是一个测试商品，编号927，属于美妆护肤分类。,150.0,5,/uploads/product/cover_2.jpg,ON_SALE,EXPRESS,2026-07-30 06:04:42,2026-08-15 05:50:42
928,335,8,美妆护肤商品_0928,这是一个测试商品，编号928，属于美妆护肤分类。,30.0,4,/uploads/product/cover_20.jpg,ON_SALE,MEETUP,2026-07-30 09:36:42,2026-08-14 14:55:42
929,149,13,交通工具商品_0929,这是一个测试商品，编号929，属于交通工具分类。,50.0,3,/uploads/product/cover_18.jpg,ON_SALE,"MEETUP,EXPRESS",2026-08-08 01:21:42,2026-08-13 12:09:42
930,73,14,宠物用品商品_0930,这是一个测试商品，编号930，属于宠物用品分类。,100.0,4,/uploads/product/cover_8.jpg,ON_SALE,MEETUP,2026-08-14 09:32:42,2026-08-16 11:51:42
931,858,15,手工艺品商品_0931,这是一个测试商品，编号931，属于手工艺品分类。,20.0,5,/uploads/product/cover_2.jpg,ON_SALE,EXPRESS,2026-08-12 06:12:42,2026-08-12 22:18:42
932,832,15,手工艺品商品_0932,这是一个测试商品，编号932，属于手工艺品分类。,20.0,3,/uploads/product/cover_4.jpg,ON_SALE,EXPRESS,2026-08-08 21:19:42,2026-08-13 18:31:42
933,88,5,服装鞋帽商品_0933,这是一个测试商品，编号933，属于服装鞋帽分类。,5.0,4,/uploads/product/cover_3.jpg,ON_SALE,EXPRESS,2026-07-28 19:48:42,2026-08-16 00:04:42
934,819,12,乐器音响商品_0934,这是一个测试商品，编号934，属于乐器音响分类。,30.0,3,/uploads/product/cover_13.jpg,ON_SALE,EXPRESS,2026-07-28 13:59:42,2026-08-13 19:24:42
935,420,9,游戏动漫商品_0935,这是一个测试商品，编号935，属于游戏动漫分类。,120.0,2,/uploads/product/cover_10.jpg,ON_SALE,"MEETUP,EXPRESS",2026-08-15 11:39:42,2026-08-16 10:50:42
936,203,9,游戏动漫商品_0936,这是一个测试商品，编号936，属于游戏动漫分类。,15.0,1,/uploads/product/cover_4.jpg,ON_SALE,EXPRESS,2026-08-13 09:55:42,2026-08-14 16:11:42
937,721,3,日用百货商品_0937,这是一个测试商品，编号937，属于日用百货分类。,100.0,3,/uploads/product/cover_4.jpg,ON_SALE,MEETUP,2026-07-28 21:55:42,2026-08-14 09:27:42
938,40,6,零食饮料商品_0938,这是一个测试商品，编号938，属于零食饮料分类。,60.0,4,/uploads/product/cover_1.jpg,ON_SALE,EXPRESS,2026-08-08 17:04:42,2026-08-13 04:49:42
939,304,8,美妆护肤商品_0939,这是一个测试商品，编号939，属于美妆护肤分类。,60.0,5,/uploads/product/cover_7.jpg,ON_SALE,"MEETUP,EXPRESS",2026-08-16 12:49:42,2026-08-14 07:07:42
940,933,5,服装鞋帽商品_0940,这是一个测试商品，编号940，属于服装鞋帽分类。,3.0,3,/uploads/product/cover_16.jpg,ON_SALE,"MEETUP,EXPRESS",2026-08-12 04:35:42,2026-08-12 23:38:42
941,810,8,美妆护肤商品_0941,这是一个测试商品，编号941，属于美妆护肤分类。,10.0,3,/uploads/product/cover_1.jpg,ON_SALE,"MEETUP,EXPRESS",2026-08-10 04:39:42,2026-08-13 23:15:42
942,595,8,美妆护肤商品_0942,这是一个测试商品，编号942，属于美妆护肤分类。,60.0,1,/uploads/product/cover_20.jpg,ON_SALE,"MEETUP,EXPRESS",2026-08-08 23:49:42,2026-08-15 06:08:42
943,993,2,电子数码商品_0943,这是一个测试商品，编号943，属于电子数码分类。,200.0,2,/uploads/product/cover_13.jpg,ON_SALE,MEETUP,2026-08-14 18:02:42,2026-08-13 18:41:42
944,172,13,交通工具商品_0944,这是一个测试商品，编号944，属于交通工具分类。,8.0,4,/uploads/product/cover_12.jpg,ON_SALE,"MEETUP,EXPRESS",2026-08-13 20:14:42,2026-08-12 17:33:42
945,501,4,运动户外商品_0945,这是一个测试商品，编号945，属于运动户外分类。,3.0,1,/uploads/product/cover_2.jpg,ON_SALE,"MEETUP,EXPRESS",2026-08-16 01:17:42,2026-08-12 22:34:42
946,303,13,交通工具商品_0946,这是一个测试商品，编号946，属于交通工具分类。,8.0,1,/uploads/product/cover_6.jpg,ON_SALE,MEETUP,2026-08-09 06:53:42,2026-08-13 09:54:42
947,63,8,美妆护肤商品_0947,这是一个测试商品，编号947，属于美妆护肤分类。,150.0,3,/uploads/product/cover_17.jpg,ON_SALE,MEETUP,2026-08-01 23:36:42,2026-08-12 06:06:42
948,651,10,家居家电商品_0948,这是一个测试商品，编号948，属于家居家电分类。,60.0,3,/uploads/product/cover_17.jpg,ON_SALE,MEETUP,2026-07-31 16:26:42,2026-08-15 22:40:42
949,416,1,教材教辅商品_0949,这是一个测试商品，编号949，属于教材教辅分类。,20.0,1,/uploads/product/cover_15.jpg,ON_SALE,MEETUP,2026-08-16 16:27:42,2026-08-13 11:14:42
950,493,10,家居家电商品_0950,这是一个测试商品，编号950，属于家居家电分类。,1.0,3,/uploads/product/cover_20.jpg,ON_SALE,"MEETUP,EXPRESS",2026-08-10 17:27:42,2026-08-12 15:48:42
951,954,8,美妆护肤商品_0951,这是一个测试商品，编号951，属于美妆护肤分类。,15.0,1,/uploads/product/cover_19.jpg,ON_SALE,EXPRESS,2026-08-03 17:53:42,2026-08-13 23:54:42
952,175,5,服装鞋帽商品_0952,这是一个测试商品，编号952，属于服装鞋帽分类。,15.0,3,/uploads/product/cover_10.jpg,ON_SALE,"MEETUP,EXPRESS",2026-08-05 08:01:42,2026-08-12 05:27:42
953,287,4,运动户外商品_0953,这是一个测试商品，编号953，属于运动户外分类。,100.0,2,/uploads/product/cover_17.jpg,ON_SALE,MEETUP,2026-07-28 19:29:42,2026-08-14 07:45:42
954,235,8,美妆护肤商品_0954,这是一个测试商品，编号954，属于美妆护肤分类。,20.0,1,/uploads/product/cover_7.jpg,ON_SALE,EXPRESS,2026-08-09 07:40:42,2026-08-16 17:36:42
955,633,7,文具办公商品_0955,这是一个测试商品，编号955，属于文具办公分类。,50.0,4,/uploads/product/cover_12.jpg,ON_SALE,"MEETUP,EXPRESS",2026-08-03 20:48:42,2026-08-12 03:14:42
956,852,4,运动户外商品_0956,这是一个测试商品，编号956，属于运动户外分类。,12.0,1,/uploads/product/cover_15.jpg,ON_SALE,"MEETUP,EXPRESS",2026-07-29 09:07:42,2026-08-12 19:57:42
957,159,9,游戏动漫商品_0957,这是一个测试商品，编号957，属于游戏动漫分类。,150.0,4,/uploads/product/cover_5.jpg,ON_SALE,"MEETUP,EXPRESS",2026-07-30 07:01:42,2026-08-12 06:01:42
958,338,14,宠物用品商品_0958,这是一个测试商品，编号958，属于宠物用品分类。,100.0,5,/uploads/product/cover_5.jpg,ON_SALE,MEETUP,2026-08-04 01:26:42,2026-08-16 10:11:42
959,81,5,服装鞋帽商品_0959,这是一个测试商品，编号959，属于服装鞋帽分类。,100.0,5,/uploads/product/cover_7.jpg,ON_SALE,"MEETUP,EXPRESS",2026-07-31 23:31:42,2026-08-13 17:28:42
960,7,6,零食饮料商品_0960,这是一个测试商品，编号960，属于零食饮料分类。,2.0,5,/uploads/product/cover_4.jpg,ON_SALE,MEETUP,2026-08-09 08:26:42,2026-08-12 14:48:42
961,902,7,文具办公商品_0961,这是一个测试商品，编号961，属于文具办公分类。,20.0,2,/uploads/product/cover_11.jpg,ON_SALE,"MEETUP,EXPRESS",2026-08-03 20:04:42,2026-08-12 01:16:42
962,193,13,交通工具商品_0962,这是一个测试商品，编号962，属于交通工具分类。,2.0,3,/uploads/product/cover_13.jpg,ON_SALE,MEETUP,2026-08-04 12:03:42,2026-08-12 01:11:42
963,611,1,教材教辅商品_0963,这是一个测试商品，编号963，属于教材教辅分类。,12.0,1,/uploads/product/cover_10.jpg,ON_SALE,EXPRESS,2026-08-06 07:24:42,2026-08-16 11:17:42
964,735,5,服装鞋帽商品_0964,这是一个测试商品，编号964，属于服装鞋帽分类。,100.0,2,/uploads/product/cover_16.jpg,ON_SALE,EXPRESS,2026-08-12 19:21:42,2026-08-13 06:08:42
965,598,6,零食饮料商品_0965,这是一个测试商品，编号965，属于零食饮料分类。,30.0,3,/uploads/product/cover_5.jpg,ON_SALE,EXPRESS,2026-08-15 08:54:42,2026-08-12 13:31:42
966,55,1,教材教辅商品_0966,这是一个测试商品，编号966，属于教材教辅分类。,5.0,1,/uploads/product/cover_4.jpg,ON_SALE,EXPRESS,2026-08-15 16:03:42,2026-08-14 05:51:42
967,426,14,宠物用品商品_0967,这是一个测试商品，编号967，属于宠物用品分类。,15.0,5,/uploads/product/cover_15.jpg,ON_SALE,"MEETUP,EXPRESS",2026-07-30 10:05:42,2026-08-13 19:16:42
968,642,2,电子数码商品_0968,这是一个测试商品，编号968，属于电子数码分类。,60.0,2,/uploads/product/cover_3.jpg,ON_SALE,"MEETUP,EXPRESS",2026-08-16 17:12:42,2026-08-12 02:47:42
969,671,9,游戏动漫商品_0969,这是一个测试商品，编号969，属于游戏动漫分类。,80.0,3,/uploads/product/cover_13.jpg,ON_SALE,EXPRESS,2026-07-28 17:07:42,2026-08-12 06:25:42
970,131,11,图书小说商品_0970,这是一个测试商品，编号970，属于图书小说分类。,80.0,2,/uploads/product/cover_3.jpg,ON_SALE,"MEETUP,EXPRESS",2026-08-07 21:39:42,2026-08-12 15:24:42
971,693,11,图书小说商品_0971,这是一个测试商品，编号971，属于图书小说分类。,12.0,2,/uploads/product/cover_14.jpg,ON_SALE,MEETUP,2026-08-05 19:29:42,2026-08-15 23:47:42
972,130,13,交通工具商品_0972,这是一个测试商品，编号972，属于交通工具分类。,15.0,5,/uploads/product/cover_18.jpg,ON_SALE,"MEETUP,EXPRESS",2026-08-12 18:29:42,2026-08-15 16:22:42
973,745,14,宠物用品商品_0973,这是一个测试商品，编号973，属于宠物用品分类。,3.0,3,/uploads/product/cover_4.jpg,ON_SALE,MEETUP,2026-08-04 16:15:42,2026-08-15 18:46:42
974,195,5,服装鞋帽商品_0974,这是一个测试商品，编号974，属于服装鞋帽分类。,8.0,1,/uploads/product/cover_14.jpg,ON_SALE,EXPRESS,2026-08-09 05:23:42,2026-08-15 07:57:42
975,641,7,文具办公商品_0975,这是一个测试商品，编号975，属于文具办公分类。,15.0,4,/uploads/product/cover_14.jpg,ON_SALE,MEETUP,2026-08-16 11:46:42,2026-08-15 00:13:42
976,70,11,图书小说商品_0976,这是一个测试商品，编号976，属于图书小说分类。,100.0,2,/uploads/product/cover_11.jpg,ON_SALE,"MEETUP,EXPRESS",2026-07-30 13:59:42,2026-08-13 03:57:42
977,105,7,文具办公商品_0977,这是一个测试商品，编号977，属于文具办公分类。,50.0,5,/uploads/product/cover_8.jpg,ON_SALE,MEETUP,2026-07-29 10:17:42,2026-08-12 00:35:42
978,866,15,手工艺品商品_0978,这是一个测试商品，编号978，属于手工艺品分类。,50.0,2,/uploads/product/cover_11.jpg,ON_SALE,"MEETUP,EXPRESS",2026-07-28 05:07:42,2026-08-14 10:36:42
979,701,5,服装鞋帽商品_0979,这是一个测试商品，编号979，属于服装鞋帽分类。,60.0,2,/uploads/product/cover_14.jpg,ON_SALE,EXPRESS,2026-07-30 05:23:42,2026-08-16 15:51:42
980,317,4,运动户外商品_0980,这是一个测试商品，编号980，属于运动户外分类。,100.0,1,/uploads/product/cover_14.jpg,ON_SALE,MEETUP,2026-08-15 23:10:42,2026-08-12 18:35:42
981,576,8,美妆护肤商品_0981,这是一个测试商品，编号981，属于美妆护肤分类。,25.0,1,/uploads/product/cover_11.jpg,ON_SALE,MEETUP,2026-08-04 23:12:42,2026-08-15 21:57:42
982,398,13,交通工具商品_0982,这是一个测试商品，编号982，属于交通工具分类。,50.0,4,/uploads/product/cover_17.jpg,ON_SALE,MEETUP,2026-07-28 17:45:42,2026-08-14 00:49:42
983,705,1,教材教辅商品_0983,这是一个测试商品，编号983，属于教材教辅分类。,30.0,3,/uploads/product/cover_13.jpg,ON_SALE,"MEETUP,EXPRESS",2026-08-02 13:48:42,2026-08-13 12:59:42
984,742,7,文具办公商品_0984,这是一个测试商品，编号984，属于文具办公分类。,3.0,1,/uploads/product/cover_7.jpg,ON_SALE,"MEETUP,EXPRESS",2026-08-10 08:23:42,2026-08-14 16:21:42
985,816,3,日用百货商品_0985,这是一个测试商品，编号985，属于日用百货分类。,5.0,5,/uploads/product/cover_11.jpg,ON_SALE,MEETUP,2026-07-28 00:19:42,2026-08-13 04:06:42
986,233,15,手工艺品商品_0986,这是一个测试商品，编号986，属于手工艺品分类。,12.0,5,/uploads/product/cover_7.jpg,ON_SALE,EXPRESS,2026-08-05 03:01:42,2026-08-12 08:07:42
987,355,10,家居家电商品_0987,这是一个测试商品，编号987，属于家居家电分类。,15.0,2,/uploads/product/cover_9.jpg,ON_SALE,EXPRESS,2026-08-02 10:12:42,2026-08-16 16:51:42
988,491,7,文具办公商品_0988,这是一个测试商品，编号988，属于文具办公分类。,80.0,4,/uploads/product/cover_1.jpg,ON_SALE,"MEETUP,EXPRESS",2026-07-31 05:46:42,2026-08-14 06:14:42
989,475,2,电子数码商品_0989,这是一个测试商品，编号989，属于电子数码分类。,8.0,1,/uploads/product/cover_6.jpg,ON_SALE,MEETUP,2026-07-30 09:09:42,2026-08-15 12:42:42
990,32,9,游戏动漫商品_0990,这是一个测试商品，编号990，属于游戏动漫分类。,5.0,1,/uploads/product/cover_12.jpg,ON_SALE,MEETUP,2026-08-09 17:08:42,2026-08-11 20:46:42
991,592,11,图书小说商品_0991,这是一个测试商品，编号991，属于图书小说分类。,50.0,3,/uploads/product/cover_18.jpg,ON_SALE,"MEETUP,EXPRESS",2026-07-31 04:41:42,2026-08-15 15:53:42
992,910,11,图书小说商品_0992,这是一个测试商品，编号992，属于图书小说分类。,25.0,5,/uploads/product/cover_17.jpg,ON_SALE,"MEETUP,EXPRESS",2026-08-14 13:15:42,2026-08-13 11:10:42
993,438,13,交通工具商品_0993,这是一个测试商品，编号993，属于交通工具分类。,2.0,3,/uploads/product/cover_18.jpg,ON_SALE,MEETUP,2026-08-12 13:55:42,2026-08-13 14:55:42
994,66,14,宠物用品商品_0994,这是一个测试商品，编号994，属于宠物用品分类。,12.0,1,/uploads/product/cover_18.jpg,ON_SALE,MEETUP,2026-08-12 01:25:42,2026-08-13 21:51:42
995,448,8,美妆护肤商品_0995,这是一个测试商品，编号995，属于美妆护肤分类。,50.0,5,/uploads/product/cover_14.jpg,ON_SALE,"MEETUP,EXPRESS",2026-08-04 08:51:42,2026-08-14 23:09:42
996,749,6,零食饮料商品_0996,这是一个测试商品，编号996，属于零食饮料分类。,1.0,3,/uploads/product/cover_3.jpg,ON_SALE,EXPRESS,2026-08-16 18:32:42,2026-08-16 17:23:42
997,118,12,乐器音响商品_0997,这是一个测试商品，编号997，属于乐器音响分类。,200.0,5,/uploads/product/cover_9.jpg,ON_SALE,EXPRESS,2026-08-12 14:28:42,2026-08-15 12:11:42
998,49,4,运动户外商品_0998,这是一个测试商品，编号998，属于运动户外分类。,5.0,4,/uploads/product/cover_1.jpg,ON_SALE,MEETUP,2026-08-12 14:40:42,2026-08-14 17:46:42
999,764,4,运动户外商品_0999,这是一个测试商品，编号999，属于运动户外分类。,60.0,1,/uploads/product/cover_7.jpg,ON_SALE,EXPRESS,2026-08-07 21:46:42,2026-08-14 12:26:42
1000,339,10,家居家电商品_1000,这是一个测试商品，编号1000，属于家居家电分类。,80.0,1,/uploads/product/cover_14.jpg,ON_SALE,EXPRESS,2026-08-12 01:54:42,2026-08-12 15:00:42
1001,426,4,运动户外商品_1001,这是一个测试商品，编号1001，属于运动户外分类。,3.0,1,/uploads/product/cover_14.jpg,ON_SALE,MEETUP,2026-07-28 06:02:42,2026-08-12 03:09:42
1002,693,1,教材教辅商品_1002,这是一个测试商品，编号1002，属于教材教辅分类。,200.0,2,/uploads/product/cover_7.jpg,ON_SALE,"MEETUP,EXPRESS",2026-08-08 07:38:42,2026-08-14 16:54:42
1003,399,7,文具办公商品_1003,这是一个测试商品，编号1003，属于文具办公分类。,20.0,4,/uploads/product/cover_9.jpg,ON_SALE,EXPRESS,2026-08-02 18:54:42,2026-08-12 09:37:42
1004,808,9,游戏动漫商品_1004,这是一个测试商品，编号1004，属于游戏动漫分类。,1.0,1,/uploads/product/cover_4.jpg,ON_SALE,MEETUP,2026-08-13 03:29:42,2026-08-14 14:18:42
1005,969,14,宠物用品商品_1005,这是一个测试商品，编号1005，属于宠物用品分类。,8.0,2,/uploads/product/cover_17.jpg,ON_SALE,"MEETUP,EXPRESS",2026-07-29 14:37:42,2026-08-16 15:33:42
1006,7,14,宠物用品商品_1006,这是一个测试商品，编号1006，属于宠物用品分类。,1.0,1,/uploads/product/cover_20.jpg,ON_SALE,MEETUP,2026-07-28 00:10:42,2026-08-13 15:09:42
1007,737,2,电子数码商品_1007,这是一个测试商品，编号1007，属于电子数码分类。,80.0,3,/uploads/product/cover_6.jpg,ON_SALE,EXPRESS,2026-08-06 07:45:42,2026-08-14 20:45:42
1008,137,15,手工艺品商品_1008,这是一个测试商品，编号1008，属于手工艺品分类。,120.0,1,/uploads/product/cover_11.jpg,ON_SALE,EXPRESS,2026-07-30 12:26:42,2026-08-12 22:36:42
1009,241,15,手工艺品商品_1009,这是一个测试商品，编号1009，属于手工艺品分类。,2.0,3,/uploads/product/cover_2.jpg,ON_SALE,EXPRESS,2026-08-07 03:30:42,2026-08-15 08:08:42
1010,892,10,家居家电商品_1010,这是一个测试商品，编号1010，属于家居家电分类。,80.0,3,/uploads/product/cover_2.jpg,ON_SALE,"MEETUP,EXPRESS",2026-08-14 14:57:42,2026-08-14 13:03:42
1011,333,9,游戏动漫商品_1011,这是一个测试商品，编号1011，属于游戏动漫分类。,1.0,4,/uploads/product/cover_6.jpg,ON_SALE,MEETUP,2026-08-01 20:21:42,2026-08-12 01:44:42
1012,412,4,运动户外商品_1012,这是一个测试商品，编号1012，属于运动户外分类。,10.0,1,/uploads/product/cover_15.jpg,ON_SALE,MEETUP,2026-07-30 00:54:42,2026-08-15 18:39:42
1013,931,13,交通工具商品_1013,这是一个测试商品，编号1013，属于交通工具分类。,2.0,5,/uploads/product/cover_17.jpg,ON_SALE,"MEETUP,EXPRESS",2026-07-29 03:48:42,2026-08-12 05:51:42
1014,819,14,宠物用品商品_1014,这是一个测试商品，编号1014，属于宠物用品分类。,200.0,2,/uploads/product/cover_6.jpg,ON_SALE,EXPRESS,2026-08-09 07:11:42,2026-08-13 20:06:42
1015,303,10,家居家电商品_1015,这是一个测试商品，编号1015，属于家居家电分类。,2.0,2,/uploads/product/cover_2.jpg,ON_SALE,MEETUP,2026-08-05 00:29:42,2026-08-13 08:27:42
1016,508,2,电子数码商品_1016,这是一个测试商品，编号1016，属于电子数码分类。,15.0,2,/uploads/product/cover_15.jpg,ON_SALE,EXPRESS,2026-07-30 11:54:42,2026-08-14 08:26:42
1017,422,8,美妆护肤商品_1017,这是一个测试商品，编号1017，属于美妆护肤分类。,30.0,3,/uploads/product/cover_11.jpg,ON_SALE,EXPRESS,2026-08-13 16:31:42,2026-08-16 01:19:42
1018,914,9,游戏动漫商品_1018,这是一个测试商品，编号1018，属于游戏动漫分类。,2.0,5,/uploads/product/cover_15.jpg,ON_SALE,"MEETUP,EXPRESS",2026-08-13 07:13:42,2026-08-15 13:48:42
1019,796,4,运动户外商品_1019,这是一个测试商品，编号1019，属于运动户外分类。,80.0,4,/uploads/product/cover_17.jpg,ON_SALE,EXPRESS,2026-08-04 17:55:42,2026-08-12 12:38:42
1020,470,11,图书小说商品_1020,这是一个测试商品，编号1020，属于图书小说分类。,8.0,1,/uploads/product/cover_5.jpg,ON_SALE,EXPRESS,2026-07-30 22:19:42,2026-08-12 00:16:42
1021,739,1,教材教辅商品_1021,这是一个测试商品，编号1021，属于教材教辅分类。,100.0,4,/uploads/product/cover_9.jpg,ON_SALE,MEETUP,2026-08-12 19:48:42,2026-08-14 19:02:42
1022,586,10,家居家电商品_1022,这是一个测试商品，编号1022，属于家居家电分类。,25.0,5,/uploads/product/cover_5.jpg,ON_SALE,MEETUP,2026-08-12 21:57:42,2026-08-13 20:30:42
1023,958,15,手工艺品商品_1023,这是一个测试商品，编号1023，属于手工艺品分类。,10.0,2,/uploads/product/cover_7.jpg,ON_SALE,EXPRESS,2026-07-31 19:21:42,2026-08-11 21:33:42
1024,904,9,游戏动漫商品_1024,这是一个测试商品，编号1024，属于游戏动漫分类。,30.0,3,/uploads/product/cover_18.jpg,ON_SALE,EXPRESS,2026-07-31 06:23:42,2026-08-16 01:06:42
1025,786,13,交通工具商品_1025,这是一个测试商品，编号1025，属于交通工具分类。,150.0,2,/uploads/product/cover_19.jpg,ON_SALE,MEETUP,2026-08-03 20:40:42,2026-08-15 19:57:42
1026,919,11,图书小说商品_1026,这是一个测试商品，编号1026，属于图书小说分类。,5.0,1,/uploads/product/cover_16.jpg,ON_SALE,"MEETUP,EXPRESS",2026-08-01 00:37:42,2026-08-12 00:16:42
1027,871,13,交通工具商品_1027,这是一个测试商品，编号1027，属于交通工具分类。,200.0,3,/uploads/product/cover_11.jpg,ON_SALE,MEETUP,2026-08-08 09:38:42,2026-08-16 17:27:42
1028,413,12,乐器音响商品_1028,这是一个测试商品，编号1028，属于乐器音响分类。,50.0,4,/uploads/product/cover_5.jpg,ON_SALE,MEETUP,2026-08-06 09:14:42,2026-08-15 09:06:42
1029,463,10,家居家电商品_1029,这是一个测试商品，编号1029，属于家居家电分类。,2.0,1,/uploads/product/cover_13.jpg,ON_SALE,"MEETUP,EXPRESS",2026-08-08 11:34:42,2026-08-11 21:57:42
1030,528,15,手工艺品商品_1030,这是一个测试商品，编号1030，属于手工艺品分类。,80.0,5,/uploads/product/cover_17.jpg,ON_SALE,MEETUP,2026-07-28 19:52:42,2026-08-12 23:10:42
1031,802,6,零食饮料商品_1031,这是一个测试商品，编号1031，属于零食饮料分类。,8.0,5,/uploads/product/cover_11.jpg,ON_SALE,MEETUP,2026-07-31 10:56:42,2026-08-13 08:29:42
1032,682,2,电子数码商品_1032,这是一个测试商品，编号1032，属于电子数码分类。,120.0,4,/uploads/product/cover_16.jpg,ON_SALE,EXPRESS,2026-08-07 12:36:42,2026-08-16 03:02:42
1033,979,1,教材教辅商品_1033,这是一个测试商品，编号1033，属于教材教辅分类。,80.0,4,/uploads/product/cover_4.jpg,ON_SALE,EXPRESS,2026-08-02 04:31:42,2026-08-15 21:15:42
1034,881,6,零食饮料商品_1034,这是一个测试商品，编号1034，属于零食饮料分类。,80.0,1,/uploads/product/cover_1.jpg,ON_SALE,MEETUP,2026-07-31 01:42:42,2026-08-13 00:45:42
1035,153,4,运动户外商品_1035,这是一个测试商品，编号1035，属于运动户外分类。,80.0,5,/uploads/product/cover_11.jpg,ON_SALE,MEETUP,2026-08-16 10:58:42,2026-08-15 05:18:42
1036,602,3,日用百货商品_1036,这是一个测试商品，编号1036，属于日用百货分类。,1.0,5,/uploads/product/cover_11.jpg,ON_SALE,EXPRESS,2026-08-14 19:44:42,2026-08-15 16:07:42
1037,986,15,手工艺品商品_1037,这是一个测试商品，编号1037，属于手工艺品分类。,30.0,4,/uploads/product/cover_11.jpg,ON_SALE,"MEETUP,EXPRESS",2026-08-11 04:40:42,2026-08-13 20:13:42
1038,728,13,交通工具商品_1038,这是一个测试商品，编号1038，属于交通工具分类。,1.0,1,/uploads/product/cover_10.jpg,ON_SALE,EXPRESS,2026-08-02 14:39:42,2026-08-11 20:52:42
1039,193,3,日用百货商品_1039,这是一个测试商品，编号1039，属于日用百货分类。,30.0,2,/uploads/product/cover_9.jpg,ON_SALE,MEETUP,2026-08-01 16:37:42,2026-08-12 23:34:42
1040,908,10,家居家电商品_1040,这是一个测试商品，编号1040，属于家居家电分类。,10.0,2,/uploads/product/cover_12.jpg,ON_SALE,MEETUP,2026-08-05 07:11:42,2026-08-13 16:57:42
1041,153,1,教材教辅商品_1041,这是一个测试商品，编号1041，属于教材教辅分类。,10.0,4,/uploads/product/cover_4.jpg,ON_SALE,MEETUP,2026-08-08 16:43:42,2026-08-13 09:39:42
1042,960,10,家居家电商品_1042,这是一个测试商品，编号1042，属于家居家电分类。,2.0,3,/uploads/product/cover_16.jpg,ON_SALE,MEETUP,2026-08-13 13:49:42,2026-08-12 00:40:42
1043,950,11,图书小说商品_1043,这是一个测试商品，编号1043，属于图书小说分类。,15.0,2,/uploads/product/cover_16.jpg,ON_SALE,EXPRESS,2026-08-16 05:35:42,2026-08-16 04:08:42
1044,415,15,手工艺品商品_1044,这是一个测试商品，编号1044，属于手工艺品分类。,20.0,2,/uploads/product/cover_6.jpg,ON_SALE,"MEETUP,EXPRESS",2026-07-29 22:40:42,2026-08-16 07:31:42
1045,304,7,文具办公商品_1045,这是一个测试商品，编号1045，属于文具办公分类。,200.0,5,/uploads/product/cover_12.jpg,ON_SALE,"MEETUP,EXPRESS",2026-08-16 10:32:42,2026-08-14 08:04:42
1046,963,10,家居家电商品_1046,这是一个测试商品，编号1046，属于家居家电分类。,1.0,3,/uploads/product/cover_2.jpg,ON_SALE,"MEETUP,EXPRESS",2026-08-03 12:10:42,2026-08-14 05:55:42
1047,512,8,美妆护肤商品_1047,这是一个测试商品，编号1047，属于美妆护肤分类。,25.0,5,/uploads/product/cover_20.jpg,ON_SALE,EXPRESS,2026-08-07 12:41:42,2026-08-15 03:29:42
1048,879,10,家居家电商品_1048,这是一个测试商品，编号1048，属于家居家电分类。,80.0,5,/uploads/product/cover_2.jpg,ON_SALE,MEETUP,2026-08-03 17:54:42,2026-08-12 13:11:42
1049,760,7,文具办公商品_1049,这是一个测试商品，编号1049，属于文具办公分类。,100.0,5,/uploads/product/cover_13.jpg,ON_SALE,EXPRESS,2026-08-12 04:59:42,2026-08-12 18:44:42
1050,970,3,日用百货商品_1050,这是一个测试商品，编号1050，属于日用百货分类。,50.0,1,/uploads/product/cover_19.jpg,ON_SALE,MEETUP,2026-08-05 08:12:42,2026-08-16 06:49:42
1051,469,7,文具办公商品_1051,这是一个测试商品，编号1051，属于文具办公分类。,10.0,4,/uploads/product/cover_1.jpg,ON_SALE,EXPRESS,2026-08-14 08:12:42,2026-08-16 13:53:42
1052,58,10,家居家电商品_1052,这是一个测试商品，编号1052，属于家居家电分类。,80.0,2,/uploads/product/cover_9.jpg,ON_SALE,MEETUP,2026-07-28 17:26:42,2026-08-12 23:25:42
1053,916,15,手工艺品商品_1053,这是一个测试商品，编号1053，属于手工艺品分类。,50.0,1,/uploads/product/cover_13.jpg,ON_SALE,"MEETUP,EXPRESS",2026-08-14 01:14:42,2026-08-14 21:40:42
1054,774,10,家居家电商品_1054,这是一个测试商品，编号1054，属于家居家电分类。,100.0,1,/uploads/product/cover_20.jpg,ON_SALE,"MEETUP,EXPRESS",2026-07-29 06:05:42,2026-08-12 14:48:42
1055,3,4,运动户外商品_1055,这是一个测试商品，编号1055，属于运动户外分类。,1.0,1,/uploads/product/cover_16.jpg,ON_SALE,"MEETUP,EXPRESS",2026-08-11 12:57:42,2026-08-13 17:00:42
1056,57,3,日用百货商品_1056,这是一个测试商品，编号1056，属于日用百货分类。,120.0,2,/uploads/product/cover_17.jpg,ON_SALE,"MEETUP,EXPRESS",2026-08-02 04:08:42,2026-08-14 13:26:42
1057,799,6,零食饮料商品_1057,这是一个测试商品，编号1057，属于零食饮料分类。,10.0,3,/uploads/product/cover_20.jpg,ON_SALE,EXPRESS,2026-08-06 03:08:42,2026-08-12 00:59:42
1058,456,15,手工艺品商品_1058,这是一个测试商品，编号1058，属于手工艺品分类。,50.0,5,/uploads/product/cover_5.jpg,ON_SALE,"MEETUP,EXPRESS",2026-08-04 12:46:42,2026-08-14 20:13:42
1059,531,2,电子数码商品_1059,这是一个测试商品，编号1059，属于电子数码分类。,5.0,2,/uploads/product/cover_14.jpg,ON_SALE,EXPRESS,2026-07-30 16:58:42,2026-08-14 10:29:42
1060,721,6,零食饮料商品_1060,这是一个测试商品，编号1060，属于零食饮料分类。,8.0,5,/uploads/product/cover_19.jpg,ON_SALE,MEETUP,2026-08-11 18:59:42,2026-08-14 03:29:42
1061,14,14,宠物用品商品_1061,这是一个测试商品，编号1061，属于宠物用品分类。,8.0,1,/uploads/product/cover_14.jpg,ON_SALE,MEETUP,2026-08-02 14:11:42,2026-08-14 08:44:42
1062,371,4,运动户外商品_1062,这是一个测试商品，编号1062，属于运动户外分类。,12.0,4,/uploads/product/cover_18.jpg,ON_SALE,MEETUP,2026-08-08 03:24:42,2026-08-12 01:39:42
1063,15,1,教材教辅商品_1063,这是一个测试商品，编号1063，属于教材教辅分类。,12.0,5,/uploads/product/cover_9.jpg,ON_SALE,MEETUP,2026-08-06 03:26:42,2026-08-13 17:28:42
1064,89,15,手工艺品商品_1064,这是一个测试商品，编号1064，属于手工艺品分类。,30.0,5,/uploads/product/cover_17.jpg,ON_SALE,EXPRESS,2026-07-28 03:57:42,2026-08-15 01:36:42
1065,159,9,游戏动漫商品_1065,这是一个测试商品，编号1065，属于游戏动漫分类。,3.0,1,/uploads/product/cover_20.jpg,ON_SALE,"MEETUP,EXPRESS",2026-07-31 13:58:42,2026-08-12 21:09:42
1066,73,5,服装鞋帽商品_1066,这是一个测试商品，编号1066，属于服装鞋帽分类。,3.0,1,/uploads/product/cover_15.jpg,ON_SALE,"MEETUP,EXPRESS",2026-08-16 08:43:42,2026-08-13 16:14:42
1067,529,1,教材教辅商品_1067,这是一个测试商品，编号1067，属于教材教辅分类。,8.0,3,/uploads/product/cover_13.jpg,ON_SALE,EXPRESS,2026-08-04 01:23:42,2026-08-16 12:51:42
1068,707,7,文具办公商品_1068,这是一个测试商品，编号1068，属于文具办公分类。,3.0,3,/uploads/product/cover_16.jpg,ON_SALE,EXPRESS,2026-08-04 22:51:42,2026-08-15 04:18:42
1069,537,15,手工艺品商品_1069,这是一个测试商品，编号1069，属于手工艺品分类。,80.0,1,/uploads/product/cover_6.jpg,ON_SALE,MEETUP,2026-08-12 01:12:42,2026-08-14 11:32:42
1070,689,2,电子数码商品_1070,这是一个测试商品，编号1070，属于电子数码分类。,150.0,4,/uploads/product/cover_1.jpg,ON_SALE,"MEETUP,EXPRESS",2026-07-28 23:50:42,2026-08-12 01:12:42
1071,268,1,教材教辅商品_1071,这是一个测试商品，编号1071，属于教材教辅分类。,120.0,5,/uploads/product/cover_15.jpg,ON_SALE,"MEETUP,EXPRESS",2026-08-13 03:55:42,2026-08-11 19:12:42
1072,410,14,宠物用品商品_1072,这是一个测试商品，编号1072，属于宠物用品分类。,25.0,1,/uploads/product/cover_12.jpg,ON_SALE,"MEETUP,EXPRESS",2026-08-15 03:26:42,2026-08-15 19:52:42
1073,483,1,教材教辅商品_1073,这是一个测试商品，编号1073，属于教材教辅分类。,200.0,3,/uploads/product/cover_8.jpg,ON_SALE,"MEETUP,EXPRESS",2026-08-03 01:18:42,2026-08-13 19:27:42
1074,612,8,美妆护肤商品_1074,这是一个测试商品，编号1074，属于美妆护肤分类。,3.0,2,/uploads/product/cover_10.jpg,ON_SALE,MEETUP,2026-08-13 21:52:42,2026-08-14 16:50:42
1075,36,1,教材教辅商品_1075,这是一个测试商品，编号1075，属于教材教辅分类。,5.0,4,/uploads/product/cover_2.jpg,ON_SALE,"MEETUP,EXPRESS",2026-08-01 01:08:42,2026-08-14 18:09:42
1076,181,6,零食饮料商品_1076,这是一个测试商品，编号1076，属于零食饮料分类。,5.0,1,/uploads/product/cover_5.jpg,ON_SALE,MEETUP,2026-08-07 00:25:42,2026-08-14 21:07:42
1077,953,12,乐器音响商品_1077,这是一个测试商品，编号1077，属于乐器音响分类。,100.0,5,/uploads/product/cover_6.jpg,ON_SALE,"MEETUP,EXPRESS",2026-08-14 18:12:42,2026-08-14 22:58:42
1078,907,6,零食饮料商品_1078,这是一个测试商品，编号1078，属于零食饮料分类。,25.0,5,/uploads/product/cover_20.jpg,ON_SALE,MEETUP,2026-08-07 22:26:42,2026-08-13 22:41:42
1079,889,6,零食饮料商品_1079,这是一个测试商品，编号1079，属于零食饮料分类。,8.0,5,/uploads/product/cover_15.jpg,ON_SALE,EXPRESS,2026-08-07 10:02:42,2026-08-15 07:46:42
1080,393,11,图书小说商品_1080,这是一个测试商品，编号1080，属于图书小说分类。,150.0,2,/uploads/product/cover_2.jpg,ON_SALE,MEETUP,2026-08-14 06:37:42,2026-08-16 07:06:42
1081,737,8,美妆护肤商品_1081,这是一个测试商品，编号1081，属于美妆护肤分类。,80.0,3,/uploads/product/cover_2.jpg,ON_SALE,EXPRESS,2026-08-05 15:58:42,2026-08-15 11:26:42
1082,960,14,宠物用品商品_1082,这是一个测试商品，编号1082，属于宠物用品分类。,100.0,4,/uploads/product/cover_14.jpg,ON_SALE,MEETUP,2026-07-28 21:17:42,2026-08-13 06:21:42
1083,118,13,交通工具商品_1083,这是一个测试商品，编号1083，属于交通工具分类。,3.0,1,/uploads/product/cover_17.jpg,ON_SALE,MEETUP,2026-08-06 03:06:42,2026-08-16 04:36:42
1084,614,13,交通工具商品_1084,这是一个测试商品，编号1084，属于交通工具分类。,10.0,3,/uploads/product/cover_17.jpg,ON_SALE,MEETUP,2026-07-27 19:30:42,2026-08-12 02:50:42
1085,282,10,家居家电商品_1085,这是一个测试商品，编号1085，属于家居家电分类。,150.0,5,/uploads/product/cover_2.jpg,ON_SALE,EXPRESS,2026-08-15 12:03:42,2026-08-14 02:30:42
1086,176,12,乐器音响商品_1086,这是一个测试商品，编号1086，属于乐器音响分类。,200.0,1,/uploads/product/cover_12.jpg,ON_SALE,MEETUP,2026-08-08 10:34:42,2026-08-16 00:16:42
1087,592,7,文具办公商品_1087,这是一个测试商品，编号1087，属于文具办公分类。,120.0,2,/uploads/product/cover_6.jpg,ON_SALE,MEETUP,2026-08-05 11:35:42,2026-08-15 04:08:42
1088,606,2,电子数码商品_1088,这是一个测试商品，编号1088，属于电子数码分类。,20.0,1,/uploads/product/cover_3.jpg,ON_SALE,EXPRESS,2026-08-14 20:22:42,2026-08-13 20:00:42
1089,73,5,服装鞋帽商品_1089,这是一个测试商品，编号1089，属于服装鞋帽分类。,120.0,4,/uploads/product/cover_14.jpg,ON_SALE,EXPRESS,2026-07-28 01:13:42,2026-08-13 23:41:42
1090,839,2,电子数码商品_1090,这是一个测试商品，编号1090，属于电子数码分类。,50.0,2,/uploads/product/cover_12.jpg,ON_SALE,EXPRESS,2026-08-03 15:23:42,2026-08-15 17:03:42
1091,675,12,乐器音响商品_1091,这是一个测试商品，编号1091，属于乐器音响分类。,12.0,2,/uploads/product/cover_9.jpg,ON_SALE,EXPRESS,2026-07-30 17:59:42,2026-08-16 14:46:42
1092,673,5,服装鞋帽商品_1092,这是一个测试商品，编号1092，属于服装鞋帽分类。,8.0,2,/uploads/product/cover_12.jpg,ON_SALE,EXPRESS,2026-07-31 20:56:42,2026-08-15 18:34:42
1093,872,5,服装鞋帽商品_1093,这是一个测试商品，编号1093，属于服装鞋帽分类。,1.0,5,/uploads/product/cover_6.jpg,ON_SALE,EXPRESS,2026-07-31 02:57:42,2026-08-12 15:10:42
1094,625,2,电子数码商品_1094,这是一个测试商品，编号1094，属于电子数码分类。,30.0,3,/uploads/product/cover_16.jpg,ON_SALE,EXPRESS,2026-08-07 23:09:42,2026-08-12 10:27:42
1095,313,1,教材教辅商品_1095,这是一个测试商品，编号1095，属于教材教辅分类。,3.0,3,/uploads/product/cover_6.jpg,ON_SALE,EXPRESS,2026-08-09 04:49:42,2026-08-12 19:20:42
1096,941,11,图书小说商品_1096,这是一个测试商品，编号1096，属于图书小说分类。,150.0,4,/uploads/product/cover_6.jpg,ON_SALE,"MEETUP,EXPRESS",2026-08-08 05:50:42,2026-08-13 13:24:42
1097,345,1,教材教辅商品_1097,这是一个测试商品，编号1097，属于教材教辅分类。,120.0,3,/uploads/product/cover_12.jpg,ON_SALE,"MEETUP,EXPRESS",2026-07-28 13:28:42,2026-08-13 05:16:42
1098,942,9,游戏动漫商品_1098,这是一个测试商品，编号1098，属于游戏动漫分类。,60.0,5,/uploads/product/cover_15.jpg,ON_SALE,EXPRESS,2026-07-30 02:26:42,2026-08-13 08:37:42
1099,286,9,游戏动漫商品_1099,这是一个测试商品，编号1099，属于游戏动漫分类。,1.0,3,/uploads/product/cover_15.jpg,ON_SALE,MEETUP,2026-08-14 11:38:42,2026-08-16 14:57:42
1100,626,12,乐器音响商品_1100,这是一个测试商品，编号1100，属于乐器音响分类。,30.0,5,/uploads/product/cover_7.jpg,ON_SALE,MEETUP,2026-08-15 20:34:42,2026-08-12 05:44:42
1101,713,6,零食饮料商品_1101,这是一个测试商品，编号1101，属于零食饮料分类。,12.0,1,/uploads/product/cover_19.jpg,ON_SALE,"MEETUP,EXPRESS",2026-08-08 05:58:42,2026-08-15 02:17:42
1102,28,3,日用百货商品_1102,这是一个测试商品，编号1102，属于日用百货分类。,20.0,3,/uploads/product/cover_17.jpg,ON_SALE,MEETUP,2026-08-07 03:17:42,2026-08-15 05:09:42
1103,808,7,文具办公商品_1103,这是一个测试商品，编号1103，属于文具办公分类。,2.0,1,/uploads/product/cover_3.jpg,ON_SALE,MEETUP,2026-08-03 01:04:42,2026-08-13 14:10:42
1104,136,14,宠物用品商品_1104,这是一个测试商品，编号1104，属于宠物用品分类。,100.0,1,/uploads/product/cover_15.jpg,ON_SALE,"MEETUP,EXPRESS",2026-08-03 08:16:42,2026-08-14 02:54:42
1105,888,4,运动户外商品_1105,这是一个测试商品，编号1105，属于运动户外分类。,1.0,1,/uploads/product/cover_13.jpg,ON_SALE,"MEETUP,EXPRESS",2026-08-11 20:47:42,2026-08-12 21:56:42
1106,307,4,运动户外商品_1106,这是一个测试商品，编号1106，属于运动户外分类。,100.0,1,/uploads/product/cover_7.jpg,ON_SALE,MEETUP,2026-08-10 22:10:42,2026-08-13 16:21:42
1107,424,5,服装鞋帽商品_1107,这是一个测试商品，编号1107，属于服装鞋帽分类。,50.0,3,/uploads/product/cover_15.jpg,ON_SALE,MEETUP,2026-08-03 12:00:42,2026-08-16 15:47:42
1108,641,4,运动户外商品_1108,这是一个测试商品，编号1108，属于运动户外分类。,15.0,5,/uploads/product/cover_1.jpg,ON_SALE,MEETUP,2026-07-30 13:20:42,2026-08-13 01:07:42
1109,818,15,手工艺品商品_1109,这是一个测试商品，编号1109，属于手工艺品分类。,10.0,4,/uploads/product/cover_14.jpg,ON_SALE,"MEETUP,EXPRESS",2026-08-05 19:59:42,2026-08-14 07:16:42
1110,883,6,零食饮料商品_1110,这是一个测试商品，编号1110，属于零食饮料分类。,60.0,5,/uploads/product/cover_13.jpg,ON_SALE,MEETUP,2026-08-09 07:28:42,2026-08-13 20:02:42
1111,304,9,游戏动漫商品_1111,这是一个测试商品，编号1111，属于游戏动漫分类。,15.0,1,/uploads/product/cover_6.jpg,ON_SALE,EXPRESS,2026-07-29 21:22:42,2026-08-15 08:47:42
1112,78,15,手工艺品商品_1112,这是一个测试商品，编号1112，属于手工艺品分类。,50.0,5,/uploads/product/cover_18.jpg,ON_SALE,MEETUP,2026-08-03 00:53:42,2026-08-13 23:38:42
1113,400,13,交通工具商品_1113,这是一个测试商品，编号1113，属于交通工具分类。,60.0,3,/uploads/product/cover_6.jpg,ON_SALE,EXPRESS,2026-07-31 13:11:42,2026-08-12 09:27:42
1114,905,6,零食饮料商品_1114,这是一个测试商品，编号1114，属于零食饮料分类。,10.0,2,/uploads/product/cover_2.jpg,ON_SALE,"MEETUP,EXPRESS",2026-08-13 21:41:42,2026-08-14 23:21:42
1115,569,2,电子数码商品_1115,这是一个测试商品，编号1115，属于电子数码分类。,12.0,2,/uploads/product/cover_7.jpg,ON_SALE,EXPRESS,2026-08-11 18:42:42,2026-08-13 06:22:42
1116,447,3,日用百货商品_1116,这是一个测试商品，编号1116，属于日用百货分类。,200.0,4,/uploads/product/cover_16.jpg,ON_SALE,EXPRESS,2026-08-04 14:28:42,2026-08-11 20:13:42
1117,797,3,日用百货商品_1117,这是一个测试商品，编号1117，属于日用百货分类。,1.0,4,/uploads/product/cover_5.jpg,ON_SALE,EXPRESS,2026-08-01 19:31:42,2026-08-15 19:40:42
1118,154,9,游戏动漫商品_1118,这是一个测试商品，编号1118，属于游戏动漫分类。,5.0,4,/uploads/product/cover_15.jpg,ON_SALE,EXPRESS,2026-08-09 10:27:42,2026-08-15 19:55:42
1119,417,11,图书小说商品_1119,这是一个测试商品，编号1119，属于图书小说分类。,50.0,5,/uploads/product/cover_8.jpg,ON_SALE,"MEETUP,EXPRESS",2026-08-07 22:15:42,2026-08-13 22:10:42
1120,378,4,运动户外商品_1120,这是一个测试商品，编号1120，属于运动户外分类。,25.0,3,/uploads/product/cover_14.jpg,ON_SALE,"MEETUP,EXPRESS",2026-08-09 22:47:42,2026-08-13 03:14:42
1121,731,1,教材教辅商品_1121,这是一个测试商品，编号1121，属于教材教辅分类。,10.0,3,/uploads/product/cover_11.jpg,ON_SALE,"MEETUP,EXPRESS",2026-08-06 02:33:42,2026-08-12 03:42:42
1122,63,13,交通工具商品_1122,这是一个测试商品，编号1122，属于交通工具分类。,30.0,4,/uploads/product/cover_8.jpg,ON_SALE,EXPRESS,2026-08-12 13:20:42,2026-08-14 03:56:42
1123,934,5,服装鞋帽商品_1123,这是一个测试商品，编号1123，属于服装鞋帽分类。,5.0,2,/uploads/product/cover_9.jpg,ON_SALE,"MEETUP,EXPRESS",2026-08-12 08:34:42,2026-08-14 08:57:42
1124,421,10,家居家电商品_1124,这是一个测试商品，编号1124，属于家居家电分类。,60.0,2,/uploads/product/cover_19.jpg,ON_SALE,MEETUP,2026-08-01 22:53:42,2026-08-14 15:49:42
1125,426,9,游戏动漫商品_1125,这是一个测试商品，编号1125，属于游戏动漫分类。,25.0,5,/uploads/product/cover_3.jpg,ON_SALE,MEETUP,2026-07-29 05:15:42,2026-08-14 06:00:42
1126,661,4,运动户外商品_1126,这是一个测试商品，编号1126，属于运动户外分类。,12.0,5,/uploads/product/cover_13.jpg,ON_SALE,MEETUP,2026-08-03 23:55:42,2026-08-14 10:23:42
1127,688,12,乐器音响商品_1127,这是一个测试商品，编号1127，属于乐器音响分类。,150.0,4,/uploads/product/cover_16.jpg,ON_SALE,EXPRESS,2026-08-09 12:44:42,2026-08-14 23:01:42
1128,73,5,服装鞋帽商品_1128,这是一个测试商品，编号1128，属于服装鞋帽分类。,50.0,5,/uploads/product/cover_20.jpg,ON_SALE,MEETUP,2026-08-05 01:26:42,2026-08-13 18:55:42
1129,676,15,手工艺品商品_1129,这是一个测试商品，编号1129，属于手工艺品分类。,8.0,2,/uploads/product/cover_8.jpg,ON_SALE,EXPRESS,2026-07-28 10:35:42,2026-08-12 00:12:42
1130,863,3,日用百货商品_1130,这是一个测试商品，编号1130，属于日用百货分类。,150.0,4,/uploads/product/cover_9.jpg,ON_SALE,"MEETUP,EXPRESS",2026-08-01 05:54:42,2026-08-11 23:35:42
1131,212,2,电子数码商品_1131,这是一个测试商品，编号1131，属于电子数码分类。,10.0,2,/uploads/product/cover_2.jpg,ON_SALE,"MEETUP,EXPRESS",2026-08-09 00:23:42,2026-08-15 20:48:42
1132,248,8,美妆护肤商品_1132,这是一个测试商品，编号1132，属于美妆护肤分类。,60.0,1,/uploads/product/cover_13.jpg,ON_SALE,"MEETUP,EXPRESS",2026-07-30 11:40:42,2026-08-14 05:20:42
1133,640,6,零食饮料商品_1133,这是一个测试商品，编号1133，属于零食饮料分类。,10.0,5,/uploads/product/cover_3.jpg,ON_SALE,"MEETUP,EXPRESS",2026-07-29 21:54:42,2026-08-16 07:03:42
1134,224,8,美妆护肤商品_1134,这是一个测试商品，编号1134，属于美妆护肤分类。,80.0,3,/uploads/product/cover_7.jpg,ON_SALE,MEETUP,2026-08-04 04:54:42,2026-08-14 22:14:42
1135,461,3,日用百货商品_1135,这是一个测试商品，编号1135，属于日用百货分类。,25.0,5,/uploads/product/cover_15.jpg,ON_SALE,"MEETUP,EXPRESS",2026-08-06 06:32:42,2026-08-12 05:13:42
1136,636,8,美妆护肤商品_1136,这是一个测试商品，编号1136，属于美妆护肤分类。,2.0,5,/uploads/product/cover_10.jpg,ON_SALE,MEETUP,2026-08-01 08:19:42,2026-08-13 23:19:42
1137,380,1,教材教辅商品_1137,这是一个测试商品，编号1137，属于教材教辅分类。,2.0,3,/uploads/product/cover_11.jpg,ON_SALE,EXPRESS,2026-08-08 20:15:42,2026-08-13 14:19:42
1138,728,8,美妆护肤商品_1138,这是一个测试商品，编号1138，属于美妆护肤分类。,15.0,1,/uploads/product/cover_10.jpg,ON_SALE,EXPRESS,2026-08-05 08:58:42,2026-08-16 01:41:42
1139,640,3,日用百货商品_1139,这是一个测试商品，编号1139，属于日用百货分类。,2.0,3,/uploads/product/cover_5.jpg,ON_SALE,EXPRESS,2026-08-05 14:04:42,2026-08-16 03:58:42
1140,685,11,图书小说商品_1140,这是一个测试商品，编号1140，属于图书小说分类。,60.0,5,/uploads/product/cover_6.jpg,ON_SALE,"MEETUP,EXPRESS",2026-08-03 22:35:42,2026-08-16 16:16:42
1141,645,2,电子数码商品_1141,这是一个测试商品，编号1141，属于电子数码分类。,50.0,3,/uploads/product/cover_12.jpg,ON_SALE,MEETUP,2026-08-06 20:37:42,2026-08-14 14:52:42
1142,824,1,教材教辅商品_1142,这是一个测试商品，编号1142，属于教材教辅分类。,80.0,2,/uploads/product/cover_16.jpg,ON_SALE,EXPRESS,2026-08-03 22:59:42,2026-08-14 04:43:42
1143,27,12,乐器音响商品_1143,这是一个测试商品，编号1143，属于乐器音响分类。,60.0,5,/uploads/product/cover_5.jpg,ON_SALE,MEETUP,2026-08-15 12:03:42,2026-08-13 21:01:42
1144,248,12,乐器音响商品_1144,这是一个测试商品，编号1144，属于乐器音响分类。,50.0,1,/uploads/product/cover_6.jpg,ON_SALE,EXPRESS,2026-08-07 09:55:42,2026-08-15 00:43:42
1145,792,4,运动户外商品_1145,这是一个测试商品，编号1145，属于运动户外分类。,8.0,3,/uploads/product/cover_1.jpg,ON_SALE,EXPRESS,2026-08-08 16:44:42,2026-08-16 00:58:42
1146,40,12,乐器音响商品_1146,这是一个测试商品，编号1146，属于乐器音响分类。,2.0,2,/uploads/product/cover_12.jpg,ON_SALE,MEETUP,2026-07-29 08:18:42,2026-08-12 17:10:42
1147,28,15,手工艺品商品_1147,这是一个测试商品，编号1147，属于手工艺品分类。,200.0,4,/uploads/product/cover_20.jpg,ON_SALE,MEETUP,2026-08-14 14:04:42,2026-08-15 14:35:42
1148,310,1,教材教辅商品_1148,这是一个测试商品，编号1148，属于教材教辅分类。,8.0,1,/uploads/product/cover_18.jpg,ON_SALE,EXPRESS,2026-08-14 15:42:42,2026-08-13 19:09:42
1149,239,13,交通工具商品_1149,这是一个测试商品，编号1149，属于交通工具分类。,150.0,5,/uploads/product/cover_12.jpg,ON_SALE,MEETUP,2026-08-14 12:42:42,2026-08-11 21:16:42
1150,443,15,手工艺品商品_1150,这是一个测试商品，编号1150，属于手工艺品分类。,50.0,4,/uploads/product/cover_14.jpg,ON_SALE,EXPRESS,2026-08-03 16:44:42,2026-08-13 11:37:42
1151,840,2,电子数码商品_1151,这是一个测试商品，编号1151，属于电子数码分类。,30.0,1,/uploads/product/cover_5.jpg,ON_SALE,"MEETUP,EXPRESS",2026-08-10 23:50:42,2026-08-15 02:50:42
1152,230,2,电子数码商品_1152,这是一个测试商品，编号1152，属于电子数码分类。,10.0,3,/uploads/product/cover_19.jpg,ON_SALE,MEETUP,2026-07-30 17:45:42,2026-08-12 02:17:42
1153,52,9,游戏动漫商品_1153,这是一个测试商品，编号1153，属于游戏动漫分类。,120.0,5,/uploads/product/cover_3.jpg,ON_SALE,EXPRESS,2026-08-03 21:29:42,2026-08-14 07:45:42
1154,193,14,宠物用品商品_1154,这是一个测试商品，编号1154，属于宠物用品分类。,20.0,5,/uploads/product/cover_4.jpg,ON_SALE,EXPRESS,2026-07-29 00:53:42,2026-08-12 14:51:42
1155,687,4,运动户外商品_1155,这是一个测试商品，编号1155，属于运动户外分类。,80.0,3,/uploads/product/cover_13.jpg,ON_SALE,EXPRESS,2026-08-10 15:27:42,2026-08-15 11:07:42
1156,442,8,美妆护肤商品_1156,这是一个测试商品，编号1156，属于美妆护肤分类。,3.0,1,/uploads/product/cover_10.jpg,ON_SALE,EXPRESS,2026-08-14 03:50:42,2026-08-15 22:42:42
1157,708,15,手工艺品商品_1157,这是一个测试商品，编号1157，属于手工艺品分类。,120.0,5,/uploads/product/cover_3.jpg,ON_SALE,EXPRESS,2026-08-13 02:05:42,2026-08-13 09:53:42
1158,329,2,电子数码商品_1158,这是一个测试商品，编号1158，属于电子数码分类。,5.0,2,/uploads/product/cover_7.jpg,ON_SALE,"MEETUP,EXPRESS",2026-08-16 11:38:42,2026-08-14 00:32:42
1159,441,8,美妆护肤商品_1159,这是一个测试商品，编号1159，属于美妆护肤分类。,5.0,1,/uploads/product/cover_9.jpg,ON_SALE,EXPRESS,2026-08-01 06:33:42,2026-08-15 20:24:42
1160,465,13,交通工具商品_1160,这是一个测试商品，编号1160，属于交通工具分类。,2.0,2,/uploads/product/cover_12.jpg,ON_SALE,EXPRESS,2026-08-02 14:41:42,2026-08-16 06:07:42
1161,765,2,电子数码商品_1161,这是一个测试商品，编号1161，属于电子数码分类。,80.0,4,/uploads/product/cover_1.jpg,ON_SALE,"MEETUP,EXPRESS",2026-07-31 22:23:42,2026-08-16 16:14:42
1162,996,6,零食饮料商品_1162,这是一个测试商品，编号1162，属于零食饮料分类。,10.0,4,/uploads/product/cover_1.jpg,ON_SALE,"MEETUP,EXPRESS",2026-07-28 23:31:42,2026-08-15 17:28:42
1163,409,1,教材教辅商品_1163,这是一个测试商品，编号1163，属于教材教辅分类。,12.0,1,/uploads/product/cover_12.jpg,ON_SALE,EXPRESS,2026-07-28 10:30:42,2026-08-12 06:30:42
1164,703,14,宠物用品商品_1164,这是一个测试商品，编号1164，属于宠物用品分类。,100.0,2,/uploads/product/cover_8.jpg,ON_SALE,"MEETUP,EXPRESS",2026-08-02 17:54:42,2026-08-13 15:08:42
1165,698,9,游戏动漫商品_1165,这是一个测试商品，编号1165，属于游戏动漫分类。,1.0,1,/uploads/product/cover_1.jpg,ON_SALE,EXPRESS,2026-08-01 16:38:42,2026-08-16 01:29:42
1166,203,3,日用百货商品_1166,这是一个测试商品，编号1166，属于日用百货分类。,100.0,2,/uploads/product/cover_10.jpg,ON_SALE,"MEETUP,EXPRESS",2026-08-16 06:34:42,2026-08-12 03:37:42
1167,293,12,乐器音响商品_1167,这是一个测试商品，编号1167，属于乐器音响分类。,120.0,5,/uploads/product/cover_18.jpg,ON_SALE,"MEETUP,EXPRESS",2026-07-27 22:45:42,2026-08-15 04:34:42
1168,615,14,宠物用品商品_1168,这是一个测试商品，编号1168，属于宠物用品分类。,5.0,5,/uploads/product/cover_16.jpg,ON_SALE,"MEETUP,EXPRESS",2026-08-12 02:01:42,2026-08-14 01:02:42
1169,710,11,图书小说商品_1169,这是一个测试商品，编号1169，属于图书小说分类。,30.0,3,/uploads/product/cover_18.jpg,ON_SALE,MEETUP,2026-08-08 07:35:42,2026-08-16 12:16:42
1170,788,15,手工艺品商品_1170,这是一个测试商品，编号1170，属于手工艺品分类。,20.0,5,/uploads/product/cover_14.jpg,ON_SALE,"MEETUP,EXPRESS",2026-08-10 09:22:42,2026-08-15 11:28:42
1171,508,9,游戏动漫商品_1171,这是一个测试商品，编号1171，属于游戏动漫分类。,120.0,2,/uploads/product/cover_18.jpg,ON_SALE,EXPRESS,2026-08-01 12:30:42,2026-08-11 22:43:42
1172,149,9,游戏动漫商品_1172,这是一个测试商品，编号1172，属于游戏动漫分类。,100.0,1,/uploads/product/cover_2.jpg,ON_SALE,MEETUP,2026-08-09 05:39:42,2026-08-13 07:22:42
1173,319,7,文具办公商品_1173,这是一个测试商品，编号1173，属于文具办公分类。,8.0,3,/uploads/product/cover_17.jpg,ON_SALE,MEETUP,2026-07-31 20:38:42,2026-08-16 06:41:42
1174,503,3,日用百货商品_1174,这是一个测试商品，编号1174，属于日用百货分类。,15.0,1,/uploads/product/cover_13.jpg,ON_SALE,"MEETUP,EXPRESS",2026-08-13 04:34:42,2026-08-14 13:19:42
1175,453,7,文具办公商品_1175,这是一个测试商品，编号1175，属于文具办公分类。,25.0,1,/uploads/product/cover_4.jpg,ON_SALE,MEETUP,2026-08-05 02:36:42,2026-08-16 02:49:42
1176,114,5,服装鞋帽商品_1176,这是一个测试商品，编号1176，属于服装鞋帽分类。,150.0,1,/uploads/product/cover_12.jpg,ON_SALE,MEETUP,2026-08-11 01:48:42,2026-08-13 20:42:42
1177,720,15,手工艺品商品_1177,这是一个测试商品，编号1177，属于手工艺品分类。,3.0,1,/uploads/product/cover_3.jpg,ON_SALE,MEETUP,2026-07-30 06:48:42,2026-08-16 09:31:42
1178,940,14,宠物用品商品_1178,这是一个测试商品，编号1178，属于宠物用品分类。,5.0,2,/uploads/product/cover_13.jpg,ON_SALE,"MEETUP,EXPRESS",2026-08-14 02:17:42,2026-08-15 06:08:42
1179,767,13,交通工具商品_1179,这是一个测试商品，编号1179，属于交通工具分类。,5.0,3,/uploads/product/cover_11.jpg,ON_SALE,MEETUP,2026-08-08 06:33:42,2026-08-14 13:08:42
1180,408,4,运动户外商品_1180,这是一个测试商品，编号1180，属于运动户外分类。,60.0,4,/uploads/product/cover_17.jpg,ON_SALE,MEETUP,2026-08-09 03:27:42,2026-08-16 10:04:42
1181,28,5,服装鞋帽商品_1181,这是一个测试商品，编号1181，属于服装鞋帽分类。,80.0,3,/uploads/product/cover_11.jpg,ON_SALE,MEETUP,2026-08-06 00:33:42,2026-08-13 05:54:42
1182,10,1,教材教辅商品_1182,这是一个测试商品，编号1182，属于教材教辅分类。,100.0,1,/uploads/product/cover_3.jpg,ON_SALE,EXPRESS,2026-08-02 22:47:42,2026-08-15 03:06:42
1183,154,9,游戏动漫商品_1183,这是一个测试商品，编号1183，属于游戏动漫分类。,100.0,4,/uploads/product/cover_19.jpg,ON_SALE,MEETUP,2026-08-07 21:47:42,2026-08-15 22:01:42
1184,745,12,乐器音响商品_1184,这是一个测试商品，编号1184，属于乐器音响分类。,12.0,2,/uploads/product/cover_13.jpg,ON_SALE,EXPRESS,2026-08-09 01:32:42,2026-08-16 00:35:42
1185,858,1,教材教辅商品_1185,这是一个测试商品，编号1185，属于教材教辅分类。,12.0,5,/uploads/product/cover_7.jpg,ON_SALE,MEETUP,2026-08-15 20:17:42,2026-08-12 16:29:42
1186,700,1,教材教辅商品_1186,这是一个测试商品，编号1186，属于教材教辅分类。,2.0,5,/uploads/product/cover_4.jpg,ON_SALE,"MEETUP,EXPRESS",2026-08-10 05:04:42,2026-08-14 18:40:42
1187,282,11,图书小说商品_1187,这是一个测试商品，编号1187，属于图书小说分类。,60.0,3,/uploads/product/cover_18.jpg,ON_SALE,MEETUP,2026-08-09 19:25:42,2026-08-13 17:55:42
1188,708,3,日用百货商品_1188,这是一个测试商品，编号1188，属于日用百货分类。,8.0,4,/uploads/product/cover_19.jpg,ON_SALE,MEETUP,2026-07-29 07:59:42,2026-08-16 09:04:42
1189,186,5,服装鞋帽商品_1189,这是一个测试商品，编号1189，属于服装鞋帽分类。,2.0,3,/uploads/product/cover_20.jpg,ON_SALE,EXPRESS,2026-08-04 05:19:42,2026-08-14 09:47:42
1190,856,12,乐器音响商品_1190,这是一个测试商品，编号1190，属于乐器音响分类。,15.0,4,/uploads/product/cover_12.jpg,ON_SALE,MEETUP,2026-08-12 03:34:42,2026-08-15 02:55:42
1191,991,2,电子数码商品_1191,这是一个测试商品，编号1191，属于电子数码分类。,5.0,4,/uploads/product/cover_3.jpg,ON_SALE,EXPRESS,2026-08-02 12:38:42,2026-08-14 04:18:42
1192,679,12,乐器音响商品_1192,这是一个测试商品，编号1192，属于乐器音响分类。,200.0,3,/uploads/product/cover_19.jpg,ON_SALE,"MEETUP,EXPRESS",2026-08-09 08:12:42,2026-08-16 05:10:42
1193,218,4,运动户外商品_1193,这是一个测试商品，编号1193，属于运动户外分类。,120.0,2,/uploads/product/cover_14.jpg,ON_SALE,MEETUP,2026-07-30 23:24:42,2026-08-15 21:12:42
1194,873,1,教材教辅商品_1194,这是一个测试商品，编号1194，属于教材教辅分类。,10.0,1,/uploads/product/cover_15.jpg,ON_SALE,"MEETUP,EXPRESS",2026-08-02 01:49:42,2026-08-14 21:10:42
1195,638,11,图书小说商品_1195,这是一个测试商品，编号1195，属于图书小说分类。,200.0,3,/uploads/product/cover_15.jpg,ON_SALE,MEETUP,2026-08-13 19:08:42,2026-08-15 17:01:42
1196,278,9,游戏动漫商品_1196,这是一个测试商品，编号1196，属于游戏动漫分类。,200.0,3,/uploads/product/cover_3.jpg,ON_SALE,EXPRESS,2026-08-07 13:15:42,2026-08-15 08:10:42
1197,360,13,交通工具商品_1197,这是一个测试商品，编号1197，属于交通工具分类。,30.0,5,/uploads/product/cover_7.jpg,ON_SALE,EXPRESS,2026-08-10 03:45:42,2026-08-12 03:10:42
1198,368,11,图书小说商品_1198,这是一个测试商品，编号1198，属于图书小说分类。,3.0,4,/uploads/product/cover_19.jpg,ON_SALE,EXPRESS,2026-08-12 21:42:42,2026-08-16 14:29:42
1199,907,7,文具办公商品_1199,这是一个测试商品，编号1199，属于文具办公分类。,1.0,3,/uploads/product/cover_15.jpg,ON_SALE,EXPRESS,2026-08-01 15:03:42,2026-08-16 08:22:42
1200,574,15,手工艺品商品_1200,这是一个测试商品，编号1200，属于手工艺品分类。,30.0,1,/uploads/product/cover_17.jpg,ON_SALE,MEETUP,2026-08-14 20:59:42,2026-08-11 23:38:42
1201,75,8,美妆护肤商品_1201,这是一个测试商品，编号1201，属于美妆护肤分类。,5.0,5,/uploads/product/cover_4.jpg,ON_SALE,"MEETUP,EXPRESS",2026-08-03 15:51:42,2026-08-14 06:39:42
1202,261,12,乐器音响商品_1202,这是一个测试商品，编号1202，属于乐器音响分类。,3.0,1,/uploads/product/cover_4.jpg,ON_SALE,EXPRESS,2026-07-31 11:52:42,2026-08-12 04:32:42
1203,820,3,日用百货商品_1203,这是一个测试商品，编号1203，属于日用百货分类。,200.0,3,/uploads/product/cover_16.jpg,ON_SALE,"MEETUP,EXPRESS",2026-07-31 01:01:42,2026-08-13 20:44:42
1204,247,12,乐器音响商品_1204,这是一个测试商品，编号1204，属于乐器音响分类。,25.0,4,/uploads/product/cover_10.jpg,ON_SALE,EXPRESS,2026-08-01 04:55:42,2026-08-16 03:20:42
1205,574,11,图书小说商品_1205,这是一个测试商品，编号1205，属于图书小说分类。,20.0,2,/uploads/product/cover_11.jpg,ON_SALE,"MEETUP,EXPRESS",2026-08-11 07:56:42,2026-08-16 13:50:42
1206,769,14,宠物用品商品_1206,这是一个测试商品，编号1206，属于宠物用品分类。,120.0,1,/uploads/product/cover_18.jpg,ON_SALE,"MEETUP,EXPRESS",2026-08-11 06:25:42,2026-08-12 00:52:42
1207,630,11,图书小说商品_1207,这是一个测试商品，编号1207，属于图书小说分类。,8.0,4,/uploads/product/cover_14.jpg,ON_SALE,EXPRESS,2026-08-16 14:21:42,2026-08-13 06:57:42
1208,737,9,游戏动漫商品_1208,这是一个测试商品，编号1208，属于游戏动漫分类。,80.0,2,/uploads/product/cover_19.jpg,ON_SALE,EXPRESS,2026-08-05 04:51:42,2026-08-13 09:30:42
1209,777,3,日用百货商品_1209,这是一个测试商品，编号1209，属于日用百货分类。,60.0,1,/uploads/product/cover_1.jpg,ON_SALE,"MEETUP,EXPRESS",2026-08-09 21:08:42,2026-08-13 18:02:42
1210,776,8,美妆护肤商品_1210,这是一个测试商品，编号1210，属于美妆护肤分类。,5.0,1,/uploads/product/cover_8.jpg,ON_SALE,MEETUP,2026-07-31 17:22:42,2026-08-11 19:29:42
1211,942,13,交通工具商品_1211,这是一个测试商品，编号1211，属于交通工具分类。,8.0,5,/uploads/product/cover_8.jpg,ON_SALE,"MEETUP,EXPRESS",2026-08-15 03:04:42,2026-08-15 23:59:42
1212,912,4,运动户外商品_1212,这是一个测试商品，编号1212，属于运动户外分类。,60.0,3,/uploads/product/cover_17.jpg,ON_SALE,MEETUP,2026-07-28 14:12:42,2026-08-13 03:09:42
1213,312,8,美妆护肤商品_1213,这是一个测试商品，编号1213，属于美妆护肤分类。,120.0,4,/uploads/product/cover_6.jpg,ON_SALE,EXPRESS,2026-08-03 07:52:42,2026-08-13 09:12:42
1214,885,13,交通工具商品_1214,这是一个测试商品，编号1214，属于交通工具分类。,150.0,3,/uploads/product/cover_13.jpg,ON_SALE,MEETUP,2026-08-02 14:28:42,2026-08-13 06:32:42
1215,694,2,电子数码商品_1215,这是一个测试商品，编号1215，属于电子数码分类。,150.0,5,/uploads/product/cover_17.jpg,ON_SALE,"MEETUP,EXPRESS",2026-07-31 15:27:42,2026-08-12 10:24:42
1216,489,1,教材教辅商品_1216,这是一个测试商品，编号1216，属于教材教辅分类。,2.0,1,/uploads/product/cover_7.jpg,ON_SALE,MEETUP,2026-08-06 14:07:42,2026-08-15 17:44:42
1217,448,7,文具办公商品_1217,这是一个测试商品，编号1217，属于文具办公分类。,50.0,5,/uploads/product/cover_8.jpg,ON_SALE,"MEETUP,EXPRESS",2026-08-10 14:01:42,2026-08-12 20:58:42
1218,262,3,日用百货商品_1218,这是一个测试商品，编号1218，属于日用百货分类。,2.0,3,/uploads/product/cover_15.jpg,ON_SALE,"MEETUP,EXPRESS",2026-08-09 18:16:42,2026-08-16 04:07:42
1219,794,13,交通工具商品_1219,这是一个测试商品，编号1219，属于交通工具分类。,150.0,1,/uploads/product/cover_13.jpg,ON_SALE,"MEETUP,EXPRESS",2026-08-06 16:28:42,2026-08-12 08:46:42
1220,663,5,服装鞋帽商品_1220,这是一个测试商品，编号1220，属于服装鞋帽分类。,30.0,4,/uploads/product/cover_13.jpg,ON_SALE,EXPRESS,2026-08-01 07:48:42,2026-08-15 08:10:42
1221,572,8,美妆护肤商品_1221,这是一个测试商品，编号1221，属于美妆护肤分类。,80.0,5,/uploads/product/cover_19.jpg,ON_SALE,"MEETUP,EXPRESS",2026-08-14 19:04:42,2026-08-14 12:30:42
1222,741,10,家居家电商品_1222,这是一个测试商品，编号1222，属于家居家电分类。,8.0,2,/uploads/product/cover_7.jpg,ON_SALE,"MEETUP,EXPRESS",2026-08-01 05:41:42,2026-08-15 10:47:42
1223,154,6,零食饮料商品_1223,这是一个测试商品，编号1223，属于零食饮料分类。,120.0,4,/uploads/product/cover_6.jpg,ON_SALE,EXPRESS,2026-08-09 04:47:42,2026-08-15 03:12:42
1224,181,6,零食饮料商品_1224,这是一个测试商品，编号1224，属于零食饮料分类。,50.0,5,/uploads/product/cover_7.jpg,ON_SALE,"MEETUP,EXPRESS",2026-08-15 11:04:42,2026-08-14 20:25:42
1225,845,1,教材教辅商品_1225,这是一个测试商品，编号1225，属于教材教辅分类。,10.0,5,/uploads/product/cover_19.jpg,ON_SALE,MEETUP,2026-08-11 22:42:42,2026-08-14 17:42:42
1226,761,1,教材教辅商品_1226,这是一个测试商品，编号1226，属于教材教辅分类。,12.0,3,/uploads/product/cover_7.jpg,ON_SALE,"MEETUP,EXPRESS",2026-08-09 12:12:42,2026-08-15 22:15:42
1227,551,4,运动户外商品_1227,这是一个测试商品，编号1227，属于运动户外分类。,60.0,5,/uploads/product/cover_9.jpg,ON_SALE,MEETUP,2026-08-03 22:06:42,2026-08-16 14:32:42
1228,662,15,手工艺品商品_1228,这是一个测试商品，编号1228，属于手工艺品分类。,25.0,5,/uploads/product/cover_1.jpg,ON_SALE,MEETUP,2026-08-02 11:27:42,2026-08-16 00:22:42
1229,821,13,交通工具商品_1229,这是一个测试商品，编号1229，属于交通工具分类。,2.0,1,/uploads/product/cover_16.jpg,ON_SALE,MEETUP,2026-07-28 21:31:42,2026-08-12 17:58:42
1230,669,5,服装鞋帽商品_1230,这是一个测试商品，编号1230，属于服装鞋帽分类。,3.0,3,/uploads/product/cover_12.jpg,ON_SALE,MEETUP,2026-08-06 19:02:42,2026-08-15 15:32:42
1231,502,13,交通工具商品_1231,这是一个测试商品，编号1231，属于交通工具分类。,120.0,2,/uploads/product/cover_15.jpg,ON_SALE,EXPRESS,2026-08-11 05:37:42,2026-08-16 08:42:42
1232,731,11,图书小说商品_1232,这是一个测试商品，编号1232，属于图书小说分类。,30.0,4,/uploads/product/cover_7.jpg,ON_SALE,EXPRESS,2026-07-28 05:22:42,2026-08-12 07:16:42
1233,210,12,乐器音响商品_1233,这是一个测试商品，编号1233，属于乐器音响分类。,150.0,2,/uploads/product/cover_17.jpg,ON_SALE,EXPRESS,2026-08-09 22:04:42,2026-08-12 17:41:42
1234,618,10,家居家电商品_1234,这是一个测试商品，编号1234，属于家居家电分类。,12.0,5,/uploads/product/cover_15.jpg,ON_SALE,EXPRESS,2026-07-31 12:12:42,2026-08-15 16:11:42
1235,382,4,运动户外商品_1235,这是一个测试商品，编号1235，属于运动户外分类。,5.0,2,/uploads/product/cover_4.jpg,ON_SALE,EXPRESS,2026-07-31 07:07:42,2026-08-11 21:29:42
1236,988,13,交通工具商品_1236,这是一个测试商品，编号1236，属于交通工具分类。,2.0,3,/uploads/product/cover_3.jpg,ON_SALE,EXPRESS,2026-08-16 14:34:42,2026-08-16 06:28:42
1237,445,7,文具办公商品_1237,这是一个测试商品，编号1237，属于文具办公分类。,60.0,1,/uploads/product/cover_13.jpg,ON_SALE,EXPRESS,2026-08-02 11:36:42,2026-08-13 05:25:42
1238,96,14,宠物用品商品_1238,这是一个测试商品，编号1238，属于宠物用品分类。,200.0,5,/uploads/product/cover_19.jpg,ON_SALE,EXPRESS,2026-07-30 05:40:42,2026-08-15 01:18:42
1239,367,15,手工艺品商品_1239,这是一个测试商品，编号1239，属于手工艺品分类。,15.0,1,/uploads/product/cover_8.jpg,ON_SALE,EXPRESS,2026-08-06 13:36:42,2026-08-15 03:31:42
1240,173,2,电子数码商品_1240,这是一个测试商品，编号1240，属于电子数码分类。,30.0,3,/uploads/product/cover_12.jpg,ON_SALE,EXPRESS,2026-08-04 10:57:42,2026-08-13 09:42:42
1241,587,4,运动户外商品_1241,这是一个测试商品，编号1241，属于运动户外分类。,8.0,5,/uploads/product/cover_20.jpg,ON_SALE,MEETUP,2026-07-28 07:57:42,2026-08-12 09:55:42
1242,206,10,家居家电商品_1242,这是一个测试商品，编号1242，属于家居家电分类。,120.0,3,/uploads/product/cover_11.jpg,ON_SALE,EXPRESS,2026-08-07 05:32:42,2026-08-12 21:14:42
1243,377,2,电子数码商品_1243,这是一个测试商品，编号1243，属于电子数码分类。,80.0,4,/uploads/product/cover_2.jpg,ON_SALE,EXPRESS,2026-08-01 12:53:42,2026-08-16 14:08:42
1244,873,1,教材教辅商品_1244,这是一个测试商品，编号1244，属于教材教辅分类。,15.0,2,/uploads/product/cover_15.jpg,ON_SALE,"MEETUP,EXPRESS",2026-08-03 21:31:42,2026-08-14 21:08:42
1245,997,6,零食饮料商品_1245,这是一个测试商品，编号1245，属于零食饮料分类。,50.0,4,/uploads/product/cover_15.jpg,ON_SALE,"MEETUP,EXPRESS",2026-08-11 13:09:42,2026-08-15 08:57:42
1246,518,5,服装鞋帽商品_1246,这是一个测试商品，编号1246，属于服装鞋帽分类。,12.0,5,/uploads/product/cover_7.jpg,ON_SALE,EXPRESS,2026-08-14 05:13:42,2026-08-13 18:04:42
1247,99,1,教材教辅商品_1247,这是一个测试商品，编号1247，属于教材教辅分类。,20.0,5,/uploads/product/cover_1.jpg,ON_SALE,MEETUP,2026-07-30 02:28:42,2026-08-12 19:09:42
1248,24,4,运动户外商品_1248,这是一个测试商品，编号1248，属于运动户外分类。,12.0,2,/uploads/product/cover_14.jpg,ON_SALE,MEETUP,2026-08-07 04:06:42,2026-08-12 00:15:42
1249,708,11,图书小说商品_1249,这是一个测试商品，编号1249，属于图书小说分类。,80.0,4,/uploads/product/cover_17.jpg,ON_SALE,MEETUP,2026-07-28 07:15:42,2026-08-14 16:25:42
1250,442,13,交通工具商品_1250,这是一个测试商品，编号1250，属于交通工具分类。,10.0,5,/uploads/product/cover_1.jpg,ON_SALE,EXPRESS,2026-08-10 03:49:42,2026-08-13 08:57:42
1251,961,11,图书小说商品_1251,这是一个测试商品，编号1251，属于图书小说分类。,2.0,5,/uploads/product/cover_4.jpg,ON_SALE,"MEETUP,EXPRESS",2026-08-07 07:07:42,2026-08-13 11:10:42
1252,279,7,文具办公商品_1252,这是一个测试商品，编号1252，属于文具办公分类。,8.0,5,/uploads/product/cover_10.jpg,ON_SALE,MEETUP,2026-08-01 12:11:42,2026-08-15 01:27:42
1253,787,15,手工艺品商品_1253,这是一个测试商品，编号1253，属于手工艺品分类。,120.0,1,/uploads/product/cover_11.jpg,ON_SALE,"MEETUP,EXPRESS",2026-07-31 00:54:42,2026-08-14 06:28:42
1254,354,9,游戏动漫商品_1254,这是一个测试商品，编号1254，属于游戏动漫分类。,15.0,2,/uploads/product/cover_15.jpg,ON_SALE,EXPRESS,2026-08-06 19:27:42,2026-08-13 16:18:42
1255,542,9,游戏动漫商品_1255,这是一个测试商品，编号1255，属于游戏动漫分类。,120.0,2,/uploads/product/cover_15.jpg,ON_SALE,MEETUP,2026-08-09 10:33:42,2026-08-15 23:03:42
1256,413,6,零食饮料商品_1256,这是一个测试商品，编号1256，属于零食饮料分类。,60.0,5,/uploads/product/cover_7.jpg,ON_SALE,EXPRESS,2026-08-15 06:45:42,2026-08-14 17:46:42
1257,246,9,游戏动漫商品_1257,这是一个测试商品，编号1257，属于游戏动漫分类。,10.0,5,/uploads/product/cover_19.jpg,ON_SALE,EXPRESS,2026-08-04 10:30:42,2026-08-11 22:45:42
1258,272,5,服装鞋帽商品_1258,这是一个测试商品，编号1258，属于服装鞋帽分类。,100.0,2,/uploads/product/cover_12.jpg,ON_SALE,MEETUP,2026-07-31 06:17:42,2026-08-14 13:48:42
1259,192,11,图书小说商品_1259,这是一个测试商品，编号1259，属于图书小说分类。,20.0,3,/uploads/product/cover_13.jpg,ON_SALE,"MEETUP,EXPRESS",2026-08-09 02:27:42,2026-08-16 18:22:42
1260,560,4,运动户外商品_1260,这是一个测试商品，编号1260，属于运动户外分类。,10.0,3,/uploads/product/cover_10.jpg,ON_SALE,MEETUP,2026-07-28 09:31:42,2026-08-13 17:58:42
1261,307,4,运动户外商品_1261,这是一个测试商品，编号1261，属于运动户外分类。,10.0,4,/uploads/product/cover_13.jpg,ON_SALE,MEETUP,2026-08-02 10:26:42,2026-08-12 18:57:42
1262,597,11,图书小说商品_1262,这是一个测试商品，编号1262，属于图书小说分类。,20.0,1,/uploads/product/cover_14.jpg,ON_SALE,"MEETUP,EXPRESS",2026-08-11 13:48:42,2026-08-14 17:07:42
1263,244,12,乐器音响商品_1263,这是一个测试商品，编号1263，属于乐器音响分类。,3.0,3,/uploads/product/cover_12.jpg,ON_SALE,EXPRESS,2026-08-02 20:23:42,2026-08-15 22:19:42
1264,925,1,教材教辅商品_1264,这是一个测试商品，编号1264，属于教材教辅分类。,10.0,3,/uploads/product/cover_4.jpg,ON_SALE,MEETUP,2026-07-30 23:41:42,2026-08-15 12:32:42
1265,135,7,文具办公商品_1265,这是一个测试商品，编号1265，属于文具办公分类。,120.0,4,/uploads/product/cover_1.jpg,ON_SALE,"MEETUP,EXPRESS",2026-08-09 02:35:42,2026-08-13 19:55:42
1266,785,3,日用百货商品_1266,这是一个测试商品，编号1266，属于日用百货分类。,5.0,5,/uploads/product/cover_11.jpg,ON_SALE,MEETUP,2026-08-10 02:55:42,2026-08-16 18:51:42
1267,189,13,交通工具商品_1267,这是一个测试商品，编号1267，属于交通工具分类。,200.0,3,/uploads/product/cover_15.jpg,ON_SALE,"MEETUP,EXPRESS",2026-07-30 15:57:42,2026-08-14 01:52:42
1268,395,10,家居家电商品_1268,这是一个测试商品，编号1268，属于家居家电分类。,15.0,3,/uploads/product/cover_20.jpg,ON_SALE,EXPRESS,2026-07-29 15:43:42,2026-08-12 22:05:42
1269,742,1,教材教辅商品_1269,这是一个测试商品，编号1269，属于教材教辅分类。,2.0,3,/uploads/product/cover_11.jpg,ON_SALE,"MEETUP,EXPRESS",2026-07-29 15:13:42,2026-08-12 11:02:42
1270,951,9,游戏动漫商品_1270,这是一个测试商品，编号1270，属于游戏动漫分类。,8.0,4,/uploads/product/cover_3.jpg,ON_SALE,EXPRESS,2026-08-02 21:24:42,2026-08-16 03:55:42
1271,550,11,图书小说商品_1271,这是一个测试商品，编号1271，属于图书小说分类。,5.0,3,/uploads/product/cover_20.jpg,ON_SALE,"MEETUP,EXPRESS",2026-07-28 12:10:42,2026-08-15 00:57:42
1272,733,1,教材教辅商品_1272,这是一个测试商品，编号1272，属于教材教辅分类。,2.0,4,/uploads/product/cover_4.jpg,ON_SALE,EXPRESS,2026-08-03 16:46:42,2026-08-12 11:42:42
1273,833,2,电子数码商品_1273,这是一个测试商品，编号1273，属于电子数码分类。,30.0,2,/uploads/product/cover_9.jpg,ON_SALE,EXPRESS,2026-08-05 13:47:42,2026-08-16 00:00:42
1274,965,1,教材教辅商品_1274,这是一个测试商品，编号1274，属于教材教辅分类。,150.0,1,/uploads/product/cover_7.jpg,ON_SALE,MEETUP,2026-08-14 03:24:42,2026-08-14 02:20:42
1275,358,3,日用百货商品_1275,这是一个测试商品，编号1275，属于日用百货分类。,3.0,4,/uploads/product/cover_9.jpg,ON_SALE,EXPRESS,2026-08-16 06:30:42,2026-08-16 16:11:42
1276,941,15,手工艺品商品_1276,这是一个测试商品，编号1276，属于手工艺品分类。,50.0,4,/uploads/product/cover_5.jpg,ON_SALE,EXPRESS,2026-08-14 22:41:42,2026-08-16 06:18:42
1277,851,2,电子数码商品_1277,这是一个测试商品，编号1277，属于电子数码分类。,2.0,4,/uploads/product/cover_11.jpg,ON_SALE,MEETUP,2026-08-14 13:48:42,2026-08-16 01:28:42
1278,50,9,游戏动漫商品_1278,这是一个测试商品，编号1278，属于游戏动漫分类。,15.0,1,/uploads/product/cover_4.jpg,ON_SALE,EXPRESS,2026-08-11 21:10:42,2026-08-14 21:16:42
1279,865,4,运动户外商品_1279,这是一个测试商品，编号1279，属于运动户外分类。,100.0,1,/uploads/product/cover_6.jpg,ON_SALE,MEETUP,2026-08-05 00:00:42,2026-08-12 03:18:42
1280,738,1,教材教辅商品_1280,这是一个测试商品，编号1280，属于教材教辅分类。,30.0,4,/uploads/product/cover_5.jpg,ON_SALE,"MEETUP,EXPRESS",2026-08-13 09:03:42,2026-08-13 23:28:42
1281,569,12,乐器音响商品_1281,这是一个测试商品，编号1281，属于乐器音响分类。,60.0,5,/uploads/product/cover_4.jpg,ON_SALE,"MEETUP,EXPRESS",2026-07-28 20:31:42,2026-08-16 00:07:42
1282,415,1,教材教辅商品_1282,这是一个测试商品，编号1282，属于教材教辅分类。,120.0,3,/uploads/product/cover_12.jpg,ON_SALE,"MEETUP,EXPRESS",2026-08-05 13:50:42,2026-08-16 14:07:42
1283,51,13,交通工具商品_1283,这是一个测试商品，编号1283，属于交通工具分类。,80.0,4,/uploads/product/cover_1.jpg,ON_SALE,EXPRESS,2026-08-13 06:05:42,2026-08-14 15:11:42
1284,912,13,交通工具商品_1284,这是一个测试商品，编号1284，属于交通工具分类。,120.0,1,/uploads/product/cover_9.jpg,ON_SALE,MEETUP,2026-08-03 16:59:42,2026-08-11 20:51:42
1285,709,15,手工艺品商品_1285,这是一个测试商品，编号1285，属于手工艺品分类。,25.0,1,/uploads/product/cover_9.jpg,ON_SALE,"MEETUP,EXPRESS",2026-07-30 11:38:42,2026-08-13 00:35:42
1286,270,10,家居家电商品_1286,这是一个测试商品，编号1286，属于家居家电分类。,150.0,3,/uploads/product/cover_1.jpg,ON_SALE,MEETUP,2026-08-16 00:12:42,2026-08-14 02:53:42
1287,424,12,乐器音响商品_1287,这是一个测试商品，编号1287，属于乐器音响分类。,30.0,4,/uploads/product/cover_9.jpg,ON_SALE,MEETUP,2026-08-04 05:17:42,2026-08-12 11:12:42
1288,634,15,手工艺品商品_1288,这是一个测试商品，编号1288，属于手工艺品分类。,120.0,3,/uploads/product/cover_19.jpg,ON_SALE,EXPRESS,2026-08-15 03:39:42,2026-08-14 23:38:42
1289,81,3,日用百货商品_1289,这是一个测试商品，编号1289，属于日用百货分类。,200.0,5,/uploads/product/cover_1.jpg,ON_SALE,MEETUP,2026-07-28 07:26:42,2026-08-13 05:44:42
1290,324,11,图书小说商品_1290,这是一个测试商品，编号1290，属于图书小说分类。,80.0,5,/uploads/product/cover_10.jpg,ON_SALE,MEETUP,2026-08-04 06:17:42,2026-08-15 23:04:42
1291,354,1,教材教辅商品_1291,这是一个测试商品，编号1291，属于教材教辅分类。,80.0,1,/uploads/product/cover_13.jpg,ON_SALE,MEETUP,2026-08-01 14:22:42,2026-08-13 15:25:42
1292,301,15,手工艺品商品_1292,这是一个测试商品，编号1292，属于手工艺品分类。,3.0,5,/uploads/product/cover_11.jpg,ON_SALE,EXPRESS,2026-08-16 14:05:42,2026-08-13 14:17:42
1293,826,7,文具办公商品_1293,这是一个测试商品，编号1293，属于文具办公分类。,12.0,1,/uploads/product/cover_4.jpg,ON_SALE,MEETUP,2026-08-04 14:06:42,2026-08-12 06:28:42
1294,9,5,服装鞋帽商品_1294,这是一个测试商品，编号1294，属于服装鞋帽分类。,80.0,5,/uploads/product/cover_17.jpg,ON_SALE,"MEETUP,EXPRESS",2026-08-08 05:59:42,2026-08-11 22:57:42
1295,647,8,美妆护肤商品_1295,这是一个测试商品，编号1295，属于美妆护肤分类。,8.0,1,/uploads/product/cover_4.jpg,ON_SALE,MEETUP,2026-08-05 06:45:42,2026-08-12 19:24:42
1296,842,1,教材教辅商品_1296,这是一个测试商品，编号1296，属于教材教辅分类。,200.0,2,/uploads/product/cover_3.jpg,ON_SALE,MEETUP,2026-08-01 14:42:42,2026-08-15 20:46:42
1297,331,5,服装鞋帽商品_1297,这是一个测试商品，编号1297，属于服装鞋帽分类。,30.0,2,/uploads/product/cover_7.jpg,ON_SALE,MEETUP,2026-08-12 08:03:42,2026-08-13 17:55:42
1298,534,12,乐器音响商品_1298,这是一个测试商品，编号1298，属于乐器音响分类。,1.0,5,/uploads/product/cover_20.jpg,ON_SALE,MEETUP,2026-07-28 05:59:42,2026-08-16 04:44:42
1299,111,14,宠物用品商品_1299,这是一个测试商品，编号1299，属于宠物用品分类。,2.0,1,/uploads/product/cover_11.jpg,ON_SALE,"MEETUP,EXPRESS",2026-08-15 22:32:42,2026-08-15 08:43:42
1300,786,4,运动户外商品_1300,这是一个测试商品，编号1300，属于运动户外分类。,15.0,1,/uploads/product/cover_17.jpg,ON_SALE,MEETUP,2026-08-05 05:54:42,2026-08-13 23:02:42
1301,639,5,服装鞋帽商品_1301,这是一个测试商品，编号1301，属于服装鞋帽分类。,100.0,2,/uploads/product/cover_8.jpg,ON_SALE,"MEETUP,EXPRESS",2026-08-11 19:10:42,2026-08-16 18:17:42
1302,88,15,手工艺品商品_1302,这是一个测试商品，编号1302，属于手工艺品分类。,30.0,5,/uploads/product/cover_9.jpg,ON_SALE,MEETUP,2026-08-08 19:49:42,2026-08-13 20:14:42
1303,818,5,服装鞋帽商品_1303,这是一个测试商品，编号1303，属于服装鞋帽分类。,15.0,1,/uploads/product/cover_18.jpg,ON_SALE,MEETUP,2026-07-31 11:39:42,2026-08-14 21:02:42
1304,651,15,手工艺品商品_1304,这是一个测试商品，编号1304，属于手工艺品分类。,12.0,4,/uploads/product/cover_19.jpg,ON_SALE,EXPRESS,2026-08-11 20:00:42,2026-08-14 17:07:42
1305,153,15,手工艺品商品_1305,这是一个测试商品，编号1305，属于手工艺品分类。,20.0,1,/uploads/product/cover_14.jpg,ON_SALE,EXPRESS,2026-08-12 11:50:42,2026-08-15 03:16:42
1306,963,2,电子数码商品_1306,这是一个测试商品，编号1306，属于电子数码分类。,60.0,5,/uploads/product/cover_4.jpg,ON_SALE,EXPRESS,2026-08-16 17:04:42,2026-08-12 06:46:42
1307,883,3,日用百货商品_1307,这是一个测试商品，编号1307，属于日用百货分类。,200.0,4,/uploads/product/cover_12.jpg,ON_SALE,MEETUP,2026-07-30 23:07:42,2026-08-13 12:12:42
1308,341,9,游戏动漫商品_1308,这是一个测试商品，编号1308，属于游戏动漫分类。,2.0,4,/uploads/product/cover_15.jpg,ON_SALE,MEETUP,2026-08-05 14:29:42,2026-08-14 20:36:42
1309,515,9,游戏动漫商品_1309,这是一个测试商品，编号1309，属于游戏动漫分类。,60.0,2,/uploads/product/cover_7.jpg,ON_SALE,EXPRESS,2026-07-31 22:46:42,2026-08-14 09:37:42
1310,766,3,日用百货商品_1310,这是一个测试商品，编号1310，属于日用百货分类。,50.0,3,/uploads/product/cover_7.jpg,ON_SALE,MEETUP,2026-08-13 15:58:42,2026-08-13 02:12:42
1311,571,9,游戏动漫商品_1311,这是一个测试商品，编号1311，属于游戏动漫分类。,50.0,1,/uploads/product/cover_11.jpg,ON_SALE,"MEETUP,EXPRESS",2026-08-09 10:34:42,2026-08-14 11:20:42
1312,754,3,日用百货商品_1312,这是一个测试商品，编号1312，属于日用百货分类。,60.0,5,/uploads/product/cover_16.jpg,ON_SALE,"MEETUP,EXPRESS",2026-08-16 10:27:42,2026-08-13 03:28:42
1313,389,12,乐器音响商品_1313,这是一个测试商品，编号1313，属于乐器音响分类。,3.0,1,/uploads/product/cover_18.jpg,ON_SALE,"MEETUP,EXPRESS",2026-07-30 01:24:42,2026-08-14 08:10:42
1314,714,8,美妆护肤商品_1314,这是一个测试商品，编号1314，属于美妆护肤分类。,60.0,1,/uploads/product/cover_5.jpg,ON_SALE,"MEETUP,EXPRESS",2026-08-01 08:42:42,2026-08-15 21:02:42
1315,842,12,乐器音响商品_1315,这是一个测试商品，编号1315，属于乐器音响分类。,80.0,4,/uploads/product/cover_18.jpg,ON_SALE,MEETUP,2026-07-28 12:49:42,2026-08-13 20:47:42
1316,406,2,电子数码商品_1316,这是一个测试商品，编号1316，属于电子数码分类。,30.0,1,/uploads/product/cover_16.jpg,ON_SALE,MEETUP,2026-08-14 10:05:42,2026-08-14 11:55:42
1317,651,1,教材教辅商品_1317,这是一个测试商品，编号1317，属于教材教辅分类。,20.0,4,/uploads/product/cover_3.jpg,ON_SALE,MEETUP,2026-08-07 07:46:42,2026-08-11 23:31:42
1318,954,6,零食饮料商品_1318,这是一个测试商品，编号1318，属于零食饮料分类。,200.0,4,/uploads/product/cover_10.jpg,ON_SALE,MEETUP,2026-08-10 12:51:42,2026-08-11 23:01:42
1319,491,13,交通工具商品_1319,这是一个测试商品，编号1319，属于交通工具分类。,20.0,1,/uploads/product/cover_12.jpg,ON_SALE,"MEETUP,EXPRESS",2026-08-09 10:59:42,2026-08-13 23:56:42
1320,462,10,家居家电商品_1320,这是一个测试商品，编号1320，属于家居家电分类。,50.0,4,/uploads/product/cover_20.jpg,ON_SALE,MEETUP,2026-08-16 16:54:42,2026-08-15 19:42:42
1321,811,4,运动户外商品_1321,这是一个测试商品，编号1321，属于运动户外分类。,200.0,3,/uploads/product/cover_10.jpg,ON_SALE,EXPRESS,2026-07-28 03:32:42,2026-08-11 20:33:42
1322,834,12,乐器音响商品_1322,这是一个测试商品，编号1322，属于乐器音响分类。,120.0,4,/uploads/product/cover_3.jpg,ON_SALE,EXPRESS,2026-07-31 02:23:42,2026-08-16 03:23:42
1323,414,12,乐器音响商品_1323,这是一个测试商品，编号1323，属于乐器音响分类。,10.0,2,/uploads/product/cover_4.jpg,ON_SALE,MEETUP,2026-07-29 00:46:42,2026-08-12 23:39:42
1324,223,7,文具办公商品_1324,这是一个测试商品，编号1324，属于文具办公分类。,12.0,2,/uploads/product/cover_17.jpg,ON_SALE,"MEETUP,EXPRESS",2026-08-01 09:18:42,2026-08-16 12:42:42
1325,121,3,日用百货商品_1325,这是一个测试商品，编号1325，属于日用百货分类。,50.0,2,/uploads/product/cover_8.jpg,ON_SALE,EXPRESS,2026-08-06 10:20:42,2026-08-16 04:55:42
1326,297,4,运动户外商品_1326,这是一个测试商品，编号1326，属于运动户外分类。,12.0,1,/uploads/product/cover_10.jpg,ON_SALE,EXPRESS,2026-07-31 12:04:42,2026-08-13 01:26:42
1327,318,8,美妆护肤商品_1327,这是一个测试商品，编号1327，属于美妆护肤分类。,12.0,4,/uploads/product/cover_9.jpg,ON_SALE,"MEETUP,EXPRESS",2026-08-02 18:41:42,2026-08-13 06:29:42
1328,881,7,文具办公商品_1328,这是一个测试商品，编号1328，属于文具办公分类。,2.0,1,/uploads/product/cover_1.jpg,ON_SALE,EXPRESS,2026-08-02 06:10:42,2026-08-15 13:01:42
1329,563,2,电子数码商品_1329,这是一个测试商品，编号1329，属于电子数码分类。,30.0,2,/uploads/product/cover_18.jpg,ON_SALE,"MEETUP,EXPRESS",2026-08-13 00:02:42,2026-08-15 02:29:42
1330,886,3,日用百货商品_1330,这是一个测试商品，编号1330，属于日用百货分类。,120.0,4,/uploads/product/cover_18.jpg,ON_SALE,MEETUP,2026-08-02 14:28:42,2026-08-13 20:05:42
1331,221,4,运动户外商品_1331,这是一个测试商品，编号1331，属于运动户外分类。,80.0,1,/uploads/product/cover_10.jpg,ON_SALE,EXPRESS,2026-08-04 22:18:42,2026-08-13 00:45:42
1332,679,15,手工艺品商品_1332,这是一个测试商品，编号1332，属于手工艺品分类。,10.0,4,/uploads/product/cover_13.jpg,ON_SALE,EXPRESS,2026-08-04 16:59:42,2026-08-14 01:33:42
1333,238,3,日用百货商品_1333,这是一个测试商品，编号1333，属于日用百货分类。,20.0,2,/uploads/product/cover_9.jpg,ON_SALE,EXPRESS,2026-08-08 12:34:42,2026-08-11 19:38:42
1334,593,2,电子数码商品_1334,这是一个测试商品，编号1334，属于电子数码分类。,120.0,1,/uploads/product/cover_17.jpg,ON_SALE,EXPRESS,2026-08-07 05:33:42,2026-08-16 14:39:42
1335,186,1,教材教辅商品_1335,这是一个测试商品，编号1335，属于教材教辅分类。,20.0,4,/uploads/product/cover_8.jpg,ON_SALE,MEETUP,2026-07-29 21:50:42,2026-08-12 20:54:42
1336,315,12,乐器音响商品_1336,这是一个测试商品，编号1336，属于乐器音响分类。,120.0,2,/uploads/product/cover_13.jpg,ON_SALE,MEETUP,2026-07-31 15:50:42,2026-08-12 19:34:42
1337,594,15,手工艺品商品_1337,这是一个测试商品，编号1337，属于手工艺品分类。,2.0,3,/uploads/product/cover_18.jpg,ON_SALE,EXPRESS,2026-08-04 23:56:42,2026-08-14 13:51:42
1338,638,8,美妆护肤商品_1338,这是一个测试商品，编号1338，属于美妆护肤分类。,100.0,5,/uploads/product/cover_7.jpg,ON_SALE,"MEETUP,EXPRESS",2026-08-10 05:43:42,2026-08-13 08:19:42
1339,509,8,美妆护肤商品_1339,这是一个测试商品，编号1339，属于美妆护肤分类。,50.0,4,/uploads/product/cover_15.jpg,ON_SALE,MEETUP,2026-07-31 03:25:42,2026-08-13 07:19:42
1340,215,13,交通工具商品_1340,这是一个测试商品，编号1340，属于交通工具分类。,2.0,5,/uploads/product/cover_14.jpg,ON_SALE,"MEETUP,EXPRESS",2026-08-10 09:50:42,2026-08-13 10:17:42
1341,75,4,运动户外商品_1341,这是一个测试商品，编号1341，属于运动户外分类。,2.0,5,/uploads/product/cover_1.jpg,ON_SALE,EXPRESS,2026-07-30 09:44:42,2026-08-13 03:01:42
1342,134,4,运动户外商品_1342,这是一个测试商品，编号1342，属于运动户外分类。,80.0,5,/uploads/product/cover_20.jpg,ON_SALE,"MEETUP,EXPRESS",2026-08-01 06:48:42,2026-08-14 18:53:42
1343,97,2,电子数码商品_1343,这是一个测试商品，编号1343，属于电子数码分类。,15.0,2,/uploads/product/cover_20.jpg,ON_SALE,"MEETUP,EXPRESS",2026-08-06 09:22:42,2026-08-16 09:37:42
1344,188,7,文具办公商品_1344,这是一个测试商品，编号1344，属于文具办公分类。,80.0,3,/uploads/product/cover_16.jpg,ON_SALE,EXPRESS,2026-08-11 16:39:42,2026-08-11 23:55:42
1345,90,14,宠物用品商品_1345,这是一个测试商品，编号1345，属于宠物用品分类。,5.0,5,/uploads/product/cover_13.jpg,ON_SALE,"MEETUP,EXPRESS",2026-08-04 10:03:42,2026-08-12 20:17:42
1346,19,14,宠物用品商品_1346,这是一个测试商品，编号1346，属于宠物用品分类。,200.0,5,/uploads/product/cover_19.jpg,ON_SALE,"MEETUP,EXPRESS",2026-08-06 03:41:42,2026-08-11 20:56:42
1347,28,8,美妆护肤商品_1347,这是一个测试商品，编号1347，属于美妆护肤分类。,3.0,5,/uploads/product/cover_19.jpg,ON_SALE,MEETUP,2026-08-01 21:41:42,2026-08-13 04:44:42
1348,38,2,电子数码商品_1348,这是一个测试商品，编号1348，属于电子数码分类。,3.0,1,/uploads/product/cover_6.jpg,ON_SALE,"MEETUP,EXPRESS",2026-08-02 13:28:42,2026-08-14 11:12:42
1349,178,6,零食饮料商品_1349,这是一个测试商品，编号1349，属于零食饮料分类。,10.0,5,/uploads/product/cover_13.jpg,ON_SALE,EXPRESS,2026-07-29 04:45:42,2026-08-14 07:16:42
1350,481,11,图书小说商品_1350,这是一个测试商品，编号1350，属于图书小说分类。,20.0,3,/uploads/product/cover_12.jpg,ON_SALE,EXPRESS,2026-08-01 23:43:42,2026-08-15 03:26:42
1351,8,2,电子数码商品_1351,这是一个测试商品，编号1351，属于电子数码分类。,20.0,3,/uploads/product/cover_10.jpg,ON_SALE,EXPRESS,2026-07-28 15:02:42,2026-08-12 21:24:42
1352,211,12,乐器音响商品_1352,这是一个测试商品，编号1352，属于乐器音响分类。,50.0,4,/uploads/product/cover_1.jpg,ON_SALE,EXPRESS,2026-08-03 02:34:42,2026-08-13 02:20:42
1353,705,14,宠物用品商品_1353,这是一个测试商品，编号1353，属于宠物用品分类。,120.0,5,/uploads/product/cover_14.jpg,ON_SALE,"MEETUP,EXPRESS",2026-08-15 02:34:42,2026-08-12 03:43:42
1354,965,9,游戏动漫商品_1354,这是一个测试商品，编号1354，属于游戏动漫分类。,2.0,4,/uploads/product/cover_16.jpg,ON_SALE,EXPRESS,2026-08-07 12:11:42,2026-08-15 05:38:42
1355,279,1,教材教辅商品_1355,这是一个测试商品，编号1355，属于教材教辅分类。,25.0,2,/uploads/product/cover_13.jpg,ON_SALE,"MEETUP,EXPRESS",2026-08-12 03:30:42,2026-08-12 21:28:42
1356,907,10,家居家电商品_1356,这是一个测试商品，编号1356，属于家居家电分类。,2.0,4,/uploads/product/cover_9.jpg,ON_SALE,EXPRESS,2026-08-06 02:27:42,2026-08-13 06:16:42
1357,266,8,美妆护肤商品_1357,这是一个测试商品，编号1357，属于美妆护肤分类。,150.0,1,/uploads/product/cover_12.jpg,ON_SALE,MEETUP,2026-08-09 10:01:42,2026-08-13 10:00:42
1358,328,12,乐器音响商品_1358,这是一个测试商品，编号1358，属于乐器音响分类。,10.0,2,/uploads/product/cover_9.jpg,ON_SALE,"MEETUP,EXPRESS",2026-08-05 11:27:42,2026-08-13 13:17:42
1359,663,9,游戏动漫商品_1359,这是一个测试商品，编号1359，属于游戏动漫分类。,5.0,3,/uploads/product/cover_17.jpg,ON_SALE,EXPRESS,2026-08-04 07:59:42,2026-08-14 22:16:42
1360,265,15,手工艺品商品_1360,这是一个测试商品，编号1360，属于手工艺品分类。,1.0,1,/uploads/product/cover_8.jpg,ON_SALE,MEETUP,2026-08-05 10:20:42,2026-08-16 03:22:42
1361,8,4,运动户外商品_1361,这是一个测试商品，编号1361，属于运动户外分类。,2.0,5,/uploads/product/cover_7.jpg,ON_SALE,"MEETUP,EXPRESS",2026-07-30 06:56:42,2026-08-13 00:43:42
1362,192,4,运动户外商品_1362,这是一个测试商品，编号1362，属于运动户外分类。,20.0,4,/uploads/product/cover_20.jpg,ON_SALE,MEETUP,2026-08-06 19:22:42,2026-08-15 19:57:42
1363,284,8,美妆护肤商品_1363,这是一个测试商品，编号1363，属于美妆护肤分类。,5.0,2,/uploads/product/cover_15.jpg,ON_SALE,"MEETUP,EXPRESS",2026-08-15 10:50:42,2026-08-14 18:09:42
1364,902,4,运动户外商品_1364,这是一个测试商品，编号1364，属于运动户外分类。,3.0,2,/uploads/product/cover_9.jpg,ON_SALE,"MEETUP,EXPRESS",2026-08-06 15:53:42,2026-08-15 05:32:42
1365,529,14,宠物用品商品_1365,这是一个测试商品，编号1365，属于宠物用品分类。,100.0,5,/uploads/product/cover_15.jpg,ON_SALE,EXPRESS,2026-07-29 05:42:42,2026-08-15 08:56:42
1366,405,5,服装鞋帽商品_1366,这是一个测试商品，编号1366，属于服装鞋帽分类。,12.0,4,/uploads/product/cover_9.jpg,ON_SALE,EXPRESS,2026-08-04 05:08:42,2026-08-16 11:42:42
1367,872,15,手工艺品商品_1367,这是一个测试商品，编号1367，属于手工艺品分类。,30.0,4,/uploads/product/cover_7.jpg,ON_SALE,EXPRESS,2026-07-28 03:39:42,2026-08-16 08:17:42
1368,151,12,乐器音响商品_1368,这是一个测试商品，编号1368，属于乐器音响分类。,10.0,5,/uploads/product/cover_10.jpg,ON_SALE,"MEETUP,EXPRESS",2026-08-15 16:54:42,2026-08-14 22:24:42
1369,447,8,美妆护肤商品_1369,这是一个测试商品，编号1369，属于美妆护肤分类。,10.0,5,/uploads/product/cover_4.jpg,ON_SALE,EXPRESS,2026-07-28 08:48:42,2026-08-13 09:22:42
1370,269,8,美妆护肤商品_1370,这是一个测试商品，编号1370，属于美妆护肤分类。,12.0,5,/uploads/product/cover_16.jpg,ON_SALE,"MEETUP,EXPRESS",2026-07-31 12:40:42,2026-08-16 05:50:42
1371,270,4,运动户外商品_1371,这是一个测试商品，编号1371，属于运动户外分类。,150.0,3,/uploads/product/cover_15.jpg,ON_SALE,EXPRESS,2026-08-05 10:10:42,2026-08-13 02:18:42
1372,216,1,教材教辅商品_1372,这是一个测试商品，编号1372，属于教材教辅分类。,1.0,3,/uploads/product/cover_6.jpg,ON_SALE,MEETUP,2026-08-15 13:07:42,2026-08-13 18:09:42
1373,414,8,美妆护肤商品_1373,这是一个测试商品，编号1373，属于美妆护肤分类。,60.0,3,/uploads/product/cover_14.jpg,ON_SALE,MEETUP,2026-08-15 03:50:42,2026-08-11 21:48:42
1374,965,10,家居家电商品_1374,这是一个测试商品，编号1374，属于家居家电分类。,50.0,2,/uploads/product/cover_8.jpg,ON_SALE,EXPRESS,2026-08-04 15:00:42,2026-08-15 00:48:42
1375,131,8,美妆护肤商品_1375,这是一个测试商品，编号1375，属于美妆护肤分类。,80.0,4,/uploads/product/cover_9.jpg,ON_SALE,MEETUP,2026-07-27 22:18:42,2026-08-12 09:12:42
1376,105,15,手工艺品商品_1376,这是一个测试商品，编号1376，属于手工艺品分类。,80.0,2,/uploads/product/cover_16.jpg,ON_SALE,MEETUP,2026-07-31 04:55:42,2026-08-13 20:23:42
1377,798,8,美妆护肤商品_1377,这是一个测试商品，编号1377，属于美妆护肤分类。,5.0,5,/uploads/product/cover_3.jpg,ON_SALE,"MEETUP,EXPRESS",2026-08-03 22:32:42,2026-08-16 18:03:42
1378,438,1,教材教辅商品_1378,这是一个测试商品，编号1378，属于教材教辅分类。,150.0,4,/uploads/product/cover_2.jpg,ON_SALE,MEETUP,2026-07-31 12:07:42,2026-08-11 21:14:42
1379,309,9,游戏动漫商品_1379,这是一个测试商品，编号1379，属于游戏动漫分类。,12.0,3,/uploads/product/cover_17.jpg,ON_SALE,"MEETUP,EXPRESS",2026-08-16 11:39:42,2026-08-12 07:26:42
1380,219,15,手工艺品商品_1380,这是一个测试商品，编号1380，属于手工艺品分类。,8.0,3,/uploads/product/cover_10.jpg,ON_SALE,EXPRESS,2026-08-16 08:59:42,2026-08-13 23:47:42
1381,491,9,游戏动漫商品_1381,这是一个测试商品，编号1381，属于游戏动漫分类。,50.0,1,/uploads/product/cover_20.jpg,ON_SALE,"MEETUP,EXPRESS",2026-08-10 15:00:42,2026-08-13 01:00:42
1382,839,4,运动户外商品_1382,这是一个测试商品，编号1382，属于运动户外分类。,60.0,4,/uploads/product/cover_9.jpg,ON_SALE,"MEETUP,EXPRESS",2026-08-14 05:24:42,2026-08-12 08:08:42
1383,640,14,宠物用品商品_1383,这是一个测试商品，编号1383，属于宠物用品分类。,60.0,3,/uploads/product/cover_9.jpg,ON_SALE,MEETUP,2026-08-15 01:20:42,2026-08-12 08:08:42
1384,602,1,教材教辅商品_1384,这是一个测试商品，编号1384，属于教材教辅分类。,80.0,2,/uploads/product/cover_6.jpg,ON_SALE,EXPRESS,2026-08-15 04:15:42,2026-08-14 05:55:42
1385,866,3,日用百货商品_1385,这是一个测试商品，编号1385，属于日用百货分类。,1.0,4,/uploads/product/cover_20.jpg,ON_SALE,EXPRESS,2026-08-15 15:08:42,2026-08-14 13:42:42
1386,854,15,手工艺品商品_1386,这是一个测试商品，编号1386，属于手工艺品分类。,10.0,2,/uploads/product/cover_20.jpg,ON_SALE,EXPRESS,2026-07-28 06:31:42,2026-08-15 11:54:42
1387,983,15,手工艺品商品_1387,这是一个测试商品，编号1387，属于手工艺品分类。,50.0,2,/uploads/product/cover_12.jpg,ON_SALE,MEETUP,2026-08-05 10:55:42,2026-08-15 18:27:42
1388,612,13,交通工具商品_1388,这是一个测试商品，编号1388，属于交通工具分类。,20.0,3,/uploads/product/cover_9.jpg,ON_SALE,"MEETUP,EXPRESS",2026-08-10 21:26:42,2026-08-15 13:54:42
1389,121,14,宠物用品商品_1389,这是一个测试商品，编号1389，属于宠物用品分类。,30.0,5,/uploads/product/cover_12.jpg,ON_SALE,"MEETUP,EXPRESS",2026-08-14 00:57:42,2026-08-14 18:54:42
1390,300,4,运动户外商品_1390,这是一个测试商品，编号1390，属于运动户外分类。,30.0,1,/uploads/product/cover_18.jpg,ON_SALE,"MEETUP,EXPRESS",2026-08-14 20:01:42,2026-08-13 02:47:42
1391,828,5,服装鞋帽商品_1391,这是一个测试商品，编号1391，属于服装鞋帽分类。,10.0,5,/uploads/product/cover_4.jpg,ON_SALE,EXPRESS,2026-08-15 00:40:42,2026-08-16 07:36:42
1392,544,12,乐器音响商品_1392,这是一个测试商品，编号1392，属于乐器音响分类。,200.0,4,/uploads/product/cover_7.jpg,ON_SALE,EXPRESS,2026-08-05 04:07:42,2026-08-12 23:27:42
1393,907,10,家居家电商品_1393,这是一个测试商品，编号1393，属于家居家电分类。,80.0,5,/uploads/product/cover_5.jpg,ON_SALE,MEETUP,2026-08-05 22:12:42,2026-08-14 11:22:42
1394,850,6,零食饮料商品_1394,这是一个测试商品，编号1394，属于零食饮料分类。,20.0,1,/uploads/product/cover_18.jpg,ON_SALE,"MEETUP,EXPRESS",2026-08-01 14:00:42,2026-08-15 02:00:42
1395,142,15,手工艺品商品_1395,这是一个测试商品，编号1395，属于手工艺品分类。,8.0,3,/uploads/product/cover_5.jpg,ON_SALE,EXPRESS,2026-08-05 15:23:42,2026-08-14 13:00:42
1396,372,11,图书小说商品_1396,这是一个测试商品，编号1396，属于图书小说分类。,2.0,4,/uploads/product/cover_14.jpg,ON_SALE,EXPRESS,2026-07-30 21:09:42,2026-08-16 07:58:42
1397,347,4,运动户外商品_1397,这是一个测试商品，编号1397，属于运动户外分类。,10.0,1,/uploads/product/cover_17.jpg,ON_SALE,"MEETUP,EXPRESS",2026-07-29 05:09:42,2026-08-12 08:01:42
1398,311,12,乐器音响商品_1398,这是一个测试商品，编号1398，属于乐器音响分类。,150.0,5,/uploads/product/cover_15.jpg,ON_SALE,MEETUP,2026-08-12 21:04:42,2026-08-14 18:03:42
1399,726,9,游戏动漫商品_1399,这是一个测试商品，编号1399，属于游戏动漫分类。,200.0,5,/uploads/product/cover_10.jpg,ON_SALE,EXPRESS,2026-08-12 20:01:42,2026-08-13 19:54:42
1400,523,11,图书小说商品_1400,这是一个测试商品，编号1400，属于图书小说分类。,30.0,3,/uploads/product/cover_10.jpg,ON_SALE,MEETUP,2026-08-07 17:40:42,2026-08-14 18:27:42
1401,956,10,家居家电商品_1401,这是一个测试商品，编号1401，属于家居家电分类。,8.0,3,/uploads/product/cover_12.jpg,ON_SALE,MEETUP,2026-07-27 20:04:42,2026-08-15 07:00:42
1402,341,9,游戏动漫商品_1402,这是一个测试商品，编号1402，属于游戏动漫分类。,60.0,1,/uploads/product/cover_2.jpg,ON_SALE,EXPRESS,2026-08-11 21:46:42,2026-08-13 04:06:42
1403,338,8,美妆护肤商品_1403,这是一个测试商品，编号1403，属于美妆护肤分类。,200.0,4,/uploads/product/cover_16.jpg,ON_SALE,MEETUP,2026-08-08 07:19:42,2026-08-15 07:37:42
1404,901,3,日用百货商品_1404,这是一个测试商品，编号1404，属于日用百货分类。,20.0,2,/uploads/product/cover_17.jpg,ON_SALE,MEETUP,2026-08-12 09:08:42,2026-08-12 11:25:42
1405,611,10,家居家电商品_1405,这是一个测试商品，编号1405，属于家居家电分类。,25.0,1,/uploads/product/cover_1.jpg,ON_SALE,MEETUP,2026-08-14 20:37:42,2026-08-14 07:17:42
1406,292,14,宠物用品商品_1406,这是一个测试商品，编号1406，属于宠物用品分类。,120.0,3,/uploads/product/cover_19.jpg,ON_SALE,EXPRESS,2026-08-03 03:58:42,2026-08-13 19:01:42
1407,915,7,文具办公商品_1407,这是一个测试商品，编号1407，属于文具办公分类。,20.0,4,/uploads/product/cover_5.jpg,ON_SALE,"MEETUP,EXPRESS",2026-07-29 08:05:42,2026-08-12 21:01:42
1408,501,3,日用百货商品_1408,这是一个测试商品，编号1408，属于日用百货分类。,20.0,3,/uploads/product/cover_12.jpg,ON_SALE,EXPRESS,2026-08-09 07:58:42,2026-08-16 13:06:42
1409,462,8,美妆护肤商品_1409,这是一个测试商品，编号1409，属于美妆护肤分类。,8.0,3,/uploads/product/cover_20.jpg,ON_SALE,EXPRESS,2026-08-16 06:36:42,2026-08-16 13:57:42
1410,795,8,美妆护肤商品_1410,这是一个测试商品，编号1410，属于美妆护肤分类。,30.0,2,/uploads/product/cover_16.jpg,ON_SALE,MEETUP,2026-08-05 12:04:42,2026-08-16 09:03:42
1411,377,12,乐器音响商品_1411,这是一个测试商品，编号1411，属于乐器音响分类。,20.0,2,/uploads/product/cover_9.jpg,ON_SALE,"MEETUP,EXPRESS",2026-07-31 22:03:42,2026-08-16 17:34:42
1412,290,6,零食饮料商品_1412,这是一个测试商品，编号1412，属于零食饮料分类。,2.0,5,/uploads/product/cover_8.jpg,ON_SALE,MEETUP,2026-08-05 07:16:42,2026-08-14 06:56:42
1413,446,2,电子数码商品_1413,这是一个测试商品，编号1413，属于电子数码分类。,50.0,4,/uploads/product/cover_18.jpg,ON_SALE,EXPRESS,2026-08-10 12:32:42,2026-08-12 20:00:42
1414,783,7,文具办公商品_1414,这是一个测试商品，编号1414，属于文具办公分类。,8.0,5,/uploads/product/cover_2.jpg,ON_SALE,EXPRESS,2026-07-28 07:07:42,2026-08-16 09:04:42
1415,762,1,教材教辅商品_1415,这是一个测试商品，编号1415，属于教材教辅分类。,15.0,5,/uploads/product/cover_14.jpg,ON_SALE,EXPRESS,2026-08-15 09:43:42,2026-08-16 03:50:42
1416,380,11,图书小说商品_1416,这是一个测试商品，编号1416，属于图书小说分类。,1.0,4,/uploads/product/cover_18.jpg,ON_SALE,MEETUP,2026-08-11 16:15:42,2026-08-12 04:18:42
1417,238,7,文具办公商品_1417,这是一个测试商品，编号1417，属于文具办公分类。,100.0,5,/uploads/product/cover_13.jpg,ON_SALE,"MEETUP,EXPRESS",2026-07-27 21:40:42,2026-08-15 21:12:42
1418,431,9,游戏动漫商品_1418,这是一个测试商品，编号1418，属于游戏动漫分类。,10.0,5,/uploads/product/cover_17.jpg,ON_SALE,EXPRESS,2026-07-30 07:14:42,2026-08-16 16:53:42
1419,378,13,交通工具商品_1419,这是一个测试商品，编号1419，属于交通工具分类。,2.0,5,/uploads/product/cover_7.jpg,ON_SALE,EXPRESS,2026-08-14 16:49:42,2026-08-14 12:44:42
1420,45,7,文具办公商品_1420,这是一个测试商品，编号1420，属于文具办公分类。,50.0,3,/uploads/product/cover_2.jpg,ON_SALE,"MEETUP,EXPRESS",2026-07-27 20:43:42,2026-08-14 20:42:42
1421,964,4,运动户外商品_1421,这是一个测试商品，编号1421，属于运动户外分类。,8.0,4,/uploads/product/cover_19.jpg,ON_SALE,"MEETUP,EXPRESS",2026-08-11 18:13:42,2026-08-15 01:20:42
1422,652,9,游戏动漫商品_1422,这是一个测试商品，编号1422，属于游戏动漫分类。,12.0,2,/uploads/product/cover_3.jpg,ON_SALE,EXPRESS,2026-07-29 23:42:42,2026-08-12 09:37:42
1423,976,9,游戏动漫商品_1423,这是一个测试商品，编号1423，属于游戏动漫分类。,12.0,1,/uploads/product/cover_14.jpg,ON_SALE,MEETUP,2026-08-03 06:40:42,2026-08-14 14:08:42
1424,9,4,运动户外商品_1424,这是一个测试商品，编号1424，属于运动户外分类。,120.0,3,/uploads/product/cover_17.jpg,ON_SALE,EXPRESS,2026-08-14 13:37:42,2026-08-14 19:06:42
1425,415,5,服装鞋帽商品_1425,这是一个测试商品，编号1425，属于服装鞋帽分类。,8.0,4,/uploads/product/cover_9.jpg,ON_SALE,"MEETUP,EXPRESS",2026-08-03 09:38:42,2026-08-16 10:26:42
1426,664,4,运动户外商品_1426,这是一个测试商品，编号1426，属于运动户外分类。,120.0,2,/uploads/product/cover_16.jpg,ON_SALE,EXPRESS,2026-08-03 05:40:42,2026-08-12 23:05:42
1427,667,9,游戏动漫商品_1427,这是一个测试商品，编号1427，属于游戏动漫分类。,1.0,1,/uploads/product/cover_18.jpg,ON_SALE,MEETUP,2026-08-02 09:38:42,2026-08-12 00:45:42
1428,319,9,游戏动漫商品_1428,这是一个测试商品，编号1428，属于游戏动漫分类。,3.0,4,/uploads/product/cover_3.jpg,ON_SALE,MEETUP,2026-08-08 06:03:42,2026-08-12 12:05:42
1429,583,4,运动户外商品_1429,这是一个测试商品，编号1429，属于运动户外分类。,1.0,1,/uploads/product/cover_11.jpg,ON_SALE,MEETUP,2026-08-03 06:36:42,2026-08-15 12:16:42
1430,286,3,日用百货商品_1430,这是一个测试商品，编号1430，属于日用百货分类。,5.0,4,/uploads/product/cover_19.jpg,ON_SALE,"MEETUP,EXPRESS",2026-07-30 00:04:42,2026-08-13 10:06:42
1431,979,7,文具办公商品_1431,这是一个测试商品，编号1431，属于文具办公分类。,3.0,4,/uploads/product/cover_17.jpg,ON_SALE,"MEETUP,EXPRESS",2026-08-12 21:21:42,2026-08-15 14:19:42
1432,801,4,运动户外商品_1432,这是一个测试商品，编号1432，属于运动户外分类。,30.0,2,/uploads/product/cover_9.jpg,ON_SALE,MEETUP,2026-07-30 03:47:42,2026-08-15 17:41:42
1433,479,4,运动户外商品_1433,这是一个测试商品，编号1433，属于运动户外分类。,80.0,4,/uploads/product/cover_18.jpg,ON_SALE,MEETUP,2026-08-15 06:12:42,2026-08-16 12:23:42
1434,424,15,手工艺品商品_1434,这是一个测试商品，编号1434，属于手工艺品分类。,25.0,3,/uploads/product/cover_17.jpg,ON_SALE,MEETUP,2026-08-01 02:40:42,2026-08-16 10:05:42
1435,338,10,家居家电商品_1435,这是一个测试商品，编号1435，属于家居家电分类。,1.0,4,/uploads/product/cover_11.jpg,ON_SALE,EXPRESS,2026-08-01 21:30:42,2026-08-14 04:23:42
1436,395,11,图书小说商品_1436,这是一个测试商品，编号1436，属于图书小说分类。,120.0,1,/uploads/product/cover_2.jpg,ON_SALE,MEETUP,2026-08-06 16:01:42,2026-08-15 06:15:42
1437,767,11,图书小说商品_1437,这是一个测试商品，编号1437，属于图书小说分类。,25.0,4,/uploads/product/cover_9.jpg,ON_SALE,EXPRESS,2026-08-07 23:39:42,2026-08-15 04:57:42
1438,230,8,美妆护肤商品_1438,这是一个测试商品，编号1438，属于美妆护肤分类。,50.0,1,/uploads/product/cover_12.jpg,ON_SALE,MEETUP,2026-08-13 10:28:42,2026-08-14 11:59:42
1439,258,3,日用百货商品_1439,这是一个测试商品，编号1439，属于日用百货分类。,150.0,1,/uploads/product/cover_2.jpg,ON_SALE,MEETUP,2026-08-12 16:12:42,2026-08-12 05:27:42
1440,257,12,乐器音响商品_1440,这是一个测试商品，编号1440，属于乐器音响分类。,12.0,1,/uploads/product/cover_12.jpg,ON_SALE,"MEETUP,EXPRESS",2026-08-15 11:35:42,2026-08-15 22:19:42
1441,95,6,零食饮料商品_1441,这是一个测试商品，编号1441，属于零食饮料分类。,60.0,1,/uploads/product/cover_11.jpg,ON_SALE,MEETUP,2026-08-04 22:49:42,2026-08-15 11:35:42
1442,901,6,零食饮料商品_1442,这是一个测试商品，编号1442，属于零食饮料分类。,120.0,1,/uploads/product/cover_18.jpg,ON_SALE,"MEETUP,EXPRESS",2026-08-08 11:57:42,2026-08-15 13:10:42
1443,577,14,宠物用品商品_1443,这是一个测试商品，编号1443，属于宠物用品分类。,60.0,4,/uploads/product/cover_14.jpg,ON_SALE,MEETUP,2026-08-10 13:01:42,2026-08-12 21:18:42
1444,709,13,交通工具商品_1444,这是一个测试商品，编号1444，属于交通工具分类。,10.0,3,/uploads/product/cover_5.jpg,ON_SALE,"MEETUP,EXPRESS",2026-08-10 01:49:42,2026-08-16 06:53:42
1445,943,10,家居家电商品_1445,这是一个测试商品，编号1445，属于家居家电分类。,60.0,1,/uploads/product/cover_16.jpg,ON_SALE,"MEETUP,EXPRESS",2026-08-15 07:46:42,2026-08-14 23:50:42
1446,542,6,零食饮料商品_1446,这是一个测试商品，编号1446，属于零食饮料分类。,150.0,4,/uploads/product/cover_10.jpg,ON_SALE,EXPRESS,2026-08-03 07:16:42,2026-08-12 18:34:42
1447,868,8,美妆护肤商品_1447,这是一个测试商品，编号1447，属于美妆护肤分类。,30.0,1,/uploads/product/cover_6.jpg,ON_SALE,MEETUP,2026-07-27 23:28:42,2026-08-16 15:04:42
1448,297,6,零食饮料商品_1448,这是一个测试商品，编号1448，属于零食饮料分类。,80.0,5,/uploads/product/cover_7.jpg,ON_SALE,"MEETUP,EXPRESS",2026-08-07 18:15:42,2026-08-13 03:09:42
1449,919,2,电子数码商品_1449,这是一个测试商品，编号1449，属于电子数码分类。,2.0,2,/uploads/product/cover_2.jpg,ON_SALE,MEETUP,2026-08-14 18:17:42,2026-08-15 14:49:42
1450,412,10,家居家电商品_1450,这是一个测试商品，编号1450，属于家居家电分类。,120.0,4,/uploads/product/cover_10.jpg,ON_SALE,MEETUP,2026-08-10 04:48:42,2026-08-14 04:40:42
1451,990,1,教材教辅商品_1451,这是一个测试商品，编号1451，属于教材教辅分类。,30.0,3,/uploads/product/cover_8.jpg,ON_SALE,"MEETUP,EXPRESS",2026-07-28 14:27:42,2026-08-14 11:04:42
1452,90,7,文具办公商品_1452,这是一个测试商品，编号1452，属于文具办公分类。,50.0,4,/uploads/product/cover_14.jpg,ON_SALE,MEETUP,2026-08-04 17:44:42,2026-08-15 12:30:42
1453,89,6,零食饮料商品_1453,这是一个测试商品，编号1453，属于零食饮料分类。,8.0,3,/uploads/product/cover_17.jpg,ON_SALE,"MEETUP,EXPRESS",2026-08-03 14:39:42,2026-08-13 08:34:42
1454,347,7,文具办公商品_1454,这是一个测试商品，编号1454，属于文具办公分类。,30.0,4,/uploads/product/cover_5.jpg,ON_SALE,"MEETUP,EXPRESS",2026-08-09 06:15:42,2026-08-12 19:52:42
1455,148,12,乐器音响商品_1455,这是一个测试商品，编号1455，属于乐器音响分类。,12.0,3,/uploads/product/cover_4.jpg,ON_SALE,"MEETUP,EXPRESS",2026-08-16 06:58:42,2026-08-13 01:24:42
1456,43,10,家居家电商品_1456,这是一个测试商品，编号1456，属于家居家电分类。,8.0,1,/uploads/product/cover_11.jpg,ON_SALE,MEETUP,2026-08-14 16:44:42,2026-08-15 20:22:42
1457,94,8,美妆护肤商品_1457,这是一个测试商品，编号1457，属于美妆护肤分类。,3.0,5,/uploads/product/cover_7.jpg,ON_SALE,"MEETUP,EXPRESS",2026-08-09 07:04:42,2026-08-15 00:04:42
1458,236,1,教材教辅商品_1458,这是一个测试商品，编号1458，属于教材教辅分类。,100.0,3,/uploads/product/cover_9.jpg,ON_SALE,EXPRESS,2026-08-06 19:18:42,2026-08-14 16:00:42
1459,892,6,零食饮料商品_1459,这是一个测试商品，编号1459，属于零食饮料分类。,8.0,4,/uploads/product/cover_2.jpg,ON_SALE,MEETUP,2026-07-29 09:43:42,2026-08-15 15:10:42
1460,541,1,教材教辅商品_1460,这是一个测试商品，编号1460，属于教材教辅分类。,100.0,2,/uploads/product/cover_9.jpg,ON_SALE,"MEETUP,EXPRESS",2026-08-03 21:39:42,2026-08-12 19:22:42
1461,803,11,图书小说商品_1461,这是一个测试商品，编号1461，属于图书小说分类。,1.0,3,/uploads/product/cover_4.jpg,ON_SALE,EXPRESS,2026-08-16 14:09:42,2026-08-16 09:51:42
1462,877,6,零食饮料商品_1462,这是一个测试商品，编号1462，属于零食饮料分类。,15.0,3,/uploads/product/cover_18.jpg,ON_SALE,EXPRESS,2026-08-15 08:49:42,2026-08-15 23:41:42
1463,195,7,文具办公商品_1463,这是一个测试商品，编号1463，属于文具办公分类。,200.0,3,/uploads/product/cover_8.jpg,ON_SALE,"MEETUP,EXPRESS",2026-08-03 12:07:42,2026-08-15 18:35:42
1464,494,12,乐器音响商品_1464,这是一个测试商品，编号1464，属于乐器音响分类。,2.0,3,/uploads/product/cover_7.jpg,ON_SALE,MEETUP,2026-08-15 18:19:42,2026-08-12 09:48:42
1465,416,4,运动户外商品_1465,这是一个测试商品，编号1465，属于运动户外分类。,150.0,4,/uploads/product/cover_15.jpg,ON_SALE,"MEETUP,EXPRESS",2026-08-12 15:05:42,2026-08-13 18:02:42
1466,990,8,美妆护肤商品_1466,这是一个测试商品，编号1466，属于美妆护肤分类。,150.0,1,/uploads/product/cover_4.jpg,ON_SALE,"MEETUP,EXPRESS",2026-08-05 20:11:42,2026-08-12 13:20:42
1467,921,14,宠物用品商品_1467,这是一个测试商品，编号1467，属于宠物用品分类。,100.0,2,/uploads/product/cover_19.jpg,ON_SALE,EXPRESS,2026-08-01 16:27:42,2026-08-12 07:31:42
1468,542,8,美妆护肤商品_1468,这是一个测试商品，编号1468，属于美妆护肤分类。,20.0,4,/uploads/product/cover_20.jpg,ON_SALE,MEETUP,2026-08-05 17:33:42,2026-08-12 15:24:42
1469,975,12,乐器音响商品_1469,这是一个测试商品，编号1469，属于乐器音响分类。,100.0,5,/uploads/product/cover_8.jpg,ON_SALE,"MEETUP,EXPRESS",2026-08-14 17:12:42,2026-08-13 19:32:42
1470,914,13,交通工具商品_1470,这是一个测试商品，编号1470，属于交通工具分类。,15.0,4,/uploads/product/cover_20.jpg,ON_SALE,EXPRESS,2026-08-10 11:10:42,2026-08-16 03:18:42
1471,217,5,服装鞋帽商品_1471,这是一个测试商品，编号1471，属于服装鞋帽分类。,3.0,4,/uploads/product/cover_1.jpg,ON_SALE,EXPRESS,2026-07-27 20:03:42,2026-08-13 19:36:42
1472,45,6,零食饮料商品_1472,这是一个测试商品，编号1472，属于零食饮料分类。,3.0,3,/uploads/product/cover_12.jpg,ON_SALE,"MEETUP,EXPRESS",2026-08-06 00:43:42,2026-08-14 04:54:42
1473,680,14,宠物用品商品_1473,这是一个测试商品，编号1473，属于宠物用品分类。,25.0,4,/uploads/product/cover_12.jpg,ON_SALE,"MEETUP,EXPRESS",2026-07-29 10:30:42,2026-08-15 18:25:42
1474,551,7,文具办公商品_1474,这是一个测试商品，编号1474，属于文具办公分类。,1.0,2,/uploads/product/cover_6.jpg,ON_SALE,MEETUP,2026-08-13 00:13:42,2026-08-15 05:54:42
1475,779,15,手工艺品商品_1475,这是一个测试商品，编号1475，属于手工艺品分类。,30.0,4,/uploads/product/cover_3.jpg,ON_SALE,"MEETUP,EXPRESS",2026-07-30 05:23:42,2026-08-15 19:48:42
1476,28,7,文具办公商品_1476,这是一个测试商品，编号1476，属于文具办公分类。,100.0,1,/uploads/product/cover_19.jpg,ON_SALE,EXPRESS,2026-08-14 00:38:42,2026-08-12 18:03:42
1477,570,11,图书小说商品_1477,这是一个测试商品，编号1477，属于图书小说分类。,15.0,4,/uploads/product/cover_2.jpg,ON_SALE,"MEETUP,EXPRESS",2026-08-10 14:24:42,2026-08-12 21:45:42
1478,541,6,零食饮料商品_1478,这是一个测试商品，编号1478，属于零食饮料分类。,5.0,5,/uploads/product/cover_15.jpg,ON_SALE,MEETUP,2026-08-01 03:05:42,2026-08-16 16:38:42
1479,688,3,日用百货商品_1479,这是一个测试商品，编号1479，属于日用百货分类。,12.0,4,/uploads/product/cover_17.jpg,ON_SALE,"MEETUP,EXPRESS",2026-08-13 15:19:42,2026-08-14 05:14:42
1480,672,5,服装鞋帽商品_1480,这是一个测试商品，编号1480，属于服装鞋帽分类。,3.0,4,/uploads/product/cover_1.jpg,ON_SALE,MEETUP,2026-08-02 12:15:42,2026-08-13 23:32:42
1481,400,10,家居家电商品_1481,这是一个测试商品，编号1481，属于家居家电分类。,20.0,2,/uploads/product/cover_5.jpg,ON_SALE,"MEETUP,EXPRESS",2026-08-05 15:42:42,2026-08-14 06:40:42
1482,877,13,交通工具商品_1482,这是一个测试商品，编号1482，属于交通工具分类。,12.0,3,/uploads/product/cover_17.jpg,ON_SALE,EXPRESS,2026-07-28 13:33:42,2026-08-16 17:24:42
1483,366,7,文具办公商品_1483,这是一个测试商品，编号1483，属于文具办公分类。,20.0,4,/uploads/product/cover_9.jpg,ON_SALE,EXPRESS,2026-07-31 05:15:42,2026-08-13 12:32:42
1484,555,9,游戏动漫商品_1484,这是一个测试商品，编号1484，属于游戏动漫分类。,20.0,2,/uploads/product/cover_4.jpg,ON_SALE,MEETUP,2026-08-01 10:23:42,2026-08-13 09:24:42
1485,462,6,零食饮料商品_1485,这是一个测试商品，编号1485，属于零食饮料分类。,100.0,5,/uploads/product/cover_20.jpg,ON_SALE,EXPRESS,2026-08-05 22:20:42,2026-08-14 12:21:42
1486,241,7,文具办公商品_1486,这是一个测试商品，编号1486，属于文具办公分类。,2.0,5,/uploads/product/cover_19.jpg,ON_SALE,EXPRESS,2026-08-01 15:44:42,2026-08-14 14:06:42
1487,37,10,家居家电商品_1487,这是一个测试商品，编号1487，属于家居家电分类。,15.0,2,/uploads/product/cover_2.jpg,ON_SALE,EXPRESS,2026-08-04 10:28:42,2026-08-12 15:46:42
1488,391,2,电子数码商品_1488,这是一个测试商品，编号1488，属于电子数码分类。,25.0,5,/uploads/product/cover_3.jpg,ON_SALE,EXPRESS,2026-08-03 00:19:42,2026-08-15 12:32:42
1489,245,4,运动户外商品_1489,这是一个测试商品，编号1489，属于运动户外分类。,10.0,1,/uploads/product/cover_8.jpg,ON_SALE,EXPRESS,2026-08-01 01:42:42,2026-08-16 08:14:42
1490,403,3,日用百货商品_1490,这是一个测试商品，编号1490，属于日用百货分类。,60.0,5,/uploads/product/cover_16.jpg,ON_SALE,MEETUP,2026-08-09 11:34:42,2026-08-14 13:28:42
1491,707,1,教材教辅商品_1491,这是一个测试商品，编号1491，属于教材教辅分类。,50.0,2,/uploads/product/cover_20.jpg,ON_SALE,EXPRESS,2026-08-08 01:24:42,2026-08-14 03:23:42
1492,127,3,日用百货商品_1492,这是一个测试商品，编号1492，属于日用百货分类。,20.0,5,/uploads/product/cover_6.jpg,ON_SALE,MEETUP,2026-07-28 21:18:42,2026-08-15 09:08:42
1493,378,8,美妆护肤商品_1493,这是一个测试商品，编号1493，属于美妆护肤分类。,20.0,2,/uploads/product/cover_19.jpg,ON_SALE,"MEETUP,EXPRESS",2026-08-12 14:18:42,2026-08-15 16:27:42
1494,661,9,游戏动漫商品_1494,这是一个测试商品，编号1494，属于游戏动漫分类。,12.0,4,/uploads/product/cover_11.jpg,ON_SALE,"MEETUP,EXPRESS",2026-08-09 00:14:42,2026-08-13 21:09:42
1495,831,6,零食饮料商品_1495,这是一个测试商品，编号1495，属于零食饮料分类。,12.0,1,/uploads/product/cover_11.jpg,ON_SALE,MEETUP,2026-07-31 20:13:42,2026-08-12 19:25:42
1496,800,8,美妆护肤商品_1496,这是一个测试商品，编号1496，属于美妆护肤分类。,15.0,3,/uploads/product/cover_7.jpg,ON_SALE,"MEETUP,EXPRESS",2026-08-11 21:36:42,2026-08-15 09:14:42
1497,327,6,零食饮料商品_1497,这是一个测试商品，编号1497，属于零食饮料分类。,80.0,2,/uploads/product/cover_17.jpg,ON_SALE,EXPRESS,2026-08-14 16:11:42,2026-08-14 03:33:42
1498,33,15,手工艺品商品_1498,这是一个测试商品，编号1498，属于手工艺品分类。,30.0,4,/uploads/product/cover_6.jpg,ON_SALE,"MEETUP,EXPRESS",2026-07-28 10:23:42,2026-08-15 19:05:42
1499,193,10,家居家电商品_1499,这是一个测试商品，编号1499，属于家居家电分类。,3.0,3,/uploads/product/cover_15.jpg,ON_SALE,EXPRESS,2026-08-05 05:44:42,2026-08-12 10:43:42
1500,205,7,文具办公商品_1500,这是一个测试商品，编号1500，属于文具办公分类。,20.0,5,/uploads/product/cover_13.jpg,ON_SALE,MEETUP,2026-08-16 02:21:42,2026-08-14 08:54:42
1501,410,4,运动户外商品_1501,这是一个测试商品，编号1501，属于运动户外分类。,150.0,5,/uploads/product/cover_9.jpg,ON_SALE,MEETUP,2026-08-13 17:05:42,2026-08-16 18:36:42
1502,150,13,交通工具商品_1502,这是一个测试商品，编号1502，属于交通工具分类。,25.0,5,/uploads/product/cover_16.jpg,ON_SALE,MEETUP,2026-07-28 12:33:42,2026-08-14 00:46:42
1503,118,2,电子数码商品_1503,这是一个测试商品，编号1503，属于电子数码分类。,5.0,5,/uploads/product/cover_3.jpg,ON_SALE,EXPRESS,2026-07-29 22:16:42,2026-08-12 22:58:42
1504,961,4,运动户外商品_1504,这是一个测试商品，编号1504，属于运动户外分类。,20.0,2,/uploads/product/cover_19.jpg,ON_SALE,"MEETUP,EXPRESS",2026-08-05 04:35:42,2026-08-15 02:36:42
1505,816,15,手工艺品商品_1505,这是一个测试商品，编号1505，属于手工艺品分类。,60.0,1,/uploads/product/cover_4.jpg,ON_SALE,"MEETUP,EXPRESS",2026-08-05 20:24:42,2026-08-16 12:36:42
1506,470,7,文具办公商品_1506,这是一个测试商品，编号1506，属于文具办公分类。,2.0,1,/uploads/product/cover_3.jpg,ON_SALE,MEETUP,2026-08-06 21:45:42,2026-08-13 13:36:42
1507,853,15,手工艺品商品_1507,这是一个测试商品，编号1507，属于手工艺品分类。,1.0,3,/uploads/product/cover_10.jpg,ON_SALE,MEETUP,2026-08-11 17:57:42,2026-08-15 15:02:42
1508,237,12,乐器音响商品_1508,这是一个测试商品，编号1508，属于乐器音响分类。,1.0,3,/uploads/product/cover_13.jpg,ON_SALE,EXPRESS,2026-08-11 14:13:42,2026-08-15 00:37:42
1509,5,14,宠物用品商品_1509,这是一个测试商品，编号1509，属于宠物用品分类。,25.0,1,/uploads/product/cover_15.jpg,ON_SALE,"MEETUP,EXPRESS",2026-08-07 11:38:42,2026-08-13 05:57:42
1510,64,14,宠物用品商品_1510,这是一个测试商品，编号1510，属于宠物用品分类。,1.0,3,/uploads/product/cover_16.jpg,ON_SALE,EXPRESS,2026-08-14 19:13:42,2026-08-16 05:52:42
1511,816,15,手工艺品商品_1511,这是一个测试商品，编号1511，属于手工艺品分类。,100.0,5,/uploads/product/cover_17.jpg,ON_SALE,"MEETUP,EXPRESS",2026-08-15 04:19:42,2026-08-14 15:30:42
1512,195,3,日用百货商品_1512,这是一个测试商品，编号1512，属于日用百货分类。,1.0,1,/uploads/product/cover_9.jpg,ON_SALE,EXPRESS,2026-08-13 19:44:42,2026-08-16 13:45:42
1513,299,8,美妆护肤商品_1513,这是一个测试商品，编号1513，属于美妆护肤分类。,20.0,3,/uploads/product/cover_13.jpg,ON_SALE,"MEETUP,EXPRESS",2026-08-04 02:53:42,2026-08-12 08:28:42
1514,260,9,游戏动漫商品_1514,这是一个测试商品，编号1514，属于游戏动漫分类。,15.0,3,/uploads/product/cover_9.jpg,ON_SALE,"MEETUP,EXPRESS",2026-08-10 12:12:42,2026-08-15 05:30:42
1515,369,3,日用百货商品_1515,这是一个测试商品，编号1515，属于日用百货分类。,5.0,5,/uploads/product/cover_11.jpg,ON_SALE,EXPRESS,2026-08-14 07:58:42,2026-08-12 20:07:42
1516,901,9,游戏动漫商品_1516,这是一个测试商品，编号1516，属于游戏动漫分类。,1.0,1,/uploads/product/cover_15.jpg,ON_SALE,EXPRESS,2026-07-28 15:13:42,2026-08-13 19:25:42
1517,562,10,家居家电商品_1517,这是一个测试商品，编号1517，属于家居家电分类。,50.0,1,/uploads/product/cover_11.jpg,ON_SALE,"MEETUP,EXPRESS",2026-08-07 00:44:42,2026-08-15 16:03:42
1518,599,11,图书小说商品_1518,这是一个测试商品，编号1518，属于图书小说分类。,20.0,1,/uploads/product/cover_10.jpg,ON_SALE,"MEETUP,EXPRESS",2026-07-28 23:57:42,2026-08-12 10:23:42
1519,116,2,电子数码商品_1519,这是一个测试商品，编号1519，属于电子数码分类。,200.0,3,/uploads/product/cover_1.jpg,ON_SALE,"MEETUP,EXPRESS",2026-08-10 02:32:42,2026-08-13 00:18:42
1520,195,5,服装鞋帽商品_1520,这是一个测试商品，编号1520，属于服装鞋帽分类。,20.0,2,/uploads/product/cover_14.jpg,ON_SALE,MEETUP,2026-08-12 17:58:42,2026-08-16 13:03:42
1521,728,2,电子数码商品_1521,这是一个测试商品，编号1521，属于电子数码分类。,5.0,4,/uploads/product/cover_10.jpg,ON_SALE,"MEETUP,EXPRESS",2026-08-12 17:16:42,2026-08-11 22:36:42
1522,719,7,文具办公商品_1522,这是一个测试商品，编号1522，属于文具办公分类。,200.0,5,/uploads/product/cover_17.jpg,ON_SALE,EXPRESS,2026-07-31 06:30:42,2026-08-13 23:36:42
1523,557,12,乐器音响商品_1523,这是一个测试商品，编号1523，属于乐器音响分类。,15.0,5,/uploads/product/cover_5.jpg,ON_SALE,MEETUP,2026-08-10 23:48:42,2026-08-14 21:31:42
1524,469,10,家居家电商品_1524,这是一个测试商品，编号1524，属于家居家电分类。,1.0,1,/uploads/product/cover_14.jpg,ON_SALE,MEETUP,2026-08-07 20:15:42,2026-08-12 14:57:42
1525,990,4,运动户外商品_1525,这是一个测试商品，编号1525，属于运动户外分类。,1.0,2,/uploads/product/cover_4.jpg,ON_SALE,EXPRESS,2026-08-16 15:49:42,2026-08-15 17:22:42
1526,323,4,运动户外商品_1526,这是一个测试商品，编号1526，属于运动户外分类。,30.0,1,/uploads/product/cover_12.jpg,ON_SALE,MEETUP,2026-07-30 12:59:42,2026-08-15 09:44:42
1527,557,15,手工艺品商品_1527,这是一个测试商品，编号1527，属于手工艺品分类。,150.0,1,/uploads/product/cover_5.jpg,ON_SALE,"MEETUP,EXPRESS",2026-08-08 06:44:42,2026-08-13 03:02:42
1528,84,13,交通工具商品_1528,这是一个测试商品，编号1528，属于交通工具分类。,100.0,2,/uploads/product/cover_1.jpg,ON_SALE,"MEETUP,EXPRESS",2026-08-06 10:56:42,2026-08-14 13:40:42
1529,550,8,美妆护肤商品_1529,这是一个测试商品，编号1529，属于美妆护肤分类。,8.0,1,/uploads/product/cover_15.jpg,ON_SALE,MEETUP,2026-08-04 18:36:42,2026-08-14 22:57:42
1530,750,11,图书小说商品_1530,这是一个测试商品，编号1530，属于图书小说分类。,80.0,5,/uploads/product/cover_18.jpg,ON_SALE,MEETUP,2026-08-02 20:30:42,2026-08-13 09:52:42
1531,995,12,乐器音响商品_1531,这是一个测试商品，编号1531，属于乐器音响分类。,120.0,4,/uploads/product/cover_16.jpg,ON_SALE,"MEETUP,EXPRESS",2026-08-14 17:27:42,2026-08-14 13:05:42
1532,300,1,教材教辅商品_1532,这是一个测试商品，编号1532，属于教材教辅分类。,10.0,2,/uploads/product/cover_7.jpg,ON_SALE,EXPRESS,2026-08-15 07:01:42,2026-08-16 18:11:42
1533,690,15,手工艺品商品_1533,这是一个测试商品，编号1533，属于手工艺品分类。,25.0,2,/uploads/product/cover_10.jpg,ON_SALE,MEETUP,2026-08-12 07:38:42,2026-08-15 05:33:42
1534,297,7,文具办公商品_1534,这是一个测试商品，编号1534，属于文具办公分类。,15.0,5,/uploads/product/cover_19.jpg,ON_SALE,EXPRESS,2026-08-10 00:44:42,2026-08-13 05:07:42
1535,742,10,家居家电商品_1535,这是一个测试商品，编号1535，属于家居家电分类。,100.0,5,/uploads/product/cover_11.jpg,ON_SALE,EXPRESS,2026-08-11 11:20:42,2026-08-16 01:45:42
1536,815,10,家居家电商品_1536,这是一个测试商品，编号1536，属于家居家电分类。,60.0,2,/uploads/product/cover_13.jpg,ON_SALE,EXPRESS,2026-08-09 21:15:42,2026-08-15 04:20:42
1537,667,9,游戏动漫商品_1537,这是一个测试商品，编号1537，属于游戏动漫分类。,8.0,1,/uploads/product/cover_16.jpg,ON_SALE,EXPRESS,2026-08-15 10:44:42,2026-08-15 06:58:42
1538,937,13,交通工具商品_1538,这是一个测试商品，编号1538，属于交通工具分类。,12.0,2,/uploads/product/cover_3.jpg,ON_SALE,EXPRESS,2026-07-27 23:32:42,2026-08-12 11:51:42
1539,841,12,乐器音响商品_1539,这是一个测试商品，编号1539，属于乐器音响分类。,15.0,4,/uploads/product/cover_19.jpg,ON_SALE,EXPRESS,2026-08-10 21:50:42,2026-08-15 08:40:42
1540,320,12,乐器音响商品_1540,这是一个测试商品，编号1540，属于乐器音响分类。,12.0,1,/uploads/product/cover_12.jpg,ON_SALE,"MEETUP,EXPRESS",2026-07-31 22:55:42,2026-08-13 03:32:42
1541,7,9,游戏动漫商品_1541,这是一个测试商品，编号1541，属于游戏动漫分类。,120.0,3,/uploads/product/cover_19.jpg,ON_SALE,MEETUP,2026-07-28 23:16:42,2026-08-13 12:05:42
1542,355,7,文具办公商品_1542,这是一个测试商品，编号1542，属于文具办公分类。,12.0,5,/uploads/product/cover_14.jpg,ON_SALE,EXPRESS,2026-08-03 14:06:42,2026-08-16 11:21:42
1543,957,13,交通工具商品_1543,这是一个测试商品，编号1543，属于交通工具分类。,5.0,3,/uploads/product/cover_19.jpg,ON_SALE,MEETUP,2026-08-13 23:06:42,2026-08-14 01:38:42
1544,758,5,服装鞋帽商品_1544,这是一个测试商品，编号1544，属于服装鞋帽分类。,2.0,2,/uploads/product/cover_6.jpg,ON_SALE,MEETUP,2026-07-29 08:34:42,2026-08-16 12:03:42
1545,867,12,乐器音响商品_1545,这是一个测试商品，编号1545，属于乐器音响分类。,80.0,1,/uploads/product/cover_11.jpg,ON_SALE,EXPRESS,2026-08-14 07:37:42,2026-08-16 00:29:42
1546,214,2,电子数码商品_1546,这是一个测试商品，编号1546，属于电子数码分类。,2.0,1,/uploads/product/cover_1.jpg,ON_SALE,EXPRESS,2026-08-03 03:36:42,2026-08-14 15:12:42
1547,236,4,运动户外商品_1547,这是一个测试商品，编号1547，属于运动户外分类。,8.0,4,/uploads/product/cover_12.jpg,ON_SALE,EXPRESS,2026-07-28 18:01:42,2026-08-13 19:54:42
1548,258,8,美妆护肤商品_1548,这是一个测试商品，编号1548，属于美妆护肤分类。,15.0,2,/uploads/product/cover_16.jpg,ON_SALE,"MEETUP,EXPRESS",2026-08-12 11:39:42,2026-08-15 05:00:42
1549,719,14,宠物用品商品_1549,这是一个测试商品，编号1549，属于宠物用品分类。,25.0,5,/uploads/product/cover_15.jpg,ON_SALE,"MEETUP,EXPRESS",2026-08-09 21:44:42,2026-08-14 22:03:42
1550,559,3,日用百货商品_1550,这是一个测试商品，编号1550，属于日用百货分类。,20.0,5,/uploads/product/cover_3.jpg,ON_SALE,MEETUP,2026-08-14 02:03:42,2026-08-11 22:09:42
1551,584,6,零食饮料商品_1551,这是一个测试商品，编号1551，属于零食饮料分类。,100.0,3,/uploads/product/cover_15.jpg,ON_SALE,EXPRESS,2026-08-06 14:03:42,2026-08-16 15:58:42
1552,166,12,乐器音响商品_1552,这是一个测试商品，编号1552，属于乐器音响分类。,12.0,3,/uploads/product/cover_19.jpg,ON_SALE,MEETUP,2026-08-09 02:58:42,2026-08-15 16:50:42
1553,314,4,运动户外商品_1553,这是一个测试商品，编号1553，属于运动户外分类。,80.0,1,/uploads/product/cover_1.jpg,ON_SALE,EXPRESS,2026-07-31 06:45:42,2026-08-15 17:03:42
1554,443,13,交通工具商品_1554,这是一个测试商品，编号1554，属于交通工具分类。,1.0,5,/uploads/product/cover_9.jpg,ON_SALE,EXPRESS,2026-08-16 18:40:42,2026-08-12 15:23:42
1555,821,4,运动户外商品_1555,这是一个测试商品，编号1555，属于运动户外分类。,5.0,4,/uploads/product/cover_10.jpg,ON_SALE,EXPRESS,2026-08-04 20:50:42,2026-08-16 17:47:42
1556,70,3,日用百货商品_1556,这是一个测试商品，编号1556，属于日用百货分类。,60.0,3,/uploads/product/cover_3.jpg,ON_SALE,EXPRESS,2026-08-08 18:21:42,2026-08-16 04:53:42
1557,138,5,服装鞋帽商品_1557,这是一个测试商品，编号1557，属于服装鞋帽分类。,60.0,4,/uploads/product/cover_3.jpg,ON_SALE,MEETUP,2026-07-30 03:21:42,2026-08-12 22:05:42
1558,648,3,日用百货商品_1558,这是一个测试商品，编号1558，属于日用百货分类。,80.0,1,/uploads/product/cover_10.jpg,ON_SALE,EXPRESS,2026-07-28 00:25:42,2026-08-16 12:13:42
1559,132,5,服装鞋帽商品_1559,这是一个测试商品，编号1559，属于服装鞋帽分类。,5.0,2,/uploads/product/cover_10.jpg,ON_SALE,EXPRESS,2026-08-01 10:42:42,2026-08-15 09:36:42
1560,133,1,教材教辅商品_1560,这是一个测试商品，编号1560，属于教材教辅分类。,20.0,4,/uploads/product/cover_12.jpg,ON_SALE,"MEETUP,EXPRESS",2026-08-15 18:37:42,2026-08-13 18:51:42
1561,13,2,电子数码商品_1561,这是一个测试商品，编号1561，属于电子数码分类。,200.0,2,/uploads/product/cover_4.jpg,ON_SALE,"MEETUP,EXPRESS",2026-08-06 07:34:42,2026-08-13 00:36:42
1562,137,12,乐器音响商品_1562,这是一个测试商品，编号1562，属于乐器音响分类。,10.0,4,/uploads/product/cover_5.jpg,ON_SALE,EXPRESS,2026-08-11 21:41:42,2026-08-12 07:28:42
1563,774,3,日用百货商品_1563,这是一个测试商品，编号1563，属于日用百货分类。,12.0,1,/uploads/product/cover_16.jpg,ON_SALE,MEETUP,2026-08-13 20:22:42,2026-08-12 01:18:42
1564,568,12,乐器音响商品_1564,这是一个测试商品，编号1564，属于乐器音响分类。,25.0,5,/uploads/product/cover_15.jpg,ON_SALE,MEETUP,2026-08-03 03:08:42,2026-08-13 07:00:42
1565,66,9,游戏动漫商品_1565,这是一个测试商品，编号1565，属于游戏动漫分类。,80.0,4,/uploads/product/cover_15.jpg,ON_SALE,EXPRESS,2026-08-14 14:05:42,2026-08-14 23:21:42
1566,87,10,家居家电商品_1566,这是一个测试商品，编号1566，属于家居家电分类。,120.0,2,/uploads/product/cover_20.jpg,ON_SALE,MEETUP,2026-08-11 17:38:42,2026-08-12 03:41:42
1567,40,6,零食饮料商品_1567,这是一个测试商品，编号1567，属于零食饮料分类。,150.0,1,/uploads/product/cover_19.jpg,ON_SALE,MEETUP,2026-08-06 08:08:42,2026-08-12 04:56:42
1568,523,11,图书小说商品_1568,这是一个测试商品，编号1568，属于图书小说分类。,15.0,4,/uploads/product/cover_8.jpg,ON_SALE,MEETUP,2026-08-13 01:20:42,2026-08-16 03:18:42
1569,674,13,交通工具商品_1569,这是一个测试商品，编号1569，属于交通工具分类。,3.0,3,/uploads/product/cover_2.jpg,ON_SALE,"MEETUP,EXPRESS",2026-08-13 06:59:42,2026-08-13 08:23:42
1570,340,15,手工艺品商品_1570,这是一个测试商品，编号1570，属于手工艺品分类。,80.0,5,/uploads/product/cover_4.jpg,ON_SALE,EXPRESS,2026-08-06 11:13:42,2026-08-12 19:47:42
1571,34,15,手工艺品商品_1571,这是一个测试商品，编号1571，属于手工艺品分类。,2.0,3,/uploads/product/cover_10.jpg,ON_SALE,EXPRESS,2026-08-10 11:18:42,2026-08-15 04:50:42
1572,691,5,服装鞋帽商品_1572,这是一个测试商品，编号1572，属于服装鞋帽分类。,1.0,1,/uploads/product/cover_14.jpg,ON_SALE,"MEETUP,EXPRESS",2026-07-31 08:01:42,2026-08-13 04:55:42
1573,144,12,乐器音响商品_1573,这是一个测试商品，编号1573，属于乐器音响分类。,10.0,4,/uploads/product/cover_3.jpg,ON_SALE,MEETUP,2026-08-10 04:20:42,2026-08-14 13:52:42
1574,704,6,零食饮料商品_1574,这是一个测试商品，编号1574，属于零食饮料分类。,2.0,3,/uploads/product/cover_11.jpg,ON_SALE,"MEETUP,EXPRESS",2026-08-06 10:37:42,2026-08-16 04:07:42
1575,962,12,乐器音响商品_1575,这是一个测试商品，编号1575，属于乐器音响分类。,60.0,5,/uploads/product/cover_14.jpg,ON_SALE,MEETUP,2026-08-01 20:23:42,2026-08-12 01:04:42
1576,602,11,图书小说商品_1576,这是一个测试商品，编号1576，属于图书小说分类。,50.0,2,/uploads/product/cover_4.jpg,ON_SALE,"MEETUP,EXPRESS",2026-08-15 04:06:42,2026-08-14 21:13:42
1577,10,1,教材教辅商品_1577,这是一个测试商品，编号1577，属于教材教辅分类。,150.0,5,/uploads/product/cover_10.jpg,ON_SALE,MEETUP,2026-08-14 15:05:42,2026-08-15 09:30:42
1578,109,6,零食饮料商品_1578,这是一个测试商品，编号1578，属于零食饮料分类。,12.0,4,/uploads/product/cover_18.jpg,ON_SALE,EXPRESS,2026-08-16 10:49:42,2026-08-15 20:36:42
1579,566,7,文具办公商品_1579,这是一个测试商品，编号1579，属于文具办公分类。,8.0,4,/uploads/product/cover_3.jpg,ON_SALE,EXPRESS,2026-08-03 10:38:42,2026-08-15 05:47:42
1580,789,5,服装鞋帽商品_1580,这是一个测试商品，编号1580，属于服装鞋帽分类。,200.0,4,/uploads/product/cover_2.jpg,ON_SALE,EXPRESS,2026-08-08 00:20:42,2026-08-13 03:50:42
1581,118,2,电子数码商品_1581,这是一个测试商品，编号1581，属于电子数码分类。,5.0,5,/uploads/product/cover_15.jpg,ON_SALE,MEETUP,2026-08-16 11:40:42,2026-08-15 08:26:42
1582,796,12,乐器音响商品_1582,这是一个测试商品，编号1582，属于乐器音响分类。,10.0,3,/uploads/product/cover_10.jpg,ON_SALE,"MEETUP,EXPRESS",2026-08-16 04:40:42,2026-08-15 09:02:42
1583,386,13,交通工具商品_1583,这是一个测试商品，编号1583，属于交通工具分类。,8.0,5,/uploads/product/cover_19.jpg,ON_SALE,EXPRESS,2026-07-31 20:58:42,2026-08-13 23:04:42
1584,831,13,交通工具商品_1584,这是一个测试商品，编号1584，属于交通工具分类。,10.0,2,/uploads/product/cover_2.jpg,ON_SALE,MEETUP,2026-08-09 02:49:42,2026-08-13 04:16:42
1585,610,15,手工艺品商品_1585,这是一个测试商品，编号1585，属于手工艺品分类。,60.0,5,/uploads/product/cover_19.jpg,ON_SALE,"MEETUP,EXPRESS",2026-08-08 06:02:42,2026-08-12 13:37:42
1586,479,5,服装鞋帽商品_1586,这是一个测试商品，编号1586，属于服装鞋帽分类。,5.0,5,/uploads/product/cover_4.jpg,ON_SALE,"MEETUP,EXPRESS",2026-08-10 17:50:42,2026-08-12 05:06:42
1587,296,3,日用百货商品_1587,这是一个测试商品，编号1587，属于日用百货分类。,100.0,2,/uploads/product/cover_3.jpg,ON_SALE,MEETUP,2026-08-04 20:31:42,2026-08-14 15:23:42
1588,807,3,日用百货商品_1588,这是一个测试商品，编号1588，属于日用百货分类。,20.0,4,/uploads/product/cover_12.jpg,ON_SALE,EXPRESS,2026-08-14 03:52:42,2026-08-16 11:38:42
1589,248,5,服装鞋帽商品_1589,这是一个测试商品，编号1589，属于服装鞋帽分类。,12.0,2,/uploads/product/cover_5.jpg,ON_SALE,MEETUP,2026-08-03 21:25:42,2026-08-14 18:03:42
1590,814,4,运动户外商品_1590,这是一个测试商品，编号1590，属于运动户外分类。,1.0,4,/uploads/product/cover_5.jpg,ON_SALE,MEETUP,2026-08-13 22:13:42,2026-08-15 12:48:42
1591,75,5,服装鞋帽商品_1591,这是一个测试商品，编号1591，属于服装鞋帽分类。,1.0,1,/uploads/product/cover_3.jpg,ON_SALE,"MEETUP,EXPRESS",2026-07-29 18:15:42,2026-08-15 18:31:42
1592,12,2,电子数码商品_1592,这是一个测试商品，编号1592，属于电子数码分类。,25.0,2,/uploads/product/cover_13.jpg,ON_SALE,EXPRESS,2026-07-29 12:52:42,2026-08-16 07:00:42
1593,132,2,电子数码商品_1593,这是一个测试商品，编号1593，属于电子数码分类。,50.0,3,/uploads/product/cover_9.jpg,ON_SALE,"MEETUP,EXPRESS",2026-08-03 04:14:42,2026-08-14 19:07:42
1594,375,9,游戏动漫商品_1594,这是一个测试商品，编号1594，属于游戏动漫分类。,80.0,3,/uploads/product/cover_5.jpg,ON_SALE,MEETUP,2026-08-03 15:48:42,2026-08-13 15:12:42
1595,321,5,服装鞋帽商品_1595,这是一个测试商品，编号1595，属于服装鞋帽分类。,200.0,2,/uploads/product/cover_14.jpg,ON_SALE,EXPRESS,2026-08-14 01:38:42,2026-08-14 08:42:42
1596,450,9,游戏动漫商品_1596,这是一个测试商品，编号1596，属于游戏动漫分类。,1.0,2,/uploads/product/cover_13.jpg,ON_SALE,EXPRESS,2026-08-11 19:14:42,2026-08-12 07:52:42
1597,547,5,服装鞋帽商品_1597,这是一个测试商品，编号1597，属于服装鞋帽分类。,20.0,5,/uploads/product/cover_19.jpg,ON_SALE,EXPRESS,2026-08-07 17:44:42,2026-08-15 14:43:42
1598,356,6,零食饮料商品_1598,这是一个测试商品，编号1598，属于零食饮料分类。,120.0,5,/uploads/product/cover_8.jpg,ON_SALE,MEETUP,2026-07-31 17:11:42,2026-08-14 21:08:42
1599,956,15,手工艺品商品_1599,这是一个测试商品，编号1599，属于手工艺品分类。,1.0,2,/uploads/product/cover_17.jpg,ON_SALE,EXPRESS,2026-08-16 08:54:42,2026-08-13 08:53:42
1600,894,12,乐器音响商品_1600,这是一个测试商品，编号1600，属于乐器音响分类。,25.0,5,/uploads/product/cover_3.jpg,ON_SALE,EXPRESS,2026-08-02 12:32:42,2026-08-14 08:57:42
1601,135,3,日用百货商品_1601,这是一个测试商品，编号1601，属于日用百货分类。,2.0,3,/uploads/product/cover_16.jpg,ON_SALE,MEETUP,2026-08-01 03:39:42,2026-08-14 10:19:42
1602,400,13,交通工具商品_1602,这是一个测试商品，编号1602，属于交通工具分类。,150.0,5,/uploads/product/cover_8.jpg,ON_SALE,"MEETUP,EXPRESS",2026-08-07 05:37:42,2026-08-16 17:28:42
1603,9,10,家居家电商品_1603,这是一个测试商品，编号1603，属于家居家电分类。,3.0,5,/uploads/product/cover_17.jpg,ON_SALE,"MEETUP,EXPRESS",2026-08-04 09:21:42,2026-08-13 14:08:42
1604,688,6,零食饮料商品_1604,这是一个测试商品，编号1604，属于零食饮料分类。,12.0,3,/uploads/product/cover_7.jpg,ON_SALE,MEETUP,2026-08-02 00:41:42,2026-08-12 06:58:42
1605,668,11,图书小说商品_1605,这是一个测试商品，编号1605，属于图书小说分类。,200.0,4,/uploads/product/cover_1.jpg,ON_SALE,EXPRESS,2026-08-13 14:48:42,2026-08-16 10:54:42
1606,480,14,宠物用品商品_1606,这是一个测试商品，编号1606，属于宠物用品分类。,50.0,3,/uploads/product/cover_9.jpg,ON_SALE,MEETUP,2026-08-09 23:28:42,2026-08-16 16:07:42
1607,445,10,家居家电商品_1607,这是一个测试商品，编号1607，属于家居家电分类。,10.0,5,/uploads/product/cover_8.jpg,ON_SALE,"MEETUP,EXPRESS",2026-08-08 04:54:42,2026-08-13 00:46:42
1608,407,6,零食饮料商品_1608,这是一个测试商品，编号1608，属于零食饮料分类。,30.0,1,/uploads/product/cover_16.jpg,ON_SALE,MEETUP,2026-08-10 15:12:42,2026-08-13 17:42:42
1609,135,1,教材教辅商品_1609,这是一个测试商品，编号1609，属于教材教辅分类。,2.0,2,/uploads/product/cover_19.jpg,ON_SALE,MEETUP,2026-08-08 21:15:42,2026-08-12 01:56:42
1610,544,5,服装鞋帽商品_1610,这是一个测试商品，编号1610，属于服装鞋帽分类。,150.0,2,/uploads/product/cover_15.jpg,ON_SALE,EXPRESS,2026-07-29 07:46:42,2026-08-15 05:50:42
1611,806,10,家居家电商品_1611,这是一个测试商品，编号1611，属于家居家电分类。,25.0,3,/uploads/product/cover_19.jpg,ON_SALE,MEETUP,2026-08-08 07:56:42,2026-08-13 23:11:42
1612,767,12,乐器音响商品_1612,这是一个测试商品，编号1612，属于乐器音响分类。,2.0,5,/uploads/product/cover_12.jpg,ON_SALE,MEETUP,2026-07-31 15:44:42,2026-08-12 19:43:42
1613,744,8,美妆护肤商品_1613,这是一个测试商品，编号1613，属于美妆护肤分类。,20.0,3,/uploads/product/cover_5.jpg,ON_SALE,MEETUP,2026-08-13 02:41:42,2026-08-15 13:56:42
1614,700,15,手工艺品商品_1614,这是一个测试商品，编号1614，属于手工艺品分类。,150.0,1,/uploads/product/cover_6.jpg,ON_SALE,"MEETUP,EXPRESS",2026-07-28 12:30:42,2026-08-15 03:31:42
1615,105,7,文具办公商品_1615,这是一个测试商品，编号1615，属于文具办公分类。,12.0,3,/uploads/product/cover_1.jpg,ON_SALE,EXPRESS,2026-08-08 17:38:42,2026-08-13 08:13:42
1616,376,2,电子数码商品_1616,这是一个测试商品，编号1616，属于电子数码分类。,20.0,2,/uploads/product/cover_18.jpg,ON_SALE,MEETUP,2026-08-09 02:50:42,2026-08-16 18:33:42
1617,7,12,乐器音响商品_1617,这是一个测试商品，编号1617，属于乐器音响分类。,30.0,2,/uploads/product/cover_18.jpg,ON_SALE,EXPRESS,2026-07-28 13:53:42,2026-08-12 22:37:42
1618,696,10,家居家电商品_1618,这是一个测试商品，编号1618，属于家居家电分类。,1.0,3,/uploads/product/cover_6.jpg,ON_SALE,EXPRESS,2026-08-12 04:06:42,2026-08-13 03:25:42
1619,814,3,日用百货商品_1619,这是一个测试商品，编号1619，属于日用百货分类。,150.0,2,/uploads/product/cover_20.jpg,ON_SALE,"MEETUP,EXPRESS",2026-08-05 20:39:42,2026-08-15 11:03:42
1620,655,4,运动户外商品_1620,这是一个测试商品，编号1620，属于运动户外分类。,12.0,2,/uploads/product/cover_15.jpg,ON_SALE,EXPRESS,2026-08-09 23:29:42,2026-08-12 13:50:42
1621,845,2,电子数码商品_1621,这是一个测试商品，编号1621，属于电子数码分类。,2.0,1,/uploads/product/cover_1.jpg,ON_SALE,"MEETUP,EXPRESS",2026-08-04 18:24:42,2026-08-13 13:51:42
1622,264,15,手工艺品商品_1622,这是一个测试商品，编号1622，属于手工艺品分类。,80.0,3,/uploads/product/cover_17.jpg,ON_SALE,MEETUP,2026-07-28 21:05:42,2026-08-13 08:42:42
1623,896,2,电子数码商品_1623,这是一个测试商品，编号1623，属于电子数码分类。,25.0,3,/uploads/product/cover_12.jpg,ON_SALE,MEETUP,2026-08-09 15:54:42,2026-08-14 13:55:42
1624,574,4,运动户外商品_1624,这是一个测试商品，编号1624，属于运动户外分类。,120.0,1,/uploads/product/cover_18.jpg,ON_SALE,MEETUP,2026-08-09 18:13:42,2026-08-12 07:52:42
1625,488,14,宠物用品商品_1625,这是一个测试商品，编号1625，属于宠物用品分类。,80.0,2,/uploads/product/cover_15.jpg,ON_SALE,MEETUP,2026-08-09 15:47:42,2026-08-12 03:43:42
1626,911,2,电子数码商品_1626,这是一个测试商品，编号1626，属于电子数码分类。,150.0,3,/uploads/product/cover_17.jpg,ON_SALE,MEETUP,2026-08-15 13:12:42,2026-08-12 20:57:42
1627,383,9,游戏动漫商品_1627,这是一个测试商品，编号1627，属于游戏动漫分类。,5.0,2,/uploads/product/cover_14.jpg,ON_SALE,EXPRESS,2026-08-16 18:17:42,2026-08-16 03:46:42
1628,177,9,游戏动漫商品_1628,这是一个测试商品，编号1628，属于游戏动漫分类。,5.0,4,/uploads/product/cover_3.jpg,ON_SALE,"MEETUP,EXPRESS",2026-08-13 02:18:42,2026-08-14 07:44:42
1629,252,10,家居家电商品_1629,这是一个测试商品，编号1629，属于家居家电分类。,1.0,4,/uploads/product/cover_2.jpg,ON_SALE,"MEETUP,EXPRESS",2026-08-09 12:51:42,2026-08-13 22:57:42
1630,799,12,乐器音响商品_1630,这是一个测试商品，编号1630，属于乐器音响分类。,60.0,4,/uploads/product/cover_12.jpg,ON_SALE,"MEETUP,EXPRESS",2026-08-02 07:27:42,2026-08-12 18:43:42
1631,172,1,教材教辅商品_1631,这是一个测试商品，编号1631，属于教材教辅分类。,80.0,5,/uploads/product/cover_17.jpg,ON_SALE,EXPRESS,2026-08-15 05:00:42,2026-08-15 23:37:42
1632,962,8,美妆护肤商品_1632,这是一个测试商品，编号1632，属于美妆护肤分类。,15.0,3,/uploads/product/cover_1.jpg,ON_SALE,"MEETUP,EXPRESS",2026-08-08 15:41:42,2026-08-16 17:27:42
1633,526,7,文具办公商品_1633,这是一个测试商品，编号1633，属于文具办公分类。,120.0,4,/uploads/product/cover_12.jpg,ON_SALE,EXPRESS,2026-08-01 08:34:42,2026-08-12 08:55:42
1634,602,10,家居家电商品_1634,这是一个测试商品，编号1634，属于家居家电分类。,1.0,1,/uploads/product/cover_10.jpg,ON_SALE,MEETUP,2026-08-15 09:16:42,2026-08-13 12:58:42
1635,255,7,文具办公商品_1635,这是一个测试商品，编号1635，属于文具办公分类。,3.0,5,/uploads/product/cover_10.jpg,ON_SALE,EXPRESS,2026-08-04 14:27:42,2026-08-15 02:28:42
1636,979,2,电子数码商品_1636,这是一个测试商品，编号1636，属于电子数码分类。,1.0,5,/uploads/product/cover_4.jpg,ON_SALE,MEETUP,2026-08-12 17:36:42,2026-08-14 22:20:42
1637,277,15,手工艺品商品_1637,这是一个测试商品，编号1637，属于手工艺品分类。,1.0,1,/uploads/product/cover_9.jpg,ON_SALE,MEETUP,2026-08-12 15:24:42,2026-08-13 10:13:42
1638,199,10,家居家电商品_1638,这是一个测试商品，编号1638，属于家居家电分类。,200.0,2,/uploads/product/cover_19.jpg,ON_SALE,MEETUP,2026-08-13 05:05:42,2026-08-13 04:39:42
1639,992,8,美妆护肤商品_1639,这是一个测试商品，编号1639，属于美妆护肤分类。,10.0,5,/uploads/product/cover_18.jpg,ON_SALE,EXPRESS,2026-08-03 00:23:42,2026-08-14 01:35:42
1640,458,10,家居家电商品_1640,这是一个测试商品，编号1640，属于家居家电分类。,150.0,1,/uploads/product/cover_3.jpg,ON_SALE,"MEETUP,EXPRESS",2026-08-03 22:04:42,2026-08-13 04:14:42
1641,155,5,服装鞋帽商品_1641,这是一个测试商品，编号1641，属于服装鞋帽分类。,8.0,1,/uploads/product/cover_17.jpg,ON_SALE,MEETUP,2026-07-28 11:14:42,2026-08-12 04:21:42
1642,626,4,运动户外商品_1642,这是一个测试商品，编号1642，属于运动户外分类。,1.0,4,/uploads/product/cover_16.jpg,ON_SALE,"MEETUP,EXPRESS",2026-08-14 13:38:42,2026-08-12 11:59:42
1643,864,7,文具办公商品_1643,这是一个测试商品，编号1643，属于文具办公分类。,20.0,3,/uploads/product/cover_12.jpg,ON_SALE,EXPRESS,2026-07-28 02:46:42,2026-08-14 10:56:42
1644,450,1,教材教辅商品_1644,这是一个测试商品，编号1644，属于教材教辅分类。,120.0,3,/uploads/product/cover_15.jpg,ON_SALE,"MEETUP,EXPRESS",2026-08-07 17:25:42,2026-08-12 12:31:42
1645,353,13,交通工具商品_1645,这是一个测试商品，编号1645，属于交通工具分类。,15.0,5,/uploads/product/cover_15.jpg,ON_SALE,MEETUP,2026-08-04 00:44:42,2026-08-12 19:58:42
1646,604,13,交通工具商品_1646,这是一个测试商品，编号1646，属于交通工具分类。,30.0,1,/uploads/product/cover_8.jpg,ON_SALE,EXPRESS,2026-08-11 03:42:42,2026-08-14 03:48:42
1647,145,7,文具办公商品_1647,这是一个测试商品，编号1647，属于文具办公分类。,2.0,4,/uploads/product/cover_6.jpg,ON_SALE,"MEETUP,EXPRESS",2026-08-12 11:55:42,2026-08-16 01:06:42
1648,350,11,图书小说商品_1648,这是一个测试商品，编号1648，属于图书小说分类。,12.0,5,/uploads/product/cover_19.jpg,ON_SALE,MEETUP,2026-07-29 15:32:42,2026-08-15 14:10:42
1649,313,6,零食饮料商品_1649,这是一个测试商品，编号1649，属于零食饮料分类。,50.0,4,/uploads/product/cover_13.jpg,ON_SALE,"MEETUP,EXPRESS",2026-08-16 00:21:42,2026-08-16 07:57:42
1650,503,4,运动户外商品_1650,这是一个测试商品，编号1650，属于运动户外分类。,120.0,4,/uploads/product/cover_20.jpg,ON_SALE,"MEETUP,EXPRESS",2026-08-10 18:43:42,2026-08-14 16:03:42
1651,933,14,宠物用品商品_1651,这是一个测试商品，编号1651，属于宠物用品分类。,100.0,4,/uploads/product/cover_11.jpg,ON_SALE,EXPRESS,2026-08-10 14:18:42,2026-08-12 08:28:42
1652,750,5,服装鞋帽商品_1652,这是一个测试商品，编号1652，属于服装鞋帽分类。,120.0,5,/uploads/product/cover_20.jpg,ON_SALE,MEETUP,2026-08-02 18:08:42,2026-08-13 17:28:42
1653,46,8,美妆护肤商品_1653,这是一个测试商品，编号1653，属于美妆护肤分类。,5.0,3,/uploads/product/cover_13.jpg,ON_SALE,"MEETUP,EXPRESS",2026-08-08 11:40:42,2026-08-13 17:52:42
1654,803,12,乐器音响商品_1654,这是一个测试商品，编号1654，属于乐器音响分类。,150.0,5,/uploads/product/cover_3.jpg,ON_SALE,EXPRESS,2026-08-01 08:58:42,2026-08-14 12:31:42
1655,574,2,电子数码商品_1655,这是一个测试商品，编号1655，属于电子数码分类。,12.0,4,/uploads/product/cover_8.jpg,ON_SALE,EXPRESS,2026-08-02 05:44:42,2026-08-16 06:58:42
1656,490,13,交通工具商品_1656,这是一个测试商品，编号1656，属于交通工具分类。,25.0,3,/uploads/product/cover_1.jpg,ON_SALE,EXPRESS,2026-08-06 10:32:42,2026-08-12 05:28:42
1657,125,3,日用百货商品_1657,这是一个测试商品，编号1657，属于日用百货分类。,60.0,3,/uploads/product/cover_18.jpg,ON_SALE,EXPRESS,2026-08-01 09:51:42,2026-08-14 13:24:42
1658,519,15,手工艺品商品_1658,这是一个测试商品，编号1658，属于手工艺品分类。,2.0,2,/uploads/product/cover_3.jpg,ON_SALE,MEETUP,2026-08-12 19:09:42,2026-08-12 02:23:42
1659,482,7,文具办公商品_1659,这是一个测试商品，编号1659，属于文具办公分类。,50.0,2,/uploads/product/cover_9.jpg,ON_SALE,EXPRESS,2026-07-29 13:50:42,2026-08-15 14:42:42
1660,731,10,家居家电商品_1660,这是一个测试商品，编号1660，属于家居家电分类。,100.0,5,/uploads/product/cover_17.jpg,ON_SALE,"MEETUP,EXPRESS",2026-08-13 08:19:42,2026-08-16 18:26:42
1661,716,4,运动户外商品_1661,这是一个测试商品，编号1661，属于运动户外分类。,20.0,2,/uploads/product/cover_1.jpg,ON_SALE,MEETUP,2026-08-08 02:39:42,2026-08-14 05:26:42
1662,946,2,电子数码商品_1662,这是一个测试商品，编号1662，属于电子数码分类。,25.0,3,/uploads/product/cover_9.jpg,ON_SALE,"MEETUP,EXPRESS",2026-08-01 22:11:42,2026-08-13 06:55:42
1663,304,7,文具办公商品_1663,这是一个测试商品，编号1663，属于文具办公分类。,1.0,5,/uploads/product/cover_19.jpg,ON_SALE,"MEETUP,EXPRESS",2026-07-29 15:58:42,2026-08-16 06:12:42
1664,839,6,零食饮料商品_1664,这是一个测试商品，编号1664，属于零食饮料分类。,200.0,4,/uploads/product/cover_13.jpg,ON_SALE,MEETUP,2026-08-02 05:56:42,2026-08-14 03:09:42
1665,444,7,文具办公商品_1665,这是一个测试商品，编号1665，属于文具办公分类。,3.0,3,/uploads/product/cover_16.jpg,ON_SALE,MEETUP,2026-08-15 01:33:42,2026-08-15 18:23:42
1666,688,14,宠物用品商品_1666,这是一个测试商品，编号1666，属于宠物用品分类。,1.0,2,/uploads/product/cover_19.jpg,ON_SALE,MEETUP,2026-08-07 07:59:42,2026-08-14 13:51:42
1667,503,1,教材教辅商品_1667,这是一个测试商品，编号1667，属于教材教辅分类。,2.0,3,/uploads/product/cover_19.jpg,ON_SALE,EXPRESS,2026-07-30 02:24:42,2026-08-12 14:18:42
1668,572,8,美妆护肤商品_1668,这是一个测试商品，编号1668，属于美妆护肤分类。,60.0,2,/uploads/product/cover_15.jpg,ON_SALE,MEETUP,2026-08-06 19:38:42,2026-08-15 13:55:42
1669,442,11,图书小说商品_1669,这是一个测试商品，编号1669，属于图书小说分类。,15.0,5,/uploads/product/cover_12.jpg,ON_SALE,EXPRESS,2026-08-15 04:59:42,2026-08-12 13:17:42
1670,847,8,美妆护肤商品_1670,这是一个测试商品，编号1670，属于美妆护肤分类。,120.0,2,/uploads/product/cover_17.jpg,ON_SALE,MEETUP,2026-08-08 17:52:42,2026-08-13 03:47:42
1671,313,14,宠物用品商品_1671,这是一个测试商品，编号1671，属于宠物用品分类。,8.0,4,/uploads/product/cover_7.jpg,ON_SALE,EXPRESS,2026-08-15 11:45:42,2026-08-16 10:40:42
1672,57,2,电子数码商品_1672,这是一个测试商品，编号1672，属于电子数码分类。,80.0,5,/uploads/product/cover_7.jpg,ON_SALE,EXPRESS,2026-08-09 11:03:42,2026-08-16 16:49:42
1673,944,13,交通工具商品_1673,这是一个测试商品，编号1673，属于交通工具分类。,20.0,5,/uploads/product/cover_9.jpg,ON_SALE,EXPRESS,2026-08-16 06:33:42,2026-08-14 02:21:42
1674,332,9,游戏动漫商品_1674,这是一个测试商品，编号1674，属于游戏动漫分类。,1.0,4,/uploads/product/cover_11.jpg,ON_SALE,MEETUP,2026-08-11 20:37:42,2026-08-14 14:19:42
1675,403,6,零食饮料商品_1675,这是一个测试商品，编号1675，属于零食饮料分类。,20.0,1,/uploads/product/cover_9.jpg,ON_SALE,"MEETUP,EXPRESS",2026-08-02 23:26:42,2026-08-14 07:26:42
1676,725,4,运动户外商品_1676,这是一个测试商品，编号1676，属于运动户外分类。,60.0,3,/uploads/product/cover_3.jpg,ON_SALE,MEETUP,2026-07-29 01:43:42,2026-08-12 04:10:42
1677,948,11,图书小说商品_1677,这是一个测试商品，编号1677，属于图书小说分类。,15.0,2,/uploads/product/cover_11.jpg,ON_SALE,MEETUP,2026-08-04 04:57:42,2026-08-12 04:59:42
1678,254,13,交通工具商品_1678,这是一个测试商品，编号1678，属于交通工具分类。,80.0,5,/uploads/product/cover_19.jpg,ON_SALE,MEETUP,2026-07-30 05:13:42,2026-08-14 16:26:42
1679,670,15,手工艺品商品_1679,这是一个测试商品，编号1679，属于手工艺品分类。,120.0,2,/uploads/product/cover_11.jpg,ON_SALE,EXPRESS,2026-08-04 17:11:42,2026-08-15 23:16:42
1680,768,13,交通工具商品_1680,这是一个测试商品，编号1680，属于交通工具分类。,20.0,4,/uploads/product/cover_5.jpg,ON_SALE,MEETUP,2026-08-02 23:36:42,2026-08-13 05:10:42
1681,972,10,家居家电商品_1681,这是一个测试商品，编号1681，属于家居家电分类。,50.0,2,/uploads/product/cover_13.jpg,ON_SALE,EXPRESS,2026-07-30 09:47:42,2026-08-13 02:00:42
1682,371,8,美妆护肤商品_1682,这是一个测试商品，编号1682，属于美妆护肤分类。,20.0,5,/uploads/product/cover_15.jpg,ON_SALE,"MEETUP,EXPRESS",2026-08-03 03:19:42,2026-08-12 17:50:42
1683,833,3,日用百货商品_1683,这是一个测试商品，编号1683，属于日用百货分类。,5.0,4,/uploads/product/cover_3.jpg,ON_SALE,EXPRESS,2026-08-14 21:05:42,2026-08-12 08:01:42
1684,738,14,宠物用品商品_1684,这是一个测试商品，编号1684，属于宠物用品分类。,30.0,1,/uploads/product/cover_7.jpg,ON_SALE,EXPRESS,2026-08-02 13:49:42,2026-08-15 15:06:42
1685,882,11,图书小说商品_1685,这是一个测试商品，编号1685，属于图书小说分类。,2.0,1,/uploads/product/cover_19.jpg,ON_SALE,"MEETUP,EXPRESS",2026-08-08 07:09:42,2026-08-13 13:03:42
1686,313,7,文具办公商品_1686,这是一个测试商品，编号1686，属于文具办公分类。,150.0,2,/uploads/product/cover_5.jpg,ON_SALE,"MEETUP,EXPRESS",2026-08-13 06:34:42,2026-08-13 05:42:42
1687,648,10,家居家电商品_1687,这是一个测试商品，编号1687，属于家居家电分类。,100.0,2,/uploads/product/cover_12.jpg,ON_SALE,"MEETUP,EXPRESS",2026-07-31 14:37:42,2026-08-14 19:47:42
1688,393,6,零食饮料商品_1688,这是一个测试商品，编号1688，属于零食饮料分类。,30.0,2,/uploads/product/cover_18.jpg,ON_SALE,"MEETUP,EXPRESS",2026-08-08 18:40:42,2026-08-15 22:24:42
1689,322,14,宠物用品商品_1689,这是一个测试商品，编号1689，属于宠物用品分类。,1.0,5,/uploads/product/cover_17.jpg,ON_SALE,MEETUP,2026-08-13 21:38:42,2026-08-15 17:46:42
1690,906,9,游戏动漫商品_1690,这是一个测试商品，编号1690，属于游戏动漫分类。,200.0,3,/uploads/product/cover_7.jpg,ON_SALE,MEETUP,2026-08-15 03:38:42,2026-08-14 18:07:42
1691,978,12,乐器音响商品_1691,这是一个测试商品，编号1691，属于乐器音响分类。,80.0,2,/uploads/product/cover_6.jpg,ON_SALE,EXPRESS,2026-08-15 00:15:42,2026-08-11 23:05:42
1692,477,3,日用百货商品_1692,这是一个测试商品，编号1692，属于日用百货分类。,5.0,3,/uploads/product/cover_9.jpg,ON_SALE,"MEETUP,EXPRESS",2026-08-07 12:50:42,2026-08-15 23:55:42
1693,480,2,电子数码商品_1693,这是一个测试商品，编号1693，属于电子数码分类。,25.0,5,/uploads/product/cover_6.jpg,ON_SALE,"MEETUP,EXPRESS",2026-08-05 20:11:42,2026-08-15 14:07:42
1694,891,8,美妆护肤商品_1694,这是一个测试商品，编号1694，属于美妆护肤分类。,25.0,2,/uploads/product/cover_16.jpg,ON_SALE,MEETUP,2026-08-05 08:39:42,2026-08-13 06:51:42
1695,449,8,美妆护肤商品_1695,这是一个测试商品，编号1695，属于美妆护肤分类。,30.0,3,/uploads/product/cover_16.jpg,ON_SALE,"MEETUP,EXPRESS",2026-08-06 08:36:42,2026-08-12 15:37:42
1696,480,3,日用百货商品_1696,这是一个测试商品，编号1696，属于日用百货分类。,20.0,4,/uploads/product/cover_14.jpg,ON_SALE,MEETUP,2026-08-13 07:58:42,2026-08-15 00:42:42
1697,818,10,家居家电商品_1697,这是一个测试商品，编号1697，属于家居家电分类。,30.0,3,/uploads/product/cover_6.jpg,ON_SALE,MEETUP,2026-08-15 14:51:42,2026-08-14 16:56:42
1698,658,4,运动户外商品_1698,这是一个测试商品，编号1698，属于运动户外分类。,20.0,3,/uploads/product/cover_8.jpg,ON_SALE,EXPRESS,2026-08-09 00:52:42,2026-08-13 13:25:42
1699,634,10,家居家电商品_1699,这是一个测试商品，编号1699，属于家居家电分类。,120.0,3,/uploads/product/cover_17.jpg,ON_SALE,"MEETUP,EXPRESS",2026-08-07 04:25:42,2026-08-15 12:10:42
1700,906,14,宠物用品商品_1700,这是一个测试商品，编号1700，属于宠物用品分类。,15.0,2,/uploads/product/cover_20.jpg,ON_SALE,EXPRESS,2026-08-15 11:27:42,2026-08-15 20:17:42
1701,113,8,美妆护肤商品_1701,这是一个测试商品，编号1701，属于美妆护肤分类。,30.0,3,/uploads/product/cover_20.jpg,ON_SALE,"MEETUP,EXPRESS",2026-07-28 20:05:42,2026-08-14 08:26:42
1702,684,5,服装鞋帽商品_1702,这是一个测试商品，编号1702，属于服装鞋帽分类。,15.0,2,/uploads/product/cover_3.jpg,ON_SALE,EXPRESS,2026-08-14 05:12:42,2026-08-15 13:53:42
1703,854,14,宠物用品商品_1703,这是一个测试商品，编号1703，属于宠物用品分类。,3.0,3,/uploads/product/cover_20.jpg,ON_SALE,"MEETUP,EXPRESS",2026-08-15 18:10:42,2026-08-14 10:43:42
1704,404,15,手工艺品商品_1704,这是一个测试商品，编号1704，属于手工艺品分类。,150.0,2,/uploads/product/cover_13.jpg,ON_SALE,MEETUP,2026-08-07 10:42:42,2026-08-14 19:06:42
1705,577,10,家居家电商品_1705,这是一个测试商品，编号1705，属于家居家电分类。,8.0,1,/uploads/product/cover_9.jpg,ON_SALE,"MEETUP,EXPRESS",2026-08-10 20:07:42,2026-08-15 22:52:42
1706,475,3,日用百货商品_1706,这是一个测试商品，编号1706，属于日用百货分类。,30.0,4,/uploads/product/cover_13.jpg,ON_SALE,EXPRESS,2026-07-31 11:35:42,2026-08-15 04:23:42
1707,49,15,手工艺品商品_1707,这是一个测试商品，编号1707，属于手工艺品分类。,60.0,4,/uploads/product/cover_18.jpg,ON_SALE,MEETUP,2026-08-01 15:52:42,2026-08-12 12:43:42
1708,554,4,运动户外商品_1708,这是一个测试商品，编号1708，属于运动户外分类。,2.0,1,/uploads/product/cover_1.jpg,ON_SALE,"MEETUP,EXPRESS",2026-07-29 16:58:42,2026-08-15 21:28:42
1709,217,6,零食饮料商品_1709,这是一个测试商品，编号1709，属于零食饮料分类。,30.0,5,/uploads/product/cover_14.jpg,ON_SALE,EXPRESS,2026-08-01 03:59:42,2026-08-14 09:30:42
1710,379,7,文具办公商品_1710,这是一个测试商品，编号1710，属于文具办公分类。,120.0,1,/uploads/product/cover_16.jpg,ON_SALE,"MEETUP,EXPRESS",2026-07-29 21:36:42,2026-08-12 22:54:42
1711,248,5,服装鞋帽商品_1711,这是一个测试商品，编号1711，属于服装鞋帽分类。,200.0,4,/uploads/product/cover_7.jpg,ON_SALE,"MEETUP,EXPRESS",2026-08-10 20:37:42,2026-08-13 07:14:42
1712,808,14,宠物用品商品_1712,这是一个测试商品，编号1712，属于宠物用品分类。,8.0,5,/uploads/product/cover_10.jpg,ON_SALE,"MEETUP,EXPRESS",2026-08-06 09:08:42,2026-08-12 19:43:42
1713,341,8,美妆护肤商品_1713,这是一个测试商品，编号1713，属于美妆护肤分类。,20.0,3,/uploads/product/cover_16.jpg,ON_SALE,"MEETUP,EXPRESS",2026-08-06 16:03:42,2026-08-12 07:49:42
1714,807,7,文具办公商品_1714,这是一个测试商品，编号1714，属于文具办公分类。,25.0,5,/uploads/product/cover_13.jpg,ON_SALE,MEETUP,2026-07-29 06:57:42,2026-08-12 05:35:42
1715,809,1,教材教辅商品_1715,这是一个测试商品，编号1715，属于教材教辅分类。,8.0,1,/uploads/product/cover_8.jpg,ON_SALE,EXPRESS,2026-08-09 04:08:42,2026-08-14 14:44:42
1716,584,12,乐器音响商品_1716,这是一个测试商品，编号1716，属于乐器音响分类。,3.0,3,/uploads/product/cover_17.jpg,ON_SALE,MEETUP,2026-08-12 16:55:42,2026-08-12 13:44:42
1717,995,6,零食饮料商品_1717,这是一个测试商品，编号1717，属于零食饮料分类。,30.0,1,/uploads/product/cover_9.jpg,ON_SALE,MEETUP,2026-08-05 02:57:42,2026-08-11 22:32:42
1718,860,8,美妆护肤商品_1718,这是一个测试商品，编号1718，属于美妆护肤分类。,80.0,2,/uploads/product/cover_8.jpg,ON_SALE,MEETUP,2026-08-04 05:53:42,2026-08-14 16:37:42
1719,148,5,服装鞋帽商品_1719,这是一个测试商品，编号1719，属于服装鞋帽分类。,8.0,2,/uploads/product/cover_2.jpg,ON_SALE,"MEETUP,EXPRESS",2026-07-28 03:53:42,2026-08-12 16:41:42
1720,810,3,日用百货商品_1720,这是一个测试商品，编号1720，属于日用百货分类。,25.0,2,/uploads/product/cover_19.jpg,ON_SALE,EXPRESS,2026-08-12 15:54:42,2026-08-12 12:32:42
1721,654,5,服装鞋帽商品_1721,这是一个测试商品，编号1721，属于服装鞋帽分类。,30.0,2,/uploads/product/cover_20.jpg,ON_SALE,"MEETUP,EXPRESS",2026-08-10 23:15:42,2026-08-14 17:50:42
1722,734,10,家居家电商品_1722,这是一个测试商品，编号1722，属于家居家电分类。,200.0,4,/uploads/product/cover_5.jpg,ON_SALE,EXPRESS,2026-08-08 18:26:42,2026-08-12 21:14:42
1723,684,4,运动户外商品_1723,这是一个测试商品，编号1723，属于运动户外分类。,1.0,5,/uploads/product/cover_2.jpg,ON_SALE,EXPRESS,2026-08-02 00:56:42,2026-08-14 21:13:42
1724,302,7,文具办公商品_1724,这是一个测试商品，编号1724，属于文具办公分类。,25.0,4,/uploads/product/cover_20.jpg,ON_SALE,"MEETUP,EXPRESS",2026-08-15 04:23:42,2026-08-15 09:36:42
1725,409,7,文具办公商品_1725,这是一个测试商品，编号1725，属于文具办公分类。,8.0,4,/uploads/product/cover_20.jpg,ON_SALE,MEETUP,2026-07-30 11:28:42,2026-08-15 21:19:42
1726,649,4,运动户外商品_1726,这是一个测试商品，编号1726，属于运动户外分类。,200.0,5,/uploads/product/cover_14.jpg,ON_SALE,EXPRESS,2026-08-10 21:08:42,2026-08-13 19:54:42
1727,543,6,零食饮料商品_1727,这是一个测试商品，编号1727，属于零食饮料分类。,1.0,5,/uploads/product/cover_6.jpg,ON_SALE,MEETUP,2026-08-03 13:19:42,2026-08-13 13:31:42
1728,390,4,运动户外商品_1728,这是一个测试商品，编号1728，属于运动户外分类。,30.0,2,/uploads/product/cover_11.jpg,ON_SALE,MEETUP,2026-08-11 03:40:42,2026-08-13 20:03:42
1729,904,15,手工艺品商品_1729,这是一个测试商品，编号1729，属于手工艺品分类。,8.0,5,/uploads/product/cover_20.jpg,ON_SALE,EXPRESS,2026-08-11 03:52:42,2026-08-14 04:44:42
1730,198,5,服装鞋帽商品_1730,这是一个测试商品，编号1730，属于服装鞋帽分类。,100.0,3,/uploads/product/cover_14.jpg,ON_SALE,MEETUP,2026-08-04 15:53:42,2026-08-14 14:56:42
1731,980,10,家居家电商品_1731,这是一个测试商品，编号1731，属于家居家电分类。,200.0,4,/uploads/product/cover_3.jpg,ON_SALE,EXPRESS,2026-08-15 06:00:42,2026-08-12 06:45:42
1732,515,7,文具办公商品_1732,这是一个测试商品，编号1732，属于文具办公分类。,120.0,5,/uploads/product/cover_17.jpg,ON_SALE,MEETUP,2026-07-28 13:38:42,2026-08-13 22:58:42
1733,261,13,交通工具商品_1733,这是一个测试商品，编号1733，属于交通工具分类。,5.0,2,/uploads/product/cover_20.jpg,ON_SALE,MEETUP,2026-08-14 02:28:42,2026-08-11 20:35:42
1734,428,4,运动户外商品_1734,这是一个测试商品，编号1734，属于运动户外分类。,15.0,3,/uploads/product/cover_9.jpg,ON_SALE,"MEETUP,EXPRESS",2026-07-30 01:41:42,2026-08-15 15:21:42
1735,254,1,教材教辅商品_1735,这是一个测试商品，编号1735，属于教材教辅分类。,120.0,1,/uploads/product/cover_13.jpg,ON_SALE,EXPRESS,2026-08-10 10:25:42,2026-08-13 00:51:42
1736,824,11,图书小说商品_1736,这是一个测试商品，编号1736，属于图书小说分类。,30.0,2,/uploads/product/cover_16.jpg,ON_SALE,MEETUP,2026-07-28 11:15:42,2026-08-12 01:04:42
1737,3,13,交通工具商品_1737,这是一个测试商品，编号1737，属于交通工具分类。,15.0,2,/uploads/product/cover_6.jpg,ON_SALE,"MEETUP,EXPRESS",2026-08-14 06:42:42,2026-08-16 02:07:42
1738,376,1,教材教辅商品_1738,这是一个测试商品，编号1738，属于教材教辅分类。,50.0,1,/uploads/product/cover_5.jpg,ON_SALE,"MEETUP,EXPRESS",2026-07-29 15:32:42,2026-08-15 12:51:42
1739,951,4,运动户外商品_1739,这是一个测试商品，编号1739，属于运动户外分类。,80.0,4,/uploads/product/cover_7.jpg,ON_SALE,EXPRESS,2026-08-14 09:06:42,2026-08-16 00:20:42
1740,182,3,日用百货商品_1740,这是一个测试商品，编号1740，属于日用百货分类。,15.0,4,/uploads/product/cover_2.jpg,ON_SALE,"MEETUP,EXPRESS",2026-08-09 15:20:42,2026-08-12 05:25:42
1741,192,14,宠物用品商品_1741,这是一个测试商品，编号1741，属于宠物用品分类。,10.0,1,/uploads/product/cover_6.jpg,ON_SALE,EXPRESS,2026-08-04 23:54:42,2026-08-15 15:13:42
1742,792,8,美妆护肤商品_1742,这是一个测试商品，编号1742，属于美妆护肤分类。,12.0,3,/uploads/product/cover_13.jpg,ON_SALE,EXPRESS,2026-08-16 18:11:42,2026-08-15 20:49:42
1743,672,8,美妆护肤商品_1743,这是一个测试商品，编号1743，属于美妆护肤分类。,15.0,4,/uploads/product/cover_11.jpg,ON_SALE,"MEETUP,EXPRESS",2026-08-11 09:01:42,2026-08-14 02:40:42
1744,264,13,交通工具商品_1744,这是一个测试商品，编号1744，属于交通工具分类。,80.0,5,/uploads/product/cover_16.jpg,ON_SALE,"MEETUP,EXPRESS",2026-08-05 16:35:42,2026-08-13 19:24:42
1745,312,10,家居家电商品_1745,这是一个测试商品，编号1745，属于家居家电分类。,8.0,1,/uploads/product/cover_4.jpg,ON_SALE,MEETUP,2026-08-14 20:11:42,2026-08-12 04:55:42
1746,137,3,日用百货商品_1746,这是一个测试商品，编号1746，属于日用百货分类。,25.0,5,/uploads/product/cover_6.jpg,ON_SALE,"MEETUP,EXPRESS",2026-08-08 17:53:42,2026-08-12 11:13:42
1747,751,1,教材教辅商品_1747,这是一个测试商品，编号1747，属于教材教辅分类。,60.0,5,/uploads/product/cover_7.jpg,ON_SALE,MEETUP,2026-07-28 22:48:42,2026-08-15 12:45:42
1748,116,11,图书小说商品_1748,这是一个测试商品，编号1748，属于图书小说分类。,3.0,1,/uploads/product/cover_1.jpg,ON_SALE,MEETUP,2026-07-27 20:42:42,2026-08-15 10:11:42
1749,78,4,运动户外商品_1749,这是一个测试商品，编号1749，属于运动户外分类。,120.0,2,/uploads/product/cover_12.jpg,ON_SALE,"MEETUP,EXPRESS",2026-08-02 06:45:42,2026-08-14 14:14:42
1750,890,15,手工艺品商品_1750,这是一个测试商品，编号1750，属于手工艺品分类。,10.0,2,/uploads/product/cover_3.jpg,ON_SALE,"MEETUP,EXPRESS",2026-08-13 15:28:42,2026-08-13 00:33:42
1751,743,3,日用百货商品_1751,这是一个测试商品，编号1751，属于日用百货分类。,200.0,5,/uploads/product/cover_7.jpg,ON_SALE,"MEETUP,EXPRESS",2026-08-04 03:12:42,2026-08-16 15:08:42
1752,776,7,文具办公商品_1752,这是一个测试商品，编号1752，属于文具办公分类。,15.0,4,/uploads/product/cover_17.jpg,ON_SALE,"MEETUP,EXPRESS",2026-08-13 04:56:42,2026-08-12 19:21:42
1753,422,10,家居家电商品_1753,这是一个测试商品，编号1753，属于家居家电分类。,30.0,1,/uploads/product/cover_6.jpg,ON_SALE,MEETUP,2026-08-13 08:43:42,2026-08-12 06:00:42
1754,263,7,文具办公商品_1754,这是一个测试商品，编号1754，属于文具办公分类。,50.0,4,/uploads/product/cover_8.jpg,ON_SALE,"MEETUP,EXPRESS",2026-08-11 13:53:42,2026-08-12 00:36:42
1755,86,11,图书小说商品_1755,这是一个测试商品，编号1755，属于图书小说分类。,25.0,3,/uploads/product/cover_7.jpg,ON_SALE,EXPRESS,2026-08-16 09:12:42,2026-08-16 07:05:42
1756,203,10,家居家电商品_1756,这是一个测试商品，编号1756，属于家居家电分类。,15.0,5,/uploads/product/cover_9.jpg,ON_SALE,"MEETUP,EXPRESS",2026-08-14 21:34:42,2026-08-16 04:35:42
1757,815,1,教材教辅商品_1757,这是一个测试商品，编号1757，属于教材教辅分类。,1.0,5,/uploads/product/cover_9.jpg,ON_SALE,EXPRESS,2026-08-06 13:20:42,2026-08-14 04:56:42
1758,502,1,教材教辅商品_1758,这是一个测试商品，编号1758，属于教材教辅分类。,12.0,2,/uploads/product/cover_16.jpg,ON_SALE,EXPRESS,2026-08-08 05:27:42,2026-08-12 03:52:42
1759,752,9,游戏动漫商品_1759,这是一个测试商品，编号1759，属于游戏动漫分类。,5.0,2,/uploads/product/cover_1.jpg,ON_SALE,EXPRESS,2026-08-02 06:38:42,2026-08-14 17:34:42
1760,957,4,运动户外商品_1760,这是一个测试商品，编号1760，属于运动户外分类。,60.0,3,/uploads/product/cover_11.jpg,ON_SALE,EXPRESS,2026-08-16 16:24:42,2026-08-15 04:45:42
1761,466,4,运动户外商品_1761,这是一个测试商品，编号1761，属于运动户外分类。,12.0,2,/uploads/product/cover_18.jpg,ON_SALE,"MEETUP,EXPRESS",2026-07-29 18:48:42,2026-08-12 11:47:42
1762,12,2,电子数码商品_1762,这是一个测试商品，编号1762，属于电子数码分类。,2.0,1,/uploads/product/cover_6.jpg,ON_SALE,"MEETUP,EXPRESS",2026-08-10 10:54:42,2026-08-13 12:01:42
1763,393,1,教材教辅商品_1763,这是一个测试商品，编号1763，属于教材教辅分类。,120.0,1,/uploads/product/cover_20.jpg,ON_SALE,EXPRESS,2026-08-15 07:54:42,2026-08-15 09:53:42
1764,411,2,电子数码商品_1764,这是一个测试商品，编号1764，属于电子数码分类。,1.0,1,/uploads/product/cover_16.jpg,ON_SALE,EXPRESS,2026-08-08 03:04:42,2026-08-15 19:50:42
1765,472,11,图书小说商品_1765,这是一个测试商品，编号1765，属于图书小说分类。,10.0,4,/uploads/product/cover_9.jpg,ON_SALE,EXPRESS,2026-08-05 04:19:42,2026-08-13 02:20:42
1766,416,11,图书小说商品_1766,这是一个测试商品，编号1766，属于图书小说分类。,80.0,1,/uploads/product/cover_6.jpg,ON_SALE,MEETUP,2026-08-15 04:08:42,2026-08-12 18:36:42
1767,650,9,游戏动漫商品_1767,这是一个测试商品，编号1767，属于游戏动漫分类。,200.0,1,/uploads/product/cover_8.jpg,ON_SALE,EXPRESS,2026-07-31 15:19:42,2026-08-16 15:49:42
1768,772,14,宠物用品商品_1768,这是一个测试商品，编号1768，属于宠物用品分类。,150.0,3,/uploads/product/cover_14.jpg,ON_SALE,MEETUP,2026-08-04 04:27:42,2026-08-13 16:18:42
1769,882,3,日用百货商品_1769,这是一个测试商品，编号1769，属于日用百货分类。,1.0,3,/uploads/product/cover_19.jpg,ON_SALE,MEETUP,2026-08-16 15:25:42,2026-08-16 00:46:42
1770,810,8,美妆护肤商品_1770,这是一个测试商品，编号1770，属于美妆护肤分类。,20.0,4,/uploads/product/cover_10.jpg,ON_SALE,MEETUP,2026-08-14 03:00:42,2026-08-13 17:47:42
1771,906,11,图书小说商品_1771,这是一个测试商品，编号1771，属于图书小说分类。,30.0,2,/uploads/product/cover_18.jpg,ON_SALE,"MEETUP,EXPRESS",2026-08-07 20:33:42,2026-08-15 09:27:42
1772,517,8,美妆护肤商品_1772,这是一个测试商品，编号1772，属于美妆护肤分类。,50.0,4,/uploads/product/cover_5.jpg,ON_SALE,MEETUP,2026-08-09 19:46:42,2026-08-15 22:57:42
1773,362,9,游戏动漫商品_1773,这是一个测试商品，编号1773，属于游戏动漫分类。,50.0,3,/uploads/product/cover_17.jpg,ON_SALE,EXPRESS,2026-07-30 03:05:42,2026-08-15 07:10:42
1774,515,3,日用百货商品_1774,这是一个测试商品，编号1774，属于日用百货分类。,25.0,4,/uploads/product/cover_6.jpg,ON_SALE,EXPRESS,2026-07-28 12:42:42,2026-08-13 20:25:42
1775,914,3,日用百货商品_1775,这是一个测试商品，编号1775，属于日用百货分类。,5.0,3,/uploads/product/cover_1.jpg,ON_SALE,EXPRESS,2026-08-09 00:23:42,2026-08-12 21:28:42
1776,201,5,服装鞋帽商品_1776,这是一个测试商品，编号1776，属于服装鞋帽分类。,60.0,4,/uploads/product/cover_10.jpg,ON_SALE,EXPRESS,2026-08-07 10:47:42,2026-08-13 11:18:42
1777,571,6,零食饮料商品_1777,这是一个测试商品，编号1777，属于零食饮料分类。,100.0,4,/uploads/product/cover_12.jpg,ON_SALE,"MEETUP,EXPRESS",2026-08-08 23:51:42,2026-08-11 19:20:42
1778,427,7,文具办公商品_1778,这是一个测试商品，编号1778，属于文具办公分类。,12.0,2,/uploads/product/cover_5.jpg,ON_SALE,MEETUP,2026-08-09 08:00:42,2026-08-15 11:01:42
1779,320,7,文具办公商品_1779,这是一个测试商品，编号1779，属于文具办公分类。,5.0,2,/uploads/product/cover_2.jpg,ON_SALE,"MEETUP,EXPRESS",2026-08-03 05:43:42,2026-08-15 10:06:42
1780,61,5,服装鞋帽商品_1780,这是一个测试商品，编号1780，属于服装鞋帽分类。,20.0,2,/uploads/product/cover_3.jpg,ON_SALE,MEETUP,2026-08-03 20:43:42,2026-08-13 20:34:42
1781,182,4,运动户外商品_1781,这是一个测试商品，编号1781，属于运动户外分类。,8.0,4,/uploads/product/cover_6.jpg,ON_SALE,EXPRESS,2026-07-30 05:44:42,2026-08-15 12:32:42
1782,471,5,服装鞋帽商品_1782,这是一个测试商品，编号1782，属于服装鞋帽分类。,10.0,3,/uploads/product/cover_9.jpg,ON_SALE,MEETUP,2026-08-04 20:48:42,2026-08-14 12:38:42
1783,893,15,手工艺品商品_1783,这是一个测试商品，编号1783，属于手工艺品分类。,200.0,2,/uploads/product/cover_3.jpg,ON_SALE,"MEETUP,EXPRESS",2026-08-13 04:34:42,2026-08-14 00:39:42
1784,301,8,美妆护肤商品_1784,这是一个测试商品，编号1784，属于美妆护肤分类。,1.0,3,/uploads/product/cover_6.jpg,ON_SALE,"MEETUP,EXPRESS",2026-07-30 01:10:42,2026-08-14 13:01:42
1785,641,7,文具办公商品_1785,这是一个测试商品，编号1785，属于文具办公分类。,200.0,2,/uploads/product/cover_17.jpg,ON_SALE,"MEETUP,EXPRESS",2026-08-05 16:45:42,2026-08-12 15:48:42
1786,932,5,服装鞋帽商品_1786,这是一个测试商品，编号1786，属于服装鞋帽分类。,8.0,4,/uploads/product/cover_20.jpg,ON_SALE,"MEETUP,EXPRESS",2026-08-07 21:31:42,2026-08-14 13:18:42
1787,611,8,美妆护肤商品_1787,这是一个测试商品，编号1787，属于美妆护肤分类。,60.0,2,/uploads/product/cover_9.jpg,ON_SALE,MEETUP,2026-08-10 08:42:42,2026-08-11 23:22:42
1788,904,6,零食饮料商品_1788,这是一个测试商品，编号1788，属于零食饮料分类。,25.0,5,/uploads/product/cover_4.jpg,ON_SALE,MEETUP,2026-08-09 18:52:42,2026-08-13 08:04:42
1789,123,6,零食饮料商品_1789,这是一个测试商品，编号1789，属于零食饮料分类。,150.0,1,/uploads/product/cover_17.jpg,ON_SALE,"MEETUP,EXPRESS",2026-08-08 02:59:42,2026-08-12 12:57:42
1790,704,1,教材教辅商品_1790,这是一个测试商品，编号1790，属于教材教辅分类。,100.0,3,/uploads/product/cover_15.jpg,ON_SALE,EXPRESS,2026-08-11 10:35:42,2026-08-15 16:54:42
1791,742,2,电子数码商品_1791,这是一个测试商品，编号1791，属于电子数码分类。,60.0,2,/uploads/product/cover_9.jpg,ON_SALE,MEETUP,2026-08-07 11:08:42,2026-08-13 01:15:42
1792,697,3,日用百货商品_1792,这是一个测试商品，编号1792，属于日用百货分类。,3.0,3,/uploads/product/cover_7.jpg,ON_SALE,EXPRESS,2026-08-14 22:51:42,2026-08-13 22:29:42
1793,14,7,文具办公商品_1793,这是一个测试商品，编号1793，属于文具办公分类。,8.0,5,/uploads/product/cover_13.jpg,ON_SALE,"MEETUP,EXPRESS",2026-08-16 06:04:42,2026-08-11 22:29:42
1794,249,15,手工艺品商品_1794,这是一个测试商品，编号1794，属于手工艺品分类。,12.0,3,/uploads/product/cover_20.jpg,ON_SALE,"MEETUP,EXPRESS",2026-08-12 16:22:42,2026-08-12 23:11:42
1795,644,7,文具办公商品_1795,这是一个测试商品，编号1795，属于文具办公分类。,10.0,3,/uploads/product/cover_1.jpg,ON_SALE,MEETUP,2026-08-14 10:27:42,2026-08-16 07:18:42
1796,10,2,电子数码商品_1796,这是一个测试商品，编号1796，属于电子数码分类。,20.0,2,/uploads/product/cover_11.jpg,ON_SALE,"MEETUP,EXPRESS",2026-08-11 19:43:42,2026-08-16 05:53:42
1797,2,13,交通工具商品_1797,这是一个测试商品，编号1797，属于交通工具分类。,150.0,1,/uploads/product/cover_6.jpg,ON_SALE,MEETUP,2026-08-11 00:56:42,2026-08-12 01:29:42
1798,809,4,运动户外商品_1798,这是一个测试商品，编号1798，属于运动户外分类。,60.0,2,/uploads/product/cover_4.jpg,ON_SALE,"MEETUP,EXPRESS",2026-08-15 01:30:42,2026-08-16 10:08:42
1799,719,5,服装鞋帽商品_1799,这是一个测试商品，编号1799，属于服装鞋帽分类。,120.0,2,/uploads/product/cover_12.jpg,ON_SALE,"MEETUP,EXPRESS",2026-08-01 23:30:42,2026-08-12 23:17:42
1800,834,9,游戏动漫商品_1800,这是一个测试商品，编号1800，属于游戏动漫分类。,12.0,3,/uploads/product/cover_6.jpg,ON_SALE,"MEETUP,EXPRESS",2026-08-14 22:51:42,2026-08-14 16:38:42
1801,859,3,日用百货商品_1801,这是一个测试商品，编号1801，属于日用百货分类。,150.0,3,/uploads/product/cover_13.jpg,ON_SALE,"MEETUP,EXPRESS",2026-08-01 11:02:42,2026-08-13 13:40:42
1802,723,15,手工艺品商品_1802,这是一个测试商品，编号1802，属于手工艺品分类。,120.0,4,/uploads/product/cover_3.jpg,ON_SALE,EXPRESS,2026-08-05 00:32:42,2026-08-15 02:10:42
1803,949,12,乐器音响商品_1803,这是一个测试商品，编号1803，属于乐器音响分类。,1.0,5,/uploads/product/cover_20.jpg,ON_SALE,MEETUP,2026-08-02 08:13:42,2026-08-12 20:28:42
1804,219,12,乐器音响商品_1804,这是一个测试商品，编号1804，属于乐器音响分类。,25.0,5,/uploads/product/cover_17.jpg,ON_SALE,"MEETUP,EXPRESS",2026-07-29 11:54:42,2026-08-14 08:24:42
1805,490,11,图书小说商品_1805,这是一个测试商品，编号1805，属于图书小说分类。,25.0,5,/uploads/product/cover_18.jpg,ON_SALE,"MEETUP,EXPRESS",2026-08-04 04:28:42,2026-08-16 03:36:42
1806,738,1,教材教辅商品_1806,这是一个测试商品，编号1806，属于教材教辅分类。,20.0,3,/uploads/product/cover_19.jpg,ON_SALE,"MEETUP,EXPRESS",2026-07-28 10:09:42,2026-08-12 15:35:42
1807,5,14,宠物用品商品_1807,这是一个测试商品，编号1807，属于宠物用品分类。,150.0,2,/uploads/product/cover_19.jpg,ON_SALE,"MEETUP,EXPRESS",2026-08-09 08:04:42,2026-08-12 19:54:42
1808,896,9,游戏动漫商品_1808,这是一个测试商品，编号1808，属于游戏动漫分类。,30.0,3,/uploads/product/cover_18.jpg,ON_SALE,EXPRESS,2026-08-02 23:15:42,2026-08-13 05:10:42
1809,16,4,运动户外商品_1809,这是一个测试商品，编号1809，属于运动户外分类。,8.0,3,/uploads/product/cover_10.jpg,ON_SALE,EXPRESS,2026-08-02 06:54:42,2026-08-13 08:01:42
1810,84,2,电子数码商品_1810,这是一个测试商品，编号1810，属于电子数码分类。,50.0,1,/uploads/product/cover_3.jpg,ON_SALE,EXPRESS,2026-08-07 14:31:42,2026-08-14 21:47:42
1811,389,14,宠物用品商品_1811,这是一个测试商品，编号1811，属于宠物用品分类。,200.0,3,/uploads/product/cover_4.jpg,ON_SALE,EXPRESS,2026-08-16 14:01:42,2026-08-14 07:18:42
1812,301,9,游戏动漫商品_1812,这是一个测试商品，编号1812，属于游戏动漫分类。,10.0,3,/uploads/product/cover_20.jpg,ON_SALE,EXPRESS,2026-08-09 08:30:42,2026-08-14 11:34:42
1813,162,11,图书小说商品_1813,这是一个测试商品，编号1813，属于图书小说分类。,150.0,2,/uploads/product/cover_16.jpg,ON_SALE,MEETUP,2026-07-29 08:53:42,2026-08-12 18:58:42
1814,428,13,交通工具商品_1814,这是一个测试商品，编号1814，属于交通工具分类。,2.0,3,/uploads/product/cover_15.jpg,ON_SALE,"MEETUP,EXPRESS",2026-08-01 10:20:42,2026-08-13 18:57:42
1815,768,6,零食饮料商品_1815,这是一个测试商品，编号1815，属于零食饮料分类。,30.0,1,/uploads/product/cover_6.jpg,ON_SALE,"MEETUP,EXPRESS",2026-08-05 19:20:42,2026-08-14 05:26:42
1816,813,2,电子数码商品_1816,这是一个测试商品，编号1816，属于电子数码分类。,10.0,4,/uploads/product/cover_11.jpg,ON_SALE,"MEETUP,EXPRESS",2026-08-11 03:18:42,2026-08-14 23:38:42
1817,577,6,零食饮料商品_1817,这是一个测试商品，编号1817，属于零食饮料分类。,8.0,2,/uploads/product/cover_7.jpg,ON_SALE,EXPRESS,2026-08-04 03:39:42,2026-08-12 00:16:42
1818,55,1,教材教辅商品_1818,这是一个测试商品，编号1818，属于教材教辅分类。,30.0,2,/uploads/product/cover_17.jpg,ON_SALE,MEETUP,2026-08-08 17:27:42,2026-08-16 17:20:42
1819,269,6,零食饮料商品_1819,这是一个测试商品，编号1819，属于零食饮料分类。,15.0,5,/uploads/product/cover_3.jpg,ON_SALE,"MEETUP,EXPRESS",2026-08-07 14:29:42,2026-08-11 19:35:42
1820,482,4,运动户外商品_1820,这是一个测试商品，编号1820，属于运动户外分类。,1.0,5,/uploads/product/cover_11.jpg,ON_SALE,"MEETUP,EXPRESS",2026-08-09 21:17:42,2026-08-13 06:10:42
1821,254,3,日用百货商品_1821,这是一个测试商品，编号1821，属于日用百货分类。,1.0,5,/uploads/product/cover_10.jpg,ON_SALE,MEETUP,2026-08-14 09:47:42,2026-08-12 19:45:42
1822,23,1,教材教辅商品_1822,这是一个测试商品，编号1822，属于教材教辅分类。,150.0,5,/uploads/product/cover_12.jpg,ON_SALE,"MEETUP,EXPRESS",2026-08-16 06:05:42,2026-08-15 12:39:42
1823,907,2,电子数码商品_1823,这是一个测试商品，编号1823，属于电子数码分类。,8.0,1,/uploads/product/cover_17.jpg,ON_SALE,EXPRESS,2026-08-01 02:24:42,2026-08-15 04:46:42
1824,534,11,图书小说商品_1824,这是一个测试商品，编号1824，属于图书小说分类。,50.0,4,/uploads/product/cover_12.jpg,ON_SALE,EXPRESS,2026-08-09 21:42:42,2026-08-12 17:37:42
1825,105,8,美妆护肤商品_1825,这是一个测试商品，编号1825，属于美妆护肤分类。,15.0,1,/uploads/product/cover_13.jpg,ON_SALE,"MEETUP,EXPRESS",2026-08-09 12:02:42,2026-08-15 17:23:42
1826,835,5,服装鞋帽商品_1826,这是一个测试商品，编号1826，属于服装鞋帽分类。,2.0,3,/uploads/product/cover_3.jpg,ON_SALE,EXPRESS,2026-08-07 11:29:42,2026-08-13 17:13:42
1827,186,11,图书小说商品_1827,这是一个测试商品，编号1827，属于图书小说分类。,5.0,5,/uploads/product/cover_7.jpg,ON_SALE,"MEETUP,EXPRESS",2026-08-09 02:57:42,2026-08-12 01:52:42
1828,749,11,图书小说商品_1828,这是一个测试商品，编号1828，属于图书小说分类。,50.0,1,/uploads/product/cover_2.jpg,ON_SALE,EXPRESS,2026-08-09 05:24:42,2026-08-13 03:26:42
1829,802,8,美妆护肤商品_1829,这是一个测试商品，编号1829，属于美妆护肤分类。,12.0,2,/uploads/product/cover_14.jpg,ON_SALE,MEETUP,2026-08-02 06:36:42,2026-08-14 07:36:42
1830,339,4,运动户外商品_1830,这是一个测试商品，编号1830，属于运动户外分类。,10.0,3,/uploads/product/cover_17.jpg,ON_SALE,"MEETUP,EXPRESS",2026-07-28 08:04:42,2026-08-14 12:33:42
1831,791,2,电子数码商品_1831,这是一个测试商品，编号1831，属于电子数码分类。,20.0,1,/uploads/product/cover_5.jpg,ON_SALE,MEETUP,2026-07-28 12:19:42,2026-08-14 07:42:42
1832,241,9,游戏动漫商品_1832,这是一个测试商品，编号1832，属于游戏动漫分类。,10.0,5,/uploads/product/cover_5.jpg,ON_SALE,"MEETUP,EXPRESS",2026-08-09 12:14:42,2026-08-16 12:32:42
1833,696,5,服装鞋帽商品_1833,这是一个测试商品，编号1833，属于服装鞋帽分类。,15.0,5,/uploads/product/cover_11.jpg,ON_SALE,MEETUP,2026-08-16 04:54:42,2026-08-15 06:39:42
1834,18,3,日用百货商品_1834,这是一个测试商品，编号1834，属于日用百货分类。,8.0,4,/uploads/product/cover_1.jpg,ON_SALE,MEETUP,2026-08-02 09:10:42,2026-08-16 08:15:42
1835,127,5,服装鞋帽商品_1835,这是一个测试商品，编号1835，属于服装鞋帽分类。,200.0,5,/uploads/product/cover_16.jpg,ON_SALE,MEETUP,2026-08-11 14:56:42,2026-08-13 09:20:42
1836,251,11,图书小说商品_1836,这是一个测试商品，编号1836，属于图书小说分类。,150.0,2,/uploads/product/cover_15.jpg,ON_SALE,EXPRESS,2026-07-29 04:40:42,2026-08-16 13:18:42
1837,289,7,文具办公商品_1837,这是一个测试商品，编号1837，属于文具办公分类。,10.0,5,/uploads/product/cover_11.jpg,ON_SALE,MEETUP,2026-08-11 07:45:42,2026-08-16 13:41:42
1838,759,9,游戏动漫商品_1838,这是一个测试商品，编号1838，属于游戏动漫分类。,2.0,5,/uploads/product/cover_7.jpg,ON_SALE,MEETUP,2026-08-02 15:45:42,2026-08-14 01:44:42
1839,550,9,游戏动漫商品_1839,这是一个测试商品，编号1839，属于游戏动漫分类。,150.0,5,/uploads/product/cover_20.jpg,ON_SALE,"MEETUP,EXPRESS",2026-07-28 20:59:42,2026-08-12 09:02:42
1840,618,2,电子数码商品_1840,这是一个测试商品，编号1840，属于电子数码分类。,2.0,4,/uploads/product/cover_11.jpg,ON_SALE,EXPRESS,2026-07-29 16:08:42,2026-08-12 10:35:42
1841,857,11,图书小说商品_1841,这是一个测试商品，编号1841，属于图书小说分类。,3.0,3,/uploads/product/cover_10.jpg,ON_SALE,MEETUP,2026-08-08 08:46:42,2026-08-15 00:55:42
1842,31,2,电子数码商品_1842,这是一个测试商品，编号1842，属于电子数码分类。,150.0,3,/uploads/product/cover_6.jpg,ON_SALE,MEETUP,2026-08-11 19:22:42,2026-08-13 03:21:42
1843,375,5,服装鞋帽商品_1843,这是一个测试商品，编号1843，属于服装鞋帽分类。,1.0,4,/uploads/product/cover_1.jpg,ON_SALE,"MEETUP,EXPRESS",2026-07-31 00:25:42,2026-08-12 23:12:42
1844,355,2,电子数码商品_1844,这是一个测试商品，编号1844，属于电子数码分类。,10.0,3,/uploads/product/cover_13.jpg,ON_SALE,MEETUP,2026-08-14 18:56:42,2026-08-11 21:07:42
1845,234,8,美妆护肤商品_1845,这是一个测试商品，编号1845，属于美妆护肤分类。,8.0,2,/uploads/product/cover_11.jpg,ON_SALE,"MEETUP,EXPRESS",2026-08-12 02:11:42,2026-08-16 17:04:42
1846,708,11,图书小说商品_1846,这是一个测试商品，编号1846，属于图书小说分类。,200.0,1,/uploads/product/cover_15.jpg,ON_SALE,MEETUP,2026-08-14 22:24:42,2026-08-15 10:11:42
1847,872,1,教材教辅商品_1847,这是一个测试商品，编号1847，属于教材教辅分类。,8.0,2,/uploads/product/cover_4.jpg,ON_SALE,MEETUP,2026-08-13 11:13:42,2026-08-14 18:08:42
1848,500,13,交通工具商品_1848,这是一个测试商品，编号1848，属于交通工具分类。,30.0,1,/uploads/product/cover_13.jpg,ON_SALE,MEETUP,2026-08-05 03:35:42,2026-08-15 03:33:42
1849,296,12,乐器音响商品_1849,这是一个测试商品，编号1849，属于乐器音响分类。,50.0,5,/uploads/product/cover_7.jpg,ON_SALE,"MEETUP,EXPRESS",2026-07-30 06:24:42,2026-08-12 07:57:42
1850,93,11,图书小说商品_1850,这是一个测试商品，编号1850，属于图书小说分类。,2.0,1,/uploads/product/cover_14.jpg,ON_SALE,MEETUP,2026-07-31 02:51:42,2026-08-14 07:08:42
1851,480,12,乐器音响商品_1851,这是一个测试商品，编号1851，属于乐器音响分类。,20.0,3,/uploads/product/cover_12.jpg,ON_SALE,MEETUP,2026-08-03 16:00:42,2026-08-13 05:20:42
1852,597,1,教材教辅商品_1852,这是一个测试商品，编号1852，属于教材教辅分类。,200.0,5,/uploads/product/cover_8.jpg,ON_SALE,MEETUP,2026-08-09 06:39:42,2026-08-12 22:55:42
1853,350,6,零食饮料商品_1853,这是一个测试商品，编号1853，属于零食饮料分类。,2.0,1,/uploads/product/cover_14.jpg,ON_SALE,"MEETUP,EXPRESS",2026-08-14 11:42:42,2026-08-12 08:29:42
1854,193,3,日用百货商品_1854,这是一个测试商品，编号1854，属于日用百货分类。,50.0,3,/uploads/product/cover_12.jpg,ON_SALE,"MEETUP,EXPRESS",2026-07-31 14:32:42,2026-08-12 23:30:42
1855,69,2,电子数码商品_1855,这是一个测试商品，编号1855，属于电子数码分类。,30.0,2,/uploads/product/cover_14.jpg,ON_SALE,EXPRESS,2026-08-01 18:58:42,2026-08-14 01:02:42
1856,779,10,家居家电商品_1856,这是一个测试商品，编号1856，属于家居家电分类。,3.0,4,/uploads/product/cover_18.jpg,ON_SALE,MEETUP,2026-07-31 03:19:42,2026-08-11 22:17:42
1857,419,2,电子数码商品_1857,这是一个测试商品，编号1857，属于电子数码分类。,80.0,5,/uploads/product/cover_14.jpg,ON_SALE,"MEETUP,EXPRESS",2026-08-15 07:45:42,2026-08-12 22:52:42
1858,267,7,文具办公商品_1858,这是一个测试商品，编号1858，属于文具办公分类。,80.0,5,/uploads/product/cover_6.jpg,ON_SALE,"MEETUP,EXPRESS",2026-08-05 00:09:42,2026-08-16 05:39:42
1859,137,1,教材教辅商品_1859,这是一个测试商品，编号1859，属于教材教辅分类。,100.0,1,/uploads/product/cover_5.jpg,ON_SALE,MEETUP,2026-08-07 06:18:42,2026-08-16 15:24:42
1860,400,2,电子数码商品_1860,这是一个测试商品，编号1860，属于电子数码分类。,80.0,5,/uploads/product/cover_3.jpg,ON_SALE,EXPRESS,2026-07-31 05:40:42,2026-08-12 21:14:42
1861,18,6,零食饮料商品_1861,这是一个测试商品，编号1861，属于零食饮料分类。,60.0,3,/uploads/product/cover_8.jpg,ON_SALE,MEETUP,2026-08-16 05:05:42,2026-08-15 13:43:42
1862,13,4,运动户外商品_1862,这是一个测试商品，编号1862，属于运动户外分类。,8.0,3,/uploads/product/cover_14.jpg,ON_SALE,MEETUP,2026-08-09 22:08:42,2026-08-14 03:26:42
1863,383,10,家居家电商品_1863,这是一个测试商品，编号1863，属于家居家电分类。,3.0,3,/uploads/product/cover_6.jpg,ON_SALE,EXPRESS,2026-07-31 09:04:42,2026-08-16 18:04:42
1864,306,14,宠物用品商品_1864,这是一个测试商品，编号1864，属于宠物用品分类。,5.0,1,/uploads/product/cover_7.jpg,ON_SALE,EXPRESS,2026-08-11 03:42:42,2026-08-16 12:07:42
1865,131,13,交通工具商品_1865,这是一个测试商品，编号1865，属于交通工具分类。,200.0,5,/uploads/product/cover_6.jpg,ON_SALE,EXPRESS,2026-08-02 09:00:42,2026-08-13 12:08:42
1866,813,3,日用百货商品_1866,这是一个测试商品，编号1866，属于日用百货分类。,1.0,2,/uploads/product/cover_11.jpg,ON_SALE,MEETUP,2026-08-14 15:20:42,2026-08-11 20:07:42
1867,155,4,运动户外商品_1867,这是一个测试商品，编号1867，属于运动户外分类。,5.0,5,/uploads/product/cover_1.jpg,ON_SALE,EXPRESS,2026-08-02 21:10:42,2026-08-12 08:23:42
1868,683,3,日用百货商品_1868,这是一个测试商品，编号1868，属于日用百货分类。,8.0,1,/uploads/product/cover_18.jpg,ON_SALE,MEETUP,2026-08-09 22:13:42,2026-08-15 20:49:42
1869,97,9,游戏动漫商品_1869,这是一个测试商品，编号1869，属于游戏动漫分类。,50.0,1,/uploads/product/cover_15.jpg,ON_SALE,MEETUP,2026-07-28 18:04:42,2026-08-14 22:30:42
1870,435,7,文具办公商品_1870,这是一个测试商品，编号1870，属于文具办公分类。,3.0,2,/uploads/product/cover_13.jpg,ON_SALE,EXPRESS,2026-07-28 09:25:42,2026-08-15 02:51:42
1871,666,3,日用百货商品_1871,这是一个测试商品，编号1871，属于日用百货分类。,100.0,4,/uploads/product/cover_11.jpg,ON_SALE,EXPRESS,2026-07-31 10:34:42,2026-08-16 12:43:42
1872,701,10,家居家电商品_1872,这是一个测试商品，编号1872，属于家居家电分类。,25.0,1,/uploads/product/cover_6.jpg,ON_SALE,EXPRESS,2026-07-28 10:54:42,2026-08-15 03:32:42
1873,224,11,图书小说商品_1873,这是一个测试商品，编号1873，属于图书小说分类。,2.0,2,/uploads/product/cover_4.jpg,ON_SALE,EXPRESS,2026-08-10 14:10:42,2026-08-13 19:34:42
1874,130,12,乐器音响商品_1874,这是一个测试商品，编号1874，属于乐器音响分类。,12.0,3,/uploads/product/cover_14.jpg,ON_SALE,MEETUP,2026-08-13 00:15:42,2026-08-14 17:03:42
1875,826,1,教材教辅商品_1875,这是一个测试商品，编号1875，属于教材教辅分类。,100.0,3,/uploads/product/cover_13.jpg,ON_SALE,EXPRESS,2026-08-02 01:52:42,2026-08-13 16:47:42
1876,718,6,零食饮料商品_1876,这是一个测试商品，编号1876，属于零食饮料分类。,3.0,2,/uploads/product/cover_10.jpg,ON_SALE,EXPRESS,2026-08-07 01:17:42,2026-08-16 02:33:42
1877,164,4,运动户外商品_1877,这是一个测试商品，编号1877，属于运动户外分类。,60.0,5,/uploads/product/cover_17.jpg,ON_SALE,"MEETUP,EXPRESS",2026-08-15 20:51:42,2026-08-14 15:38:42
1878,602,8,美妆护肤商品_1878,这是一个测试商品，编号1878，属于美妆护肤分类。,12.0,4,/uploads/product/cover_14.jpg,ON_SALE,MEETUP,2026-07-29 16:40:42,2026-08-12 19:50:42
1879,419,8,美妆护肤商品_1879,这是一个测试商品，编号1879，属于美妆护肤分类。,2.0,4,/uploads/product/cover_12.jpg,ON_SALE,"MEETUP,EXPRESS",2026-07-31 13:47:42,2026-08-13 15:02:42
1880,582,11,图书小说商品_1880,这是一个测试商品，编号1880，属于图书小说分类。,1.0,3,/uploads/product/cover_19.jpg,ON_SALE,EXPRESS,2026-08-16 14:19:42,2026-08-14 01:01:42
1881,270,4,运动户外商品_1881,这是一个测试商品，编号1881，属于运动户外分类。,200.0,3,/uploads/product/cover_11.jpg,ON_SALE,MEETUP,2026-08-01 05:00:42,2026-08-13 16:09:42
1882,903,15,手工艺品商品_1882,这是一个测试商品，编号1882，属于手工艺品分类。,100.0,5,/uploads/product/cover_18.jpg,ON_SALE,MEETUP,2026-08-05 22:34:42,2026-08-15 18:59:42
1883,938,12,乐器音响商品_1883,这是一个测试商品，编号1883，属于乐器音响分类。,10.0,5,/uploads/product/cover_3.jpg,ON_SALE,EXPRESS,2026-08-04 23:33:42,2026-08-12 19:27:42
1884,528,3,日用百货商品_1884,这是一个测试商品，编号1884，属于日用百货分类。,80.0,2,/uploads/product/cover_19.jpg,ON_SALE,EXPRESS,2026-08-05 00:07:42,2026-08-15 06:04:42
1885,16,10,家居家电商品_1885,这是一个测试商品，编号1885，属于家居家电分类。,20.0,3,/uploads/product/cover_3.jpg,ON_SALE,"MEETUP,EXPRESS",2026-08-02 18:29:42,2026-08-13 15:20:42
1886,794,11,图书小说商品_1886,这是一个测试商品，编号1886，属于图书小说分类。,1.0,2,/uploads/product/cover_14.jpg,ON_SALE,"MEETUP,EXPRESS",2026-07-31 03:21:42,2026-08-16 04:47:42
1887,1,1,教材教辅商品_1887,这是一个测试商品，编号1887，属于教材教辅分类。,30.0,2,/uploads/product/cover_7.jpg,ON_SALE,EXPRESS,2026-07-30 15:51:42,2026-08-15 18:07:42
1888,935,7,文具办公商品_1888,这是一个测试商品，编号1888，属于文具办公分类。,8.0,4,/uploads/product/cover_14.jpg,ON_SALE,"MEETUP,EXPRESS",2026-08-02 13:54:42,2026-08-14 22:27:42
1889,229,13,交通工具商品_1889,这是一个测试商品，编号1889，属于交通工具分类。,200.0,3,/uploads/product/cover_17.jpg,ON_SALE,"MEETUP,EXPRESS",2026-08-04 07:29:42,2026-08-13 18:26:42
1890,656,10,家居家电商品_1890,这是一个测试商品，编号1890，属于家居家电分类。,20.0,1,/uploads/product/cover_12.jpg,ON_SALE,MEETUP,2026-08-06 03:04:42,2026-08-14 12:18:42
1891,418,8,美妆护肤商品_1891,这是一个测试商品，编号1891，属于美妆护肤分类。,25.0,1,/uploads/product/cover_11.jpg,ON_SALE,MEETUP,2026-08-04 04:43:42,2026-08-12 11:51:42
1892,402,12,乐器音响商品_1892,这是一个测试商品，编号1892，属于乐器音响分类。,150.0,5,/uploads/product/cover_1.jpg,ON_SALE,EXPRESS,2026-08-06 10:28:42,2026-08-11 22:21:42
1893,508,12,乐器音响商品_1893,这是一个测试商品，编号1893，属于乐器音响分类。,100.0,1,/uploads/product/cover_12.jpg,ON_SALE,EXPRESS,2026-07-31 05:21:42,2026-08-16 17:01:42
1894,165,4,运动户外商品_1894,这是一个测试商品，编号1894，属于运动户外分类。,1.0,1,/uploads/product/cover_5.jpg,ON_SALE,EXPRESS,2026-08-11 05:02:42,2026-08-13 14:35:42
1895,279,13,交通工具商品_1895,这是一个测试商品，编号1895，属于交通工具分类。,25.0,5,/uploads/product/cover_2.jpg,ON_SALE,EXPRESS,2026-08-15 00:35:42,2026-08-12 17:36:42
1896,15,13,交通工具商品_1896,这是一个测试商品，编号1896，属于交通工具分类。,15.0,3,/uploads/product/cover_13.jpg,ON_SALE,"MEETUP,EXPRESS",2026-08-05 23:05:42,2026-08-12 19:55:42
1897,42,2,电子数码商品_1897,这是一个测试商品，编号1897，属于电子数码分类。,5.0,5,/uploads/product/cover_2.jpg,ON_SALE,"MEETUP,EXPRESS",2026-08-02 12:22:42,2026-08-12 08:39:42
1898,402,15,手工艺品商品_1898,这是一个测试商品，编号1898，属于手工艺品分类。,12.0,2,/uploads/product/cover_10.jpg,ON_SALE,EXPRESS,2026-08-01 09:40:42,2026-08-13 00:41:42
1899,840,9,游戏动漫商品_1899,这是一个测试商品，编号1899，属于游戏动漫分类。,10.0,5,/uploads/product/cover_9.jpg,ON_SALE,"MEETUP,EXPRESS",2026-08-10 15:19:42,2026-08-12 08:19:42
1900,388,2,电子数码商品_1900,这是一个测试商品，编号1900，属于电子数码分类。,25.0,5,/uploads/product/cover_8.jpg,ON_SALE,"MEETUP,EXPRESS",2026-08-13 12:55:42,2026-08-14 09:47:42
1901,955,11,图书小说商品_1901,这是一个测试商品，编号1901，属于图书小说分类。,120.0,3,/uploads/product/cover_6.jpg,ON_SALE,MEETUP,2026-08-14 15:50:42,2026-08-11 22:53:42
1902,202,10,家居家电商品_1902,这是一个测试商品，编号1902，属于家居家电分类。,2.0,3,/uploads/product/cover_1.jpg,ON_SALE,EXPRESS,2026-08-07 13:13:42,2026-08-12 09:51:42
1903,846,6,零食饮料商品_1903,这是一个测试商品，编号1903，属于零食饮料分类。,50.0,5,/uploads/product/cover_15.jpg,ON_SALE,EXPRESS,2026-07-27 19:03:42,2026-08-12 17:09:42
1904,700,13,交通工具商品_1904,这是一个测试商品，编号1904，属于交通工具分类。,100.0,2,/uploads/product/cover_8.jpg,ON_SALE,EXPRESS,2026-07-29 20:27:42,2026-08-13 04:31:42
1905,874,1,教材教辅商品_1905,这是一个测试商品，编号1905，属于教材教辅分类。,8.0,4,/uploads/product/cover_6.jpg,ON_SALE,EXPRESS,2026-07-31 00:35:42,2026-08-16 12:06:42
1906,972,1,教材教辅商品_1906,这是一个测试商品，编号1906，属于教材教辅分类。,200.0,2,/uploads/product/cover_19.jpg,ON_SALE,EXPRESS,2026-08-01 01:42:42,2026-08-12 04:37:42
1907,298,1,教材教辅商品_1907,这是一个测试商品，编号1907，属于教材教辅分类。,80.0,5,/uploads/product/cover_4.jpg,ON_SALE,EXPRESS,2026-08-10 05:40:42,2026-08-14 20:07:42
1908,583,11,图书小说商品_1908,这是一个测试商品，编号1908，属于图书小说分类。,80.0,5,/uploads/product/cover_15.jpg,ON_SALE,EXPRESS,2026-08-16 13:31:42,2026-08-13 11:23:42
1909,171,8,美妆护肤商品_1909,这是一个测试商品，编号1909，属于美妆护肤分类。,5.0,1,/uploads/product/cover_12.jpg,ON_SALE,MEETUP,2026-07-30 16:20:42,2026-08-14 15:41:42
1910,229,2,电子数码商品_1910,这是一个测试商品，编号1910，属于电子数码分类。,20.0,4,/uploads/product/cover_17.jpg,ON_SALE,MEETUP,2026-08-15 08:27:42,2026-08-13 06:02:42
1911,464,2,电子数码商品_1911,这是一个测试商品，编号1911，属于电子数码分类。,25.0,5,/uploads/product/cover_5.jpg,ON_SALE,EXPRESS,2026-07-30 01:17:42,2026-08-15 17:00:42
1912,234,15,手工艺品商品_1912,这是一个测试商品，编号1912，属于手工艺品分类。,10.0,2,/uploads/product/cover_17.jpg,ON_SALE,MEETUP,2026-08-06 04:38:42,2026-08-16 07:23:42
1913,640,4,运动户外商品_1913,这是一个测试商品，编号1913，属于运动户外分类。,50.0,1,/uploads/product/cover_7.jpg,ON_SALE,MEETUP,2026-08-16 06:27:42,2026-08-13 02:25:42
1914,114,5,服装鞋帽商品_1914,这是一个测试商品，编号1914，属于服装鞋帽分类。,50.0,5,/uploads/product/cover_16.jpg,ON_SALE,EXPRESS,2026-08-11 06:35:42,2026-08-14 04:51:42
1915,194,5,服装鞋帽商品_1915,这是一个测试商品，编号1915，属于服装鞋帽分类。,3.0,5,/uploads/product/cover_14.jpg,ON_SALE,MEETUP,2026-08-07 20:32:42,2026-08-15 20:08:42
1916,317,4,运动户外商品_1916,这是一个测试商品，编号1916，属于运动户外分类。,1.0,4,/uploads/product/cover_12.jpg,ON_SALE,"MEETUP,EXPRESS",2026-08-05 04:09:42,2026-08-14 09:12:42
1917,831,9,游戏动漫商品_1917,这是一个测试商品，编号1917，属于游戏动漫分类。,60.0,2,/uploads/product/cover_11.jpg,ON_SALE,"MEETUP,EXPRESS",2026-08-02 22:02:42,2026-08-12 00:52:42
1918,725,14,宠物用品商品_1918,这是一个测试商品，编号1918，属于宠物用品分类。,20.0,5,/uploads/product/cover_12.jpg,ON_SALE,"MEETUP,EXPRESS",2026-08-13 15:35:42,2026-08-13 02:58:42
1919,256,9,游戏动漫商品_1919,这是一个测试商品，编号1919，属于游戏动漫分类。,100.0,3,/uploads/product/cover_3.jpg,ON_SALE,MEETUP,2026-08-02 05:37:42,2026-08-13 03:53:42
1920,665,1,教材教辅商品_1920,这是一个测试商品，编号1920，属于教材教辅分类。,2.0,4,/uploads/product/cover_18.jpg,ON_SALE,"MEETUP,EXPRESS",2026-07-28 01:43:42,2026-08-11 19:42:42
1921,70,5,服装鞋帽商品_1921,这是一个测试商品，编号1921，属于服装鞋帽分类。,100.0,4,/uploads/product/cover_11.jpg,ON_SALE,EXPRESS,2026-08-15 13:07:42,2026-08-13 08:23:42
1922,976,1,教材教辅商品_1922,这是一个测试商品，编号1922，属于教材教辅分类。,8.0,2,/uploads/product/cover_10.jpg,ON_SALE,EXPRESS,2026-08-05 06:43:42,2026-08-15 12:06:42
1923,554,4,运动户外商品_1923,这是一个测试商品，编号1923，属于运动户外分类。,30.0,3,/uploads/product/cover_20.jpg,ON_SALE,MEETUP,2026-08-12 10:06:42,2026-08-14 04:52:42
1924,348,6,零食饮料商品_1924,这是一个测试商品，编号1924，属于零食饮料分类。,15.0,3,/uploads/product/cover_16.jpg,ON_SALE,EXPRESS,2026-08-12 06:43:42,2026-08-12 01:55:42
1925,844,13,交通工具商品_1925,这是一个测试商品，编号1925，属于交通工具分类。,80.0,2,/uploads/product/cover_9.jpg,ON_SALE,EXPRESS,2026-08-12 04:50:42,2026-08-13 15:13:42
1926,538,13,交通工具商品_1926,这是一个测试商品，编号1926，属于交通工具分类。,3.0,2,/uploads/product/cover_17.jpg,ON_SALE,EXPRESS,2026-08-03 23:56:42,2026-08-12 19:39:42
1927,493,12,乐器音响商品_1927,这是一个测试商品，编号1927，属于乐器音响分类。,8.0,2,/uploads/product/cover_7.jpg,ON_SALE,EXPRESS,2026-08-01 18:42:42,2026-08-12 07:14:42
1928,286,9,游戏动漫商品_1928,这是一个测试商品，编号1928，属于游戏动漫分类。,25.0,4,/uploads/product/cover_6.jpg,ON_SALE,MEETUP,2026-07-31 15:19:42,2026-08-15 15:05:42
1929,626,3,日用百货商品_1929,这是一个测试商品，编号1929，属于日用百货分类。,30.0,5,/uploads/product/cover_9.jpg,ON_SALE,"MEETUP,EXPRESS",2026-08-10 20:41:42,2026-08-15 02:07:42
1930,714,14,宠物用品商品_1930,这是一个测试商品，编号1930，属于宠物用品分类。,5.0,4,/uploads/product/cover_6.jpg,ON_SALE,MEETUP,2026-08-08 21:18:42,2026-08-13 19:49:42
1931,934,6,零食饮料商品_1931,这是一个测试商品，编号1931，属于零食饮料分类。,60.0,3,/uploads/product/cover_11.jpg,ON_SALE,MEETUP,2026-08-08 16:02:42,2026-08-11 23:45:42
1932,326,15,手工艺品商品_1932,这是一个测试商品，编号1932，属于手工艺品分类。,120.0,5,/uploads/product/cover_8.jpg,ON_SALE,"MEETUP,EXPRESS",2026-08-08 18:52:42,2026-08-15 07:30:42
1933,231,4,运动户外商品_1933,这是一个测试商品，编号1933，属于运动户外分类。,5.0,2,/uploads/product/cover_17.jpg,ON_SALE,"MEETUP,EXPRESS",2026-08-03 03:43:42,2026-08-13 21:36:42
1934,892,5,服装鞋帽商品_1934,这是一个测试商品，编号1934，属于服装鞋帽分类。,5.0,4,/uploads/product/cover_19.jpg,ON_SALE,EXPRESS,2026-08-04 07:27:42,2026-08-16 05:02:42
1935,813,10,家居家电商品_1935,这是一个测试商品，编号1935，属于家居家电分类。,60.0,4,/uploads/product/cover_5.jpg,ON_SALE,"MEETUP,EXPRESS",2026-08-10 14:06:42,2026-08-14 17:22:42
1936,428,14,宠物用品商品_1936,这是一个测试商品，编号1936，属于宠物用品分类。,50.0,5,/uploads/product/cover_14.jpg,ON_SALE,EXPRESS,2026-08-06 06:37:42,2026-08-15 09:27:42
1937,396,11,图书小说商品_1937,这是一个测试商品，编号1937，属于图书小说分类。,10.0,5,/uploads/product/cover_18.jpg,ON_SALE,"MEETUP,EXPRESS",2026-08-10 18:19:42,2026-08-15 07:21:42
1938,450,9,游戏动漫商品_1938,这是一个测试商品，编号1938，属于游戏动漫分类。,50.0,5,/uploads/product/cover_10.jpg,ON_SALE,MEETUP,2026-08-01 21:42:42,2026-08-13 12:51:42
1939,407,4,运动户外商品_1939,这是一个测试商品，编号1939，属于运动户外分类。,80.0,1,/uploads/product/cover_18.jpg,ON_SALE,MEETUP,2026-08-04 17:49:42,2026-08-13 13:08:42
1940,404,9,游戏动漫商品_1940,这是一个测试商品，编号1940，属于游戏动漫分类。,30.0,1,/uploads/product/cover_8.jpg,ON_SALE,"MEETUP,EXPRESS",2026-08-04 09:17:42,2026-08-16 02:03:42
1941,830,13,交通工具商品_1941,这是一个测试商品，编号1941，属于交通工具分类。,200.0,4,/uploads/product/cover_10.jpg,ON_SALE,EXPRESS,2026-08-13 22:50:42,2026-08-13 11:39:42
1942,874,14,宠物用品商品_1942,这是一个测试商品，编号1942，属于宠物用品分类。,100.0,1,/uploads/product/cover_8.jpg,ON_SALE,"MEETUP,EXPRESS",2026-08-14 20:11:42,2026-08-16 06:29:42
1943,241,7,文具办公商品_1943,这是一个测试商品，编号1943，属于文具办公分类。,3.0,2,/uploads/product/cover_5.jpg,ON_SALE,EXPRESS,2026-08-08 07:02:42,2026-08-14 09:51:42
1944,298,9,游戏动漫商品_1944,这是一个测试商品，编号1944，属于游戏动漫分类。,5.0,3,/uploads/product/cover_15.jpg,ON_SALE,EXPRESS,2026-08-04 14:45:42,2026-08-12 07:51:42
1945,783,11,图书小说商品_1945,这是一个测试商品，编号1945，属于图书小说分类。,20.0,1,/uploads/product/cover_17.jpg,ON_SALE,MEETUP,2026-07-31 05:50:42,2026-08-16 06:09:42
1946,793,12,乐器音响商品_1946,这是一个测试商品，编号1946，属于乐器音响分类。,8.0,1,/uploads/product/cover_2.jpg,ON_SALE,"MEETUP,EXPRESS",2026-08-04 18:37:42,2026-08-13 00:54:42
1947,653,8,美妆护肤商品_1947,这是一个测试商品，编号1947，属于美妆护肤分类。,20.0,3,/uploads/product/cover_20.jpg,ON_SALE,EXPRESS,2026-08-06 12:23:42,2026-08-12 14:57:42
1948,843,15,手工艺品商品_1948,这是一个测试商品，编号1948，属于手工艺品分类。,3.0,2,/uploads/product/cover_10.jpg,ON_SALE,MEETUP,2026-08-14 18:29:42,2026-08-12 22:24:42
1949,559,5,服装鞋帽商品_1949,这是一个测试商品，编号1949，属于服装鞋帽分类。,120.0,3,/uploads/product/cover_16.jpg,ON_SALE,"MEETUP,EXPRESS",2026-08-12 16:28:42,2026-08-14 17:00:42
1950,182,3,日用百货商品_1950,这是一个测试商品，编号1950，属于日用百货分类。,150.0,2,/uploads/product/cover_17.jpg,ON_SALE,EXPRESS,2026-08-10 07:38:42,2026-08-14 18:26:42
1951,79,11,图书小说商品_1951,这是一个测试商品，编号1951，属于图书小说分类。,15.0,1,/uploads/product/cover_15.jpg,ON_SALE,"MEETUP,EXPRESS",2026-07-28 02:32:42,2026-08-16 13:40:42
1952,678,6,零食饮料商品_1952,这是一个测试商品，编号1952，属于零食饮料分类。,5.0,1,/uploads/product/cover_14.jpg,ON_SALE,MEETUP,2026-08-02 15:39:42,2026-08-12 08:41:42
1953,953,11,图书小说商品_1953,这是一个测试商品，编号1953，属于图书小说分类。,100.0,2,/uploads/product/cover_4.jpg,ON_SALE,MEETUP,2026-08-14 10:26:42,2026-08-12 08:33:42
1954,262,3,日用百货商品_1954,这是一个测试商品，编号1954，属于日用百货分类。,15.0,5,/uploads/product/cover_18.jpg,ON_SALE,EXPRESS,2026-08-11 09:07:42,2026-08-12 13:45:42
1955,6,9,游戏动漫商品_1955,这是一个测试商品，编号1955，属于游戏动漫分类。,50.0,5,/uploads/product/cover_3.jpg,ON_SALE,MEETUP,2026-08-11 17:23:42,2026-08-11 21:33:42
1956,143,14,宠物用品商品_1956,这是一个测试商品，编号1956，属于宠物用品分类。,20.0,4,/uploads/product/cover_13.jpg,ON_SALE,EXPRESS,2026-08-16 15:03:42,2026-08-15 05:17:42
1957,441,6,零食饮料商品_1957,这是一个测试商品，编号1957，属于零食饮料分类。,50.0,1,/uploads/product/cover_11.jpg,ON_SALE,"MEETUP,EXPRESS",2026-07-31 19:41:42,2026-08-15 10:08:42
1958,941,4,运动户外商品_1958,这是一个测试商品，编号1958，属于运动户外分类。,15.0,5,/uploads/product/cover_10.jpg,ON_SALE,"MEETUP,EXPRESS",2026-08-15 11:03:42,2026-08-15 07:53:42
1959,760,8,美妆护肤商品_1959,这是一个测试商品，编号1959，属于美妆护肤分类。,50.0,3,/uploads/product/cover_20.jpg,ON_SALE,MEETUP,2026-08-12 11:20:42,2026-08-15 02:37:42
1960,303,13,交通工具商品_1960,这是一个测试商品，编号1960，属于交通工具分类。,10.0,2,/uploads/product/cover_16.jpg,ON_SALE,EXPRESS,2026-08-04 07:39:42,2026-08-14 23:18:42
1961,607,3,日用百货商品_1961,这是一个测试商品，编号1961，属于日用百货分类。,150.0,5,/uploads/product/cover_12.jpg,ON_SALE,EXPRESS,2026-07-31 18:43:42,2026-08-15 18:22:42
1962,421,14,宠物用品商品_1962,这是一个测试商品，编号1962，属于宠物用品分类。,150.0,1,/uploads/product/cover_10.jpg,ON_SALE,EXPRESS,2026-08-02 22:40:42,2026-08-15 00:14:42
1963,48,6,零食饮料商品_1963,这是一个测试商品，编号1963，属于零食饮料分类。,60.0,1,/uploads/product/cover_11.jpg,ON_SALE,"MEETUP,EXPRESS",2026-08-07 21:23:42,2026-08-12 21:49:42
1964,343,14,宠物用品商品_1964,这是一个测试商品，编号1964，属于宠物用品分类。,5.0,3,/uploads/product/cover_4.jpg,ON_SALE,EXPRESS,2026-08-12 12:26:42,2026-08-13 13:49:42
1965,61,8,美妆护肤商品_1965,这是一个测试商品，编号1965，属于美妆护肤分类。,10.0,3,/uploads/product/cover_10.jpg,ON_SALE,MEETUP,2026-08-01 00:11:42,2026-08-15 00:49:42
1966,709,8,美妆护肤商品_1966,这是一个测试商品，编号1966，属于美妆护肤分类。,15.0,1,/uploads/product/cover_16.jpg,ON_SALE,MEETUP,2026-08-16 18:43:42,2026-08-14 07:30:42
1967,541,12,乐器音响商品_1967,这是一个测试商品，编号1967，属于乐器音响分类。,60.0,3,/uploads/product/cover_17.jpg,ON_SALE,MEETUP,2026-08-05 20:56:42,2026-08-13 12:25:42
1968,301,10,家居家电商品_1968,这是一个测试商品，编号1968，属于家居家电分类。,150.0,4,/uploads/product/cover_13.jpg,ON_SALE,MEETUP,2026-08-16 04:47:42,2026-08-15 06:31:42
1969,748,13,交通工具商品_1969,这是一个测试商品，编号1969，属于交通工具分类。,10.0,3,/uploads/product/cover_16.jpg,ON_SALE,MEETUP,2026-08-13 14:55:42,2026-08-12 15:21:42
1970,2,7,文具办公商品_1970,这是一个测试商品，编号1970，属于文具办公分类。,80.0,5,/uploads/product/cover_20.jpg,ON_SALE,"MEETUP,EXPRESS",2026-07-30 22:46:42,2026-08-14 14:05:42
1971,547,1,教材教辅商品_1971,这是一个测试商品，编号1971，属于教材教辅分类。,200.0,3,/uploads/product/cover_7.jpg,ON_SALE,EXPRESS,2026-08-09 07:48:42,2026-08-13 18:47:42
1972,406,8,美妆护肤商品_1972,这是一个测试商品，编号1972，属于美妆护肤分类。,1.0,4,/uploads/product/cover_12.jpg,ON_SALE,"MEETUP,EXPRESS",2026-08-03 05:20:42,2026-08-14 00:56:42
1973,53,11,图书小说商品_1973,这是一个测试商品，编号1973，属于图书小说分类。,80.0,1,/uploads/product/cover_14.jpg,ON_SALE,"MEETUP,EXPRESS",2026-08-04 03:22:42,2026-08-16 04:35:42
1974,154,14,宠物用品商品_1974,这是一个测试商品，编号1974，属于宠物用品分类。,150.0,5,/uploads/product/cover_3.jpg,ON_SALE,"MEETUP,EXPRESS",2026-08-06 11:24:42,2026-08-13 10:45:42
1975,625,4,运动户外商品_1975,这是一个测试商品，编号1975，属于运动户外分类。,60.0,5,/uploads/product/cover_8.jpg,ON_SALE,"MEETUP,EXPRESS",2026-08-09 23:07:42,2026-08-14 11:17:42
1976,376,12,乐器音响商品_1976,这是一个测试商品，编号1976，属于乐器音响分类。,30.0,4,/uploads/product/cover_2.jpg,ON_SALE,EXPRESS,2026-07-30 07:43:42,2026-08-14 23:04:42
1977,573,15,手工艺品商品_1977,这是一个测试商品，编号1977，属于手工艺品分类。,12.0,2,/uploads/product/cover_10.jpg,ON_SALE,EXPRESS,2026-08-16 16:50:42,2026-08-13 23:04:42
1978,617,14,宠物用品商品_1978,这是一个测试商品，编号1978，属于宠物用品分类。,25.0,3,/uploads/product/cover_15.jpg,ON_SALE,MEETUP,2026-08-07 19:24:42,2026-08-14 21:00:42
1979,670,14,宠物用品商品_1979,这是一个测试商品，编号1979，属于宠物用品分类。,12.0,4,/uploads/product/cover_2.jpg,ON_SALE,MEETUP,2026-07-28 23:53:42,2026-08-12 05:26:42
1980,547,10,家居家电商品_1980,这是一个测试商品，编号1980，属于家居家电分类。,15.0,3,/uploads/product/cover_12.jpg,ON_SALE,MEETUP,2026-08-06 00:25:42,2026-08-13 11:16:42
1981,395,13,交通工具商品_1981,这是一个测试商品，编号1981，属于交通工具分类。,20.0,1,/uploads/product/cover_7.jpg,ON_SALE,EXPRESS,2026-08-08 18:34:42,2026-08-13 11:57:42
1982,919,9,游戏动漫商品_1982,这是一个测试商品，编号1982，属于游戏动漫分类。,3.0,5,/uploads/product/cover_4.jpg,ON_SALE,"MEETUP,EXPRESS",2026-07-30 19:54:42,2026-08-14 15:10:42
1983,691,15,手工艺品商品_1983,这是一个测试商品，编号1983，属于手工艺品分类。,25.0,3,/uploads/product/cover_14.jpg,ON_SALE,EXPRESS,2026-08-08 12:53:42,2026-08-12 19:57:42
1984,166,15,手工艺品商品_1984,这是一个测试商品，编号1984，属于手工艺品分类。,20.0,5,/uploads/product/cover_17.jpg,ON_SALE,MEETUP,2026-08-02 16:12:42,2026-08-13 00:18:42
1985,104,6,零食饮料商品_1985,这是一个测试商品，编号1985，属于零食饮料分类。,3.0,5,/uploads/product/cover_15.jpg,ON_SALE,"MEETUP,EXPRESS",2026-08-09 05:40:42,2026-08-14 16:48:42
1986,33,9,游戏动漫商品_1986,这是一个测试商品，编号1986，属于游戏动漫分类。,150.0,3,/uploads/product/cover_15.jpg,ON_SALE,EXPRESS,2026-08-03 03:56:42,2026-08-16 14:31:42
1987,336,12,乐器音响商品_1987,这是一个测试商品，编号1987，属于乐器音响分类。,25.0,2,/uploads/product/cover_18.jpg,ON_SALE,"MEETUP,EXPRESS",2026-07-30 14:02:42,2026-08-12 15:45:42
1988,870,13,交通工具商品_1988,这是一个测试商品，编号1988，属于交通工具分类。,25.0,5,/uploads/product/cover_20.jpg,ON_SALE,EXPRESS,2026-07-30 02:32:42,2026-08-15 10:19:42
1989,979,10,家居家电商品_1989,这是一个测试商品，编号1989，属于家居家电分类。,15.0,4,/uploads/product/cover_1.jpg,ON_SALE,EXPRESS,2026-07-31 09:49:42,2026-08-13 21:20:42
1990,798,15,手工艺品商品_1990,这是一个测试商品，编号1990，属于手工艺品分类。,1.0,3,/uploads/product/cover_7.jpg,ON_SALE,MEETUP,2026-08-09 17:10:42,2026-08-14 12:26:42
1991,921,4,运动户外商品_1991,这是一个测试商品，编号1991，属于运动户外分类。,8.0,1,/uploads/product/cover_17.jpg,ON_SALE,MEETUP,2026-08-05 00:30:42,2026-08-13 18:24:42
1992,842,7,文具办公商品_1992,这是一个测试商品，编号1992，属于文具办公分类。,20.0,5,/uploads/product/cover_9.jpg,ON_SALE,MEETUP,2026-07-29 19:56:42,2026-08-16 10:08:42
1993,313,1,教材教辅商品_1993,这是一个测试商品，编号1993，属于教材教辅分类。,5.0,1,/uploads/product/cover_9.jpg,ON_SALE,"MEETUP,EXPRESS",2026-08-02 07:29:42,2026-08-16 14:40:42
1994,793,1,教材教辅商品_1994,这是一个测试商品，编号1994，属于教材教辅分类。,20.0,4,/uploads/product/cover_10.jpg,ON_SALE,"MEETUP,EXPRESS",2026-08-01 23:24:42,2026-08-15 00:29:42
1995,537,3,日用百货商品_1995,这是一个测试商品，编号1995，属于日用百货分类。,50.0,5,/uploads/product/cover_17.jpg,ON_SALE,EXPRESS,2026-08-05 19:05:42,2026-08-14 14:26:42
1996,947,12,乐器音响商品_1996,这是一个测试商品，编号1996，属于乐器音响分类。,80.0,3,/uploads/product/cover_9.jpg,ON_SALE,EXPRESS,2026-08-01 00:03:42,2026-08-12 13:58:42
1997,885,2,电子数码商品_1997,这是一个测试商品，编号1997，属于电子数码分类。,2.0,5,/uploads/product/cover_16.jpg,ON_SALE,EXPRESS,2026-08-10 05:29:42,2026-08-14 10:27:42
1998,751,9,游戏动漫商品_1998,这是一个测试商品，编号1998，属于游戏动漫分类。,2.0,4,/uploads/product/cover_18.jpg,ON_SALE,EXPRESS,2026-08-08 21:25:42,2026-08-16 17:02:42
1999,718,4,运动户外商品_1999,这是一个测试商品，编号1999，属于运动户外分类。,1.0,5,/uploads/product/cover_5.jpg,ON_SALE,MEETUP,2026-07-29 17:05:42,2026-08-12 20:04:42
2000,508,2,电子数码商品_2000,这是一个测试商品，编号2000，属于电子数码分类。,12.0,5,/uploads/product/cover_11.jpg,ON_SALE,"MEETUP,EXPRESS",2026-08-04 18:06:42,2026-08-16 03:37:42
2001,951,12,乐器音响商品_2001,这是一个测试商品，编号2001，属于乐器音响分类。,100.0,1,/uploads/product/cover_9.jpg,ON_SALE,"MEETUP,EXPRESS",2026-08-11 07:31:42,2026-08-16 17:37:42
2002,124,15,手工艺品商品_2002,这是一个测试商品，编号2002，属于手工艺品分类。,80.0,1,/uploads/product/cover_14.jpg,ON_SALE,EXPRESS,2026-08-04 03:26:42,2026-08-14 14:25:42
2003,796,8,美妆护肤商品_2003,这是一个测试商品，编号2003，属于美妆护肤分类。,5.0,1,/uploads/product/cover_5.jpg,ON_SALE,MEETUP,2026-07-28 20:08:42,2026-08-13 15:27:42
2004,441,12,乐器音响商品_2004,这是一个测试商品，编号2004，属于乐器音响分类。,80.0,3,/uploads/product/cover_1.jpg,ON_SALE,MEETUP,2026-08-07 13:11:42,2026-08-13 13:19:42
2005,738,12,乐器音响商品_2005,这是一个测试商品，编号2005，属于乐器音响分类。,5.0,3,/uploads/product/cover_7.jpg,ON_SALE,EXPRESS,2026-07-29 22:49:42,2026-08-12 19:29:42
2006,473,3,日用百货商品_2006,这是一个测试商品，编号2006，属于日用百货分类。,3.0,2,/uploads/product/cover_15.jpg,ON_SALE,"MEETUP,EXPRESS",2026-08-11 19:33:42,2026-08-14 11:51:42
2007,406,10,家居家电商品_2007,这是一个测试商品，编号2007，属于家居家电分类。,100.0,1,/uploads/product/cover_11.jpg,ON_SALE,EXPRESS,2026-08-07 05:38:42,2026-08-13 14:34:42
2008,429,14,宠物用品商品_2008,这是一个测试商品，编号2008，属于宠物用品分类。,10.0,3,/uploads/product/cover_13.jpg,ON_SALE,MEETUP,2026-07-31 13:14:42,2026-08-15 21:42:42
2009,447,7,文具办公商品_2009,这是一个测试商品，编号2009，属于文具办公分类。,5.0,1,/uploads/product/cover_11.jpg,ON_SALE,EXPRESS,2026-08-05 17:13:42,2026-08-15 05:57:42
2010,67,5,服装鞋帽商品_2010,这是一个测试商品，编号2010，属于服装鞋帽分类。,100.0,1,/uploads/product/cover_20.jpg,ON_SALE,MEETUP,2026-08-09 16:00:42,2026-08-15 14:05:42
2011,790,14,宠物用品商品_2011,这是一个测试商品，编号2011，属于宠物用品分类。,10.0,4,/uploads/product/cover_13.jpg,ON_SALE,MEETUP,2026-08-03 06:35:42,2026-08-13 22:55:42
2012,333,12,乐器音响商品_2012,这是一个测试商品，编号2012，属于乐器音响分类。,100.0,2,/uploads/product/cover_9.jpg,ON_SALE,"MEETUP,EXPRESS",2026-08-12 20:00:42,2026-08-13 00:38:42
2013,227,4,运动户外商品_2013,这是一个测试商品，编号2013，属于运动户外分类。,1.0,2,/uploads/product/cover_17.jpg,ON_SALE,EXPRESS,2026-08-03 16:26:42,2026-08-11 21:55:42
2014,375,15,手工艺品商品_2014,这是一个测试商品，编号2014，属于手工艺品分类。,120.0,1,/uploads/product/cover_8.jpg,ON_SALE,EXPRESS,2026-08-15 08:27:42,2026-08-15 13:48:42
2015,229,13,交通工具商品_2015,这是一个测试商品，编号2015，属于交通工具分类。,3.0,4,/uploads/product/cover_18.jpg,ON_SALE,EXPRESS,2026-07-30 06:37:42,2026-08-14 08:02:42
2016,382,7,文具办公商品_2016,这是一个测试商品，编号2016，属于文具办公分类。,30.0,1,/uploads/product/cover_11.jpg,ON_SALE,"MEETUP,EXPRESS",2026-08-16 04:55:42,2026-08-13 21:32:42
2017,510,6,零食饮料商品_2017,这是一个测试商品，编号2017，属于零食饮料分类。,5.0,2,/uploads/product/cover_20.jpg,ON_SALE,MEETUP,2026-08-15 01:30:42,2026-08-12 02:59:42
2018,817,5,服装鞋帽商品_2018,这是一个测试商品，编号2018，属于服装鞋帽分类。,150.0,1,/uploads/product/cover_5.jpg,ON_SALE,"MEETUP,EXPRESS",2026-08-05 21:18:42,2026-08-11 20:21:42
2019,604,11,图书小说商品_2019,这是一个测试商品，编号2019，属于图书小说分类。,8.0,2,/uploads/product/cover_11.jpg,ON_SALE,EXPRESS,2026-08-03 23:46:42,2026-08-13 11:35:42
2020,442,1,教材教辅商品_2020,这是一个测试商品，编号2020，属于教材教辅分类。,5.0,4,/uploads/product/cover_6.jpg,ON_SALE,MEETUP,2026-08-05 16:32:42,2026-08-16 03:04:42
2021,780,12,乐器音响商品_2021,这是一个测试商品，编号2021，属于乐器音响分类。,12.0,3,/uploads/product/cover_3.jpg,ON_SALE,EXPRESS,2026-08-10 02:59:42,2026-08-12 10:18:42
2022,343,2,电子数码商品_2022,这是一个测试商品，编号2022，属于电子数码分类。,80.0,2,/uploads/product/cover_15.jpg,ON_SALE,"MEETUP,EXPRESS",2026-08-08 10:04:42,2026-08-14 02:14:42
2023,21,10,家居家电商品_2023,这是一个测试商品，编号2023，属于家居家电分类。,15.0,4,/uploads/product/cover_14.jpg,ON_SALE,EXPRESS,2026-08-11 15:43:42,2026-08-14 05:07:42
2024,92,5,服装鞋帽商品_2024,这是一个测试商品，编号2024，属于服装鞋帽分类。,3.0,4,/uploads/product/cover_3.jpg,ON_SALE,MEETUP,2026-08-11 20:04:42,2026-08-13 08:40:42
2025,155,3,日用百货商品_2025,这是一个测试商品，编号2025，属于日用百货分类。,30.0,3,/uploads/product/cover_15.jpg,ON_SALE,"MEETUP,EXPRESS",2026-07-31 15:55:42,2026-08-16 10:22:42
2026,708,3,日用百货商品_2026,这是一个测试商品，编号2026，属于日用百货分类。,20.0,5,/uploads/product/cover_15.jpg,ON_SALE,"MEETUP,EXPRESS",2026-07-28 01:21:42,2026-08-14 17:06:42
2027,861,10,家居家电商品_2027,这是一个测试商品，编号2027，属于家居家电分类。,120.0,3,/uploads/product/cover_8.jpg,ON_SALE,MEETUP,2026-08-07 01:13:42,2026-08-16 13:58:42
2028,412,2,电子数码商品_2028,这是一个测试商品，编号2028，属于电子数码分类。,60.0,4,/uploads/product/cover_20.jpg,ON_SALE,"MEETUP,EXPRESS",2026-08-15 19:55:42,2026-08-12 18:35:42
2029,528,13,交通工具商品_2029,这是一个测试商品，编号2029，属于交通工具分类。,120.0,5,/uploads/product/cover_20.jpg,ON_SALE,"MEETUP,EXPRESS",2026-08-05 21:57:42,2026-08-12 17:21:42
2030,124,1,教材教辅商品_2030,这是一个测试商品，编号2030，属于教材教辅分类。,150.0,2,/uploads/product/cover_7.jpg,ON_SALE,MEETUP,2026-08-16 08:53:42,2026-08-11 19:48:42
2031,712,6,零食饮料商品_2031,这是一个测试商品，编号2031，属于零食饮料分类。,10.0,4,/uploads/product/cover_8.jpg,ON_SALE,MEETUP,2026-07-30 19:03:42,2026-08-13 00:18:42
2032,39,2,电子数码商品_2032,这是一个测试商品，编号2032，属于电子数码分类。,50.0,2,/uploads/product/cover_3.jpg,ON_SALE,"MEETUP,EXPRESS",2026-08-02 20:29:42,2026-08-12 09:29:42
2033,23,11,图书小说商品_2033,这是一个测试商品，编号2033，属于图书小说分类。,30.0,1,/uploads/product/cover_6.jpg,ON_SALE,MEETUP,2026-08-03 04:02:42,2026-08-13 10:46:42
2034,518,3,日用百货商品_2034,这是一个测试商品，编号2034，属于日用百货分类。,20.0,3,/uploads/product/cover_19.jpg,ON_SALE,EXPRESS,2026-08-10 06:06:42,2026-08-15 17:26:42
2035,838,10,家居家电商品_2035,这是一个测试商品，编号2035，属于家居家电分类。,150.0,5,/uploads/product/cover_18.jpg,ON_SALE,MEETUP,2026-07-28 20:09:42,2026-08-13 23:51:42
2036,868,7,文具办公商品_2036,这是一个测试商品，编号2036，属于文具办公分类。,50.0,1,/uploads/product/cover_19.jpg,ON_SALE,"MEETUP,EXPRESS",2026-08-16 11:41:42,2026-08-15 19:02:42
2037,266,6,零食饮料商品_2037,这是一个测试商品，编号2037，属于零食饮料分类。,8.0,4,/uploads/product/cover_12.jpg,ON_SALE,MEETUP,2026-08-13 05:30:42,2026-08-14 03:01:42
2038,882,11,图书小说商品_2038,这是一个测试商品，编号2038，属于图书小说分类。,60.0,1,/uploads/product/cover_7.jpg,ON_SALE,"MEETUP,EXPRESS",2026-08-07 00:16:42,2026-08-14 17:36:42
2039,241,10,家居家电商品_2039,这是一个测试商品，编号2039，属于家居家电分类。,60.0,4,/uploads/product/cover_10.jpg,ON_SALE,EXPRESS,2026-08-13 06:38:42,2026-08-14 17:22:42
2040,395,15,手工艺品商品_2040,这是一个测试商品，编号2040，属于手工艺品分类。,30.0,5,/uploads/product/cover_11.jpg,ON_SALE,"MEETUP,EXPRESS",2026-08-12 14:01:42,2026-08-15 18:25:42
2041,152,15,手工艺品商品_2041,这是一个测试商品，编号2041，属于手工艺品分类。,150.0,5,/uploads/product/cover_16.jpg,ON_SALE,MEETUP,2026-08-08 14:57:42,2026-08-15 05:49:42
2042,915,11,图书小说商品_2042,这是一个测试商品，编号2042，属于图书小说分类。,80.0,5,/uploads/product/cover_12.jpg,ON_SALE,MEETUP,2026-08-01 10:35:42,2026-08-12 06:48:42
2043,517,12,乐器音响商品_2043,这是一个测试商品，编号2043，属于乐器音响分类。,5.0,3,/uploads/product/cover_17.jpg,ON_SALE,"MEETUP,EXPRESS",2026-07-29 11:36:42,2026-08-16 02:41:42
2044,378,11,图书小说商品_2044,这是一个测试商品，编号2044，属于图书小说分类。,150.0,3,/uploads/product/cover_5.jpg,ON_SALE,EXPRESS,2026-08-01 02:22:42,2026-08-14 00:21:42
2045,951,2,电子数码商品_2045,这是一个测试商品，编号2045，属于电子数码分类。,60.0,5,/uploads/product/cover_6.jpg,ON_SALE,"MEETUP,EXPRESS",2026-08-02 23:31:42,2026-08-14 06:16:42
2046,201,6,零食饮料商品_2046,这是一个测试商品，编号2046，属于零食饮料分类。,50.0,5,/uploads/product/cover_14.jpg,ON_SALE,"MEETUP,EXPRESS",2026-08-02 05:11:42,2026-08-15 14:40:42
2047,425,4,运动户外商品_2047,这是一个测试商品，编号2047，属于运动户外分类。,120.0,1,/uploads/product/cover_6.jpg,ON_SALE,MEETUP,2026-08-06 10:58:42,2026-08-14 15:21:42
2048,211,6,零食饮料商品_2048,这是一个测试商品，编号2048，属于零食饮料分类。,2.0,4,/uploads/product/cover_18.jpg,ON_SALE,EXPRESS,2026-08-15 12:58:42,2026-08-15 02:54:42
2049,91,8,美妆护肤商品_2049,这是一个测试商品，编号2049，属于美妆护肤分类。,12.0,1,/uploads/product/cover_1.jpg,ON_SALE,MEETUP,2026-08-12 00:37:42,2026-08-14 18:47:42
2050,767,11,图书小说商品_2050,这是一个测试商品，编号2050，属于图书小说分类。,3.0,5,/uploads/product/cover_10.jpg,ON_SALE,MEETUP,2026-08-02 11:06:42,2026-08-13 21:42:42
2051,285,15,手工艺品商品_2051,这是一个测试商品，编号2051，属于手工艺品分类。,20.0,3,/uploads/product/cover_8.jpg,ON_SALE,EXPRESS,2026-08-14 18:08:42,2026-08-15 13:40:42
2052,754,14,宠物用品商品_2052,这是一个测试商品，编号2052，属于宠物用品分类。,20.0,5,/uploads/product/cover_14.jpg,ON_SALE,EXPRESS,2026-08-03 04:01:42,2026-08-11 22:52:42
2053,910,7,文具办公商品_2053,这是一个测试商品，编号2053，属于文具办公分类。,8.0,4,/uploads/product/cover_9.jpg,ON_SALE,MEETUP,2026-07-31 22:15:42,2026-08-15 17:10:42
2054,949,2,电子数码商品_2054,这是一个测试商品，编号2054，属于电子数码分类。,20.0,1,/uploads/product/cover_10.jpg,ON_SALE,"MEETUP,EXPRESS",2026-07-30 11:23:42,2026-08-14 11:08:42
2055,480,3,日用百货商品_2055,这是一个测试商品，编号2055，属于日用百货分类。,120.0,4,/uploads/product/cover_1.jpg,ON_SALE,"MEETUP,EXPRESS",2026-07-30 04:25:42,2026-08-12 23:07:42
2056,355,4,运动户外商品_2056,这是一个测试商品，编号2056，属于运动户外分类。,100.0,3,/uploads/product/cover_5.jpg,ON_SALE,"MEETUP,EXPRESS",2026-08-06 12:18:42,2026-08-14 23:47:42
2057,138,3,日用百货商品_2057,这是一个测试商品，编号2057，属于日用百货分类。,150.0,3,/uploads/product/cover_16.jpg,ON_SALE,MEETUP,2026-08-02 13:26:42,2026-08-13 10:32:42
2058,457,1,教材教辅商品_2058,这是一个测试商品，编号2058，属于教材教辅分类。,1.0,2,/uploads/product/cover_4.jpg,ON_SALE,EXPRESS,2026-07-31 01:59:42,2026-08-14 13:50:42
2059,103,9,游戏动漫商品_2059,这是一个测试商品，编号2059，属于游戏动漫分类。,200.0,3,/uploads/product/cover_14.jpg,ON_SALE,"MEETUP,EXPRESS",2026-08-08 20:31:42,2026-08-15 02:41:42
2060,597,12,乐器音响商品_2060,这是一个测试商品，编号2060，属于乐器音响分类。,3.0,5,/uploads/product/cover_16.jpg,ON_SALE,EXPRESS,2026-07-31 09:44:42,2026-08-15 19:05:42
2061,684,8,美妆护肤商品_2061,这是一个测试商品，编号2061，属于美妆护肤分类。,200.0,3,/uploads/product/cover_19.jpg,ON_SALE,EXPRESS,2026-08-09 07:13:42,2026-08-11 23:36:42
2062,458,1,教材教辅商品_2062,这是一个测试商品，编号2062，属于教材教辅分类。,25.0,4,/uploads/product/cover_19.jpg,ON_SALE,EXPRESS,2026-08-08 21:18:42,2026-08-15 02:34:42
2063,248,11,图书小说商品_2063,这是一个测试商品，编号2063，属于图书小说分类。,30.0,1,/uploads/product/cover_5.jpg,ON_SALE,MEETUP,2026-08-07 05:50:42,2026-08-12 20:13:42
2064,721,10,家居家电商品_2064,这是一个测试商品，编号2064，属于家居家电分类。,25.0,3,/uploads/product/cover_14.jpg,ON_SALE,EXPRESS,2026-08-01 22:27:42,2026-08-11 21:05:42
2065,70,13,交通工具商品_2065,这是一个测试商品，编号2065，属于交通工具分类。,60.0,5,/uploads/product/cover_17.jpg,ON_SALE,MEETUP,2026-08-09 20:29:42,2026-08-16 11:00:42
2066,588,10,家居家电商品_2066,这是一个测试商品，编号2066，属于家居家电分类。,1.0,3,/uploads/product/cover_11.jpg,ON_SALE,EXPRESS,2026-08-11 20:51:42,2026-08-15 20:20:42
2067,344,3,日用百货商品_2067,这是一个测试商品，编号2067，属于日用百货分类。,12.0,2,/uploads/product/cover_11.jpg,ON_SALE,EXPRESS,2026-08-15 16:16:42,2026-08-14 04:42:42
2068,507,10,家居家电商品_2068,这是一个测试商品，编号2068，属于家居家电分类。,25.0,4,/uploads/product/cover_5.jpg,ON_SALE,MEETUP,2026-08-10 01:57:42,2026-08-12 05:59:42
2069,851,5,服装鞋帽商品_2069,这是一个测试商品，编号2069，属于服装鞋帽分类。,2.0,5,/uploads/product/cover_20.jpg,ON_SALE,MEETUP,2026-08-02 00:50:42,2026-08-13 01:15:42
2070,647,13,交通工具商品_2070,这是一个测试商品，编号2070，属于交通工具分类。,30.0,2,/uploads/product/cover_1.jpg,ON_SALE,"MEETUP,EXPRESS",2026-07-29 20:14:42,2026-08-16 18:05:42
2071,31,12,乐器音响商品_2071,这是一个测试商品，编号2071，属于乐器音响分类。,20.0,3,/uploads/product/cover_6.jpg,ON_SALE,EXPRESS,2026-08-02 21:29:42,2026-08-12 17:30:42
2072,187,2,电子数码商品_2072,这是一个测试商品，编号2072，属于电子数码分类。,1.0,3,/uploads/product/cover_16.jpg,ON_SALE,MEETUP,2026-07-29 08:49:42,2026-08-14 00:06:42
2073,773,10,家居家电商品_2073,这是一个测试商品，编号2073，属于家居家电分类。,10.0,4,/uploads/product/cover_15.jpg,ON_SALE,"MEETUP,EXPRESS",2026-08-15 21:23:42,2026-08-16 18:10:42
2074,272,9,游戏动漫商品_2074,这是一个测试商品，编号2074，属于游戏动漫分类。,2.0,4,/uploads/product/cover_6.jpg,ON_SALE,MEETUP,2026-08-10 21:44:42,2026-08-12 20:58:42
2075,657,15,手工艺品商品_2075,这是一个测试商品，编号2075，属于手工艺品分类。,200.0,5,/uploads/product/cover_13.jpg,ON_SALE,MEETUP,2026-08-04 20:13:42,2026-08-14 23:36:42
2076,836,4,运动户外商品_2076,这是一个测试商品，编号2076，属于运动户外分类。,60.0,1,/uploads/product/cover_12.jpg,ON_SALE,"MEETUP,EXPRESS",2026-08-02 15:18:42,2026-08-13 14:08:42
2077,340,3,日用百货商品_2077,这是一个测试商品，编号2077，属于日用百货分类。,15.0,2,/uploads/product/cover_9.jpg,ON_SALE,"MEETUP,EXPRESS",2026-08-09 08:41:42,2026-08-13 04:32:42
2078,692,11,图书小说商品_2078,这是一个测试商品，编号2078，属于图书小说分类。,12.0,4,/uploads/product/cover_16.jpg,ON_SALE,MEETUP,2026-08-10 09:58:42,2026-08-15 06:04:42
2079,853,9,游戏动漫商品_2079,这是一个测试商品，编号2079，属于游戏动漫分类。,1.0,4,/uploads/product/cover_11.jpg,ON_SALE,"MEETUP,EXPRESS",2026-08-09 21:51:42,2026-08-16 09:10:42
2080,663,10,家居家电商品_2080,这是一个测试商品，编号2080，属于家居家电分类。,12.0,1,/uploads/product/cover_9.jpg,ON_SALE,"MEETUP,EXPRESS",2026-08-01 03:51:42,2026-08-15 02:54:42
2081,979,2,电子数码商品_2081,这是一个测试商品，编号2081，属于电子数码分类。,8.0,5,/uploads/product/cover_20.jpg,ON_SALE,"MEETUP,EXPRESS",2026-08-01 10:30:42,2026-08-12 20:29:42
2082,619,14,宠物用品商品_2082,这是一个测试商品，编号2082，属于宠物用品分类。,25.0,3,/uploads/product/cover_16.jpg,ON_SALE,"MEETUP,EXPRESS",2026-08-14 04:48:42,2026-08-15 09:06:42
2083,236,7,文具办公商品_2083,这是一个测试商品，编号2083，属于文具办公分类。,2.0,4,/uploads/product/cover_17.jpg,ON_SALE,EXPRESS,2026-08-08 19:52:42,2026-08-15 14:33:42
2084,776,7,文具办公商品_2084,这是一个测试商品，编号2084，属于文具办公分类。,80.0,5,/uploads/product/cover_12.jpg,ON_SALE,EXPRESS,2026-08-12 07:35:42,2026-08-12 04:09:42
2085,754,8,美妆护肤商品_2085,这是一个测试商品，编号2085，属于美妆护肤分类。,3.0,2,/uploads/product/cover_11.jpg,ON_SALE,EXPRESS,2026-08-16 03:20:42,2026-08-15 19:52:42
2086,678,3,日用百货商品_2086,这是一个测试商品，编号2086，属于日用百货分类。,25.0,5,/uploads/product/cover_8.jpg,ON_SALE,EXPRESS,2026-07-28 09:04:42,2026-08-13 06:38:42
2087,971,12,乐器音响商品_2087,这是一个测试商品，编号2087，属于乐器音响分类。,8.0,1,/uploads/product/cover_6.jpg,ON_SALE,EXPRESS,2026-08-04 16:39:42,2026-08-11 20:15:42
2088,808,11,图书小说商品_2088,这是一个测试商品，编号2088，属于图书小说分类。,80.0,4,/uploads/product/cover_8.jpg,ON_SALE,"MEETUP,EXPRESS",2026-07-29 06:44:42,2026-08-13 08:30:42
2089,715,5,服装鞋帽商品_2089,这是一个测试商品，编号2089，属于服装鞋帽分类。,200.0,2,/uploads/product/cover_19.jpg,ON_SALE,"MEETUP,EXPRESS",2026-07-29 08:51:42,2026-08-12 08:30:42
2090,911,4,运动户外商品_2090,这是一个测试商品，编号2090，属于运动户外分类。,3.0,1,/uploads/product/cover_2.jpg,ON_SALE,EXPRESS,2026-08-04 12:31:42,2026-08-14 19:56:42
2091,121,6,零食饮料商品_2091,这是一个测试商品，编号2091，属于零食饮料分类。,10.0,1,/uploads/product/cover_13.jpg,ON_SALE,MEETUP,2026-08-15 04:23:42,2026-08-12 19:04:42
2092,730,14,宠物用品商品_2092,这是一个测试商品，编号2092，属于宠物用品分类。,10.0,3,/uploads/product/cover_17.jpg,ON_SALE,"MEETUP,EXPRESS",2026-08-14 12:08:42,2026-08-14 12:00:42
2093,955,12,乐器音响商品_2093,这是一个测试商品，编号2093，属于乐器音响分类。,25.0,2,/uploads/product/cover_20.jpg,ON_SALE,MEETUP,2026-08-05 13:25:42,2026-08-14 23:35:42
2094,595,7,文具办公商品_2094,这是一个测试商品，编号2094，属于文具办公分类。,120.0,4,/uploads/product/cover_15.jpg,ON_SALE,MEETUP,2026-08-15 08:32:42,2026-08-14 02:18:42
2095,599,8,美妆护肤商品_2095,这是一个测试商品，编号2095，属于美妆护肤分类。,10.0,1,/uploads/product/cover_6.jpg,ON_SALE,EXPRESS,2026-07-28 23:31:42,2026-08-11 22:56:42
2096,99,5,服装鞋帽商品_2096,这是一个测试商品，编号2096，属于服装鞋帽分类。,1.0,5,/uploads/product/cover_6.jpg,ON_SALE,MEETUP,2026-08-16 17:13:42,2026-08-15 00:40:42
2097,223,4,运动户外商品_2097,这是一个测试商品，编号2097，属于运动户外分类。,20.0,2,/uploads/product/cover_13.jpg,ON_SALE,EXPRESS,2026-07-29 12:25:42,2026-08-14 05:54:42
2098,161,4,运动户外商品_2098,这是一个测试商品，编号2098，属于运动户外分类。,15.0,4,/uploads/product/cover_18.jpg,ON_SALE,EXPRESS,2026-08-07 16:32:42,2026-08-13 03:50:42
2099,710,12,乐器音响商品_2099,这是一个测试商品，编号2099，属于乐器音响分类。,30.0,5,/uploads/product/cover_3.jpg,ON_SALE,EXPRESS,2026-08-08 13:11:42,2026-08-14 16:09:42
2100,605,13,交通工具商品_2100,这是一个测试商品，编号2100，属于交通工具分类。,2.0,4,/uploads/product/cover_3.jpg,ON_SALE,MEETUP,2026-08-02 20:57:42,2026-08-14 08:20:42
2101,615,3,日用百货商品_2101,这是一个测试商品，编号2101，属于日用百货分类。,50.0,2,/uploads/product/cover_12.jpg,ON_SALE,MEETUP,2026-08-11 20:21:42,2026-08-14 01:24:42
2102,685,14,宠物用品商品_2102,这是一个测试商品，编号2102，属于宠物用品分类。,5.0,4,/uploads/product/cover_7.jpg,ON_SALE,"MEETUP,EXPRESS",2026-08-12 14:20:42,2026-08-14 22:56:42
2103,229,6,零食饮料商品_2103,这是一个测试商品，编号2103，属于零食饮料分类。,100.0,2,/uploads/product/cover_18.jpg,ON_SALE,MEETUP,2026-07-30 23:24:42,2026-08-16 07:09:42
2104,916,6,零食饮料商品_2104,这是一个测试商品，编号2104，属于零食饮料分类。,80.0,5,/uploads/product/cover_14.jpg,ON_SALE,MEETUP,2026-08-01 13:29:42,2026-08-11 21:36:42
2105,871,5,服装鞋帽商品_2105,这是一个测试商品，编号2105，属于服装鞋帽分类。,25.0,4,/uploads/product/cover_9.jpg,ON_SALE,EXPRESS,2026-08-05 08:53:42,2026-08-12 21:46:42
2106,919,4,运动户外商品_2106,这是一个测试商品，编号2106，属于运动户外分类。,60.0,1,/uploads/product/cover_1.jpg,ON_SALE,"MEETUP,EXPRESS",2026-07-30 07:09:42,2026-08-16 02:21:42
2107,51,8,美妆护肤商品_2107,这是一个测试商品，编号2107，属于美妆护肤分类。,120.0,3,/uploads/product/cover_13.jpg,ON_SALE,EXPRESS,2026-08-07 07:07:42,2026-08-15 19:12:42
2108,347,2,电子数码商品_2108,这是一个测试商品，编号2108，属于电子数码分类。,120.0,1,/uploads/product/cover_11.jpg,ON_SALE,EXPRESS,2026-08-16 15:55:42,2026-08-11 22:20:42
2109,912,8,美妆护肤商品_2109,这是一个测试商品，编号2109，属于美妆护肤分类。,8.0,5,/uploads/product/cover_16.jpg,ON_SALE,MEETUP,2026-08-08 03:28:42,2026-08-16 00:42:42
2110,458,13,交通工具商品_2110,这是一个测试商品，编号2110，属于交通工具分类。,120.0,5,/uploads/product/cover_14.jpg,ON_SALE,MEETUP,2026-08-10 06:05:42,2026-08-14 06:07:42
2111,339,15,手工艺品商品_2111,这是一个测试商品，编号2111，属于手工艺品分类。,100.0,2,/uploads/product/cover_8.jpg,ON_SALE,MEETUP,2026-08-02 04:38:42,2026-08-12 05:41:42
2112,204,10,家居家电商品_2112,这是一个测试商品，编号2112，属于家居家电分类。,25.0,2,/uploads/product/cover_5.jpg,ON_SALE,EXPRESS,2026-08-03 13:23:42,2026-08-15 22:56:42
2113,77,1,教材教辅商品_2113,这是一个测试商品，编号2113，属于教材教辅分类。,2.0,2,/uploads/product/cover_7.jpg,ON_SALE,MEETUP,2026-08-07 12:20:42,2026-08-13 11:37:42
2114,321,6,零食饮料商品_2114,这是一个测试商品，编号2114，属于零食饮料分类。,10.0,2,/uploads/product/cover_4.jpg,ON_SALE,EXPRESS,2026-08-07 18:35:42,2026-08-16 10:25:42
2115,134,1,教材教辅商品_2115,这是一个测试商品，编号2115，属于教材教辅分类。,8.0,5,/uploads/product/cover_16.jpg,ON_SALE,EXPRESS,2026-07-29 05:45:42,2026-08-12 16:38:42
2116,364,8,美妆护肤商品_2116,这是一个测试商品，编号2116，属于美妆护肤分类。,25.0,2,/uploads/product/cover_14.jpg,ON_SALE,MEETUP,2026-08-16 00:21:42,2026-08-14 00:48:42
2117,622,2,电子数码商品_2117,这是一个测试商品，编号2117，属于电子数码分类。,120.0,4,/uploads/product/cover_10.jpg,ON_SALE,MEETUP,2026-08-09 06:28:42,2026-08-14 12:16:42
2118,452,9,游戏动漫商品_2118,这是一个测试商品，编号2118，属于游戏动漫分类。,60.0,3,/uploads/product/cover_17.jpg,ON_SALE,MEETUP,2026-08-07 02:08:42,2026-08-11 21:12:42
2119,355,8,美妆护肤商品_2119,这是一个测试商品，编号2119，属于美妆护肤分类。,2.0,1,/uploads/product/cover_8.jpg,ON_SALE,"MEETUP,EXPRESS",2026-07-28 01:39:42,2026-08-14 10:05:42
2120,741,2,电子数码商品_2120,这是一个测试商品，编号2120，属于电子数码分类。,3.0,4,/uploads/product/cover_8.jpg,ON_SALE,EXPRESS,2026-08-06 13:34:42,2026-08-13 10:25:42
2121,489,5,服装鞋帽商品_2121,这是一个测试商品，编号2121，属于服装鞋帽分类。,25.0,2,/uploads/product/cover_15.jpg,ON_SALE,EXPRESS,2026-08-11 16:46:42,2026-08-15 02:38:42
2122,528,8,美妆护肤商品_2122,这是一个测试商品，编号2122，属于美妆护肤分类。,12.0,3,/uploads/product/cover_13.jpg,ON_SALE,"MEETUP,EXPRESS",2026-07-28 15:56:42,2026-08-12 00:02:42
2123,532,6,零食饮料商品_2123,这是一个测试商品，编号2123，属于零食饮料分类。,25.0,3,/uploads/product/cover_16.jpg,ON_SALE,EXPRESS,2026-07-30 11:47:42,2026-08-14 23:53:42
2124,655,15,手工艺品商品_2124,这是一个测试商品，编号2124，属于手工艺品分类。,5.0,1,/uploads/product/cover_11.jpg,ON_SALE,EXPRESS,2026-08-16 08:37:42,2026-08-13 19:48:42
2125,449,7,文具办公商品_2125,这是一个测试商品，编号2125，属于文具办公分类。,100.0,3,/uploads/product/cover_18.jpg,ON_SALE,MEETUP,2026-08-07 17:35:42,2026-08-12 16:19:42
2126,230,5,服装鞋帽商品_2126,这是一个测试商品，编号2126，属于服装鞋帽分类。,150.0,2,/uploads/product/cover_10.jpg,ON_SALE,MEETUP,2026-08-11 21:08:42,2026-08-13 15:47:42
2127,193,4,运动户外商品_2127,这是一个测试商品，编号2127，属于运动户外分类。,100.0,1,/uploads/product/cover_14.jpg,ON_SALE,MEETUP,2026-08-09 12:32:42,2026-08-14 20:32:42
2128,628,6,零食饮料商品_2128,这是一个测试商品，编号2128，属于零食饮料分类。,25.0,5,/uploads/product/cover_18.jpg,ON_SALE,"MEETUP,EXPRESS",2026-07-29 06:04:42,2026-08-15 02:44:42
2129,748,10,家居家电商品_2129,这是一个测试商品，编号2129，属于家居家电分类。,20.0,4,/uploads/product/cover_1.jpg,ON_SALE,EXPRESS,2026-08-01 01:24:42,2026-08-13 22:25:42
2130,517,3,日用百货商品_2130,这是一个测试商品，编号2130，属于日用百货分类。,120.0,4,/uploads/product/cover_7.jpg,ON_SALE,MEETUP,2026-08-03 11:52:42,2026-08-12 03:26:42
2131,225,12,乐器音响商品_2131,这是一个测试商品，编号2131，属于乐器音响分类。,60.0,2,/uploads/product/cover_14.jpg,ON_SALE,MEETUP,2026-08-03 18:19:42,2026-08-12 21:19:42
2132,511,13,交通工具商品_2132,这是一个测试商品，编号2132，属于交通工具分类。,60.0,3,/uploads/product/cover_11.jpg,ON_SALE,"MEETUP,EXPRESS",2026-08-14 21:14:42,2026-08-14 10:32:42
2133,678,8,美妆护肤商品_2133,这是一个测试商品，编号2133，属于美妆护肤分类。,10.0,2,/uploads/product/cover_20.jpg,ON_SALE,MEETUP,2026-08-10 22:58:42,2026-08-15 21:50:42
2134,18,10,家居家电商品_2134,这是一个测试商品，编号2134，属于家居家电分类。,12.0,2,/uploads/product/cover_6.jpg,ON_SALE,EXPRESS,2026-08-12 06:33:42,2026-08-15 04:22:42
2135,163,5,服装鞋帽商品_2135,这是一个测试商品，编号2135，属于服装鞋帽分类。,2.0,4,/uploads/product/cover_8.jpg,ON_SALE,"MEETUP,EXPRESS",2026-08-05 23:36:42,2026-08-15 19:33:42
2136,436,2,电子数码商品_2136,这是一个测试商品，编号2136，属于电子数码分类。,25.0,1,/uploads/product/cover_15.jpg,ON_SALE,MEETUP,2026-08-06 12:18:42,2026-08-11 19:05:42
2137,453,5,服装鞋帽商品_2137,这是一个测试商品，编号2137，属于服装鞋帽分类。,50.0,3,/uploads/product/cover_18.jpg,ON_SALE,"MEETUP,EXPRESS",2026-07-29 01:26:42,2026-08-16 02:13:42
2138,513,1,教材教辅商品_2138,这是一个测试商品，编号2138，属于教材教辅分类。,200.0,4,/uploads/product/cover_11.jpg,ON_SALE,EXPRESS,2026-08-06 12:11:42,2026-08-12 18:32:42
2139,201,6,零食饮料商品_2139,这是一个测试商品，编号2139，属于零食饮料分类。,3.0,5,/uploads/product/cover_16.jpg,ON_SALE,"MEETUP,EXPRESS",2026-08-03 02:42:42,2026-08-12 07:53:42
2140,788,12,乐器音响商品_2140,这是一个测试商品，编号2140，属于乐器音响分类。,12.0,1,/uploads/product/cover_12.jpg,ON_SALE,"MEETUP,EXPRESS",2026-08-10 17:29:42,2026-08-12 05:27:42
2141,187,13,交通工具商品_2141,这是一个测试商品，编号2141，属于交通工具分类。,15.0,2,/uploads/product/cover_18.jpg,ON_SALE,"MEETUP,EXPRESS",2026-08-06 06:20:42,2026-08-15 01:27:42
2142,801,14,宠物用品商品_2142,这是一个测试商品，编号2142，属于宠物用品分类。,5.0,2,/uploads/product/cover_16.jpg,ON_SALE,EXPRESS,2026-08-06 11:27:42,2026-08-12 01:06:42
2143,160,5,服装鞋帽商品_2143,这是一个测试商品，编号2143，属于服装鞋帽分类。,20.0,5,/uploads/product/cover_6.jpg,ON_SALE,MEETUP,2026-08-14 11:25:42,2026-08-16 03:40:42
2144,3,12,乐器音响商品_2144,这是一个测试商品，编号2144，属于乐器音响分类。,8.0,2,/uploads/product/cover_19.jpg,ON_SALE,"MEETUP,EXPRESS",2026-07-31 07:22:42,2026-08-15 17:29:42
2145,573,11,图书小说商品_2145,这是一个测试商品，编号2145，属于图书小说分类。,150.0,5,/uploads/product/cover_7.jpg,ON_SALE,MEETUP,2026-07-31 15:28:42,2026-08-13 13:43:42
2146,549,7,文具办公商品_2146,这是一个测试商品，编号2146，属于文具办公分类。,3.0,3,/uploads/product/cover_14.jpg,ON_SALE,"MEETUP,EXPRESS",2026-08-04 03:25:42,2026-08-14 07:19:42
2147,365,13,交通工具商品_2147,这是一个测试商品，编号2147，属于交通工具分类。,12.0,2,/uploads/product/cover_11.jpg,ON_SALE,MEETUP,2026-08-13 18:35:42,2026-08-13 02:58:42
2148,675,6,零食饮料商品_2148,这是一个测试商品，编号2148，属于零食饮料分类。,30.0,1,/uploads/product/cover_10.jpg,ON_SALE,"MEETUP,EXPRESS",2026-08-11 08:11:42,2026-08-11 22:16:42
2149,756,9,游戏动漫商品_2149,这是一个测试商品，编号2149，属于游戏动漫分类。,60.0,1,/uploads/product/cover_1.jpg,ON_SALE,EXPRESS,2026-07-30 08:04:42,2026-08-14 02:27:42
2150,155,6,零食饮料商品_2150,这是一个测试商品，编号2150，属于零食饮料分类。,80.0,4,/uploads/product/cover_17.jpg,ON_SALE,MEETUP,2026-08-05 03:15:42,2026-08-15 17:22:42
2151,22,5,服装鞋帽商品_2151,这是一个测试商品，编号2151，属于服装鞋帽分类。,30.0,1,/uploads/product/cover_1.jpg,ON_SALE,MEETUP,2026-08-14 07:52:42,2026-08-12 18:56:42
2152,782,10,家居家电商品_2152,这是一个测试商品，编号2152，属于家居家电分类。,200.0,2,/uploads/product/cover_4.jpg,ON_SALE,MEETUP,2026-08-04 18:22:42,2026-08-16 05:06:42
2153,697,2,电子数码商品_2153,这是一个测试商品，编号2153，属于电子数码分类。,20.0,3,/uploads/product/cover_12.jpg,ON_SALE,EXPRESS,2026-08-04 05:50:42,2026-08-14 22:37:42
2154,18,8,美妆护肤商品_2154,这是一个测试商品，编号2154，属于美妆护肤分类。,150.0,3,/uploads/product/cover_2.jpg,ON_SALE,"MEETUP,EXPRESS",2026-08-15 09:34:42,2026-08-12 09:53:42
2155,972,10,家居家电商品_2155,这是一个测试商品，编号2155，属于家居家电分类。,120.0,2,/uploads/product/cover_5.jpg,ON_SALE,EXPRESS,2026-08-01 18:30:42,2026-08-11 23:12:42
2156,39,5,服装鞋帽商品_2156,这是一个测试商品，编号2156，属于服装鞋帽分类。,3.0,5,/uploads/product/cover_10.jpg,ON_SALE,EXPRESS,2026-08-09 08:28:42,2026-08-13 19:11:42
2157,873,1,教材教辅商品_2157,这是一个测试商品，编号2157，属于教材教辅分类。,60.0,2,/uploads/product/cover_13.jpg,ON_SALE,"MEETUP,EXPRESS",2026-07-30 12:30:42,2026-08-14 03:47:42
2158,892,5,服装鞋帽商品_2158,这是一个测试商品，编号2158，属于服装鞋帽分类。,50.0,3,/uploads/product/cover_11.jpg,ON_SALE,EXPRESS,2026-08-13 03:53:42,2026-08-11 19:41:42
2159,242,2,电子数码商品_2159,这是一个测试商品，编号2159，属于电子数码分类。,2.0,3,/uploads/product/cover_6.jpg,ON_SALE,MEETUP,2026-08-07 22:15:42,2026-08-11 22:02:42
2160,728,7,文具办公商品_2160,这是一个测试商品，编号2160，属于文具办公分类。,8.0,2,/uploads/product/cover_20.jpg,ON_SALE,"MEETUP,EXPRESS",2026-08-14 19:53:42,2026-08-14 07:42:42
2161,606,1,教材教辅商品_2161,这是一个测试商品，编号2161，属于教材教辅分类。,120.0,3,/uploads/product/cover_18.jpg,ON_SALE,EXPRESS,2026-08-03 03:15:42,2026-08-15 08:49:42
2162,309,11,图书小说商品_2162,这是一个测试商品，编号2162，属于图书小说分类。,5.0,5,/uploads/product/cover_13.jpg,ON_SALE,"MEETUP,EXPRESS",2026-08-02 17:19:42,2026-08-12 02:27:42
2163,216,8,美妆护肤商品_2163,这是一个测试商品，编号2163，属于美妆护肤分类。,15.0,1,/uploads/product/cover_19.jpg,ON_SALE,EXPRESS,2026-08-13 06:29:42,2026-08-12 01:49:42
2164,229,4,运动户外商品_2164,这是一个测试商品，编号2164，属于运动户外分类。,5.0,5,/uploads/product/cover_10.jpg,ON_SALE,MEETUP,2026-07-28 15:12:42,2026-08-15 01:49:42
2165,374,2,电子数码商品_2165,这是一个测试商品，编号2165，属于电子数码分类。,10.0,4,/uploads/product/cover_9.jpg,ON_SALE,MEETUP,2026-08-08 05:31:42,2026-08-15 07:27:42
2166,238,3,日用百货商品_2166,这是一个测试商品，编号2166，属于日用百货分类。,20.0,3,/uploads/product/cover_8.jpg,ON_SALE,MEETUP,2026-08-13 14:27:42,2026-08-13 00:23:42
2167,464,3,日用百货商品_2167,这是一个测试商品，编号2167，属于日用百货分类。,3.0,2,/uploads/product/cover_19.jpg,ON_SALE,MEETUP,2026-07-31 19:15:42,2026-08-12 09:24:42
2168,287,1,教材教辅商品_2168,这是一个测试商品，编号2168，属于教材教辅分类。,2.0,5,/uploads/product/cover_2.jpg,ON_SALE,EXPRESS,2026-07-28 22:23:42,2026-08-12 04:48:42
2169,478,11,图书小说商品_2169,这是一个测试商品，编号2169，属于图书小说分类。,100.0,2,/uploads/product/cover_3.jpg,ON_SALE,MEETUP,2026-08-01 14:56:42,2026-08-13 16:58:42
2170,285,7,文具办公商品_2170,这是一个测试商品，编号2170，属于文具办公分类。,50.0,1,/uploads/product/cover_9.jpg,ON_SALE,MEETUP,2026-08-02 15:58:42,2026-08-13 08:53:42
2171,869,5,服装鞋帽商品_2171,这是一个测试商品，编号2171，属于服装鞋帽分类。,150.0,1,/uploads/product/cover_12.jpg,ON_SALE,"MEETUP,EXPRESS",2026-08-03 10:37:42,2026-08-13 21:13:42
2172,513,10,家居家电商品_2172,这是一个测试商品，编号2172，属于家居家电分类。,30.0,4,/uploads/product/cover_20.jpg,ON_SALE,MEETUP,2026-08-05 10:50:42,2026-08-12 15:02:42
2173,225,9,游戏动漫商品_2173,这是一个测试商品，编号2173，属于游戏动漫分类。,12.0,1,/uploads/product/cover_9.jpg,ON_SALE,EXPRESS,2026-07-31 03:02:42,2026-08-13 14:54:42
2174,618,13,交通工具商品_2174,这是一个测试商品，编号2174，属于交通工具分类。,80.0,5,/uploads/product/cover_7.jpg,ON_SALE,MEETUP,2026-08-08 23:30:42,2026-08-13 19:45:42
2175,320,14,宠物用品商品_2175,这是一个测试商品，编号2175，属于宠物用品分类。,50.0,4,/uploads/product/cover_14.jpg,ON_SALE,"MEETUP,EXPRESS",2026-08-01 09:13:42,2026-08-16 09:28:42
2176,268,1,教材教辅商品_2176,这是一个测试商品，编号2176，属于教材教辅分类。,150.0,2,/uploads/product/cover_14.jpg,ON_SALE,EXPRESS,2026-08-13 12:33:42,2026-08-15 09:46:42
2177,334,6,零食饮料商品_2177,这是一个测试商品，编号2177，属于零食饮料分类。,2.0,4,/uploads/product/cover_3.jpg,ON_SALE,EXPRESS,2026-08-10 14:03:42,2026-08-12 19:46:42
2178,852,4,运动户外商品_2178,这是一个测试商品，编号2178，属于运动户外分类。,15.0,5,/uploads/product/cover_9.jpg,ON_SALE,"MEETUP,EXPRESS",2026-08-05 07:51:42,2026-08-16 00:13:42
2179,361,15,手工艺品商品_2179,这是一个测试商品，编号2179，属于手工艺品分类。,150.0,2,/uploads/product/cover_12.jpg,ON_SALE,"MEETUP,EXPRESS",2026-08-01 08:55:42,2026-08-14 05:58:42
2180,555,11,图书小说商品_2180,这是一个测试商品，编号2180，属于图书小说分类。,60.0,1,/uploads/product/cover_17.jpg,ON_SALE,MEETUP,2026-07-31 13:11:42,2026-08-16 04:45:42
2181,483,3,日用百货商品_2181,这是一个测试商品，编号2181，属于日用百货分类。,15.0,4,/uploads/product/cover_7.jpg,ON_SALE,"MEETUP,EXPRESS",2026-08-07 17:11:42,2026-08-14 21:16:42
2182,217,9,游戏动漫商品_2182,这是一个测试商品，编号2182，属于游戏动漫分类。,25.0,1,/uploads/product/cover_8.jpg,ON_SALE,"MEETUP,EXPRESS",2026-08-03 03:45:42,2026-08-13 11:40:42
2183,159,3,日用百货商品_2183,这是一个测试商品，编号2183，属于日用百货分类。,8.0,4,/uploads/product/cover_15.jpg,ON_SALE,EXPRESS,2026-08-03 04:37:42,2026-08-12 23:34:42
2184,934,13,交通工具商品_2184,这是一个测试商品，编号2184，属于交通工具分类。,60.0,5,/uploads/product/cover_4.jpg,ON_SALE,EXPRESS,2026-08-07 06:21:42,2026-08-12 22:10:42
2185,469,10,家居家电商品_2185,这是一个测试商品，编号2185，属于家居家电分类。,200.0,2,/uploads/product/cover_19.jpg,ON_SALE,MEETUP,2026-08-07 23:16:42,2026-08-15 16:43:42
2186,428,6,零食饮料商品_2186,这是一个测试商品，编号2186，属于零食饮料分类。,25.0,4,/uploads/product/cover_6.jpg,ON_SALE,EXPRESS,2026-08-04 05:23:42,2026-08-13 20:03:42
2187,619,15,手工艺品商品_2187,这是一个测试商品，编号2187，属于手工艺品分类。,5.0,3,/uploads/product/cover_8.jpg,ON_SALE,MEETUP,2026-08-03 04:14:42,2026-08-12 12:07:42
2188,192,4,运动户外商品_2188,这是一个测试商品，编号2188，属于运动户外分类。,10.0,1,/uploads/product/cover_13.jpg,ON_SALE,"MEETUP,EXPRESS",2026-08-10 15:25:42,2026-08-12 23:55:42
2189,350,5,服装鞋帽商品_2189,这是一个测试商品，编号2189，属于服装鞋帽分类。,100.0,1,/uploads/product/cover_7.jpg,ON_SALE,EXPRESS,2026-07-30 11:43:42,2026-08-15 15:14:42
2190,327,9,游戏动漫商品_2190,这是一个测试商品，编号2190，属于游戏动漫分类。,20.0,1,/uploads/product/cover_4.jpg,ON_SALE,MEETUP,2026-08-04 10:21:42,2026-08-16 13:40:42
2191,434,9,游戏动漫商品_2191,这是一个测试商品，编号2191，属于游戏动漫分类。,30.0,1,/uploads/product/cover_4.jpg,ON_SALE,EXPRESS,2026-08-09 02:22:42,2026-08-11 22:00:42
2192,375,2,电子数码商品_2192,这是一个测试商品，编号2192，属于电子数码分类。,80.0,1,/uploads/product/cover_12.jpg,ON_SALE,MEETUP,2026-08-09 00:25:42,2026-08-12 15:32:42
2193,497,5,服装鞋帽商品_2193,这是一个测试商品，编号2193，属于服装鞋帽分类。,100.0,1,/uploads/product/cover_11.jpg,ON_SALE,EXPRESS,2026-08-14 18:12:42,2026-08-13 05:55:42
2194,513,14,宠物用品商品_2194,这是一个测试商品，编号2194，属于宠物用品分类。,8.0,2,/uploads/product/cover_8.jpg,ON_SALE,EXPRESS,2026-08-04 07:52:42,2026-08-14 06:53:42
2195,974,7,文具办公商品_2195,这是一个测试商品，编号2195，属于文具办公分类。,30.0,2,/uploads/product/cover_5.jpg,ON_SALE,MEETUP,2026-08-01 01:15:42,2026-08-12 14:46:42
2196,956,2,电子数码商品_2196,这是一个测试商品，编号2196，属于电子数码分类。,1.0,5,/uploads/product/cover_5.jpg,ON_SALE,MEETUP,2026-08-13 11:34:42,2026-08-16 05:47:42
2197,67,9,游戏动漫商品_2197,这是一个测试商品，编号2197，属于游戏动漫分类。,10.0,3,/uploads/product/cover_2.jpg,ON_SALE,"MEETUP,EXPRESS",2026-08-06 03:01:42,2026-08-12 00:24:42
2198,946,7,文具办公商品_2198,这是一个测试商品，编号2198，属于文具办公分类。,5.0,2,/uploads/product/cover_20.jpg,ON_SALE,EXPRESS,2026-08-14 17:19:42,2026-08-12 03:14:42
2199,363,14,宠物用品商品_2199,这是一个测试商品，编号2199，属于宠物用品分类。,50.0,4,/uploads/product/cover_17.jpg,ON_SALE,MEETUP,2026-08-03 07:52:42,2026-08-12 12:29:42
2200,566,13,交通工具商品_2200,这是一个测试商品，编号2200，属于交通工具分类。,15.0,4,/uploads/product/cover_18.jpg,ON_SALE,EXPRESS,2026-08-11 15:37:42,2026-08-16 04:41:42
2201,483,1,教材教辅商品_2201,这是一个测试商品，编号2201，属于教材教辅分类。,80.0,5,/uploads/product/cover_15.jpg,ON_SALE,"MEETUP,EXPRESS",2026-08-08 12:18:42,2026-08-16 12:16:42
2202,11,1,教材教辅商品_2202,这是一个测试商品，编号2202，属于教材教辅分类。,30.0,1,/uploads/product/cover_11.jpg,ON_SALE,EXPRESS,2026-08-04 13:30:42,2026-08-16 03:55:42
2203,648,11,图书小说商品_2203,这是一个测试商品，编号2203，属于图书小说分类。,50.0,3,/uploads/product/cover_16.jpg,ON_SALE,MEETUP,2026-07-31 07:58:42,2026-08-12 23:22:42
2204,734,14,宠物用品商品_2204,这是一个测试商品，编号2204，属于宠物用品分类。,120.0,5,/uploads/product/cover_20.jpg,ON_SALE,"MEETUP,EXPRESS",2026-08-14 11:45:42,2026-08-13 11:21:42
2205,121,3,日用百货商品_2205,这是一个测试商品，编号2205，属于日用百货分类。,1.0,2,/uploads/product/cover_20.jpg,ON_SALE,"MEETUP,EXPRESS",2026-08-11 14:19:42,2026-08-12 21:12:42
2206,179,5,服装鞋帽商品_2206,这是一个测试商品，编号2206，属于服装鞋帽分类。,1.0,1,/uploads/product/cover_4.jpg,ON_SALE,MEETUP,2026-07-28 21:01:42,2026-08-15 01:12:42
2207,974,8,美妆护肤商品_2207,这是一个测试商品，编号2207，属于美妆护肤分类。,200.0,3,/uploads/product/cover_10.jpg,ON_SALE,"MEETUP,EXPRESS",2026-08-14 02:21:42,2026-08-13 09:32:42
2208,615,8,美妆护肤商品_2208,这是一个测试商品，编号2208，属于美妆护肤分类。,150.0,5,/uploads/product/cover_2.jpg,ON_SALE,"MEETUP,EXPRESS",2026-07-31 22:02:42,2026-08-12 13:08:42
2209,277,4,运动户外商品_2209,这是一个测试商品，编号2209，属于运动户外分类。,8.0,4,/uploads/product/cover_14.jpg,ON_SALE,EXPRESS,2026-07-31 11:25:42,2026-08-14 07:15:42
2210,666,11,图书小说商品_2210,这是一个测试商品，编号2210，属于图书小说分类。,2.0,1,/uploads/product/cover_9.jpg,ON_SALE,MEETUP,2026-07-30 11:21:42,2026-08-13 07:53:42
2211,14,12,乐器音响商品_2211,这是一个测试商品，编号2211，属于乐器音响分类。,25.0,4,/uploads/product/cover_2.jpg,ON_SALE,EXPRESS,2026-07-29 17:09:42,2026-08-15 15:27:42
2212,809,2,电子数码商品_2212,这是一个测试商品，编号2212，属于电子数码分类。,30.0,1,/uploads/product/cover_8.jpg,ON_SALE,MEETUP,2026-07-28 20:23:42,2026-08-16 09:43:42
2213,215,2,电子数码商品_2213,这是一个测试商品，编号2213，属于电子数码分类。,100.0,3,/uploads/product/cover_14.jpg,ON_SALE,EXPRESS,2026-08-03 10:54:42,2026-08-16 17:50:42
2214,320,1,教材教辅商品_2214,这是一个测试商品，编号2214，属于教材教辅分类。,3.0,1,/uploads/product/cover_20.jpg,ON_SALE,EXPRESS,2026-08-10 12:35:42,2026-08-15 18:01:42
2215,959,3,日用百货商品_2215,这是一个测试商品，编号2215，属于日用百货分类。,8.0,2,/uploads/product/cover_13.jpg,ON_SALE,"MEETUP,EXPRESS",2026-07-29 12:51:42,2026-08-12 19:38:42
2216,134,7,文具办公商品_2216,这是一个测试商品，编号2216，属于文具办公分类。,3.0,2,/uploads/product/cover_8.jpg,ON_SALE,"MEETUP,EXPRESS",2026-08-04 15:37:42,2026-08-16 01:46:42
2217,195,1,教材教辅商品_2217,这是一个测试商品，编号2217，属于教材教辅分类。,20.0,1,/uploads/product/cover_16.jpg,ON_SALE,"MEETUP,EXPRESS",2026-08-02 15:17:42,2026-08-12 09:35:42
2218,477,1,教材教辅商品_2218,这是一个测试商品，编号2218，属于教材教辅分类。,150.0,3,/uploads/product/cover_4.jpg,ON_SALE,EXPRESS,2026-07-29 07:54:42,2026-08-12 16:17:42
2219,918,1,教材教辅商品_2219,这是一个测试商品，编号2219，属于教材教辅分类。,5.0,3,/uploads/product/cover_14.jpg,ON_SALE,MEETUP,2026-08-08 22:33:42,2026-08-15 05:41:42
2220,374,2,电子数码商品_2220,这是一个测试商品，编号2220，属于电子数码分类。,2.0,4,/uploads/product/cover_14.jpg,ON_SALE,"MEETUP,EXPRESS",2026-08-05 13:39:42,2026-08-16 11:14:42
2221,968,3,日用百货商品_2221,这是一个测试商品，编号2221，属于日用百货分类。,5.0,2,/uploads/product/cover_17.jpg,ON_SALE,MEETUP,2026-08-01 15:52:42,2026-08-13 05:35:42
2222,761,1,教材教辅商品_2222,这是一个测试商品，编号2222，属于教材教辅分类。,8.0,2,/uploads/product/cover_10.jpg,ON_SALE,EXPRESS,2026-08-11 12:32:42,2026-08-13 04:27:42
2223,295,11,图书小说商品_2223,这是一个测试商品，编号2223，属于图书小说分类。,15.0,3,/uploads/product/cover_19.jpg,ON_SALE,"MEETUP,EXPRESS",2026-08-05 03:50:42,2026-08-13 08:43:42
2224,155,12,乐器音响商品_2224,这是一个测试商品，编号2224，属于乐器音响分类。,30.0,4,/uploads/product/cover_20.jpg,ON_SALE,EXPRESS,2026-07-31 20:05:42,2026-08-14 13:30:42
2225,125,9,游戏动漫商品_2225,这是一个测试商品，编号2225，属于游戏动漫分类。,1.0,4,/uploads/product/cover_17.jpg,ON_SALE,EXPRESS,2026-07-30 23:04:42,2026-08-16 06:03:42
2226,747,14,宠物用品商品_2226,这是一个测试商品，编号2226，属于宠物用品分类。,120.0,2,/uploads/product/cover_4.jpg,ON_SALE,MEETUP,2026-08-13 08:00:42,2026-08-16 16:51:42
2227,265,12,乐器音响商品_2227,这是一个测试商品，编号2227，属于乐器音响分类。,50.0,3,/uploads/product/cover_4.jpg,ON_SALE,"MEETUP,EXPRESS",2026-08-06 20:04:42,2026-08-12 09:32:42
2228,909,7,文具办公商品_2228,这是一个测试商品，编号2228，属于文具办公分类。,200.0,4,/uploads/product/cover_7.jpg,ON_SALE,"MEETUP,EXPRESS",2026-08-10 04:51:42,2026-08-12 20:39:42
2229,95,11,图书小说商品_2229,这是一个测试商品，编号2229，属于图书小说分类。,5.0,4,/uploads/product/cover_13.jpg,ON_SALE,EXPRESS,2026-08-06 08:58:42,2026-08-13 22:52:42
2230,556,8,美妆护肤商品_2230,这是一个测试商品，编号2230，属于美妆护肤分类。,2.0,1,/uploads/product/cover_7.jpg,ON_SALE,MEETUP,2026-08-16 15:14:42,2026-08-16 03:30:42
2231,905,8,美妆护肤商品_2231,这是一个测试商品，编号2231，属于美妆护肤分类。,15.0,1,/uploads/product/cover_13.jpg,ON_SALE,"MEETUP,EXPRESS",2026-08-09 21:59:42,2026-08-16 15:49:42
2232,689,8,美妆护肤商品_2232,这是一个测试商品，编号2232，属于美妆护肤分类。,30.0,2,/uploads/product/cover_18.jpg,ON_SALE,"MEETUP,EXPRESS",2026-08-13 21:22:42,2026-08-16 04:45:42
2233,31,6,零食饮料商品_2233,这是一个测试商品，编号2233，属于零食饮料分类。,100.0,4,/uploads/product/cover_19.jpg,ON_SALE,MEETUP,2026-08-05 05:39:42,2026-08-16 18:51:42
2234,584,11,图书小说商品_2234,这是一个测试商品，编号2234，属于图书小说分类。,15.0,3,/uploads/product/cover_10.jpg,ON_SALE,"MEETUP,EXPRESS",2026-08-03 19:52:42,2026-08-13 01:03:42
2235,983,14,宠物用品商品_2235,这是一个测试商品，编号2235，属于宠物用品分类。,30.0,3,/uploads/product/cover_3.jpg,ON_SALE,"MEETUP,EXPRESS",2026-08-03 10:42:42,2026-08-13 20:44:42
2236,311,14,宠物用品商品_2236,这是一个测试商品，编号2236，属于宠物用品分类。,15.0,1,/uploads/product/cover_9.jpg,ON_SALE,MEETUP,2026-08-06 09:13:42,2026-08-13 05:46:42
2237,282,3,日用百货商品_2237,这是一个测试商品，编号2237，属于日用百货分类。,60.0,2,/uploads/product/cover_8.jpg,ON_SALE,"MEETUP,EXPRESS",2026-08-03 09:47:42,2026-08-16 16:28:42
2238,943,5,服装鞋帽商品_2238,这是一个测试商品，编号2238，属于服装鞋帽分类。,60.0,4,/uploads/product/cover_2.jpg,ON_SALE,"MEETUP,EXPRESS",2026-07-30 23:04:42,2026-08-14 15:15:42
2239,719,10,家居家电商品_2239,这是一个测试商品，编号2239，属于家居家电分类。,1.0,2,/uploads/product/cover_8.jpg,ON_SALE,MEETUP,2026-08-03 06:35:42,2026-08-15 16:01:42
2240,772,5,服装鞋帽商品_2240,这是一个测试商品，编号2240，属于服装鞋帽分类。,25.0,4,/uploads/product/cover_9.jpg,ON_SALE,MEETUP,2026-08-10 11:49:42,2026-08-13 10:18:42
2241,812,1,教材教辅商品_2241,这是一个测试商品，编号2241，属于教材教辅分类。,1.0,4,/uploads/product/cover_2.jpg,ON_SALE,MEETUP,2026-08-07 15:49:42,2026-08-15 02:56:42
2242,669,15,手工艺品商品_2242,这是一个测试商品，编号2242，属于手工艺品分类。,20.0,2,/uploads/product/cover_10.jpg,ON_SALE,EXPRESS,2026-08-02 18:59:42,2026-08-14 22:49:42
2243,776,8,美妆护肤商品_2243,这是一个测试商品，编号2243，属于美妆护肤分类。,5.0,5,/uploads/product/cover_20.jpg,ON_SALE,EXPRESS,2026-08-14 22:25:42,2026-08-12 05:19:42
2244,856,8,美妆护肤商品_2244,这是一个测试商品，编号2244，属于美妆护肤分类。,1.0,4,/uploads/product/cover_2.jpg,ON_SALE,"MEETUP,EXPRESS",2026-07-30 02:41:42,2026-08-16 10:49:42
2245,713,11,图书小说商品_2245,这是一个测试商品，编号2245，属于图书小说分类。,1.0,3,/uploads/product/cover_10.jpg,ON_SALE,MEETUP,2026-08-07 03:40:42,2026-08-15 10:11:42
2246,229,11,图书小说商品_2246,这是一个测试商品，编号2246，属于图书小说分类。,2.0,5,/uploads/product/cover_16.jpg,ON_SALE,"MEETUP,EXPRESS",2026-08-02 23:25:42,2026-08-16 15:13:42
2247,437,13,交通工具商品_2247,这是一个测试商品，编号2247，属于交通工具分类。,60.0,3,/uploads/product/cover_5.jpg,ON_SALE,MEETUP,2026-08-09 16:13:42,2026-08-13 08:52:42
2248,261,13,交通工具商品_2248,这是一个测试商品，编号2248，属于交通工具分类。,5.0,5,/uploads/product/cover_7.jpg,ON_SALE,MEETUP,2026-08-16 15:57:42,2026-08-16 02:35:42
2249,637,9,游戏动漫商品_2249,这是一个测试商品，编号2249，属于游戏动漫分类。,3.0,5,/uploads/product/cover_15.jpg,ON_SALE,MEETUP,2026-08-15 19:16:42,2026-08-14 13:19:42
2250,22,12,乐器音响商品_2250,这是一个测试商品，编号2250，属于乐器音响分类。,1.0,3,/uploads/product/cover_2.jpg,ON_SALE,EXPRESS,2026-08-05 02:57:42,2026-08-12 14:23:42
2251,70,5,服装鞋帽商品_2251,这是一个测试商品，编号2251，属于服装鞋帽分类。,60.0,4,/uploads/product/cover_5.jpg,ON_SALE,MEETUP,2026-08-04 02:52:42,2026-08-13 12:08:42
2252,900,5,服装鞋帽商品_2252,这是一个测试商品，编号2252，属于服装鞋帽分类。,50.0,1,/uploads/product/cover_14.jpg,ON_SALE,EXPRESS,2026-08-13 16:17:42,2026-08-14 10:53:42
2253,832,3,日用百货商品_2253,这是一个测试商品，编号2253，属于日用百货分类。,3.0,4,/uploads/product/cover_17.jpg,ON_SALE,EXPRESS,2026-07-28 18:23:42,2026-08-11 19:08:42
2254,672,7,文具办公商品_2254,这是一个测试商品，编号2254，属于文具办公分类。,10.0,5,/uploads/product/cover_7.jpg,ON_SALE,"MEETUP,EXPRESS",2026-08-13 14:13:42,2026-08-16 03:56:42
2255,597,10,家居家电商品_2255,这是一个测试商品，编号2255，属于家居家电分类。,1.0,2,/uploads/product/cover_18.jpg,ON_SALE,"MEETUP,EXPRESS",2026-08-11 12:40:42,2026-08-16 13:34:42
2256,400,8,美妆护肤商品_2256,这是一个测试商品，编号2256，属于美妆护肤分类。,25.0,2,/uploads/product/cover_12.jpg,ON_SALE,"MEETUP,EXPRESS",2026-08-10 02:01:42,2026-08-14 05:48:42
2257,435,12,乐器音响商品_2257,这是一个测试商品，编号2257，属于乐器音响分类。,50.0,4,/uploads/product/cover_4.jpg,ON_SALE,MEETUP,2026-08-14 12:38:42,2026-08-15 03:14:42
2258,726,4,运动户外商品_2258,这是一个测试商品，编号2258，属于运动户外分类。,25.0,2,/uploads/product/cover_7.jpg,ON_SALE,MEETUP,2026-08-01 11:11:42,2026-08-13 10:44:42
2259,930,11,图书小说商品_2259,这是一个测试商品，编号2259，属于图书小说分类。,20.0,3,/uploads/product/cover_5.jpg,ON_SALE,"MEETUP,EXPRESS",2026-07-28 10:44:42,2026-08-16 04:17:42
2260,245,5,服装鞋帽商品_2260,这是一个测试商品，编号2260，属于服装鞋帽分类。,25.0,1,/uploads/product/cover_12.jpg,ON_SALE,EXPRESS,2026-07-31 04:51:42,2026-08-11 20:16:42
2261,295,6,零食饮料商品_2261,这是一个测试商品，编号2261，属于零食饮料分类。,30.0,1,/uploads/product/cover_11.jpg,ON_SALE,EXPRESS,2026-08-11 21:01:42,2026-08-14 11:00:42
2262,926,14,宠物用品商品_2262,这是一个测试商品，编号2262，属于宠物用品分类。,5.0,5,/uploads/product/cover_12.jpg,ON_SALE,MEETUP,2026-07-30 03:24:42,2026-08-11 20:17:42
2263,230,5,服装鞋帽商品_2263,这是一个测试商品，编号2263，属于服装鞋帽分类。,3.0,2,/uploads/product/cover_16.jpg,ON_SALE,"MEETUP,EXPRESS",2026-08-02 00:33:42,2026-08-13 14:41:42
2264,534,7,文具办公商品_2264,这是一个测试商品，编号2264，属于文具办公分类。,20.0,1,/uploads/product/cover_5.jpg,ON_SALE,EXPRESS,2026-08-12 16:40:42,2026-08-14 15:49:42
2265,676,4,运动户外商品_2265,这是一个测试商品，编号2265，属于运动户外分类。,15.0,2,/uploads/product/cover_2.jpg,ON_SALE,"MEETUP,EXPRESS",2026-08-16 03:34:42,2026-08-15 07:07:42
2266,693,3,日用百货商品_2266,这是一个测试商品，编号2266，属于日用百货分类。,10.0,3,/uploads/product/cover_13.jpg,ON_SALE,EXPRESS,2026-08-08 02:02:42,2026-08-13 20:09:42
2267,898,3,日用百货商品_2267,这是一个测试商品，编号2267，属于日用百货分类。,20.0,2,/uploads/product/cover_5.jpg,ON_SALE,EXPRESS,2026-08-12 13:41:42,2026-08-15 17:20:42
2268,496,9,游戏动漫商品_2268,这是一个测试商品，编号2268，属于游戏动漫分类。,100.0,3,/uploads/product/cover_16.jpg,ON_SALE,"MEETUP,EXPRESS",2026-07-29 09:42:42,2026-08-12 15:40:42
2269,492,9,游戏动漫商品_2269,这是一个测试商品，编号2269，属于游戏动漫分类。,5.0,3,/uploads/product/cover_18.jpg,ON_SALE,MEETUP,2026-07-31 12:25:42,2026-08-12 13:48:42
2270,231,7,文具办公商品_2270,这是一个测试商品，编号2270，属于文具办公分类。,20.0,5,/uploads/product/cover_6.jpg,ON_SALE,"MEETUP,EXPRESS",2026-08-03 22:52:42,2026-08-12 18:16:42
2271,830,8,美妆护肤商品_2271,这是一个测试商品，编号2271，属于美妆护肤分类。,80.0,1,/uploads/product/cover_12.jpg,ON_SALE,"MEETUP,EXPRESS",2026-07-28 11:51:42,2026-08-13 01:36:42
2272,277,9,游戏动漫商品_2272,这是一个测试商品，编号2272，属于游戏动漫分类。,120.0,2,/uploads/product/cover_18.jpg,ON_SALE,"MEETUP,EXPRESS",2026-08-10 04:15:42,2026-08-13 22:27:42
2273,910,9,游戏动漫商品_2273,这是一个测试商品，编号2273，属于游戏动漫分类。,100.0,1,/uploads/product/cover_4.jpg,ON_SALE,"MEETUP,EXPRESS",2026-08-10 04:52:42,2026-08-14 00:38:42
2274,406,5,服装鞋帽商品_2274,这是一个测试商品，编号2274，属于服装鞋帽分类。,50.0,3,/uploads/product/cover_11.jpg,ON_SALE,MEETUP,2026-08-16 04:01:42,2026-08-13 18:55:42
2275,329,15,手工艺品商品_2275,这是一个测试商品，编号2275，属于手工艺品分类。,100.0,3,/uploads/product/cover_11.jpg,ON_SALE,EXPRESS,2026-07-31 02:47:42,2026-08-15 10:20:42
2276,741,11,图书小说商品_2276,这是一个测试商品，编号2276，属于图书小说分类。,20.0,1,/uploads/product/cover_17.jpg,ON_SALE,"MEETUP,EXPRESS",2026-07-30 13:19:42,2026-08-15 02:35:42
2277,60,12,乐器音响商品_2277,这是一个测试商品，编号2277，属于乐器音响分类。,30.0,5,/uploads/product/cover_9.jpg,ON_SALE,MEETUP,2026-08-01 00:20:42,2026-08-15 08:23:42
2278,498,4,运动户外商品_2278,这是一个测试商品，编号2278，属于运动户外分类。,2.0,4,/uploads/product/cover_3.jpg,ON_SALE,MEETUP,2026-08-03 09:49:42,2026-08-14 11:42:42
2279,762,8,美妆护肤商品_2279,这是一个测试商品，编号2279，属于美妆护肤分类。,10.0,1,/uploads/product/cover_13.jpg,ON_SALE,MEETUP,2026-08-02 20:58:42,2026-08-13 17:14:42
2280,912,4,运动户外商品_2280,这是一个测试商品，编号2280，属于运动户外分类。,3.0,2,/uploads/product/cover_3.jpg,ON_SALE,"MEETUP,EXPRESS",2026-07-29 16:10:42,2026-08-12 20:50:42
2281,107,6,零食饮料商品_2281,这是一个测试商品，编号2281，属于零食饮料分类。,1.0,2,/uploads/product/cover_1.jpg,ON_SALE,EXPRESS,2026-08-09 03:42:42,2026-08-16 12:39:42
2282,702,4,运动户外商品_2282,这是一个测试商品，编号2282，属于运动户外分类。,10.0,4,/uploads/product/cover_16.jpg,ON_SALE,EXPRESS,2026-08-14 04:55:42,2026-08-15 03:19:42
2283,647,1,教材教辅商品_2283,这是一个测试商品，编号2283，属于教材教辅分类。,80.0,4,/uploads/product/cover_4.jpg,ON_SALE,EXPRESS,2026-07-29 13:59:42,2026-08-16 18:37:42
2284,942,9,游戏动漫商品_2284,这是一个测试商品，编号2284，属于游戏动漫分类。,2.0,2,/uploads/product/cover_2.jpg,ON_SALE,MEETUP,2026-08-12 15:30:42,2026-08-15 10:27:42
2285,998,3,日用百货商品_2285,这是一个测试商品，编号2285，属于日用百货分类。,200.0,3,/uploads/product/cover_14.jpg,ON_SALE,EXPRESS,2026-08-08 03:40:42,2026-08-15 06:59:42
2286,809,1,教材教辅商品_2286,这是一个测试商品，编号2286，属于教材教辅分类。,1.0,4,/uploads/product/cover_11.jpg,ON_SALE,"MEETUP,EXPRESS",2026-07-28 21:17:42,2026-08-16 08:10:42
2287,913,7,文具办公商品_2287,这是一个测试商品，编号2287，属于文具办公分类。,100.0,4,/uploads/product/cover_20.jpg,ON_SALE,EXPRESS,2026-08-13 14:54:42,2026-08-13 12:57:42
2288,919,10,家居家电商品_2288,这是一个测试商品，编号2288，属于家居家电分类。,10.0,3,/uploads/product/cover_16.jpg,ON_SALE,EXPRESS,2026-07-28 18:01:42,2026-08-15 08:11:42
2289,999,1,教材教辅商品_2289,这是一个测试商品，编号2289，属于教材教辅分类。,1.0,5,/uploads/product/cover_4.jpg,ON_SALE,EXPRESS,2026-07-28 05:21:42,2026-08-14 10:35:42
2290,446,12,乐器音响商品_2290,这是一个测试商品，编号2290，属于乐器音响分类。,1.0,4,/uploads/product/cover_18.jpg,ON_SALE,"MEETUP,EXPRESS",2026-08-02 10:37:42,2026-08-15 17:35:42
2291,267,15,手工艺品商品_2291,这是一个测试商品，编号2291，属于手工艺品分类。,10.0,3,/uploads/product/cover_3.jpg,ON_SALE,MEETUP,2026-08-06 05:25:42,2026-08-14 18:19:42
2292,806,1,教材教辅商品_2292,这是一个测试商品，编号2292，属于教材教辅分类。,50.0,1,/uploads/product/cover_13.jpg,ON_SALE,EXPRESS,2026-08-01 08:17:42,2026-08-11 21:40:42
2293,37,2,电子数码商品_2293,这是一个测试商品，编号2293，属于电子数码分类。,5.0,2,/uploads/product/cover_9.jpg,ON_SALE,EXPRESS,2026-08-14 09:00:42,2026-08-16 07:08:42
2294,645,1,教材教辅商品_2294,这是一个测试商品，编号2294，属于教材教辅分类。,120.0,4,/uploads/product/cover_16.jpg,ON_SALE,"MEETUP,EXPRESS",2026-07-29 16:02:42,2026-08-14 10:28:42
2295,368,9,游戏动漫商品_2295,这是一个测试商品，编号2295，属于游戏动漫分类。,200.0,3,/uploads/product/cover_1.jpg,ON_SALE,"MEETUP,EXPRESS",2026-08-16 16:59:42,2026-08-14 17:54:42
2296,300,5,服装鞋帽商品_2296,这是一个测试商品，编号2296，属于服装鞋帽分类。,8.0,3,/uploads/product/cover_9.jpg,ON_SALE,EXPRESS,2026-08-02 06:22:42,2026-08-15 09:09:42
2297,991,13,交通工具商品_2297,这是一个测试商品，编号2297，属于交通工具分类。,120.0,4,/uploads/product/cover_12.jpg,ON_SALE,"MEETUP,EXPRESS",2026-08-05 05:54:42,2026-08-14 01:18:42
2298,620,14,宠物用品商品_2298,这是一个测试商品，编号2298，属于宠物用品分类。,30.0,3,/uploads/product/cover_13.jpg,ON_SALE,MEETUP,2026-08-12 08:27:42,2026-08-13 17:50:42
2299,990,9,游戏动漫商品_2299,这是一个测试商品，编号2299，属于游戏动漫分类。,80.0,1,/uploads/product/cover_16.jpg,ON_SALE,EXPRESS,2026-08-05 19:50:42,2026-08-16 02:48:42
2300,175,13,交通工具商品_2300,这是一个测试商品，编号2300，属于交通工具分类。,20.0,4,/uploads/product/cover_12.jpg,ON_SALE,"MEETUP,EXPRESS",2026-08-05 17:20:42,2026-08-16 07:19:42
2301,338,5,服装鞋帽商品_2301,这是一个测试商品，编号2301，属于服装鞋帽分类。,5.0,2,/uploads/product/cover_4.jpg,ON_SALE,MEETUP,2026-08-16 04:00:42,2026-08-16 03:39:42
2302,73,11,图书小说商品_2302,这是一个测试商品，编号2302，属于图书小说分类。,8.0,3,/uploads/product/cover_16.jpg,ON_SALE,MEETUP,2026-08-04 12:03:42,2026-08-15 22:53:42
2303,708,13,交通工具商品_2303,这是一个测试商品，编号2303，属于交通工具分类。,100.0,2,/uploads/product/cover_8.jpg,ON_SALE,"MEETUP,EXPRESS",2026-07-29 04:30:42,2026-08-13 17:45:42
2304,371,7,文具办公商品_2304,这是一个测试商品，编号2304，属于文具办公分类。,200.0,1,/uploads/product/cover_14.jpg,ON_SALE,EXPRESS,2026-08-08 09:38:42,2026-08-13 00:29:42
2305,290,13,交通工具商品_2305,这是一个测试商品，编号2305，属于交通工具分类。,2.0,5,/uploads/product/cover_20.jpg,ON_SALE,"MEETUP,EXPRESS",2026-08-07 21:36:42,2026-08-15 21:21:42
2306,234,9,游戏动漫商品_2306,这是一个测试商品，编号2306，属于游戏动漫分类。,50.0,1,/uploads/product/cover_3.jpg,ON_SALE,"MEETUP,EXPRESS",2026-08-01 22:47:42,2026-08-13 19:12:42
2307,698,13,交通工具商品_2307,这是一个测试商品，编号2307，属于交通工具分类。,150.0,4,/uploads/product/cover_20.jpg,ON_SALE,EXPRESS,2026-08-11 00:26:42,2026-08-14 00:50:42
2308,735,15,手工艺品商品_2308,这是一个测试商品，编号2308，属于手工艺品分类。,150.0,3,/uploads/product/cover_17.jpg,ON_SALE,EXPRESS,2026-08-07 17:59:42,2026-08-16 00:13:42
2309,317,6,零食饮料商品_2309,这是一个测试商品，编号2309，属于零食饮料分类。,3.0,5,/uploads/product/cover_9.jpg,ON_SALE,MEETUP,2026-08-09 00:46:42,2026-08-14 01:08:42
2310,864,8,美妆护肤商品_2310,这是一个测试商品，编号2310，属于美妆护肤分类。,60.0,5,/uploads/product/cover_1.jpg,ON_SALE,EXPRESS,2026-08-01 11:25:42,2026-08-12 21:15:42
2311,690,7,文具办公商品_2311,这是一个测试商品，编号2311，属于文具办公分类。,25.0,3,/uploads/product/cover_19.jpg,ON_SALE,MEETUP,2026-08-10 04:22:42,2026-08-16 08:40:42
2312,281,6,零食饮料商品_2312,这是一个测试商品，编号2312，属于零食饮料分类。,30.0,1,/uploads/product/cover_19.jpg,ON_SALE,"MEETUP,EXPRESS",2026-07-30 04:48:42,2026-08-13 14:01:42
2313,552,5,服装鞋帽商品_2313,这是一个测试商品，编号2313，属于服装鞋帽分类。,12.0,4,/uploads/product/cover_14.jpg,ON_SALE,MEETUP,2026-08-03 05:11:42,2026-08-13 17:11:42
2314,626,10,家居家电商品_2314,这是一个测试商品，编号2314，属于家居家电分类。,15.0,1,/uploads/product/cover_20.jpg,ON_SALE,"MEETUP,EXPRESS",2026-08-05 13:31:42,2026-08-14 14:34:42
2315,591,2,电子数码商品_2315,这是一个测试商品，编号2315，属于电子数码分类。,80.0,4,/uploads/product/cover_14.jpg,ON_SALE,EXPRESS,2026-08-01 18:22:42,2026-08-14 05:07:42
2316,878,6,零食饮料商品_2316,这是一个测试商品，编号2316，属于零食饮料分类。,12.0,5,/uploads/product/cover_4.jpg,ON_SALE,"MEETUP,EXPRESS",2026-08-04 22:28:42,2026-08-14 19:18:42
2317,668,8,美妆护肤商品_2317,这是一个测试商品，编号2317，属于美妆护肤分类。,8.0,1,/uploads/product/cover_10.jpg,ON_SALE,MEETUP,2026-08-02 03:25:42,2026-08-16 10:53:42
2318,364,14,宠物用品商品_2318,这是一个测试商品，编号2318，属于宠物用品分类。,12.0,4,/uploads/product/cover_2.jpg,ON_SALE,"MEETUP,EXPRESS",2026-08-04 19:54:42,2026-08-16 07:32:42
2319,986,5,服装鞋帽商品_2319,这是一个测试商品，编号2319，属于服装鞋帽分类。,200.0,5,/uploads/product/cover_10.jpg,ON_SALE,"MEETUP,EXPRESS",2026-07-27 20:16:42,2026-08-12 08:26:42
2320,832,3,日用百货商品_2320,这是一个测试商品，编号2320，属于日用百货分类。,1.0,3,/uploads/product/cover_13.jpg,ON_SALE,EXPRESS,2026-08-10 03:39:42,2026-08-13 19:20:42
2321,276,6,零食饮料商品_2321,这是一个测试商品，编号2321，属于零食饮料分类。,2.0,3,/uploads/product/cover_16.jpg,ON_SALE,MEETUP,2026-08-03 12:40:42,2026-08-13 20:38:42
2322,995,1,教材教辅商品_2322,这是一个测试商品，编号2322，属于教材教辅分类。,50.0,3,/uploads/product/cover_1.jpg,ON_SALE,EXPRESS,2026-08-06 12:06:42,2026-08-15 21:27:42
2323,165,15,手工艺品商品_2323,这是一个测试商品，编号2323，属于手工艺品分类。,25.0,4,/uploads/product/cover_5.jpg,ON_SALE,EXPRESS,2026-08-12 03:31:42,2026-08-12 08:12:42
2324,520,8,美妆护肤商品_2324,这是一个测试商品，编号2324，属于美妆护肤分类。,120.0,1,/uploads/product/cover_18.jpg,ON_SALE,EXPRESS,2026-08-08 13:08:42,2026-08-13 06:54:42
2325,241,15,手工艺品商品_2325,这是一个测试商品，编号2325，属于手工艺品分类。,8.0,4,/uploads/product/cover_20.jpg,ON_SALE,EXPRESS,2026-08-15 22:44:42,2026-08-13 05:12:42
2326,897,5,服装鞋帽商品_2326,这是一个测试商品，编号2326，属于服装鞋帽分类。,200.0,5,/uploads/product/cover_6.jpg,ON_SALE,EXPRESS,2026-07-28 09:43:42,2026-08-14 17:52:42
2327,984,10,家居家电商品_2327,这是一个测试商品，编号2327，属于家居家电分类。,25.0,4,/uploads/product/cover_4.jpg,ON_SALE,MEETUP,2026-08-05 11:25:42,2026-08-13 04:12:42
2328,539,3,日用百货商品_2328,这是一个测试商品，编号2328，属于日用百货分类。,150.0,3,/uploads/product/cover_16.jpg,ON_SALE,"MEETUP,EXPRESS",2026-08-03 09:19:42,2026-08-16 00:48:42
2329,399,11,图书小说商品_2329,这是一个测试商品，编号2329，属于图书小说分类。,80.0,4,/uploads/product/cover_19.jpg,ON_SALE,MEETUP,2026-08-15 21:25:42,2026-08-15 08:17:42
2330,181,1,教材教辅商品_2330,这是一个测试商品，编号2330，属于教材教辅分类。,2.0,1,/uploads/product/cover_13.jpg,ON_SALE,EXPRESS,2026-08-14 07:28:42,2026-08-12 03:22:42
2331,64,10,家居家电商品_2331,这是一个测试商品，编号2331，属于家居家电分类。,25.0,5,/uploads/product/cover_5.jpg,ON_SALE,"MEETUP,EXPRESS",2026-08-15 03:13:42,2026-08-16 18:22:42
2332,65,4,运动户外商品_2332,这是一个测试商品，编号2332，属于运动户外分类。,80.0,3,/uploads/product/cover_19.jpg,ON_SALE,"MEETUP,EXPRESS",2026-08-12 12:06:42,2026-08-13 09:41:42
2333,183,10,家居家电商品_2333,这是一个测试商品，编号2333，属于家居家电分类。,8.0,2,/uploads/product/cover_9.jpg,ON_SALE,EXPRESS,2026-08-07 15:20:42,2026-08-16 16:11:42
2334,389,15,手工艺品商品_2334,这是一个测试商品，编号2334，属于手工艺品分类。,2.0,5,/uploads/product/cover_20.jpg,ON_SALE,"MEETUP,EXPRESS",2026-08-12 22:11:42,2026-08-15 00:01:42
2335,308,15,手工艺品商品_2335,这是一个测试商品，编号2335，属于手工艺品分类。,8.0,3,/uploads/product/cover_2.jpg,ON_SALE,"MEETUP,EXPRESS",2026-08-14 15:21:42,2026-08-15 01:26:42
2336,614,5,服装鞋帽商品_2336,这是一个测试商品，编号2336，属于服装鞋帽分类。,20.0,4,/uploads/product/cover_12.jpg,ON_SALE,EXPRESS,2026-08-05 15:50:42,2026-08-15 18:04:42
2337,194,10,家居家电商品_2337,这是一个测试商品，编号2337，属于家居家电分类。,100.0,1,/uploads/product/cover_12.jpg,ON_SALE,EXPRESS,2026-08-04 05:12:42,2026-08-12 22:18:42
2338,260,4,运动户外商品_2338,这是一个测试商品，编号2338，属于运动户外分类。,30.0,5,/uploads/product/cover_10.jpg,ON_SALE,"MEETUP,EXPRESS",2026-07-29 21:42:42,2026-08-13 06:59:42
2339,883,15,手工艺品商品_2339,这是一个测试商品，编号2339，属于手工艺品分类。,200.0,2,/uploads/product/cover_17.jpg,ON_SALE,EXPRESS,2026-08-07 06:40:42,2026-08-12 19:25:42
2340,248,11,图书小说商品_2340,这是一个测试商品，编号2340，属于图书小说分类。,200.0,5,/uploads/product/cover_11.jpg,ON_SALE,"MEETUP,EXPRESS",2026-08-09 18:03:42,2026-08-15 04:25:42
2341,810,11,图书小说商品_2341,这是一个测试商品，编号2341，属于图书小说分类。,30.0,1,/uploads/product/cover_15.jpg,ON_SALE,EXPRESS,2026-08-10 16:30:42,2026-08-15 07:53:42
2342,972,6,零食饮料商品_2342,这是一个测试商品，编号2342，属于零食饮料分类。,1.0,2,/uploads/product/cover_6.jpg,ON_SALE,MEETUP,2026-08-01 23:17:42,2026-08-15 10:00:42
2343,863,11,图书小说商品_2343,这是一个测试商品，编号2343，属于图书小说分类。,200.0,5,/uploads/product/cover_8.jpg,ON_SALE,EXPRESS,2026-08-02 14:30:42,2026-08-11 20:26:42
2344,781,10,家居家电商品_2344,这是一个测试商品，编号2344，属于家居家电分类。,25.0,2,/uploads/product/cover_17.jpg,ON_SALE,EXPRESS,2026-07-31 00:02:42,2026-08-13 23:50:42
2345,821,14,宠物用品商品_2345,这是一个测试商品，编号2345，属于宠物用品分类。,50.0,5,/uploads/product/cover_14.jpg,ON_SALE,MEETUP,2026-08-11 02:24:42,2026-08-13 10:24:42
2346,808,7,文具办公商品_2346,这是一个测试商品，编号2346，属于文具办公分类。,120.0,5,/uploads/product/cover_3.jpg,ON_SALE,"MEETUP,EXPRESS",2026-08-07 18:27:42,2026-08-12 20:00:42
2347,878,10,家居家电商品_2347,这是一个测试商品，编号2347，属于家居家电分类。,50.0,4,/uploads/product/cover_20.jpg,ON_SALE,MEETUP,2026-08-06 13:02:42,2026-08-14 15:08:42
2348,325,4,运动户外商品_2348,这是一个测试商品，编号2348，属于运动户外分类。,25.0,1,/uploads/product/cover_17.jpg,ON_SALE,"MEETUP,EXPRESS",2026-08-12 18:37:42,2026-08-16 10:51:42
2349,722,8,美妆护肤商品_2349,这是一个测试商品，编号2349，属于美妆护肤分类。,5.0,1,/uploads/product/cover_19.jpg,ON_SALE,"MEETUP,EXPRESS",2026-08-11 23:06:42,2026-08-14 11:05:42
2350,705,8,美妆护肤商品_2350,这是一个测试商品，编号2350，属于美妆护肤分类。,100.0,1,/uploads/product/cover_6.jpg,ON_SALE,MEETUP,2026-08-05 04:22:42,2026-08-16 09:16:42
2351,406,13,交通工具商品_2351,这是一个测试商品，编号2351，属于交通工具分类。,100.0,3,/uploads/product/cover_11.jpg,ON_SALE,"MEETUP,EXPRESS",2026-08-14 00:42:42,2026-08-14 11:58:42
2352,65,1,教材教辅商品_2352,这是一个测试商品，编号2352，属于教材教辅分类。,15.0,1,/uploads/product/cover_11.jpg,ON_SALE,EXPRESS,2026-08-07 07:30:42,2026-08-13 10:59:42
2353,94,8,美妆护肤商品_2353,这是一个测试商品，编号2353，属于美妆护肤分类。,100.0,1,/uploads/product/cover_2.jpg,ON_SALE,EXPRESS,2026-08-13 21:11:42,2026-08-13 10:19:42
2354,196,15,手工艺品商品_2354,这是一个测试商品，编号2354，属于手工艺品分类。,15.0,4,/uploads/product/cover_12.jpg,ON_SALE,MEETUP,2026-08-16 03:41:42,2026-08-16 13:49:42
2355,723,4,运动户外商品_2355,这是一个测试商品，编号2355，属于运动户外分类。,12.0,4,/uploads/product/cover_7.jpg,ON_SALE,"MEETUP,EXPRESS",2026-07-28 03:04:42,2026-08-16 16:02:42
2356,907,2,电子数码商品_2356,这是一个测试商品，编号2356，属于电子数码分类。,5.0,3,/uploads/product/cover_19.jpg,ON_SALE,"MEETUP,EXPRESS",2026-08-03 13:51:42,2026-08-11 23:01:42
2357,162,12,乐器音响商品_2357,这是一个测试商品，编号2357，属于乐器音响分类。,50.0,3,/uploads/product/cover_1.jpg,ON_SALE,"MEETUP,EXPRESS",2026-08-03 16:42:42,2026-08-12 06:34:42
2358,277,15,手工艺品商品_2358,这是一个测试商品，编号2358，属于手工艺品分类。,8.0,4,/uploads/product/cover_2.jpg,ON_SALE,"MEETUP,EXPRESS",2026-08-06 16:38:42,2026-08-15 08:21:42
2359,740,14,宠物用品商品_2359,这是一个测试商品，编号2359，属于宠物用品分类。,10.0,3,/uploads/product/cover_16.jpg,ON_SALE,"MEETUP,EXPRESS",2026-08-14 01:10:42,2026-08-16 17:36:42
2360,348,2,电子数码商品_2360,这是一个测试商品，编号2360，属于电子数码分类。,10.0,3,/uploads/product/cover_8.jpg,ON_SALE,"MEETUP,EXPRESS",2026-08-13 00:35:42,2026-08-11 22:29:42
2361,60,8,美妆护肤商品_2361,这是一个测试商品，编号2361，属于美妆护肤分类。,30.0,4,/uploads/product/cover_20.jpg,ON_SALE,"MEETUP,EXPRESS",2026-08-08 03:24:42,2026-08-12 05:29:42
2362,51,5,服装鞋帽商品_2362,这是一个测试商品，编号2362，属于服装鞋帽分类。,1.0,5,/uploads/product/cover_11.jpg,ON_SALE,MEETUP,2026-08-12 08:25:42,2026-08-14 18:02:42
2363,280,3,日用百货商品_2363,这是一个测试商品，编号2363，属于日用百货分类。,50.0,3,/uploads/product/cover_13.jpg,ON_SALE,MEETUP,2026-08-15 06:18:42,2026-08-13 21:08:42
2364,709,7,文具办公商品_2364,这是一个测试商品，编号2364，属于文具办公分类。,60.0,1,/uploads/product/cover_16.jpg,ON_SALE,MEETUP,2026-08-08 15:08:42,2026-08-12 13:24:42
2365,796,2,电子数码商品_2365,这是一个测试商品，编号2365，属于电子数码分类。,25.0,1,/uploads/product/cover_10.jpg,ON_SALE,EXPRESS,2026-07-30 15:31:42,2026-08-16 07:20:42
2366,22,10,家居家电商品_2366,这是一个测试商品，编号2366，属于家居家电分类。,15.0,4,/uploads/product/cover_11.jpg,ON_SALE,MEETUP,2026-08-01 17:20:42,2026-08-15 06:24:42
2367,756,7,文具办公商品_2367,这是一个测试商品，编号2367，属于文具办公分类。,120.0,3,/uploads/product/cover_2.jpg,ON_SALE,MEETUP,2026-08-07 19:37:42,2026-08-16 08:58:42
2368,286,10,家居家电商品_2368,这是一个测试商品，编号2368，属于家居家电分类。,30.0,3,/uploads/product/cover_5.jpg,ON_SALE,EXPRESS,2026-08-04 03:05:42,2026-08-16 02:21:42
2369,63,14,宠物用品商品_2369,这是一个测试商品，编号2369，属于宠物用品分类。,2.0,1,/uploads/product/cover_3.jpg,ON_SALE,MEETUP,2026-08-13 11:27:42,2026-08-11 21:29:42
2370,790,7,文具办公商品_2370,这是一个测试商品，编号2370，属于文具办公分类。,50.0,5,/uploads/product/cover_9.jpg,ON_SALE,EXPRESS,2026-08-02 17:37:42,2026-08-15 10:51:42
2371,421,2,电子数码商品_2371,这是一个测试商品，编号2371，属于电子数码分类。,60.0,3,/uploads/product/cover_5.jpg,ON_SALE,"MEETUP,EXPRESS",2026-08-02 06:13:42,2026-08-12 16:27:42
2372,670,1,教材教辅商品_2372,这是一个测试商品，编号2372，属于教材教辅分类。,5.0,4,/uploads/product/cover_18.jpg,ON_SALE,"MEETUP,EXPRESS",2026-08-08 11:28:42,2026-08-14 00:25:42
2373,158,10,家居家电商品_2373,这是一个测试商品，编号2373，属于家居家电分类。,100.0,4,/uploads/product/cover_13.jpg,ON_SALE,MEETUP,2026-08-12 21:52:42,2026-08-14 10:48:42
2374,887,13,交通工具商品_2374,这是一个测试商品，编号2374，属于交通工具分类。,12.0,1,/uploads/product/cover_11.jpg,ON_SALE,"MEETUP,EXPRESS",2026-08-16 03:28:42,2026-08-16 16:11:42
2375,852,6,零食饮料商品_2375,这是一个测试商品，编号2375，属于零食饮料分类。,12.0,1,/uploads/product/cover_18.jpg,ON_SALE,"MEETUP,EXPRESS",2026-08-16 03:57:42,2026-08-13 01:39:42
2376,184,5,服装鞋帽商品_2376,这是一个测试商品，编号2376，属于服装鞋帽分类。,60.0,3,/uploads/product/cover_12.jpg,ON_SALE,MEETUP,2026-08-03 15:22:42,2026-08-13 03:25:42
2377,819,7,文具办公商品_2377,这是一个测试商品，编号2377，属于文具办公分类。,10.0,4,/uploads/product/cover_16.jpg,ON_SALE,"MEETUP,EXPRESS",2026-08-13 23:09:42,2026-08-15 13:20:42
2378,778,5,服装鞋帽商品_2378,这是一个测试商品，编号2378，属于服装鞋帽分类。,100.0,5,/uploads/product/cover_4.jpg,ON_SALE,MEETUP,2026-08-10 18:15:42,2026-08-12 14:48:42
2379,372,8,美妆护肤商品_2379,这是一个测试商品，编号2379，属于美妆护肤分类。,50.0,2,/uploads/product/cover_12.jpg,ON_SALE,EXPRESS,2026-08-01 01:41:42,2026-08-15 05:02:42
2380,475,13,交通工具商品_2380,这是一个测试商品，编号2380，属于交通工具分类。,150.0,1,/uploads/product/cover_17.jpg,ON_SALE,EXPRESS,2026-07-29 15:45:42,2026-08-16 07:18:42
2381,599,13,交通工具商品_2381,这是一个测试商品，编号2381，属于交通工具分类。,150.0,3,/uploads/product/cover_15.jpg,ON_SALE,EXPRESS,2026-08-04 00:08:42,2026-08-12 01:54:42
2382,93,11,图书小说商品_2382,这是一个测试商品，编号2382，属于图书小说分类。,50.0,2,/uploads/product/cover_11.jpg,ON_SALE,MEETUP,2026-08-12 17:21:42,2026-08-15 05:49:42
2383,761,14,宠物用品商品_2383,这是一个测试商品，编号2383，属于宠物用品分类。,5.0,5,/uploads/product/cover_18.jpg,ON_SALE,"MEETUP,EXPRESS",2026-08-12 07:24:42,2026-08-16 16:01:42
2384,414,12,乐器音响商品_2384,这是一个测试商品，编号2384，属于乐器音响分类。,50.0,1,/uploads/product/cover_13.jpg,ON_SALE,EXPRESS,2026-08-09 04:52:42,2026-08-15 06:56:42
2385,346,15,手工艺品商品_2385,这是一个测试商品，编号2385，属于手工艺品分类。,2.0,5,/uploads/product/cover_4.jpg,ON_SALE,MEETUP,2026-08-13 06:27:42,2026-08-13 16:28:42
2386,723,3,日用百货商品_2386,这是一个测试商品，编号2386，属于日用百货分类。,8.0,5,/uploads/product/cover_13.jpg,ON_SALE,MEETUP,2026-07-30 05:56:42,2026-08-15 06:01:42
2387,56,13,交通工具商品_2387,这是一个测试商品，编号2387，属于交通工具分类。,30.0,3,/uploads/product/cover_8.jpg,ON_SALE,MEETUP,2026-07-31 03:43:42,2026-08-15 17:16:42
2388,152,6,零食饮料商品_2388,这是一个测试商品，编号2388，属于零食饮料分类。,50.0,3,/uploads/product/cover_12.jpg,ON_SALE,"MEETUP,EXPRESS",2026-07-30 18:31:42,2026-08-12 10:54:42
2389,628,9,游戏动漫商品_2389,这是一个测试商品，编号2389，属于游戏动漫分类。,12.0,4,/uploads/product/cover_7.jpg,ON_SALE,EXPRESS,2026-07-30 02:57:42,2026-08-16 00:57:42
2390,205,15,手工艺品商品_2390,这是一个测试商品，编号2390，属于手工艺品分类。,200.0,1,/uploads/product/cover_2.jpg,ON_SALE,"MEETUP,EXPRESS",2026-08-16 05:31:42,2026-08-14 01:37:42
2391,528,4,运动户外商品_2391,这是一个测试商品，编号2391，属于运动户外分类。,200.0,5,/uploads/product/cover_8.jpg,ON_SALE,"MEETUP,EXPRESS",2026-08-16 10:28:42,2026-08-16 11:11:42
2392,832,14,宠物用品商品_2392,这是一个测试商品，编号2392，属于宠物用品分类。,1.0,4,/uploads/product/cover_1.jpg,ON_SALE,EXPRESS,2026-07-29 23:11:42,2026-08-13 17:31:42
2393,283,8,美妆护肤商品_2393,这是一个测试商品，编号2393，属于美妆护肤分类。,100.0,3,/uploads/product/cover_20.jpg,ON_SALE,"MEETUP,EXPRESS",2026-08-07 09:26:42,2026-08-12 17:15:42
2394,851,12,乐器音响商品_2394,这是一个测试商品，编号2394，属于乐器音响分类。,1.0,5,/uploads/product/cover_8.jpg,ON_SALE,"MEETUP,EXPRESS",2026-08-08 03:55:42,2026-08-15 03:14:42
2395,543,3,日用百货商品_2395,这是一个测试商品，编号2395，属于日用百货分类。,5.0,4,/uploads/product/cover_14.jpg,ON_SALE,MEETUP,2026-08-05 15:43:42,2026-08-15 21:06:42
2396,49,15,手工艺品商品_2396,这是一个测试商品，编号2396，属于手工艺品分类。,1.0,1,/uploads/product/cover_4.jpg,ON_SALE,EXPRESS,2026-07-30 07:57:42,2026-08-13 08:36:42
2397,494,15,手工艺品商品_2397,这是一个测试商品，编号2397，属于手工艺品分类。,80.0,5,/uploads/product/cover_17.jpg,ON_SALE,"MEETUP,EXPRESS",2026-07-30 09:44:42,2026-08-13 09:54:42
2398,392,9,游戏动漫商品_2398,这是一个测试商品，编号2398，属于游戏动漫分类。,50.0,2,/uploads/product/cover_17.jpg,ON_SALE,MEETUP,2026-08-16 04:45:42,2026-08-14 08:41:42
2399,189,6,零食饮料商品_2399,这是一个测试商品，编号2399，属于零食饮料分类。,5.0,2,/uploads/product/cover_18.jpg,ON_SALE,MEETUP,2026-08-14 08:02:42,2026-08-14 17:48:42
2400,194,3,日用百货商品_2400,这是一个测试商品，编号2400，属于日用百货分类。,1.0,3,/uploads/product/cover_15.jpg,ON_SALE,"MEETUP,EXPRESS",2026-08-14 04:20:42,2026-08-12 03:12:42
2401,780,1,教材教辅商品_2401,这是一个测试商品，编号2401，属于教材教辅分类。,2.0,3,/uploads/product/cover_4.jpg,ON_SALE,"MEETUP,EXPRESS",2026-07-27 19:11:42,2026-08-16 02:15:42
2402,274,9,游戏动漫商品_2402,这是一个测试商品，编号2402，属于游戏动漫分类。,15.0,1,/uploads/product/cover_12.jpg,ON_SALE,EXPRESS,2026-08-14 09:49:42,2026-08-15 18:10:42
2403,959,8,美妆护肤商品_2403,这是一个测试商品，编号2403，属于美妆护肤分类。,5.0,3,/uploads/product/cover_2.jpg,ON_SALE,MEETUP,2026-08-05 16:34:42,2026-08-13 00:17:42
2404,937,4,运动户外商品_2404,这是一个测试商品，编号2404，属于运动户外分类。,80.0,2,/uploads/product/cover_16.jpg,ON_SALE,MEETUP,2026-07-28 14:05:42,2026-08-13 01:19:42
2405,915,8,美妆护肤商品_2405,这是一个测试商品，编号2405，属于美妆护肤分类。,150.0,2,/uploads/product/cover_17.jpg,ON_SALE,MEETUP,2026-07-28 12:53:42,2026-08-12 14:12:42
2406,379,14,宠物用品商品_2406,这是一个测试商品，编号2406，属于宠物用品分类。,50.0,2,/uploads/product/cover_20.jpg,ON_SALE,"MEETUP,EXPRESS",2026-08-04 17:32:42,2026-08-13 12:29:42
2407,831,8,美妆护肤商品_2407,这是一个测试商品，编号2407，属于美妆护肤分类。,10.0,1,/uploads/product/cover_5.jpg,ON_SALE,MEETUP,2026-08-13 12:25:42,2026-08-14 23:01:42
2408,305,3,日用百货商品_2408,这是一个测试商品，编号2408，属于日用百货分类。,15.0,3,/uploads/product/cover_18.jpg,ON_SALE,"MEETUP,EXPRESS",2026-07-29 10:58:42,2026-08-13 06:18:42
2409,295,7,文具办公商品_2409,这是一个测试商品，编号2409，属于文具办公分类。,80.0,3,/uploads/product/cover_7.jpg,ON_SALE,MEETUP,2026-08-04 21:11:42,2026-08-15 16:13:42
2410,314,12,乐器音响商品_2410,这是一个测试商品，编号2410，属于乐器音响分类。,1.0,5,/uploads/product/cover_9.jpg,ON_SALE,MEETUP,2026-08-03 01:07:42,2026-08-16 07:53:42
2411,773,10,家居家电商品_2411,这是一个测试商品，编号2411，属于家居家电分类。,120.0,3,/uploads/product/cover_4.jpg,ON_SALE,MEETUP,2026-08-03 20:41:42,2026-08-16 01:27:42
2412,633,10,家居家电商品_2412,这是一个测试商品，编号2412，属于家居家电分类。,120.0,4,/uploads/product/cover_14.jpg,ON_SALE,"MEETUP,EXPRESS",2026-08-08 21:07:42,2026-08-16 14:43:42
2413,9,3,日用百货商品_2413,这是一个测试商品，编号2413，属于日用百货分类。,150.0,2,/uploads/product/cover_8.jpg,ON_SALE,"MEETUP,EXPRESS",2026-07-31 02:15:42,2026-08-15 15:13:42
2414,584,1,教材教辅商品_2414,这是一个测试商品，编号2414，属于教材教辅分类。,3.0,2,/uploads/product/cover_11.jpg,ON_SALE,"MEETUP,EXPRESS",2026-07-27 19:10:42,2026-08-15 03:54:42
2415,265,1,教材教辅商品_2415,这是一个测试商品，编号2415，属于教材教辅分类。,5.0,3,/uploads/product/cover_8.jpg,ON_SALE,EXPRESS,2026-08-03 06:28:42,2026-08-12 09:26:42
2416,42,11,图书小说商品_2416,这是一个测试商品，编号2416，属于图书小说分类。,25.0,2,/uploads/product/cover_13.jpg,ON_SALE,"MEETUP,EXPRESS",2026-08-11 04:35:42,2026-08-12 19:23:42
2417,621,7,文具办公商品_2417,这是一个测试商品，编号2417，属于文具办公分类。,8.0,2,/uploads/product/cover_14.jpg,ON_SALE,EXPRESS,2026-08-16 07:42:42,2026-08-13 12:22:42
2418,60,13,交通工具商品_2418,这是一个测试商品，编号2418，属于交通工具分类。,120.0,5,/uploads/product/cover_5.jpg,ON_SALE,"MEETUP,EXPRESS",2026-08-10 17:19:42,2026-08-13 18:50:42
2419,624,3,日用百货商品_2419,这是一个测试商品，编号2419，属于日用百货分类。,120.0,3,/uploads/product/cover_15.jpg,ON_SALE,MEETUP,2026-08-14 22:12:42,2026-08-13 07:49:42
2420,537,3,日用百货商品_2420,这是一个测试商品，编号2420，属于日用百货分类。,3.0,1,/uploads/product/cover_1.jpg,ON_SALE,EXPRESS,2026-07-30 21:15:42,2026-08-13 12:30:42
2421,472,15,手工艺品商品_2421,这是一个测试商品，编号2421，属于手工艺品分类。,60.0,2,/uploads/product/cover_17.jpg,ON_SALE,EXPRESS,2026-08-14 05:21:42,2026-08-12 06:55:42
2422,15,13,交通工具商品_2422,这是一个测试商品，编号2422，属于交通工具分类。,3.0,4,/uploads/product/cover_17.jpg,ON_SALE,EXPRESS,2026-07-31 15:59:42,2026-08-15 03:18:42
2423,49,12,乐器音响商品_2423,这是一个测试商品，编号2423，属于乐器音响分类。,200.0,2,/uploads/product/cover_12.jpg,ON_SALE,"MEETUP,EXPRESS",2026-07-29 21:38:42,2026-08-13 08:23:42
2424,952,7,文具办公商品_2424,这是一个测试商品，编号2424，属于文具办公分类。,5.0,5,/uploads/product/cover_3.jpg,ON_SALE,EXPRESS,2026-08-01 23:47:42,2026-08-14 22:37:42
2425,104,10,家居家电商品_2425,这是一个测试商品，编号2425，属于家居家电分类。,12.0,4,/uploads/product/cover_1.jpg,ON_SALE,"MEETUP,EXPRESS",2026-08-13 17:20:42,2026-08-16 02:42:42
2426,271,12,乐器音响商品_2426,这是一个测试商品，编号2426，属于乐器音响分类。,120.0,1,/uploads/product/cover_20.jpg,ON_SALE,EXPRESS,2026-08-04 19:39:42,2026-08-14 02:26:42
2427,565,14,宠物用品商品_2427,这是一个测试商品，编号2427，属于宠物用品分类。,10.0,3,/uploads/product/cover_18.jpg,ON_SALE,"MEETUP,EXPRESS",2026-08-10 10:29:42,2026-08-14 01:31:42
2428,940,15,手工艺品商品_2428,这是一个测试商品，编号2428，属于手工艺品分类。,12.0,2,/uploads/product/cover_13.jpg,ON_SALE,"MEETUP,EXPRESS",2026-08-11 15:42:42,2026-08-15 21:23:42
2429,705,7,文具办公商品_2429,这是一个测试商品，编号2429，属于文具办公分类。,5.0,4,/uploads/product/cover_14.jpg,ON_SALE,MEETUP,2026-08-15 07:56:42,2026-08-12 00:25:42
2430,651,4,运动户外商品_2430,这是一个测试商品，编号2430，属于运动户外分类。,200.0,1,/uploads/product/cover_17.jpg,ON_SALE,MEETUP,2026-07-30 18:02:42,2026-08-15 04:22:42
2431,178,12,乐器音响商品_2431,这是一个测试商品，编号2431，属于乐器音响分类。,1.0,2,/uploads/product/cover_15.jpg,ON_SALE,"MEETUP,EXPRESS",2026-08-12 05:08:42,2026-08-12 02:24:42
2432,24,15,手工艺品商品_2432,这是一个测试商品，编号2432，属于手工艺品分类。,200.0,1,/uploads/product/cover_11.jpg,ON_SALE,MEETUP,2026-08-01 01:15:42,2026-08-16 11:15:42
2433,752,4,运动户外商品_2433,这是一个测试商品，编号2433，属于运动户外分类。,12.0,1,/uploads/product/cover_10.jpg,ON_SALE,"MEETUP,EXPRESS",2026-08-13 03:13:42,2026-08-14 06:47:42
2434,277,10,家居家电商品_2434,这是一个测试商品，编号2434，属于家居家电分类。,25.0,5,/uploads/product/cover_9.jpg,ON_SALE,EXPRESS,2026-08-08 11:43:42,2026-08-16 03:21:42
2435,163,4,运动户外商品_2435,这是一个测试商品，编号2435，属于运动户外分类。,12.0,1,/uploads/product/cover_12.jpg,ON_SALE,EXPRESS,2026-07-28 03:29:42,2026-08-13 14:53:42
2436,541,14,宠物用品商品_2436,这是一个测试商品，编号2436，属于宠物用品分类。,200.0,1,/uploads/product/cover_15.jpg,ON_SALE,EXPRESS,2026-08-07 19:57:42,2026-08-13 09:58:42
2437,14,6,零食饮料商品_2437,这是一个测试商品，编号2437，属于零食饮料分类。,20.0,4,/uploads/product/cover_15.jpg,ON_SALE,MEETUP,2026-08-03 06:47:42,2026-08-15 23:16:42
2438,715,9,游戏动漫商品_2438,这是一个测试商品，编号2438，属于游戏动漫分类。,25.0,3,/uploads/product/cover_14.jpg,ON_SALE,MEETUP,2026-08-12 07:58:42,2026-08-13 21:01:42
2439,308,5,服装鞋帽商品_2439,这是一个测试商品，编号2439，属于服装鞋帽分类。,30.0,3,/uploads/product/cover_18.jpg,ON_SALE,MEETUP,2026-08-04 04:44:42,2026-08-12 13:19:42
2440,622,8,美妆护肤商品_2440,这是一个测试商品，编号2440，属于美妆护肤分类。,10.0,2,/uploads/product/cover_5.jpg,ON_SALE,EXPRESS,2026-08-03 03:16:42,2026-08-14 17:28:42
2441,683,2,电子数码商品_2441,这是一个测试商品，编号2441，属于电子数码分类。,5.0,3,/uploads/product/cover_9.jpg,ON_SALE,"MEETUP,EXPRESS",2026-08-09 02:45:42,2026-08-12 19:56:42
2442,951,9,游戏动漫商品_2442,这是一个测试商品，编号2442，属于游戏动漫分类。,100.0,4,/uploads/product/cover_18.jpg,ON_SALE,EXPRESS,2026-08-10 11:16:42,2026-08-15 12:02:42
2443,550,7,文具办公商品_2443,这是一个测试商品，编号2443，属于文具办公分类。,60.0,2,/uploads/product/cover_5.jpg,ON_SALE,MEETUP,2026-08-08 05:14:42,2026-08-11 19:29:42
2444,192,15,手工艺品商品_2444,这是一个测试商品，编号2444，属于手工艺品分类。,8.0,4,/uploads/product/cover_3.jpg,ON_SALE,"MEETUP,EXPRESS",2026-08-09 07:30:42,2026-08-14 03:38:42
2445,657,1,教材教辅商品_2445,这是一个测试商品，编号2445，属于教材教辅分类。,120.0,5,/uploads/product/cover_10.jpg,ON_SALE,"MEETUP,EXPRESS",2026-07-31 21:56:42,2026-08-15 20:36:42
2446,853,7,文具办公商品_2446,这是一个测试商品，编号2446，属于文具办公分类。,50.0,2,/uploads/product/cover_16.jpg,ON_SALE,"MEETUP,EXPRESS",2026-08-05 18:14:42,2026-08-13 17:52:42
2447,748,3,日用百货商品_2447,这是一个测试商品，编号2447，属于日用百货分类。,15.0,4,/uploads/product/cover_14.jpg,ON_SALE,MEETUP,2026-08-03 22:03:42,2026-08-16 00:04:42
2448,445,5,服装鞋帽商品_2448,这是一个测试商品，编号2448，属于服装鞋帽分类。,15.0,5,/uploads/product/cover_2.jpg,ON_SALE,EXPRESS,2026-08-14 18:52:42,2026-08-12 15:28:42
2449,402,14,宠物用品商品_2449,这是一个测试商品，编号2449，属于宠物用品分类。,2.0,5,/uploads/product/cover_11.jpg,ON_SALE,MEETUP,2026-08-06 08:56:42,2026-08-15 17:52:42
2450,99,15,手工艺品商品_2450,这是一个测试商品，编号2450，属于手工艺品分类。,25.0,5,/uploads/product/cover_9.jpg,ON_SALE,MEETUP,2026-08-11 22:08:42,2026-08-12 19:36:42
2451,883,13,交通工具商品_2451,这是一个测试商品，编号2451，属于交通工具分类。,50.0,1,/uploads/product/cover_11.jpg,ON_SALE,"MEETUP,EXPRESS",2026-08-12 08:13:42,2026-08-12 00:23:42
2452,957,11,图书小说商品_2452,这是一个测试商品，编号2452，属于图书小说分类。,12.0,2,/uploads/product/cover_2.jpg,ON_SALE,MEETUP,2026-08-10 13:49:42,2026-08-13 06:32:42
2453,841,10,家居家电商品_2453,这是一个测试商品，编号2453，属于家居家电分类。,3.0,1,/uploads/product/cover_2.jpg,ON_SALE,EXPRESS,2026-08-02 17:15:42,2026-08-11 21:13:42
2454,414,14,宠物用品商品_2454,这是一个测试商品，编号2454，属于宠物用品分类。,15.0,1,/uploads/product/cover_16.jpg,ON_SALE,"MEETUP,EXPRESS",2026-08-09 20:57:42,2026-08-14 18:15:42
2455,151,1,教材教辅商品_2455,这是一个测试商品，编号2455，属于教材教辅分类。,2.0,1,/uploads/product/cover_14.jpg,ON_SALE,MEETUP,2026-08-11 14:26:42,2026-08-13 10:40:42
2456,318,13,交通工具商品_2456,这是一个测试商品，编号2456，属于交通工具分类。,200.0,4,/uploads/product/cover_11.jpg,ON_SALE,"MEETUP,EXPRESS",2026-08-02 21:12:42,2026-08-14 17:01:42
2457,328,5,服装鞋帽商品_2457,这是一个测试商品，编号2457，属于服装鞋帽分类。,80.0,4,/uploads/product/cover_16.jpg,ON_SALE,EXPRESS,2026-08-08 16:50:42,2026-08-13 18:45:42
2458,521,12,乐器音响商品_2458,这是一个测试商品，编号2458，属于乐器音响分类。,2.0,5,/uploads/product/cover_12.jpg,ON_SALE,"MEETUP,EXPRESS",2026-07-30 01:09:42,2026-08-13 08:33:42
2459,614,8,美妆护肤商品_2459,这是一个测试商品，编号2459，属于美妆护肤分类。,120.0,3,/uploads/product/cover_19.jpg,ON_SALE,EXPRESS,2026-08-11 17:39:42,2026-08-15 21:33:42
2460,903,3,日用百货商品_2460,这是一个测试商品，编号2460，属于日用百货分类。,1.0,5,/uploads/product/cover_6.jpg,ON_SALE,"MEETUP,EXPRESS",2026-08-15 15:30:42,2026-08-13 19:41:42
2461,21,11,图书小说商品_2461,这是一个测试商品，编号2461，属于图书小说分类。,100.0,2,/uploads/product/cover_20.jpg,ON_SALE,MEETUP,2026-08-01 20:38:42,2026-08-13 22:06:42
2462,295,4,运动户外商品_2462,这是一个测试商品，编号2462，属于运动户外分类。,100.0,2,/uploads/product/cover_19.jpg,ON_SALE,EXPRESS,2026-08-07 07:12:42,2026-08-13 02:28:42
2463,972,12,乐器音响商品_2463,这是一个测试商品，编号2463，属于乐器音响分类。,25.0,3,/uploads/product/cover_2.jpg,ON_SALE,MEETUP,2026-08-01 04:47:42,2026-08-13 22:15:42
2464,783,12,乐器音响商品_2464,这是一个测试商品，编号2464，属于乐器音响分类。,3.0,3,/uploads/product/cover_20.jpg,ON_SALE,MEETUP,2026-08-11 19:04:42,2026-08-12 12:13:42
2465,793,2,电子数码商品_2465,这是一个测试商品，编号2465，属于电子数码分类。,200.0,5,/uploads/product/cover_1.jpg,ON_SALE,MEETUP,2026-08-01 21:58:42,2026-08-16 18:53:42
2466,611,9,游戏动漫商品_2466,这是一个测试商品，编号2466，属于游戏动漫分类。,12.0,3,/uploads/product/cover_10.jpg,ON_SALE,"MEETUP,EXPRESS",2026-07-28 02:45:42,2026-08-12 00:40:42
2467,68,11,图书小说商品_2467,这是一个测试商品，编号2467，属于图书小说分类。,3.0,3,/uploads/product/cover_5.jpg,ON_SALE,"MEETUP,EXPRESS",2026-08-12 02:47:42,2026-08-13 07:23:42
2468,358,13,交通工具商品_2468,这是一个测试商品，编号2468，属于交通工具分类。,25.0,1,/uploads/product/cover_6.jpg,ON_SALE,MEETUP,2026-07-31 00:51:42,2026-08-16 08:14:42
2469,373,10,家居家电商品_2469,这是一个测试商品，编号2469，属于家居家电分类。,25.0,5,/uploads/product/cover_19.jpg,ON_SALE,"MEETUP,EXPRESS",2026-08-05 02:08:42,2026-08-14 11:39:42
2470,695,15,手工艺品商品_2470,这是一个测试商品，编号2470，属于手工艺品分类。,2.0,4,/uploads/product/cover_12.jpg,ON_SALE,"MEETUP,EXPRESS",2026-08-12 11:37:42,2026-08-15 10:38:42
2471,58,12,乐器音响商品_2471,这是一个测试商品，编号2471，属于乐器音响分类。,12.0,1,/uploads/product/cover_17.jpg,ON_SALE,"MEETUP,EXPRESS",2026-08-02 22:42:42,2026-08-15 19:40:42
2472,606,10,家居家电商品_2472,这是一个测试商品，编号2472，属于家居家电分类。,1.0,3,/uploads/product/cover_8.jpg,ON_SALE,MEETUP,2026-08-02 01:08:42,2026-08-14 08:16:42
2473,22,4,运动户外商品_2473,这是一个测试商品，编号2473，属于运动户外分类。,25.0,1,/uploads/product/cover_5.jpg,ON_SALE,EXPRESS,2026-08-11 16:15:42,2026-08-16 16:44:42
2474,403,11,图书小说商品_2474,这是一个测试商品，编号2474，属于图书小说分类。,200.0,2,/uploads/product/cover_4.jpg,ON_SALE,EXPRESS,2026-07-31 16:35:42,2026-08-14 10:06:42
2475,508,9,游戏动漫商品_2475,这是一个测试商品，编号2475，属于游戏动漫分类。,120.0,5,/uploads/product/cover_7.jpg,ON_SALE,MEETUP,2026-08-02 17:24:42,2026-08-16 07:01:42
2476,29,1,教材教辅商品_2476,这是一个测试商品，编号2476，属于教材教辅分类。,12.0,5,/uploads/product/cover_12.jpg,ON_SALE,EXPRESS,2026-08-15 22:30:42,2026-08-15 06:13:42
2477,223,8,美妆护肤商品_2477,这是一个测试商品，编号2477，属于美妆护肤分类。,50.0,4,/uploads/product/cover_6.jpg,ON_SALE,MEETUP,2026-08-10 14:28:42,2026-08-14 04:46:42
2478,4,10,家居家电商品_2478,这是一个测试商品，编号2478，属于家居家电分类。,25.0,5,/uploads/product/cover_2.jpg,ON_SALE,MEETUP,2026-08-01 17:25:42,2026-08-11 23:05:42
2479,761,8,美妆护肤商品_2479,这是一个测试商品，编号2479，属于美妆护肤分类。,100.0,5,/uploads/product/cover_17.jpg,ON_SALE,MEETUP,2026-07-31 21:34:42,2026-08-14 20:14:42
2480,196,14,宠物用品商品_2480,这是一个测试商品，编号2480，属于宠物用品分类。,8.0,2,/uploads/product/cover_13.jpg,ON_SALE,EXPRESS,2026-08-13 02:36:42,2026-08-14 10:38:42
2481,111,11,图书小说商品_2481,这是一个测试商品，编号2481，属于图书小说分类。,120.0,2,/uploads/product/cover_17.jpg,ON_SALE,MEETUP,2026-08-01 19:59:42,2026-08-12 14:22:42
2482,170,13,交通工具商品_2482,这是一个测试商品，编号2482，属于交通工具分类。,3.0,2,/uploads/product/cover_20.jpg,ON_SALE,"MEETUP,EXPRESS",2026-08-13 05:04:42,2026-08-14 15:35:42
2483,618,3,日用百货商品_2483,这是一个测试商品，编号2483，属于日用百货分类。,1.0,4,/uploads/product/cover_10.jpg,ON_SALE,MEETUP,2026-07-29 19:24:42,2026-08-16 07:14:42
2484,340,4,运动户外商品_2484,这是一个测试商品，编号2484，属于运动户外分类。,100.0,2,/uploads/product/cover_3.jpg,ON_SALE,EXPRESS,2026-08-02 00:06:42,2026-08-15 16:05:42
2485,682,11,图书小说商品_2485,这是一个测试商品，编号2485，属于图书小说分类。,80.0,3,/uploads/product/cover_16.jpg,ON_SALE,MEETUP,2026-08-04 16:16:42,2026-08-12 19:49:42
2486,880,7,文具办公商品_2486,这是一个测试商品，编号2486，属于文具办公分类。,12.0,3,/uploads/product/cover_2.jpg,ON_SALE,"MEETUP,EXPRESS",2026-08-13 18:04:42,2026-08-16 17:45:42
2487,511,7,文具办公商品_2487,这是一个测试商品，编号2487，属于文具办公分类。,60.0,3,/uploads/product/cover_20.jpg,ON_SALE,EXPRESS,2026-08-05 02:13:42,2026-08-13 17:06:42
2488,6,2,电子数码商品_2488,这是一个测试商品，编号2488，属于电子数码分类。,2.0,2,/uploads/product/cover_11.jpg,ON_SALE,"MEETUP,EXPRESS",2026-07-30 22:52:42,2026-08-13 12:49:42
2489,629,6,零食饮料商品_2489,这是一个测试商品，编号2489，属于零食饮料分类。,5.0,2,/uploads/product/cover_16.jpg,ON_SALE,MEETUP,2026-07-28 12:45:42,2026-08-12 04:15:42
2490,590,12,乐器音响商品_2490,这是一个测试商品，编号2490，属于乐器音响分类。,50.0,4,/uploads/product/cover_10.jpg,ON_SALE,EXPRESS,2026-08-04 13:44:42,2026-08-13 02:12:42
2491,626,6,零食饮料商品_2491,这是一个测试商品，编号2491，属于零食饮料分类。,25.0,2,/uploads/product/cover_3.jpg,ON_SALE,"MEETUP,EXPRESS",2026-08-05 13:13:42,2026-08-14 12:21:42
2492,504,14,宠物用品商品_2492,这是一个测试商品，编号2492，属于宠物用品分类。,30.0,1,/uploads/product/cover_15.jpg,ON_SALE,MEETUP,2026-08-01 23:43:42,2026-08-16 09:00:42
2493,667,5,服装鞋帽商品_2493,这是一个测试商品，编号2493，属于服装鞋帽分类。,200.0,5,/uploads/product/cover_9.jpg,ON_SALE,"MEETUP,EXPRESS",2026-07-28 20:19:42,2026-08-12 21:38:42
2494,324,3,日用百货商品_2494,这是一个测试商品，编号2494，属于日用百货分类。,3.0,3,/uploads/product/cover_7.jpg,ON_SALE,EXPRESS,2026-08-08 18:19:42,2026-08-15 03:27:42
2495,964,14,宠物用品商品_2495,这是一个测试商品，编号2495，属于宠物用品分类。,15.0,3,/uploads/product/cover_15.jpg,ON_SALE,"MEETUP,EXPRESS",2026-08-03 02:34:42,2026-08-15 22:27:42
2496,61,11,图书小说商品_2496,这是一个测试商品，编号2496，属于图书小说分类。,1.0,1,/uploads/product/cover_18.jpg,ON_SALE,"MEETUP,EXPRESS",2026-08-05 16:14:42,2026-08-16 18:43:42
2497,92,7,文具办公商品_2497,这是一个测试商品，编号2497，属于文具办公分类。,120.0,4,/uploads/product/cover_5.jpg,ON_SALE,"MEETUP,EXPRESS",2026-08-01 07:18:42,2026-08-16 10:38:42
2498,849,7,文具办公商品_2498,这是一个测试商品，编号2498，属于文具办公分类。,2.0,4,/uploads/product/cover_3.jpg,ON_SALE,EXPRESS,2026-08-03 06:09:42,2026-08-12 21:31:42
2499,816,2,电子数码商品_2499,这是一个测试商品，编号2499，属于电子数码分类。,5.0,3,/uploads/product/cover_2.jpg,ON_SALE,EXPRESS,2026-08-08 11:38:42,2026-08-16 16:55:42
2500,190,11,图书小说商品_2500,这是一个测试商品，编号2500，属于图书小说分类。,3.0,3,/uploads/product/cover_11.jpg,ON_SALE,MEETUP,2026-08-03 20:36:42,2026-08-13 07:29:42
2501,865,6,零食饮料商品_2501,这是一个测试商品，编号2501，属于零食饮料分类。,3.0,4,/uploads/product/cover_7.jpg,ON_SALE,EXPRESS,2026-08-12 00:14:42,2026-08-13 03:36:42
2502,86,6,零食饮料商品_2502,这是一个测试商品，编号2502，属于零食饮料分类。,10.0,1,/uploads/product/cover_14.jpg,ON_SALE,EXPRESS,2026-08-05 23:54:42,2026-08-15 11:40:42
2503,56,15,手工艺品商品_2503,这是一个测试商品，编号2503，属于手工艺品分类。,200.0,4,/uploads/product/cover_6.jpg,ON_SALE,"MEETUP,EXPRESS",2026-08-06 20:24:42,2026-08-16 05:02:42
2504,101,14,宠物用品商品_2504,这是一个测试商品，编号2504，属于宠物用品分类。,3.0,3,/uploads/product/cover_8.jpg,ON_SALE,MEETUP,2026-08-09 18:35:42,2026-08-15 09:45:42
2505,557,8,美妆护肤商品_2505,这是一个测试商品，编号2505，属于美妆护肤分类。,5.0,5,/uploads/product/cover_3.jpg,ON_SALE,EXPRESS,2026-08-03 14:18:42,2026-08-15 16:56:42
2506,590,2,电子数码商品_2506,这是一个测试商品，编号2506，属于电子数码分类。,3.0,3,/uploads/product/cover_2.jpg,ON_SALE,MEETUP,2026-08-13 17:28:42,2026-08-13 15:30:42
2507,619,4,运动户外商品_2507,这是一个测试商品，编号2507，属于运动户外分类。,10.0,4,/uploads/product/cover_15.jpg,ON_SALE,"MEETUP,EXPRESS",2026-08-06 00:52:42,2026-08-14 15:48:42
2508,472,8,美妆护肤商品_2508,这是一个测试商品，编号2508，属于美妆护肤分类。,25.0,5,/uploads/product/cover_14.jpg,ON_SALE,EXPRESS,2026-08-10 15:17:42,2026-08-12 09:29:42
2509,454,10,家居家电商品_2509,这是一个测试商品，编号2509，属于家居家电分类。,10.0,5,/uploads/product/cover_13.jpg,ON_SALE,EXPRESS,2026-08-15 01:26:42,2026-08-13 23:29:42
2510,848,14,宠物用品商品_2510,这是一个测试商品，编号2510，属于宠物用品分类。,15.0,2,/uploads/product/cover_5.jpg,ON_SALE,EXPRESS,2026-07-31 11:54:42,2026-08-11 21:07:42
2511,502,9,游戏动漫商品_2511,这是一个测试商品，编号2511，属于游戏动漫分类。,120.0,3,/uploads/product/cover_16.jpg,ON_SALE,MEETUP,2026-07-29 01:23:42,2026-08-12 14:39:42
2512,797,8,美妆护肤商品_2512,这是一个测试商品，编号2512，属于美妆护肤分类。,80.0,3,/uploads/product/cover_20.jpg,ON_SALE,MEETUP,2026-07-30 19:30:42,2026-08-11 21:28:42
2513,182,5,服装鞋帽商品_2513,这是一个测试商品，编号2513，属于服装鞋帽分类。,12.0,5,/uploads/product/cover_6.jpg,ON_SALE,EXPRESS,2026-08-09 18:00:42,2026-08-16 00:10:42
2514,451,15,手工艺品商品_2514,这是一个测试商品，编号2514，属于手工艺品分类。,15.0,3,/uploads/product/cover_9.jpg,ON_SALE,MEETUP,2026-08-06 00:33:42,2026-08-16 15:04:42
2515,200,7,文具办公商品_2515,这是一个测试商品，编号2515，属于文具办公分类。,80.0,4,/uploads/product/cover_5.jpg,ON_SALE,EXPRESS,2026-08-14 16:02:42,2026-08-14 06:27:42
2516,784,2,电子数码商品_2516,这是一个测试商品，编号2516，属于电子数码分类。,60.0,3,/uploads/product/cover_1.jpg,ON_SALE,EXPRESS,2026-08-11 01:44:42,2026-08-14 06:36:42
2517,961,11,图书小说商品_2517,这是一个测试商品，编号2517，属于图书小说分类。,20.0,2,/uploads/product/cover_15.jpg,ON_SALE,"MEETUP,EXPRESS",2026-08-03 08:52:42,2026-08-12 10:13:42
2518,656,11,图书小说商品_2518,这是一个测试商品，编号2518，属于图书小说分类。,50.0,2,/uploads/product/cover_4.jpg,ON_SALE,MEETUP,2026-07-29 05:15:42,2026-08-15 03:21:42
2519,88,2,电子数码商品_2519,这是一个测试商品，编号2519，属于电子数码分类。,100.0,5,/uploads/product/cover_3.jpg,ON_SALE,MEETUP,2026-08-13 02:09:42,2026-08-15 20:40:42
2520,391,1,教材教辅商品_2520,这是一个测试商品，编号2520，属于教材教辅分类。,5.0,3,/uploads/product/cover_15.jpg,ON_SALE,EXPRESS,2026-08-15 09:28:42,2026-08-14 09:17:42
2521,269,13,交通工具商品_2521,这是一个测试商品，编号2521，属于交通工具分类。,10.0,3,/uploads/product/cover_18.jpg,ON_SALE,"MEETUP,EXPRESS",2026-08-06 15:17:42,2026-08-14 23:39:42
2522,930,8,美妆护肤商品_2522,这是一个测试商品，编号2522，属于美妆护肤分类。,30.0,5,/uploads/product/cover_19.jpg,ON_SALE,"MEETUP,EXPRESS",2026-08-13 23:12:42,2026-08-15 05:05:42
2523,863,10,家居家电商品_2523,这是一个测试商品，编号2523，属于家居家电分类。,120.0,1,/uploads/product/cover_1.jpg,ON_SALE,EXPRESS,2026-07-31 05:12:42,2026-08-15 22:28:42
2524,847,2,电子数码商品_2524,这是一个测试商品，编号2524，属于电子数码分类。,60.0,3,/uploads/product/cover_10.jpg,ON_SALE,"MEETUP,EXPRESS",2026-08-02 22:28:42,2026-08-13 15:49:42
2525,489,11,图书小说商品_2525,这是一个测试商品，编号2525，属于图书小说分类。,12.0,2,/uploads/product/cover_20.jpg,ON_SALE,MEETUP,2026-08-11 18:29:42,2026-08-13 17:20:42
2526,993,6,零食饮料商品_2526,这是一个测试商品，编号2526，属于零食饮料分类。,5.0,5,/uploads/product/cover_12.jpg,ON_SALE,EXPRESS,2026-08-12 10:12:42,2026-08-16 10:16:42
2527,664,8,美妆护肤商品_2527,这是一个测试商品，编号2527，属于美妆护肤分类。,25.0,5,/uploads/product/cover_11.jpg,ON_SALE,EXPRESS,2026-08-01 13:37:42,2026-08-16 17:41:42
2528,61,2,电子数码商品_2528,这是一个测试商品，编号2528，属于电子数码分类。,80.0,3,/uploads/product/cover_3.jpg,ON_SALE,EXPRESS,2026-07-31 05:50:42,2026-08-13 07:18:42
2529,572,3,日用百货商品_2529,这是一个测试商品，编号2529，属于日用百货分类。,8.0,2,/uploads/product/cover_10.jpg,ON_SALE,EXPRESS,2026-08-06 21:56:42,2026-08-13 05:39:42
2530,661,10,家居家电商品_2530,这是一个测试商品，编号2530，属于家居家电分类。,20.0,3,/uploads/product/cover_19.jpg,ON_SALE,MEETUP,2026-07-31 12:44:42,2026-08-14 16:17:42
2531,587,2,电子数码商品_2531,这是一个测试商品，编号2531，属于电子数码分类。,10.0,1,/uploads/product/cover_5.jpg,ON_SALE,MEETUP,2026-08-09 12:39:42,2026-08-12 14:46:42
2532,454,12,乐器音响商品_2532,这是一个测试商品，编号2532，属于乐器音响分类。,25.0,4,/uploads/product/cover_2.jpg,ON_SALE,EXPRESS,2026-08-06 00:36:42,2026-08-15 05:23:42
2533,177,10,家居家电商品_2533,这是一个测试商品，编号2533，属于家居家电分类。,100.0,3,/uploads/product/cover_12.jpg,ON_SALE,MEETUP,2026-08-09 20:38:42,2026-08-14 01:05:42
2534,187,4,运动户外商品_2534,这是一个测试商品，编号2534，属于运动户外分类。,15.0,5,/uploads/product/cover_1.jpg,ON_SALE,"MEETUP,EXPRESS",2026-08-13 08:14:42,2026-08-14 03:30:42
2535,617,13,交通工具商品_2535,这是一个测试商品，编号2535，属于交通工具分类。,150.0,1,/uploads/product/cover_12.jpg,ON_SALE,"MEETUP,EXPRESS",2026-08-09 23:21:42,2026-08-14 07:04:42
2536,1000,3,日用百货商品_2536,这是一个测试商品，编号2536，属于日用百货分类。,100.0,2,/uploads/product/cover_16.jpg,ON_SALE,MEETUP,2026-08-16 02:07:42,2026-08-14 23:24:42
2537,249,8,美妆护肤商品_2537,这是一个测试商品，编号2537，属于美妆护肤分类。,20.0,3,/uploads/product/cover_6.jpg,ON_SALE,MEETUP,2026-08-11 21:10:42,2026-08-15 14:38:42
2538,241,12,乐器音响商品_2538,这是一个测试商品，编号2538，属于乐器音响分类。,150.0,2,/uploads/product/cover_4.jpg,ON_SALE,EXPRESS,2026-08-10 00:33:42,2026-08-12 23:59:42
2539,443,7,文具办公商品_2539,这是一个测试商品，编号2539，属于文具办公分类。,1.0,2,/uploads/product/cover_18.jpg,ON_SALE,"MEETUP,EXPRESS",2026-08-01 11:59:42,2026-08-15 07:54:42
2540,13,12,乐器音响商品_2540,这是一个测试商品，编号2540，属于乐器音响分类。,8.0,3,/uploads/product/cover_11.jpg,ON_SALE,MEETUP,2026-07-31 16:58:42,2026-08-14 02:45:42
2541,628,1,教材教辅商品_2541,这是一个测试商品，编号2541，属于教材教辅分类。,200.0,4,/uploads/product/cover_18.jpg,ON_SALE,"MEETUP,EXPRESS",2026-07-31 06:44:42,2026-08-13 19:33:42
2542,535,12,乐器音响商品_2542,这是一个测试商品，编号2542，属于乐器音响分类。,12.0,2,/uploads/product/cover_19.jpg,ON_SALE,"MEETUP,EXPRESS",2026-08-02 18:06:42,2026-08-13 13:15:42
2543,656,14,宠物用品商品_2543,这是一个测试商品，编号2543，属于宠物用品分类。,2.0,5,/uploads/product/cover_15.jpg,ON_SALE,EXPRESS,2026-08-10 06:54:42,2026-08-12 17:32:42
2544,361,3,日用百货商品_2544,这是一个测试商品，编号2544，属于日用百货分类。,120.0,2,/uploads/product/cover_14.jpg,ON_SALE,"MEETUP,EXPRESS",2026-08-09 20:13:42,2026-08-16 05:26:42
2545,383,2,电子数码商品_2545,这是一个测试商品，编号2545，属于电子数码分类。,5.0,1,/uploads/product/cover_12.jpg,ON_SALE,"MEETUP,EXPRESS",2026-08-11 22:27:42,2026-08-16 12:02:42
2546,308,14,宠物用品商品_2546,这是一个测试商品，编号2546，属于宠物用品分类。,20.0,3,/uploads/product/cover_15.jpg,ON_SALE,MEETUP,2026-08-06 06:01:42,2026-08-12 02:11:42
2547,692,4,运动户外商品_2547,这是一个测试商品，编号2547，属于运动户外分类。,8.0,4,/uploads/product/cover_3.jpg,ON_SALE,"MEETUP,EXPRESS",2026-08-02 00:18:42,2026-08-12 03:55:42
2548,538,14,宠物用品商品_2548,这是一个测试商品，编号2548，属于宠物用品分类。,5.0,3,/uploads/product/cover_8.jpg,ON_SALE,EXPRESS,2026-08-11 00:56:42,2026-08-12 01:08:42
2549,78,12,乐器音响商品_2549,这是一个测试商品，编号2549，属于乐器音响分类。,50.0,2,/uploads/product/cover_8.jpg,ON_SALE,EXPRESS,2026-07-28 06:04:42,2026-08-14 04:11:42
2550,766,14,宠物用品商品_2550,这是一个测试商品，编号2550，属于宠物用品分类。,2.0,2,/uploads/product/cover_16.jpg,ON_SALE,MEETUP,2026-08-08 09:34:42,2026-08-16 13:15:42
2551,336,3,日用百货商品_2551,这是一个测试商品，编号2551，属于日用百货分类。,3.0,2,/uploads/product/cover_5.jpg,ON_SALE,"MEETUP,EXPRESS",2026-07-29 21:42:42,2026-08-14 05:02:42
2552,263,13,交通工具商品_2552,这是一个测试商品，编号2552，属于交通工具分类。,150.0,2,/uploads/product/cover_19.jpg,ON_SALE,EXPRESS,2026-08-04 15:42:42,2026-08-12 17:27:42
2553,77,11,图书小说商品_2553,这是一个测试商品，编号2553，属于图书小说分类。,120.0,4,/uploads/product/cover_2.jpg,ON_SALE,EXPRESS,2026-08-03 00:18:42,2026-08-14 23:17:42
2554,270,2,电子数码商品_2554,这是一个测试商品，编号2554，属于电子数码分类。,1.0,1,/uploads/product/cover_13.jpg,ON_SALE,EXPRESS,2026-07-31 12:22:42,2026-08-14 23:46:42
2555,73,3,日用百货商品_2555,这是一个测试商品，编号2555，属于日用百货分类。,3.0,5,/uploads/product/cover_17.jpg,ON_SALE,EXPRESS,2026-08-04 18:36:42,2026-08-15 03:23:42
2556,383,13,交通工具商品_2556,这是一个测试商品，编号2556，属于交通工具分类。,25.0,1,/uploads/product/cover_2.jpg,ON_SALE,"MEETUP,EXPRESS",2026-08-02 22:43:42,2026-08-16 07:31:42
2557,613,11,图书小说商品_2557,这是一个测试商品，编号2557，属于图书小说分类。,1.0,4,/uploads/product/cover_6.jpg,ON_SALE,MEETUP,2026-08-14 21:18:42,2026-08-12 23:36:42
2558,76,4,运动户外商品_2558,这是一个测试商品，编号2558，属于运动户外分类。,30.0,3,/uploads/product/cover_6.jpg,ON_SALE,EXPRESS,2026-07-31 01:16:42,2026-08-11 21:05:42
2559,843,11,图书小说商品_2559,这是一个测试商品，编号2559，属于图书小说分类。,5.0,5,/uploads/product/cover_17.jpg,ON_SALE,EXPRESS,2026-08-04 18:22:42,2026-08-16 15:59:42
2560,918,8,美妆护肤商品_2560,这是一个测试商品，编号2560，属于美妆护肤分类。,5.0,1,/uploads/product/cover_10.jpg,ON_SALE,EXPRESS,2026-08-11 12:10:42,2026-08-13 18:40:42
2561,799,9,游戏动漫商品_2561,这是一个测试商品，编号2561，属于游戏动漫分类。,8.0,1,/uploads/product/cover_17.jpg,ON_SALE,EXPRESS,2026-08-06 01:13:42,2026-08-12 09:39:42
2562,801,4,运动户外商品_2562,这是一个测试商品，编号2562，属于运动户外分类。,150.0,4,/uploads/product/cover_5.jpg,ON_SALE,"MEETUP,EXPRESS",2026-08-10 13:28:42,2026-08-13 03:01:42
2563,427,14,宠物用品商品_2563,这是一个测试商品，编号2563，属于宠物用品分类。,80.0,5,/uploads/product/cover_8.jpg,ON_SALE,"MEETUP,EXPRESS",2026-07-29 16:12:42,2026-08-12 17:04:42
2564,312,9,游戏动漫商品_2564,这是一个测试商品，编号2564，属于游戏动漫分类。,100.0,3,/uploads/product/cover_8.jpg,ON_SALE,"MEETUP,EXPRESS",2026-07-29 03:19:42,2026-08-13 08:06:42
2565,385,12,乐器音响商品_2565,这是一个测试商品，编号2565，属于乐器音响分类。,60.0,3,/uploads/product/cover_6.jpg,ON_SALE,"MEETUP,EXPRESS",2026-07-30 15:20:42,2026-08-16 16:04:42
2566,539,5,服装鞋帽商品_2566,这是一个测试商品，编号2566，属于服装鞋帽分类。,25.0,4,/uploads/product/cover_6.jpg,ON_SALE,EXPRESS,2026-08-13 20:11:42,2026-08-15 15:48:42
2567,164,6,零食饮料商品_2567,这是一个测试商品，编号2567，属于零食饮料分类。,3.0,5,/uploads/product/cover_15.jpg,ON_SALE,MEETUP,2026-08-04 18:42:42,2026-08-16 14:12:42
2568,218,3,日用百货商品_2568,这是一个测试商品，编号2568，属于日用百货分类。,20.0,1,/uploads/product/cover_16.jpg,ON_SALE,EXPRESS,2026-08-13 04:05:42,2026-08-16 09:44:42
2569,721,14,宠物用品商品_2569,这是一个测试商品，编号2569，属于宠物用品分类。,100.0,2,/uploads/product/cover_16.jpg,ON_SALE,MEETUP,2026-07-31 01:20:42,2026-08-16 16:21:42
2570,326,1,教材教辅商品_2570,这是一个测试商品，编号2570，属于教材教辅分类。,50.0,4,/uploads/product/cover_7.jpg,ON_SALE,"MEETUP,EXPRESS",2026-08-08 15:31:42,2026-08-14 14:00:42
2571,465,15,手工艺品商品_2571,这是一个测试商品，编号2571，属于手工艺品分类。,50.0,4,/uploads/product/cover_3.jpg,ON_SALE,EXPRESS,2026-07-29 15:55:42,2026-08-12 07:41:42
2572,100,1,教材教辅商品_2572,这是一个测试商品，编号2572，属于教材教辅分类。,10.0,1,/uploads/product/cover_15.jpg,ON_SALE,EXPRESS,2026-08-11 08:51:42,2026-08-15 06:00:42
2573,653,3,日用百货商品_2573,这是一个测试商品，编号2573，属于日用百货分类。,50.0,2,/uploads/product/cover_18.jpg,ON_SALE,EXPRESS,2026-08-16 16:42:42,2026-08-13 17:44:42
2574,31,15,手工艺品商品_2574,这是一个测试商品，编号2574，属于手工艺品分类。,120.0,1,/uploads/product/cover_20.jpg,ON_SALE,MEETUP,2026-08-16 16:00:42,2026-08-14 06:16:42
2575,397,14,宠物用品商品_2575,这是一个测试商品，编号2575，属于宠物用品分类。,15.0,2,/uploads/product/cover_13.jpg,ON_SALE,"MEETUP,EXPRESS",2026-08-02 03:46:42,2026-08-13 13:53:42
2576,648,6,零食饮料商品_2576,这是一个测试商品，编号2576，属于零食饮料分类。,200.0,1,/uploads/product/cover_19.jpg,ON_SALE,EXPRESS,2026-08-16 05:08:42,2026-08-14 20:12:42
2577,909,4,运动户外商品_2577,这是一个测试商品，编号2577，属于运动户外分类。,2.0,2,/uploads/product/cover_7.jpg,ON_SALE,MEETUP,2026-08-16 15:30:42,2026-08-15 05:47:42
2578,334,1,教材教辅商品_2578,这是一个测试商品，编号2578，属于教材教辅分类。,15.0,3,/uploads/product/cover_19.jpg,ON_SALE,MEETUP,2026-08-04 15:24:42,2026-08-15 16:59:42
2579,916,11,图书小说商品_2579,这是一个测试商品，编号2579，属于图书小说分类。,2.0,1,/uploads/product/cover_11.jpg,ON_SALE,"MEETUP,EXPRESS",2026-08-10 11:13:42,2026-08-15 18:18:42
2580,406,4,运动户外商品_2580,这是一个测试商品，编号2580，属于运动户外分类。,12.0,1,/uploads/product/cover_19.jpg,ON_SALE,"MEETUP,EXPRESS",2026-08-07 18:25:42,2026-08-14 16:15:42
2581,863,6,零食饮料商品_2581,这是一个测试商品，编号2581，属于零食饮料分类。,80.0,5,/uploads/product/cover_14.jpg,ON_SALE,MEETUP,2026-08-06 11:40:42,2026-08-12 17:41:42
2582,815,4,运动户外商品_2582,这是一个测试商品，编号2582，属于运动户外分类。,3.0,5,/uploads/product/cover_12.jpg,ON_SALE,MEETUP,2026-08-08 12:41:42,2026-08-12 15:18:42
2583,328,1,教材教辅商品_2583,这是一个测试商品，编号2583，属于教材教辅分类。,60.0,1,/uploads/product/cover_1.jpg,ON_SALE,EXPRESS,2026-08-07 15:30:42,2026-08-14 21:31:42
2584,500,1,教材教辅商品_2584,这是一个测试商品，编号2584，属于教材教辅分类。,2.0,1,/uploads/product/cover_10.jpg,ON_SALE,MEETUP,2026-07-31 11:14:42,2026-08-16 10:30:42
2585,372,14,宠物用品商品_2585,这是一个测试商品，编号2585，属于宠物用品分类。,5.0,1,/uploads/product/cover_8.jpg,ON_SALE,EXPRESS,2026-08-07 21:58:42,2026-08-14 07:23:42
2586,734,7,文具办公商品_2586,这是一个测试商品，编号2586，属于文具办公分类。,200.0,3,/uploads/product/cover_6.jpg,ON_SALE,"MEETUP,EXPRESS",2026-08-13 02:49:42,2026-08-12 18:47:42
2587,219,1,教材教辅商品_2587,这是一个测试商品，编号2587，属于教材教辅分类。,50.0,1,/uploads/product/cover_13.jpg,ON_SALE,MEETUP,2026-08-12 23:22:42,2026-08-11 23:55:42
2588,416,14,宠物用品商品_2588,这是一个测试商品，编号2588，属于宠物用品分类。,5.0,5,/uploads/product/cover_4.jpg,ON_SALE,MEETUP,2026-08-05 17:26:42,2026-08-14 14:57:42
2589,761,7,文具办公商品_2589,这是一个测试商品，编号2589，属于文具办公分类。,50.0,4,/uploads/product/cover_16.jpg,ON_SALE,EXPRESS,2026-08-05 18:38:42,2026-08-13 14:59:42
2590,401,11,图书小说商品_2590,这是一个测试商品，编号2590，属于图书小说分类。,50.0,2,/uploads/product/cover_17.jpg,ON_SALE,EXPRESS,2026-08-07 12:09:42,2026-08-11 21:28:42
2591,355,9,游戏动漫商品_2591,这是一个测试商品，编号2591，属于游戏动漫分类。,8.0,5,/uploads/product/cover_16.jpg,ON_SALE,"MEETUP,EXPRESS",2026-08-16 13:59:42,2026-08-16 10:01:42
2592,994,8,美妆护肤商品_2592,这是一个测试商品，编号2592，属于美妆护肤分类。,120.0,1,/uploads/product/cover_1.jpg,ON_SALE,"MEETUP,EXPRESS",2026-08-03 21:34:42,2026-08-15 09:24:42
2593,386,2,电子数码商品_2593,这是一个测试商品，编号2593，属于电子数码分类。,200.0,3,/uploads/product/cover_10.jpg,ON_SALE,"MEETUP,EXPRESS",2026-08-01 15:12:42,2026-08-12 04:37:42
2594,346,2,电子数码商品_2594,这是一个测试商品，编号2594，属于电子数码分类。,80.0,3,/uploads/product/cover_12.jpg,ON_SALE,EXPRESS,2026-08-05 07:55:42,2026-08-12 17:52:42
2595,149,7,文具办公商品_2595,这是一个测试商品，编号2595，属于文具办公分类。,5.0,5,/uploads/product/cover_12.jpg,ON_SALE,MEETUP,2026-08-01 12:35:42,2026-08-13 10:47:42
2596,831,12,乐器音响商品_2596,这是一个测试商品，编号2596，属于乐器音响分类。,12.0,2,/uploads/product/cover_19.jpg,ON_SALE,MEETUP,2026-08-10 05:15:42,2026-08-16 17:05:42
2597,625,10,家居家电商品_2597,这是一个测试商品，编号2597，属于家居家电分类。,5.0,5,/uploads/product/cover_6.jpg,ON_SALE,MEETUP,2026-08-06 17:14:42,2026-08-12 15:39:42
2598,727,11,图书小说商品_2598,这是一个测试商品，编号2598，属于图书小说分类。,8.0,3,/uploads/product/cover_15.jpg,ON_SALE,"MEETUP,EXPRESS",2026-08-12 12:29:42,2026-08-16 04:37:42
2599,116,1,教材教辅商品_2599,这是一个测试商品，编号2599，属于教材教辅分类。,25.0,4,/uploads/product/cover_1.jpg,ON_SALE,"MEETUP,EXPRESS",2026-08-11 07:45:42,2026-08-14 07:57:42
2600,938,11,图书小说商品_2600,这是一个测试商品，编号2600，属于图书小说分类。,80.0,1,/uploads/product/cover_7.jpg,ON_SALE,MEETUP,2026-08-14 04:29:42,2026-08-15 13:21:42
2601,29,5,服装鞋帽商品_2601,这是一个测试商品，编号2601，属于服装鞋帽分类。,2.0,1,/uploads/product/cover_16.jpg,ON_SALE,MEETUP,2026-08-07 21:53:42,2026-08-16 06:40:42
2602,460,6,零食饮料商品_2602,这是一个测试商品，编号2602，属于零食饮料分类。,10.0,5,/uploads/product/cover_9.jpg,ON_SALE,EXPRESS,2026-08-11 01:48:42,2026-08-13 12:16:42
2603,210,13,交通工具商品_2603,这是一个测试商品，编号2603，属于交通工具分类。,80.0,5,/uploads/product/cover_13.jpg,ON_SALE,EXPRESS,2026-08-13 18:07:42,2026-08-12 13:04:42
2604,600,11,图书小说商品_2604,这是一个测试商品，编号2604，属于图书小说分类。,8.0,3,/uploads/product/cover_14.jpg,ON_SALE,"MEETUP,EXPRESS",2026-08-12 17:05:42,2026-08-13 09:31:42
2605,285,14,宠物用品商品_2605,这是一个测试商品，编号2605，属于宠物用品分类。,8.0,4,/uploads/product/cover_13.jpg,ON_SALE,MEETUP,2026-08-02 01:03:42,2026-08-14 06:45:42
2606,339,9,游戏动漫商品_2606,这是一个测试商品，编号2606，属于游戏动漫分类。,10.0,3,/uploads/product/cover_12.jpg,ON_SALE,"MEETUP,EXPRESS",2026-08-13 22:00:42,2026-08-14 11:05:42
2607,849,6,零食饮料商品_2607,这是一个测试商品，编号2607，属于零食饮料分类。,30.0,4,/uploads/product/cover_1.jpg,ON_SALE,EXPRESS,2026-07-29 13:23:42,2026-08-13 15:55:42
2608,148,6,零食饮料商品_2608,这是一个测试商品，编号2608，属于零食饮料分类。,60.0,3,/uploads/product/cover_4.jpg,ON_SALE,MEETUP,2026-08-09 02:12:42,2026-08-15 08:12:42
2609,342,1,教材教辅商品_2609,这是一个测试商品，编号2609，属于教材教辅分类。,30.0,2,/uploads/product/cover_6.jpg,ON_SALE,EXPRESS,2026-07-30 05:34:42,2026-08-12 15:21:42
2610,781,14,宠物用品商品_2610,这是一个测试商品，编号2610，属于宠物用品分类。,20.0,5,/uploads/product/cover_17.jpg,ON_SALE,"MEETUP,EXPRESS",2026-08-05 13:22:42,2026-08-14 23:06:42
2611,903,14,宠物用品商品_2611,这是一个测试商品，编号2611，属于宠物用品分类。,10.0,3,/uploads/product/cover_7.jpg,ON_SALE,"MEETUP,EXPRESS",2026-08-03 03:41:42,2026-08-15 19:13:42
2612,555,13,交通工具商品_2612,这是一个测试商品，编号2612，属于交通工具分类。,100.0,1,/uploads/product/cover_8.jpg,ON_SALE,EXPRESS,2026-07-31 09:54:42,2026-08-15 19:28:42
2613,653,8,美妆护肤商品_2613,这是一个测试商品，编号2613，属于美妆护肤分类。,25.0,4,/uploads/product/cover_19.jpg,ON_SALE,"MEETUP,EXPRESS",2026-08-14 00:00:42,2026-08-15 19:54:42
2614,337,14,宠物用品商品_2614,这是一个测试商品，编号2614，属于宠物用品分类。,5.0,4,/uploads/product/cover_4.jpg,ON_SALE,EXPRESS,2026-08-02 17:17:42,2026-08-14 03:37:42
2615,995,6,零食饮料商品_2615,这是一个测试商品，编号2615，属于零食饮料分类。,200.0,3,/uploads/product/cover_1.jpg,ON_SALE,MEETUP,2026-07-29 14:59:42,2026-08-14 11:23:42
2616,466,8,美妆护肤商品_2616,这是一个测试商品，编号2616，属于美妆护肤分类。,8.0,2,/uploads/product/cover_18.jpg,ON_SALE,EXPRESS,2026-08-07 11:48:42,2026-08-13 19:04:42
2617,382,8,美妆护肤商品_2617,这是一个测试商品，编号2617，属于美妆护肤分类。,8.0,4,/uploads/product/cover_20.jpg,ON_SALE,MEETUP,2026-07-28 04:16:42,2026-08-15 00:31:42
2618,185,4,运动户外商品_2618,这是一个测试商品，编号2618，属于运动户外分类。,8.0,2,/uploads/product/cover_16.jpg,ON_SALE,"MEETUP,EXPRESS",2026-08-11 10:41:42,2026-08-13 17:43:42
2619,693,10,家居家电商品_2619,这是一个测试商品，编号2619，属于家居家电分类。,15.0,1,/uploads/product/cover_11.jpg,ON_SALE,MEETUP,2026-08-04 08:12:42,2026-08-16 10:51:42
2620,702,5,服装鞋帽商品_2620,这是一个测试商品，编号2620，属于服装鞋帽分类。,100.0,2,/uploads/product/cover_1.jpg,ON_SALE,MEETUP,2026-08-04 02:14:42,2026-08-15 14:19:42
2621,799,8,美妆护肤商品_2621,这是一个测试商品，编号2621，属于美妆护肤分类。,60.0,4,/uploads/product/cover_18.jpg,ON_SALE,"MEETUP,EXPRESS",2026-08-03 16:56:42,2026-08-13 19:15:42
2622,89,8,美妆护肤商品_2622,这是一个测试商品，编号2622，属于美妆护肤分类。,20.0,1,/uploads/product/cover_6.jpg,ON_SALE,EXPRESS,2026-08-08 13:00:42,2026-08-15 05:08:42
2623,247,5,服装鞋帽商品_2623,这是一个测试商品，编号2623，属于服装鞋帽分类。,12.0,2,/uploads/product/cover_15.jpg,ON_SALE,"MEETUP,EXPRESS",2026-07-30 17:51:42,2026-08-15 16:22:42
2624,270,5,服装鞋帽商品_2624,这是一个测试商品，编号2624，属于服装鞋帽分类。,80.0,1,/uploads/product/cover_7.jpg,ON_SALE,MEETUP,2026-07-31 20:48:42,2026-08-12 19:20:42
2625,147,2,电子数码商品_2625,这是一个测试商品，编号2625，属于电子数码分类。,8.0,1,/uploads/product/cover_4.jpg,ON_SALE,EXPRESS,2026-08-07 04:31:42,2026-08-15 18:27:42
2626,210,8,美妆护肤商品_2626,这是一个测试商品，编号2626，属于美妆护肤分类。,150.0,5,/uploads/product/cover_16.jpg,ON_SALE,"MEETUP,EXPRESS",2026-08-05 09:48:42,2026-08-14 07:56:42
2627,358,14,宠物用品商品_2627,这是一个测试商品，编号2627，属于宠物用品分类。,8.0,3,/uploads/product/cover_15.jpg,ON_SALE,"MEETUP,EXPRESS",2026-08-13 22:49:42,2026-08-13 02:21:42
2628,335,7,文具办公商品_2628,这是一个测试商品，编号2628，属于文具办公分类。,50.0,4,/uploads/product/cover_8.jpg,ON_SALE,MEETUP,2026-08-16 18:21:42,2026-08-11 23:38:42
2629,229,4,运动户外商品_2629,这是一个测试商品，编号2629，属于运动户外分类。,120.0,1,/uploads/product/cover_4.jpg,ON_SALE,MEETUP,2026-07-29 21:32:42,2026-08-13 02:08:42
2630,912,7,文具办公商品_2630,这是一个测试商品，编号2630，属于文具办公分类。,20.0,3,/uploads/product/cover_14.jpg,ON_SALE,"MEETUP,EXPRESS",2026-07-31 02:52:42,2026-08-14 16:23:42
2631,701,13,交通工具商品_2631,这是一个测试商品，编号2631，属于交通工具分类。,10.0,2,/uploads/product/cover_10.jpg,ON_SALE,MEETUP,2026-08-03 20:44:42,2026-08-12 02:05:42
2632,175,2,电子数码商品_2632,这是一个测试商品，编号2632，属于电子数码分类。,8.0,4,/uploads/product/cover_7.jpg,ON_SALE,MEETUP,2026-08-04 16:56:42,2026-08-12 04:42:42
2633,783,14,宠物用品商品_2633,这是一个测试商品，编号2633，属于宠物用品分类。,8.0,2,/uploads/product/cover_3.jpg,ON_SALE,MEETUP,2026-07-29 12:11:42,2026-08-16 02:50:42
2634,195,15,手工艺品商品_2634,这是一个测试商品，编号2634，属于手工艺品分类。,12.0,2,/uploads/product/cover_5.jpg,ON_SALE,EXPRESS,2026-08-10 02:08:42,2026-08-16 09:34:42
2635,7,1,教材教辅商品_2635,这是一个测试商品，编号2635，属于教材教辅分类。,100.0,5,/uploads/product/cover_8.jpg,ON_SALE,MEETUP,2026-07-29 15:14:42,2026-08-16 06:37:42
2636,502,5,服装鞋帽商品_2636,这是一个测试商品，编号2636，属于服装鞋帽分类。,8.0,5,/uploads/product/cover_6.jpg,ON_SALE,EXPRESS,2026-08-01 12:20:42,2026-08-13 01:04:42
2637,99,15,手工艺品商品_2637,这是一个测试商品，编号2637，属于手工艺品分类。,80.0,2,/uploads/product/cover_16.jpg,ON_SALE,EXPRESS,2026-08-11 20:45:42,2026-08-12 20:06:42
2638,572,9,游戏动漫商品_2638,这是一个测试商品，编号2638，属于游戏动漫分类。,20.0,1,/uploads/product/cover_12.jpg,ON_SALE,MEETUP,2026-08-09 21:18:42,2026-08-15 07:11:42
2639,516,4,运动户外商品_2639,这是一个测试商品，编号2639，属于运动户外分类。,120.0,1,/uploads/product/cover_6.jpg,ON_SALE,"MEETUP,EXPRESS",2026-08-10 06:24:42,2026-08-16 05:52:42
2640,668,4,运动户外商品_2640,这是一个测试商品，编号2640，属于运动户外分类。,100.0,5,/uploads/product/cover_10.jpg,ON_SALE,"MEETUP,EXPRESS",2026-08-01 02:26:42,2026-08-13 18:46:42
2641,524,5,服装鞋帽商品_2641,这是一个测试商品，编号2641，属于服装鞋帽分类。,25.0,5,/uploads/product/cover_1.jpg,ON_SALE,MEETUP,2026-08-11 04:57:42,2026-08-14 02:23:42
2642,73,6,零食饮料商品_2642,这是一个测试商品，编号2642，属于零食饮料分类。,5.0,1,/uploads/product/cover_8.jpg,ON_SALE,EXPRESS,2026-08-14 05:25:42,2026-08-12 16:44:42
2643,544,11,图书小说商品_2643,这是一个测试商品，编号2643，属于图书小说分类。,60.0,2,/uploads/product/cover_15.jpg,ON_SALE,EXPRESS,2026-08-08 23:14:42,2026-08-12 07:58:42
2644,650,13,交通工具商品_2644,这是一个测试商品，编号2644，属于交通工具分类。,100.0,1,/uploads/product/cover_18.jpg,ON_SALE,"MEETUP,EXPRESS",2026-08-11 04:14:42,2026-08-12 15:38:42
2645,436,4,运动户外商品_2645,这是一个测试商品，编号2645，属于运动户外分类。,2.0,5,/uploads/product/cover_11.jpg,ON_SALE,"MEETUP,EXPRESS",2026-08-03 00:22:42,2026-08-15 11:06:42
2646,179,8,美妆护肤商品_2646,这是一个测试商品，编号2646，属于美妆护肤分类。,10.0,2,/uploads/product/cover_10.jpg,ON_SALE,EXPRESS,2026-08-03 15:00:42,2026-08-16 08:28:42
2647,819,4,运动户外商品_2647,这是一个测试商品，编号2647，属于运动户外分类。,50.0,1,/uploads/product/cover_13.jpg,ON_SALE,MEETUP,2026-07-30 18:51:42,2026-08-12 10:31:42
2648,504,2,电子数码商品_2648,这是一个测试商品，编号2648，属于电子数码分类。,10.0,3,/uploads/product/cover_3.jpg,ON_SALE,"MEETUP,EXPRESS",2026-07-30 18:39:42,2026-08-14 04:49:42
2649,909,1,教材教辅商品_2649,这是一个测试商品，编号2649，属于教材教辅分类。,50.0,5,/uploads/product/cover_7.jpg,ON_SALE,MEETUP,2026-08-12 09:20:42,2026-08-13 09:23:42
2650,338,3,日用百货商品_2650,这是一个测试商品，编号2650，属于日用百货分类。,3.0,2,/uploads/product/cover_15.jpg,ON_SALE,EXPRESS,2026-07-30 05:11:42,2026-08-16 02:56:42
2651,227,13,交通工具商品_2651,这是一个测试商品，编号2651，属于交通工具分类。,30.0,4,/uploads/product/cover_15.jpg,ON_SALE,MEETUP,2026-08-15 20:29:42,2026-08-14 22:59:42
2652,666,11,图书小说商品_2652,这是一个测试商品，编号2652，属于图书小说分类。,1.0,1,/uploads/product/cover_8.jpg,ON_SALE,MEETUP,2026-07-30 00:00:42,2026-08-12 17:28:42
2653,369,5,服装鞋帽商品_2653,这是一个测试商品，编号2653，属于服装鞋帽分类。,25.0,1,/uploads/product/cover_14.jpg,ON_SALE,EXPRESS,2026-07-30 10:14:42,2026-08-15 05:30:42
2654,954,11,图书小说商品_2654,这是一个测试商品，编号2654，属于图书小说分类。,100.0,2,/uploads/product/cover_16.jpg,ON_SALE,EXPRESS,2026-08-05 05:06:42,2026-08-16 02:38:42
2655,363,6,零食饮料商品_2655,这是一个测试商品，编号2655，属于零食饮料分类。,100.0,4,/uploads/product/cover_15.jpg,ON_SALE,MEETUP,2026-08-01 02:32:42,2026-08-12 14:11:42
2656,625,6,零食饮料商品_2656,这是一个测试商品，编号2656，属于零食饮料分类。,150.0,5,/uploads/product/cover_8.jpg,ON_SALE,MEETUP,2026-08-14 01:12:42,2026-08-11 20:43:42
2657,451,5,服装鞋帽商品_2657,这是一个测试商品，编号2657，属于服装鞋帽分类。,200.0,5,/uploads/product/cover_19.jpg,ON_SALE,"MEETUP,EXPRESS",2026-08-09 22:59:42,2026-08-13 17:37:42
2658,134,5,服装鞋帽商品_2658,这是一个测试商品，编号2658，属于服装鞋帽分类。,150.0,3,/uploads/product/cover_1.jpg,ON_SALE,"MEETUP,EXPRESS",2026-08-05 06:24:42,2026-08-16 14:48:42
2659,491,3,日用百货商品_2659,这是一个测试商品，编号2659，属于日用百货分类。,60.0,5,/uploads/product/cover_11.jpg,ON_SALE,EXPRESS,2026-07-30 00:57:42,2026-08-16 06:07:42
2660,112,4,运动户外商品_2660,这是一个测试商品，编号2660，属于运动户外分类。,5.0,4,/uploads/product/cover_14.jpg,ON_SALE,"MEETUP,EXPRESS",2026-08-11 00:37:42,2026-08-16 11:02:42
2661,812,14,宠物用品商品_2661,这是一个测试商品，编号2661，属于宠物用品分类。,60.0,1,/uploads/product/cover_10.jpg,ON_SALE,"MEETUP,EXPRESS",2026-08-01 10:50:42,2026-08-15 05:16:42
2662,914,1,教材教辅商品_2662,这是一个测试商品，编号2662，属于教材教辅分类。,120.0,5,/uploads/product/cover_13.jpg,ON_SALE,MEETUP,2026-08-06 15:55:42,2026-08-12 05:06:42
2663,874,10,家居家电商品_2663,这是一个测试商品，编号2663，属于家居家电分类。,20.0,5,/uploads/product/cover_15.jpg,ON_SALE,"MEETUP,EXPRESS",2026-07-31 19:08:42,2026-08-12 12:16:42
2664,810,11,图书小说商品_2664,这是一个测试商品，编号2664，属于图书小说分类。,80.0,1,/uploads/product/cover_8.jpg,ON_SALE,"MEETUP,EXPRESS",2026-07-28 09:53:42,2026-08-14 21:25:42
2665,814,10,家居家电商品_2665,这是一个测试商品，编号2665，属于家居家电分类。,2.0,3,/uploads/product/cover_6.jpg,ON_SALE,MEETUP,2026-08-15 15:59:42,2026-08-13 07:27:42
2666,374,6,零食饮料商品_2666,这是一个测试商品，编号2666，属于零食饮料分类。,2.0,4,/uploads/product/cover_10.jpg,ON_SALE,EXPRESS,2026-08-04 12:15:42,2026-08-15 01:51:42
2667,996,11,图书小说商品_2667,这是一个测试商品，编号2667，属于图书小说分类。,5.0,4,/uploads/product/cover_1.jpg,ON_SALE,MEETUP,2026-08-04 17:00:42,2026-08-14 08:25:42
2668,216,12,乐器音响商品_2668,这是一个测试商品，编号2668，属于乐器音响分类。,60.0,3,/uploads/product/cover_4.jpg,ON_SALE,"MEETUP,EXPRESS",2026-07-29 06:55:42,2026-08-15 19:28:42
2669,951,14,宠物用品商品_2669,这是一个测试商品，编号2669，属于宠物用品分类。,3.0,1,/uploads/product/cover_14.jpg,ON_SALE,EXPRESS,2026-08-13 21:34:42,2026-08-15 16:27:42
2670,388,1,教材教辅商品_2670,这是一个测试商品，编号2670，属于教材教辅分类。,3.0,2,/uploads/product/cover_10.jpg,ON_SALE,MEETUP,2026-08-05 06:17:42,2026-08-12 20:18:42
2671,94,2,电子数码商品_2671,这是一个测试商品，编号2671，属于电子数码分类。,60.0,3,/uploads/product/cover_7.jpg,ON_SALE,"MEETUP,EXPRESS",2026-08-03 23:27:42,2026-08-14 04:34:42
2672,868,5,服装鞋帽商品_2672,这是一个测试商品，编号2672，属于服装鞋帽分类。,2.0,4,/uploads/product/cover_1.jpg,ON_SALE,MEETUP,2026-07-30 12:38:42,2026-08-15 05:54:42
2673,382,4,运动户外商品_2673,这是一个测试商品，编号2673，属于运动户外分类。,80.0,5,/uploads/product/cover_18.jpg,ON_SALE,"MEETUP,EXPRESS",2026-08-06 23:10:42,2026-08-12 05:18:42
2674,410,12,乐器音响商品_2674,这是一个测试商品，编号2674，属于乐器音响分类。,3.0,1,/uploads/product/cover_18.jpg,ON_SALE,EXPRESS,2026-08-13 02:26:42,2026-08-14 02:20:42
2675,38,2,电子数码商品_2675,这是一个测试商品，编号2675，属于电子数码分类。,200.0,3,/uploads/product/cover_1.jpg,ON_SALE,"MEETUP,EXPRESS",2026-08-03 11:36:42,2026-08-12 04:39:42
2676,342,3,日用百货商品_2676,这是一个测试商品，编号2676，属于日用百货分类。,20.0,4,/uploads/product/cover_4.jpg,ON_SALE,EXPRESS,2026-08-09 04:16:42,2026-08-16 13:45:42
2677,671,15,手工艺品商品_2677,这是一个测试商品，编号2677，属于手工艺品分类。,80.0,1,/uploads/product/cover_20.jpg,ON_SALE,EXPRESS,2026-08-07 09:42:42,2026-08-15 21:45:42
2678,87,5,服装鞋帽商品_2678,这是一个测试商品，编号2678，属于服装鞋帽分类。,80.0,3,/uploads/product/cover_11.jpg,ON_SALE,MEETUP,2026-07-27 23:17:42,2026-08-16 17:25:42
2679,190,7,文具办公商品_2679,这是一个测试商品，编号2679，属于文具办公分类。,1.0,4,/uploads/product/cover_18.jpg,ON_SALE,MEETUP,2026-08-12 11:52:42,2026-08-12 22:42:42
2680,964,6,零食饮料商品_2680,这是一个测试商品，编号2680，属于零食饮料分类。,8.0,4,/uploads/product/cover_17.jpg,ON_SALE,"MEETUP,EXPRESS",2026-08-01 20:51:42,2026-08-14 15:05:42
2681,54,2,电子数码商品_2681,这是一个测试商品，编号2681，属于电子数码分类。,200.0,2,/uploads/product/cover_13.jpg,ON_SALE,MEETUP,2026-08-02 03:31:42,2026-08-12 23:32:42
2682,824,12,乐器音响商品_2682,这是一个测试商品，编号2682，属于乐器音响分类。,80.0,2,/uploads/product/cover_5.jpg,ON_SALE,MEETUP,2026-07-28 06:25:42,2026-08-15 04:50:42
2683,604,8,美妆护肤商品_2683,这是一个测试商品，编号2683，属于美妆护肤分类。,8.0,3,/uploads/product/cover_11.jpg,ON_SALE,MEETUP,2026-07-29 15:04:42,2026-08-15 18:02:42
2684,620,6,零食饮料商品_2684,这是一个测试商品，编号2684，属于零食饮料分类。,200.0,3,/uploads/product/cover_1.jpg,ON_SALE,"MEETUP,EXPRESS",2026-07-29 20:16:42,2026-08-14 09:42:42
2685,574,3,日用百货商品_2685,这是一个测试商品，编号2685，属于日用百货分类。,60.0,4,/uploads/product/cover_19.jpg,ON_SALE,MEETUP,2026-08-04 00:38:42,2026-08-16 11:12:42
2686,398,8,美妆护肤商品_2686,这是一个测试商品，编号2686，属于美妆护肤分类。,3.0,3,/uploads/product/cover_18.jpg,ON_SALE,EXPRESS,2026-08-03 02:17:42,2026-08-12 06:17:42
2687,893,9,游戏动漫商品_2687,这是一个测试商品，编号2687，属于游戏动漫分类。,5.0,4,/uploads/product/cover_17.jpg,ON_SALE,MEETUP,2026-08-08 23:57:42,2026-08-16 09:48:42
2688,553,6,零食饮料商品_2688,这是一个测试商品，编号2688，属于零食饮料分类。,100.0,5,/uploads/product/cover_2.jpg,ON_SALE,EXPRESS,2026-07-28 09:16:42,2026-08-15 21:37:42
2689,809,5,服装鞋帽商品_2689,这是一个测试商品，编号2689，属于服装鞋帽分类。,200.0,4,/uploads/product/cover_9.jpg,ON_SALE,"MEETUP,EXPRESS",2026-08-02 17:27:42,2026-08-15 07:36:42
2690,280,12,乐器音响商品_2690,这是一个测试商品，编号2690，属于乐器音响分类。,1.0,2,/uploads/product/cover_16.jpg,ON_SALE,EXPRESS,2026-08-03 16:52:42,2026-08-12 08:39:42
2691,472,9,游戏动漫商品_2691,这是一个测试商品，编号2691，属于游戏动漫分类。,50.0,4,/uploads/product/cover_9.jpg,ON_SALE,"MEETUP,EXPRESS",2026-08-02 08:50:42,2026-08-12 11:16:42
2692,127,7,文具办公商品_2692,这是一个测试商品，编号2692，属于文具办公分类。,150.0,1,/uploads/product/cover_8.jpg,ON_SALE,MEETUP,2026-07-30 13:20:42,2026-08-16 11:35:42
2693,424,10,家居家电商品_2693,这是一个测试商品，编号2693，属于家居家电分类。,60.0,5,/uploads/product/cover_4.jpg,ON_SALE,EXPRESS,2026-08-16 01:14:42,2026-08-14 01:24:42
2694,492,1,教材教辅商品_2694,这是一个测试商品，编号2694，属于教材教辅分类。,12.0,4,/uploads/product/cover_12.jpg,ON_SALE,"MEETUP,EXPRESS",2026-08-13 12:19:42,2026-08-12 12:02:42
2695,822,6,零食饮料商品_2695,这是一个测试商品，编号2695，属于零食饮料分类。,50.0,4,/uploads/product/cover_15.jpg,ON_SALE,EXPRESS,2026-07-31 20:06:42,2026-08-13 21:04:42
2696,404,2,电子数码商品_2696,这是一个测试商品，编号2696，属于电子数码分类。,100.0,4,/uploads/product/cover_16.jpg,ON_SALE,"MEETUP,EXPRESS",2026-07-31 06:44:42,2026-08-13 05:09:42
2697,451,7,文具办公商品_2697,这是一个测试商品，编号2697，属于文具办公分类。,60.0,1,/uploads/product/cover_13.jpg,ON_SALE,"MEETUP,EXPRESS",2026-08-09 01:30:42,2026-08-15 01:48:42
2698,248,4,运动户外商品_2698,这是一个测试商品，编号2698，属于运动户外分类。,5.0,2,/uploads/product/cover_14.jpg,ON_SALE,"MEETUP,EXPRESS",2026-08-06 21:03:42,2026-08-12 02:29:42
2699,311,10,家居家电商品_2699,这是一个测试商品，编号2699，属于家居家电分类。,5.0,3,/uploads/product/cover_13.jpg,ON_SALE,MEETUP,2026-08-05 10:19:42,2026-08-13 04:54:42
2700,797,4,运动户外商品_2700,这是一个测试商品，编号2700，属于运动户外分类。,1.0,4,/uploads/product/cover_10.jpg,ON_SALE,MEETUP,2026-08-09 10:19:42,2026-08-14 09:49:42
2701,136,11,图书小说商品_2701,这是一个测试商品，编号2701，属于图书小说分类。,20.0,4,/uploads/product/cover_13.jpg,ON_SALE,"MEETUP,EXPRESS",2026-08-15 01:14:42,2026-08-16 16:11:42
2702,181,10,家居家电商品_2702,这是一个测试商品，编号2702，属于家居家电分类。,60.0,2,/uploads/product/cover_9.jpg,ON_SALE,EXPRESS,2026-08-11 01:55:42,2026-08-15 21:18:42
2703,167,6,零食饮料商品_2703,这是一个测试商品，编号2703，属于零食饮料分类。,5.0,2,/uploads/product/cover_13.jpg,ON_SALE,MEETUP,2026-08-16 09:15:42,2026-08-14 06:22:42
2704,437,10,家居家电商品_2704,这是一个测试商品，编号2704，属于家居家电分类。,8.0,1,/uploads/product/cover_2.jpg,ON_SALE,"MEETUP,EXPRESS",2026-07-28 12:59:42,2026-08-15 12:50:42
2705,805,3,日用百货商品_2705,这是一个测试商品，编号2705，属于日用百货分类。,1.0,3,/uploads/product/cover_1.jpg,ON_SALE,MEETUP,2026-08-13 08:15:42,2026-08-13 08:23:42
2706,707,12,乐器音响商品_2706,这是一个测试商品，编号2706，属于乐器音响分类。,150.0,2,/uploads/product/cover_15.jpg,ON_SALE,MEETUP,2026-07-31 05:01:42,2026-08-15 22:04:42
2707,179,8,美妆护肤商品_2707,这是一个测试商品，编号2707，属于美妆护肤分类。,25.0,5,/uploads/product/cover_7.jpg,ON_SALE,"MEETUP,EXPRESS",2026-08-09 11:02:42,2026-08-14 05:02:42
2708,631,15,手工艺品商品_2708,这是一个测试商品，编号2708，属于手工艺品分类。,200.0,2,/uploads/product/cover_1.jpg,ON_SALE,"MEETUP,EXPRESS",2026-07-30 10:39:42,2026-08-14 04:30:42
2709,987,2,电子数码商品_2709,这是一个测试商品，编号2709，属于电子数码分类。,3.0,4,/uploads/product/cover_6.jpg,ON_SALE,EXPRESS,2026-08-05 17:09:42,2026-08-13 09:51:42
2710,15,2,电子数码商品_2710,这是一个测试商品，编号2710，属于电子数码分类。,80.0,5,/uploads/product/cover_10.jpg,ON_SALE,"MEETUP,EXPRESS",2026-08-01 11:13:42,2026-08-14 22:29:42
2711,378,4,运动户外商品_2711,这是一个测试商品，编号2711，属于运动户外分类。,30.0,3,/uploads/product/cover_14.jpg,ON_SALE,MEETUP,2026-08-05 09:28:42,2026-08-16 14:03:42
2712,675,4,运动户外商品_2712,这是一个测试商品，编号2712，属于运动户外分类。,10.0,5,/uploads/product/cover_9.jpg,ON_SALE,EXPRESS,2026-08-03 04:12:42,2026-08-15 05:39:42
2713,310,2,电子数码商品_2713,这是一个测试商品，编号2713，属于电子数码分类。,10.0,5,/uploads/product/cover_17.jpg,ON_SALE,EXPRESS,2026-08-10 20:23:42,2026-08-12 14:58:42
2714,308,14,宠物用品商品_2714,这是一个测试商品，编号2714，属于宠物用品分类。,80.0,3,/uploads/product/cover_7.jpg,ON_SALE,MEETUP,2026-08-08 13:34:42,2026-08-13 14:02:42
2715,546,13,交通工具商品_2715,这是一个测试商品，编号2715，属于交通工具分类。,8.0,1,/uploads/product/cover_16.jpg,ON_SALE,EXPRESS,2026-07-31 16:02:42,2026-08-15 02:37:42
2716,993,13,交通工具商品_2716,这是一个测试商品，编号2716，属于交通工具分类。,12.0,3,/uploads/product/cover_3.jpg,ON_SALE,"MEETUP,EXPRESS",2026-08-08 17:26:42,2026-08-13 23:50:42
2717,516,1,教材教辅商品_2717,这是一个测试商品，编号2717，属于教材教辅分类。,1.0,3,/uploads/product/cover_18.jpg,ON_SALE,"MEETUP,EXPRESS",2026-08-08 17:07:42,2026-08-13 20:56:42
2718,323,7,文具办公商品_2718,这是一个测试商品，编号2718，属于文具办公分类。,150.0,3,/uploads/product/cover_3.jpg,ON_SALE,"MEETUP,EXPRESS",2026-08-15 06:16:42,2026-08-15 21:15:42
2719,661,2,电子数码商品_2719,这是一个测试商品，编号2719，属于电子数码分类。,8.0,1,/uploads/product/cover_20.jpg,ON_SALE,EXPRESS,2026-08-05 00:26:42,2026-08-14 22:27:42
2720,160,4,运动户外商品_2720,这是一个测试商品，编号2720，属于运动户外分类。,1.0,1,/uploads/product/cover_8.jpg,ON_SALE,"MEETUP,EXPRESS",2026-08-06 01:38:42,2026-08-13 09:41:42
2721,990,5,服装鞋帽商品_2721,这是一个测试商品，编号2721，属于服装鞋帽分类。,150.0,2,/uploads/product/cover_18.jpg,ON_SALE,"MEETUP,EXPRESS",2026-08-06 10:12:42,2026-08-16 17:18:42
2722,169,2,电子数码商品_2722,这是一个测试商品，编号2722，属于电子数码分类。,80.0,5,/uploads/product/cover_12.jpg,ON_SALE,"MEETUP,EXPRESS",2026-08-01 01:24:42,2026-08-15 17:59:42
2723,873,11,图书小说商品_2723,这是一个测试商品，编号2723，属于图书小说分类。,1.0,2,/uploads/product/cover_19.jpg,ON_SALE,"MEETUP,EXPRESS",2026-08-15 11:07:42,2026-08-13 22:09:42
2724,782,3,日用百货商品_2724,这是一个测试商品，编号2724，属于日用百货分类。,80.0,5,/uploads/product/cover_6.jpg,ON_SALE,MEETUP,2026-08-12 17:58:42,2026-08-13 21:32:42
2725,788,12,乐器音响商品_2725,这是一个测试商品，编号2725，属于乐器音响分类。,2.0,3,/uploads/product/cover_13.jpg,ON_SALE,"MEETUP,EXPRESS",2026-07-31 09:17:42,2026-08-13 07:31:42
2726,816,12,乐器音响商品_2726,这是一个测试商品，编号2726，属于乐器音响分类。,2.0,4,/uploads/product/cover_18.jpg,ON_SALE,EXPRESS,2026-08-09 11:17:42,2026-08-14 23:18:42
2727,792,4,运动户外商品_2727,这是一个测试商品，编号2727，属于运动户外分类。,200.0,1,/uploads/product/cover_1.jpg,ON_SALE,EXPRESS,2026-08-05 16:21:42,2026-08-12 02:33:42
2728,781,9,游戏动漫商品_2728,这是一个测试商品，编号2728，属于游戏动漫分类。,12.0,4,/uploads/product/cover_17.jpg,ON_SALE,"MEETUP,EXPRESS",2026-07-31 18:12:42,2026-08-12 08:25:42
2729,185,4,运动户外商品_2729,这是一个测试商品，编号2729，属于运动户外分类。,60.0,5,/uploads/product/cover_15.jpg,ON_SALE,EXPRESS,2026-08-10 18:12:42,2026-08-16 01:17:42
2730,576,14,宠物用品商品_2730,这是一个测试商品，编号2730，属于宠物用品分类。,8.0,3,/uploads/product/cover_19.jpg,ON_SALE,EXPRESS,2026-07-31 09:30:42,2026-08-16 04:07:42
2731,300,14,宠物用品商品_2731,这是一个测试商品，编号2731，属于宠物用品分类。,1.0,4,/uploads/product/cover_6.jpg,ON_SALE,EXPRESS,2026-08-05 21:08:42,2026-08-12 22:26:42
2732,4,15,手工艺品商品_2732,这是一个测试商品，编号2732，属于手工艺品分类。,80.0,2,/uploads/product/cover_15.jpg,ON_SALE,"MEETUP,EXPRESS",2026-07-29 22:23:42,2026-08-13 07:22:42
2733,463,1,教材教辅商品_2733,这是一个测试商品，编号2733，属于教材教辅分类。,1.0,5,/uploads/product/cover_18.jpg,ON_SALE,"MEETUP,EXPRESS",2026-08-12 17:24:42,2026-08-13 20:57:42
2734,130,5,服装鞋帽商品_2734,这是一个测试商品，编号2734，属于服装鞋帽分类。,10.0,4,/uploads/product/cover_19.jpg,ON_SALE,"MEETUP,EXPRESS",2026-08-02 09:42:42,2026-08-12 18:15:42
2735,409,15,手工艺品商品_2735,这是一个测试商品，编号2735，属于手工艺品分类。,150.0,5,/uploads/product/cover_9.jpg,ON_SALE,MEETUP,2026-08-01 12:16:42,2026-08-15 17:46:42
2736,306,14,宠物用品商品_2736,这是一个测试商品，编号2736，属于宠物用品分类。,150.0,3,/uploads/product/cover_1.jpg,ON_SALE,EXPRESS,2026-08-01 11:15:42,2026-08-16 00:25:42
2737,83,11,图书小说商品_2737,这是一个测试商品，编号2737，属于图书小说分类。,120.0,5,/uploads/product/cover_1.jpg,ON_SALE,"MEETUP,EXPRESS",2026-08-14 13:52:42,2026-08-15 06:24:42
2738,932,10,家居家电商品_2738,这是一个测试商品，编号2738，属于家居家电分类。,50.0,1,/uploads/product/cover_13.jpg,ON_SALE,EXPRESS,2026-08-08 13:58:42,2026-08-13 16:15:42
2739,796,7,文具办公商品_2739,这是一个测试商品，编号2739，属于文具办公分类。,3.0,4,/uploads/product/cover_9.jpg,ON_SALE,MEETUP,2026-08-14 18:24:42,2026-08-12 11:33:42
2740,188,6,零食饮料商品_2740,这是一个测试商品，编号2740，属于零食饮料分类。,12.0,4,/uploads/product/cover_12.jpg,ON_SALE,"MEETUP,EXPRESS",2026-08-16 01:40:42,2026-08-15 20:58:42
2741,917,1,教材教辅商品_2741,这是一个测试商品，编号2741，属于教材教辅分类。,80.0,1,/uploads/product/cover_3.jpg,ON_SALE,EXPRESS,2026-08-04 16:15:42,2026-08-12 11:44:42
2742,93,3,日用百货商品_2742,这是一个测试商品，编号2742，属于日用百货分类。,1.0,5,/uploads/product/cover_2.jpg,ON_SALE,"MEETUP,EXPRESS",2026-08-01 09:51:42,2026-08-13 06:10:42
2743,713,4,运动户外商品_2743,这是一个测试商品，编号2743，属于运动户外分类。,150.0,1,/uploads/product/cover_18.jpg,ON_SALE,MEETUP,2026-08-16 09:46:42,2026-08-11 21:40:42
2744,99,8,美妆护肤商品_2744,这是一个测试商品，编号2744，属于美妆护肤分类。,3.0,2,/uploads/product/cover_7.jpg,ON_SALE,"MEETUP,EXPRESS",2026-08-07 06:02:42,2026-08-14 10:25:42
2745,119,7,文具办公商品_2745,这是一个测试商品，编号2745，属于文具办公分类。,10.0,1,/uploads/product/cover_13.jpg,ON_SALE,"MEETUP,EXPRESS",2026-08-03 04:14:42,2026-08-15 02:57:42
2746,465,9,游戏动漫商品_2746,这是一个测试商品，编号2746，属于游戏动漫分类。,60.0,5,/uploads/product/cover_6.jpg,ON_SALE,"MEETUP,EXPRESS",2026-08-08 15:21:42,2026-08-16 17:52:42
2747,471,13,交通工具商品_2747,这是一个测试商品，编号2747，属于交通工具分类。,50.0,5,/uploads/product/cover_1.jpg,ON_SALE,EXPRESS,2026-08-08 03:16:42,2026-08-11 19:53:42
2748,744,11,图书小说商品_2748,这是一个测试商品，编号2748，属于图书小说分类。,20.0,1,/uploads/product/cover_15.jpg,ON_SALE,"MEETUP,EXPRESS",2026-08-05 06:38:42,2026-08-12 22:00:42
2749,695,12,乐器音响商品_2749,这是一个测试商品，编号2749，属于乐器音响分类。,8.0,3,/uploads/product/cover_18.jpg,ON_SALE,EXPRESS,2026-08-05 04:07:42,2026-08-14 04:18:42
2750,22,13,交通工具商品_2750,这是一个测试商品，编号2750，属于交通工具分类。,100.0,2,/uploads/product/cover_13.jpg,ON_SALE,EXPRESS,2026-08-01 19:35:42,2026-08-11 18:57:42
2751,287,15,手工艺品商品_2751,这是一个测试商品，编号2751，属于手工艺品分类。,25.0,5,/uploads/product/cover_3.jpg,ON_SALE,"MEETUP,EXPRESS",2026-07-28 23:10:42,2026-08-12 00:02:42
2752,641,12,乐器音响商品_2752,这是一个测试商品，编号2752，属于乐器音响分类。,80.0,4,/uploads/product/cover_17.jpg,ON_SALE,MEETUP,2026-07-29 20:01:42,2026-08-13 08:45:42
2753,223,9,游戏动漫商品_2753,这是一个测试商品，编号2753，属于游戏动漫分类。,10.0,1,/uploads/product/cover_10.jpg,ON_SALE,MEETUP,2026-08-10 12:39:42,2026-08-15 18:39:42
2754,627,3,日用百货商品_2754,这是一个测试商品，编号2754，属于日用百货分类。,120.0,1,/uploads/product/cover_15.jpg,ON_SALE,"MEETUP,EXPRESS",2026-08-16 18:46:42,2026-08-13 04:33:42
2755,346,8,美妆护肤商品_2755,这是一个测试商品，编号2755，属于美妆护肤分类。,150.0,3,/uploads/product/cover_7.jpg,ON_SALE,EXPRESS,2026-07-28 05:04:42,2026-08-13 20:50:42
2756,972,4,运动户外商品_2756,这是一个测试商品，编号2756，属于运动户外分类。,8.0,5,/uploads/product/cover_5.jpg,ON_SALE,MEETUP,2026-08-14 15:25:42,2026-08-14 22:43:42
2757,54,14,宠物用品商品_2757,这是一个测试商品，编号2757，属于宠物用品分类。,80.0,3,/uploads/product/cover_17.jpg,ON_SALE,"MEETUP,EXPRESS",2026-08-14 03:04:42,2026-08-15 06:41:42
2758,702,14,宠物用品商品_2758,这是一个测试商品，编号2758，属于宠物用品分类。,100.0,1,/uploads/product/cover_18.jpg,ON_SALE,"MEETUP,EXPRESS",2026-08-08 00:56:42,2026-08-16 00:59:42
2759,708,12,乐器音响商品_2759,这是一个测试商品，编号2759，属于乐器音响分类。,60.0,4,/uploads/product/cover_3.jpg,ON_SALE,"MEETUP,EXPRESS",2026-08-11 07:23:42,2026-08-16 09:36:42
2760,719,1,教材教辅商品_2760,这是一个测试商品，编号2760，属于教材教辅分类。,100.0,4,/uploads/product/cover_11.jpg,ON_SALE,EXPRESS,2026-08-02 03:47:42,2026-08-16 15:47:42
2761,456,12,乐器音响商品_2761,这是一个测试商品，编号2761，属于乐器音响分类。,20.0,4,/uploads/product/cover_17.jpg,ON_SALE,"MEETUP,EXPRESS",2026-08-16 00:22:42,2026-08-15 21:00:42
2762,465,15,手工艺品商品_2762,这是一个测试商品，编号2762，属于手工艺品分类。,8.0,4,/uploads/product/cover_8.jpg,ON_SALE,MEETUP,2026-08-12 16:34:42,2026-08-15 05:25:42
2763,207,2,电子数码商品_2763,这是一个测试商品，编号2763，属于电子数码分类。,12.0,1,/uploads/product/cover_1.jpg,ON_SALE,MEETUP,2026-08-16 06:21:42,2026-08-13 02:14:42
2764,444,7,文具办公商品_2764,这是一个测试商品，编号2764，属于文具办公分类。,150.0,3,/uploads/product/cover_4.jpg,ON_SALE,MEETUP,2026-08-01 11:33:42,2026-08-12 09:28:42
2765,563,4,运动户外商品_2765,这是一个测试商品，编号2765，属于运动户外分类。,1.0,4,/uploads/product/cover_10.jpg,ON_SALE,"MEETUP,EXPRESS",2026-08-06 13:35:42,2026-08-13 03:56:42
2766,389,10,家居家电商品_2766,这是一个测试商品，编号2766，属于家居家电分类。,120.0,5,/uploads/product/cover_16.jpg,ON_SALE,EXPRESS,2026-08-01 11:12:42,2026-08-12 07:50:42
2767,398,1,教材教辅商品_2767,这是一个测试商品，编号2767，属于教材教辅分类。,3.0,2,/uploads/product/cover_6.jpg,ON_SALE,EXPRESS,2026-08-08 21:25:42,2026-08-16 15:39:42
2768,693,15,手工艺品商品_2768,这是一个测试商品，编号2768，属于手工艺品分类。,5.0,5,/uploads/product/cover_12.jpg,ON_SALE,EXPRESS,2026-08-14 21:27:42,2026-08-16 07:14:42
2769,787,10,家居家电商品_2769,这是一个测试商品，编号2769，属于家居家电分类。,20.0,5,/uploads/product/cover_13.jpg,ON_SALE,EXPRESS,2026-08-09 14:41:42,2026-08-15 22:36:42
2770,500,3,日用百货商品_2770,这是一个测试商品，编号2770，属于日用百货分类。,25.0,3,/uploads/product/cover_19.jpg,ON_SALE,MEETUP,2026-08-13 20:50:42,2026-08-13 22:14:42
2771,624,11,图书小说商品_2771,这是一个测试商品，编号2771，属于图书小说分类。,2.0,2,/uploads/product/cover_8.jpg,ON_SALE,EXPRESS,2026-08-07 16:30:42,2026-08-14 21:03:42
2772,594,7,文具办公商品_2772,这是一个测试商品，编号2772，属于文具办公分类。,5.0,2,/uploads/product/cover_18.jpg,ON_SALE,EXPRESS,2026-07-31 16:35:42,2026-08-13 06:52:42
2773,678,1,教材教辅商品_2773,这是一个测试商品，编号2773，属于教材教辅分类。,80.0,5,/uploads/product/cover_18.jpg,ON_SALE,"MEETUP,EXPRESS",2026-08-05 16:15:42,2026-08-12 12:39:42
2774,954,5,服装鞋帽商品_2774,这是一个测试商品，编号2774，属于服装鞋帽分类。,80.0,5,/uploads/product/cover_7.jpg,ON_SALE,MEETUP,2026-08-09 08:28:42,2026-08-12 17:11:42
2775,956,8,美妆护肤商品_2775,这是一个测试商品，编号2775，属于美妆护肤分类。,60.0,4,/uploads/product/cover_20.jpg,ON_SALE,EXPRESS,2026-08-09 09:24:42,2026-08-15 08:58:42
2776,719,2,电子数码商品_2776,这是一个测试商品，编号2776，属于电子数码分类。,150.0,4,/uploads/product/cover_15.jpg,ON_SALE,MEETUP,2026-08-12 15:04:42,2026-08-12 03:08:42
2777,298,1,教材教辅商品_2777,这是一个测试商品，编号2777，属于教材教辅分类。,100.0,5,/uploads/product/cover_14.jpg,ON_SALE,MEETUP,2026-08-01 09:47:42,2026-08-11 22:43:42
2778,144,9,游戏动漫商品_2778,这是一个测试商品，编号2778，属于游戏动漫分类。,3.0,2,/uploads/product/cover_10.jpg,ON_SALE,EXPRESS,2026-08-01 18:17:42,2026-08-15 00:01:42
2779,344,7,文具办公商品_2779,这是一个测试商品，编号2779，属于文具办公分类。,20.0,2,/uploads/product/cover_18.jpg,ON_SALE,EXPRESS,2026-07-29 17:20:42,2026-08-14 07:39:42
2780,539,7,文具办公商品_2780,这是一个测试商品，编号2780，属于文具办公分类。,30.0,2,/uploads/product/cover_15.jpg,ON_SALE,MEETUP,2026-08-10 11:49:42,2026-08-15 08:22:42
2781,99,11,图书小说商品_2781,这是一个测试商品，编号2781，属于图书小说分类。,30.0,5,/uploads/product/cover_15.jpg,ON_SALE,MEETUP,2026-08-04 11:38:42,2026-08-16 10:04:42
2782,107,14,宠物用品商品_2782,这是一个测试商品，编号2782，属于宠物用品分类。,12.0,3,/uploads/product/cover_9.jpg,ON_SALE,MEETUP,2026-08-03 08:10:42,2026-08-15 14:36:42
2783,411,9,游戏动漫商品_2783,这是一个测试商品，编号2783，属于游戏动漫分类。,3.0,3,/uploads/product/cover_4.jpg,ON_SALE,MEETUP,2026-07-29 13:51:42,2026-08-13 07:51:42
2784,473,4,运动户外商品_2784,这是一个测试商品，编号2784，属于运动户外分类。,20.0,3,/uploads/product/cover_5.jpg,ON_SALE,EXPRESS,2026-07-30 09:35:42,2026-08-13 22:26:42
2785,30,1,教材教辅商品_2785,这是一个测试商品，编号2785，属于教材教辅分类。,1.0,1,/uploads/product/cover_12.jpg,ON_SALE,MEETUP,2026-08-07 21:34:42,2026-08-12 17:24:42
2786,426,5,服装鞋帽商品_2786,这是一个测试商品，编号2786，属于服装鞋帽分类。,8.0,5,/uploads/product/cover_15.jpg,ON_SALE,EXPRESS,2026-08-07 15:41:42,2026-08-11 21:40:42
2787,122,8,美妆护肤商品_2787,这是一个测试商品，编号2787，属于美妆护肤分类。,50.0,4,/uploads/product/cover_2.jpg,ON_SALE,MEETUP,2026-07-30 11:43:42,2026-08-13 23:37:42
2788,554,11,图书小说商品_2788,这是一个测试商品，编号2788，属于图书小说分类。,50.0,2,/uploads/product/cover_9.jpg,ON_SALE,MEETUP,2026-08-12 09:03:42,2026-08-12 01:48:42
2789,397,11,图书小说商品_2789,这是一个测试商品，编号2789，属于图书小说分类。,5.0,2,/uploads/product/cover_12.jpg,ON_SALE,"MEETUP,EXPRESS",2026-08-07 15:24:42,2026-08-12 20:02:42
2790,362,7,文具办公商品_2790,这是一个测试商品，编号2790，属于文具办公分类。,200.0,1,/uploads/product/cover_9.jpg,ON_SALE,"MEETUP,EXPRESS",2026-08-12 22:06:42,2026-08-11 22:49:42
2791,34,5,服装鞋帽商品_2791,这是一个测试商品，编号2791，属于服装鞋帽分类。,20.0,4,/uploads/product/cover_8.jpg,ON_SALE,EXPRESS,2026-08-13 22:45:42,2026-08-12 02:03:42
2792,668,13,交通工具商品_2792,这是一个测试商品，编号2792，属于交通工具分类。,100.0,3,/uploads/product/cover_17.jpg,ON_SALE,MEETUP,2026-08-07 00:58:42,2026-08-15 21:49:42
2793,138,8,美妆护肤商品_2793,这是一个测试商品，编号2793，属于美妆护肤分类。,12.0,1,/uploads/product/cover_5.jpg,ON_SALE,MEETUP,2026-07-31 20:49:42,2026-08-14 06:14:42
2794,514,4,运动户外商品_2794,这是一个测试商品，编号2794，属于运动户外分类。,1.0,5,/uploads/product/cover_1.jpg,ON_SALE,EXPRESS,2026-08-12 21:27:42,2026-08-14 10:24:42
2795,584,1,教材教辅商品_2795,这是一个测试商品，编号2795，属于教材教辅分类。,150.0,5,/uploads/product/cover_1.jpg,ON_SALE,EXPRESS,2026-08-10 18:05:42,2026-08-11 23:09:42
2796,164,10,家居家电商品_2796,这是一个测试商品，编号2796，属于家居家电分类。,50.0,1,/uploads/product/cover_13.jpg,ON_SALE,MEETUP,2026-08-12 23:16:42,2026-08-13 08:20:42
2797,767,1,教材教辅商品_2797,这是一个测试商品，编号2797，属于教材教辅分类。,200.0,2,/uploads/product/cover_19.jpg,ON_SALE,"MEETUP,EXPRESS",2026-08-02 05:39:42,2026-08-14 14:03:42
2798,426,9,游戏动漫商品_2798,这是一个测试商品，编号2798，属于游戏动漫分类。,1.0,4,/uploads/product/cover_5.jpg,ON_SALE,EXPRESS,2026-08-16 13:40:42,2026-08-12 06:35:42
2799,430,7,文具办公商品_2799,这是一个测试商品，编号2799，属于文具办公分类。,50.0,1,/uploads/product/cover_1.jpg,ON_SALE,EXPRESS,2026-08-16 07:18:42,2026-08-12 18:13:42
2800,890,14,宠物用品商品_2800,这是一个测试商品，编号2800，属于宠物用品分类。,20.0,5,/uploads/product/cover_18.jpg,ON_SALE,EXPRESS,2026-08-16 18:11:42,2026-08-15 18:55:42
2801,341,8,美妆护肤商品_2801,这是一个测试商品，编号2801，属于美妆护肤分类。,80.0,5,/uploads/product/cover_5.jpg,ON_SALE,EXPRESS,2026-08-04 02:08:42,2026-08-12 22:45:42
2802,805,1,教材教辅商品_2802,这是一个测试商品，编号2802，属于教材教辅分类。,30.0,2,/uploads/product/cover_1.jpg,ON_SALE,MEETUP,2026-08-14 17:01:42,2026-08-12 15:58:42
2803,782,10,家居家电商品_2803,这是一个测试商品，编号2803，属于家居家电分类。,8.0,2,/uploads/product/cover_6.jpg,ON_SALE,"MEETUP,EXPRESS",2026-07-29 04:31:42,2026-08-13 13:48:42
2804,376,2,电子数码商品_2804,这是一个测试商品，编号2804，属于电子数码分类。,150.0,3,/uploads/product/cover_3.jpg,ON_SALE,EXPRESS,2026-07-30 17:27:42,2026-08-15 20:58:42
2805,130,12,乐器音响商品_2805,这是一个测试商品，编号2805，属于乐器音响分类。,12.0,2,/uploads/product/cover_20.jpg,ON_SALE,EXPRESS,2026-08-10 20:17:42,2026-08-14 14:13:42
2806,573,4,运动户外商品_2806,这是一个测试商品，编号2806，属于运动户外分类。,8.0,3,/uploads/product/cover_18.jpg,ON_SALE,"MEETUP,EXPRESS",2026-08-07 00:45:42,2026-08-13 12:20:42
2807,597,8,美妆护肤商品_2807,这是一个测试商品，编号2807，属于美妆护肤分类。,120.0,3,/uploads/product/cover_20.jpg,ON_SALE,MEETUP,2026-08-04 23:50:42,2026-08-15 23:46:42
2808,790,4,运动户外商品_2808,这是一个测试商品，编号2808，属于运动户外分类。,100.0,3,/uploads/product/cover_12.jpg,ON_SALE,EXPRESS,2026-07-31 07:26:42,2026-08-15 02:14:42
2809,227,7,文具办公商品_2809,这是一个测试商品，编号2809，属于文具办公分类。,150.0,2,/uploads/product/cover_17.jpg,ON_SALE,EXPRESS,2026-08-13 05:50:42,2026-08-12 18:33:42
2810,329,8,美妆护肤商品_2810,这是一个测试商品，编号2810，属于美妆护肤分类。,120.0,3,/uploads/product/cover_7.jpg,ON_SALE,"MEETUP,EXPRESS",2026-08-12 00:29:42,2026-08-16 10:09:42
2811,600,13,交通工具商品_2811,这是一个测试商品，编号2811，属于交通工具分类。,10.0,5,/uploads/product/cover_10.jpg,ON_SALE,"MEETUP,EXPRESS",2026-08-03 04:19:42,2026-08-13 22:13:42
2812,161,3,日用百货商品_2812,这是一个测试商品，编号2812，属于日用百货分类。,10.0,4,/uploads/product/cover_20.jpg,ON_SALE,EXPRESS,2026-07-27 21:09:42,2026-08-16 10:34:42
2813,872,15,手工艺品商品_2813,这是一个测试商品，编号2813，属于手工艺品分类。,150.0,5,/uploads/product/cover_3.jpg,ON_SALE,"MEETUP,EXPRESS",2026-07-29 23:48:42,2026-08-12 22:45:42
2814,526,6,零食饮料商品_2814,这是一个测试商品，编号2814，属于零食饮料分类。,150.0,5,/uploads/product/cover_10.jpg,ON_SALE,EXPRESS,2026-08-01 10:18:42,2026-08-14 17:02:42
2815,46,7,文具办公商品_2815,这是一个测试商品，编号2815，属于文具办公分类。,50.0,2,/uploads/product/cover_18.jpg,ON_SALE,EXPRESS,2026-08-04 07:08:42,2026-08-12 17:59:42
2816,506,1,教材教辅商品_2816,这是一个测试商品，编号2816，属于教材教辅分类。,50.0,1,/uploads/product/cover_18.jpg,ON_SALE,EXPRESS,2026-08-16 07:26:42,2026-08-16 16:19:42
2817,926,5,服装鞋帽商品_2817,这是一个测试商品，编号2817，属于服装鞋帽分类。,25.0,2,/uploads/product/cover_11.jpg,ON_SALE,MEETUP,2026-08-05 21:46:42,2026-08-12 14:34:42
2818,353,14,宠物用品商品_2818,这是一个测试商品，编号2818，属于宠物用品分类。,2.0,4,/uploads/product/cover_17.jpg,ON_SALE,"MEETUP,EXPRESS",2026-07-30 10:28:42,2026-08-11 19:55:42
2819,2,6,零食饮料商品_2819,这是一个测试商品，编号2819，属于零食饮料分类。,20.0,5,/uploads/product/cover_4.jpg,ON_SALE,"MEETUP,EXPRESS",2026-08-10 06:01:42,2026-08-15 10:10:42
2820,192,10,家居家电商品_2820,这是一个测试商品，编号2820，属于家居家电分类。,200.0,3,/uploads/product/cover_16.jpg,ON_SALE,EXPRESS,2026-08-15 18:47:42,2026-08-14 15:19:42
2821,710,7,文具办公商品_2821,这是一个测试商品，编号2821，属于文具办公分类。,10.0,4,/uploads/product/cover_5.jpg,ON_SALE,MEETUP,2026-08-08 05:52:42,2026-08-12 07:04:42
2822,985,12,乐器音响商品_2822,这是一个测试商品，编号2822，属于乐器音响分类。,25.0,4,/uploads/product/cover_6.jpg,ON_SALE,MEETUP,2026-07-30 03:24:42,2026-08-14 04:31:42
2823,249,11,图书小说商品_2823,这是一个测试商品，编号2823，属于图书小说分类。,10.0,5,/uploads/product/cover_7.jpg,ON_SALE,MEETUP,2026-08-02 14:13:42,2026-08-11 23:54:42
2824,968,14,宠物用品商品_2824,这是一个测试商品，编号2824，属于宠物用品分类。,20.0,1,/uploads/product/cover_2.jpg,ON_SALE,EXPRESS,2026-08-03 11:38:42,2026-08-13 09:15:42
2825,789,9,游戏动漫商品_2825,这是一个测试商品，编号2825，属于游戏动漫分类。,15.0,1,/uploads/product/cover_9.jpg,ON_SALE,"MEETUP,EXPRESS",2026-08-14 21:46:42,2026-08-15 12:55:42
2826,324,15,手工艺品商品_2826,这是一个测试商品，编号2826，属于手工艺品分类。,25.0,3,/uploads/product/cover_15.jpg,ON_SALE,"MEETUP,EXPRESS",2026-08-10 05:20:42,2026-08-15 02:01:42
2827,492,6,零食饮料商品_2827,这是一个测试商品，编号2827，属于零食饮料分类。,3.0,4,/uploads/product/cover_12.jpg,ON_SALE,EXPRESS,2026-08-05 07:47:42,2026-08-14 02:29:42
2828,571,7,文具办公商品_2828,这是一个测试商品，编号2828，属于文具办公分类。,1.0,5,/uploads/product/cover_12.jpg,ON_SALE,"MEETUP,EXPRESS",2026-08-03 06:38:42,2026-08-12 03:22:42
2829,172,5,服装鞋帽商品_2829,这是一个测试商品，编号2829，属于服装鞋帽分类。,3.0,5,/uploads/product/cover_16.jpg,ON_SALE,"MEETUP,EXPRESS",2026-08-09 17:52:42,2026-08-16 13:34:42
2830,361,7,文具办公商品_2830,这是一个测试商品，编号2830，属于文具办公分类。,150.0,3,/uploads/product/cover_11.jpg,ON_SALE,"MEETUP,EXPRESS",2026-08-09 09:27:42,2026-08-12 02:33:42
2831,140,11,图书小说商品_2831,这是一个测试商品，编号2831，属于图书小说分类。,150.0,5,/uploads/product/cover_10.jpg,ON_SALE,MEETUP,2026-08-02 18:37:42,2026-08-15 20:11:42
2832,319,1,教材教辅商品_2832,这是一个测试商品，编号2832，属于教材教辅分类。,2.0,3,/uploads/product/cover_13.jpg,ON_SALE,"MEETUP,EXPRESS",2026-08-10 03:53:42,2026-08-12 22:57:42
2833,343,14,宠物用品商品_2833,这是一个测试商品，编号2833，属于宠物用品分类。,20.0,1,/uploads/product/cover_17.jpg,ON_SALE,"MEETUP,EXPRESS",2026-07-29 06:14:42,2026-08-16 12:21:42
2834,661,14,宠物用品商品_2834,这是一个测试商品，编号2834，属于宠物用品分类。,12.0,3,/uploads/product/cover_20.jpg,ON_SALE,MEETUP,2026-08-06 00:38:42,2026-08-15 13:19:42
2835,538,11,图书小说商品_2835,这是一个测试商品，编号2835，属于图书小说分类。,20.0,2,/uploads/product/cover_8.jpg,ON_SALE,EXPRESS,2026-08-12 09:51:42,2026-08-11 21:16:42
2836,472,12,乐器音响商品_2836,这是一个测试商品，编号2836，属于乐器音响分类。,12.0,1,/uploads/product/cover_3.jpg,ON_SALE,EXPRESS,2026-08-16 15:10:42,2026-08-13 04:11:42
2837,803,5,服装鞋帽商品_2837,这是一个测试商品，编号2837，属于服装鞋帽分类。,12.0,2,/uploads/product/cover_13.jpg,ON_SALE,"MEETUP,EXPRESS",2026-08-08 01:16:42,2026-08-16 00:22:42
2838,340,8,美妆护肤商品_2838,这是一个测试商品，编号2838，属于美妆护肤分类。,30.0,1,/uploads/product/cover_9.jpg,ON_SALE,"MEETUP,EXPRESS",2026-08-03 00:06:42,2026-08-14 03:39:42
2839,619,11,图书小说商品_2839,这是一个测试商品，编号2839，属于图书小说分类。,80.0,3,/uploads/product/cover_16.jpg,ON_SALE,MEETUP,2026-07-31 01:18:42,2026-08-14 20:23:42
2840,428,7,文具办公商品_2840,这是一个测试商品，编号2840，属于文具办公分类。,15.0,1,/uploads/product/cover_17.jpg,ON_SALE,EXPRESS,2026-08-01 04:31:42,2026-08-13 19:35:42
2841,537,9,游戏动漫商品_2841,这是一个测试商品，编号2841，属于游戏动漫分类。,10.0,3,/uploads/product/cover_7.jpg,ON_SALE,"MEETUP,EXPRESS",2026-07-28 05:15:42,2026-08-14 13:09:42
2842,69,14,宠物用品商品_2842,这是一个测试商品，编号2842，属于宠物用品分类。,12.0,5,/uploads/product/cover_2.jpg,ON_SALE,EXPRESS,2026-08-16 08:43:42,2026-08-16 14:29:42
2843,21,6,零食饮料商品_2843,这是一个测试商品，编号2843，属于零食饮料分类。,2.0,4,/uploads/product/cover_10.jpg,ON_SALE,"MEETUP,EXPRESS",2026-08-11 22:04:42,2026-08-12 08:56:42
2844,345,9,游戏动漫商品_2844,这是一个测试商品，编号2844，属于游戏动漫分类。,2.0,4,/uploads/product/cover_14.jpg,ON_SALE,EXPRESS,2026-08-06 07:19:42,2026-08-15 22:45:42
2845,426,2,电子数码商品_2845,这是一个测试商品，编号2845，属于电子数码分类。,60.0,2,/uploads/product/cover_2.jpg,ON_SALE,MEETUP,2026-07-31 11:27:42,2026-08-15 15:05:42
2846,533,6,零食饮料商品_2846,这是一个测试商品，编号2846，属于零食饮料分类。,100.0,5,/uploads/product/cover_10.jpg,ON_SALE,"MEETUP,EXPRESS",2026-08-10 19:40:42,2026-08-14 08:18:42
2847,735,4,运动户外商品_2847,这是一个测试商品，编号2847，属于运动户外分类。,50.0,2,/uploads/product/cover_12.jpg,ON_SALE,EXPRESS,2026-07-31 17:08:42,2026-08-15 09:33:42
2848,327,2,电子数码商品_2848,这是一个测试商品，编号2848，属于电子数码分类。,25.0,1,/uploads/product/cover_13.jpg,ON_SALE,"MEETUP,EXPRESS",2026-08-02 10:06:42,2026-08-15 08:49:42
2849,933,10,家居家电商品_2849,这是一个测试商品，编号2849，属于家居家电分类。,200.0,2,/uploads/product/cover_17.jpg,ON_SALE,MEETUP,2026-08-10 14:24:42,2026-08-16 14:42:42
2850,103,5,服装鞋帽商品_2850,这是一个测试商品，编号2850，属于服装鞋帽分类。,12.0,1,/uploads/product/cover_5.jpg,ON_SALE,EXPRESS,2026-08-14 17:31:42,2026-08-15 22:01:42
2851,497,4,运动户外商品_2851,这是一个测试商品，编号2851，属于运动户外分类。,3.0,3,/uploads/product/cover_9.jpg,ON_SALE,"MEETUP,EXPRESS",2026-08-10 10:12:42,2026-08-13 18:44:42
2852,666,4,运动户外商品_2852,这是一个测试商品，编号2852，属于运动户外分类。,3.0,2,/uploads/product/cover_12.jpg,ON_SALE,MEETUP,2026-08-08 16:10:42,2026-08-12 22:44:42
2853,607,11,图书小说商品_2853,这是一个测试商品，编号2853，属于图书小说分类。,120.0,4,/uploads/product/cover_2.jpg,ON_SALE,"MEETUP,EXPRESS",2026-08-06 14:49:42,2026-08-13 19:09:42
2854,897,5,服装鞋帽商品_2854,这是一个测试商品，编号2854，属于服装鞋帽分类。,15.0,2,/uploads/product/cover_12.jpg,ON_SALE,"MEETUP,EXPRESS",2026-08-01 14:14:42,2026-08-14 21:31:42
2855,946,6,零食饮料商品_2855,这是一个测试商品，编号2855，属于零食饮料分类。,60.0,1,/uploads/product/cover_9.jpg,ON_SALE,EXPRESS,2026-08-07 01:32:42,2026-08-15 06:52:42
2856,649,14,宠物用品商品_2856,这是一个测试商品，编号2856，属于宠物用品分类。,30.0,2,/uploads/product/cover_11.jpg,ON_SALE,MEETUP,2026-08-01 13:59:42,2026-08-15 10:53:42
2857,913,15,手工艺品商品_2857,这是一个测试商品，编号2857，属于手工艺品分类。,1.0,3,/uploads/product/cover_8.jpg,ON_SALE,"MEETUP,EXPRESS",2026-08-04 16:48:42,2026-08-14 23:54:42
2858,5,6,零食饮料商品_2858,这是一个测试商品，编号2858，属于零食饮料分类。,150.0,5,/uploads/product/cover_20.jpg,ON_SALE,"MEETUP,EXPRESS",2026-08-01 07:01:42,2026-08-15 12:38:42
2859,53,8,美妆护肤商品_2859,这是一个测试商品，编号2859，属于美妆护肤分类。,60.0,1,/uploads/product/cover_12.jpg,ON_SALE,MEETUP,2026-07-29 21:41:42,2026-08-15 08:32:42
2860,973,7,文具办公商品_2860,这是一个测试商品，编号2860，属于文具办公分类。,2.0,2,/uploads/product/cover_17.jpg,ON_SALE,MEETUP,2026-07-29 01:51:42,2026-08-12 14:20:42
2861,267,10,家居家电商品_2861,这是一个测试商品，编号2861，属于家居家电分类。,80.0,5,/uploads/product/cover_15.jpg,ON_SALE,MEETUP,2026-07-31 06:18:42,2026-08-12 17:53:42
2862,896,12,乐器音响商品_2862,这是一个测试商品，编号2862，属于乐器音响分类。,2.0,3,/uploads/product/cover_16.jpg,ON_SALE,EXPRESS,2026-08-10 11:57:42,2026-08-12 18:26:42
2863,639,7,文具办公商品_2863,这是一个测试商品，编号2863，属于文具办公分类。,30.0,4,/uploads/product/cover_1.jpg,ON_SALE,EXPRESS,2026-08-07 18:36:42,2026-08-14 03:59:42
2864,931,1,教材教辅商品_2864,这是一个测试商品，编号2864，属于教材教辅分类。,2.0,1,/uploads/product/cover_15.jpg,ON_SALE,MEETUP,2026-08-16 08:29:42,2026-08-13 07:05:42
2865,331,10,家居家电商品_2865,这是一个测试商品，编号2865，属于家居家电分类。,60.0,5,/uploads/product/cover_2.jpg,ON_SALE,EXPRESS,2026-08-04 08:21:42,2026-08-13 00:24:42
2866,887,3,日用百货商品_2866,这是一个测试商品，编号2866，属于日用百货分类。,30.0,2,/uploads/product/cover_6.jpg,ON_SALE,MEETUP,2026-08-11 17:39:42,2026-08-15 18:52:42
2867,409,12,乐器音响商品_2867,这是一个测试商品，编号2867，属于乐器音响分类。,100.0,1,/uploads/product/cover_19.jpg,ON_SALE,"MEETUP,EXPRESS",2026-08-15 05:01:42,2026-08-12 03:02:42
2868,867,12,乐器音响商品_2868,这是一个测试商品，编号2868，属于乐器音响分类。,20.0,2,/uploads/product/cover_13.jpg,ON_SALE,"MEETUP,EXPRESS",2026-08-06 00:50:42,2026-08-16 09:10:42
2869,151,14,宠物用品商品_2869,这是一个测试商品，编号2869，属于宠物用品分类。,10.0,2,/uploads/product/cover_18.jpg,ON_SALE,MEETUP,2026-08-13 14:03:42,2026-08-15 12:45:42
2870,568,11,图书小说商品_2870,这是一个测试商品，编号2870，属于图书小说分类。,8.0,1,/uploads/product/cover_9.jpg,ON_SALE,"MEETUP,EXPRESS",2026-08-11 22:37:42,2026-08-14 09:47:42
2871,150,12,乐器音响商品_2871,这是一个测试商品，编号2871，属于乐器音响分类。,150.0,5,/uploads/product/cover_5.jpg,ON_SALE,"MEETUP,EXPRESS",2026-08-07 11:54:42,2026-08-15 11:11:42
2872,135,1,教材教辅商品_2872,这是一个测试商品，编号2872，属于教材教辅分类。,10.0,1,/uploads/product/cover_4.jpg,ON_SALE,"MEETUP,EXPRESS",2026-08-12 04:22:42,2026-08-12 13:21:42
2873,676,5,服装鞋帽商品_2873,这是一个测试商品，编号2873，属于服装鞋帽分类。,50.0,2,/uploads/product/cover_11.jpg,ON_SALE,"MEETUP,EXPRESS",2026-07-29 03:19:42,2026-08-15 19:56:42
2874,239,4,运动户外商品_2874,这是一个测试商品，编号2874，属于运动户外分类。,1.0,2,/uploads/product/cover_20.jpg,ON_SALE,MEETUP,2026-08-04 15:15:42,2026-08-13 05:44:42
2875,603,15,手工艺品商品_2875,这是一个测试商品，编号2875，属于手工艺品分类。,150.0,5,/uploads/product/cover_9.jpg,ON_SALE,MEETUP,2026-08-01 06:37:42,2026-08-16 01:07:42
2876,990,8,美妆护肤商品_2876,这是一个测试商品，编号2876，属于美妆护肤分类。,12.0,5,/uploads/product/cover_12.jpg,ON_SALE,"MEETUP,EXPRESS",2026-08-04 15:58:42,2026-08-14 18:20:42
2877,194,11,图书小说商品_2877,这是一个测试商品，编号2877，属于图书小说分类。,5.0,4,/uploads/product/cover_2.jpg,ON_SALE,EXPRESS,2026-08-15 06:40:42,2026-08-15 06:52:42
2878,132,4,运动户外商品_2878,这是一个测试商品，编号2878，属于运动户外分类。,25.0,1,/uploads/product/cover_11.jpg,ON_SALE,MEETUP,2026-07-31 19:45:42,2026-08-13 16:24:42
2879,764,7,文具办公商品_2879,这是一个测试商品，编号2879，属于文具办公分类。,80.0,2,/uploads/product/cover_19.jpg,ON_SALE,"MEETUP,EXPRESS",2026-08-07 08:04:42,2026-08-11 21:21:42
2880,586,12,乐器音响商品_2880,这是一个测试商品，编号2880，属于乐器音响分类。,25.0,4,/uploads/product/cover_15.jpg,ON_SALE,"MEETUP,EXPRESS",2026-07-29 19:08:42,2026-08-14 20:36:42
2881,199,3,日用百货商品_2881,这是一个测试商品，编号2881，属于日用百货分类。,60.0,1,/uploads/product/cover_9.jpg,ON_SALE,MEETUP,2026-08-10 23:45:42,2026-08-15 13:45:42
2882,969,14,宠物用品商品_2882,这是一个测试商品，编号2882，属于宠物用品分类。,60.0,2,/uploads/product/cover_7.jpg,ON_SALE,EXPRESS,2026-08-14 12:23:42,2026-08-14 13:09:42
2883,168,6,零食饮料商品_2883,这是一个测试商品，编号2883，属于零食饮料分类。,80.0,5,/uploads/product/cover_1.jpg,ON_SALE,MEETUP,2026-08-12 03:12:42,2026-08-16 00:00:42
2884,723,15,手工艺品商品_2884,这是一个测试商品，编号2884，属于手工艺品分类。,200.0,1,/uploads/product/cover_4.jpg,ON_SALE,MEETUP,2026-08-07 16:45:42,2026-08-14 07:56:42
2885,165,10,家居家电商品_2885,这是一个测试商品，编号2885，属于家居家电分类。,50.0,2,/uploads/product/cover_9.jpg,ON_SALE,MEETUP,2026-08-04 04:12:42,2026-08-16 02:13:42
2886,844,10,家居家电商品_2886,这是一个测试商品，编号2886，属于家居家电分类。,100.0,2,/uploads/product/cover_12.jpg,ON_SALE,"MEETUP,EXPRESS",2026-08-08 04:57:42,2026-08-14 20:16:42
2887,709,4,运动户外商品_2887,这是一个测试商品，编号2887，属于运动户外分类。,80.0,4,/uploads/product/cover_9.jpg,ON_SALE,"MEETUP,EXPRESS",2026-08-05 12:01:42,2026-08-14 01:03:42
2888,832,4,运动户外商品_2888,这是一个测试商品，编号2888，属于运动户外分类。,100.0,5,/uploads/product/cover_15.jpg,ON_SALE,EXPRESS,2026-07-29 07:05:42,2026-08-12 16:09:42
2889,928,6,零食饮料商品_2889,这是一个测试商品，编号2889，属于零食饮料分类。,5.0,2,/uploads/product/cover_2.jpg,ON_SALE,EXPRESS,2026-08-08 08:20:42,2026-08-13 07:19:42
2890,354,9,游戏动漫商品_2890,这是一个测试商品，编号2890，属于游戏动漫分类。,10.0,2,/uploads/product/cover_12.jpg,ON_SALE,MEETUP,2026-08-12 11:44:42,2026-08-15 18:55:42
2891,494,9,游戏动漫商品_2891,这是一个测试商品，编号2891，属于游戏动漫分类。,5.0,4,/uploads/product/cover_3.jpg,ON_SALE,EXPRESS,2026-08-02 23:03:42,2026-08-14 02:03:42
2892,306,11,图书小说商品_2892,这是一个测试商品，编号2892，属于图书小说分类。,3.0,4,/uploads/product/cover_10.jpg,ON_SALE,MEETUP,2026-08-05 13:08:42,2026-08-12 15:38:42
2893,561,12,乐器音响商品_2893,这是一个测试商品，编号2893，属于乐器音响分类。,100.0,3,/uploads/product/cover_13.jpg,ON_SALE,MEETUP,2026-08-15 01:15:42,2026-08-13 00:47:42
2894,681,8,美妆护肤商品_2894,这是一个测试商品，编号2894，属于美妆护肤分类。,30.0,1,/uploads/product/cover_6.jpg,ON_SALE,MEETUP,2026-08-11 21:12:42,2026-08-13 22:13:42
2895,724,15,手工艺品商品_2895,这是一个测试商品，编号2895，属于手工艺品分类。,150.0,1,/uploads/product/cover_4.jpg,ON_SALE,EXPRESS,2026-08-15 07:33:42,2026-08-13 13:14:42
2896,311,3,日用百货商品_2896,这是一个测试商品，编号2896，属于日用百货分类。,15.0,4,/uploads/product/cover_14.jpg,ON_SALE,MEETUP,2026-08-02 22:23:42,2026-08-15 21:56:42
2897,584,1,教材教辅商品_2897,这是一个测试商品，编号2897，属于教材教辅分类。,150.0,3,/uploads/product/cover_19.jpg,ON_SALE,MEETUP,2026-08-07 03:53:42,2026-08-15 12:28:42
2898,842,3,日用百货商品_2898,这是一个测试商品，编号2898，属于日用百货分类。,150.0,3,/uploads/product/cover_11.jpg,ON_SALE,"MEETUP,EXPRESS",2026-08-12 18:28:42,2026-08-14 10:01:42
2899,744,3,日用百货商品_2899,这是一个测试商品，编号2899，属于日用百货分类。,100.0,4,/uploads/product/cover_3.jpg,ON_SALE,MEETUP,2026-08-09 09:00:42,2026-08-15 20:13:42
2900,928,8,美妆护肤商品_2900,这是一个测试商品，编号2900，属于美妆护肤分类。,80.0,1,/uploads/product/cover_12.jpg,ON_SALE,"MEETUP,EXPRESS",2026-08-08 12:05:42,2026-08-16 17:17:42
2901,67,11,图书小说商品_2901,这是一个测试商品，编号2901，属于图书小说分类。,1.0,4,/uploads/product/cover_18.jpg,ON_SALE,"MEETUP,EXPRESS",2026-08-15 22:57:42,2026-08-14 11:09:42
2902,992,12,乐器音响商品_2902,这是一个测试商品，编号2902，属于乐器音响分类。,15.0,2,/uploads/product/cover_6.jpg,ON_SALE,MEETUP,2026-08-10 19:00:42,2026-08-13 10:18:42
2903,455,8,美妆护肤商品_2903,这是一个测试商品，编号2903，属于美妆护肤分类。,200.0,5,/uploads/product/cover_15.jpg,ON_SALE,"MEETUP,EXPRESS",2026-08-03 04:14:42,2026-08-13 09:37:42
2904,168,7,文具办公商品_2904,这是一个测试商品，编号2904，属于文具办公分类。,60.0,2,/uploads/product/cover_2.jpg,ON_SALE,MEETUP,2026-08-16 04:22:42,2026-08-15 19:53:42
2905,750,12,乐器音响商品_2905,这是一个测试商品，编号2905，属于乐器音响分类。,15.0,1,/uploads/product/cover_4.jpg,ON_SALE,"MEETUP,EXPRESS",2026-08-07 09:22:42,2026-08-16 07:30:42
2906,621,3,日用百货商品_2906,这是一个测试商品，编号2906，属于日用百货分类。,200.0,1,/uploads/product/cover_4.jpg,ON_SALE,EXPRESS,2026-07-31 03:36:42,2026-08-11 22:54:42
2907,27,5,服装鞋帽商品_2907,这是一个测试商品，编号2907，属于服装鞋帽分类。,150.0,5,/uploads/product/cover_3.jpg,ON_SALE,"MEETUP,EXPRESS",2026-08-15 04:45:42,2026-08-14 20:51:42
2908,750,15,手工艺品商品_2908,这是一个测试商品，编号2908，属于手工艺品分类。,200.0,5,/uploads/product/cover_6.jpg,ON_SALE,"MEETUP,EXPRESS",2026-08-07 00:17:42,2026-08-15 18:10:42
2909,981,5,服装鞋帽商品_2909,这是一个测试商品，编号2909，属于服装鞋帽分类。,8.0,1,/uploads/product/cover_9.jpg,ON_SALE,"MEETUP,EXPRESS",2026-08-12 16:52:42,2026-08-13 17:13:42
2910,868,11,图书小说商品_2910,这是一个测试商品，编号2910，属于图书小说分类。,150.0,2,/uploads/product/cover_3.jpg,ON_SALE,"MEETUP,EXPRESS",2026-08-05 07:05:42,2026-08-16 12:50:42
2911,374,9,游戏动漫商品_2911,这是一个测试商品，编号2911，属于游戏动漫分类。,60.0,4,/uploads/product/cover_18.jpg,ON_SALE,MEETUP,2026-08-15 06:29:42,2026-08-16 05:27:42
2912,990,11,图书小说商品_2912,这是一个测试商品，编号2912，属于图书小说分类。,2.0,1,/uploads/product/cover_9.jpg,ON_SALE,"MEETUP,EXPRESS",2026-08-08 02:41:42,2026-08-14 16:34:42
2913,413,10,家居家电商品_2913,这是一个测试商品，编号2913，属于家居家电分类。,5.0,3,/uploads/product/cover_4.jpg,ON_SALE,MEETUP,2026-08-12 04:25:42,2026-08-15 21:46:42
2914,67,13,交通工具商品_2914,这是一个测试商品，编号2914，属于交通工具分类。,1.0,2,/uploads/product/cover_18.jpg,ON_SALE,MEETUP,2026-08-13 15:34:42,2026-08-16 15:50:42
2915,929,3,日用百货商品_2915,这是一个测试商品，编号2915，属于日用百货分类。,8.0,4,/uploads/product/cover_4.jpg,ON_SALE,MEETUP,2026-08-10 07:16:42,2026-08-15 10:48:42
2916,37,2,电子数码商品_2916,这是一个测试商品，编号2916，属于电子数码分类。,3.0,4,/uploads/product/cover_11.jpg,ON_SALE,"MEETUP,EXPRESS",2026-08-07 20:00:42,2026-08-13 13:35:42
2917,357,2,电子数码商品_2917,这是一个测试商品，编号2917，属于电子数码分类。,80.0,1,/uploads/product/cover_16.jpg,ON_SALE,"MEETUP,EXPRESS",2026-08-01 16:44:42,2026-08-15 18:27:42
2918,149,12,乐器音响商品_2918,这是一个测试商品，编号2918，属于乐器音响分类。,1.0,1,/uploads/product/cover_18.jpg,ON_SALE,EXPRESS,2026-08-07 08:03:42,2026-08-15 08:56:42
2919,21,9,游戏动漫商品_2919,这是一个测试商品，编号2919，属于游戏动漫分类。,120.0,4,/uploads/product/cover_2.jpg,ON_SALE,EXPRESS,2026-07-28 05:12:42,2026-08-12 14:35:42
2920,785,14,宠物用品商品_2920,这是一个测试商品，编号2920，属于宠物用品分类。,100.0,2,/uploads/product/cover_14.jpg,ON_SALE,"MEETUP,EXPRESS",2026-08-12 21:55:42,2026-08-11 19:14:42
2921,628,13,交通工具商品_2921,这是一个测试商品，编号2921，属于交通工具分类。,100.0,1,/uploads/product/cover_19.jpg,ON_SALE,"MEETUP,EXPRESS",2026-08-08 17:54:42,2026-08-11 23:12:42
2922,518,3,日用百货商品_2922,这是一个测试商品，编号2922，属于日用百货分类。,20.0,5,/uploads/product/cover_15.jpg,ON_SALE,EXPRESS,2026-08-13 00:47:42,2026-08-15 02:22:42
2923,459,12,乐器音响商品_2923,这是一个测试商品，编号2923，属于乐器音响分类。,200.0,1,/uploads/product/cover_11.jpg,ON_SALE,EXPRESS,2026-07-29 10:16:42,2026-08-15 07:39:42
2924,652,5,服装鞋帽商品_2924,这是一个测试商品，编号2924，属于服装鞋帽分类。,80.0,3,/uploads/product/cover_2.jpg,ON_SALE,"MEETUP,EXPRESS",2026-08-04 05:39:42,2026-08-15 03:40:42
2925,546,11,图书小说商品_2925,这是一个测试商品，编号2925，属于图书小说分类。,8.0,5,/uploads/product/cover_13.jpg,ON_SALE,MEETUP,2026-08-08 01:51:42,2026-08-16 17:34:42
2926,72,10,家居家电商品_2926,这是一个测试商品，编号2926，属于家居家电分类。,50.0,2,/uploads/product/cover_15.jpg,ON_SALE,"MEETUP,EXPRESS",2026-08-08 12:54:42,2026-08-13 03:25:42
2927,510,4,运动户外商品_2927,这是一个测试商品，编号2927，属于运动户外分类。,60.0,4,/uploads/product/cover_15.jpg,ON_SALE,MEETUP,2026-07-31 16:55:42,2026-08-13 18:23:42
2928,708,5,服装鞋帽商品_2928,这是一个测试商品，编号2928，属于服装鞋帽分类。,30.0,1,/uploads/product/cover_17.jpg,ON_SALE,EXPRESS,2026-08-08 22:33:42,2026-08-15 20:11:42
2929,882,4,运动户外商品_2929,这是一个测试商品，编号2929，属于运动户外分类。,100.0,1,/uploads/product/cover_12.jpg,ON_SALE,MEETUP,2026-07-29 13:52:42,2026-08-12 13:13:42
2930,255,7,文具办公商品_2930,这是一个测试商品，编号2930，属于文具办公分类。,8.0,1,/uploads/product/cover_13.jpg,ON_SALE,EXPRESS,2026-08-11 18:50:42,2026-08-13 14:18:42
2931,832,12,乐器音响商品_2931,这是一个测试商品，编号2931，属于乐器音响分类。,1.0,1,/uploads/product/cover_5.jpg,ON_SALE,MEETUP,2026-08-04 16:59:42,2026-08-12 05:18:42
2932,434,2,电子数码商品_2932,这是一个测试商品，编号2932，属于电子数码分类。,20.0,1,/uploads/product/cover_18.jpg,ON_SALE,MEETUP,2026-08-15 21:40:42,2026-08-12 18:08:42
2933,582,11,图书小说商品_2933,这是一个测试商品，编号2933，属于图书小说分类。,50.0,4,/uploads/product/cover_13.jpg,ON_SALE,MEETUP,2026-08-10 05:54:42,2026-08-12 05:41:42
2934,910,4,运动户外商品_2934,这是一个测试商品，编号2934，属于运动户外分类。,80.0,5,/uploads/product/cover_20.jpg,ON_SALE,EXPRESS,2026-08-05 17:30:42,2026-08-12 20:30:42
2935,659,7,文具办公商品_2935,这是一个测试商品，编号2935，属于文具办公分类。,25.0,1,/uploads/product/cover_11.jpg,ON_SALE,MEETUP,2026-08-16 02:14:42,2026-08-15 22:53:42
2936,348,11,图书小说商品_2936,这是一个测试商品，编号2936，属于图书小说分类。,10.0,5,/uploads/product/cover_2.jpg,ON_SALE,EXPRESS,2026-08-10 17:29:42,2026-08-12 13:32:42
2937,50,14,宠物用品商品_2937,这是一个测试商品，编号2937，属于宠物用品分类。,60.0,1,/uploads/product/cover_12.jpg,ON_SALE,MEETUP,2026-08-03 09:36:42,2026-08-16 00:19:42
2938,767,13,交通工具商品_2938,这是一个测试商品，编号2938，属于交通工具分类。,200.0,1,/uploads/product/cover_5.jpg,ON_SALE,MEETUP,2026-08-10 05:51:42,2026-08-13 17:32:42
2939,14,10,家居家电商品_2939,这是一个测试商品，编号2939，属于家居家电分类。,50.0,5,/uploads/product/cover_20.jpg,ON_SALE,"MEETUP,EXPRESS",2026-08-02 06:50:42,2026-08-12 15:07:42
2940,646,2,电子数码商品_2940,这是一个测试商品，编号2940，属于电子数码分类。,60.0,3,/uploads/product/cover_20.jpg,ON_SALE,EXPRESS,2026-08-10 05:24:42,2026-08-12 10:16:42
2941,15,3,日用百货商品_2941,这是一个测试商品，编号2941，属于日用百货分类。,100.0,1,/uploads/product/cover_15.jpg,ON_SALE,MEETUP,2026-08-08 00:02:42,2026-08-16 15:06:42
2942,490,8,美妆护肤商品_2942,这是一个测试商品，编号2942，属于美妆护肤分类。,8.0,3,/uploads/product/cover_12.jpg,ON_SALE,"MEETUP,EXPRESS",2026-08-15 10:43:42,2026-08-13 08:14:42
2943,892,12,乐器音响商品_2943,这是一个测试商品，编号2943，属于乐器音响分类。,80.0,1,/uploads/product/cover_11.jpg,ON_SALE,MEETUP,2026-08-04 22:13:42,2026-08-15 13:16:42
2944,330,12,乐器音响商品_2944,这是一个测试商品，编号2944，属于乐器音响分类。,10.0,5,/uploads/product/cover_8.jpg,ON_SALE,EXPRESS,2026-08-04 16:57:42,2026-08-15 00:52:42
2945,219,8,美妆护肤商品_2945,这是一个测试商品，编号2945，属于美妆护肤分类。,8.0,3,/uploads/product/cover_18.jpg,ON_SALE,MEETUP,2026-08-02 06:59:42,2026-08-13 03:32:42
2946,874,13,交通工具商品_2946,这是一个测试商品，编号2946，属于交通工具分类。,80.0,3,/uploads/product/cover_3.jpg,ON_SALE,MEETUP,2026-08-09 10:13:42,2026-08-13 09:43:42
2947,613,8,美妆护肤商品_2947,这是一个测试商品，编号2947，属于美妆护肤分类。,30.0,1,/uploads/product/cover_17.jpg,ON_SALE,"MEETUP,EXPRESS",2026-08-11 17:26:42,2026-08-12 17:07:42
2948,847,4,运动户外商品_2948,这是一个测试商品，编号2948，属于运动户外分类。,5.0,4,/uploads/product/cover_18.jpg,ON_SALE,"MEETUP,EXPRESS",2026-08-16 15:55:42,2026-08-14 22:46:42
2949,822,9,游戏动漫商品_2949,这是一个测试商品，编号2949，属于游戏动漫分类。,5.0,2,/uploads/product/cover_8.jpg,ON_SALE,MEETUP,2026-08-13 06:55:42,2026-08-11 21:16:42
2950,26,6,零食饮料商品_2950,这是一个测试商品，编号2950，属于零食饮料分类。,12.0,4,/uploads/product/cover_17.jpg,ON_SALE,EXPRESS,2026-08-05 14:59:42,2026-08-13 06:50:42
2951,577,8,美妆护肤商品_2951,这是一个测试商品，编号2951，属于美妆护肤分类。,5.0,4,/uploads/product/cover_9.jpg,ON_SALE,MEETUP,2026-08-07 23:52:42,2026-08-14 11:05:42
2952,605,12,乐器音响商品_2952,这是一个测试商品，编号2952，属于乐器音响分类。,200.0,4,/uploads/product/cover_3.jpg,ON_SALE,MEETUP,2026-08-12 14:11:42,2026-08-15 04:11:42
2953,861,3,日用百货商品_2953,这是一个测试商品，编号2953，属于日用百货分类。,12.0,4,/uploads/product/cover_4.jpg,ON_SALE,"MEETUP,EXPRESS",2026-08-06 10:06:42,2026-08-16 13:09:42
2954,391,12,乐器音响商品_2954,这是一个测试商品，编号2954，属于乐器音响分类。,5.0,2,/uploads/product/cover_17.jpg,ON_SALE,EXPRESS,2026-08-07 05:33:42,2026-08-14 00:46:42
2955,925,12,乐器音响商品_2955,这是一个测试商品，编号2955，属于乐器音响分类。,15.0,5,/uploads/product/cover_19.jpg,ON_SALE,MEETUP,2026-08-04 01:23:42,2026-08-13 10:00:42
2956,640,14,宠物用品商品_2956,这是一个测试商品，编号2956，属于宠物用品分类。,80.0,2,/uploads/product/cover_19.jpg,ON_SALE,MEETUP,2026-08-08 07:43:42,2026-08-12 16:21:42
2957,44,4,运动户外商品_2957,这是一个测试商品，编号2957，属于运动户外分类。,50.0,5,/uploads/product/cover_10.jpg,ON_SALE,EXPRESS,2026-08-02 05:50:42,2026-08-14 09:39:42
2958,230,11,图书小说商品_2958,这是一个测试商品，编号2958，属于图书小说分类。,100.0,4,/uploads/product/cover_8.jpg,ON_SALE,MEETUP,2026-08-14 23:01:42,2026-08-16 02:34:42
2959,449,4,运动户外商品_2959,这是一个测试商品，编号2959，属于运动户外分类。,1.0,4,/uploads/product/cover_20.jpg,ON_SALE,MEETUP,2026-08-02 06:07:42,2026-08-15 15:22:42
2960,733,11,图书小说商品_2960,这是一个测试商品，编号2960，属于图书小说分类。,80.0,3,/uploads/product/cover_6.jpg,ON_SALE,EXPRESS,2026-07-29 18:55:42,2026-08-15 08:56:42
2961,608,11,图书小说商品_2961,这是一个测试商品，编号2961，属于图书小说分类。,50.0,4,/uploads/product/cover_18.jpg,ON_SALE,MEETUP,2026-08-11 12:37:42,2026-08-12 19:13:42
2962,81,2,电子数码商品_2962,这是一个测试商品，编号2962，属于电子数码分类。,1.0,2,/uploads/product/cover_4.jpg,ON_SALE,MEETUP,2026-08-01 06:08:42,2026-08-16 01:56:42
2963,624,1,教材教辅商品_2963,这是一个测试商品，编号2963，属于教材教辅分类。,8.0,1,/uploads/product/cover_1.jpg,ON_SALE,MEETUP,2026-08-03 08:23:42,2026-08-12 04:23:42
2964,694,12,乐器音响商品_2964,这是一个测试商品，编号2964，属于乐器音响分类。,50.0,3,/uploads/product/cover_5.jpg,ON_SALE,EXPRESS,2026-08-05 05:32:42,2026-08-12 14:07:42
2965,591,9,游戏动漫商品_2965,这是一个测试商品，编号2965，属于游戏动漫分类。,80.0,3,/uploads/product/cover_9.jpg,ON_SALE,EXPRESS,2026-08-14 22:13:42,2026-08-13 19:37:42
2966,642,1,教材教辅商品_2966,这是一个测试商品，编号2966，属于教材教辅分类。,1.0,2,/uploads/product/cover_19.jpg,ON_SALE,EXPRESS,2026-08-04 12:22:42,2026-08-14 19:39:42
2967,387,10,家居家电商品_2967,这是一个测试商品，编号2967，属于家居家电分类。,3.0,1,/uploads/product/cover_17.jpg,ON_SALE,"MEETUP,EXPRESS",2026-08-08 09:17:42,2026-08-12 06:53:42
2968,141,13,交通工具商品_2968,这是一个测试商品，编号2968，属于交通工具分类。,3.0,3,/uploads/product/cover_8.jpg,ON_SALE,"MEETUP,EXPRESS",2026-07-29 19:58:42,2026-08-15 16:33:42
2969,679,1,教材教辅商品_2969,这是一个测试商品，编号2969，属于教材教辅分类。,80.0,4,/uploads/product/cover_1.jpg,ON_SALE,MEETUP,2026-07-28 15:16:42,2026-08-16 09:10:42
2970,540,9,游戏动漫商品_2970,这是一个测试商品，编号2970，属于游戏动漫分类。,25.0,4,/uploads/product/cover_1.jpg,ON_SALE,"MEETUP,EXPRESS",2026-08-05 17:23:42,2026-08-15 10:56:42
2971,284,2,电子数码商品_2971,这是一个测试商品，编号2971，属于电子数码分类。,1.0,2,/uploads/product/cover_20.jpg,ON_SALE,EXPRESS,2026-08-11 23:14:42,2026-08-14 07:38:42
2972,772,9,游戏动漫商品_2972,这是一个测试商品，编号2972，属于游戏动漫分类。,15.0,2,/uploads/product/cover_7.jpg,ON_SALE,MEETUP,2026-07-30 02:49:42,2026-08-13 22:24:42
2973,771,3,日用百货商品_2973,这是一个测试商品，编号2973，属于日用百货分类。,200.0,3,/uploads/product/cover_1.jpg,ON_SALE,MEETUP,2026-08-07 11:22:42,2026-08-15 17:03:42
2974,205,14,宠物用品商品_2974,这是一个测试商品，编号2974，属于宠物用品分类。,2.0,1,/uploads/product/cover_2.jpg,ON_SALE,MEETUP,2026-07-31 05:27:42,2026-08-13 08:34:42
2975,1,13,交通工具商品_2975,这是一个测试商品，编号2975，属于交通工具分类。,10.0,3,/uploads/product/cover_7.jpg,ON_SALE,EXPRESS,2026-08-06 03:05:42,2026-08-12 20:52:42
2976,668,7,文具办公商品_2976,这是一个测试商品，编号2976，属于文具办公分类。,100.0,4,/uploads/product/cover_7.jpg,ON_SALE,"MEETUP,EXPRESS",2026-08-04 16:38:42,2026-08-15 10:25:42
2977,288,6,零食饮料商品_2977,这是一个测试商品，编号2977，属于零食饮料分类。,15.0,1,/uploads/product/cover_14.jpg,ON_SALE,EXPRESS,2026-08-09 14:16:42,2026-08-14 05:29:42
2978,726,11,图书小说商品_2978,这是一个测试商品，编号2978，属于图书小说分类。,15.0,3,/uploads/product/cover_17.jpg,ON_SALE,EXPRESS,2026-08-10 20:39:42,2026-08-15 05:36:42
2979,559,2,电子数码商品_2979,这是一个测试商品，编号2979，属于电子数码分类。,1.0,4,/uploads/product/cover_17.jpg,ON_SALE,"MEETUP,EXPRESS",2026-08-01 21:32:42,2026-08-13 03:43:42
2980,62,2,电子数码商品_2980,这是一个测试商品，编号2980，属于电子数码分类。,3.0,3,/uploads/product/cover_13.jpg,ON_SALE,"MEETUP,EXPRESS",2026-08-14 03:13:42,2026-08-14 16:17:42
2981,387,1,教材教辅商品_2981,这是一个测试商品，编号2981，属于教材教辅分类。,200.0,1,/uploads/product/cover_2.jpg,ON_SALE,EXPRESS,2026-07-29 14:35:42,2026-08-12 21:23:42
2982,810,15,手工艺品商品_2982,这是一个测试商品，编号2982，属于手工艺品分类。,80.0,3,/uploads/product/cover_20.jpg,ON_SALE,EXPRESS,2026-08-03 14:27:42,2026-08-12 11:15:42
2983,827,8,美妆护肤商品_2983,这是一个测试商品，编号2983，属于美妆护肤分类。,120.0,4,/uploads/product/cover_16.jpg,ON_SALE,MEETUP,2026-08-06 10:55:42,2026-08-15 11:36:42
2984,962,13,交通工具商品_2984,这是一个测试商品，编号2984，属于交通工具分类。,25.0,1,/uploads/product/cover_10.jpg,ON_SALE,MEETUP,2026-08-13 12:27:42,2026-08-13 20:59:42
2985,7,9,游戏动漫商品_2985,这是一个测试商品，编号2985，属于游戏动漫分类。,30.0,2,/uploads/product/cover_14.jpg,ON_SALE,MEETUP,2026-08-03 08:44:42,2026-08-12 10:57:42
2986,684,8,美妆护肤商品_2986,这是一个测试商品，编号2986，属于美妆护肤分类。,3.0,3,/uploads/product/cover_13.jpg,ON_SALE,"MEETUP,EXPRESS",2026-08-02 07:07:42,2026-08-14 08:12:42
2987,845,1,教材教辅商品_2987,这是一个测试商品，编号2987，属于教材教辅分类。,150.0,2,/uploads/product/cover_10.jpg,ON_SALE,EXPRESS,2026-07-31 00:40:42,2026-08-12 04:32:42
2988,636,6,零食饮料商品_2988,这是一个测试商品，编号2988，属于零食饮料分类。,2.0,2,/uploads/product/cover_13.jpg,ON_SALE,EXPRESS,2026-08-06 22:45:42,2026-08-14 21:52:42
2989,877,8,美妆护肤商品_2989,这是一个测试商品，编号2989，属于美妆护肤分类。,150.0,1,/uploads/product/cover_11.jpg,ON_SALE,MEETUP,2026-08-08 03:00:42,2026-08-13 07:23:42
2990,898,10,家居家电商品_2990,这是一个测试商品，编号2990，属于家居家电分类。,80.0,1,/uploads/product/cover_3.jpg,ON_SALE,EXPRESS,2026-08-02 06:06:42,2026-08-12 13:02:42
2991,457,5,服装鞋帽商品_2991,这是一个测试商品，编号2991，属于服装鞋帽分类。,10.0,2,/uploads/product/cover_17.jpg,ON_SALE,EXPRESS,2026-08-05 19:46:42,2026-08-12 04:51:42
2992,872,13,交通工具商品_2992,这是一个测试商品，编号2992，属于交通工具分类。,2.0,5,/uploads/product/cover_8.jpg,ON_SALE,MEETUP,2026-08-08 11:54:42,2026-08-15 00:16:42
2993,706,15,手工艺品商品_2993,这是一个测试商品，编号2993，属于手工艺品分类。,12.0,2,/uploads/product/cover_18.jpg,ON_SALE,MEETUP,2026-08-07 10:00:42,2026-08-15 10:52:42
2994,160,14,宠物用品商品_2994,这是一个测试商品，编号2994，属于宠物用品分类。,150.0,5,/uploads/product/cover_1.jpg,ON_SALE,MEETUP,2026-08-03 02:22:42,2026-08-12 20:09:42
2995,912,11,图书小说商品_2995,这是一个测试商品，编号2995，属于图书小说分类。,120.0,5,/uploads/product/cover_2.jpg,ON_SALE,EXPRESS,2026-08-02 06:43:42,2026-08-13 21:44:42
2996,500,5,服装鞋帽商品_2996,这是一个测试商品，编号2996，属于服装鞋帽分类。,50.0,4,/uploads/product/cover_15.jpg,ON_SALE,"MEETUP,EXPRESS",2026-08-13 07:27:42,2026-08-12 04:43:42
2997,492,2,电子数码商品_2997,这是一个测试商品，编号2997，属于电子数码分类。,120.0,3,/uploads/product/cover_14.jpg,ON_SALE,"MEETUP,EXPRESS",2026-08-04 13:51:42,2026-08-13 12:31:42
2998,955,14,宠物用品商品_2998,这是一个测试商品，编号2998，属于宠物用品分类。,25.0,1,/uploads/product/cover_8.jpg,ON_SALE,EXPRESS,2026-07-30 19:24:42,2026-08-15 16:37:42
2999,21,15,手工艺品商品_2999,这是一个测试商品，编号2999，属于手工艺品分类。,80.0,1,/uploads/product/cover_19.jpg,ON_SALE,EXPRESS,2026-08-13 06:28:42,2026-08-12 20:48:42
3000,435,5,服装鞋帽商品_3000,这是一个测试商品，编号3000，属于服装鞋帽分类。,50.0,4,/uploads/product/cover_20.jpg,ON_SALE,EXPRESS,2026-07-30 02:09:42,2026-08-11 22:09:42
3001,442,15,手工艺品商品_3001,这是一个测试商品，编号3001，属于手工艺品分类。,25.0,4,/uploads/product/cover_6.jpg,ON_SALE,EXPRESS,2026-08-14 02:47:42,2026-08-15 09:26:42
3002,584,3,日用百货商品_3002,这是一个测试商品，编号3002，属于日用百货分类。,50.0,3,/uploads/product/cover_16.jpg,ON_SALE,MEETUP,2026-07-30 05:27:42,2026-08-15 21:26:42
3003,105,14,宠物用品商品_3003,这是一个测试商品，编号3003，属于宠物用品分类。,3.0,4,/uploads/product/cover_3.jpg,ON_SALE,EXPRESS,2026-08-08 02:13:42,2026-08-12 07:26:42
3004,625,6,零食饮料商品_3004,这是一个测试商品，编号3004，属于零食饮料分类。,30.0,4,/uploads/product/cover_18.jpg,ON_SALE,MEETUP,2026-08-11 12:35:42,2026-08-14 23:23:42
3005,57,13,交通工具商品_3005,这是一个测试商品，编号3005，属于交通工具分类。,5.0,5,/uploads/product/cover_7.jpg,ON_SALE,MEETUP,2026-08-14 11:06:42,2026-08-13 11:39:42
3006,350,3,日用百货商品_3006,这是一个测试商品，编号3006，属于日用百货分类。,150.0,3,/uploads/product/cover_16.jpg,ON_SALE,"MEETUP,EXPRESS",2026-08-14 06:59:42,2026-08-14 02:44:42
3007,879,2,电子数码商品_3007,这是一个测试商品，编号3007，属于电子数码分类。,50.0,5,/uploads/product/cover_4.jpg,ON_SALE,EXPRESS,2026-08-06 16:27:42,2026-08-15 23:55:42
3008,462,7,文具办公商品_3008,这是一个测试商品，编号3008，属于文具办公分类。,5.0,4,/uploads/product/cover_16.jpg,ON_SALE,EXPRESS,2026-08-02 21:17:42,2026-08-15 15:42:42
3009,100,15,手工艺品商品_3009,这是一个测试商品，编号3009，属于手工艺品分类。,3.0,3,/uploads/product/cover_11.jpg,ON_SALE,"MEETUP,EXPRESS",2026-07-30 12:43:42,2026-08-13 09:45:42
3010,358,1,教材教辅商品_3010,这是一个测试商品，编号3010，属于教材教辅分类。,1.0,2,/uploads/product/cover_12.jpg,ON_SALE,"MEETUP,EXPRESS",2026-08-08 19:57:42,2026-08-14 19:50:42
3011,34,3,日用百货商品_3011,这是一个测试商品，编号3011，属于日用百货分类。,20.0,3,/uploads/product/cover_10.jpg,ON_SALE,EXPRESS,2026-08-04 04:35:42,2026-08-12 16:37:42
3012,594,14,宠物用品商品_3012,这是一个测试商品，编号3012，属于宠物用品分类。,2.0,5,/uploads/product/cover_15.jpg,ON_SALE,MEETUP,2026-08-15 11:49:42,2026-08-13 18:32:42
3013,439,11,图书小说商品_3013,这是一个测试商品，编号3013，属于图书小说分类。,120.0,2,/uploads/product/cover_12.jpg,ON_SALE,EXPRESS,2026-08-10 13:53:42,2026-08-16 10:04:42
3014,945,6,零食饮料商品_3014,这是一个测试商品，编号3014，属于零食饮料分类。,80.0,3,/uploads/product/cover_12.jpg,ON_SALE,MEETUP,2026-08-10 06:00:42,2026-08-12 23:23:42
3015,528,7,文具办公商品_3015,这是一个测试商品，编号3015，属于文具办公分类。,100.0,5,/uploads/product/cover_14.jpg,ON_SALE,"MEETUP,EXPRESS",2026-08-02 22:01:42,2026-08-13 21:36:42
3016,737,15,手工艺品商品_3016,这是一个测试商品，编号3016，属于手工艺品分类。,200.0,5,/uploads/product/cover_17.jpg,ON_SALE,"MEETUP,EXPRESS",2026-08-15 21:30:42,2026-08-15 14:05:42
3017,423,13,交通工具商品_3017,这是一个测试商品，编号3017，属于交通工具分类。,12.0,2,/uploads/product/cover_19.jpg,ON_SALE,"MEETUP,EXPRESS",2026-08-16 06:03:42,2026-08-16 10:47:42
3018,889,3,日用百货商品_3018,这是一个测试商品，编号3018，属于日用百货分类。,200.0,5,/uploads/product/cover_20.jpg,ON_SALE,"MEETUP,EXPRESS",2026-08-14 16:16:42,2026-08-15 10:27:42
3019,269,11,图书小说商品_3019,这是一个测试商品，编号3019，属于图书小说分类。,80.0,3,/uploads/product/cover_2.jpg,ON_SALE,MEETUP,2026-07-27 21:25:42,2026-08-12 13:52:42
3020,590,9,游戏动漫商品_3020,这是一个测试商品，编号3020，属于游戏动漫分类。,80.0,4,/uploads/product/cover_5.jpg,ON_SALE,"MEETUP,EXPRESS",2026-08-13 13:56:42,2026-08-16 12:23:42
3021,155,4,运动户外商品_3021,这是一个测试商品，编号3021，属于运动户外分类。,60.0,5,/uploads/product/cover_20.jpg,ON_SALE,"MEETUP,EXPRESS",2026-08-13 06:59:42,2026-08-15 21:06:42
3022,694,10,家居家电商品_3022,这是一个测试商品，编号3022，属于家居家电分类。,2.0,3,/uploads/product/cover_10.jpg,ON_SALE,MEETUP,2026-08-03 16:28:42,2026-08-12 17:09:42
3023,644,9,游戏动漫商品_3023,这是一个测试商品，编号3023，属于游戏动漫分类。,3.0,1,/uploads/product/cover_8.jpg,ON_SALE,"MEETUP,EXPRESS",2026-08-06 19:01:42,2026-08-16 18:00:42
3024,996,11,图书小说商品_3024,这是一个测试商品，编号3024，属于图书小说分类。,1.0,3,/uploads/product/cover_14.jpg,ON_SALE,EXPRESS,2026-08-16 16:04:42,2026-08-15 15:03:42
3025,891,4,运动户外商品_3025,这是一个测试商品，编号3025，属于运动户外分类。,150.0,2,/uploads/product/cover_14.jpg,ON_SALE,"MEETUP,EXPRESS",2026-08-05 03:39:42,2026-08-15 13:49:42
3026,754,2,电子数码商品_3026,这是一个测试商品，编号3026，属于电子数码分类。,20.0,3,/uploads/product/cover_9.jpg,ON_SALE,EXPRESS,2026-08-05 23:15:42,2026-08-12 14:19:42
3027,84,10,家居家电商品_3027,这是一个测试商品，编号3027，属于家居家电分类。,25.0,1,/uploads/product/cover_20.jpg,ON_SALE,MEETUP,2026-07-27 21:52:42,2026-08-12 16:40:42
3028,389,2,电子数码商品_3028,这是一个测试商品，编号3028，属于电子数码分类。,200.0,4,/uploads/product/cover_14.jpg,ON_SALE,MEETUP,2026-07-29 14:54:42,2026-08-14 00:36:42
3029,556,13,交通工具商品_3029,这是一个测试商品，编号3029，属于交通工具分类。,80.0,4,/uploads/product/cover_1.jpg,ON_SALE,EXPRESS,2026-08-16 16:29:42,2026-08-12 18:49:42
3030,775,6,零食饮料商品_3030,这是一个测试商品，编号3030，属于零食饮料分类。,15.0,2,/uploads/product/cover_14.jpg,ON_SALE,"MEETUP,EXPRESS",2026-07-28 06:37:42,2026-08-14 23:36:42
3031,373,11,图书小说商品_3031,这是一个测试商品，编号3031，属于图书小说分类。,80.0,3,/uploads/product/cover_20.jpg,ON_SALE,MEETUP,2026-08-10 14:52:42,2026-08-16 00:29:42
3032,35,6,零食饮料商品_3032,这是一个测试商品，编号3032，属于零食饮料分类。,20.0,2,/uploads/product/cover_11.jpg,ON_SALE,"MEETUP,EXPRESS",2026-08-16 07:41:42,2026-08-15 07:28:42
3033,763,15,手工艺品商品_3033,这是一个测试商品，编号3033，属于手工艺品分类。,50.0,3,/uploads/product/cover_18.jpg,ON_SALE,EXPRESS,2026-07-29 22:11:42,2026-08-12 18:00:42
3034,819,10,家居家电商品_3034,这是一个测试商品，编号3034，属于家居家电分类。,200.0,4,/uploads/product/cover_2.jpg,ON_SALE,MEETUP,2026-08-03 10:20:42,2026-08-14 08:33:42
3035,100,10,家居家电商品_3035,这是一个测试商品，编号3035，属于家居家电分类。,3.0,2,/uploads/product/cover_6.jpg,ON_SALE,EXPRESS,2026-08-07 17:02:42,2026-08-13 21:58:42
3036,462,2,电子数码商品_3036,这是一个测试商品，编号3036，属于电子数码分类。,200.0,1,/uploads/product/cover_19.jpg,ON_SALE,"MEETUP,EXPRESS",2026-08-05 12:19:42,2026-08-15 22:55:42
3037,241,11,图书小说商品_3037,这是一个测试商品，编号3037，属于图书小说分类。,60.0,5,/uploads/product/cover_3.jpg,ON_SALE,EXPRESS,2026-08-04 06:24:42,2026-08-12 21:54:42
3038,640,3,日用百货商品_3038,这是一个测试商品，编号3038，属于日用百货分类。,2.0,1,/uploads/product/cover_17.jpg,ON_SALE,MEETUP,2026-07-31 06:22:42,2026-08-16 10:11:42
3039,194,3,日用百货商品_3039,这是一个测试商品，编号3039，属于日用百货分类。,150.0,5,/uploads/product/cover_1.jpg,ON_SALE,"MEETUP,EXPRESS",2026-07-30 21:13:42,2026-08-12 00:46:42
3040,335,14,宠物用品商品_3040,这是一个测试商品，编号3040，属于宠物用品分类。,120.0,3,/uploads/product/cover_16.jpg,ON_SALE,EXPRESS,2026-08-09 23:10:42,2026-08-12 17:43:42
3041,490,4,运动户外商品_3041,这是一个测试商品，编号3041，属于运动户外分类。,5.0,4,/uploads/product/cover_16.jpg,ON_SALE,"MEETUP,EXPRESS",2026-08-14 14:52:42,2026-08-14 01:05:42
3042,569,10,家居家电商品_3042,这是一个测试商品，编号3042，属于家居家电分类。,8.0,3,/uploads/product/cover_17.jpg,ON_SALE,MEETUP,2026-08-09 20:52:42,2026-08-13 10:22:42
3043,470,2,电子数码商品_3043,这是一个测试商品，编号3043，属于电子数码分类。,120.0,2,/uploads/product/cover_9.jpg,ON_SALE,"MEETUP,EXPRESS",2026-07-29 07:11:42,2026-08-16 10:55:42
3044,328,12,乐器音响商品_3044,这是一个测试商品，编号3044，属于乐器音响分类。,10.0,1,/uploads/product/cover_18.jpg,ON_SALE,"MEETUP,EXPRESS",2026-08-08 20:01:42,2026-08-13 16:24:42
3045,900,1,教材教辅商品_3045,这是一个测试商品，编号3045，属于教材教辅分类。,10.0,1,/uploads/product/cover_9.jpg,ON_SALE,EXPRESS,2026-08-05 09:09:42,2026-08-15 19:01:42
3046,790,11,图书小说商品_3046,这是一个测试商品，编号3046，属于图书小说分类。,30.0,2,/uploads/product/cover_9.jpg,ON_SALE,EXPRESS,2026-08-13 18:00:42,2026-08-12 09:12:42
3047,334,6,零食饮料商品_3047,这是一个测试商品，编号3047，属于零食饮料分类。,50.0,3,/uploads/product/cover_8.jpg,ON_SALE,EXPRESS,2026-07-29 06:46:42,2026-08-14 07:28:42
3048,81,5,服装鞋帽商品_3048,这是一个测试商品，编号3048，属于服装鞋帽分类。,150.0,1,/uploads/product/cover_5.jpg,ON_SALE,EXPRESS,2026-07-29 01:27:42,2026-08-16 15:57:42
3049,861,10,家居家电商品_3049,这是一个测试商品，编号3049，属于家居家电分类。,10.0,2,/uploads/product/cover_5.jpg,ON_SALE,"MEETUP,EXPRESS",2026-08-06 14:18:42,2026-08-14 15:24:42
3050,826,2,电子数码商品_3050,这是一个测试商品，编号3050，属于电子数码分类。,8.0,1,/uploads/product/cover_4.jpg,ON_SALE,MEETUP,2026-07-31 11:45:42,2026-08-13 20:53:42
3051,614,12,乐器音响商品_3051,这是一个测试商品，编号3051，属于乐器音响分类。,3.0,3,/uploads/product/cover_5.jpg,ON_SALE,EXPRESS,2026-08-03 16:47:42,2026-08-16 06:03:42
3052,807,12,乐器音响商品_3052,这是一个测试商品，编号3052，属于乐器音响分类。,8.0,5,/uploads/product/cover_10.jpg,ON_SALE,EXPRESS,2026-08-13 20:01:42,2026-08-16 18:51:42
3053,66,12,乐器音响商品_3053,这是一个测试商品，编号3053，属于乐器音响分类。,50.0,2,/uploads/product/cover_8.jpg,ON_SALE,EXPRESS,2026-08-16 15:29:42,2026-08-13 00:03:42
3054,391,6,零食饮料商品_3054,这是一个测试商品，编号3054，属于零食饮料分类。,1.0,4,/uploads/product/cover_15.jpg,ON_SALE,"MEETUP,EXPRESS",2026-08-11 11:20:42,2026-08-15 06:23:42
3055,315,5,服装鞋帽商品_3055,这是一个测试商品，编号3055，属于服装鞋帽分类。,20.0,2,/uploads/product/cover_10.jpg,ON_SALE,MEETUP,2026-08-04 13:44:42,2026-08-12 18:08:42
3056,499,11,图书小说商品_3056,这是一个测试商品，编号3056，属于图书小说分类。,150.0,5,/uploads/product/cover_2.jpg,ON_SALE,MEETUP,2026-08-10 02:12:42,2026-08-11 22:55:42
3057,351,1,教材教辅商品_3057,这是一个测试商品，编号3057，属于教材教辅分类。,2.0,5,/uploads/product/cover_9.jpg,ON_SALE,"MEETUP,EXPRESS",2026-07-30 22:51:42,2026-08-13 01:41:42
3058,407,6,零食饮料商品_3058,这是一个测试商品，编号3058，属于零食饮料分类。,30.0,4,/uploads/product/cover_16.jpg,ON_SALE,"MEETUP,EXPRESS",2026-08-14 18:11:42,2026-08-12 03:44:42
3059,479,15,手工艺品商品_3059,这是一个测试商品，编号3059，属于手工艺品分类。,200.0,1,/uploads/product/cover_2.jpg,ON_SALE,MEETUP,2026-07-29 15:57:42,2026-08-13 19:26:42
3060,927,12,乐器音响商品_3060,这是一个测试商品，编号3060，属于乐器音响分类。,60.0,1,/uploads/product/cover_12.jpg,ON_SALE,MEETUP,2026-08-06 16:20:42,2026-08-14 00:33:42
3061,736,3,日用百货商品_3061,这是一个测试商品，编号3061，属于日用百货分类。,2.0,5,/uploads/product/cover_14.jpg,ON_SALE,MEETUP,2026-08-08 22:35:42,2026-08-15 14:49:42
3062,496,3,日用百货商品_3062,这是一个测试商品，编号3062，属于日用百货分类。,80.0,5,/uploads/product/cover_10.jpg,ON_SALE,"MEETUP,EXPRESS",2026-08-08 02:25:42,2026-08-15 00:21:42
3063,62,1,教材教辅商品_3063,这是一个测试商品，编号3063，属于教材教辅分类。,50.0,2,/uploads/product/cover_20.jpg,ON_SALE,"MEETUP,EXPRESS",2026-08-02 13:31:42,2026-08-14 15:14:42
3064,664,12,乐器音响商品_3064,这是一个测试商品，编号3064，属于乐器音响分类。,100.0,3,/uploads/product/cover_5.jpg,ON_SALE,"MEETUP,EXPRESS",2026-08-06 22:34:42,2026-08-13 02:07:42
3065,114,2,电子数码商品_3065,这是一个测试商品，编号3065，属于电子数码分类。,100.0,3,/uploads/product/cover_12.jpg,ON_SALE,MEETUP,2026-08-11 19:32:42,2026-08-15 17:42:42
3066,62,5,服装鞋帽商品_3066,这是一个测试商品，编号3066，属于服装鞋帽分类。,30.0,1,/uploads/product/cover_8.jpg,ON_SALE,"MEETUP,EXPRESS",2026-08-16 15:48:42,2026-08-15 16:37:42
3067,435,14,宠物用品商品_3067,这是一个测试商品，编号3067，属于宠物用品分类。,200.0,3,/uploads/product/cover_6.jpg,ON_SALE,"MEETUP,EXPRESS",2026-08-07 11:26:42,2026-08-13 02:12:42
3068,896,14,宠物用品商品_3068,这是一个测试商品，编号3068，属于宠物用品分类。,5.0,3,/uploads/product/cover_11.jpg,ON_SALE,EXPRESS,2026-07-28 14:08:42,2026-08-15 03:25:42
3069,25,7,文具办公商品_3069,这是一个测试商品，编号3069，属于文具办公分类。,30.0,1,/uploads/product/cover_10.jpg,ON_SALE,EXPRESS,2026-08-02 06:16:42,2026-08-12 23:18:42
3070,754,15,手工艺品商品_3070,这是一个测试商品，编号3070，属于手工艺品分类。,60.0,4,/uploads/product/cover_6.jpg,ON_SALE,MEETUP,2026-08-03 21:18:42,2026-08-12 22:06:42
3071,314,2,电子数码商品_3071,这是一个测试商品，编号3071，属于电子数码分类。,15.0,2,/uploads/product/cover_12.jpg,ON_SALE,"MEETUP,EXPRESS",2026-08-01 20:28:42,2026-08-13 23:16:42
3072,390,3,日用百货商品_3072,这是一个测试商品，编号3072，属于日用百货分类。,12.0,4,/uploads/product/cover_13.jpg,ON_SALE,"MEETUP,EXPRESS",2026-08-10 00:29:42,2026-08-12 18:53:42
3073,454,15,手工艺品商品_3073,这是一个测试商品，编号3073，属于手工艺品分类。,20.0,1,/uploads/product/cover_20.jpg,ON_SALE,MEETUP,2026-08-01 08:52:42,2026-08-13 22:44:42
3074,132,2,电子数码商品_3074,这是一个测试商品，编号3074，属于电子数码分类。,10.0,1,/uploads/product/cover_5.jpg,ON_SALE,MEETUP,2026-08-15 19:37:42,2026-08-15 14:11:42
3075,379,4,运动户外商品_3075,这是一个测试商品，编号3075，属于运动户外分类。,100.0,2,/uploads/product/cover_7.jpg,ON_SALE,EXPRESS,2026-08-14 09:41:42,2026-08-15 15:29:42
3076,917,7,文具办公商品_3076,这是一个测试商品，编号3076，属于文具办公分类。,15.0,4,/uploads/product/cover_20.jpg,ON_SALE,EXPRESS,2026-08-01 09:12:42,2026-08-14 05:18:42
3077,499,8,美妆护肤商品_3077,这是一个测试商品，编号3077，属于美妆护肤分类。,10.0,1,/uploads/product/cover_4.jpg,ON_SALE,EXPRESS,2026-07-30 20:18:42,2026-08-14 16:05:42
3078,113,6,零食饮料商品_3078,这是一个测试商品，编号3078，属于零食饮料分类。,20.0,4,/uploads/product/cover_18.jpg,ON_SALE,MEETUP,2026-08-12 11:18:42,2026-08-16 12:24:42
3079,121,11,图书小说商品_3079,这是一个测试商品，编号3079，属于图书小说分类。,1.0,3,/uploads/product/cover_17.jpg,ON_SALE,MEETUP,2026-08-16 13:30:42,2026-08-14 14:42:42
3080,413,12,乐器音响商品_3080,这是一个测试商品，编号3080，属于乐器音响分类。,50.0,3,/uploads/product/cover_11.jpg,ON_SALE,EXPRESS,2026-07-29 19:37:42,2026-08-12 19:18:42
3081,872,8,美妆护肤商品_3081,这是一个测试商品，编号3081，属于美妆护肤分类。,80.0,1,/uploads/product/cover_9.jpg,ON_SALE,MEETUP,2026-07-30 03:33:42,2026-08-16 02:13:42
3082,24,11,图书小说商品_3082,这是一个测试商品，编号3082，属于图书小说分类。,2.0,4,/uploads/product/cover_3.jpg,ON_SALE,"MEETUP,EXPRESS",2026-08-01 02:39:42,2026-08-14 10:52:42
3083,62,12,乐器音响商品_3083,这是一个测试商品，编号3083，属于乐器音响分类。,30.0,4,/uploads/product/cover_9.jpg,ON_SALE,EXPRESS,2026-07-28 10:45:42,2026-08-14 08:56:42
3084,237,10,家居家电商品_3084,这是一个测试商品，编号3084，属于家居家电分类。,12.0,2,/uploads/product/cover_13.jpg,ON_SALE,MEETUP,2026-08-03 17:37:42,2026-08-14 01:07:42
3085,407,2,电子数码商品_3085,这是一个测试商品，编号3085，属于电子数码分类。,12.0,1,/uploads/product/cover_18.jpg,ON_SALE,EXPRESS,2026-08-14 05:51:42,2026-08-12 13:08:42
3086,502,11,图书小说商品_3086,这是一个测试商品，编号3086，属于图书小说分类。,12.0,2,/uploads/product/cover_10.jpg,ON_SALE,MEETUP,2026-08-02 09:18:42,2026-08-13 04:22:42
3087,759,6,零食饮料商品_3087,这是一个测试商品，编号3087，属于零食饮料分类。,200.0,2,/uploads/product/cover_15.jpg,ON_SALE,"MEETUP,EXPRESS",2026-08-08 22:15:42,2026-08-15 22:22:42
3088,850,2,电子数码商品_3088,这是一个测试商品，编号3088，属于电子数码分类。,60.0,3,/uploads/product/cover_14.jpg,ON_SALE,MEETUP,2026-08-06 09:48:42,2026-08-15 08:38:42
3089,643,6,零食饮料商品_3089,这是一个测试商品，编号3089，属于零食饮料分类。,2.0,4,/uploads/product/cover_20.jpg,ON_SALE,MEETUP,2026-08-15 19:26:42,2026-08-11 19:52:42
3090,488,11,图书小说商品_3090,这是一个测试商品，编号3090，属于图书小说分类。,12.0,1,/uploads/product/cover_10.jpg,ON_SALE,EXPRESS,2026-08-05 08:42:42,2026-08-16 18:51:42
3091,497,2,电子数码商品_3091,这是一个测试商品，编号3091，属于电子数码分类。,80.0,3,/uploads/product/cover_4.jpg,ON_SALE,"MEETUP,EXPRESS",2026-08-01 13:33:42,2026-08-12 13:49:42
3092,654,10,家居家电商品_3092,这是一个测试商品，编号3092，属于家居家电分类。,50.0,5,/uploads/product/cover_12.jpg,ON_SALE,MEETUP,2026-08-01 20:47:42,2026-08-14 17:32:42
3093,375,13,交通工具商品_3093,这是一个测试商品，编号3093，属于交通工具分类。,1.0,2,/uploads/product/cover_11.jpg,ON_SALE,"MEETUP,EXPRESS",2026-08-01 03:37:42,2026-08-12 07:28:42
3094,329,15,手工艺品商品_3094,这是一个测试商品，编号3094，属于手工艺品分类。,30.0,4,/uploads/product/cover_10.jpg,ON_SALE,"MEETUP,EXPRESS",2026-08-08 12:27:42,2026-08-14 14:23:42
3095,763,13,交通工具商品_3095,这是一个测试商品，编号3095，属于交通工具分类。,30.0,2,/uploads/product/cover_1.jpg,ON_SALE,"MEETUP,EXPRESS",2026-08-12 17:38:42,2026-08-16 18:29:42
3096,300,1,教材教辅商品_3096,这是一个测试商品，编号3096，属于教材教辅分类。,3.0,4,/uploads/product/cover_6.jpg,ON_SALE,MEETUP,2026-08-06 13:10:42,2026-08-15 21:49:42
3097,742,9,游戏动漫商品_3097,这是一个测试商品，编号3097，属于游戏动漫分类。,150.0,4,/uploads/product/cover_14.jpg,ON_SALE,"MEETUP,EXPRESS",2026-07-28 05:27:42,2026-08-15 04:45:42
3098,383,1,教材教辅商品_3098,这是一个测试商品，编号3098，属于教材教辅分类。,10.0,5,/uploads/product/cover_8.jpg,ON_SALE,"MEETUP,EXPRESS",2026-08-12 19:19:42,2026-08-14 06:09:42
3099,860,13,交通工具商品_3099,这是一个测试商品，编号3099，属于交通工具分类。,80.0,2,/uploads/product/cover_2.jpg,ON_SALE,MEETUP,2026-08-16 05:09:42,2026-08-14 17:30:42
3100,916,15,手工艺品商品_3100,这是一个测试商品，编号3100，属于手工艺品分类。,3.0,1,/uploads/product/cover_11.jpg,ON_SALE,EXPRESS,2026-07-31 10:38:42,2026-08-14 14:42:42
3101,407,10,家居家电商品_3101,这是一个测试商品，编号3101，属于家居家电分类。,150.0,3,/uploads/product/cover_3.jpg,ON_SALE,"MEETUP,EXPRESS",2026-08-16 17:05:42,2026-08-15 17:21:42
3102,584,8,美妆护肤商品_3102,这是一个测试商品，编号3102，属于美妆护肤分类。,3.0,4,/uploads/product/cover_2.jpg,ON_SALE,MEETUP,2026-08-15 05:46:42,2026-08-15 13:49:42
3103,857,2,电子数码商品_3103,这是一个测试商品，编号3103，属于电子数码分类。,2.0,4,/uploads/product/cover_11.jpg,ON_SALE,"MEETUP,EXPRESS",2026-07-28 06:25:42,2026-08-12 12:59:42
3104,591,1,教材教辅商品_3104,这是一个测试商品，编号3104，属于教材教辅分类。,8.0,3,/uploads/product/cover_17.jpg,ON_SALE,MEETUP,2026-08-05 11:50:42,2026-08-13 21:05:42
3105,217,15,手工艺品商品_3105,这是一个测试商品，编号3105，属于手工艺品分类。,150.0,2,/uploads/product/cover_6.jpg,ON_SALE,"MEETUP,EXPRESS",2026-08-01 16:58:42,2026-08-14 12:50:42
3106,809,15,手工艺品商品_3106,这是一个测试商品，编号3106，属于手工艺品分类。,10.0,4,/uploads/product/cover_15.jpg,ON_SALE,"MEETUP,EXPRESS",2026-08-11 14:20:42,2026-08-13 10:16:42
3107,954,15,手工艺品商品_3107,这是一个测试商品，编号3107，属于手工艺品分类。,1.0,5,/uploads/product/cover_19.jpg,ON_SALE,"MEETUP,EXPRESS",2026-08-04 02:56:42,2026-08-14 13:21:42
3108,746,1,教材教辅商品_3108,这是一个测试商品，编号3108，属于教材教辅分类。,3.0,1,/uploads/product/cover_16.jpg,ON_SALE,MEETUP,2026-07-31 21:00:42,2026-08-12 04:42:42
3109,928,13,交通工具商品_3109,这是一个测试商品，编号3109，属于交通工具分类。,60.0,5,/uploads/product/cover_2.jpg,ON_SALE,"MEETUP,EXPRESS",2026-08-13 16:04:42,2026-08-15 17:14:42
3110,359,11,图书小说商品_3110,这是一个测试商品，编号3110，属于图书小说分类。,50.0,5,/uploads/product/cover_5.jpg,ON_SALE,"MEETUP,EXPRESS",2026-07-31 11:32:42,2026-08-15 14:42:42
3111,477,6,零食饮料商品_3111,这是一个测试商品，编号3111，属于零食饮料分类。,25.0,1,/uploads/product/cover_9.jpg,ON_SALE,MEETUP,2026-07-31 18:30:42,2026-08-14 22:44:42
3112,271,9,游戏动漫商品_3112,这是一个测试商品，编号3112，属于游戏动漫分类。,150.0,5,/uploads/product/cover_13.jpg,ON_SALE,EXPRESS,2026-08-08 05:53:42,2026-08-14 14:56:42
3113,958,7,文具办公商品_3113,这是一个测试商品，编号3113，属于文具办公分类。,50.0,1,/uploads/product/cover_13.jpg,ON_SALE,EXPRESS,2026-08-05 08:15:42,2026-08-14 14:26:42
3114,600,4,运动户外商品_3114,这是一个测试商品，编号3114，属于运动户外分类。,100.0,5,/uploads/product/cover_19.jpg,ON_SALE,MEETUP,2026-08-15 14:48:42,2026-08-13 21:31:42
3115,80,10,家居家电商品_3115,这是一个测试商品，编号3115，属于家居家电分类。,3.0,1,/uploads/product/cover_10.jpg,ON_SALE,MEETUP,2026-08-04 16:52:42,2026-08-14 23:01:42
3116,438,5,服装鞋帽商品_3116,这是一个测试商品，编号3116，属于服装鞋帽分类。,2.0,3,/uploads/product/cover_3.jpg,ON_SALE,EXPRESS,2026-08-15 10:43:42,2026-08-13 04:00:42
3117,34,10,家居家电商品_3117,这是一个测试商品，编号3117，属于家居家电分类。,50.0,4,/uploads/product/cover_15.jpg,ON_SALE,"MEETUP,EXPRESS",2026-08-06 18:42:42,2026-08-14 05:06:42
3118,847,4,运动户外商品_3118,这是一个测试商品，编号3118，属于运动户外分类。,50.0,4,/uploads/product/cover_6.jpg,ON_SALE,MEETUP,2026-08-03 21:38:42,2026-08-14 06:55:42
3119,302,13,交通工具商品_3119,这是一个测试商品，编号3119，属于交通工具分类。,120.0,3,/uploads/product/cover_3.jpg,ON_SALE,"MEETUP,EXPRESS",2026-07-29 00:53:42,2026-08-13 08:07:42
3120,403,3,日用百货商品_3120,这是一个测试商品，编号3120，属于日用百货分类。,100.0,2,/uploads/product/cover_13.jpg,ON_SALE,MEETUP,2026-07-28 16:07:42,2026-08-16 16:03:42
3121,504,6,零食饮料商品_3121,这是一个测试商品，编号3121，属于零食饮料分类。,60.0,1,/uploads/product/cover_6.jpg,ON_SALE,MEETUP,2026-07-27 20:45:42,2026-08-13 13:05:42
3122,991,7,文具办公商品_3122,这是一个测试商品，编号3122，属于文具办公分类。,15.0,5,/uploads/product/cover_10.jpg,ON_SALE,"MEETUP,EXPRESS",2026-08-12 13:59:42,2026-08-12 13:56:42
3123,357,9,游戏动漫商品_3123,这是一个测试商品，编号3123，属于游戏动漫分类。,100.0,3,/uploads/product/cover_3.jpg,ON_SALE,EXPRESS,2026-08-02 08:05:42,2026-08-13 06:50:42
3124,502,6,零食饮料商品_3124,这是一个测试商品，编号3124，属于零食饮料分类。,3.0,4,/uploads/product/cover_6.jpg,ON_SALE,"MEETUP,EXPRESS",2026-08-08 07:02:42,2026-08-12 02:00:42
3125,898,7,文具办公商品_3125,这是一个测试商品，编号3125，属于文具办公分类。,100.0,4,/uploads/product/cover_1.jpg,ON_SALE,MEETUP,2026-07-29 01:42:42,2026-08-14 21:37:42
3126,49,4,运动户外商品_3126,这是一个测试商品，编号3126，属于运动户外分类。,60.0,2,/uploads/product/cover_16.jpg,ON_SALE,EXPRESS,2026-08-10 06:01:42,2026-08-16 07:02:42
3127,650,14,宠物用品商品_3127,这是一个测试商品，编号3127，属于宠物用品分类。,50.0,4,/uploads/product/cover_14.jpg,ON_SALE,EXPRESS,2026-08-04 06:14:42,2026-08-12 18:21:42
3128,968,8,美妆护肤商品_3128,这是一个测试商品，编号3128，属于美妆护肤分类。,5.0,5,/uploads/product/cover_12.jpg,ON_SALE,MEETUP,2026-08-06 11:52:42,2026-08-16 17:44:42
3129,832,8,美妆护肤商品_3129,这是一个测试商品，编号3129，属于美妆护肤分类。,30.0,3,/uploads/product/cover_1.jpg,ON_SALE,EXPRESS,2026-08-09 20:29:42,2026-08-16 10:25:42
3130,895,10,家居家电商品_3130,这是一个测试商品，编号3130，属于家居家电分类。,5.0,2,/uploads/product/cover_18.jpg,ON_SALE,"MEETUP,EXPRESS",2026-08-09 11:27:42,2026-08-16 10:46:42
3131,699,4,运动户外商品_3131,这是一个测试商品，编号3131，属于运动户外分类。,20.0,4,/uploads/product/cover_10.jpg,ON_SALE,MEETUP,2026-08-11 03:03:42,2026-08-12 11:18:42
3132,180,11,图书小说商品_3132,这是一个测试商品，编号3132，属于图书小说分类。,30.0,4,/uploads/product/cover_17.jpg,ON_SALE,EXPRESS,2026-08-08 00:35:42,2026-08-14 13:24:42
3133,843,12,乐器音响商品_3133,这是一个测试商品，编号3133，属于乐器音响分类。,8.0,2,/uploads/product/cover_20.jpg,ON_SALE,"MEETUP,EXPRESS",2026-08-09 06:09:42,2026-08-12 02:42:42
3134,145,1,教材教辅商品_3134,这是一个测试商品，编号3134，属于教材教辅分类。,200.0,4,/uploads/product/cover_6.jpg,ON_SALE,EXPRESS,2026-08-13 23:02:42,2026-08-13 23:23:42
3135,108,15,手工艺品商品_3135,这是一个测试商品，编号3135，属于手工艺品分类。,8.0,1,/uploads/product/cover_17.jpg,ON_SALE,"MEETUP,EXPRESS",2026-07-29 02:03:42,2026-08-15 23:21:42
3136,575,5,服装鞋帽商品_3136,这是一个测试商品，编号3136，属于服装鞋帽分类。,10.0,1,/uploads/product/cover_20.jpg,ON_SALE,"MEETUP,EXPRESS",2026-08-09 06:09:42,2026-08-15 04:46:42
3137,276,6,零食饮料商品_3137,这是一个测试商品，编号3137，属于零食饮料分类。,200.0,2,/uploads/product/cover_6.jpg,ON_SALE,MEETUP,2026-08-04 23:39:42,2026-08-15 06:24:42
3138,239,12,乐器音响商品_3138,这是一个测试商品，编号3138，属于乐器音响分类。,30.0,4,/uploads/product/cover_6.jpg,ON_SALE,"MEETUP,EXPRESS",2026-08-12 15:04:42,2026-08-14 07:40:42
3139,150,1,教材教辅商品_3139,这是一个测试商品，编号3139，属于教材教辅分类。,1.0,1,/uploads/product/cover_13.jpg,ON_SALE,EXPRESS,2026-07-29 12:06:42,2026-08-14 23:56:42
3140,930,5,服装鞋帽商品_3140,这是一个测试商品，编号3140，属于服装鞋帽分类。,12.0,3,/uploads/product/cover_4.jpg,ON_SALE,"MEETUP,EXPRESS",2026-08-04 08:03:42,2026-08-16 05:55:42
3141,560,3,日用百货商品_3141,这是一个测试商品，编号3141，属于日用百货分类。,3.0,3,/uploads/product/cover_19.jpg,ON_SALE,MEETUP,2026-08-13 11:43:42,2026-08-12 05:28:42
3142,833,12,乐器音响商品_3142,这是一个测试商品，编号3142，属于乐器音响分类。,5.0,3,/uploads/product/cover_15.jpg,ON_SALE,MEETUP,2026-08-11 22:19:42,2026-08-13 06:08:42
3143,313,2,电子数码商品_3143,这是一个测试商品，编号3143，属于电子数码分类。,25.0,1,/uploads/product/cover_17.jpg,ON_SALE,"MEETUP,EXPRESS",2026-08-10 14:13:42,2026-08-16 04:46:42
3144,198,10,家居家电商品_3144,这是一个测试商品，编号3144，属于家居家电分类。,20.0,1,/uploads/product/cover_18.jpg,ON_SALE,MEETUP,2026-08-04 07:56:42,2026-08-14 17:06:42
3145,421,7,文具办公商品_3145,这是一个测试商品，编号3145，属于文具办公分类。,80.0,5,/uploads/product/cover_17.jpg,ON_SALE,MEETUP,2026-08-14 06:26:42,2026-08-12 22:00:42
3146,370,10,家居家电商品_3146,这是一个测试商品，编号3146，属于家居家电分类。,2.0,5,/uploads/product/cover_19.jpg,ON_SALE,"MEETUP,EXPRESS",2026-07-28 06:03:42,2026-08-13 00:27:42
3147,416,12,乐器音响商品_3147,这是一个测试商品，编号3147，属于乐器音响分类。,10.0,2,/uploads/product/cover_5.jpg,ON_SALE,"MEETUP,EXPRESS",2026-08-04 10:36:42,2026-08-11 20:19:42
3148,813,11,图书小说商品_3148,这是一个测试商品，编号3148，属于图书小说分类。,2.0,1,/uploads/product/cover_10.jpg,ON_SALE,"MEETUP,EXPRESS",2026-08-01 21:55:42,2026-08-14 11:59:42
3149,697,3,日用百货商品_3149,这是一个测试商品，编号3149，属于日用百货分类。,150.0,3,/uploads/product/cover_20.jpg,ON_SALE,"MEETUP,EXPRESS",2026-08-03 14:28:42,2026-08-15 15:24:42
3150,480,13,交通工具商品_3150,这是一个测试商品，编号3150，属于交通工具分类。,25.0,3,/uploads/product/cover_9.jpg,ON_SALE,"MEETUP,EXPRESS",2026-08-11 14:49:42,2026-08-14 21:36:42
3151,135,13,交通工具商品_3151,这是一个测试商品，编号3151，属于交通工具分类。,20.0,5,/uploads/product/cover_16.jpg,ON_SALE,"MEETUP,EXPRESS",2026-07-31 16:13:42,2026-08-12 17:57:42
3152,239,8,美妆护肤商品_3152,这是一个测试商品，编号3152，属于美妆护肤分类。,150.0,2,/uploads/product/cover_4.jpg,ON_SALE,MEETUP,2026-08-06 15:53:42,2026-08-14 23:56:42
3153,375,4,运动户外商品_3153,这是一个测试商品，编号3153，属于运动户外分类。,120.0,5,/uploads/product/cover_11.jpg,ON_SALE,"MEETUP,EXPRESS",2026-07-30 19:42:42,2026-08-15 13:25:42
3154,104,5,服装鞋帽商品_3154,这是一个测试商品，编号3154，属于服装鞋帽分类。,5.0,3,/uploads/product/cover_7.jpg,ON_SALE,EXPRESS,2026-08-06 16:42:42,2026-08-13 22:28:42
3155,750,11,图书小说商品_3155,这是一个测试商品，编号3155，属于图书小说分类。,80.0,3,/uploads/product/cover_8.jpg,ON_SALE,"MEETUP,EXPRESS",2026-08-02 16:17:42,2026-08-16 06:41:42
3156,953,13,交通工具商品_3156,这是一个测试商品，编号3156，属于交通工具分类。,80.0,3,/uploads/product/cover_9.jpg,ON_SALE,MEETUP,2026-08-13 20:33:42,2026-08-14 12:40:42
3157,960,15,手工艺品商品_3157,这是一个测试商品，编号3157，属于手工艺品分类。,60.0,2,/uploads/product/cover_11.jpg,ON_SALE,MEETUP,2026-08-13 03:04:42,2026-08-13 01:19:42
3158,988,12,乐器音响商品_3158,这是一个测试商品，编号3158，属于乐器音响分类。,30.0,2,/uploads/product/cover_2.jpg,ON_SALE,MEETUP,2026-07-30 14:19:42,2026-08-11 19:39:42
3159,350,12,乐器音响商品_3159,这是一个测试商品，编号3159，属于乐器音响分类。,120.0,1,/uploads/product/cover_6.jpg,ON_SALE,EXPRESS,2026-08-07 07:26:42,2026-08-15 21:20:42
3160,428,13,交通工具商品_3160,这是一个测试商品，编号3160，属于交通工具分类。,20.0,5,/uploads/product/cover_17.jpg,ON_SALE,"MEETUP,EXPRESS",2026-08-02 19:44:42,2026-08-14 09:17:42
3161,620,2,电子数码商品_3161,这是一个测试商品，编号3161，属于电子数码分类。,80.0,3,/uploads/product/cover_11.jpg,ON_SALE,"MEETUP,EXPRESS",2026-08-03 08:49:42,2026-08-15 11:57:42
3162,530,2,电子数码商品_3162,这是一个测试商品，编号3162，属于电子数码分类。,8.0,2,/uploads/product/cover_14.jpg,ON_SALE,MEETUP,2026-08-07 06:50:42,2026-08-13 15:28:42
3163,846,6,零食饮料商品_3163,这是一个测试商品，编号3163，属于零食饮料分类。,5.0,3,/uploads/product/cover_8.jpg,ON_SALE,"MEETUP,EXPRESS",2026-08-01 21:54:42,2026-08-12 21:05:42
3164,711,7,文具办公商品_3164,这是一个测试商品，编号3164，属于文具办公分类。,100.0,4,/uploads/product/cover_3.jpg,ON_SALE,"MEETUP,EXPRESS",2026-07-31 20:39:42,2026-08-13 18:29:42
3165,621,4,运动户外商品_3165,这是一个测试商品，编号3165，属于运动户外分类。,2.0,1,/uploads/product/cover_6.jpg,ON_SALE,"MEETUP,EXPRESS",2026-08-02 02:03:42,2026-08-12 09:01:42
3166,1,10,家居家电商品_3166,这是一个测试商品，编号3166，属于家居家电分类。,3.0,4,/uploads/product/cover_5.jpg,ON_SALE,EXPRESS,2026-08-03 04:46:42,2026-08-16 10:50:42
3167,568,3,日用百货商品_3167,这是一个测试商品，编号3167，属于日用百货分类。,8.0,5,/uploads/product/cover_7.jpg,ON_SALE,"MEETUP,EXPRESS",2026-07-28 15:14:42,2026-08-13 04:20:42
3168,948,6,零食饮料商品_3168,这是一个测试商品，编号3168，属于零食饮料分类。,12.0,5,/uploads/product/cover_13.jpg,ON_SALE,EXPRESS,2026-08-08 03:39:42,2026-08-16 15:17:42
3169,841,11,图书小说商品_3169,这是一个测试商品，编号3169，属于图书小说分类。,30.0,3,/uploads/product/cover_12.jpg,ON_SALE,"MEETUP,EXPRESS",2026-08-13 04:34:42,2026-08-14 18:39:42
3170,401,7,文具办公商品_3170,这是一个测试商品，编号3170，属于文具办公分类。,20.0,1,/uploads/product/cover_10.jpg,ON_SALE,EXPRESS,2026-08-09 01:01:42,2026-08-14 17:41:42
3171,618,3,日用百货商品_3171,这是一个测试商品，编号3171，属于日用百货分类。,12.0,4,/uploads/product/cover_16.jpg,ON_SALE,MEETUP,2026-08-07 07:27:42,2026-08-13 00:15:42
3172,59,2,电子数码商品_3172,这是一个测试商品，编号3172，属于电子数码分类。,200.0,3,/uploads/product/cover_5.jpg,ON_SALE,MEETUP,2026-08-14 23:33:42,2026-08-13 12:29:42
3173,694,4,运动户外商品_3173,这是一个测试商品，编号3173，属于运动户外分类。,10.0,5,/uploads/product/cover_11.jpg,ON_SALE,EXPRESS,2026-08-06 13:23:42,2026-08-12 13:43:42
3174,119,3,日用百货商品_3174,这是一个测试商品，编号3174，属于日用百货分类。,80.0,5,/uploads/product/cover_20.jpg,ON_SALE,MEETUP,2026-08-01 02:42:42,2026-08-14 11:56:42
3175,368,12,乐器音响商品_3175,这是一个测试商品，编号3175，属于乐器音响分类。,120.0,3,/uploads/product/cover_20.jpg,ON_SALE,EXPRESS,2026-08-12 23:26:42,2026-08-13 05:40:42
3176,525,9,游戏动漫商品_3176,这是一个测试商品，编号3176，属于游戏动漫分类。,2.0,4,/uploads/product/cover_19.jpg,ON_SALE,"MEETUP,EXPRESS",2026-08-12 08:10:42,2026-08-14 11:24:42
3177,709,4,运动户外商品_3177,这是一个测试商品，编号3177，属于运动户外分类。,8.0,4,/uploads/product/cover_13.jpg,ON_SALE,"MEETUP,EXPRESS",2026-07-31 03:49:42,2026-08-16 04:04:42
3178,119,6,零食饮料商品_3178,这是一个测试商品，编号3178，属于零食饮料分类。,8.0,2,/uploads/product/cover_11.jpg,ON_SALE,EXPRESS,2026-08-06 07:43:42,2026-08-12 09:56:42
3179,379,7,文具办公商品_3179,这是一个测试商品，编号3179，属于文具办公分类。,10.0,5,/uploads/product/cover_17.jpg,ON_SALE,EXPRESS,2026-08-06 02:06:42,2026-08-14 23:39:42
3180,552,4,运动户外商品_3180,这是一个测试商品，编号3180，属于运动户外分类。,8.0,1,/uploads/product/cover_20.jpg,ON_SALE,EXPRESS,2026-08-01 20:46:42,2026-08-12 08:35:42
3181,712,2,电子数码商品_3181,这是一个测试商品，编号3181，属于电子数码分类。,150.0,4,/uploads/product/cover_19.jpg,ON_SALE,"MEETUP,EXPRESS",2026-07-28 08:57:42,2026-08-15 16:36:42
3182,919,5,服装鞋帽商品_3182,这是一个测试商品，编号3182，属于服装鞋帽分类。,20.0,2,/uploads/product/cover_3.jpg,ON_SALE,MEETUP,2026-08-08 09:09:42,2026-08-16 00:30:42
3183,474,3,日用百货商品_3183,这是一个测试商品，编号3183，属于日用百货分类。,3.0,3,/uploads/product/cover_5.jpg,ON_SALE,EXPRESS,2026-08-05 03:39:42,2026-08-16 09:54:42
3184,972,3,日用百货商品_3184,这是一个测试商品，编号3184，属于日用百货分类。,2.0,4,/uploads/product/cover_15.jpg,ON_SALE,"MEETUP,EXPRESS",2026-08-10 07:39:42,2026-08-13 05:31:42
3185,957,1,教材教辅商品_3185,这是一个测试商品，编号3185，属于教材教辅分类。,100.0,4,/uploads/product/cover_15.jpg,ON_SALE,EXPRESS,2026-07-28 03:35:42,2026-08-15 21:14:42
3186,1,7,文具办公商品_3186,这是一个测试商品，编号3186，属于文具办公分类。,5.0,3,/uploads/product/cover_4.jpg,ON_SALE,EXPRESS,2026-08-07 18:24:42,2026-08-15 11:38:42
3187,974,2,电子数码商品_3187,这是一个测试商品，编号3187，属于电子数码分类。,8.0,3,/uploads/product/cover_2.jpg,ON_SALE,MEETUP,2026-08-12 20:08:42,2026-08-16 03:52:42
3188,526,10,家居家电商品_3188,这是一个测试商品，编号3188，属于家居家电分类。,30.0,2,/uploads/product/cover_5.jpg,ON_SALE,"MEETUP,EXPRESS",2026-07-29 14:03:42,2026-08-14 16:07:42
3189,717,10,家居家电商品_3189,这是一个测试商品，编号3189，属于家居家电分类。,80.0,1,/uploads/product/cover_1.jpg,ON_SALE,"MEETUP,EXPRESS",2026-07-28 20:33:42,2026-08-16 16:05:42
3190,754,5,服装鞋帽商品_3190,这是一个测试商品，编号3190，属于服装鞋帽分类。,15.0,4,/uploads/product/cover_9.jpg,ON_SALE,EXPRESS,2026-08-02 13:16:42,2026-08-12 17:10:42
3191,356,6,零食饮料商品_3191,这是一个测试商品，编号3191，属于零食饮料分类。,2.0,2,/uploads/product/cover_8.jpg,ON_SALE,MEETUP,2026-07-31 12:11:42,2026-08-12 18:39:42
3192,628,6,零食饮料商品_3192,这是一个测试商品，编号3192，属于零食饮料分类。,25.0,4,/uploads/product/cover_10.jpg,ON_SALE,MEETUP,2026-08-04 01:37:42,2026-08-14 14:03:42
3193,392,4,运动户外商品_3193,这是一个测试商品，编号3193，属于运动户外分类。,100.0,2,/uploads/product/cover_8.jpg,ON_SALE,EXPRESS,2026-07-30 00:58:42,2026-08-13 19:00:42
3194,425,2,电子数码商品_3194,这是一个测试商品，编号3194，属于电子数码分类。,1.0,5,/uploads/product/cover_2.jpg,ON_SALE,"MEETUP,EXPRESS",2026-08-07 01:43:42,2026-08-16 01:47:42
3195,302,4,运动户外商品_3195,这是一个测试商品，编号3195，属于运动户外分类。,15.0,1,/uploads/product/cover_4.jpg,ON_SALE,MEETUP,2026-08-15 06:13:42,2026-08-13 21:01:42
3196,758,13,交通工具商品_3196,这是一个测试商品，编号3196，属于交通工具分类。,150.0,5,/uploads/product/cover_2.jpg,ON_SALE,"MEETUP,EXPRESS",2026-08-04 22:08:42,2026-08-12 11:00:42
3197,298,8,美妆护肤商品_3197,这是一个测试商品，编号3197，属于美妆护肤分类。,20.0,4,/uploads/product/cover_7.jpg,ON_SALE,"MEETUP,EXPRESS",2026-08-06 20:12:42,2026-08-14 20:15:42
3198,44,2,电子数码商品_3198,这是一个测试商品，编号3198，属于电子数码分类。,12.0,5,/uploads/product/cover_5.jpg,ON_SALE,"MEETUP,EXPRESS",2026-07-30 13:50:42,2026-08-12 21:54:42
3199,906,11,图书小说商品_3199,这是一个测试商品，编号3199，属于图书小说分类。,8.0,2,/uploads/product/cover_19.jpg,ON_SALE,"MEETUP,EXPRESS",2026-08-09 16:22:42,2026-08-13 04:15:42
3200,682,2,电子数码商品_3200,这是一个测试商品，编号3200，属于电子数码分类。,60.0,1,/uploads/product/cover_1.jpg,ON_SALE,EXPRESS,2026-08-15 13:56:42,2026-08-15 01:20:42
3201,247,10,家居家电商品_3201,这是一个测试商品，编号3201，属于家居家电分类。,3.0,4,/uploads/product/cover_1.jpg,ON_SALE,EXPRESS,2026-08-11 21:05:42,2026-08-14 04:17:42
3202,904,4,运动户外商品_3202,这是一个测试商品，编号3202，属于运动户外分类。,1.0,3,/uploads/product/cover_14.jpg,ON_SALE,MEETUP,2026-08-07 21:51:42,2026-08-15 23:14:42
3203,698,6,零食饮料商品_3203,这是一个测试商品，编号3203，属于零食饮料分类。,80.0,3,/uploads/product/cover_15.jpg,ON_SALE,EXPRESS,2026-08-11 02:30:42,2026-08-15 00:19:42
3204,719,3,日用百货商品_3204,这是一个测试商品，编号3204，属于日用百货分类。,3.0,3,/uploads/product/cover_1.jpg,ON_SALE,EXPRESS,2026-08-11 11:23:42,2026-08-13 23:46:42
3205,59,2,电子数码商品_3205,这是一个测试商品，编号3205，属于电子数码分类。,100.0,4,/uploads/product/cover_12.jpg,ON_SALE,EXPRESS,2026-08-14 10:35:42,2026-08-15 23:53:42
3206,616,11,图书小说商品_3206,这是一个测试商品，编号3206，属于图书小说分类。,5.0,2,/uploads/product/cover_20.jpg,ON_SALE,EXPRESS,2026-08-05 03:47:42,2026-08-12 06:16:42
3207,248,4,运动户外商品_3207,这是一个测试商品，编号3207，属于运动户外分类。,1.0,5,/uploads/product/cover_3.jpg,ON_SALE,"MEETUP,EXPRESS",2026-08-03 20:25:42,2026-08-15 11:42:42
3208,942,3,日用百货商品_3208,这是一个测试商品，编号3208，属于日用百货分类。,60.0,4,/uploads/product/cover_13.jpg,ON_SALE,MEETUP,2026-08-10 09:21:42,2026-08-16 13:11:42
3209,308,7,文具办公商品_3209,这是一个测试商品，编号3209，属于文具办公分类。,3.0,5,/uploads/product/cover_20.jpg,ON_SALE,EXPRESS,2026-08-11 11:20:42,2026-08-14 01:33:42
3210,742,12,乐器音响商品_3210,这是一个测试商品，编号3210，属于乐器音响分类。,1.0,2,/uploads/product/cover_1.jpg,ON_SALE,"MEETUP,EXPRESS",2026-08-15 20:56:42,2026-08-15 22:11:42
3211,974,11,图书小说商品_3211,这是一个测试商品，编号3211，属于图书小说分类。,2.0,3,/uploads/product/cover_10.jpg,ON_SALE,MEETUP,2026-07-30 09:24:42,2026-08-12 14:55:42
3212,458,1,教材教辅商品_3212,这是一个测试商品，编号3212，属于教材教辅分类。,150.0,3,/uploads/product/cover_4.jpg,ON_SALE,EXPRESS,2026-07-30 04:55:42,2026-08-14 21:47:42
3213,175,12,乐器音响商品_3213,这是一个测试商品，编号3213，属于乐器音响分类。,20.0,4,/uploads/product/cover_15.jpg,ON_SALE,MEETUP,2026-07-27 23:52:42,2026-08-15 07:06:42
3214,258,4,运动户外商品_3214,这是一个测试商品，编号3214，属于运动户外分类。,60.0,5,/uploads/product/cover_3.jpg,ON_SALE,"MEETUP,EXPRESS",2026-08-10 13:55:42,2026-08-14 15:09:42
3215,54,11,图书小说商品_3215,这是一个测试商品，编号3215，属于图书小说分类。,100.0,4,/uploads/product/cover_5.jpg,ON_SALE,EXPRESS,2026-08-14 17:46:42,2026-08-12 04:44:42
3216,610,14,宠物用品商品_3216,这是一个测试商品，编号3216，属于宠物用品分类。,1.0,4,/uploads/product/cover_11.jpg,ON_SALE,MEETUP,2026-08-13 14:28:42,2026-08-15 04:52:42
3217,660,8,美妆护肤商品_3217,这是一个测试商品，编号3217，属于美妆护肤分类。,10.0,5,/uploads/product/cover_14.jpg,ON_SALE,EXPRESS,2026-08-10 12:11:42,2026-08-16 13:45:42
3218,358,8,美妆护肤商品_3218,这是一个测试商品，编号3218，属于美妆护肤分类。,20.0,4,/uploads/product/cover_14.jpg,ON_SALE,MEETUP,2026-07-29 23:16:42,2026-08-15 14:58:42
3219,169,5,服装鞋帽商品_3219,这是一个测试商品，编号3219，属于服装鞋帽分类。,25.0,4,/uploads/product/cover_6.jpg,ON_SALE,"MEETUP,EXPRESS",2026-08-10 12:36:42,2026-08-13 23:59:42
3220,735,9,游戏动漫商品_3220,这是一个测试商品，编号3220，属于游戏动漫分类。,2.0,2,/uploads/product/cover_20.jpg,ON_SALE,MEETUP,2026-08-04 07:30:42,2026-08-15 16:18:42
3221,978,10,家居家电商品_3221,这是一个测试商品，编号3221，属于家居家电分类。,50.0,3,/uploads/product/cover_20.jpg,ON_SALE,"MEETUP,EXPRESS",2026-07-28 19:19:42,2026-08-14 09:51:42
3222,769,8,美妆护肤商品_3222,这是一个测试商品，编号3222，属于美妆护肤分类。,200.0,3,/uploads/product/cover_7.jpg,ON_SALE,MEETUP,2026-08-03 12:07:42,2026-08-13 00:57:42
3223,728,6,零食饮料商品_3223,这是一个测试商品，编号3223，属于零食饮料分类。,50.0,4,/uploads/product/cover_10.jpg,ON_SALE,EXPRESS,2026-08-05 01:28:42,2026-08-14 03:28:42
3224,428,15,手工艺品商品_3224,这是一个测试商品，编号3224，属于手工艺品分类。,2.0,3,/uploads/product/cover_16.jpg,ON_SALE,MEETUP,2026-08-16 08:48:42,2026-08-12 05:00:42
3225,375,7,文具办公商品_3225,这是一个测试商品，编号3225，属于文具办公分类。,10.0,4,/uploads/product/cover_20.jpg,ON_SALE,EXPRESS,2026-07-29 04:56:42,2026-08-14 08:51:42
3226,102,10,家居家电商品_3226,这是一个测试商品，编号3226，属于家居家电分类。,2.0,1,/uploads/product/cover_11.jpg,ON_SALE,EXPRESS,2026-08-12 08:29:42,2026-08-12 04:55:42
3227,318,7,文具办公商品_3227,这是一个测试商品，编号3227，属于文具办公分类。,50.0,3,/uploads/product/cover_13.jpg,ON_SALE,EXPRESS,2026-07-31 23:33:42,2026-08-15 19:21:42
3228,49,12,乐器音响商品_3228,这是一个测试商品，编号3228，属于乐器音响分类。,200.0,4,/uploads/product/cover_14.jpg,ON_SALE,"MEETUP,EXPRESS",2026-08-04 11:23:42,2026-08-15 02:32:42
3229,33,2,电子数码商品_3229,这是一个测试商品，编号3229，属于电子数码分类。,200.0,4,/uploads/product/cover_5.jpg,ON_SALE,MEETUP,2026-08-06 18:01:42,2026-08-15 18:15:42
3230,630,3,日用百货商品_3230,这是一个测试商品，编号3230，属于日用百货分类。,50.0,3,/uploads/product/cover_6.jpg,ON_SALE,"MEETUP,EXPRESS",2026-08-11 11:20:42,2026-08-16 13:18:42
3231,837,5,服装鞋帽商品_3231,这是一个测试商品，编号3231，属于服装鞋帽分类。,200.0,4,/uploads/product/cover_5.jpg,ON_SALE,MEETUP,2026-08-04 11:35:42,2026-08-16 09:23:42
3232,476,10,家居家电商品_3232,这是一个测试商品，编号3232，属于家居家电分类。,150.0,4,/uploads/product/cover_3.jpg,ON_SALE,MEETUP,2026-08-13 14:12:42,2026-08-12 08:38:42
3233,379,10,家居家电商品_3233,这是一个测试商品，编号3233，属于家居家电分类。,120.0,2,/uploads/product/cover_18.jpg,ON_SALE,MEETUP,2026-08-08 22:00:42,2026-08-15 08:23:42
3234,885,10,家居家电商品_3234,这是一个测试商品，编号3234，属于家居家电分类。,200.0,5,/uploads/product/cover_20.jpg,ON_SALE,EXPRESS,2026-07-28 16:28:42,2026-08-12 07:41:42
3235,967,15,手工艺品商品_3235,这是一个测试商品，编号3235，属于手工艺品分类。,2.0,5,/uploads/product/cover_11.jpg,ON_SALE,"MEETUP,EXPRESS",2026-08-12 01:10:42,2026-08-12 22:12:42
3236,330,3,日用百货商品_3236,这是一个测试商品，编号3236，属于日用百货分类。,15.0,1,/uploads/product/cover_19.jpg,ON_SALE,EXPRESS,2026-08-15 16:20:42,2026-08-16 03:13:42
3237,310,4,运动户外商品_3237,这是一个测试商品，编号3237，属于运动户外分类。,12.0,1,/uploads/product/cover_4.jpg,ON_SALE,"MEETUP,EXPRESS",2026-08-06 23:28:42,2026-08-15 12:28:42
3238,872,10,家居家电商品_3238,这是一个测试商品，编号3238，属于家居家电分类。,5.0,5,/uploads/product/cover_20.jpg,ON_SALE,EXPRESS,2026-08-13 17:35:42,2026-08-16 09:12:42
3239,770,10,家居家电商品_3239,这是一个测试商品，编号3239，属于家居家电分类。,1.0,4,/uploads/product/cover_4.jpg,ON_SALE,EXPRESS,2026-08-01 22:38:42,2026-08-16 18:01:42
3240,722,10,家居家电商品_3240,这是一个测试商品，编号3240，属于家居家电分类。,2.0,4,/uploads/product/cover_12.jpg,ON_SALE,EXPRESS,2026-08-10 09:57:42,2026-08-14 07:17:42
3241,754,3,日用百货商品_3241,这是一个测试商品，编号3241，属于日用百货分类。,150.0,1,/uploads/product/cover_1.jpg,ON_SALE,EXPRESS,2026-08-07 13:54:42,2026-08-12 09:03:42
3242,92,3,日用百货商品_3242,这是一个测试商品，编号3242，属于日用百货分类。,60.0,5,/uploads/product/cover_14.jpg,ON_SALE,MEETUP,2026-08-08 00:53:42,2026-08-13 01:27:42
3243,179,6,零食饮料商品_3243,这是一个测试商品，编号3243，属于零食饮料分类。,1.0,1,/uploads/product/cover_12.jpg,ON_SALE,MEETUP,2026-08-13 07:59:42,2026-08-15 23:52:42
3244,588,8,美妆护肤商品_3244,这是一个测试商品，编号3244，属于美妆护肤分类。,80.0,3,/uploads/product/cover_15.jpg,ON_SALE,MEETUP,2026-08-16 04:02:42,2026-08-12 06:13:42
3245,925,14,宠物用品商品_3245,这是一个测试商品，编号3245，属于宠物用品分类。,5.0,4,/uploads/product/cover_3.jpg,ON_SALE,EXPRESS,2026-08-03 00:38:42,2026-08-16 12:07:42
3246,374,3,日用百货商品_3246,这是一个测试商品，编号3246，属于日用百货分类。,20.0,5,/uploads/product/cover_9.jpg,ON_SALE,EXPRESS,2026-08-10 06:01:42,2026-08-12 08:06:42
3247,804,10,家居家电商品_3247,这是一个测试商品，编号3247，属于家居家电分类。,2.0,3,/uploads/product/cover_18.jpg,ON_SALE,"MEETUP,EXPRESS",2026-08-01 04:08:42,2026-08-15 20:29:42
3248,598,15,手工艺品商品_3248,这是一个测试商品，编号3248，属于手工艺品分类。,30.0,2,/uploads/product/cover_14.jpg,ON_SALE,EXPRESS,2026-08-13 07:31:42,2026-08-11 21:13:42
3249,913,10,家居家电商品_3249,这是一个测试商品，编号3249，属于家居家电分类。,150.0,1,/uploads/product/cover_14.jpg,ON_SALE,"MEETUP,EXPRESS",2026-07-30 22:44:42,2026-08-13 05:48:42
3250,20,3,日用百货商品_3250,这是一个测试商品，编号3250，属于日用百货分类。,5.0,2,/uploads/product/cover_12.jpg,ON_SALE,"MEETUP,EXPRESS",2026-08-12 17:56:42,2026-08-12 10:32:42
3251,601,10,家居家电商品_3251,这是一个测试商品，编号3251，属于家居家电分类。,3.0,1,/uploads/product/cover_11.jpg,ON_SALE,MEETUP,2026-08-09 20:39:42,2026-08-12 09:59:42
3252,200,6,零食饮料商品_3252,这是一个测试商品，编号3252，属于零食饮料分类。,120.0,4,/uploads/product/cover_7.jpg,ON_SALE,"MEETUP,EXPRESS",2026-08-01 07:19:42,2026-08-11 20:09:42
3253,276,4,运动户外商品_3253,这是一个测试商品，编号3253，属于运动户外分类。,15.0,5,/uploads/product/cover_16.jpg,ON_SALE,EXPRESS,2026-07-31 03:00:42,2026-08-16 15:20:42
3254,529,11,图书小说商品_3254,这是一个测试商品，编号3254，属于图书小说分类。,15.0,1,/uploads/product/cover_4.jpg,ON_SALE,EXPRESS,2026-08-09 11:05:42,2026-08-12 23:35:42
3255,899,4,运动户外商品_3255,这是一个测试商品，编号3255，属于运动户外分类。,50.0,2,/uploads/product/cover_4.jpg,ON_SALE,MEETUP,2026-08-09 13:38:42,2026-08-15 21:58:42
3256,453,11,图书小说商品_3256,这是一个测试商品，编号3256，属于图书小说分类。,5.0,4,/uploads/product/cover_4.jpg,ON_SALE,"MEETUP,EXPRESS",2026-08-01 02:24:42,2026-08-12 05:40:42
3257,252,8,美妆护肤商品_3257,这是一个测试商品，编号3257，属于美妆护肤分类。,60.0,5,/uploads/product/cover_2.jpg,ON_SALE,EXPRESS,2026-08-14 12:12:42,2026-08-15 13:08:42
3258,52,3,日用百货商品_3258,这是一个测试商品，编号3258，属于日用百货分类。,60.0,2,/uploads/product/cover_2.jpg,ON_SALE,MEETUP,2026-08-07 02:37:42,2026-08-15 08:48:42
3259,619,9,游戏动漫商品_3259,这是一个测试商品，编号3259，属于游戏动漫分类。,25.0,5,/uploads/product/cover_4.jpg,ON_SALE,MEETUP,2026-08-08 00:33:42,2026-08-13 15:04:42
3260,778,13,交通工具商品_3260,这是一个测试商品，编号3260，属于交通工具分类。,10.0,3,/uploads/product/cover_5.jpg,ON_SALE,EXPRESS,2026-08-05 23:18:42,2026-08-16 18:10:42
3261,801,9,游戏动漫商品_3261,这是一个测试商品，编号3261，属于游戏动漫分类。,50.0,3,/uploads/product/cover_6.jpg,ON_SALE,"MEETUP,EXPRESS",2026-08-08 15:24:42,2026-08-15 20:48:42
3262,553,14,宠物用品商品_3262,这是一个测试商品，编号3262，属于宠物用品分类。,100.0,1,/uploads/product/cover_8.jpg,ON_SALE,MEETUP,2026-07-31 21:38:42,2026-08-15 10:53:42
3263,230,14,宠物用品商品_3263,这是一个测试商品，编号3263，属于宠物用品分类。,10.0,3,/uploads/product/cover_16.jpg,ON_SALE,EXPRESS,2026-08-11 08:10:42,2026-08-16 03:41:42
3264,229,15,手工艺品商品_3264,这是一个测试商品，编号3264，属于手工艺品分类。,100.0,3,/uploads/product/cover_17.jpg,ON_SALE,"MEETUP,EXPRESS",2026-08-09 05:23:42,2026-08-15 13:52:42
3265,84,14,宠物用品商品_3265,这是一个测试商品，编号3265，属于宠物用品分类。,1.0,2,/uploads/product/cover_20.jpg,ON_SALE,EXPRESS,2026-07-31 23:29:42,2026-08-12 07:37:42
3266,414,2,电子数码商品_3266,这是一个测试商品，编号3266，属于电子数码分类。,50.0,1,/uploads/product/cover_13.jpg,ON_SALE,MEETUP,2026-08-15 22:52:42,2026-08-13 13:53:42
3267,527,2,电子数码商品_3267,这是一个测试商品，编号3267，属于电子数码分类。,30.0,2,/uploads/product/cover_9.jpg,ON_SALE,"MEETUP,EXPRESS",2026-08-01 21:31:42,2026-08-13 09:09:42
3268,652,11,图书小说商品_3268,这是一个测试商品，编号3268，属于图书小说分类。,1.0,2,/uploads/product/cover_13.jpg,ON_SALE,"MEETUP,EXPRESS",2026-07-29 14:48:42,2026-08-14 19:34:42
3269,45,2,电子数码商品_3269,这是一个测试商品，编号3269，属于电子数码分类。,20.0,2,/uploads/product/cover_9.jpg,ON_SALE,MEETUP,2026-07-28 06:21:42,2026-08-12 08:54:42
3270,605,14,宠物用品商品_3270,这是一个测试商品，编号3270，属于宠物用品分类。,30.0,5,/uploads/product/cover_3.jpg,ON_SALE,EXPRESS,2026-08-07 02:18:42,2026-08-12 10:33:42
3271,279,12,乐器音响商品_3271,这是一个测试商品，编号3271，属于乐器音响分类。,150.0,5,/uploads/product/cover_15.jpg,ON_SALE,"MEETUP,EXPRESS",2026-08-05 09:26:42,2026-08-14 20:58:42
3272,782,5,服装鞋帽商品_3272,这是一个测试商品，编号3272，属于服装鞋帽分类。,10.0,4,/uploads/product/cover_9.jpg,ON_SALE,MEETUP,2026-08-11 21:49:42,2026-08-13 07:29:42
3273,237,10,家居家电商品_3273,这是一个测试商品，编号3273，属于家居家电分类。,150.0,1,/uploads/product/cover_9.jpg,ON_SALE,MEETUP,2026-08-06 15:00:42,2026-08-14 09:39:42
3274,313,12,乐器音响商品_3274,这是一个测试商品，编号3274，属于乐器音响分类。,8.0,3,/uploads/product/cover_16.jpg,ON_SALE,MEETUP,2026-07-31 16:04:42,2026-08-13 19:35:42
3275,164,3,日用百货商品_3275,这是一个测试商品，编号3275，属于日用百货分类。,1.0,5,/uploads/product/cover_17.jpg,ON_SALE,EXPRESS,2026-08-04 09:31:42,2026-08-14 17:59:42
3276,574,15,手工艺品商品_3276,这是一个测试商品，编号3276，属于手工艺品分类。,100.0,1,/uploads/product/cover_9.jpg,ON_SALE,"MEETUP,EXPRESS",2026-08-14 02:56:42,2026-08-12 09:46:42
3277,79,10,家居家电商品_3277,这是一个测试商品，编号3277，属于家居家电分类。,100.0,1,/uploads/product/cover_8.jpg,ON_SALE,MEETUP,2026-07-27 23:24:42,2026-08-14 10:22:42
3278,225,8,美妆护肤商品_3278,这是一个测试商品，编号3278，属于美妆护肤分类。,80.0,4,/uploads/product/cover_16.jpg,ON_SALE,"MEETUP,EXPRESS",2026-08-01 19:48:42,2026-08-14 10:02:42
3279,156,5,服装鞋帽商品_3279,这是一个测试商品，编号3279，属于服装鞋帽分类。,50.0,1,/uploads/product/cover_6.jpg,ON_SALE,MEETUP,2026-08-15 20:42:42,2026-08-11 21:42:42
3280,282,3,日用百货商品_3280,这是一个测试商品，编号3280，属于日用百货分类。,20.0,3,/uploads/product/cover_16.jpg,ON_SALE,"MEETUP,EXPRESS",2026-08-11 11:00:42,2026-08-13 14:53:42
3281,456,15,手工艺品商品_3281,这是一个测试商品，编号3281，属于手工艺品分类。,200.0,1,/uploads/product/cover_20.jpg,ON_SALE,MEETUP,2026-08-05 12:03:42,2026-08-13 17:12:42
3282,54,4,运动户外商品_3282,这是一个测试商品，编号3282，属于运动户外分类。,8.0,2,/uploads/product/cover_8.jpg,ON_SALE,EXPRESS,2026-07-28 01:13:42,2026-08-12 03:26:42
3283,215,6,零食饮料商品_3283,这是一个测试商品，编号3283，属于零食饮料分类。,100.0,2,/uploads/product/cover_4.jpg,ON_SALE,"MEETUP,EXPRESS",2026-07-31 07:57:42,2026-08-12 12:15:42
3284,472,6,零食饮料商品_3284,这是一个测试商品，编号3284，属于零食饮料分类。,2.0,5,/uploads/product/cover_6.jpg,ON_SALE,MEETUP,2026-08-09 13:50:42,2026-08-11 23:38:42
3285,820,15,手工艺品商品_3285,这是一个测试商品，编号3285，属于手工艺品分类。,2.0,1,/uploads/product/cover_2.jpg,ON_SALE,EXPRESS,2026-07-31 07:07:42,2026-08-12 00:10:42
3286,706,12,乐器音响商品_3286,这是一个测试商品，编号3286，属于乐器音响分类。,60.0,1,/uploads/product/cover_17.jpg,ON_SALE,"MEETUP,EXPRESS",2026-08-12 23:16:42,2026-08-14 13:20:42
3287,123,14,宠物用品商品_3287,这是一个测试商品，编号3287，属于宠物用品分类。,25.0,5,/uploads/product/cover_8.jpg,ON_SALE,MEETUP,2026-08-11 22:55:42,2026-08-13 10:43:42
3288,206,6,零食饮料商品_3288,这是一个测试商品，编号3288，属于零食饮料分类。,1.0,2,/uploads/product/cover_10.jpg,ON_SALE,"MEETUP,EXPRESS",2026-08-10 09:19:42,2026-08-12 20:49:42
3289,788,3,日用百货商品_3289,这是一个测试商品，编号3289，属于日用百货分类。,12.0,1,/uploads/product/cover_9.jpg,ON_SALE,"MEETUP,EXPRESS",2026-07-28 21:42:42,2026-08-15 09:46:42
3290,284,14,宠物用品商品_3290,这是一个测试商品，编号3290，属于宠物用品分类。,80.0,1,/uploads/product/cover_1.jpg,ON_SALE,EXPRESS,2026-08-13 21:08:42,2026-08-13 11:48:42
3291,386,4,运动户外商品_3291,这是一个测试商品，编号3291，属于运动户外分类。,80.0,2,/uploads/product/cover_10.jpg,ON_SALE,EXPRESS,2026-08-09 18:13:42,2026-08-11 22:05:42
3292,681,13,交通工具商品_3292,这是一个测试商品，编号3292，属于交通工具分类。,25.0,2,/uploads/product/cover_10.jpg,ON_SALE,MEETUP,2026-08-01 02:40:42,2026-08-11 19:54:42
3293,945,2,电子数码商品_3293,这是一个测试商品，编号3293，属于电子数码分类。,25.0,2,/uploads/product/cover_3.jpg,ON_SALE,"MEETUP,EXPRESS",2026-08-05 03:16:42,2026-08-12 00:28:42
3294,957,1,教材教辅商品_3294,这是一个测试商品，编号3294，属于教材教辅分类。,15.0,2,/uploads/product/cover_10.jpg,ON_SALE,"MEETUP,EXPRESS",2026-07-29 02:02:42,2026-08-15 03:07:42
3295,167,5,服装鞋帽商品_3295,这是一个测试商品，编号3295，属于服装鞋帽分类。,150.0,5,/uploads/product/cover_12.jpg,ON_SALE,"MEETUP,EXPRESS",2026-08-15 04:31:42,2026-08-12 00:15:42
3296,835,6,零食饮料商品_3296,这是一个测试商品，编号3296，属于零食饮料分类。,15.0,2,/uploads/product/cover_18.jpg,ON_SALE,"MEETUP,EXPRESS",2026-08-14 15:56:42,2026-08-12 04:24:42
3297,519,2,电子数码商品_3297,这是一个测试商品，编号3297，属于电子数码分类。,2.0,4,/uploads/product/cover_13.jpg,ON_SALE,MEETUP,2026-08-15 14:59:42,2026-08-12 17:52:42
3298,382,5,服装鞋帽商品_3298,这是一个测试商品，编号3298，属于服装鞋帽分类。,150.0,1,/uploads/product/cover_5.jpg,ON_SALE,MEETUP,2026-08-02 06:52:42,2026-08-15 21:00:42
3299,130,2,电子数码商品_3299,这是一个测试商品，编号3299，属于电子数码分类。,100.0,4,/uploads/product/cover_5.jpg,ON_SALE,MEETUP,2026-08-01 07:50:42,2026-08-16 17:54:42
3300,221,14,宠物用品商品_3300,这是一个测试商品，编号3300，属于宠物用品分类。,3.0,4,/uploads/product/cover_18.jpg,ON_SALE,MEETUP,2026-08-01 09:40:42,2026-08-12 03:14:42
3301,243,5,服装鞋帽商品_3301,这是一个测试商品，编号3301，属于服装鞋帽分类。,120.0,4,/uploads/product/cover_3.jpg,ON_SALE,EXPRESS,2026-07-30 10:04:42,2026-08-14 02:51:42
3302,887,4,运动户外商品_3302,这是一个测试商品，编号3302，属于运动户外分类。,3.0,1,/uploads/product/cover_6.jpg,ON_SALE,"MEETUP,EXPRESS",2026-08-11 00:04:42,2026-08-16 01:45:42
3303,197,4,运动户外商品_3303,这是一个测试商品，编号3303，属于运动户外分类。,8.0,4,/uploads/product/cover_5.jpg,ON_SALE,MEETUP,2026-08-13 16:47:42,2026-08-11 21:22:42
3304,957,12,乐器音响商品_3304,这是一个测试商品，编号3304，属于乐器音响分类。,10.0,2,/uploads/product/cover_3.jpg,ON_SALE,"MEETUP,EXPRESS",2026-08-12 06:46:42,2026-08-15 04:54:42
3305,372,7,文具办公商品_3305,这是一个测试商品，编号3305，属于文具办公分类。,10.0,4,/uploads/product/cover_10.jpg,ON_SALE,EXPRESS,2026-08-10 21:33:42,2026-08-15 14:19:42
3306,164,5,服装鞋帽商品_3306,这是一个测试商品，编号3306，属于服装鞋帽分类。,1.0,4,/uploads/product/cover_11.jpg,ON_SALE,EXPRESS,2026-08-08 03:31:42,2026-08-15 16:28:42
3307,617,5,服装鞋帽商品_3307,这是一个测试商品，编号3307，属于服装鞋帽分类。,15.0,3,/uploads/product/cover_12.jpg,ON_SALE,EXPRESS,2026-08-15 12:31:42,2026-08-14 11:33:42
3308,766,3,日用百货商品_3308,这是一个测试商品，编号3308，属于日用百货分类。,200.0,2,/uploads/product/cover_15.jpg,ON_SALE,"MEETUP,EXPRESS",2026-08-08 05:28:42,2026-08-13 06:08:42
3309,866,3,日用百货商品_3309,这是一个测试商品，编号3309，属于日用百货分类。,30.0,4,/uploads/product/cover_16.jpg,ON_SALE,MEETUP,2026-08-14 03:36:42,2026-08-13 00:55:42
3310,285,13,交通工具商品_3310,这是一个测试商品，编号3310，属于交通工具分类。,2.0,3,/uploads/product/cover_6.jpg,ON_SALE,"MEETUP,EXPRESS",2026-08-06 19:07:42,2026-08-14 20:53:42
3311,369,5,服装鞋帽商品_3311,这是一个测试商品，编号3311，属于服装鞋帽分类。,8.0,2,/uploads/product/cover_12.jpg,ON_SALE,MEETUP,2026-07-28 04:21:42,2026-08-16 06:38:42
3312,235,2,电子数码商品_3312,这是一个测试商品，编号3312，属于电子数码分类。,25.0,5,/uploads/product/cover_13.jpg,ON_SALE,"MEETUP,EXPRESS",2026-08-10 09:01:42,2026-08-11 23:24:42
3313,935,2,电子数码商品_3313,这是一个测试商品，编号3313，属于电子数码分类。,100.0,1,/uploads/product/cover_14.jpg,ON_SALE,"MEETUP,EXPRESS",2026-08-13 07:31:42,2026-08-14 10:59:42
3314,906,3,日用百货商品_3314,这是一个测试商品，编号3314，属于日用百货分类。,2.0,1,/uploads/product/cover_4.jpg,ON_SALE,EXPRESS,2026-08-06 10:04:42,2026-08-15 10:55:42
3315,96,1,教材教辅商品_3315,这是一个测试商品，编号3315，属于教材教辅分类。,2.0,3,/uploads/product/cover_7.jpg,ON_SALE,EXPRESS,2026-08-01 23:05:42,2026-08-15 20:22:42
3316,426,1,教材教辅商品_3316,这是一个测试商品，编号3316，属于教材教辅分类。,120.0,5,/uploads/product/cover_17.jpg,ON_SALE,"MEETUP,EXPRESS",2026-08-06 02:10:42,2026-08-14 07:23:42
3317,661,7,文具办公商品_3317,这是一个测试商品，编号3317，属于文具办公分类。,100.0,3,/uploads/product/cover_11.jpg,ON_SALE,MEETUP,2026-07-30 04:32:42,2026-08-12 04:19:42
3318,579,5,服装鞋帽商品_3318,这是一个测试商品，编号3318，属于服装鞋帽分类。,25.0,2,/uploads/product/cover_12.jpg,ON_SALE,EXPRESS,2026-08-07 13:15:42,2026-08-11 22:52:42
3319,749,4,运动户外商品_3319,这是一个测试商品，编号3319，属于运动户外分类。,200.0,4,/uploads/product/cover_17.jpg,ON_SALE,"MEETUP,EXPRESS",2026-08-01 08:30:42,2026-08-12 10:18:42
3320,507,6,零食饮料商品_3320,这是一个测试商品，编号3320，属于零食饮料分类。,60.0,1,/uploads/product/cover_15.jpg,ON_SALE,EXPRESS,2026-08-03 02:56:42,2026-08-15 08:41:42
3321,59,2,电子数码商品_3321,这是一个测试商品，编号3321，属于电子数码分类。,60.0,3,/uploads/product/cover_17.jpg,ON_SALE,"MEETUP,EXPRESS",2026-07-30 06:27:42,2026-08-11 21:06:42
3322,947,6,零食饮料商品_3322,这是一个测试商品，编号3322，属于零食饮料分类。,150.0,1,/uploads/product/cover_4.jpg,ON_SALE,EXPRESS,2026-08-08 20:58:42,2026-08-15 09:29:42
3323,494,11,图书小说商品_3323,这是一个测试商品，编号3323，属于图书小说分类。,15.0,5,/uploads/product/cover_20.jpg,ON_SALE,EXPRESS,2026-08-12 04:34:42,2026-08-15 12:27:42
3324,922,1,教材教辅商品_3324,这是一个测试商品，编号3324，属于教材教辅分类。,20.0,1,/uploads/product/cover_5.jpg,ON_SALE,EXPRESS,2026-07-28 07:00:42,2026-08-11 22:31:42
3325,196,2,电子数码商品_3325,这是一个测试商品，编号3325，属于电子数码分类。,1.0,5,/uploads/product/cover_16.jpg,ON_SALE,MEETUP,2026-08-02 17:32:42,2026-08-15 13:53:42
3326,577,7,文具办公商品_3326,这是一个测试商品，编号3326，属于文具办公分类。,100.0,1,/uploads/product/cover_8.jpg,ON_SALE,EXPRESS,2026-08-16 16:37:42,2026-08-14 05:38:42
3327,810,10,家居家电商品_3327,这是一个测试商品，编号3327，属于家居家电分类。,20.0,4,/uploads/product/cover_6.jpg,ON_SALE,EXPRESS,2026-07-28 21:37:42,2026-08-15 21:52:42
3328,217,8,美妆护肤商品_3328,这是一个测试商品，编号3328，属于美妆护肤分类。,8.0,3,/uploads/product/cover_17.jpg,ON_SALE,"MEETUP,EXPRESS",2026-08-04 00:06:42,2026-08-15 14:10:42
3329,748,15,手工艺品商品_3329,这是一个测试商品，编号3329，属于手工艺品分类。,60.0,5,/uploads/product/cover_9.jpg,ON_SALE,"MEETUP,EXPRESS",2026-08-14 16:26:42,2026-08-16 11:59:42
3330,35,12,乐器音响商品_3330,这是一个测试商品，编号3330，属于乐器音响分类。,100.0,4,/uploads/product/cover_1.jpg,ON_SALE,EXPRESS,2026-08-02 15:22:42,2026-08-14 05:02:42
3331,470,9,游戏动漫商品_3331,这是一个测试商品，编号3331，属于游戏动漫分类。,10.0,4,/uploads/product/cover_16.jpg,ON_SALE,EXPRESS,2026-08-09 03:42:42,2026-08-16 05:04:42
3332,585,8,美妆护肤商品_3332,这是一个测试商品，编号3332，属于美妆护肤分类。,30.0,3,/uploads/product/cover_20.jpg,ON_SALE,"MEETUP,EXPRESS",2026-08-01 09:29:42,2026-08-16 16:53:42
3333,17,11,图书小说商品_3333,这是一个测试商品，编号3333，属于图书小说分类。,3.0,5,/uploads/product/cover_15.jpg,ON_SALE,MEETUP,2026-08-07 17:55:42,2026-08-11 20:26:42
3334,57,9,游戏动漫商品_3334,这是一个测试商品，编号3334，属于游戏动漫分类。,15.0,2,/uploads/product/cover_5.jpg,ON_SALE,MEETUP,2026-08-04 06:08:42,2026-08-16 01:55:42
3335,387,1,教材教辅商品_3335,这是一个测试商品，编号3335，属于教材教辅分类。,20.0,5,/uploads/product/cover_11.jpg,ON_SALE,"MEETUP,EXPRESS",2026-08-02 17:55:42,2026-08-13 17:02:42
3336,22,1,教材教辅商品_3336,这是一个测试商品，编号3336，属于教材教辅分类。,20.0,2,/uploads/product/cover_5.jpg,ON_SALE,"MEETUP,EXPRESS",2026-08-13 13:11:42,2026-08-13 01:02:42
3337,224,6,零食饮料商品_3337,这是一个测试商品，编号3337，属于零食饮料分类。,10.0,1,/uploads/product/cover_2.jpg,ON_SALE,"MEETUP,EXPRESS",2026-08-14 00:57:42,2026-08-15 19:31:42
3338,580,13,交通工具商品_3338,这是一个测试商品，编号3338，属于交通工具分类。,80.0,3,/uploads/product/cover_19.jpg,ON_SALE,"MEETUP,EXPRESS",2026-08-16 05:57:42,2026-08-13 05:16:42
3339,531,14,宠物用品商品_3339,这是一个测试商品，编号3339，属于宠物用品分类。,25.0,1,/uploads/product/cover_2.jpg,ON_SALE,"MEETUP,EXPRESS",2026-08-06 23:36:42,2026-08-16 16:05:42
3340,823,4,运动户外商品_3340,这是一个测试商品，编号3340，属于运动户外分类。,8.0,2,/uploads/product/cover_18.jpg,ON_SALE,"MEETUP,EXPRESS",2026-08-12 07:48:42,2026-08-12 06:39:42
3341,792,15,手工艺品商品_3341,这是一个测试商品，编号3341，属于手工艺品分类。,30.0,5,/uploads/product/cover_11.jpg,ON_SALE,EXPRESS,2026-08-04 15:28:42,2026-08-13 14:49:42
3342,65,1,教材教辅商品_3342,这是一个测试商品，编号3342，属于教材教辅分类。,25.0,2,/uploads/product/cover_11.jpg,ON_SALE,MEETUP,2026-08-06 23:31:42,2026-08-14 08:53:42
3343,996,12,乐器音响商品_3343,这是一个测试商品，编号3343，属于乐器音响分类。,50.0,3,/uploads/product/cover_6.jpg,ON_SALE,EXPRESS,2026-08-14 02:13:42,2026-08-15 08:02:42
3344,819,11,图书小说商品_3344,这是一个测试商品，编号3344，属于图书小说分类。,150.0,5,/uploads/product/cover_2.jpg,ON_SALE,MEETUP,2026-08-02 07:16:42,2026-08-14 17:59:42
3345,175,3,日用百货商品_3345,这是一个测试商品，编号3345，属于日用百货分类。,200.0,3,/uploads/product/cover_5.jpg,ON_SALE,MEETUP,2026-08-10 11:32:42,2026-08-15 11:48:42
3346,676,11,图书小说商品_3346,这是一个测试商品，编号3346，属于图书小说分类。,12.0,3,/uploads/product/cover_10.jpg,ON_SALE,EXPRESS,2026-08-02 03:48:42,2026-08-15 14:55:42
3347,159,7,文具办公商品_3347,这是一个测试商品，编号3347，属于文具办公分类。,5.0,1,/uploads/product/cover_7.jpg,ON_SALE,EXPRESS,2026-08-12 18:40:42,2026-08-16 02:29:42
3348,461,14,宠物用品商品_3348,这是一个测试商品，编号3348，属于宠物用品分类。,8.0,4,/uploads/product/cover_9.jpg,ON_SALE,MEETUP,2026-07-31 13:44:42,2026-08-11 19:24:42
3349,568,8,美妆护肤商品_3349,这是一个测试商品，编号3349，属于美妆护肤分类。,5.0,2,/uploads/product/cover_20.jpg,ON_SALE,"MEETUP,EXPRESS",2026-08-15 09:16:42,2026-08-13 11:53:42
3350,715,7,文具办公商品_3350,这是一个测试商品，编号3350，属于文具办公分类。,3.0,4,/uploads/product/cover_15.jpg,ON_SALE,MEETUP,2026-08-11 00:31:42,2026-08-15 22:45:42
3351,971,11,图书小说商品_3351,这是一个测试商品，编号3351，属于图书小说分类。,8.0,3,/uploads/product/cover_20.jpg,ON_SALE,EXPRESS,2026-08-13 22:53:42,2026-08-13 20:24:42
3352,126,5,服装鞋帽商品_3352,这是一个测试商品，编号3352，属于服装鞋帽分类。,8.0,5,/uploads/product/cover_11.jpg,ON_SALE,MEETUP,2026-08-05 22:23:42,2026-08-13 19:36:42
3353,932,6,零食饮料商品_3353,这是一个测试商品，编号3353，属于零食饮料分类。,8.0,4,/uploads/product/cover_15.jpg,ON_SALE,EXPRESS,2026-08-13 11:11:42,2026-08-13 15:33:42
3354,203,3,日用百货商品_3354,这是一个测试商品，编号3354，属于日用百货分类。,150.0,4,/uploads/product/cover_17.jpg,ON_SALE,EXPRESS,2026-07-29 12:15:42,2026-08-15 01:57:42
3355,870,13,交通工具商品_3355,这是一个测试商品，编号3355，属于交通工具分类。,12.0,2,/uploads/product/cover_5.jpg,ON_SALE,"MEETUP,EXPRESS",2026-08-02 06:28:42,2026-08-14 10:07:42
3356,752,11,图书小说商品_3356,这是一个测试商品，编号3356，属于图书小说分类。,120.0,3,/uploads/product/cover_5.jpg,ON_SALE,MEETUP,2026-08-06 23:06:42,2026-08-14 05:11:42
3357,313,11,图书小说商品_3357,这是一个测试商品，编号3357，属于图书小说分类。,1.0,3,/uploads/product/cover_2.jpg,ON_SALE,"MEETUP,EXPRESS",2026-08-15 19:54:42,2026-08-14 22:49:42
3358,871,4,运动户外商品_3358,这是一个测试商品，编号3358，属于运动户外分类。,200.0,4,/uploads/product/cover_14.jpg,ON_SALE,MEETUP,2026-07-29 09:33:42,2026-08-15 01:20:42
3359,177,3,日用百货商品_3359,这是一个测试商品，编号3359，属于日用百货分类。,80.0,2,/uploads/product/cover_10.jpg,ON_SALE,MEETUP,2026-08-09 12:33:42,2026-08-13 05:23:42
3360,829,3,日用百货商品_3360,这是一个测试商品，编号3360，属于日用百货分类。,50.0,5,/uploads/product/cover_20.jpg,ON_SALE,EXPRESS,2026-08-03 07:06:42,2026-08-12 21:32:42
3361,311,11,图书小说商品_3361,这是一个测试商品，编号3361，属于图书小说分类。,30.0,1,/uploads/product/cover_8.jpg,ON_SALE,EXPRESS,2026-07-28 01:55:42,2026-08-16 12:41:42
3362,829,11,图书小说商品_3362,这是一个测试商品，编号3362，属于图书小说分类。,12.0,4,/uploads/product/cover_3.jpg,ON_SALE,EXPRESS,2026-08-14 07:12:42,2026-08-13 03:55:42
3363,102,15,手工艺品商品_3363,这是一个测试商品，编号3363，属于手工艺品分类。,200.0,1,/uploads/product/cover_4.jpg,ON_SALE,"MEETUP,EXPRESS",2026-08-04 19:06:42,2026-08-12 15:15:42
3364,390,4,运动户外商品_3364,这是一个测试商品，编号3364，属于运动户外分类。,30.0,1,/uploads/product/cover_12.jpg,ON_SALE,"MEETUP,EXPRESS",2026-07-28 10:45:42,2026-08-12 16:48:42
3365,367,8,美妆护肤商品_3365,这是一个测试商品，编号3365，属于美妆护肤分类。,120.0,4,/uploads/product/cover_11.jpg,ON_SALE,"MEETUP,EXPRESS",2026-07-29 16:31:42,2026-08-14 23:27:42
3366,902,1,教材教辅商品_3366,这是一个测试商品，编号3366，属于教材教辅分类。,2.0,3,/uploads/product/cover_15.jpg,ON_SALE,EXPRESS,2026-07-28 14:48:42,2026-08-14 16:53:42
3367,672,14,宠物用品商品_3367,这是一个测试商品，编号3367，属于宠物用品分类。,120.0,1,/uploads/product/cover_2.jpg,ON_SALE,"MEETUP,EXPRESS",2026-07-29 10:37:42,2026-08-15 18:53:42
3368,143,8,美妆护肤商品_3368,这是一个测试商品，编号3368，属于美妆护肤分类。,12.0,2,/uploads/product/cover_5.jpg,ON_SALE,"MEETUP,EXPRESS",2026-08-04 08:30:42,2026-08-12 09:46:42
3369,458,11,图书小说商品_3369,这是一个测试商品，编号3369，属于图书小说分类。,8.0,2,/uploads/product/cover_18.jpg,ON_SALE,"MEETUP,EXPRESS",2026-07-31 13:31:42,2026-08-15 13:00:42
3370,404,7,文具办公商品_3370,这是一个测试商品，编号3370，属于文具办公分类。,12.0,2,/uploads/product/cover_4.jpg,ON_SALE,"MEETUP,EXPRESS",2026-08-07 11:50:42,2026-08-16 04:34:42
3371,235,14,宠物用品商品_3371,这是一个测试商品，编号3371，属于宠物用品分类。,60.0,4,/uploads/product/cover_3.jpg,ON_SALE,MEETUP,2026-08-13 10:01:42,2026-08-15 05:09:42
3372,917,3,日用百货商品_3372,这是一个测试商品，编号3372，属于日用百货分类。,200.0,5,/uploads/product/cover_8.jpg,ON_SALE,"MEETUP,EXPRESS",2026-08-03 21:04:42,2026-08-13 19:31:42
3373,910,5,服装鞋帽商品_3373,这是一个测试商品，编号3373，属于服装鞋帽分类。,20.0,2,/uploads/product/cover_17.jpg,ON_SALE,EXPRESS,2026-08-09 19:23:42,2026-08-16 05:24:42
3374,308,12,乐器音响商品_3374,这是一个测试商品，编号3374，属于乐器音响分类。,30.0,5,/uploads/product/cover_20.jpg,ON_SALE,MEETUP,2026-08-07 17:33:42,2026-08-12 09:13:42
3375,486,4,运动户外商品_3375,这是一个测试商品，编号3375，属于运动户外分类。,150.0,5,/uploads/product/cover_19.jpg,ON_SALE,MEETUP,2026-08-01 08:47:42,2026-08-12 00:25:42
3376,821,11,图书小说商品_3376,这是一个测试商品，编号3376，属于图书小说分类。,50.0,3,/uploads/product/cover_11.jpg,ON_SALE,EXPRESS,2026-08-02 00:20:42,2026-08-12 01:44:42
3377,192,6,零食饮料商品_3377,这是一个测试商品，编号3377，属于零食饮料分类。,200.0,3,/uploads/product/cover_10.jpg,ON_SALE,"MEETUP,EXPRESS",2026-08-08 14:48:42,2026-08-16 18:48:42
3378,308,2,电子数码商品_3378,这是一个测试商品，编号3378，属于电子数码分类。,3.0,1,/uploads/product/cover_16.jpg,ON_SALE,MEETUP,2026-07-31 08:04:42,2026-08-14 07:42:42
3379,580,12,乐器音响商品_3379,这是一个测试商品，编号3379，属于乐器音响分类。,10.0,3,/uploads/product/cover_15.jpg,ON_SALE,EXPRESS,2026-07-28 01:31:42,2026-08-13 14:08:42
3380,442,14,宠物用品商品_3380,这是一个测试商品，编号3380，属于宠物用品分类。,50.0,2,/uploads/product/cover_8.jpg,ON_SALE,EXPRESS,2026-08-06 10:56:42,2026-08-16 17:08:42
3381,688,11,图书小说商品_3381,这是一个测试商品，编号3381，属于图书小说分类。,30.0,3,/uploads/product/cover_12.jpg,ON_SALE,"MEETUP,EXPRESS",2026-07-28 08:00:42,2026-08-14 22:32:42
3382,410,8,美妆护肤商品_3382,这是一个测试商品，编号3382，属于美妆护肤分类。,80.0,4,/uploads/product/cover_7.jpg,ON_SALE,"MEETUP,EXPRESS",2026-08-11 07:45:42,2026-08-14 07:22:42
3383,737,13,交通工具商品_3383,这是一个测试商品，编号3383，属于交通工具分类。,25.0,1,/uploads/product/cover_4.jpg,ON_SALE,"MEETUP,EXPRESS",2026-08-12 19:03:42,2026-08-16 16:27:42
3384,360,8,美妆护肤商品_3384,这是一个测试商品，编号3384，属于美妆护肤分类。,20.0,2,/uploads/product/cover_7.jpg,ON_SALE,MEETUP,2026-07-30 12:29:42,2026-08-15 09:02:42
3385,577,2,电子数码商品_3385,这是一个测试商品，编号3385，属于电子数码分类。,50.0,3,/uploads/product/cover_3.jpg,ON_SALE,MEETUP,2026-08-03 00:36:42,2026-08-14 11:20:42
3386,508,8,美妆护肤商品_3386,这是一个测试商品，编号3386，属于美妆护肤分类。,120.0,1,/uploads/product/cover_15.jpg,ON_SALE,"MEETUP,EXPRESS",2026-08-09 08:12:42,2026-08-12 12:33:42
3387,918,11,图书小说商品_3387,这是一个测试商品，编号3387，属于图书小说分类。,60.0,5,/uploads/product/cover_3.jpg,ON_SALE,"MEETUP,EXPRESS",2026-08-05 10:21:42,2026-08-15 08:28:42
3388,163,4,运动户外商品_3388,这是一个测试商品，编号3388，属于运动户外分类。,25.0,5,/uploads/product/cover_14.jpg,ON_SALE,MEETUP,2026-08-09 21:06:42,2026-08-15 15:28:42
3389,85,1,教材教辅商品_3389,这是一个测试商品，编号3389，属于教材教辅分类。,30.0,5,/uploads/product/cover_20.jpg,ON_SALE,"MEETUP,EXPRESS",2026-07-30 05:13:42,2026-08-11 21:09:42
3390,721,9,游戏动漫商品_3390,这是一个测试商品，编号3390，属于游戏动漫分类。,25.0,3,/uploads/product/cover_5.jpg,ON_SALE,EXPRESS,2026-08-01 03:34:42,2026-08-16 08:41:42
3391,407,13,交通工具商品_3391,这是一个测试商品，编号3391，属于交通工具分类。,12.0,2,/uploads/product/cover_2.jpg,ON_SALE,EXPRESS,2026-07-29 04:00:42,2026-08-14 17:03:42
3392,394,10,家居家电商品_3392,这是一个测试商品，编号3392，属于家居家电分类。,3.0,5,/uploads/product/cover_4.jpg,ON_SALE,EXPRESS,2026-08-11 19:21:42,2026-08-13 19:30:42
3393,531,10,家居家电商品_3393,这是一个测试商品，编号3393，属于家居家电分类。,1.0,3,/uploads/product/cover_10.jpg,ON_SALE,"MEETUP,EXPRESS",2026-08-03 09:03:42,2026-08-12 11:42:42
3394,102,2,电子数码商品_3394,这是一个测试商品，编号3394，属于电子数码分类。,15.0,3,/uploads/product/cover_13.jpg,ON_SALE,EXPRESS,2026-07-30 08:36:42,2026-08-16 13:31:42
3395,767,2,电子数码商品_3395,这是一个测试商品，编号3395，属于电子数码分类。,30.0,5,/uploads/product/cover_2.jpg,ON_SALE,MEETUP,2026-08-15 20:40:42,2026-08-13 11:45:42
3396,237,12,乐器音响商品_3396,这是一个测试商品，编号3396，属于乐器音响分类。,2.0,1,/uploads/product/cover_18.jpg,ON_SALE,MEETUP,2026-08-11 14:17:42,2026-08-16 05:03:42
3397,363,2,电子数码商品_3397,这是一个测试商品，编号3397，属于电子数码分类。,3.0,2,/uploads/product/cover_2.jpg,ON_SALE,MEETUP,2026-08-08 23:23:42,2026-08-13 16:14:42
3398,687,9,游戏动漫商品_3398,这是一个测试商品，编号3398，属于游戏动漫分类。,200.0,3,/uploads/product/cover_11.jpg,ON_SALE,MEETUP,2026-08-07 12:54:42,2026-08-16 04:14:42
3399,300,14,宠物用品商品_3399,这是一个测试商品，编号3399，属于宠物用品分类。,1.0,4,/uploads/product/cover_16.jpg,ON_SALE,MEETUP,2026-08-07 15:14:42,2026-08-14 05:03:42
3400,862,14,宠物用品商品_3400,这是一个测试商品，编号3400，属于宠物用品分类。,2.0,1,/uploads/product/cover_17.jpg,ON_SALE,"MEETUP,EXPRESS",2026-08-13 06:40:42,2026-08-15 12:59:42
3401,376,14,宠物用品商品_3401,这是一个测试商品，编号3401，属于宠物用品分类。,100.0,2,/uploads/product/cover_14.jpg,ON_SALE,"MEETUP,EXPRESS",2026-08-15 08:26:42,2026-08-14 04:11:42
3402,518,7,文具办公商品_3402,这是一个测试商品，编号3402，属于文具办公分类。,3.0,1,/uploads/product/cover_15.jpg,ON_SALE,"MEETUP,EXPRESS",2026-08-11 08:54:42,2026-08-12 19:31:42
3403,438,1,教材教辅商品_3403,这是一个测试商品，编号3403，属于教材教辅分类。,8.0,4,/uploads/product/cover_19.jpg,ON_SALE,EXPRESS,2026-08-05 18:23:42,2026-08-13 20:46:42
3404,437,1,教材教辅商品_3404,这是一个测试商品，编号3404，属于教材教辅分类。,15.0,4,/uploads/product/cover_17.jpg,ON_SALE,EXPRESS,2026-08-03 07:33:42,2026-08-15 14:31:42
3405,782,8,美妆护肤商品_3405,这是一个测试商品，编号3405，属于美妆护肤分类。,150.0,3,/uploads/product/cover_4.jpg,ON_SALE,EXPRESS,2026-08-08 16:44:42,2026-08-14 18:12:42
3406,771,4,运动户外商品_3406,这是一个测试商品，编号3406，属于运动户外分类。,150.0,5,/uploads/product/cover_14.jpg,ON_SALE,EXPRESS,2026-08-07 02:01:42,2026-08-15 08:18:42
3407,807,1,教材教辅商品_3407,这是一个测试商品，编号3407，属于教材教辅分类。,3.0,1,/uploads/product/cover_1.jpg,ON_SALE,"MEETUP,EXPRESS",2026-07-29 21:12:42,2026-08-15 17:58:42
3408,526,2,电子数码商品_3408,这是一个测试商品，编号3408，属于电子数码分类。,25.0,4,/uploads/product/cover_7.jpg,ON_SALE,EXPRESS,2026-07-30 15:18:42,2026-08-14 20:12:42
3409,596,8,美妆护肤商品_3409,这是一个测试商品，编号3409，属于美妆护肤分类。,30.0,1,/uploads/product/cover_19.jpg,ON_SALE,"MEETUP,EXPRESS",2026-07-31 00:19:42,2026-08-15 01:02:42
3410,877,10,家居家电商品_3410,这是一个测试商品，编号3410，属于家居家电分类。,20.0,5,/uploads/product/cover_16.jpg,ON_SALE,EXPRESS,2026-08-12 15:29:42,2026-08-14 18:49:42
3411,869,2,电子数码商品_3411,这是一个测试商品，编号3411，属于电子数码分类。,60.0,4,/uploads/product/cover_12.jpg,ON_SALE,MEETUP,2026-08-02 19:55:42,2026-08-16 02:53:42
3412,989,7,文具办公商品_3412,这是一个测试商品，编号3412，属于文具办公分类。,60.0,4,/uploads/product/cover_11.jpg,ON_SALE,EXPRESS,2026-08-12 14:29:42,2026-08-15 09:17:42
3413,802,6,零食饮料商品_3413,这是一个测试商品，编号3413，属于零食饮料分类。,15.0,2,/uploads/product/cover_17.jpg,ON_SALE,EXPRESS,2026-08-09 13:23:42,2026-08-16 06:00:42
3414,447,13,交通工具商品_3414,这是一个测试商品，编号3414，属于交通工具分类。,1.0,1,/uploads/product/cover_16.jpg,ON_SALE,MEETUP,2026-08-10 16:42:42,2026-08-15 23:06:42
3415,824,15,手工艺品商品_3415,这是一个测试商品，编号3415，属于手工艺品分类。,12.0,3,/uploads/product/cover_19.jpg,ON_SALE,"MEETUP,EXPRESS",2026-08-13 11:35:42,2026-08-14 20:05:42
3416,762,11,图书小说商品_3416,这是一个测试商品，编号3416，属于图书小说分类。,25.0,4,/uploads/product/cover_6.jpg,ON_SALE,MEETUP,2026-08-05 23:40:42,2026-08-13 05:13:42
3417,379,2,电子数码商品_3417,这是一个测试商品，编号3417，属于电子数码分类。,15.0,5,/uploads/product/cover_5.jpg,ON_SALE,MEETUP,2026-08-03 05:15:42,2026-08-14 15:31:42
3418,220,8,美妆护肤商品_3418,这是一个测试商品，编号3418，属于美妆护肤分类。,20.0,2,/uploads/product/cover_16.jpg,ON_SALE,"MEETUP,EXPRESS",2026-08-06 10:21:42,2026-08-15 05:44:42
3419,548,14,宠物用品商品_3419,这是一个测试商品，编号3419，属于宠物用品分类。,15.0,2,/uploads/product/cover_10.jpg,ON_SALE,"MEETUP,EXPRESS",2026-08-09 08:54:42,2026-08-15 12:37:42
3420,412,12,乐器音响商品_3420,这是一个测试商品，编号3420，属于乐器音响分类。,5.0,4,/uploads/product/cover_10.jpg,ON_SALE,EXPRESS,2026-08-02 22:23:42,2026-08-13 08:27:42
3421,309,7,文具办公商品_3421,这是一个测试商品，编号3421，属于文具办公分类。,200.0,3,/uploads/product/cover_10.jpg,ON_SALE,EXPRESS,2026-08-08 01:46:42,2026-08-16 02:01:42
3422,911,4,运动户外商品_3422,这是一个测试商品，编号3422，属于运动户外分类。,25.0,5,/uploads/product/cover_18.jpg,ON_SALE,EXPRESS,2026-08-11 15:07:42,2026-08-15 07:58:42
3423,334,9,游戏动漫商品_3423,这是一个测试商品，编号3423，属于游戏动漫分类。,60.0,4,/uploads/product/cover_16.jpg,ON_SALE,MEETUP,2026-08-15 07:52:42,2026-08-15 16:34:42
3424,68,5,服装鞋帽商品_3424,这是一个测试商品，编号3424，属于服装鞋帽分类。,80.0,4,/uploads/product/cover_12.jpg,ON_SALE,"MEETUP,EXPRESS",2026-07-29 20:13:42,2026-08-13 08:11:42
3425,429,12,乐器音响商品_3425,这是一个测试商品，编号3425，属于乐器音响分类。,8.0,2,/uploads/product/cover_18.jpg,ON_SALE,MEETUP,2026-08-08 09:25:42,2026-08-13 16:41:42
3426,316,3,日用百货商品_3426,这是一个测试商品，编号3426，属于日用百货分类。,15.0,3,/uploads/product/cover_8.jpg,ON_SALE,EXPRESS,2026-07-30 19:56:42,2026-08-15 10:00:42
3427,852,1,教材教辅商品_3427,这是一个测试商品，编号3427，属于教材教辅分类。,15.0,4,/uploads/product/cover_12.jpg,ON_SALE,MEETUP,2026-08-11 23:09:42,2026-08-12 04:29:42
3428,860,6,零食饮料商品_3428,这是一个测试商品，编号3428，属于零食饮料分类。,3.0,4,/uploads/product/cover_6.jpg,ON_SALE,EXPRESS,2026-08-15 05:03:42,2026-08-12 22:52:42
3429,888,15,手工艺品商品_3429,这是一个测试商品，编号3429，属于手工艺品分类。,100.0,5,/uploads/product/cover_8.jpg,ON_SALE,"MEETUP,EXPRESS",2026-08-04 04:01:42,2026-08-13 04:39:42
3430,319,1,教材教辅商品_3430,这是一个测试商品，编号3430，属于教材教辅分类。,20.0,5,/uploads/product/cover_9.jpg,ON_SALE,"MEETUP,EXPRESS",2026-07-29 02:58:42,2026-08-15 19:06:42
3431,781,9,游戏动漫商品_3431,这是一个测试商品，编号3431，属于游戏动漫分类。,20.0,2,/uploads/product/cover_2.jpg,ON_SALE,"MEETUP,EXPRESS",2026-08-09 20:57:42,2026-08-14 17:16:42
3432,754,6,零食饮料商品_3432,这是一个测试商品，编号3432，属于零食饮料分类。,100.0,5,/uploads/product/cover_6.jpg,ON_SALE,MEETUP,2026-08-13 03:43:42,2026-08-15 17:42:42
3433,82,7,文具办公商品_3433,这是一个测试商品，编号3433，属于文具办公分类。,5.0,4,/uploads/product/cover_13.jpg,ON_SALE,MEETUP,2026-08-02 20:32:42,2026-08-16 01:56:42
3434,274,9,游戏动漫商品_3434,这是一个测试商品，编号3434，属于游戏动漫分类。,25.0,5,/uploads/product/cover_16.jpg,ON_SALE,EXPRESS,2026-07-28 04:22:42,2026-08-12 02:36:42
3435,359,11,图书小说商品_3435,这是一个测试商品，编号3435，属于图书小说分类。,60.0,4,/uploads/product/cover_20.jpg,ON_SALE,EXPRESS,2026-08-05 04:11:42,2026-08-12 03:50:42
3436,102,14,宠物用品商品_3436,这是一个测试商品，编号3436，属于宠物用品分类。,200.0,5,/uploads/product/cover_3.jpg,ON_SALE,MEETUP,2026-07-28 09:29:42,2026-08-15 22:00:42
3437,627,15,手工艺品商品_3437,这是一个测试商品，编号3437，属于手工艺品分类。,10.0,4,/uploads/product/cover_19.jpg,ON_SALE,EXPRESS,2026-08-11 11:15:42,2026-08-12 07:49:42
3438,22,14,宠物用品商品_3438,这是一个测试商品，编号3438，属于宠物用品分类。,120.0,2,/uploads/product/cover_5.jpg,ON_SALE,MEETUP,2026-07-31 06:30:42,2026-08-12 05:21:42
3439,995,5,服装鞋帽商品_3439,这是一个测试商品，编号3439，属于服装鞋帽分类。,60.0,2,/uploads/product/cover_1.jpg,ON_SALE,"MEETUP,EXPRESS",2026-08-09 13:31:42,2026-08-14 17:14:42
3440,234,15,手工艺品商品_3440,这是一个测试商品，编号3440，属于手工艺品分类。,10.0,3,/uploads/product/cover_5.jpg,ON_SALE,MEETUP,2026-08-13 15:38:42,2026-08-15 17:09:42
3441,454,6,零食饮料商品_3441,这是一个测试商品，编号3441，属于零食饮料分类。,8.0,1,/uploads/product/cover_8.jpg,ON_SALE,"MEETUP,EXPRESS",2026-08-06 13:02:42,2026-08-12 09:17:42
3442,383,7,文具办公商品_3442,这是一个测试商品，编号3442，属于文具办公分类。,25.0,1,/uploads/product/cover_8.jpg,ON_SALE,EXPRESS,2026-07-29 05:00:42,2026-08-16 18:21:42
3443,277,13,交通工具商品_3443,这是一个测试商品，编号3443，属于交通工具分类。,50.0,5,/uploads/product/cover_16.jpg,ON_SALE,"MEETUP,EXPRESS",2026-08-07 08:42:42,2026-08-12 05:21:42
3444,455,2,电子数码商品_3444,这是一个测试商品，编号3444，属于电子数码分类。,3.0,2,/uploads/product/cover_19.jpg,ON_SALE,MEETUP,2026-08-03 03:31:42,2026-08-15 15:15:42
3445,963,6,零食饮料商品_3445,这是一个测试商品，编号3445，属于零食饮料分类。,80.0,3,/uploads/product/cover_11.jpg,ON_SALE,MEETUP,2026-08-14 10:09:42,2026-08-15 15:33:42
3446,759,15,手工艺品商品_3446,这是一个测试商品，编号3446，属于手工艺品分类。,80.0,5,/uploads/product/cover_7.jpg,ON_SALE,EXPRESS,2026-08-07 01:03:42,2026-08-12 00:10:42
3447,887,4,运动户外商品_3447,这是一个测试商品，编号3447，属于运动户外分类。,2.0,1,/uploads/product/cover_6.jpg,ON_SALE,"MEETUP,EXPRESS",2026-08-15 02:06:42,2026-08-13 23:56:42
3448,44,1,教材教辅商品_3448,这是一个测试商品，编号3448，属于教材教辅分类。,200.0,1,/uploads/product/cover_6.jpg,ON_SALE,MEETUP,2026-08-12 21:27:42,2026-08-16 12:30:42
3449,734,3,日用百货商品_3449,这是一个测试商品，编号3449，属于日用百货分类。,150.0,2,/uploads/product/cover_16.jpg,ON_SALE,EXPRESS,2026-08-09 12:51:42,2026-08-15 09:03:42
3450,649,5,服装鞋帽商品_3450,这是一个测试商品，编号3450，属于服装鞋帽分类。,30.0,1,/uploads/product/cover_10.jpg,ON_SALE,EXPRESS,2026-08-02 15:04:42,2026-08-11 23:58:42
3451,494,3,日用百货商品_3451,这是一个测试商品，编号3451，属于日用百货分类。,3.0,1,/uploads/product/cover_16.jpg,ON_SALE,MEETUP,2026-07-27 21:03:42,2026-08-13 19:46:42
3452,985,2,电子数码商品_3452,这是一个测试商品，编号3452，属于电子数码分类。,50.0,1,/uploads/product/cover_4.jpg,ON_SALE,MEETUP,2026-08-12 02:58:42,2026-08-14 01:06:42
3453,137,12,乐器音响商品_3453,这是一个测试商品，编号3453，属于乐器音响分类。,15.0,3,/uploads/product/cover_3.jpg,ON_SALE,MEETUP,2026-08-06 18:09:42,2026-08-12 21:19:42
3454,432,2,电子数码商品_3454,这是一个测试商品，编号3454，属于电子数码分类。,100.0,2,/uploads/product/cover_5.jpg,ON_SALE,MEETUP,2026-08-14 21:00:42,2026-08-14 00:31:42
3455,837,10,家居家电商品_3455,这是一个测试商品，编号3455，属于家居家电分类。,15.0,4,/uploads/product/cover_11.jpg,ON_SALE,"MEETUP,EXPRESS",2026-07-28 06:30:42,2026-08-15 03:50:42
3456,283,8,美妆护肤商品_3456,这是一个测试商品，编号3456，属于美妆护肤分类。,2.0,1,/uploads/product/cover_14.jpg,ON_SALE,MEETUP,2026-07-29 20:28:42,2026-08-12 05:45:42
3457,856,8,美妆护肤商品_3457,这是一个测试商品，编号3457，属于美妆护肤分类。,80.0,5,/uploads/product/cover_12.jpg,ON_SALE,EXPRESS,2026-08-02 04:49:42,2026-08-13 15:44:42
3458,68,14,宠物用品商品_3458,这是一个测试商品，编号3458，属于宠物用品分类。,80.0,5,/uploads/product/cover_3.jpg,ON_SALE,MEETUP,2026-08-03 19:08:42,2026-08-13 18:13:42
3459,884,11,图书小说商品_3459,这是一个测试商品，编号3459，属于图书小说分类。,25.0,1,/uploads/product/cover_1.jpg,ON_SALE,"MEETUP,EXPRESS",2026-08-10 22:27:42,2026-08-12 05:06:42
3460,165,5,服装鞋帽商品_3460,这是一个测试商品，编号3460，属于服装鞋帽分类。,150.0,3,/uploads/product/cover_6.jpg,ON_SALE,MEETUP,2026-07-31 09:43:42,2026-08-15 20:55:42
3461,225,8,美妆护肤商品_3461,这是一个测试商品，编号3461，属于美妆护肤分类。,120.0,5,/uploads/product/cover_2.jpg,ON_SALE,MEETUP,2026-08-07 04:58:42,2026-08-14 00:36:42
3462,756,11,图书小说商品_3462,这是一个测试商品，编号3462，属于图书小说分类。,15.0,5,/uploads/product/cover_14.jpg,ON_SALE,EXPRESS,2026-08-06 23:14:42,2026-08-12 03:11:42
3463,279,12,乐器音响商品_3463,这是一个测试商品，编号3463，属于乐器音响分类。,80.0,2,/uploads/product/cover_1.jpg,ON_SALE,"MEETUP,EXPRESS",2026-07-29 14:45:42,2026-08-13 01:01:42
3464,954,9,游戏动漫商品_3464,这是一个测试商品，编号3464，属于游戏动漫分类。,3.0,4,/uploads/product/cover_1.jpg,ON_SALE,EXPRESS,2026-08-10 03:32:42,2026-08-13 19:05:42
3465,503,6,零食饮料商品_3465,这是一个测试商品，编号3465，属于零食饮料分类。,120.0,3,/uploads/product/cover_11.jpg,ON_SALE,MEETUP,2026-08-04 08:42:42,2026-08-16 00:46:42
3466,267,5,服装鞋帽商品_3466,这是一个测试商品，编号3466，属于服装鞋帽分类。,8.0,2,/uploads/product/cover_1.jpg,ON_SALE,EXPRESS,2026-08-13 11:47:42,2026-08-15 13:33:42
3467,472,1,教材教辅商品_3467,这是一个测试商品，编号3467，属于教材教辅分类。,2.0,3,/uploads/product/cover_3.jpg,ON_SALE,"MEETUP,EXPRESS",2026-08-11 05:30:42,2026-08-14 11:11:42
3468,817,12,乐器音响商品_3468,这是一个测试商品，编号3468，属于乐器音响分类。,2.0,1,/uploads/product/cover_19.jpg,ON_SALE,MEETUP,2026-08-06 07:08:42,2026-08-13 11:49:42
3469,294,11,图书小说商品_3469,这是一个测试商品，编号3469，属于图书小说分类。,30.0,4,/uploads/product/cover_14.jpg,ON_SALE,"MEETUP,EXPRESS",2026-08-11 21:39:42,2026-08-13 04:28:42
3470,3,9,游戏动漫商品_3470,这是一个测试商品，编号3470，属于游戏动漫分类。,80.0,2,/uploads/product/cover_17.jpg,ON_SALE,"MEETUP,EXPRESS",2026-08-01 16:52:42,2026-08-16 14:39:42
3471,324,13,交通工具商品_3471,这是一个测试商品，编号3471，属于交通工具分类。,60.0,5,/uploads/product/cover_14.jpg,ON_SALE,MEETUP,2026-08-12 22:26:42,2026-08-12 11:17:42
3472,618,10,家居家电商品_3472,这是一个测试商品，编号3472，属于家居家电分类。,3.0,4,/uploads/product/cover_20.jpg,ON_SALE,"MEETUP,EXPRESS",2026-08-08 23:06:42,2026-08-15 11:23:42
3473,201,9,游戏动漫商品_3473,这是一个测试商品，编号3473，属于游戏动漫分类。,80.0,4,/uploads/product/cover_14.jpg,ON_SALE,EXPRESS,2026-07-31 12:20:42,2026-08-13 02:18:42
3474,810,3,日用百货商品_3474,这是一个测试商品，编号3474，属于日用百货分类。,60.0,3,/uploads/product/cover_17.jpg,ON_SALE,"MEETUP,EXPRESS",2026-08-02 12:20:42,2026-08-13 01:49:42
3475,933,6,零食饮料商品_3475,这是一个测试商品，编号3475，属于零食饮料分类。,3.0,2,/uploads/product/cover_5.jpg,ON_SALE,"MEETUP,EXPRESS",2026-08-06 17:24:42,2026-08-11 20:15:42
3476,631,8,美妆护肤商品_3476,这是一个测试商品，编号3476，属于美妆护肤分类。,100.0,5,/uploads/product/cover_16.jpg,ON_SALE,"MEETUP,EXPRESS",2026-08-05 14:48:42,2026-08-11 23:22:42
3477,26,9,游戏动漫商品_3477,这是一个测试商品，编号3477，属于游戏动漫分类。,3.0,3,/uploads/product/cover_20.jpg,ON_SALE,MEETUP,2026-08-15 21:43:42,2026-08-15 09:44:42
3478,609,1,教材教辅商品_3478,这是一个测试商品，编号3478，属于教材教辅分类。,2.0,5,/uploads/product/cover_13.jpg,ON_SALE,MEETUP,2026-08-11 19:46:42,2026-08-12 21:15:42
3479,445,9,游戏动漫商品_3479,这是一个测试商品，编号3479，属于游戏动漫分类。,50.0,1,/uploads/product/cover_2.jpg,ON_SALE,MEETUP,2026-08-04 04:26:42,2026-08-13 01:01:42
3480,424,11,图书小说商品_3480,这是一个测试商品，编号3480，属于图书小说分类。,12.0,2,/uploads/product/cover_20.jpg,ON_SALE,MEETUP,2026-08-14 01:51:42,2026-08-12 17:33:42
3481,668,5,服装鞋帽商品_3481,这是一个测试商品，编号3481，属于服装鞋帽分类。,12.0,4,/uploads/product/cover_17.jpg,ON_SALE,EXPRESS,2026-07-29 11:42:42,2026-08-16 07:42:42
3482,709,5,服装鞋帽商品_3482,这是一个测试商品，编号3482，属于服装鞋帽分类。,25.0,1,/uploads/product/cover_14.jpg,ON_SALE,"MEETUP,EXPRESS",2026-08-08 14:31:42,2026-08-16 17:10:42
3483,242,3,日用百货商品_3483,这是一个测试商品，编号3483，属于日用百货分类。,100.0,3,/uploads/product/cover_18.jpg,ON_SALE,EXPRESS,2026-08-01 03:43:42,2026-08-13 07:49:42
3484,541,5,服装鞋帽商品_3484,这是一个测试商品，编号3484，属于服装鞋帽分类。,120.0,5,/uploads/product/cover_4.jpg,ON_SALE,EXPRESS,2026-07-30 05:07:42,2026-08-13 16:42:42
3485,145,1,教材教辅商品_3485,这是一个测试商品，编号3485，属于教材教辅分类。,200.0,4,/uploads/product/cover_8.jpg,ON_SALE,MEETUP,2026-08-01 13:39:42,2026-08-13 06:01:42
3486,209,6,零食饮料商品_3486,这是一个测试商品，编号3486，属于零食饮料分类。,120.0,4,/uploads/product/cover_5.jpg,ON_SALE,MEETUP,2026-07-31 08:53:42,2026-08-16 04:47:42
3487,567,14,宠物用品商品_3487,这是一个测试商品，编号3487，属于宠物用品分类。,200.0,2,/uploads/product/cover_17.jpg,ON_SALE,EXPRESS,2026-08-05 02:06:42,2026-08-16 18:18:42
3488,637,7,文具办公商品_3488,这是一个测试商品，编号3488，属于文具办公分类。,60.0,4,/uploads/product/cover_19.jpg,ON_SALE,"MEETUP,EXPRESS",2026-08-07 22:04:42,2026-08-13 20:54:42
3489,953,2,电子数码商品_3489,这是一个测试商品，编号3489，属于电子数码分类。,1.0,3,/uploads/product/cover_20.jpg,ON_SALE,"MEETUP,EXPRESS",2026-08-07 02:07:42,2026-08-12 19:41:42
3490,354,6,零食饮料商品_3490,这是一个测试商品，编号3490，属于零食饮料分类。,25.0,3,/uploads/product/cover_8.jpg,ON_SALE,MEETUP,2026-08-06 11:31:42,2026-08-13 23:19:42
3491,402,12,乐器音响商品_3491,这是一个测试商品，编号3491，属于乐器音响分类。,20.0,1,/uploads/product/cover_16.jpg,ON_SALE,MEETUP,2026-07-28 23:15:42,2026-08-13 04:46:42
3492,154,3,日用百货商品_3492,这是一个测试商品，编号3492，属于日用百货分类。,50.0,4,/uploads/product/cover_10.jpg,ON_SALE,MEETUP,2026-08-14 07:56:42,2026-08-15 11:53:42
3493,11,8,美妆护肤商品_3493,这是一个测试商品，编号3493，属于美妆护肤分类。,30.0,1,/uploads/product/cover_5.jpg,ON_SALE,MEETUP,2026-08-04 19:52:42,2026-08-13 05:04:42
3494,895,13,交通工具商品_3494,这是一个测试商品，编号3494，属于交通工具分类。,25.0,4,/uploads/product/cover_19.jpg,ON_SALE,"MEETUP,EXPRESS",2026-07-29 20:53:42,2026-08-14 15:39:42
3495,367,14,宠物用品商品_3495,这是一个测试商品，编号3495，属于宠物用品分类。,100.0,5,/uploads/product/cover_13.jpg,ON_SALE,EXPRESS,2026-07-27 21:55:42,2026-08-16 05:22:42
3496,913,3,日用百货商品_3496,这是一个测试商品，编号3496，属于日用百货分类。,15.0,1,/uploads/product/cover_16.jpg,ON_SALE,MEETUP,2026-08-16 17:54:42,2026-08-12 23:01:42
3497,789,6,零食饮料商品_3497,这是一个测试商品，编号3497，属于零食饮料分类。,15.0,3,/uploads/product/cover_17.jpg,ON_SALE,MEETUP,2026-07-29 11:00:42,2026-08-11 21:45:42
3498,886,14,宠物用品商品_3498,这是一个测试商品，编号3498，属于宠物用品分类。,30.0,3,/uploads/product/cover_9.jpg,ON_SALE,MEETUP,2026-08-05 05:34:42,2026-08-15 12:44:42
3499,131,5,服装鞋帽商品_3499,这是一个测试商品，编号3499，属于服装鞋帽分类。,20.0,5,/uploads/product/cover_20.jpg,ON_SALE,MEETUP,2026-08-08 16:43:42,2026-08-12 00:19:42
3500,383,15,手工艺品商品_3500,这是一个测试商品，编号3500，属于手工艺品分类。,15.0,4,/uploads/product/cover_13.jpg,ON_SALE,EXPRESS,2026-07-28 12:42:42,2026-08-16 11:20:42
3501,82,7,文具办公商品_3501,这是一个测试商品，编号3501，属于文具办公分类。,1.0,5,/uploads/product/cover_11.jpg,ON_SALE,EXPRESS,2026-08-15 03:55:42,2026-08-13 19:13:42
3502,690,10,家居家电商品_3502,这是一个测试商品，编号3502，属于家居家电分类。,8.0,3,/uploads/product/cover_3.jpg,ON_SALE,"MEETUP,EXPRESS",2026-08-03 12:29:42,2026-08-15 22:05:42
3503,66,9,游戏动漫商品_3503,这是一个测试商品，编号3503，属于游戏动漫分类。,30.0,4,/uploads/product/cover_10.jpg,ON_SALE,"MEETUP,EXPRESS",2026-07-30 22:48:42,2026-08-16 04:03:42
3504,196,11,图书小说商品_3504,这是一个测试商品，编号3504，属于图书小说分类。,5.0,4,/uploads/product/cover_19.jpg,ON_SALE,EXPRESS,2026-08-09 02:46:42,2026-08-16 10:35:42
3505,136,8,美妆护肤商品_3505,这是一个测试商品，编号3505，属于美妆护肤分类。,120.0,5,/uploads/product/cover_19.jpg,ON_SALE,EXPRESS,2026-07-29 00:30:42,2026-08-15 02:19:42
3506,985,1,教材教辅商品_3506,这是一个测试商品，编号3506，属于教材教辅分类。,100.0,2,/uploads/product/cover_18.jpg,ON_SALE,MEETUP,2026-08-15 07:46:42,2026-08-16 02:33:42
3507,49,7,文具办公商品_3507,这是一个测试商品，编号3507，属于文具办公分类。,1.0,1,/uploads/product/cover_18.jpg,ON_SALE,"MEETUP,EXPRESS",2026-08-13 00:49:42,2026-08-14 22:29:42
3508,55,12,乐器音响商品_3508,这是一个测试商品，编号3508，属于乐器音响分类。,150.0,5,/uploads/product/cover_12.jpg,ON_SALE,EXPRESS,2026-07-31 00:29:42,2026-08-14 10:16:42
3509,959,2,电子数码商品_3509,这是一个测试商品，编号3509，属于电子数码分类。,120.0,5,/uploads/product/cover_9.jpg,ON_SALE,MEETUP,2026-08-15 23:00:42,2026-08-15 01:02:42
3510,439,5,服装鞋帽商品_3510,这是一个测试商品，编号3510，属于服装鞋帽分类。,2.0,4,/uploads/product/cover_3.jpg,ON_SALE,EXPRESS,2026-08-11 03:14:42,2026-08-15 21:32:42
3511,260,8,美妆护肤商品_3511,这是一个测试商品，编号3511，属于美妆护肤分类。,60.0,3,/uploads/product/cover_17.jpg,ON_SALE,MEETUP,2026-08-15 08:30:42,2026-08-13 14:41:42
3512,29,14,宠物用品商品_3512,这是一个测试商品，编号3512，属于宠物用品分类。,10.0,3,/uploads/product/cover_13.jpg,ON_SALE,"MEETUP,EXPRESS",2026-07-28 22:36:42,2026-08-13 22:30:42
3513,893,6,零食饮料商品_3513,这是一个测试商品，编号3513，属于零食饮料分类。,20.0,1,/uploads/product/cover_4.jpg,ON_SALE,"MEETUP,EXPRESS",2026-08-09 08:52:42,2026-08-13 06:15:42
3514,384,7,文具办公商品_3514,这是一个测试商品，编号3514，属于文具办公分类。,3.0,1,/uploads/product/cover_12.jpg,ON_SALE,"MEETUP,EXPRESS",2026-08-04 23:54:42,2026-08-12 07:14:42
3515,382,7,文具办公商品_3515,这是一个测试商品，编号3515，属于文具办公分类。,12.0,3,/uploads/product/cover_16.jpg,ON_SALE,EXPRESS,2026-07-29 12:03:42,2026-08-13 00:11:42
3516,991,10,家居家电商品_3516,这是一个测试商品，编号3516，属于家居家电分类。,100.0,1,/uploads/product/cover_20.jpg,ON_SALE,MEETUP,2026-08-01 10:41:42,2026-08-13 13:59:42
3517,581,12,乐器音响商品_3517,这是一个测试商品，编号3517，属于乐器音响分类。,10.0,2,/uploads/product/cover_11.jpg,ON_SALE,"MEETUP,EXPRESS",2026-08-13 20:05:42,2026-08-11 18:56:42
3518,955,13,交通工具商品_3518,这是一个测试商品，编号3518，属于交通工具分类。,3.0,1,/uploads/product/cover_19.jpg,ON_SALE,"MEETUP,EXPRESS",2026-08-16 14:26:42,2026-08-13 10:24:42
3519,73,3,日用百货商品_3519,这是一个测试商品，编号3519，属于日用百货分类。,200.0,3,/uploads/product/cover_8.jpg,ON_SALE,"MEETUP,EXPRESS",2026-08-14 15:51:42,2026-08-12 17:47:42
3520,448,13,交通工具商品_3520,这是一个测试商品，编号3520，属于交通工具分类。,8.0,2,/uploads/product/cover_8.jpg,ON_SALE,MEETUP,2026-08-02 12:15:42,2026-08-12 15:05:42
3521,225,1,教材教辅商品_3521,这是一个测试商品，编号3521，属于教材教辅分类。,100.0,5,/uploads/product/cover_18.jpg,ON_SALE,"MEETUP,EXPRESS",2026-08-13 10:32:42,2026-08-15 11:24:42
3522,547,4,运动户外商品_3522,这是一个测试商品，编号3522，属于运动户外分类。,5.0,3,/uploads/product/cover_13.jpg,ON_SALE,"MEETUP,EXPRESS",2026-08-09 18:59:42,2026-08-15 02:27:42
3523,271,13,交通工具商品_3523,这是一个测试商品，编号3523，属于交通工具分类。,30.0,3,/uploads/product/cover_14.jpg,ON_SALE,MEETUP,2026-08-04 01:30:42,2026-08-13 01:53:42
3524,766,15,手工艺品商品_3524,这是一个测试商品，编号3524，属于手工艺品分类。,1.0,5,/uploads/product/cover_2.jpg,ON_SALE,"MEETUP,EXPRESS",2026-08-14 20:32:42,2026-08-12 00:13:42
3525,359,9,游戏动漫商品_3525,这是一个测试商品，编号3525，属于游戏动漫分类。,80.0,1,/uploads/product/cover_11.jpg,ON_SALE,MEETUP,2026-08-05 16:57:42,2026-08-16 08:38:42
3526,227,12,乐器音响商品_3526,这是一个测试商品，编号3526，属于乐器音响分类。,120.0,3,/uploads/product/cover_15.jpg,ON_SALE,EXPRESS,2026-08-13 01:15:42,2026-08-16 03:26:42
3527,636,10,家居家电商品_3527,这是一个测试商品，编号3527，属于家居家电分类。,150.0,1,/uploads/product/cover_10.jpg,ON_SALE,EXPRESS,2026-07-31 15:33:42,2026-08-16 09:38:42
3528,438,2,电子数码商品_3528,这是一个测试商品，编号3528，属于电子数码分类。,8.0,5,/uploads/product/cover_20.jpg,ON_SALE,MEETUP,2026-08-08 15:26:42,2026-08-16 17:55:42
3529,889,15,手工艺品商品_3529,这是一个测试商品，编号3529，属于手工艺品分类。,8.0,3,/uploads/product/cover_14.jpg,ON_SALE,"MEETUP,EXPRESS",2026-08-04 06:28:42,2026-08-12 01:32:42
3530,298,11,图书小说商品_3530,这是一个测试商品，编号3530，属于图书小说分类。,1.0,3,/uploads/product/cover_8.jpg,ON_SALE,EXPRESS,2026-08-04 11:24:42,2026-08-13 05:28:42
3531,370,10,家居家电商品_3531,这是一个测试商品，编号3531，属于家居家电分类。,2.0,5,/uploads/product/cover_2.jpg,ON_SALE,"MEETUP,EXPRESS",2026-08-09 10:37:42,2026-08-15 10:58:42
3532,822,2,电子数码商品_3532,这是一个测试商品，编号3532，属于电子数码分类。,120.0,4,/uploads/product/cover_6.jpg,ON_SALE,"MEETUP,EXPRESS",2026-08-04 05:38:42,2026-08-12 09:16:42
3533,662,9,游戏动漫商品_3533,这是一个测试商品，编号3533，属于游戏动漫分类。,20.0,4,/uploads/product/cover_4.jpg,ON_SALE,MEETUP,2026-08-04 13:20:42,2026-08-12 11:30:42
3534,224,9,游戏动漫商品_3534,这是一个测试商品，编号3534，属于游戏动漫分类。,1.0,1,/uploads/product/cover_12.jpg,ON_SALE,"MEETUP,EXPRESS",2026-08-10 16:13:42,2026-08-14 16:15:42
3535,205,11,图书小说商品_3535,这是一个测试商品，编号3535，属于图书小说分类。,15.0,2,/uploads/product/cover_12.jpg,ON_SALE,MEETUP,2026-08-13 15:27:42,2026-08-16 13:24:42
3536,519,8,美妆护肤商品_3536,这是一个测试商品，编号3536，属于美妆护肤分类。,200.0,2,/uploads/product/cover_10.jpg,ON_SALE,MEETUP,2026-08-02 00:05:42,2026-08-15 04:45:42
3537,767,4,运动户外商品_3537,这是一个测试商品，编号3537，属于运动户外分类。,50.0,5,/uploads/product/cover_4.jpg,ON_SALE,MEETUP,2026-08-04 16:16:42,2026-08-13 01:45:42
3538,903,6,零食饮料商品_3538,这是一个测试商品，编号3538，属于零食饮料分类。,50.0,5,/uploads/product/cover_18.jpg,ON_SALE,MEETUP,2026-07-31 10:13:42,2026-08-15 15:42:42
3539,650,12,乐器音响商品_3539,这是一个测试商品，编号3539，属于乐器音响分类。,1.0,4,/uploads/product/cover_10.jpg,ON_SALE,"MEETUP,EXPRESS",2026-07-31 04:36:42,2026-08-13 10:54:42
3540,887,4,运动户外商品_3540,这是一个测试商品，编号3540，属于运动户外分类。,12.0,5,/uploads/product/cover_16.jpg,ON_SALE,"MEETUP,EXPRESS",2026-07-28 22:29:42,2026-08-15 19:24:42
3541,356,6,零食饮料商品_3541,这是一个测试商品，编号3541，属于零食饮料分类。,8.0,4,/uploads/product/cover_16.jpg,ON_SALE,EXPRESS,2026-07-29 17:31:42,2026-08-16 01:58:42
3542,249,5,服装鞋帽商品_3542,这是一个测试商品，编号3542，属于服装鞋帽分类。,200.0,2,/uploads/product/cover_11.jpg,ON_SALE,"MEETUP,EXPRESS",2026-08-14 02:53:42,2026-08-12 08:39:42
3543,342,2,电子数码商品_3543,这是一个测试商品，编号3543，属于电子数码分类。,1.0,5,/uploads/product/cover_5.jpg,ON_SALE,MEETUP,2026-08-13 06:56:42,2026-08-15 02:28:42
3544,243,9,游戏动漫商品_3544,这是一个测试商品，编号3544，属于游戏动漫分类。,200.0,3,/uploads/product/cover_1.jpg,ON_SALE,"MEETUP,EXPRESS",2026-08-03 16:13:42,2026-08-13 16:58:42
3545,852,5,服装鞋帽商品_3545,这是一个测试商品，编号3545，属于服装鞋帽分类。,3.0,5,/uploads/product/cover_4.jpg,ON_SALE,MEETUP,2026-08-07 08:42:42,2026-08-15 03:11:42
3546,984,14,宠物用品商品_3546,这是一个测试商品，编号3546，属于宠物用品分类。,2.0,2,/uploads/product/cover_1.jpg,ON_SALE,"MEETUP,EXPRESS",2026-08-05 06:16:42,2026-08-16 10:28:42
3547,964,7,文具办公商品_3547,这是一个测试商品，编号3547，属于文具办公分类。,20.0,3,/uploads/product/cover_3.jpg,ON_SALE,MEETUP,2026-08-01 11:43:42,2026-08-13 04:58:42
3548,996,5,服装鞋帽商品_3548,这是一个测试商品，编号3548，属于服装鞋帽分类。,60.0,1,/uploads/product/cover_20.jpg,ON_SALE,"MEETUP,EXPRESS",2026-08-10 10:51:42,2026-08-13 02:51:42
3549,16,8,美妆护肤商品_3549,这是一个测试商品，编号3549，属于美妆护肤分类。,5.0,1,/uploads/product/cover_19.jpg,ON_SALE,MEETUP,2026-07-31 22:49:42,2026-08-14 07:49:42
3550,320,2,电子数码商品_3550,这是一个测试商品，编号3550，属于电子数码分类。,2.0,3,/uploads/product/cover_19.jpg,ON_SALE,EXPRESS,2026-08-05 08:21:42,2026-08-15 01:24:42
3551,879,7,文具办公商品_3551,这是一个测试商品，编号3551，属于文具办公分类。,80.0,5,/uploads/product/cover_2.jpg,ON_SALE,MEETUP,2026-08-10 23:30:42,2026-08-12 19:51:42
3552,866,1,教材教辅商品_3552,这是一个测试商品，编号3552，属于教材教辅分类。,60.0,5,/uploads/product/cover_9.jpg,ON_SALE,"MEETUP,EXPRESS",2026-07-31 01:59:42,2026-08-16 06:03:42
3553,554,9,游戏动漫商品_3553,这是一个测试商品，编号3553，属于游戏动漫分类。,200.0,2,/uploads/product/cover_15.jpg,ON_SALE,EXPRESS,2026-08-11 12:14:42,2026-08-15 23:17:42
3554,33,15,手工艺品商品_3554,这是一个测试商品，编号3554，属于手工艺品分类。,12.0,1,/uploads/product/cover_10.jpg,ON_SALE,EXPRESS,2026-08-04 10:39:42,2026-08-14 18:40:42
3555,23,7,文具办公商品_3555,这是一个测试商品，编号3555，属于文具办公分类。,5.0,1,/uploads/product/cover_9.jpg,ON_SALE,MEETUP,2026-08-12 21:16:42,2026-08-12 17:23:42
3556,86,8,美妆护肤商品_3556,这是一个测试商品，编号3556，属于美妆护肤分类。,60.0,2,/uploads/product/cover_7.jpg,ON_SALE,"MEETUP,EXPRESS",2026-08-16 13:24:42,2026-08-13 11:10:42
3557,143,3,日用百货商品_3557,这是一个测试商品，编号3557，属于日用百货分类。,12.0,2,/uploads/product/cover_7.jpg,ON_SALE,MEETUP,2026-08-09 05:16:42,2026-08-14 17:39:42
3558,852,3,日用百货商品_3558,这是一个测试商品，编号3558，属于日用百货分类。,80.0,4,/uploads/product/cover_2.jpg,ON_SALE,MEETUP,2026-07-29 17:39:42,2026-08-13 11:33:42
3559,216,14,宠物用品商品_3559,这是一个测试商品，编号3559，属于宠物用品分类。,1.0,2,/uploads/product/cover_6.jpg,ON_SALE,MEETUP,2026-08-05 10:18:42,2026-08-15 17:05:42
3560,836,14,宠物用品商品_3560,这是一个测试商品，编号3560，属于宠物用品分类。,2.0,2,/uploads/product/cover_19.jpg,ON_SALE,MEETUP,2026-08-10 09:02:42,2026-08-14 15:43:42
3561,694,13,交通工具商品_3561,这是一个测试商品，编号3561，属于交通工具分类。,2.0,5,/uploads/product/cover_19.jpg,ON_SALE,MEETUP,2026-08-07 14:29:42,2026-08-15 22:31:42
3562,844,12,乐器音响商品_3562,这是一个测试商品，编号3562，属于乐器音响分类。,10.0,1,/uploads/product/cover_20.jpg,ON_SALE,EXPRESS,2026-07-27 20:26:42,2026-08-15 04:39:42
3563,904,12,乐器音响商品_3563,这是一个测试商品，编号3563，属于乐器音响分类。,5.0,3,/uploads/product/cover_3.jpg,ON_SALE,MEETUP,2026-08-09 14:57:42,2026-08-13 09:50:42
3564,811,10,家居家电商品_3564,这是一个测试商品，编号3564，属于家居家电分类。,15.0,5,/uploads/product/cover_3.jpg,ON_SALE,EXPRESS,2026-08-10 05:32:42,2026-08-13 09:10:42
3565,51,12,乐器音响商品_3565,这是一个测试商品，编号3565，属于乐器音响分类。,50.0,3,/uploads/product/cover_10.jpg,ON_SALE,"MEETUP,EXPRESS",2026-08-03 17:53:42,2026-08-13 14:21:42
3566,771,3,日用百货商品_3566,这是一个测试商品，编号3566，属于日用百货分类。,50.0,2,/uploads/product/cover_17.jpg,ON_SALE,MEETUP,2026-08-10 07:01:42,2026-08-12 22:57:42
3567,631,9,游戏动漫商品_3567,这是一个测试商品，编号3567，属于游戏动漫分类。,80.0,5,/uploads/product/cover_11.jpg,ON_SALE,EXPRESS,2026-08-07 06:59:42,2026-08-12 00:45:42
3568,160,2,电子数码商品_3568,这是一个测试商品，编号3568，属于电子数码分类。,1.0,4,/uploads/product/cover_9.jpg,ON_SALE,MEETUP,2026-08-06 13:17:42,2026-08-13 23:27:42
3569,470,7,文具办公商品_3569,这是一个测试商品，编号3569，属于文具办公分类。,2.0,3,/uploads/product/cover_11.jpg,ON_SALE,"MEETUP,EXPRESS",2026-08-11 02:01:42,2026-08-11 20:59:42
3570,633,7,文具办公商品_3570,这是一个测试商品，编号3570，属于文具办公分类。,1.0,2,/uploads/product/cover_18.jpg,ON_SALE,"MEETUP,EXPRESS",2026-08-03 03:29:42,2026-08-13 07:06:42
3571,465,4,运动户外商品_3571,这是一个测试商品，编号3571，属于运动户外分类。,10.0,1,/uploads/product/cover_1.jpg,ON_SALE,"MEETUP,EXPRESS",2026-08-11 14:15:42,2026-08-16 11:41:42
3572,660,8,美妆护肤商品_3572,这是一个测试商品，编号3572，属于美妆护肤分类。,60.0,3,/uploads/product/cover_7.jpg,ON_SALE,EXPRESS,2026-08-08 13:51:42,2026-08-14 09:08:42
3573,524,14,宠物用品商品_3573,这是一个测试商品，编号3573，属于宠物用品分类。,80.0,3,/uploads/product/cover_10.jpg,ON_SALE,EXPRESS,2026-08-06 04:37:42,2026-08-12 02:22:42
3574,730,10,家居家电商品_3574,这是一个测试商品，编号3574，属于家居家电分类。,100.0,4,/uploads/product/cover_17.jpg,ON_SALE,"MEETUP,EXPRESS",2026-07-29 20:47:42,2026-08-14 14:32:42
3575,889,4,运动户外商品_3575,这是一个测试商品，编号3575，属于运动户外分类。,200.0,1,/uploads/product/cover_20.jpg,ON_SALE,"MEETUP,EXPRESS",2026-08-05 20:40:42,2026-08-14 13:51:42
3576,361,8,美妆护肤商品_3576,这是一个测试商品，编号3576，属于美妆护肤分类。,15.0,2,/uploads/product/cover_10.jpg,ON_SALE,MEETUP,2026-08-03 18:05:42,2026-08-13 01:09:42
3577,588,12,乐器音响商品_3577,这是一个测试商品，编号3577，属于乐器音响分类。,30.0,3,/uploads/product/cover_16.jpg,ON_SALE,"MEETUP,EXPRESS",2026-08-05 03:06:42,2026-08-14 04:58:42
3578,108,9,游戏动漫商品_3578,这是一个测试商品，编号3578，属于游戏动漫分类。,5.0,1,/uploads/product/cover_3.jpg,ON_SALE,"MEETUP,EXPRESS",2026-08-10 18:45:42,2026-08-15 15:10:42
3579,144,10,家居家电商品_3579,这是一个测试商品，编号3579，属于家居家电分类。,80.0,3,/uploads/product/cover_12.jpg,ON_SALE,"MEETUP,EXPRESS",2026-08-11 15:00:42,2026-08-12 23:23:42
3580,230,4,运动户外商品_3580,这是一个测试商品，编号3580，属于运动户外分类。,30.0,2,/uploads/product/cover_18.jpg,ON_SALE,MEETUP,2026-08-08 15:39:42,2026-08-15 13:29:42
3581,839,11,图书小说商品_3581,这是一个测试商品，编号3581，属于图书小说分类。,100.0,2,/uploads/product/cover_14.jpg,ON_SALE,EXPRESS,2026-08-12 15:37:42,2026-08-14 08:43:42
3582,931,2,电子数码商品_3582,这是一个测试商品，编号3582，属于电子数码分类。,25.0,3,/uploads/product/cover_2.jpg,ON_SALE,MEETUP,2026-08-06 15:02:42,2026-08-12 06:24:42
3583,557,8,美妆护肤商品_3583,这是一个测试商品，编号3583，属于美妆护肤分类。,12.0,5,/uploads/product/cover_17.jpg,ON_SALE,"MEETUP,EXPRESS",2026-08-13 21:48:42,2026-08-13 23:49:42
3584,214,7,文具办公商品_3584,这是一个测试商品，编号3584，属于文具办公分类。,50.0,5,/uploads/product/cover_10.jpg,ON_SALE,"MEETUP,EXPRESS",2026-08-10 13:10:42,2026-08-13 12:34:42
3585,364,7,文具办公商品_3585,这是一个测试商品，编号3585，属于文具办公分类。,150.0,5,/uploads/product/cover_2.jpg,ON_SALE,"MEETUP,EXPRESS",2026-08-09 20:31:42,2026-08-11 20:43:42
3586,89,15,手工艺品商品_3586,这是一个测试商品，编号3586，属于手工艺品分类。,10.0,3,/uploads/product/cover_15.jpg,ON_SALE,"MEETUP,EXPRESS",2026-07-29 04:40:42,2026-08-15 12:10:42
3587,562,6,零食饮料商品_3587,这是一个测试商品，编号3587，属于零食饮料分类。,20.0,3,/uploads/product/cover_11.jpg,ON_SALE,MEETUP,2026-08-12 04:20:42,2026-08-13 05:15:42
3588,797,11,图书小说商品_3588,这是一个测试商品，编号3588，属于图书小说分类。,50.0,4,/uploads/product/cover_1.jpg,ON_SALE,"MEETUP,EXPRESS",2026-08-10 08:28:42,2026-08-14 18:12:42
3589,598,1,教材教辅商品_3589,这是一个测试商品，编号3589，属于教材教辅分类。,100.0,5,/uploads/product/cover_20.jpg,ON_SALE,EXPRESS,2026-07-30 05:23:42,2026-08-12 16:17:42
3590,742,1,教材教辅商品_3590,这是一个测试商品，编号3590，属于教材教辅分类。,2.0,4,/uploads/product/cover_18.jpg,ON_SALE,MEETUP,2026-08-01 00:30:42,2026-08-12 00:17:42
3591,580,11,图书小说商品_3591,这是一个测试商品，编号3591，属于图书小说分类。,80.0,5,/uploads/product/cover_4.jpg,ON_SALE,EXPRESS,2026-08-12 22:19:42,2026-08-14 01:03:42
3592,934,5,服装鞋帽商品_3592,这是一个测试商品，编号3592，属于服装鞋帽分类。,12.0,4,/uploads/product/cover_4.jpg,ON_SALE,"MEETUP,EXPRESS",2026-08-08 21:50:42,2026-08-11 20:13:42
3593,9,3,日用百货商品_3593,这是一个测试商品，编号3593，属于日用百货分类。,10.0,3,/uploads/product/cover_3.jpg,ON_SALE,MEETUP,2026-08-06 15:24:42,2026-08-14 02:07:42
3594,406,15,手工艺品商品_3594,这是一个测试商品，编号3594，属于手工艺品分类。,80.0,4,/uploads/product/cover_7.jpg,ON_SALE,MEETUP,2026-08-10 12:45:42,2026-08-13 17:47:42
3595,517,7,文具办公商品_3595,这是一个测试商品，编号3595，属于文具办公分类。,3.0,4,/uploads/product/cover_17.jpg,ON_SALE,MEETUP,2026-07-30 07:03:42,2026-08-11 19:38:42
3596,218,2,电子数码商品_3596,这是一个测试商品，编号3596，属于电子数码分类。,15.0,4,/uploads/product/cover_6.jpg,ON_SALE,"MEETUP,EXPRESS",2026-08-14 20:13:42,2026-08-13 07:00:42
3597,869,5,服装鞋帽商品_3597,这是一个测试商品，编号3597，属于服装鞋帽分类。,15.0,5,/uploads/product/cover_9.jpg,ON_SALE,MEETUP,2026-08-09 22:56:42,2026-08-12 19:32:42
3598,701,12,乐器音响商品_3598,这是一个测试商品，编号3598，属于乐器音响分类。,200.0,2,/uploads/product/cover_3.jpg,ON_SALE,"MEETUP,EXPRESS",2026-08-06 07:27:42,2026-08-13 16:13:42
3599,47,11,图书小说商品_3599,这是一个测试商品，编号3599，属于图书小说分类。,80.0,1,/uploads/product/cover_5.jpg,ON_SALE,MEETUP,2026-08-06 00:29:42,2026-08-16 00:57:42
3600,645,10,家居家电商品_3600,这是一个测试商品，编号3600，属于家居家电分类。,120.0,3,/uploads/product/cover_18.jpg,ON_SALE,MEETUP,2026-07-28 04:17:42,2026-08-15 08:00:42
3601,534,4,运动户外商品_3601,这是一个测试商品，编号3601，属于运动户外分类。,200.0,3,/uploads/product/cover_6.jpg,ON_SALE,"MEETUP,EXPRESS",2026-08-13 10:19:42,2026-08-14 08:45:42
3602,760,3,日用百货商品_3602,这是一个测试商品，编号3602，属于日用百货分类。,20.0,3,/uploads/product/cover_18.jpg,ON_SALE,MEETUP,2026-08-15 05:47:42,2026-08-15 22:58:42
3603,525,9,游戏动漫商品_3603,这是一个测试商品，编号3603，属于游戏动漫分类。,20.0,1,/uploads/product/cover_9.jpg,ON_SALE,"MEETUP,EXPRESS",2026-07-28 19:09:42,2026-08-12 00:48:42
3604,325,13,交通工具商品_3604,这是一个测试商品，编号3604，属于交通工具分类。,20.0,3,/uploads/product/cover_4.jpg,ON_SALE,MEETUP,2026-08-16 07:05:42,2026-08-16 01:33:42
3605,15,12,乐器音响商品_3605,这是一个测试商品，编号3605，属于乐器音响分类。,15.0,2,/uploads/product/cover_9.jpg,ON_SALE,MEETUP,2026-08-07 20:45:42,2026-08-11 20:30:42
3606,931,13,交通工具商品_3606,这是一个测试商品，编号3606，属于交通工具分类。,100.0,4,/uploads/product/cover_9.jpg,ON_SALE,"MEETUP,EXPRESS",2026-08-11 13:04:42,2026-08-13 09:27:42
3607,139,12,乐器音响商品_3607,这是一个测试商品，编号3607，属于乐器音响分类。,1.0,3,/uploads/product/cover_8.jpg,ON_SALE,EXPRESS,2026-07-28 19:00:42,2026-08-15 09:34:42
3608,217,1,教材教辅商品_3608,这是一个测试商品，编号3608，属于教材教辅分类。,3.0,3,/uploads/product/cover_5.jpg,ON_SALE,MEETUP,2026-08-16 01:50:42,2026-08-13 09:10:42
3609,645,3,日用百货商品_3609,这是一个测试商品，编号3609，属于日用百货分类。,150.0,3,/uploads/product/cover_8.jpg,ON_SALE,EXPRESS,2026-08-04 02:14:42,2026-08-13 22:44:42
3610,464,9,游戏动漫商品_3610,这是一个测试商品，编号3610，属于游戏动漫分类。,8.0,2,/uploads/product/cover_1.jpg,ON_SALE,EXPRESS,2026-08-13 01:14:42,2026-08-12 15:45:42
3611,157,13,交通工具商品_3611,这是一个测试商品，编号3611，属于交通工具分类。,200.0,4,/uploads/product/cover_13.jpg,ON_SALE,"MEETUP,EXPRESS",2026-08-08 13:06:42,2026-08-12 17:17:42
3612,824,1,教材教辅商品_3612,这是一个测试商品，编号3612，属于教材教辅分类。,25.0,2,/uploads/product/cover_1.jpg,ON_SALE,EXPRESS,2026-08-02 00:10:42,2026-08-15 23:28:42
3613,691,6,零食饮料商品_3613,这是一个测试商品，编号3613，属于零食饮料分类。,100.0,1,/uploads/product/cover_11.jpg,ON_SALE,EXPRESS,2026-08-14 16:25:42,2026-08-13 22:42:42
3614,242,8,美妆护肤商品_3614,这是一个测试商品，编号3614，属于美妆护肤分类。,20.0,1,/uploads/product/cover_5.jpg,ON_SALE,EXPRESS,2026-08-05 12:40:42,2026-08-12 23:25:42
3615,2,7,文具办公商品_3615,这是一个测试商品，编号3615，属于文具办公分类。,120.0,1,/uploads/product/cover_10.jpg,ON_SALE,EXPRESS,2026-08-09 04:07:42,2026-08-13 07:20:42
3616,472,13,交通工具商品_3616,这是一个测试商品，编号3616，属于交通工具分类。,50.0,3,/uploads/product/cover_7.jpg,ON_SALE,MEETUP,2026-08-14 03:47:42,2026-08-15 21:48:42
3617,332,4,运动户外商品_3617,这是一个测试商品，编号3617，属于运动户外分类。,100.0,2,/uploads/product/cover_1.jpg,ON_SALE,"MEETUP,EXPRESS",2026-08-10 13:34:42,2026-08-12 23:57:42
3618,828,5,服装鞋帽商品_3618,这是一个测试商品，编号3618，属于服装鞋帽分类。,8.0,4,/uploads/product/cover_9.jpg,ON_SALE,"MEETUP,EXPRESS",2026-08-10 11:51:42,2026-08-16 07:50:42
3619,610,9,游戏动漫商品_3619,这是一个测试商品，编号3619，属于游戏动漫分类。,8.0,2,/uploads/product/cover_20.jpg,ON_SALE,MEETUP,2026-07-29 20:36:42,2026-08-15 14:29:42
3620,672,4,运动户外商品_3620,这是一个测试商品，编号3620，属于运动户外分类。,8.0,1,/uploads/product/cover_12.jpg,ON_SALE,MEETUP,2026-08-10 18:18:42,2026-08-12 18:42:42
3621,658,12,乐器音响商品_3621,这是一个测试商品，编号3621，属于乐器音响分类。,200.0,5,/uploads/product/cover_4.jpg,ON_SALE,"MEETUP,EXPRESS",2026-08-14 07:03:42,2026-08-12 22:34:42
3622,201,7,文具办公商品_3622,这是一个测试商品，编号3622，属于文具办公分类。,3.0,4,/uploads/product/cover_3.jpg,ON_SALE,"MEETUP,EXPRESS",2026-08-04 09:29:42,2026-08-15 08:50:42
3623,765,6,零食饮料商品_3623,这是一个测试商品，编号3623，属于零食饮料分类。,200.0,2,/uploads/product/cover_6.jpg,ON_SALE,EXPRESS,2026-08-12 12:47:42,2026-08-13 21:42:42
3624,851,9,游戏动漫商品_3624,这是一个测试商品，编号3624，属于游戏动漫分类。,200.0,3,/uploads/product/cover_6.jpg,ON_SALE,EXPRESS,2026-07-28 04:07:42,2026-08-12 00:42:42
3625,730,10,家居家电商品_3625,这是一个测试商品，编号3625，属于家居家电分类。,150.0,4,/uploads/product/cover_12.jpg,ON_SALE,MEETUP,2026-08-02 08:20:42,2026-08-14 22:41:42
3626,355,2,电子数码商品_3626,这是一个测试商品，编号3626，属于电子数码分类。,50.0,5,/uploads/product/cover_16.jpg,ON_SALE,"MEETUP,EXPRESS",2026-08-04 09:55:42,2026-08-13 09:50:42
3627,148,15,手工艺品商品_3627,这是一个测试商品，编号3627，属于手工艺品分类。,80.0,1,/uploads/product/cover_11.jpg,ON_SALE,MEETUP,2026-08-15 14:36:42,2026-08-14 04:23:42
3628,210,15,手工艺品商品_3628,这是一个测试商品，编号3628，属于手工艺品分类。,5.0,4,/uploads/product/cover_11.jpg,ON_SALE,"MEETUP,EXPRESS",2026-08-13 06:43:42,2026-08-15 03:15:42
3629,22,11,图书小说商品_3629,这是一个测试商品，编号3629，属于图书小说分类。,80.0,3,/uploads/product/cover_19.jpg,ON_SALE,"MEETUP,EXPRESS",2026-08-08 15:00:42,2026-08-15 21:33:42
3630,129,10,家居家电商品_3630,这是一个测试商品，编号3630，属于家居家电分类。,3.0,4,/uploads/product/cover_7.jpg,ON_SALE,MEETUP,2026-08-07 13:26:42,2026-08-14 19:51:42
3631,192,5,服装鞋帽商品_3631,这是一个测试商品，编号3631，属于服装鞋帽分类。,3.0,3,/uploads/product/cover_10.jpg,ON_SALE,"MEETUP,EXPRESS",2026-08-04 03:29:42,2026-08-11 22:06:42
3632,493,8,美妆护肤商品_3632,这是一个测试商品，编号3632，属于美妆护肤分类。,8.0,3,/uploads/product/cover_13.jpg,ON_SALE,MEETUP,2026-08-11 06:17:42,2026-08-12 05:10:42
3633,200,15,手工艺品商品_3633,这是一个测试商品，编号3633，属于手工艺品分类。,5.0,1,/uploads/product/cover_8.jpg,ON_SALE,"MEETUP,EXPRESS",2026-08-09 14:24:42,2026-08-12 01:08:42
3634,822,3,日用百货商品_3634,这是一个测试商品，编号3634，属于日用百货分类。,120.0,1,/uploads/product/cover_15.jpg,ON_SALE,"MEETUP,EXPRESS",2026-08-10 22:29:42,2026-08-13 15:17:42
3635,581,2,电子数码商品_3635,这是一个测试商品，编号3635，属于电子数码分类。,3.0,3,/uploads/product/cover_20.jpg,ON_SALE,MEETUP,2026-07-28 15:01:42,2026-08-12 07:48:42
3636,316,6,零食饮料商品_3636,这是一个测试商品，编号3636，属于零食饮料分类。,12.0,4,/uploads/product/cover_4.jpg,ON_SALE,MEETUP,2026-08-15 12:21:42,2026-08-14 00:35:42
3637,999,7,文具办公商品_3637,这是一个测试商品，编号3637，属于文具办公分类。,30.0,1,/uploads/product/cover_14.jpg,ON_SALE,EXPRESS,2026-08-11 13:23:42,2026-08-13 00:35:42
3638,728,2,电子数码商品_3638,这是一个测试商品，编号3638，属于电子数码分类。,3.0,3,/uploads/product/cover_3.jpg,ON_SALE,"MEETUP,EXPRESS",2026-07-29 06:31:42,2026-08-15 20:56:42
3639,378,10,家居家电商品_3639,这是一个测试商品，编号3639，属于家居家电分类。,50.0,2,/uploads/product/cover_6.jpg,ON_SALE,EXPRESS,2026-08-06 04:22:42,2026-08-12 16:57:42
3640,561,6,零食饮料商品_3640,这是一个测试商品，编号3640，属于零食饮料分类。,60.0,1,/uploads/product/cover_14.jpg,ON_SALE,EXPRESS,2026-08-16 12:52:42,2026-08-15 09:08:42
3641,767,12,乐器音响商品_3641,这是一个测试商品，编号3641，属于乐器音响分类。,25.0,1,/uploads/product/cover_3.jpg,ON_SALE,"MEETUP,EXPRESS",2026-08-15 14:25:42,2026-08-15 18:02:42
3642,864,15,手工艺品商品_3642,这是一个测试商品，编号3642，属于手工艺品分类。,30.0,2,/uploads/product/cover_17.jpg,ON_SALE,EXPRESS,2026-08-04 22:19:42,2026-08-13 20:00:42
3643,841,12,乐器音响商品_3643,这是一个测试商品，编号3643，属于乐器音响分类。,20.0,2,/uploads/product/cover_19.jpg,ON_SALE,EXPRESS,2026-08-12 17:26:42,2026-08-15 14:43:42
3644,47,4,运动户外商品_3644,这是一个测试商品，编号3644，属于运动户外分类。,80.0,3,/uploads/product/cover_18.jpg,ON_SALE,"MEETUP,EXPRESS",2026-08-09 11:19:42,2026-08-11 23:12:42
3645,368,2,电子数码商品_3645,这是一个测试商品，编号3645，属于电子数码分类。,15.0,1,/uploads/product/cover_8.jpg,ON_SALE,EXPRESS,2026-07-28 00:24:42,2026-08-13 11:21:42
3646,844,10,家居家电商品_3646,这是一个测试商品，编号3646，属于家居家电分类。,12.0,2,/uploads/product/cover_15.jpg,ON_SALE,EXPRESS,2026-08-02 06:27:42,2026-08-12 13:40:42
3647,401,11,图书小说商品_3647,这是一个测试商品，编号3647，属于图书小说分类。,5.0,5,/uploads/product/cover_10.jpg,ON_SALE,"MEETUP,EXPRESS",2026-08-12 00:06:42,2026-08-13 05:34:42
3648,107,5,服装鞋帽商品_3648,这是一个测试商品，编号3648，属于服装鞋帽分类。,200.0,3,/uploads/product/cover_17.jpg,ON_SALE,MEETUP,2026-08-06 04:38:42,2026-08-15 17:58:42
3649,413,14,宠物用品商品_3649,这是一个测试商品，编号3649，属于宠物用品分类。,30.0,1,/uploads/product/cover_13.jpg,ON_SALE,EXPRESS,2026-08-14 09:12:42,2026-08-11 22:36:42
3650,829,10,家居家电商品_3650,这是一个测试商品，编号3650，属于家居家电分类。,20.0,5,/uploads/product/cover_15.jpg,ON_SALE,"MEETUP,EXPRESS",2026-08-15 13:02:42,2026-08-12 02:50:42
3651,65,1,教材教辅商品_3651,这是一个测试商品，编号3651，属于教材教辅分类。,80.0,1,/uploads/product/cover_17.jpg,ON_SALE,MEETUP,2026-08-08 22:42:42,2026-08-12 15:37:42
3652,920,10,家居家电商品_3652,这是一个测试商品，编号3652，属于家居家电分类。,15.0,5,/uploads/product/cover_4.jpg,ON_SALE,"MEETUP,EXPRESS",2026-08-02 00:29:42,2026-08-15 12:54:42
3653,641,1,教材教辅商品_3653,这是一个测试商品，编号3653，属于教材教辅分类。,1.0,4,/uploads/product/cover_9.jpg,ON_SALE,EXPRESS,2026-08-06 17:00:42,2026-08-14 09:40:42
3654,868,8,美妆护肤商品_3654,这是一个测试商品，编号3654，属于美妆护肤分类。,50.0,1,/uploads/product/cover_19.jpg,ON_SALE,"MEETUP,EXPRESS",2026-07-29 00:59:42,2026-08-16 14:10:42
3655,533,11,图书小说商品_3655,这是一个测试商品，编号3655，属于图书小说分类。,150.0,3,/uploads/product/cover_4.jpg,ON_SALE,MEETUP,2026-08-13 21:31:42,2026-08-12 12:12:42
3656,985,13,交通工具商品_3656,这是一个测试商品，编号3656，属于交通工具分类。,8.0,2,/uploads/product/cover_9.jpg,ON_SALE,"MEETUP,EXPRESS",2026-07-30 19:22:42,2026-08-14 14:58:42
3657,671,4,运动户外商品_3657,这是一个测试商品，编号3657，属于运动户外分类。,8.0,2,/uploads/product/cover_8.jpg,ON_SALE,EXPRESS,2026-08-13 12:24:42,2026-08-15 19:35:42
3658,495,2,电子数码商品_3658,这是一个测试商品，编号3658，属于电子数码分类。,200.0,1,/uploads/product/cover_8.jpg,ON_SALE,MEETUP,2026-08-03 13:44:42,2026-08-12 19:34:42
3659,616,2,电子数码商品_3659,这是一个测试商品，编号3659，属于电子数码分类。,150.0,3,/uploads/product/cover_5.jpg,ON_SALE,MEETUP,2026-07-30 12:22:42,2026-08-14 16:04:42
3660,442,6,零食饮料商品_3660,这是一个测试商品，编号3660，属于零食饮料分类。,100.0,4,/uploads/product/cover_17.jpg,ON_SALE,"MEETUP,EXPRESS",2026-08-13 05:37:42,2026-08-13 20:28:42
3661,421,5,服装鞋帽商品_3661,这是一个测试商品，编号3661，属于服装鞋帽分类。,60.0,4,/uploads/product/cover_4.jpg,ON_SALE,"MEETUP,EXPRESS",2026-08-10 20:57:42,2026-08-12 17:05:42
3662,924,13,交通工具商品_3662,这是一个测试商品，编号3662，属于交通工具分类。,20.0,1,/uploads/product/cover_6.jpg,ON_SALE,EXPRESS,2026-08-13 08:22:42,2026-08-13 21:48:42
3663,860,9,游戏动漫商品_3663,这是一个测试商品，编号3663，属于游戏动漫分类。,20.0,3,/uploads/product/cover_17.jpg,ON_SALE,"MEETUP,EXPRESS",2026-08-13 17:49:42,2026-08-14 06:53:42
3664,135,13,交通工具商品_3664,这是一个测试商品，编号3664，属于交通工具分类。,80.0,3,/uploads/product/cover_8.jpg,ON_SALE,MEETUP,2026-07-29 06:23:42,2026-08-15 02:18:42
3665,16,13,交通工具商品_3665,这是一个测试商品，编号3665，属于交通工具分类。,20.0,3,/uploads/product/cover_2.jpg,ON_SALE,EXPRESS,2026-08-13 14:11:42,2026-08-15 08:28:42
3666,234,7,文具办公商品_3666,这是一个测试商品，编号3666，属于文具办公分类。,15.0,4,/uploads/product/cover_13.jpg,ON_SALE,MEETUP,2026-08-15 14:27:42,2026-08-16 06:20:42
3667,598,8,美妆护肤商品_3667,这是一个测试商品，编号3667，属于美妆护肤分类。,50.0,5,/uploads/product/cover_18.jpg,ON_SALE,EXPRESS,2026-08-08 04:23:42,2026-08-13 16:21:42
3668,79,14,宠物用品商品_3668,这是一个测试商品，编号3668，属于宠物用品分类。,80.0,5,/uploads/product/cover_8.jpg,ON_SALE,MEETUP,2026-07-31 20:58:42,2026-08-12 19:53:42
3669,357,1,教材教辅商品_3669,这是一个测试商品，编号3669，属于教材教辅分类。,15.0,3,/uploads/product/cover_16.jpg,ON_SALE,"MEETUP,EXPRESS",2026-08-15 22:20:42,2026-08-16 13:22:42
3670,169,4,运动户外商品_3670,这是一个测试商品，编号3670，属于运动户外分类。,20.0,1,/uploads/product/cover_3.jpg,ON_SALE,EXPRESS,2026-08-07 02:44:42,2026-08-13 21:59:42
3671,877,14,宠物用品商品_3671,这是一个测试商品，编号3671，属于宠物用品分类。,15.0,3,/uploads/product/cover_8.jpg,ON_SALE,"MEETUP,EXPRESS",2026-08-08 09:36:42,2026-08-13 00:26:42
3672,546,3,日用百货商品_3672,这是一个测试商品，编号3672，属于日用百货分类。,200.0,3,/uploads/product/cover_19.jpg,ON_SALE,MEETUP,2026-08-09 09:18:42,2026-08-16 17:56:42
3673,94,7,文具办公商品_3673,这是一个测试商品，编号3673，属于文具办公分类。,12.0,5,/uploads/product/cover_20.jpg,ON_SALE,"MEETUP,EXPRESS",2026-08-09 10:32:42,2026-08-16 17:39:42
3674,107,2,电子数码商品_3674,这是一个测试商品，编号3674，属于电子数码分类。,2.0,1,/uploads/product/cover_7.jpg,ON_SALE,EXPRESS,2026-08-15 12:54:42,2026-08-13 06:01:42
3675,400,8,美妆护肤商品_3675,这是一个测试商品，编号3675，属于美妆护肤分类。,15.0,1,/uploads/product/cover_13.jpg,ON_SALE,EXPRESS,2026-08-13 06:12:42,2026-08-13 01:09:42
3676,275,5,服装鞋帽商品_3676,这是一个测试商品，编号3676，属于服装鞋帽分类。,8.0,5,/uploads/product/cover_5.jpg,ON_SALE,EXPRESS,2026-08-15 23:22:42,2026-08-13 14:22:42
3677,317,15,手工艺品商品_3677,这是一个测试商品，编号3677，属于手工艺品分类。,60.0,1,/uploads/product/cover_17.jpg,ON_SALE,"MEETUP,EXPRESS",2026-07-30 06:19:42,2026-08-12 23:47:42
3678,232,5,服装鞋帽商品_3678,这是一个测试商品，编号3678，属于服装鞋帽分类。,150.0,3,/uploads/product/cover_2.jpg,ON_SALE,MEETUP,2026-08-05 04:46:42,2026-08-14 03:07:42
3679,473,2,电子数码商品_3679,这是一个测试商品，编号3679，属于电子数码分类。,50.0,2,/uploads/product/cover_19.jpg,ON_SALE,MEETUP,2026-08-09 22:30:42,2026-08-15 18:10:42
3680,996,7,文具办公商品_3680,这是一个测试商品，编号3680，属于文具办公分类。,15.0,1,/uploads/product/cover_9.jpg,ON_SALE,EXPRESS,2026-08-07 15:25:42,2026-08-15 12:51:42
3681,916,2,电子数码商品_3681,这是一个测试商品，编号3681，属于电子数码分类。,5.0,4,/uploads/product/cover_2.jpg,ON_SALE,EXPRESS,2026-08-04 05:03:42,2026-08-12 06:40:42
3682,838,3,日用百货商品_3682,这是一个测试商品，编号3682，属于日用百货分类。,12.0,1,/uploads/product/cover_18.jpg,ON_SALE,MEETUP,2026-07-30 00:42:42,2026-08-14 02:39:42
3683,745,13,交通工具商品_3683,这是一个测试商品，编号3683，属于交通工具分类。,10.0,3,/uploads/product/cover_16.jpg,ON_SALE,"MEETUP,EXPRESS",2026-08-04 20:26:42,2026-08-16 13:02:42
3684,427,7,文具办公商品_3684,这是一个测试商品，编号3684，属于文具办公分类。,1.0,3,/uploads/product/cover_13.jpg,ON_SALE,EXPRESS,2026-08-08 15:12:42,2026-08-13 08:30:42
3685,400,8,美妆护肤商品_3685,这是一个测试商品，编号3685，属于美妆护肤分类。,8.0,1,/uploads/product/cover_11.jpg,ON_SALE,MEETUP,2026-08-13 16:03:42,2026-08-16 14:53:42
3686,960,1,教材教辅商品_3686,这是一个测试商品，编号3686，属于教材教辅分类。,25.0,1,/uploads/product/cover_17.jpg,ON_SALE,EXPRESS,2026-08-15 20:34:42,2026-08-12 00:43:42
3687,784,10,家居家电商品_3687,这是一个测试商品，编号3687，属于家居家电分类。,2.0,4,/uploads/product/cover_16.jpg,ON_SALE,EXPRESS,2026-07-29 13:04:42,2026-08-13 13:32:42
3688,739,3,日用百货商品_3688,这是一个测试商品，编号3688，属于日用百货分类。,1.0,3,/uploads/product/cover_15.jpg,ON_SALE,MEETUP,2026-08-14 07:54:42,2026-08-15 12:33:42
3689,893,11,图书小说商品_3689,这是一个测试商品，编号3689，属于图书小说分类。,60.0,3,/uploads/product/cover_18.jpg,ON_SALE,"MEETUP,EXPRESS",2026-07-31 05:51:42,2026-08-12 05:12:42
3690,779,12,乐器音响商品_3690,这是一个测试商品，编号3690，属于乐器音响分类。,60.0,2,/uploads/product/cover_1.jpg,ON_SALE,MEETUP,2026-08-10 10:46:42,2026-08-15 00:17:42
3691,896,9,游戏动漫商品_3691,这是一个测试商品，编号3691，属于游戏动漫分类。,25.0,3,/uploads/product/cover_7.jpg,ON_SALE,"MEETUP,EXPRESS",2026-08-12 20:11:42,2026-08-16 16:10:42
3692,247,15,手工艺品商品_3692,这是一个测试商品，编号3692，属于手工艺品分类。,100.0,5,/uploads/product/cover_18.jpg,ON_SALE,EXPRESS,2026-08-10 18:19:42,2026-08-16 10:55:42
3693,49,8,美妆护肤商品_3693,这是一个测试商品，编号3693，属于美妆护肤分类。,100.0,4,/uploads/product/cover_12.jpg,ON_SALE,EXPRESS,2026-08-06 18:57:42,2026-08-11 21:02:42
3694,17,15,手工艺品商品_3694,这是一个测试商品，编号3694，属于手工艺品分类。,20.0,3,/uploads/product/cover_2.jpg,ON_SALE,MEETUP,2026-08-03 08:08:42,2026-08-16 14:02:42
3695,361,9,游戏动漫商品_3695,这是一个测试商品，编号3695，属于游戏动漫分类。,12.0,4,/uploads/product/cover_2.jpg,ON_SALE,EXPRESS,2026-07-28 17:16:42,2026-08-13 23:52:42
3696,147,12,乐器音响商品_3696,这是一个测试商品，编号3696，属于乐器音响分类。,12.0,5,/uploads/product/cover_19.jpg,ON_SALE,"MEETUP,EXPRESS",2026-08-08 06:43:42,2026-08-12 23:01:42
3697,70,9,游戏动漫商品_3697,这是一个测试商品，编号3697，属于游戏动漫分类。,20.0,2,/uploads/product/cover_17.jpg,ON_SALE,MEETUP,2026-08-08 02:07:42,2026-08-12 12:31:42
3698,137,10,家居家电商品_3698,这是一个测试商品，编号3698，属于家居家电分类。,8.0,4,/uploads/product/cover_3.jpg,ON_SALE,MEETUP,2026-08-10 06:27:42,2026-08-13 16:26:42
3699,940,6,零食饮料商品_3699,这是一个测试商品，编号3699，属于零食饮料分类。,12.0,2,/uploads/product/cover_20.jpg,ON_SALE,MEETUP,2026-07-28 20:36:42,2026-08-14 20:31:42
3700,638,6,零食饮料商品_3700,这是一个测试商品，编号3700，属于零食饮料分类。,20.0,3,/uploads/product/cover_18.jpg,ON_SALE,EXPRESS,2026-07-28 03:56:42,2026-08-12 01:09:42
3701,91,2,电子数码商品_3701,这是一个测试商品，编号3701，属于电子数码分类。,150.0,2,/uploads/product/cover_9.jpg,ON_SALE,MEETUP,2026-08-11 04:07:42,2026-08-13 17:32:42
3702,40,13,交通工具商品_3702,这是一个测试商品，编号3702，属于交通工具分类。,120.0,4,/uploads/product/cover_11.jpg,ON_SALE,MEETUP,2026-08-15 08:28:42,2026-08-15 10:37:42
3703,863,2,电子数码商品_3703,这是一个测试商品，编号3703，属于电子数码分类。,120.0,5,/uploads/product/cover_18.jpg,ON_SALE,EXPRESS,2026-08-04 04:22:42,2026-08-11 20:32:42
3704,885,2,电子数码商品_3704,这是一个测试商品，编号3704，属于电子数码分类。,5.0,2,/uploads/product/cover_19.jpg,ON_SALE,"MEETUP,EXPRESS",2026-07-29 12:22:42,2026-08-13 17:27:42
3705,944,14,宠物用品商品_3705,这是一个测试商品，编号3705，属于宠物用品分类。,150.0,1,/uploads/product/cover_10.jpg,ON_SALE,"MEETUP,EXPRESS",2026-08-16 15:40:42,2026-08-13 23:03:42
3706,673,14,宠物用品商品_3706,这是一个测试商品，编号3706，属于宠物用品分类。,120.0,3,/uploads/product/cover_7.jpg,ON_SALE,EXPRESS,2026-08-11 01:13:42,2026-08-16 09:54:42
3707,300,3,日用百货商品_3707,这是一个测试商品，编号3707，属于日用百货分类。,3.0,3,/uploads/product/cover_16.jpg,ON_SALE,EXPRESS,2026-08-02 21:09:42,2026-08-15 07:02:42
3708,451,4,运动户外商品_3708,这是一个测试商品，编号3708，属于运动户外分类。,50.0,4,/uploads/product/cover_6.jpg,ON_SALE,MEETUP,2026-08-09 11:52:42,2026-08-11 21:19:42
3709,12,5,服装鞋帽商品_3709,这是一个测试商品，编号3709，属于服装鞋帽分类。,100.0,3,/uploads/product/cover_10.jpg,ON_SALE,MEETUP,2026-08-03 22:23:42,2026-08-14 11:07:42
3710,183,12,乐器音响商品_3710,这是一个测试商品，编号3710，属于乐器音响分类。,15.0,1,/uploads/product/cover_20.jpg,ON_SALE,MEETUP,2026-08-06 23:31:42,2026-08-12 05:49:42
3711,499,13,交通工具商品_3711,这是一个测试商品，编号3711，属于交通工具分类。,12.0,2,/uploads/product/cover_2.jpg,ON_SALE,MEETUP,2026-07-29 18:19:42,2026-08-12 16:11:42
3712,892,14,宠物用品商品_3712,这是一个测试商品，编号3712，属于宠物用品分类。,60.0,3,/uploads/product/cover_13.jpg,ON_SALE,MEETUP,2026-08-03 16:26:42,2026-08-15 23:19:42
3713,382,2,电子数码商品_3713,这是一个测试商品，编号3713，属于电子数码分类。,20.0,1,/uploads/product/cover_7.jpg,ON_SALE,EXPRESS,2026-08-05 06:09:42,2026-08-15 08:25:42
3714,710,3,日用百货商品_3714,这是一个测试商品，编号3714，属于日用百货分类。,3.0,1,/uploads/product/cover_2.jpg,ON_SALE,EXPRESS,2026-07-28 17:46:42,2026-08-12 18:33:42
3715,465,6,零食饮料商品_3715,这是一个测试商品，编号3715，属于零食饮料分类。,1.0,1,/uploads/product/cover_1.jpg,ON_SALE,"MEETUP,EXPRESS",2026-08-08 09:38:42,2026-08-16 07:28:42
3716,872,11,图书小说商品_3716,这是一个测试商品，编号3716，属于图书小说分类。,3.0,2,/uploads/product/cover_2.jpg,ON_SALE,MEETUP,2026-08-02 13:24:42,2026-08-14 05:46:42
3717,822,1,教材教辅商品_3717,这是一个测试商品，编号3717，属于教材教辅分类。,50.0,2,/uploads/product/cover_4.jpg,ON_SALE,MEETUP,2026-08-06 01:19:42,2026-08-15 01:42:42
3718,578,6,零食饮料商品_3718,这是一个测试商品，编号3718，属于零食饮料分类。,5.0,2,/uploads/product/cover_15.jpg,ON_SALE,"MEETUP,EXPRESS",2026-08-12 19:41:42,2026-08-12 20:30:42
3719,720,11,图书小说商品_3719,这是一个测试商品，编号3719，属于图书小说分类。,5.0,4,/uploads/product/cover_6.jpg,ON_SALE,"MEETUP,EXPRESS",2026-08-10 13:58:42,2026-08-14 02:17:42
3720,198,4,运动户外商品_3720,这是一个测试商品，编号3720，属于运动户外分类。,30.0,4,/uploads/product/cover_16.jpg,ON_SALE,MEETUP,2026-08-03 03:25:42,2026-08-12 09:56:42
3721,385,14,宠物用品商品_3721,这是一个测试商品，编号3721，属于宠物用品分类。,3.0,5,/uploads/product/cover_11.jpg,ON_SALE,"MEETUP,EXPRESS",2026-08-11 10:48:42,2026-08-14 02:37:42
3722,160,11,图书小说商品_3722,这是一个测试商品，编号3722，属于图书小说分类。,8.0,5,/uploads/product/cover_20.jpg,ON_SALE,EXPRESS,2026-07-29 19:53:42,2026-08-13 04:33:42
3723,488,7,文具办公商品_3723,这是一个测试商品，编号3723，属于文具办公分类。,200.0,3,/uploads/product/cover_17.jpg,ON_SALE,MEETUP,2026-08-02 01:32:42,2026-08-13 09:32:42
3724,90,5,服装鞋帽商品_3724,这是一个测试商品，编号3724，属于服装鞋帽分类。,50.0,2,/uploads/product/cover_15.jpg,ON_SALE,EXPRESS,2026-08-09 10:31:42,2026-08-11 21:47:42
3725,868,6,零食饮料商品_3725,这是一个测试商品，编号3725，属于零食饮料分类。,120.0,1,/uploads/product/cover_13.jpg,ON_SALE,MEETUP,2026-08-12 13:13:42,2026-08-12 02:59:42
3726,213,2,电子数码商品_3726,这是一个测试商品，编号3726，属于电子数码分类。,1.0,1,/uploads/product/cover_18.jpg,ON_SALE,MEETUP,2026-08-01 02:30:42,2026-08-15 10:15:42
3727,70,5,服装鞋帽商品_3727,这是一个测试商品，编号3727，属于服装鞋帽分类。,150.0,5,/uploads/product/cover_16.jpg,ON_SALE,EXPRESS,2026-08-01 04:36:42,2026-08-13 05:06:42
3728,202,11,图书小说商品_3728,这是一个测试商品，编号3728，属于图书小说分类。,12.0,1,/uploads/product/cover_1.jpg,ON_SALE,"MEETUP,EXPRESS",2026-08-14 02:21:42,2026-08-13 13:24:42
3729,499,1,教材教辅商品_3729,这是一个测试商品，编号3729，属于教材教辅分类。,8.0,4,/uploads/product/cover_18.jpg,ON_SALE,EXPRESS,2026-07-30 21:31:42,2026-08-12 21:10:42
3730,802,12,乐器音响商品_3730,这是一个测试商品，编号3730，属于乐器音响分类。,200.0,2,/uploads/product/cover_1.jpg,ON_SALE,MEETUP,2026-08-15 21:03:42,2026-08-14 03:21:42
3731,992,7,文具办公商品_3731,这是一个测试商品，编号3731，属于文具办公分类。,200.0,2,/uploads/product/cover_5.jpg,ON_SALE,"MEETUP,EXPRESS",2026-08-04 12:39:42,2026-08-13 08:50:42
3732,545,14,宠物用品商品_3732,这是一个测试商品，编号3732，属于宠物用品分类。,3.0,3,/uploads/product/cover_4.jpg,ON_SALE,MEETUP,2026-08-09 16:47:42,2026-08-16 08:58:42
3733,74,12,乐器音响商品_3733,这是一个测试商品，编号3733，属于乐器音响分类。,100.0,5,/uploads/product/cover_5.jpg,ON_SALE,EXPRESS,2026-07-28 02:14:42,2026-08-12 23:52:42
3734,545,11,图书小说商品_3734,这是一个测试商品，编号3734，属于图书小说分类。,8.0,5,/uploads/product/cover_14.jpg,ON_SALE,MEETUP,2026-08-12 22:39:42,2026-08-13 05:04:42
3735,55,8,美妆护肤商品_3735,这是一个测试商品，编号3735，属于美妆护肤分类。,20.0,1,/uploads/product/cover_12.jpg,ON_SALE,EXPRESS,2026-08-08 23:29:42,2026-08-13 17:49:42
3736,919,6,零食饮料商品_3736,这是一个测试商品，编号3736，属于零食饮料分类。,1.0,2,/uploads/product/cover_6.jpg,ON_SALE,MEETUP,2026-08-07 16:08:42,2026-08-15 10:31:42
3737,980,6,零食饮料商品_3737,这是一个测试商品，编号3737，属于零食饮料分类。,2.0,2,/uploads/product/cover_20.jpg,ON_SALE,MEETUP,2026-08-01 01:27:42,2026-08-15 08:48:42
3738,389,4,运动户外商品_3738,这是一个测试商品，编号3738，属于运动户外分类。,120.0,2,/uploads/product/cover_1.jpg,ON_SALE,"MEETUP,EXPRESS",2026-08-11 04:10:42,2026-08-16 16:42:42
3739,669,9,游戏动漫商品_3739,这是一个测试商品，编号3739，属于游戏动漫分类。,15.0,1,/uploads/product/cover_2.jpg,ON_SALE,"MEETUP,EXPRESS",2026-08-13 19:38:42,2026-08-12 02:52:42
3740,33,5,服装鞋帽商品_3740,这是一个测试商品，编号3740，属于服装鞋帽分类。,120.0,4,/uploads/product/cover_11.jpg,ON_SALE,MEETUP,2026-08-05 04:12:42,2026-08-13 11:37:42
3741,704,3,日用百货商品_3741,这是一个测试商品，编号3741，属于日用百货分类。,80.0,5,/uploads/product/cover_6.jpg,ON_SALE,"MEETUP,EXPRESS",2026-07-28 16:43:42,2026-08-14 21:10:42
3742,68,13,交通工具商品_3742,这是一个测试商品，编号3742，属于交通工具分类。,120.0,2,/uploads/product/cover_14.jpg,ON_SALE,MEETUP,2026-07-28 19:39:42,2026-08-12 02:40:42
3743,367,11,图书小说商品_3743,这是一个测试商品，编号3743，属于图书小说分类。,60.0,1,/uploads/product/cover_17.jpg,ON_SALE,MEETUP,2026-08-03 23:22:42,2026-08-13 12:47:42
3744,592,15,手工艺品商品_3744,这是一个测试商品，编号3744，属于手工艺品分类。,12.0,3,/uploads/product/cover_17.jpg,ON_SALE,MEETUP,2026-08-06 05:46:42,2026-08-13 14:58:42
3745,664,8,美妆护肤商品_3745,这是一个测试商品，编号3745，属于美妆护肤分类。,80.0,1,/uploads/product/cover_5.jpg,ON_SALE,MEETUP,2026-08-07 06:01:42,2026-08-12 02:38:42
3746,357,10,家居家电商品_3746,这是一个测试商品，编号3746，属于家居家电分类。,120.0,1,/uploads/product/cover_20.jpg,ON_SALE,"MEETUP,EXPRESS",2026-08-04 05:56:42,2026-08-16 00:36:42
3747,479,4,运动户外商品_3747,这是一个测试商品，编号3747，属于运动户外分类。,60.0,1,/uploads/product/cover_14.jpg,ON_SALE,"MEETUP,EXPRESS",2026-08-03 09:30:42,2026-08-14 01:58:42
3748,545,8,美妆护肤商品_3748,这是一个测试商品，编号3748，属于美妆护肤分类。,120.0,2,/uploads/product/cover_9.jpg,ON_SALE,MEETUP,2026-08-07 05:57:42,2026-08-15 16:46:42
3749,746,11,图书小说商品_3749,这是一个测试商品，编号3749，属于图书小说分类。,60.0,3,/uploads/product/cover_5.jpg,ON_SALE,EXPRESS,2026-08-15 00:44:42,2026-08-13 09:18:42
3750,252,10,家居家电商品_3750,这是一个测试商品，编号3750，属于家居家电分类。,10.0,5,/uploads/product/cover_3.jpg,ON_SALE,EXPRESS,2026-08-14 14:47:42,2026-08-16 13:07:42
3751,76,11,图书小说商品_3751,这是一个测试商品，编号3751，属于图书小说分类。,1.0,1,/uploads/product/cover_5.jpg,ON_SALE,EXPRESS,2026-07-31 07:50:42,2026-08-15 06:23:42
3752,286,6,零食饮料商品_3752,这是一个测试商品，编号3752，属于零食饮料分类。,10.0,3,/uploads/product/cover_4.jpg,ON_SALE,EXPRESS,2026-08-03 21:34:42,2026-08-15 11:24:42
3753,9,13,交通工具商品_3753,这是一个测试商品，编号3753，属于交通工具分类。,5.0,5,/uploads/product/cover_15.jpg,ON_SALE,MEETUP,2026-08-01 07:51:42,2026-08-12 17:07:42
3754,48,3,日用百货商品_3754,这是一个测试商品，编号3754，属于日用百货分类。,80.0,2,/uploads/product/cover_14.jpg,ON_SALE,"MEETUP,EXPRESS",2026-08-01 11:37:42,2026-08-13 02:08:42
3755,294,3,日用百货商品_3755,这是一个测试商品，编号3755，属于日用百货分类。,100.0,4,/uploads/product/cover_15.jpg,ON_SALE,MEETUP,2026-07-30 09:28:42,2026-08-13 22:41:42
3756,80,14,宠物用品商品_3756,这是一个测试商品，编号3756，属于宠物用品分类。,10.0,2,/uploads/product/cover_5.jpg,ON_SALE,"MEETUP,EXPRESS",2026-08-09 00:56:42,2026-08-14 10:40:42
3757,458,15,手工艺品商品_3757,这是一个测试商品，编号3757，属于手工艺品分类。,8.0,4,/uploads/product/cover_8.jpg,ON_SALE,"MEETUP,EXPRESS",2026-08-05 01:34:42,2026-08-12 13:51:42
3758,636,15,手工艺品商品_3758,这是一个测试商品，编号3758，属于手工艺品分类。,8.0,3,/uploads/product/cover_11.jpg,ON_SALE,EXPRESS,2026-07-28 05:21:42,2026-08-15 14:38:42
3759,211,15,手工艺品商品_3759,这是一个测试商品，编号3759，属于手工艺品分类。,15.0,2,/uploads/product/cover_3.jpg,ON_SALE,"MEETUP,EXPRESS",2026-08-05 07:23:42,2026-08-11 23:22:42
3760,201,12,乐器音响商品_3760,这是一个测试商品，编号3760，属于乐器音响分类。,50.0,2,/uploads/product/cover_1.jpg,ON_SALE,MEETUP,2026-07-30 15:38:42,2026-08-16 13:56:42
3761,795,8,美妆护肤商品_3761,这是一个测试商品，编号3761，属于美妆护肤分类。,1.0,1,/uploads/product/cover_14.jpg,ON_SALE,MEETUP,2026-08-15 04:24:42,2026-08-11 20:12:42
3762,749,14,宠物用品商品_3762,这是一个测试商品，编号3762，属于宠物用品分类。,50.0,3,/uploads/product/cover_9.jpg,ON_SALE,EXPRESS,2026-08-06 09:08:42,2026-08-13 08:14:42
3763,617,2,电子数码商品_3763,这是一个测试商品，编号3763，属于电子数码分类。,12.0,1,/uploads/product/cover_8.jpg,ON_SALE,"MEETUP,EXPRESS",2026-08-04 20:29:42,2026-08-12 03:42:42
3764,120,3,日用百货商品_3764,这是一个测试商品，编号3764，属于日用百货分类。,10.0,3,/uploads/product/cover_6.jpg,ON_SALE,MEETUP,2026-08-07 08:17:42,2026-08-13 11:19:42
3765,969,7,文具办公商品_3765,这是一个测试商品，编号3765，属于文具办公分类。,150.0,5,/uploads/product/cover_10.jpg,ON_SALE,MEETUP,2026-07-31 12:10:42,2026-08-16 18:04:42
3766,587,4,运动户外商品_3766,这是一个测试商品，编号3766，属于运动户外分类。,5.0,3,/uploads/product/cover_18.jpg,ON_SALE,EXPRESS,2026-08-05 02:10:42,2026-08-13 14:31:42
3767,195,12,乐器音响商品_3767,这是一个测试商品，编号3767，属于乐器音响分类。,50.0,4,/uploads/product/cover_12.jpg,ON_SALE,"MEETUP,EXPRESS",2026-08-11 03:15:42,2026-08-15 23:46:42
3768,399,3,日用百货商品_3768,这是一个测试商品，编号3768，属于日用百货分类。,200.0,1,/uploads/product/cover_1.jpg,ON_SALE,"MEETUP,EXPRESS",2026-08-09 01:06:42,2026-08-13 12:56:42
3769,875,14,宠物用品商品_3769,这是一个测试商品，编号3769，属于宠物用品分类。,60.0,5,/uploads/product/cover_1.jpg,ON_SALE,MEETUP,2026-08-09 05:29:42,2026-08-14 00:24:42
3770,43,11,图书小说商品_3770,这是一个测试商品，编号3770，属于图书小说分类。,3.0,5,/uploads/product/cover_11.jpg,ON_SALE,EXPRESS,2026-07-28 18:09:42,2026-08-16 00:03:42
3771,415,4,运动户外商品_3771,这是一个测试商品，编号3771，属于运动户外分类。,150.0,2,/uploads/product/cover_12.jpg,ON_SALE,MEETUP,2026-08-12 12:18:42,2026-08-14 18:44:42
3772,75,14,宠物用品商品_3772,这是一个测试商品，编号3772，属于宠物用品分类。,15.0,1,/uploads/product/cover_17.jpg,ON_SALE,MEETUP,2026-08-15 21:53:42,2026-08-16 17:21:42
3773,893,3,日用百货商品_3773,这是一个测试商品，编号3773，属于日用百货分类。,30.0,2,/uploads/product/cover_2.jpg,ON_SALE,MEETUP,2026-08-09 14:08:42,2026-08-15 17:21:42
3774,601,10,家居家电商品_3774,这是一个测试商品，编号3774，属于家居家电分类。,100.0,3,/uploads/product/cover_13.jpg,ON_SALE,"MEETUP,EXPRESS",2026-07-31 00:22:42,2026-08-16 09:28:42
3775,393,14,宠物用品商品_3775,这是一个测试商品，编号3775，属于宠物用品分类。,15.0,4,/uploads/product/cover_4.jpg,ON_SALE,"MEETUP,EXPRESS",2026-08-14 09:25:42,2026-08-12 13:39:42
3776,829,14,宠物用品商品_3776,这是一个测试商品，编号3776，属于宠物用品分类。,12.0,3,/uploads/product/cover_19.jpg,ON_SALE,EXPRESS,2026-08-13 14:58:42,2026-08-13 12:19:42
3777,46,7,文具办公商品_3777,这是一个测试商品，编号3777，属于文具办公分类。,3.0,3,/uploads/product/cover_2.jpg,ON_SALE,EXPRESS,2026-08-04 02:22:42,2026-08-12 07:26:42
3778,735,13,交通工具商品_3778,这是一个测试商品，编号3778，属于交通工具分类。,8.0,1,/uploads/product/cover_6.jpg,ON_SALE,MEETUP,2026-08-10 15:28:42,2026-08-16 11:02:42
3779,357,3,日用百货商品_3779,这是一个测试商品，编号3779，属于日用百货分类。,10.0,3,/uploads/product/cover_11.jpg,ON_SALE,"MEETUP,EXPRESS",2026-08-04 12:47:42,2026-08-13 16:56:42
3780,708,3,日用百货商品_3780,这是一个测试商品，编号3780，属于日用百货分类。,2.0,3,/uploads/product/cover_3.jpg,ON_SALE,EXPRESS,2026-08-02 23:03:42,2026-08-13 22:08:42
3781,322,15,手工艺品商品_3781,这是一个测试商品，编号3781，属于手工艺品分类。,8.0,3,/uploads/product/cover_13.jpg,ON_SALE,EXPRESS,2026-08-03 06:26:42,2026-08-12 21:56:42
3782,676,7,文具办公商品_3782,这是一个测试商品，编号3782，属于文具办公分类。,150.0,5,/uploads/product/cover_4.jpg,ON_SALE,MEETUP,2026-08-10 20:23:42,2026-08-14 18:54:42
3783,6,14,宠物用品商品_3783,这是一个测试商品，编号3783，属于宠物用品分类。,5.0,1,/uploads/product/cover_7.jpg,ON_SALE,MEETUP,2026-08-08 12:27:42,2026-08-12 10:24:42
3784,750,1,教材教辅商品_3784,这是一个测试商品，编号3784，属于教材教辅分类。,20.0,4,/uploads/product/cover_8.jpg,ON_SALE,EXPRESS,2026-08-11 12:44:42,2026-08-15 08:01:42
3785,741,12,乐器音响商品_3785,这是一个测试商品，编号3785，属于乐器音响分类。,120.0,2,/uploads/product/cover_8.jpg,ON_SALE,MEETUP,2026-08-03 13:14:42,2026-08-15 12:09:42
3786,241,6,零食饮料商品_3786,这是一个测试商品，编号3786，属于零食饮料分类。,150.0,1,/uploads/product/cover_4.jpg,ON_SALE,MEETUP,2026-08-08 15:25:42,2026-08-13 06:32:42
3787,473,7,文具办公商品_3787,这是一个测试商品，编号3787，属于文具办公分类。,120.0,4,/uploads/product/cover_3.jpg,ON_SALE,"MEETUP,EXPRESS",2026-08-15 17:54:42,2026-08-13 23:50:42
3788,873,9,游戏动漫商品_3788,这是一个测试商品，编号3788，属于游戏动漫分类。,20.0,4,/uploads/product/cover_6.jpg,ON_SALE,EXPRESS,2026-08-08 03:17:42,2026-08-14 23:42:42
3789,641,5,服装鞋帽商品_3789,这是一个测试商品，编号3789，属于服装鞋帽分类。,80.0,5,/uploads/product/cover_19.jpg,ON_SALE,"MEETUP,EXPRESS",2026-08-07 17:47:42,2026-08-13 00:14:42
3790,692,15,手工艺品商品_3790,这是一个测试商品，编号3790，属于手工艺品分类。,3.0,2,/uploads/product/cover_3.jpg,ON_SALE,MEETUP,2026-08-04 22:33:42,2026-08-12 17:14:42
3791,20,8,美妆护肤商品_3791,这是一个测试商品，编号3791，属于美妆护肤分类。,60.0,3,/uploads/product/cover_16.jpg,ON_SALE,MEETUP,2026-08-02 08:49:42,2026-08-15 15:23:42
3792,952,12,乐器音响商品_3792,这是一个测试商品，编号3792，属于乐器音响分类。,100.0,5,/uploads/product/cover_5.jpg,ON_SALE,"MEETUP,EXPRESS",2026-08-01 17:13:42,2026-08-12 10:38:42
3793,263,9,游戏动漫商品_3793,这是一个测试商品，编号3793，属于游戏动漫分类。,3.0,3,/uploads/product/cover_1.jpg,ON_SALE,"MEETUP,EXPRESS",2026-08-09 22:21:42,2026-08-16 11:23:42
3794,376,14,宠物用品商品_3794,这是一个测试商品，编号3794，属于宠物用品分类。,200.0,1,/uploads/product/cover_18.jpg,ON_SALE,MEETUP,2026-08-10 23:41:42,2026-08-15 06:08:42
3795,287,8,美妆护肤商品_3795,这是一个测试商品，编号3795，属于美妆护肤分类。,1.0,1,/uploads/product/cover_3.jpg,ON_SALE,MEETUP,2026-08-02 11:41:42,2026-08-12 21:53:42
3796,69,7,文具办公商品_3796,这是一个测试商品，编号3796，属于文具办公分类。,10.0,3,/uploads/product/cover_7.jpg,ON_SALE,MEETUP,2026-08-15 07:37:42,2026-08-12 03:50:42
3797,189,10,家居家电商品_3797,这是一个测试商品，编号3797，属于家居家电分类。,25.0,2,/uploads/product/cover_3.jpg,ON_SALE,EXPRESS,2026-08-15 01:46:42,2026-08-13 13:14:42
3798,664,8,美妆护肤商品_3798,这是一个测试商品，编号3798，属于美妆护肤分类。,25.0,3,/uploads/product/cover_14.jpg,ON_SALE,EXPRESS,2026-07-27 23:10:42,2026-08-11 19:55:42
3799,445,5,服装鞋帽商品_3799,这是一个测试商品，编号3799，属于服装鞋帽分类。,5.0,1,/uploads/product/cover_17.jpg,ON_SALE,MEETUP,2026-07-28 06:55:42,2026-08-12 07:31:42
3800,413,2,电子数码商品_3800,这是一个测试商品，编号3800，属于电子数码分类。,20.0,5,/uploads/product/cover_6.jpg,ON_SALE,EXPRESS,2026-07-29 14:00:42,2026-08-15 20:54:42
3801,493,9,游戏动漫商品_3801,这是一个测试商品，编号3801，属于游戏动漫分类。,1.0,4,/uploads/product/cover_10.jpg,ON_SALE,"MEETUP,EXPRESS",2026-08-05 01:04:42,2026-08-15 18:18:42
3802,505,4,运动户外商品_3802,这是一个测试商品，编号3802，属于运动户外分类。,1.0,2,/uploads/product/cover_13.jpg,ON_SALE,"MEETUP,EXPRESS",2026-08-13 10:18:42,2026-08-15 02:15:42
3803,606,10,家居家电商品_3803,这是一个测试商品，编号3803，属于家居家电分类。,8.0,1,/uploads/product/cover_17.jpg,ON_SALE,EXPRESS,2026-08-04 15:13:42,2026-08-13 08:14:42
3804,405,7,文具办公商品_3804,这是一个测试商品，编号3804，属于文具办公分类。,120.0,2,/uploads/product/cover_9.jpg,ON_SALE,MEETUP,2026-08-08 00:31:42,2026-08-13 21:12:42
3805,174,1,教材教辅商品_3805,这是一个测试商品，编号3805，属于教材教辅分类。,50.0,4,/uploads/product/cover_19.jpg,ON_SALE,EXPRESS,2026-08-12 08:06:42,2026-08-14 02:06:42
3806,247,1,教材教辅商品_3806,这是一个测试商品，编号3806，属于教材教辅分类。,10.0,2,/uploads/product/cover_12.jpg,ON_SALE,EXPRESS,2026-08-14 21:11:42,2026-08-12 04:32:42
3807,416,5,服装鞋帽商品_3807,这是一个测试商品，编号3807，属于服装鞋帽分类。,100.0,3,/uploads/product/cover_20.jpg,ON_SALE,"MEETUP,EXPRESS",2026-08-15 02:22:42,2026-08-14 11:37:42
3808,571,4,运动户外商品_3808,这是一个测试商品，编号3808，属于运动户外分类。,120.0,1,/uploads/product/cover_20.jpg,ON_SALE,"MEETUP,EXPRESS",2026-08-01 19:45:42,2026-08-13 04:23:42
3809,803,5,服装鞋帽商品_3809,这是一个测试商品，编号3809，属于服装鞋帽分类。,80.0,1,/uploads/product/cover_16.jpg,ON_SALE,EXPRESS,2026-08-10 14:23:42,2026-08-16 01:50:42
3810,396,2,电子数码商品_3810,这是一个测试商品，编号3810，属于电子数码分类。,25.0,4,/uploads/product/cover_15.jpg,ON_SALE,EXPRESS,2026-08-13 15:55:42,2026-08-15 09:53:42
3811,179,15,手工艺品商品_3811,这是一个测试商品，编号3811，属于手工艺品分类。,10.0,4,/uploads/product/cover_8.jpg,ON_SALE,MEETUP,2026-08-14 03:36:42,2026-08-14 04:07:42
3812,268,8,美妆护肤商品_3812,这是一个测试商品，编号3812，属于美妆护肤分类。,20.0,5,/uploads/product/cover_3.jpg,ON_SALE,EXPRESS,2026-08-07 22:22:42,2026-08-16 18:05:42
3813,64,13,交通工具商品_3813,这是一个测试商品，编号3813，属于交通工具分类。,5.0,1,/uploads/product/cover_3.jpg,ON_SALE,"MEETUP,EXPRESS",2026-08-09 17:02:42,2026-08-14 19:48:42
3814,283,10,家居家电商品_3814,这是一个测试商品，编号3814，属于家居家电分类。,120.0,1,/uploads/product/cover_9.jpg,ON_SALE,"MEETUP,EXPRESS",2026-08-14 16:09:42,2026-08-14 22:19:42
3815,166,6,零食饮料商品_3815,这是一个测试商品，编号3815，属于零食饮料分类。,20.0,5,/uploads/product/cover_3.jpg,ON_SALE,EXPRESS,2026-08-12 04:06:42,2026-08-13 14:38:42
3816,296,11,图书小说商品_3816,这是一个测试商品，编号3816，属于图书小说分类。,100.0,4,/uploads/product/cover_14.jpg,ON_SALE,MEETUP,2026-08-06 06:51:42,2026-08-11 18:57:42
3817,760,7,文具办公商品_3817,这是一个测试商品，编号3817，属于文具办公分类。,200.0,5,/uploads/product/cover_19.jpg,ON_SALE,"MEETUP,EXPRESS",2026-08-04 20:15:42,2026-08-11 19:02:42
3818,201,15,手工艺品商品_3818,这是一个测试商品，编号3818，属于手工艺品分类。,80.0,4,/uploads/product/cover_11.jpg,ON_SALE,EXPRESS,2026-08-02 09:24:42,2026-08-15 22:18:42
3819,107,9,游戏动漫商品_3819,这是一个测试商品，编号3819，属于游戏动漫分类。,200.0,4,/uploads/product/cover_4.jpg,ON_SALE,EXPRESS,2026-08-10 20:12:42,2026-08-12 18:00:42
3820,524,4,运动户外商品_3820,这是一个测试商品，编号3820，属于运动户外分类。,100.0,5,/uploads/product/cover_5.jpg,ON_SALE,EXPRESS,2026-08-04 07:28:42,2026-08-16 00:25:42
3821,548,9,游戏动漫商品_3821,这是一个测试商品，编号3821，属于游戏动漫分类。,3.0,1,/uploads/product/cover_5.jpg,ON_SALE,MEETUP,2026-08-04 05:12:42,2026-08-12 00:48:42
3822,395,12,乐器音响商品_3822,这是一个测试商品，编号3822，属于乐器音响分类。,50.0,4,/uploads/product/cover_15.jpg,ON_SALE,EXPRESS,2026-08-15 21:02:42,2026-08-11 22:28:42
3823,713,6,零食饮料商品_3823,这是一个测试商品，编号3823，属于零食饮料分类。,3.0,4,/uploads/product/cover_10.jpg,ON_SALE,EXPRESS,2026-08-03 07:02:42,2026-08-12 04:27:42
3824,680,10,家居家电商品_3824,这是一个测试商品，编号3824，属于家居家电分类。,1.0,4,/uploads/product/cover_16.jpg,ON_SALE,MEETUP,2026-08-01 12:11:42,2026-08-12 18:53:42
3825,925,6,零食饮料商品_3825,这是一个测试商品，编号3825，属于零食饮料分类。,12.0,1,/uploads/product/cover_14.jpg,ON_SALE,EXPRESS,2026-08-12 12:14:42,2026-08-15 03:40:42
3826,858,10,家居家电商品_3826,这是一个测试商品，编号3826，属于家居家电分类。,100.0,2,/uploads/product/cover_9.jpg,ON_SALE,MEETUP,2026-08-06 20:50:42,2026-08-15 05:24:42
3827,576,7,文具办公商品_3827,这是一个测试商品，编号3827，属于文具办公分类。,60.0,3,/uploads/product/cover_15.jpg,ON_SALE,"MEETUP,EXPRESS",2026-08-02 11:14:42,2026-08-12 07:39:42
3828,861,1,教材教辅商品_3828,这是一个测试商品，编号3828，属于教材教辅分类。,3.0,3,/uploads/product/cover_5.jpg,ON_SALE,"MEETUP,EXPRESS",2026-08-02 12:47:42,2026-08-16 11:42:42
3829,4,9,游戏动漫商品_3829,这是一个测试商品，编号3829，属于游戏动漫分类。,1.0,4,/uploads/product/cover_18.jpg,ON_SALE,EXPRESS,2026-08-10 22:23:42,2026-08-12 18:45:42
3830,732,10,家居家电商品_3830,这是一个测试商品，编号3830，属于家居家电分类。,50.0,3,/uploads/product/cover_11.jpg,ON_SALE,MEETUP,2026-08-03 23:07:42,2026-08-15 17:23:42
3831,536,4,运动户外商品_3831,这是一个测试商品，编号3831，属于运动户外分类。,120.0,4,/uploads/product/cover_2.jpg,ON_SALE,MEETUP,2026-07-27 19:18:42,2026-08-15 20:12:42
3832,616,7,文具办公商品_3832,这是一个测试商品，编号3832，属于文具办公分类。,5.0,2,/uploads/product/cover_7.jpg,ON_SALE,EXPRESS,2026-08-14 07:08:42,2026-08-14 11:06:42
3833,314,10,家居家电商品_3833,这是一个测试商品，编号3833，属于家居家电分类。,200.0,1,/uploads/product/cover_19.jpg,ON_SALE,MEETUP,2026-08-07 04:55:42,2026-08-12 09:21:42
3834,761,8,美妆护肤商品_3834,这是一个测试商品，编号3834，属于美妆护肤分类。,3.0,1,/uploads/product/cover_4.jpg,ON_SALE,EXPRESS,2026-08-02 13:37:42,2026-08-12 02:15:42
3835,324,4,运动户外商品_3835,这是一个测试商品，编号3835，属于运动户外分类。,3.0,3,/uploads/product/cover_7.jpg,ON_SALE,MEETUP,2026-08-04 19:01:42,2026-08-15 23:39:42
3836,107,15,手工艺品商品_3836,这是一个测试商品，编号3836，属于手工艺品分类。,8.0,2,/uploads/product/cover_13.jpg,ON_SALE,MEETUP,2026-08-11 10:55:42,2026-08-11 23:31:42
3837,168,11,图书小说商品_3837,这是一个测试商品，编号3837，属于图书小说分类。,120.0,4,/uploads/product/cover_2.jpg,ON_SALE,"MEETUP,EXPRESS",2026-08-09 14:01:42,2026-08-16 07:00:42
3838,874,7,文具办公商品_3838,这是一个测试商品，编号3838，属于文具办公分类。,3.0,4,/uploads/product/cover_2.jpg,ON_SALE,"MEETUP,EXPRESS",2026-07-28 16:23:42,2026-08-13 15:26:42
3839,114,5,服装鞋帽商品_3839,这是一个测试商品，编号3839，属于服装鞋帽分类。,5.0,3,/uploads/product/cover_20.jpg,ON_SALE,EXPRESS,2026-07-28 13:10:42,2026-08-16 03:04:42
3840,81,14,宠物用品商品_3840,这是一个测试商品，编号3840，属于宠物用品分类。,60.0,5,/uploads/product/cover_18.jpg,ON_SALE,EXPRESS,2026-08-16 14:44:42,2026-08-16 11:49:42
3841,569,1,教材教辅商品_3841,这是一个测试商品，编号3841，属于教材教辅分类。,3.0,3,/uploads/product/cover_2.jpg,ON_SALE,"MEETUP,EXPRESS",2026-08-07 06:49:42,2026-08-16 03:40:42
3842,303,8,美妆护肤商品_3842,这是一个测试商品，编号3842，属于美妆护肤分类。,15.0,3,/uploads/product/cover_3.jpg,ON_SALE,MEETUP,2026-08-03 07:32:42,2026-08-14 08:50:42
3843,826,4,运动户外商品_3843,这是一个测试商品，编号3843，属于运动户外分类。,50.0,2,/uploads/product/cover_11.jpg,ON_SALE,MEETUP,2026-07-29 16:29:42,2026-08-13 19:16:42
3844,90,11,图书小说商品_3844,这是一个测试商品，编号3844，属于图书小说分类。,2.0,4,/uploads/product/cover_13.jpg,ON_SALE,"MEETUP,EXPRESS",2026-08-15 20:43:42,2026-08-13 12:41:42
3845,525,12,乐器音响商品_3845,这是一个测试商品，编号3845，属于乐器音响分类。,8.0,3,/uploads/product/cover_17.jpg,ON_SALE,MEETUP,2026-08-06 18:52:42,2026-08-13 09:39:42
3846,214,3,日用百货商品_3846,这是一个测试商品，编号3846，属于日用百货分类。,1.0,3,/uploads/product/cover_1.jpg,ON_SALE,"MEETUP,EXPRESS",2026-07-29 16:29:42,2026-08-14 11:30:42
3847,266,1,教材教辅商品_3847,这是一个测试商品，编号3847，属于教材教辅分类。,12.0,4,/uploads/product/cover_14.jpg,ON_SALE,EXPRESS,2026-08-02 22:06:42,2026-08-13 03:23:42
3848,641,14,宠物用品商品_3848,这是一个测试商品，编号3848，属于宠物用品分类。,20.0,2,/uploads/product/cover_9.jpg,ON_SALE,"MEETUP,EXPRESS",2026-08-07 08:46:42,2026-08-14 10:20:42
3849,959,5,服装鞋帽商品_3849,这是一个测试商品，编号3849，属于服装鞋帽分类。,8.0,5,/uploads/product/cover_3.jpg,ON_SALE,EXPRESS,2026-08-06 12:33:42,2026-08-16 00:54:42
3850,685,4,运动户外商品_3850,这是一个测试商品，编号3850，属于运动户外分类。,150.0,3,/uploads/product/cover_3.jpg,ON_SALE,EXPRESS,2026-08-08 16:59:42,2026-08-13 12:17:42
3851,158,11,图书小说商品_3851,这是一个测试商品，编号3851，属于图书小说分类。,150.0,4,/uploads/product/cover_12.jpg,ON_SALE,"MEETUP,EXPRESS",2026-08-10 13:57:42,2026-08-13 16:52:42
3852,36,10,家居家电商品_3852,这是一个测试商品，编号3852，属于家居家电分类。,200.0,5,/uploads/product/cover_4.jpg,ON_SALE,"MEETUP,EXPRESS",2026-08-03 10:07:42,2026-08-15 02:39:42
3853,775,12,乐器音响商品_3853,这是一个测试商品，编号3853，属于乐器音响分类。,25.0,1,/uploads/product/cover_20.jpg,ON_SALE,EXPRESS,2026-08-13 00:04:42,2026-08-14 22:54:42
3854,372,15,手工艺品商品_3854,这是一个测试商品，编号3854，属于手工艺品分类。,10.0,5,/uploads/product/cover_4.jpg,ON_SALE,MEETUP,2026-08-10 11:19:42,2026-08-14 21:40:42
3855,838,3,日用百货商品_3855,这是一个测试商品，编号3855，属于日用百货分类。,3.0,3,/uploads/product/cover_19.jpg,ON_SALE,"MEETUP,EXPRESS",2026-08-12 01:28:42,2026-08-14 03:08:42
3856,805,2,电子数码商品_3856,这是一个测试商品，编号3856，属于电子数码分类。,20.0,5,/uploads/product/cover_6.jpg,ON_SALE,EXPRESS,2026-08-07 00:08:42,2026-08-16 14:23:42
3857,788,1,教材教辅商品_3857,这是一个测试商品，编号3857，属于教材教辅分类。,80.0,1,/uploads/product/cover_14.jpg,ON_SALE,"MEETUP,EXPRESS",2026-08-09 01:48:42,2026-08-12 11:57:42
3858,946,5,服装鞋帽商品_3858,这是一个测试商品，编号3858，属于服装鞋帽分类。,50.0,3,/uploads/product/cover_4.jpg,ON_SALE,MEETUP,2026-08-01 00:50:42,2026-08-13 04:30:42
3859,126,1,教材教辅商品_3859,这是一个测试商品，编号3859，属于教材教辅分类。,8.0,4,/uploads/product/cover_20.jpg,ON_SALE,"MEETUP,EXPRESS",2026-08-13 03:46:42,2026-08-12 14:40:42
3860,234,10,家居家电商品_3860,这是一个测试商品，编号3860，属于家居家电分类。,1.0,1,/uploads/product/cover_8.jpg,ON_SALE,EXPRESS,2026-08-10 07:42:42,2026-08-16 07:40:42
3861,361,3,日用百货商品_3861,这是一个测试商品，编号3861，属于日用百货分类。,8.0,5,/uploads/product/cover_15.jpg,ON_SALE,EXPRESS,2026-08-11 20:36:42,2026-08-13 20:02:42
3862,649,13,交通工具商品_3862,这是一个测试商品，编号3862，属于交通工具分类。,5.0,3,/uploads/product/cover_1.jpg,ON_SALE,EXPRESS,2026-08-08 15:38:42,2026-08-12 21:24:42
3863,93,9,游戏动漫商品_3863,这是一个测试商品，编号3863，属于游戏动漫分类。,8.0,2,/uploads/product/cover_18.jpg,ON_SALE,EXPRESS,2026-07-28 01:44:42,2026-08-16 01:14:42
3864,132,5,服装鞋帽商品_3864,这是一个测试商品，编号3864，属于服装鞋帽分类。,200.0,4,/uploads/product/cover_18.jpg,ON_SALE,"MEETUP,EXPRESS",2026-08-13 06:43:42,2026-08-13 14:17:42
3865,500,4,运动户外商品_3865,这是一个测试商品，编号3865，属于运动户外分类。,5.0,5,/uploads/product/cover_14.jpg,ON_SALE,EXPRESS,2026-08-06 22:00:42,2026-08-13 11:46:42
3866,995,4,运动户外商品_3866,这是一个测试商品，编号3866，属于运动户外分类。,50.0,2,/uploads/product/cover_5.jpg,ON_SALE,MEETUP,2026-08-11 05:43:42,2026-08-13 01:09:42
3867,220,9,游戏动漫商品_3867,这是一个测试商品，编号3867，属于游戏动漫分类。,3.0,1,/uploads/product/cover_6.jpg,ON_SALE,MEETUP,2026-08-08 15:37:42,2026-08-14 13:56:42
3868,534,14,宠物用品商品_3868,这是一个测试商品，编号3868，属于宠物用品分类。,25.0,5,/uploads/product/cover_9.jpg,ON_SALE,MEETUP,2026-08-04 23:55:42,2026-08-14 10:26:42
3869,290,8,美妆护肤商品_3869,这是一个测试商品，编号3869，属于美妆护肤分类。,15.0,4,/uploads/product/cover_10.jpg,ON_SALE,"MEETUP,EXPRESS",2026-08-08 10:51:42,2026-08-16 07:26:42
3870,601,11,图书小说商品_3870,这是一个测试商品，编号3870，属于图书小说分类。,200.0,1,/uploads/product/cover_13.jpg,ON_SALE,EXPRESS,2026-08-06 13:07:42,2026-08-14 12:44:42
3871,593,11,图书小说商品_3871,这是一个测试商品，编号3871，属于图书小说分类。,100.0,2,/uploads/product/cover_9.jpg,ON_SALE,MEETUP,2026-08-07 21:21:42,2026-08-15 10:09:42
3872,384,10,家居家电商品_3872,这是一个测试商品，编号3872，属于家居家电分类。,20.0,5,/uploads/product/cover_12.jpg,ON_SALE,MEETUP,2026-08-16 01:14:42,2026-08-12 04:25:42
3873,326,8,美妆护肤商品_3873,这是一个测试商品，编号3873，属于美妆护肤分类。,150.0,2,/uploads/product/cover_18.jpg,ON_SALE,"MEETUP,EXPRESS",2026-08-05 21:27:42,2026-08-16 05:28:42
3874,183,13,交通工具商品_3874,这是一个测试商品，编号3874，属于交通工具分类。,2.0,1,/uploads/product/cover_4.jpg,ON_SALE,EXPRESS,2026-08-03 13:44:42,2026-08-16 09:43:42
3875,676,8,美妆护肤商品_3875,这是一个测试商品，编号3875，属于美妆护肤分类。,12.0,1,/uploads/product/cover_9.jpg,ON_SALE,EXPRESS,2026-08-07 00:56:42,2026-08-13 13:37:42
3876,531,10,家居家电商品_3876,这是一个测试商品，编号3876，属于家居家电分类。,150.0,2,/uploads/product/cover_14.jpg,ON_SALE,"MEETUP,EXPRESS",2026-08-05 12:56:42,2026-08-11 21:12:42
3877,244,6,零食饮料商品_3877,这是一个测试商品，编号3877，属于零食饮料分类。,5.0,4,/uploads/product/cover_18.jpg,ON_SALE,"MEETUP,EXPRESS",2026-08-15 01:01:42,2026-08-16 02:44:42
3878,22,11,图书小说商品_3878,这是一个测试商品，编号3878，属于图书小说分类。,25.0,5,/uploads/product/cover_1.jpg,ON_SALE,EXPRESS,2026-07-31 01:58:42,2026-08-15 13:53:42
3879,595,6,零食饮料商品_3879,这是一个测试商品，编号3879，属于零食饮料分类。,30.0,2,/uploads/product/cover_4.jpg,ON_SALE,"MEETUP,EXPRESS",2026-07-29 10:06:42,2026-08-15 12:15:42
3880,354,8,美妆护肤商品_3880,这是一个测试商品，编号3880，属于美妆护肤分类。,150.0,5,/uploads/product/cover_3.jpg,ON_SALE,"MEETUP,EXPRESS",2026-08-14 19:45:42,2026-08-13 00:47:42
3881,602,3,日用百货商品_3881,这是一个测试商品，编号3881，属于日用百货分类。,5.0,3,/uploads/product/cover_3.jpg,ON_SALE,"MEETUP,EXPRESS",2026-08-15 20:57:42,2026-08-15 13:25:42
3882,613,15,手工艺品商品_3882,这是一个测试商品，编号3882，属于手工艺品分类。,120.0,2,/uploads/product/cover_12.jpg,ON_SALE,MEETUP,2026-07-29 00:02:42,2026-08-12 02:40:42
3883,341,15,手工艺品商品_3883,这是一个测试商品，编号3883，属于手工艺品分类。,150.0,2,/uploads/product/cover_6.jpg,ON_SALE,MEETUP,2026-08-15 11:44:42,2026-08-15 09:52:42
3884,565,14,宠物用品商品_3884,这是一个测试商品，编号3884，属于宠物用品分类。,5.0,4,/uploads/product/cover_16.jpg,ON_SALE,EXPRESS,2026-08-15 18:41:42,2026-08-13 01:49:42
3885,503,13,交通工具商品_3885,这是一个测试商品，编号3885，属于交通工具分类。,20.0,3,/uploads/product/cover_2.jpg,ON_SALE,MEETUP,2026-07-30 08:46:42,2026-08-14 06:55:42
3886,519,15,手工艺品商品_3886,这是一个测试商品，编号3886，属于手工艺品分类。,60.0,5,/uploads/product/cover_19.jpg,ON_SALE,MEETUP,2026-07-29 13:12:42,2026-08-16 01:35:42
3887,120,2,电子数码商品_3887,这是一个测试商品，编号3887，属于电子数码分类。,2.0,2,/uploads/product/cover_5.jpg,ON_SALE,EXPRESS,2026-07-31 04:57:42,2026-08-13 17:54:42
3888,987,12,乐器音响商品_3888,这是一个测试商品，编号3888，属于乐器音响分类。,12.0,3,/uploads/product/cover_19.jpg,ON_SALE,MEETUP,2026-08-13 15:06:42,2026-08-13 15:32:42
3889,597,4,运动户外商品_3889,这是一个测试商品，编号3889，属于运动户外分类。,10.0,4,/uploads/product/cover_10.jpg,ON_SALE,EXPRESS,2026-08-01 11:25:42,2026-08-14 20:33:42
3890,629,13,交通工具商品_3890,这是一个测试商品，编号3890，属于交通工具分类。,5.0,1,/uploads/product/cover_5.jpg,ON_SALE,MEETUP,2026-07-28 00:28:42,2026-08-12 10:22:42
3891,707,5,服装鞋帽商品_3891,这是一个测试商品，编号3891，属于服装鞋帽分类。,80.0,2,/uploads/product/cover_5.jpg,ON_SALE,EXPRESS,2026-08-02 00:57:42,2026-08-12 22:24:42
3892,77,5,服装鞋帽商品_3892,这是一个测试商品，编号3892，属于服装鞋帽分类。,1.0,2,/uploads/product/cover_19.jpg,ON_SALE,EXPRESS,2026-08-05 21:16:42,2026-08-12 08:04:42
3893,497,13,交通工具商品_3893,这是一个测试商品，编号3893，属于交通工具分类。,15.0,5,/uploads/product/cover_10.jpg,ON_SALE,MEETUP,2026-08-01 17:53:42,2026-08-13 16:17:42
3894,832,12,乐器音响商品_3894,这是一个测试商品，编号3894，属于乐器音响分类。,15.0,1,/uploads/product/cover_8.jpg,ON_SALE,MEETUP,2026-08-10 11:30:42,2026-08-15 07:16:42
3895,153,11,图书小说商品_3895,这是一个测试商品，编号3895，属于图书小说分类。,20.0,4,/uploads/product/cover_6.jpg,ON_SALE,"MEETUP,EXPRESS",2026-08-08 18:34:42,2026-08-16 07:35:42
3896,546,11,图书小说商品_3896,这是一个测试商品，编号3896，属于图书小说分类。,120.0,4,/uploads/product/cover_14.jpg,ON_SALE,"MEETUP,EXPRESS",2026-08-12 21:14:42,2026-08-13 21:41:42
3897,555,1,教材教辅商品_3897,这是一个测试商品，编号3897，属于教材教辅分类。,12.0,4,/uploads/product/cover_4.jpg,ON_SALE,"MEETUP,EXPRESS",2026-08-06 09:46:42,2026-08-16 15:01:42
3898,922,13,交通工具商品_3898,这是一个测试商品，编号3898，属于交通工具分类。,60.0,5,/uploads/product/cover_20.jpg,ON_SALE,MEETUP,2026-07-28 10:17:42,2026-08-15 23:46:42
3899,743,6,零食饮料商品_3899,这是一个测试商品，编号3899，属于零食饮料分类。,3.0,5,/uploads/product/cover_11.jpg,ON_SALE,"MEETUP,EXPRESS",2026-08-01 12:41:42,2026-08-12 22:31:42
3900,434,9,游戏动漫商品_3900,这是一个测试商品，编号3900，属于游戏动漫分类。,200.0,1,/uploads/product/cover_9.jpg,ON_SALE,"MEETUP,EXPRESS",2026-08-14 12:05:42,2026-08-13 10:54:42
3901,783,12,乐器音响商品_3901,这是一个测试商品，编号3901，属于乐器音响分类。,5.0,1,/uploads/product/cover_19.jpg,ON_SALE,EXPRESS,2026-08-15 15:03:42,2026-08-16 17:58:42
3902,420,9,游戏动漫商品_3902,这是一个测试商品，编号3902，属于游戏动漫分类。,100.0,2,/uploads/product/cover_6.jpg,ON_SALE,MEETUP,2026-08-08 11:45:42,2026-08-13 07:06:42
3903,272,2,电子数码商品_3903,这是一个测试商品，编号3903，属于电子数码分类。,1.0,5,/uploads/product/cover_20.jpg,ON_SALE,EXPRESS,2026-07-31 15:14:42,2026-08-12 03:23:42
3904,670,14,宠物用品商品_3904,这是一个测试商品，编号3904，属于宠物用品分类。,1.0,3,/uploads/product/cover_3.jpg,ON_SALE,MEETUP,2026-07-28 15:33:42,2026-08-14 11:30:42
3905,594,15,手工艺品商品_3905,这是一个测试商品，编号3905，属于手工艺品分类。,120.0,1,/uploads/product/cover_7.jpg,ON_SALE,MEETUP,2026-08-04 23:10:42,2026-08-14 01:17:42
3906,210,5,服装鞋帽商品_3906,这是一个测试商品，编号3906，属于服装鞋帽分类。,5.0,5,/uploads/product/cover_9.jpg,ON_SALE,"MEETUP,EXPRESS",2026-07-31 17:17:42,2026-08-16 17:55:42
3907,427,7,文具办公商品_3907,这是一个测试商品，编号3907，属于文具办公分类。,1.0,5,/uploads/product/cover_18.jpg,ON_SALE,"MEETUP,EXPRESS",2026-07-28 01:11:42,2026-08-15 11:56:42
3908,995,2,电子数码商品_3908,这是一个测试商品，编号3908，属于电子数码分类。,80.0,4,/uploads/product/cover_16.jpg,ON_SALE,EXPRESS,2026-08-11 06:04:42,2026-08-13 09:54:42
3909,781,12,乐器音响商品_3909,这是一个测试商品，编号3909，属于乐器音响分类。,100.0,1,/uploads/product/cover_15.jpg,ON_SALE,MEETUP,2026-08-16 08:19:42,2026-08-12 00:54:42
3910,672,5,服装鞋帽商品_3910,这是一个测试商品，编号3910，属于服装鞋帽分类。,8.0,1,/uploads/product/cover_17.jpg,ON_SALE,"MEETUP,EXPRESS",2026-08-15 06:27:42,2026-08-16 17:19:42
3911,108,10,家居家电商品_3911,这是一个测试商品，编号3911，属于家居家电分类。,12.0,4,/uploads/product/cover_12.jpg,ON_SALE,"MEETUP,EXPRESS",2026-08-16 08:17:42,2026-08-15 18:21:42
3912,392,4,运动户外商品_3912,这是一个测试商品，编号3912，属于运动户外分类。,1.0,4,/uploads/product/cover_10.jpg,ON_SALE,EXPRESS,2026-08-08 07:11:42,2026-08-13 20:21:42
3913,201,2,电子数码商品_3913,这是一个测试商品，编号3913，属于电子数码分类。,80.0,5,/uploads/product/cover_12.jpg,ON_SALE,EXPRESS,2026-08-03 06:09:42,2026-08-14 09:59:42
3914,579,5,服装鞋帽商品_3914,这是一个测试商品，编号3914，属于服装鞋帽分类。,100.0,4,/uploads/product/cover_17.jpg,ON_SALE,"MEETUP,EXPRESS",2026-08-12 05:22:42,2026-08-12 02:09:42
3915,128,8,美妆护肤商品_3915,这是一个测试商品，编号3915，属于美妆护肤分类。,5.0,5,/uploads/product/cover_13.jpg,ON_SALE,EXPRESS,2026-08-09 13:52:42,2026-08-15 23:26:42
3916,41,1,教材教辅商品_3916,这是一个测试商品，编号3916，属于教材教辅分类。,80.0,4,/uploads/product/cover_17.jpg,ON_SALE,"MEETUP,EXPRESS",2026-08-01 19:28:42,2026-08-15 11:10:42
3917,177,6,零食饮料商品_3917,这是一个测试商品，编号3917，属于零食饮料分类。,1.0,5,/uploads/product/cover_18.jpg,ON_SALE,"MEETUP,EXPRESS",2026-08-13 22:08:42,2026-08-11 22:48:42
3918,170,8,美妆护肤商品_3918,这是一个测试商品，编号3918，属于美妆护肤分类。,12.0,4,/uploads/product/cover_4.jpg,ON_SALE,MEETUP,2026-08-13 01:54:42,2026-08-13 02:00:42
3919,273,3,日用百货商品_3919,这是一个测试商品，编号3919，属于日用百货分类。,200.0,3,/uploads/product/cover_13.jpg,ON_SALE,MEETUP,2026-08-02 20:05:42,2026-08-16 17:39:42
3920,891,13,交通工具商品_3920,这是一个测试商品，编号3920，属于交通工具分类。,30.0,3,/uploads/product/cover_20.jpg,ON_SALE,MEETUP,2026-08-03 08:24:42,2026-08-16 13:34:42
3921,263,14,宠物用品商品_3921,这是一个测试商品，编号3921，属于宠物用品分类。,200.0,3,/uploads/product/cover_18.jpg,ON_SALE,MEETUP,2026-08-02 00:13:42,2026-08-14 16:17:42
3922,401,5,服装鞋帽商品_3922,这是一个测试商品，编号3922，属于服装鞋帽分类。,15.0,5,/uploads/product/cover_20.jpg,ON_SALE,"MEETUP,EXPRESS",2026-08-13 21:10:42,2026-08-14 18:11:42
3923,900,6,零食饮料商品_3923,这是一个测试商品，编号3923，属于零食饮料分类。,5.0,3,/uploads/product/cover_10.jpg,ON_SALE,MEETUP,2026-07-29 05:45:42,2026-08-14 14:02:42
3924,113,6,零食饮料商品_3924,这是一个测试商品，编号3924，属于零食饮料分类。,8.0,2,/uploads/product/cover_18.jpg,ON_SALE,EXPRESS,2026-08-01 19:42:42,2026-08-11 21:52:42
3925,469,7,文具办公商品_3925,这是一个测试商品，编号3925，属于文具办公分类。,3.0,4,/uploads/product/cover_16.jpg,ON_SALE,MEETUP,2026-08-12 10:14:42,2026-08-14 13:55:42
3926,991,2,电子数码商品_3926,这是一个测试商品，编号3926，属于电子数码分类。,100.0,3,/uploads/product/cover_16.jpg,ON_SALE,EXPRESS,2026-07-29 03:55:42,2026-08-13 07:05:42
3927,571,2,电子数码商品_3927,这是一个测试商品，编号3927，属于电子数码分类。,15.0,2,/uploads/product/cover_9.jpg,ON_SALE,MEETUP,2026-08-15 03:27:42,2026-08-12 11:28:42
3928,230,1,教材教辅商品_3928,这是一个测试商品，编号3928，属于教材教辅分类。,1.0,5,/uploads/product/cover_14.jpg,ON_SALE,EXPRESS,2026-07-31 17:00:42,2026-08-16 00:47:42
3929,150,2,电子数码商品_3929,这是一个测试商品，编号3929，属于电子数码分类。,12.0,4,/uploads/product/cover_14.jpg,ON_SALE,"MEETUP,EXPRESS",2026-08-09 23:14:42,2026-08-15 07:44:42
3930,926,1,教材教辅商品_3930,这是一个测试商品，编号3930，属于教材教辅分类。,8.0,1,/uploads/product/cover_15.jpg,ON_SALE,EXPRESS,2026-08-02 13:01:42,2026-08-13 08:34:42
3931,518,14,宠物用品商品_3931,这是一个测试商品，编号3931，属于宠物用品分类。,15.0,2,/uploads/product/cover_5.jpg,ON_SALE,MEETUP,2026-08-13 12:34:42,2026-08-14 14:03:42
3932,464,2,电子数码商品_3932,这是一个测试商品，编号3932，属于电子数码分类。,5.0,5,/uploads/product/cover_5.jpg,ON_SALE,"MEETUP,EXPRESS",2026-08-09 22:06:42,2026-08-14 22:15:42
3933,929,1,教材教辅商品_3933,这是一个测试商品，编号3933，属于教材教辅分类。,10.0,2,/uploads/product/cover_11.jpg,ON_SALE,EXPRESS,2026-08-09 17:38:42,2026-08-13 03:09:42
3934,317,13,交通工具商品_3934,这是一个测试商品，编号3934，属于交通工具分类。,5.0,4,/uploads/product/cover_4.jpg,ON_SALE,EXPRESS,2026-08-05 11:41:42,2026-08-16 16:34:42
3935,414,12,乐器音响商品_3935,这是一个测试商品，编号3935，属于乐器音响分类。,200.0,5,/uploads/product/cover_8.jpg,ON_SALE,MEETUP,2026-08-03 13:02:42,2026-08-12 04:34:42
3936,198,13,交通工具商品_3936,这是一个测试商品，编号3936，属于交通工具分类。,20.0,5,/uploads/product/cover_9.jpg,ON_SALE,EXPRESS,2026-08-09 11:31:42,2026-08-14 00:46:42
3937,114,3,日用百货商品_3937,这是一个测试商品，编号3937，属于日用百货分类。,2.0,5,/uploads/product/cover_14.jpg,ON_SALE,MEETUP,2026-08-05 02:26:42,2026-08-16 06:31:42
3938,199,12,乐器音响商品_3938,这是一个测试商品，编号3938，属于乐器音响分类。,80.0,1,/uploads/product/cover_7.jpg,ON_SALE,"MEETUP,EXPRESS",2026-08-11 15:28:42,2026-08-11 20:05:42
3939,526,8,美妆护肤商品_3939,这是一个测试商品，编号3939，属于美妆护肤分类。,10.0,1,/uploads/product/cover_4.jpg,ON_SALE,EXPRESS,2026-08-12 16:02:42,2026-08-14 08:24:42
3940,270,15,手工艺品商品_3940,这是一个测试商品，编号3940，属于手工艺品分类。,15.0,2,/uploads/product/cover_12.jpg,ON_SALE,"MEETUP,EXPRESS",2026-08-11 15:21:42,2026-08-12 11:59:42
3941,710,5,服装鞋帽商品_3941,这是一个测试商品，编号3941，属于服装鞋帽分类。,80.0,1,/uploads/product/cover_3.jpg,ON_SALE,MEETUP,2026-07-28 20:51:42,2026-08-12 09:38:42
3942,715,11,图书小说商品_3942,这是一个测试商品，编号3942，属于图书小说分类。,1.0,3,/uploads/product/cover_16.jpg,ON_SALE,MEETUP,2026-08-04 00:07:42,2026-08-13 14:33:42
3943,207,8,美妆护肤商品_3943,这是一个测试商品，编号3943，属于美妆护肤分类。,8.0,1,/uploads/product/cover_4.jpg,ON_SALE,MEETUP,2026-08-12 19:47:42,2026-08-16 11:36:42
3944,999,12,乐器音响商品_3944,这是一个测试商品，编号3944，属于乐器音响分类。,2.0,4,/uploads/product/cover_9.jpg,ON_SALE,"MEETUP,EXPRESS",2026-08-02 08:31:42,2026-08-13 23:09:42
3945,968,4,运动户外商品_3945,这是一个测试商品，编号3945，属于运动户外分类。,50.0,1,/uploads/product/cover_2.jpg,ON_SALE,"MEETUP,EXPRESS",2026-08-11 09:44:42,2026-08-15 11:27:42
3946,94,7,文具办公商品_3946,这是一个测试商品，编号3946，属于文具办公分类。,3.0,3,/uploads/product/cover_8.jpg,ON_SALE,"MEETUP,EXPRESS",2026-08-09 19:04:42,2026-08-14 16:04:42
3947,614,11,图书小说商品_3947,这是一个测试商品，编号3947，属于图书小说分类。,12.0,2,/uploads/product/cover_3.jpg,ON_SALE,"MEETUP,EXPRESS",2026-08-14 08:47:42,2026-08-12 13:27:42
3948,771,14,宠物用品商品_3948,这是一个测试商品，编号3948，属于宠物用品分类。,5.0,5,/uploads/product/cover_19.jpg,ON_SALE,"MEETUP,EXPRESS",2026-08-15 05:04:42,2026-08-13 05:15:42
3949,263,1,教材教辅商品_3949,这是一个测试商品，编号3949，属于教材教辅分类。,30.0,1,/uploads/product/cover_3.jpg,ON_SALE,MEETUP,2026-08-09 16:53:42,2026-08-16 17:16:42
3950,890,1,教材教辅商品_3950,这是一个测试商品，编号3950，属于教材教辅分类。,20.0,3,/uploads/product/cover_13.jpg,ON_SALE,"MEETUP,EXPRESS",2026-08-15 08:44:42,2026-08-16 09:18:42
3951,349,15,手工艺品商品_3951,这是一个测试商品，编号3951，属于手工艺品分类。,3.0,4,/uploads/product/cover_18.jpg,ON_SALE,MEETUP,2026-08-05 16:54:42,2026-08-15 01:02:42
3952,612,4,运动户外商品_3952,这是一个测试商品，编号3952，属于运动户外分类。,2.0,4,/uploads/product/cover_6.jpg,ON_SALE,"MEETUP,EXPRESS",2026-08-01 20:06:42,2026-08-12 11:03:42
3953,588,12,乐器音响商品_3953,这是一个测试商品，编号3953，属于乐器音响分类。,50.0,5,/uploads/product/cover_1.jpg,ON_SALE,"MEETUP,EXPRESS",2026-08-06 12:44:42,2026-08-14 10:22:42
3954,557,14,宠物用品商品_3954,这是一个测试商品，编号3954，属于宠物用品分类。,120.0,1,/uploads/product/cover_16.jpg,ON_SALE,MEETUP,2026-07-27 19:10:42,2026-08-13 07:26:42
3955,485,6,零食饮料商品_3955,这是一个测试商品，编号3955，属于零食饮料分类。,3.0,3,/uploads/product/cover_7.jpg,ON_SALE,EXPRESS,2026-08-04 23:45:42,2026-08-12 00:49:42
3956,263,4,运动户外商品_3956,这是一个测试商品，编号3956，属于运动户外分类。,8.0,1,/uploads/product/cover_6.jpg,ON_SALE,EXPRESS,2026-08-07 08:12:42,2026-08-15 10:26:42
3957,268,2,电子数码商品_3957,这是一个测试商品，编号3957，属于电子数码分类。,15.0,4,/uploads/product/cover_2.jpg,ON_SALE,EXPRESS,2026-07-31 10:12:42,2026-08-13 01:12:42
3958,972,9,游戏动漫商品_3958,这是一个测试商品，编号3958，属于游戏动漫分类。,20.0,2,/uploads/product/cover_5.jpg,ON_SALE,"MEETUP,EXPRESS",2026-08-09 22:10:42,2026-08-13 21:38:42
3959,650,5,服装鞋帽商品_3959,这是一个测试商品，编号3959，属于服装鞋帽分类。,200.0,4,/uploads/product/cover_10.jpg,ON_SALE,EXPRESS,2026-08-07 02:33:42,2026-08-12 23:05:42
3960,893,5,服装鞋帽商品_3960,这是一个测试商品，编号3960，属于服装鞋帽分类。,200.0,3,/uploads/product/cover_3.jpg,ON_SALE,EXPRESS,2026-08-08 13:48:42,2026-08-14 04:47:42
3961,636,5,服装鞋帽商品_3961,这是一个测试商品，编号3961，属于服装鞋帽分类。,15.0,2,/uploads/product/cover_13.jpg,ON_SALE,EXPRESS,2026-08-15 03:51:42,2026-08-15 12:05:42
3962,594,5,服装鞋帽商品_3962,这是一个测试商品，编号3962，属于服装鞋帽分类。,15.0,2,/uploads/product/cover_18.jpg,ON_SALE,"MEETUP,EXPRESS",2026-08-02 06:05:42,2026-08-13 21:30:42
3963,119,4,运动户外商品_3963,这是一个测试商品，编号3963，属于运动户外分类。,30.0,5,/uploads/product/cover_12.jpg,ON_SALE,MEETUP,2026-08-08 07:08:42,2026-08-15 08:09:42
3964,585,14,宠物用品商品_3964,这是一个测试商品，编号3964，属于宠物用品分类。,20.0,2,/uploads/product/cover_15.jpg,ON_SALE,"MEETUP,EXPRESS",2026-08-16 05:05:42,2026-08-13 04:15:42
3965,882,1,教材教辅商品_3965,这是一个测试商品，编号3965，属于教材教辅分类。,80.0,5,/uploads/product/cover_15.jpg,ON_SALE,EXPRESS,2026-08-16 11:01:42,2026-08-11 23:09:42
3966,219,7,文具办公商品_3966,这是一个测试商品，编号3966，属于文具办公分类。,150.0,5,/uploads/product/cover_13.jpg,ON_SALE,"MEETUP,EXPRESS",2026-08-14 20:25:42,2026-08-14 12:19:42
3967,119,13,交通工具商品_3967,这是一个测试商品，编号3967，属于交通工具分类。,15.0,5,/uploads/product/cover_7.jpg,ON_SALE,EXPRESS,2026-08-11 01:56:42,2026-08-12 16:23:42
3968,861,15,手工艺品商品_3968,这是一个测试商品，编号3968，属于手工艺品分类。,80.0,3,/uploads/product/cover_1.jpg,ON_SALE,MEETUP,2026-08-08 23:23:42,2026-08-14 01:15:42
3969,962,6,零食饮料商品_3969,这是一个测试商品，编号3969，属于零食饮料分类。,1.0,1,/uploads/product/cover_12.jpg,ON_SALE,"MEETUP,EXPRESS",2026-08-04 02:48:42,2026-08-14 15:12:42
3970,89,7,文具办公商品_3970,这是一个测试商品，编号3970，属于文具办公分类。,150.0,2,/uploads/product/cover_15.jpg,ON_SALE,EXPRESS,2026-08-06 06:06:42,2026-08-13 13:51:42
3971,481,15,手工艺品商品_3971,这是一个测试商品，编号3971，属于手工艺品分类。,3.0,2,/uploads/product/cover_15.jpg,ON_SALE,EXPRESS,2026-08-11 09:41:42,2026-08-12 14:58:42
3972,313,14,宠物用品商品_3972,这是一个测试商品，编号3972，属于宠物用品分类。,150.0,3,/uploads/product/cover_14.jpg,ON_SALE,MEETUP,2026-08-13 20:01:42,2026-08-14 00:17:42
3973,464,4,运动户外商品_3973,这是一个测试商品，编号3973，属于运动户外分类。,1.0,1,/uploads/product/cover_3.jpg,ON_SALE,MEETUP,2026-08-08 06:08:42,2026-08-15 11:21:42
3974,268,6,零食饮料商品_3974,这是一个测试商品，编号3974，属于零食饮料分类。,1.0,3,/uploads/product/cover_11.jpg,ON_SALE,"MEETUP,EXPRESS",2026-08-14 14:14:42,2026-08-15 14:51:42
3975,930,11,图书小说商品_3975,这是一个测试商品，编号3975，属于图书小说分类。,60.0,5,/uploads/product/cover_10.jpg,ON_SALE,EXPRESS,2026-08-13 12:50:42,2026-08-15 17:33:42
3976,898,1,教材教辅商品_3976,这是一个测试商品，编号3976，属于教材教辅分类。,100.0,5,/uploads/product/cover_19.jpg,ON_SALE,EXPRESS,2026-07-27 20:41:42,2026-08-16 00:11:42
3977,156,3,日用百货商品_3977,这是一个测试商品，编号3977，属于日用百货分类。,50.0,1,/uploads/product/cover_6.jpg,ON_SALE,EXPRESS,2026-08-07 16:04:42,2026-08-13 05:29:42
3978,938,1,教材教辅商品_3978,这是一个测试商品，编号3978，属于教材教辅分类。,12.0,4,/uploads/product/cover_17.jpg,ON_SALE,"MEETUP,EXPRESS",2026-07-30 13:20:42,2026-08-15 06:10:42
3979,419,5,服装鞋帽商品_3979,这是一个测试商品，编号3979，属于服装鞋帽分类。,12.0,1,/uploads/product/cover_1.jpg,ON_SALE,EXPRESS,2026-08-15 23:13:42,2026-08-13 03:41:42
3980,336,10,家居家电商品_3980,这是一个测试商品，编号3980，属于家居家电分类。,200.0,4,/uploads/product/cover_6.jpg,ON_SALE,MEETUP,2026-07-28 07:18:42,2026-08-15 19:48:42
3981,145,4,运动户外商品_3981,这是一个测试商品，编号3981，属于运动户外分类。,15.0,3,/uploads/product/cover_11.jpg,ON_SALE,"MEETUP,EXPRESS",2026-08-15 15:45:42,2026-08-14 11:39:42
3982,702,7,文具办公商品_3982,这是一个测试商品，编号3982，属于文具办公分类。,80.0,3,/uploads/product/cover_13.jpg,ON_SALE,MEETUP,2026-07-29 11:26:42,2026-08-16 05:25:42
3983,650,15,手工艺品商品_3983,这是一个测试商品，编号3983，属于手工艺品分类。,1.0,4,/uploads/product/cover_10.jpg,ON_SALE,MEETUP,2026-08-16 12:15:42,2026-08-16 10:23:42
3984,180,2,电子数码商品_3984,这是一个测试商品，编号3984，属于电子数码分类。,50.0,1,/uploads/product/cover_20.jpg,ON_SALE,EXPRESS,2026-08-08 08:07:42,2026-08-13 13:54:42
3985,912,6,零食饮料商品_3985,这是一个测试商品，编号3985，属于零食饮料分类。,2.0,3,/uploads/product/cover_8.jpg,ON_SALE,"MEETUP,EXPRESS",2026-08-13 06:04:42,2026-08-12 07:59:42
3986,847,6,零食饮料商品_3986,这是一个测试商品，编号3986，属于零食饮料分类。,2.0,1,/uploads/product/cover_5.jpg,ON_SALE,MEETUP,2026-07-28 09:04:42,2026-08-14 18:33:42
3987,991,14,宠物用品商品_3987,这是一个测试商品，编号3987，属于宠物用品分类。,60.0,2,/uploads/product/cover_13.jpg,ON_SALE,"MEETUP,EXPRESS",2026-08-02 13:46:42,2026-08-12 02:37:42
3988,801,10,家居家电商品_3988,这是一个测试商品，编号3988，属于家居家电分类。,80.0,2,/uploads/product/cover_18.jpg,ON_SALE,EXPRESS,2026-07-29 19:10:42,2026-08-13 06:23:42
3989,593,1,教材教辅商品_3989,这是一个测试商品，编号3989，属于教材教辅分类。,60.0,1,/uploads/product/cover_1.jpg,ON_SALE,MEETUP,2026-08-05 19:44:42,2026-08-12 07:37:42
3990,978,12,乐器音响商品_3990,这是一个测试商品，编号3990，属于乐器音响分类。,200.0,2,/uploads/product/cover_2.jpg,ON_SALE,MEETUP,2026-08-10 21:42:42,2026-08-13 15:39:42
3991,889,7,文具办公商品_3991,这是一个测试商品，编号3991，属于文具办公分类。,20.0,2,/uploads/product/cover_15.jpg,ON_SALE,"MEETUP,EXPRESS",2026-08-01 22:45:42,2026-08-13 10:10:42
3992,143,1,教材教辅商品_3992,这是一个测试商品，编号3992，属于教材教辅分类。,5.0,3,/uploads/product/cover_2.jpg,ON_SALE,"MEETUP,EXPRESS",2026-07-28 09:04:42,2026-08-16 04:19:42
3993,629,10,家居家电商品_3993,这是一个测试商品，编号3993，属于家居家电分类。,100.0,4,/uploads/product/cover_16.jpg,ON_SALE,EXPRESS,2026-07-30 02:01:42,2026-08-16 16:56:42
3994,269,6,零食饮料商品_3994,这是一个测试商品，编号3994，属于零食饮料分类。,60.0,5,/uploads/product/cover_4.jpg,ON_SALE,MEETUP,2026-07-28 18:08:42,2026-08-14 10:45:42
3995,904,9,游戏动漫商品_3995,这是一个测试商品，编号3995，属于游戏动漫分类。,200.0,4,/uploads/product/cover_17.jpg,ON_SALE,MEETUP,2026-08-15 09:49:42,2026-08-14 03:49:42
3996,267,11,图书小说商品_3996,这是一个测试商品，编号3996，属于图书小说分类。,5.0,5,/uploads/product/cover_17.jpg,ON_SALE,MEETUP,2026-08-01 00:07:42,2026-08-14 16:35:42
3997,715,10,家居家电商品_3997,这是一个测试商品，编号3997，属于家居家电分类。,3.0,5,/uploads/product/cover_6.jpg,ON_SALE,"MEETUP,EXPRESS",2026-07-29 14:56:42,2026-08-15 04:15:42
3998,787,11,图书小说商品_3998,这是一个测试商品，编号3998，属于图书小说分类。,10.0,1,/uploads/product/cover_13.jpg,ON_SALE,EXPRESS,2026-07-31 09:12:42,2026-08-16 09:11:42
3999,490,12,乐器音响商品_3999,这是一个测试商品，编号3999，属于乐器音响分类。,3.0,2,/uploads/product/cover_8.jpg,ON_SALE,"MEETUP,EXPRESS",2026-07-27 19:56:42,2026-08-12 09:25:42
4000,794,5,服装鞋帽商品_4000,这是一个测试商品，编号4000，属于服装鞋帽分类。,20.0,1,/uploads/product/cover_11.jpg,ON_SALE,EXPRESS,2026-07-29 13:06:42,2026-08-12 09:47:42
4001,479,8,美妆护肤商品_4001,这是一个测试商品，编号4001，属于美妆护肤分类。,3.0,4,/uploads/product/cover_9.jpg,ON_SALE,"MEETUP,EXPRESS",2026-08-03 08:40:42,2026-08-13 09:57:42
4002,418,13,交通工具商品_4002,这是一个测试商品，编号4002，属于交通工具分类。,3.0,4,/uploads/product/cover_18.jpg,ON_SALE,MEETUP,2026-08-03 12:12:42,2026-08-13 15:31:42
4003,304,7,文具办公商品_4003,这是一个测试商品，编号4003，属于文具办公分类。,100.0,1,/uploads/product/cover_4.jpg,ON_SALE,"MEETUP,EXPRESS",2026-08-04 02:32:42,2026-08-12 06:59:42
4004,142,2,电子数码商品_4004,这是一个测试商品，编号4004，属于电子数码分类。,200.0,4,/uploads/product/cover_4.jpg,ON_SALE,MEETUP,2026-07-31 03:36:42,2026-08-13 01:45:42
4005,323,11,图书小说商品_4005,这是一个测试商品，编号4005，属于图书小说分类。,8.0,2,/uploads/product/cover_9.jpg,ON_SALE,EXPRESS,2026-08-10 13:35:42,2026-08-16 18:48:42
4006,873,1,教材教辅商品_4006,这是一个测试商品，编号4006，属于教材教辅分类。,15.0,2,/uploads/product/cover_18.jpg,ON_SALE,EXPRESS,2026-08-09 20:48:42,2026-08-14 00:13:42
4007,792,5,服装鞋帽商品_4007,这是一个测试商品，编号4007，属于服装鞋帽分类。,15.0,1,/uploads/product/cover_2.jpg,ON_SALE,"MEETUP,EXPRESS",2026-08-13 19:47:42,2026-08-16 16:14:42
4008,465,8,美妆护肤商品_4008,这是一个测试商品，编号4008，属于美妆护肤分类。,200.0,3,/uploads/product/cover_18.jpg,ON_SALE,"MEETUP,EXPRESS",2026-08-05 21:25:42,2026-08-12 05:49:42
4009,603,15,手工艺品商品_4009,这是一个测试商品，编号4009，属于手工艺品分类。,150.0,2,/uploads/product/cover_7.jpg,ON_SALE,EXPRESS,2026-08-15 13:08:42,2026-08-16 13:39:42
4010,330,3,日用百货商品_4010,这是一个测试商品，编号4010，属于日用百货分类。,120.0,3,/uploads/product/cover_16.jpg,ON_SALE,EXPRESS,2026-08-16 02:54:42,2026-08-13 17:18:42
4011,185,9,游戏动漫商品_4011,这是一个测试商品，编号4011，属于游戏动漫分类。,12.0,3,/uploads/product/cover_15.jpg,ON_SALE,MEETUP,2026-08-10 05:11:42,2026-08-14 13:34:42
4012,282,11,图书小说商品_4012,这是一个测试商品，编号4012，属于图书小说分类。,50.0,3,/uploads/product/cover_15.jpg,ON_SALE,"MEETUP,EXPRESS",2026-08-11 06:16:42,2026-08-15 22:35:42
4013,844,7,文具办公商品_4013,这是一个测试商品，编号4013，属于文具办公分类。,200.0,4,/uploads/product/cover_14.jpg,ON_SALE,EXPRESS,2026-08-12 18:25:42,2026-08-15 00:26:42
4014,153,13,交通工具商品_4014,这是一个测试商品，编号4014，属于交通工具分类。,30.0,2,/uploads/product/cover_4.jpg,ON_SALE,EXPRESS,2026-07-30 22:27:42,2026-08-16 01:59:42
4015,421,4,运动户外商品_4015,这是一个测试商品，编号4015，属于运动户外分类。,100.0,3,/uploads/product/cover_9.jpg,ON_SALE,MEETUP,2026-08-09 00:27:42,2026-08-14 17:20:42
4016,177,12,乐器音响商品_4016,这是一个测试商品，编号4016，属于乐器音响分类。,5.0,2,/uploads/product/cover_17.jpg,ON_SALE,EXPRESS,2026-08-06 06:11:42,2026-08-12 02:53:42
4017,980,9,游戏动漫商品_4017,这是一个测试商品，编号4017，属于游戏动漫分类。,30.0,3,/uploads/product/cover_9.jpg,ON_SALE,"MEETUP,EXPRESS",2026-08-12 04:22:42,2026-08-15 05:11:42
4018,136,9,游戏动漫商品_4018,这是一个测试商品，编号4018，属于游戏动漫分类。,3.0,3,/uploads/product/cover_20.jpg,ON_SALE,MEETUP,2026-08-12 20:59:42,2026-08-14 04:17:42
4019,57,5,服装鞋帽商品_4019,这是一个测试商品，编号4019，属于服装鞋帽分类。,150.0,4,/uploads/product/cover_11.jpg,ON_SALE,"MEETUP,EXPRESS",2026-08-05 10:58:42,2026-08-12 22:17:42
4020,171,15,手工艺品商品_4020,这是一个测试商品，编号4020，属于手工艺品分类。,3.0,1,/uploads/product/cover_14.jpg,ON_SALE,"MEETUP,EXPRESS",2026-07-30 14:40:42,2026-08-12 14:55:42
4021,981,1,教材教辅商品_4021,这是一个测试商品，编号4021，属于教材教辅分类。,5.0,2,/uploads/product/cover_20.jpg,ON_SALE,MEETUP,2026-07-30 18:29:42,2026-08-12 19:05:42
4022,566,11,图书小说商品_4022,这是一个测试商品，编号4022，属于图书小说分类。,30.0,3,/uploads/product/cover_14.jpg,ON_SALE,MEETUP,2026-08-06 12:55:42,2026-08-12 14:46:42
4023,186,2,电子数码商品_4023,这是一个测试商品，编号4023，属于电子数码分类。,50.0,2,/uploads/product/cover_17.jpg,ON_SALE,EXPRESS,2026-08-13 06:16:42,2026-08-16 12:05:42
4024,975,14,宠物用品商品_4024,这是一个测试商品，编号4024，属于宠物用品分类。,1.0,5,/uploads/product/cover_7.jpg,ON_SALE,"MEETUP,EXPRESS",2026-08-12 11:45:42,2026-08-13 14:41:42
4025,313,3,日用百货商品_4025,这是一个测试商品，编号4025，属于日用百货分类。,150.0,3,/uploads/product/cover_3.jpg,ON_SALE,MEETUP,2026-08-15 02:42:42,2026-08-12 01:56:42
4026,660,5,服装鞋帽商品_4026,这是一个测试商品，编号4026，属于服装鞋帽分类。,15.0,5,/uploads/product/cover_19.jpg,ON_SALE,EXPRESS,2026-07-28 10:21:42,2026-08-14 21:45:42
4027,220,3,日用百货商品_4027,这是一个测试商品，编号4027，属于日用百货分类。,80.0,2,/uploads/product/cover_17.jpg,ON_SALE,EXPRESS,2026-08-07 05:07:42,2026-08-13 15:17:42
4028,598,2,电子数码商品_4028,这是一个测试商品，编号4028，属于电子数码分类。,12.0,1,/uploads/product/cover_17.jpg,ON_SALE,EXPRESS,2026-08-13 02:30:42,2026-08-15 13:56:42
4029,938,4,运动户外商品_4029,这是一个测试商品，编号4029，属于运动户外分类。,20.0,2,/uploads/product/cover_15.jpg,ON_SALE,EXPRESS,2026-08-05 20:12:42,2026-08-15 16:06:42
4030,267,11,图书小说商品_4030,这是一个测试商品，编号4030，属于图书小说分类。,2.0,3,/uploads/product/cover_10.jpg,ON_SALE,MEETUP,2026-08-02 14:46:42,2026-08-13 18:10:42
4031,53,9,游戏动漫商品_4031,这是一个测试商品，编号4031，属于游戏动漫分类。,150.0,5,/uploads/product/cover_20.jpg,ON_SALE,MEETUP,2026-08-08 10:45:42,2026-08-14 21:34:42
4032,629,4,运动户外商品_4032,这是一个测试商品，编号4032，属于运动户外分类。,12.0,1,/uploads/product/cover_7.jpg,ON_SALE,MEETUP,2026-08-08 02:00:42,2026-08-13 22:52:42
4033,538,13,交通工具商品_4033,这是一个测试商品，编号4033，属于交通工具分类。,80.0,4,/uploads/product/cover_9.jpg,ON_SALE,"MEETUP,EXPRESS",2026-08-11 19:52:42,2026-08-16 06:13:42
4034,5,4,运动户外商品_4034,这是一个测试商品，编号4034，属于运动户外分类。,120.0,1,/uploads/product/cover_15.jpg,ON_SALE,MEETUP,2026-08-09 05:08:42,2026-08-13 03:07:42
4035,373,6,零食饮料商品_4035,这是一个测试商品，编号4035，属于零食饮料分类。,60.0,5,/uploads/product/cover_17.jpg,ON_SALE,MEETUP,2026-08-01 16:09:42,2026-08-14 04:02:42
4036,240,4,运动户外商品_4036,这是一个测试商品，编号4036，属于运动户外分类。,100.0,3,/uploads/product/cover_8.jpg,ON_SALE,EXPRESS,2026-08-10 03:06:42,2026-08-12 17:44:42
4037,253,12,乐器音响商品_4037,这是一个测试商品，编号4037，属于乐器音响分类。,120.0,5,/uploads/product/cover_10.jpg,ON_SALE,EXPRESS,2026-08-15 08:28:42,2026-08-11 19:37:42
4038,696,7,文具办公商品_4038,这是一个测试商品，编号4038，属于文具办公分类。,12.0,1,/uploads/product/cover_20.jpg,ON_SALE,"MEETUP,EXPRESS",2026-08-01 18:59:42,2026-08-12 15:46:42
4039,761,8,美妆护肤商品_4039,这是一个测试商品，编号4039，属于美妆护肤分类。,10.0,5,/uploads/product/cover_13.jpg,ON_SALE,"MEETUP,EXPRESS",2026-08-08 01:53:42,2026-08-11 23:33:42
4040,163,5,服装鞋帽商品_4040,这是一个测试商品，编号4040，属于服装鞋帽分类。,50.0,2,/uploads/product/cover_15.jpg,ON_SALE,MEETUP,2026-08-03 15:00:42,2026-08-12 20:40:42
4041,920,3,日用百货商品_4041,这是一个测试商品，编号4041，属于日用百货分类。,12.0,1,/uploads/product/cover_3.jpg,ON_SALE,MEETUP,2026-08-16 16:48:42,2026-08-13 08:15:42
4042,339,12,乐器音响商品_4042,这是一个测试商品，编号4042，属于乐器音响分类。,1.0,4,/uploads/product/cover_15.jpg,ON_SALE,MEETUP,2026-08-07 03:40:42,2026-08-14 15:53:42
4043,912,8,美妆护肤商品_4043,这是一个测试商品，编号4043，属于美妆护肤分类。,8.0,3,/uploads/product/cover_10.jpg,ON_SALE,MEETUP,2026-07-27 23:05:42,2026-08-12 00:53:42
4044,805,2,电子数码商品_4044,这是一个测试商品，编号4044，属于电子数码分类。,25.0,4,/uploads/product/cover_16.jpg,ON_SALE,EXPRESS,2026-08-01 01:58:42,2026-08-12 17:40:42
4045,19,5,服装鞋帽商品_4045,这是一个测试商品，编号4045，属于服装鞋帽分类。,50.0,5,/uploads/product/cover_5.jpg,ON_SALE,"MEETUP,EXPRESS",2026-08-16 18:20:42,2026-08-15 11:36:42
4046,124,8,美妆护肤商品_4046,这是一个测试商品，编号4046，属于美妆护肤分类。,120.0,1,/uploads/product/cover_11.jpg,ON_SALE,EXPRESS,2026-08-05 21:54:42,2026-08-14 23:15:42
4047,199,13,交通工具商品_4047,这是一个测试商品，编号4047，属于交通工具分类。,10.0,2,/uploads/product/cover_17.jpg,ON_SALE,"MEETUP,EXPRESS",2026-08-10 07:38:42,2026-08-15 15:03:42
4048,944,8,美妆护肤商品_4048,这是一个测试商品，编号4048，属于美妆护肤分类。,100.0,2,/uploads/product/cover_4.jpg,ON_SALE,"MEETUP,EXPRESS",2026-07-29 07:05:42,2026-08-16 10:20:42
4049,921,11,图书小说商品_4049,这是一个测试商品，编号4049，属于图书小说分类。,60.0,5,/uploads/product/cover_4.jpg,ON_SALE,EXPRESS,2026-07-30 03:11:42,2026-08-14 00:01:42
4050,580,4,运动户外商品_4050,这是一个测试商品，编号4050，属于运动户外分类。,12.0,2,/uploads/product/cover_6.jpg,ON_SALE,EXPRESS,2026-07-29 14:00:42,2026-08-13 02:53:42
4051,637,15,手工艺品商品_4051,这是一个测试商品，编号4051，属于手工艺品分类。,30.0,5,/uploads/product/cover_8.jpg,ON_SALE,EXPRESS,2026-07-29 01:30:42,2026-08-15 00:49:42
4052,645,7,文具办公商品_4052,这是一个测试商品，编号4052，属于文具办公分类。,10.0,2,/uploads/product/cover_1.jpg,ON_SALE,MEETUP,2026-08-03 04:20:42,2026-08-13 11:57:42
4053,42,9,游戏动漫商品_4053,这是一个测试商品，编号4053，属于游戏动漫分类。,100.0,1,/uploads/product/cover_13.jpg,ON_SALE,EXPRESS,2026-08-14 00:07:42,2026-08-14 01:30:42
4054,492,8,美妆护肤商品_4054,这是一个测试商品，编号4054，属于美妆护肤分类。,10.0,4,/uploads/product/cover_20.jpg,ON_SALE,EXPRESS,2026-08-03 10:38:42,2026-08-14 00:51:42
4055,123,6,零食饮料商品_4055,这是一个测试商品，编号4055，属于零食饮料分类。,120.0,1,/uploads/product/cover_2.jpg,ON_SALE,"MEETUP,EXPRESS",2026-08-06 10:13:42,2026-08-15 04:06:42
4056,996,6,零食饮料商品_4056,这是一个测试商品，编号4056，属于零食饮料分类。,50.0,3,/uploads/product/cover_15.jpg,ON_SALE,"MEETUP,EXPRESS",2026-08-15 19:49:42,2026-08-11 19:53:42
4057,539,3,日用百货商品_4057,这是一个测试商品，编号4057，属于日用百货分类。,25.0,3,/uploads/product/cover_17.jpg,ON_SALE,MEETUP,2026-08-11 11:54:42,2026-08-15 13:14:42
4058,750,15,手工艺品商品_4058,这是一个测试商品，编号4058，属于手工艺品分类。,25.0,2,/uploads/product/cover_16.jpg,ON_SALE,EXPRESS,2026-08-05 13:48:42,2026-08-14 13:24:42
4059,798,4,运动户外商品_4059,这是一个测试商品，编号4059，属于运动户外分类。,30.0,1,/uploads/product/cover_4.jpg,ON_SALE,EXPRESS,2026-08-08 11:37:42,2026-08-15 19:31:42
4060,393,9,游戏动漫商品_4060,这是一个测试商品，编号4060，属于游戏动漫分类。,100.0,2,/uploads/product/cover_14.jpg,ON_SALE,MEETUP,2026-08-02 07:05:42,2026-08-12 04:47:42
4061,477,8,美妆护肤商品_4061,这是一个测试商品，编号4061，属于美妆护肤分类。,12.0,1,/uploads/product/cover_19.jpg,ON_SALE,EXPRESS,2026-08-08 05:54:42,2026-08-14 12:11:42
4062,948,7,文具办公商品_4062,这是一个测试商品，编号4062，属于文具办公分类。,200.0,3,/uploads/product/cover_15.jpg,ON_SALE,MEETUP,2026-08-14 23:31:42,2026-08-12 11:39:42
4063,708,7,文具办公商品_4063,这是一个测试商品，编号4063，属于文具办公分类。,120.0,5,/uploads/product/cover_17.jpg,ON_SALE,MEETUP,2026-08-13 05:11:42,2026-08-14 06:05:42
4064,163,10,家居家电商品_4064,这是一个测试商品，编号4064，属于家居家电分类。,30.0,1,/uploads/product/cover_16.jpg,ON_SALE,MEETUP,2026-08-10 06:06:42,2026-08-16 08:40:42
4065,775,15,手工艺品商品_4065,这是一个测试商品，编号4065，属于手工艺品分类。,5.0,5,/uploads/product/cover_3.jpg,ON_SALE,"MEETUP,EXPRESS",2026-08-16 18:53:42,2026-08-12 20:25:42
4066,554,15,手工艺品商品_4066,这是一个测试商品，编号4066，属于手工艺品分类。,100.0,1,/uploads/product/cover_17.jpg,ON_SALE,"MEETUP,EXPRESS",2026-08-03 12:25:42,2026-08-14 16:18:42
4067,553,11,图书小说商品_4067,这是一个测试商品，编号4067，属于图书小说分类。,25.0,1,/uploads/product/cover_7.jpg,ON_SALE,"MEETUP,EXPRESS",2026-08-11 08:52:42,2026-08-12 16:16:42
4068,204,10,家居家电商品_4068,这是一个测试商品，编号4068，属于家居家电分类。,100.0,2,/uploads/product/cover_6.jpg,ON_SALE,MEETUP,2026-08-07 22:37:42,2026-08-14 10:13:42
4069,711,12,乐器音响商品_4069,这是一个测试商品，编号4069，属于乐器音响分类。,2.0,3,/uploads/product/cover_10.jpg,ON_SALE,MEETUP,2026-08-11 04:22:42,2026-08-12 20:17:42
4070,857,5,服装鞋帽商品_4070,这是一个测试商品，编号4070，属于服装鞋帽分类。,50.0,3,/uploads/product/cover_15.jpg,ON_SALE,EXPRESS,2026-08-02 16:26:42,2026-08-14 18:29:42
4071,948,9,游戏动漫商品_4071,这是一个测试商品，编号4071，属于游戏动漫分类。,3.0,4,/uploads/product/cover_15.jpg,ON_SALE,EXPRESS,2026-07-28 19:39:42,2026-08-15 18:12:42
4072,791,2,电子数码商品_4072,这是一个测试商品，编号4072，属于电子数码分类。,3.0,2,/uploads/product/cover_16.jpg,ON_SALE,MEETUP,2026-07-28 01:00:42,2026-08-15 12:27:42
4073,385,14,宠物用品商品_4073,这是一个测试商品，编号4073，属于宠物用品分类。,15.0,5,/uploads/product/cover_5.jpg,ON_SALE,MEETUP,2026-07-28 11:57:42,2026-08-16 01:24:42
4074,531,10,家居家电商品_4074,这是一个测试商品，编号4074，属于家居家电分类。,25.0,1,/uploads/product/cover_20.jpg,ON_SALE,"MEETUP,EXPRESS",2026-08-11 02:51:42,2026-08-15 16:45:42
4075,920,4,运动户外商品_4075,这是一个测试商品，编号4075，属于运动户外分类。,3.0,3,/uploads/product/cover_18.jpg,ON_SALE,"MEETUP,EXPRESS",2026-08-05 05:25:42,2026-08-16 17:44:42
4076,984,3,日用百货商品_4076,这是一个测试商品，编号4076，属于日用百货分类。,3.0,2,/uploads/product/cover_11.jpg,ON_SALE,EXPRESS,2026-08-12 23:43:42,2026-08-15 08:29:42
4077,134,14,宠物用品商品_4077,这是一个测试商品，编号4077，属于宠物用品分类。,60.0,3,/uploads/product/cover_10.jpg,ON_SALE,"MEETUP,EXPRESS",2026-07-31 21:44:42,2026-08-12 12:59:42
4078,935,5,服装鞋帽商品_4078,这是一个测试商品，编号4078，属于服装鞋帽分类。,60.0,1,/uploads/product/cover_4.jpg,ON_SALE,"MEETUP,EXPRESS",2026-08-04 20:47:42,2026-08-16 17:39:42
4079,252,1,教材教辅商品_4079,这是一个测试商品，编号4079，属于教材教辅分类。,50.0,5,/uploads/product/cover_3.jpg,ON_SALE,EXPRESS,2026-08-11 02:07:42,2026-08-16 14:37:42
4080,494,11,图书小说商品_4080,这是一个测试商品，编号4080，属于图书小说分类。,3.0,4,/uploads/product/cover_14.jpg,ON_SALE,EXPRESS,2026-08-02 02:42:42,2026-08-16 12:49:42
4081,502,10,家居家电商品_4081,这是一个测试商品，编号4081，属于家居家电分类。,50.0,3,/uploads/product/cover_2.jpg,ON_SALE,EXPRESS,2026-07-28 11:59:42,2026-08-13 07:50:42
4082,219,7,文具办公商品_4082,这是一个测试商品，编号4082，属于文具办公分类。,25.0,5,/uploads/product/cover_9.jpg,ON_SALE,EXPRESS,2026-08-13 09:08:42,2026-08-15 20:17:42
4083,754,8,美妆护肤商品_4083,这是一个测试商品，编号4083，属于美妆护肤分类。,3.0,5,/uploads/product/cover_20.jpg,ON_SALE,"MEETUP,EXPRESS",2026-07-30 09:03:42,2026-08-14 16:16:42
4084,158,9,游戏动漫商品_4084,这是一个测试商品，编号4084，属于游戏动漫分类。,5.0,3,/uploads/product/cover_20.jpg,ON_SALE,EXPRESS,2026-08-03 07:40:42,2026-08-12 08:50:42
4085,929,1,教材教辅商品_4085,这是一个测试商品，编号4085，属于教材教辅分类。,150.0,3,/uploads/product/cover_13.jpg,ON_SALE,EXPRESS,2026-08-06 21:33:42,2026-08-12 12:11:42
4086,259,15,手工艺品商品_4086,这是一个测试商品，编号4086，属于手工艺品分类。,10.0,1,/uploads/product/cover_2.jpg,ON_SALE,MEETUP,2026-08-05 13:20:42,2026-08-12 20:03:42
4087,998,3,日用百货商品_4087,这是一个测试商品，编号4087，属于日用百货分类。,25.0,2,/uploads/product/cover_11.jpg,ON_SALE,MEETUP,2026-08-06 17:47:42,2026-08-15 08:16:42
4088,255,11,图书小说商品_4088,这是一个测试商品，编号4088，属于图书小说分类。,20.0,2,/uploads/product/cover_6.jpg,ON_SALE,MEETUP,2026-08-11 07:38:42,2026-08-13 21:06:42
4089,584,15,手工艺品商品_4089,这是一个测试商品，编号4089，属于手工艺品分类。,2.0,3,/uploads/product/cover_1.jpg,ON_SALE,"MEETUP,EXPRESS",2026-08-16 04:19:42,2026-08-14 01:47:42
4090,339,13,交通工具商品_4090,这是一个测试商品，编号4090，属于交通工具分类。,150.0,4,/uploads/product/cover_16.jpg,ON_SALE,MEETUP,2026-08-12 11:16:42,2026-08-13 04:13:42
4091,497,4,运动户外商品_4091,这是一个测试商品，编号4091，属于运动户外分类。,60.0,5,/uploads/product/cover_1.jpg,ON_SALE,MEETUP,2026-08-06 16:29:42,2026-08-15 01:55:42
4092,411,3,日用百货商品_4092,这是一个测试商品，编号4092，属于日用百货分类。,8.0,4,/uploads/product/cover_16.jpg,ON_SALE,EXPRESS,2026-08-07 18:17:42,2026-08-12 17:26:42
4093,214,12,乐器音响商品_4093,这是一个测试商品，编号4093，属于乐器音响分类。,12.0,2,/uploads/product/cover_6.jpg,ON_SALE,EXPRESS,2026-08-13 03:31:42,2026-08-14 01:55:42
4094,223,2,电子数码商品_4094,这是一个测试商品，编号4094，属于电子数码分类。,3.0,3,/uploads/product/cover_12.jpg,ON_SALE,MEETUP,2026-08-08 18:12:42,2026-08-14 23:50:42
4095,935,7,文具办公商品_4095,这是一个测试商品，编号4095，属于文具办公分类。,2.0,3,/uploads/product/cover_1.jpg,ON_SALE,EXPRESS,2026-08-05 19:22:42,2026-08-14 01:36:42
4096,73,10,家居家电商品_4096,这是一个测试商品，编号4096，属于家居家电分类。,150.0,2,/uploads/product/cover_5.jpg,ON_SALE,EXPRESS,2026-08-09 08:10:42,2026-08-13 17:10:42
4097,137,14,宠物用品商品_4097,这是一个测试商品，编号4097，属于宠物用品分类。,30.0,5,/uploads/product/cover_8.jpg,ON_SALE,MEETUP,2026-08-14 16:13:42,2026-08-13 08:59:42
4098,962,11,图书小说商品_4098,这是一个测试商品，编号4098，属于图书小说分类。,60.0,4,/uploads/product/cover_7.jpg,ON_SALE,MEETUP,2026-07-28 10:56:42,2026-08-11 19:53:42
4099,359,5,服装鞋帽商品_4099,这是一个测试商品，编号4099，属于服装鞋帽分类。,120.0,4,/uploads/product/cover_2.jpg,ON_SALE,MEETUP,2026-08-15 21:05:42,2026-08-14 11:34:42
4100,687,8,美妆护肤商品_4100,这是一个测试商品，编号4100，属于美妆护肤分类。,20.0,3,/uploads/product/cover_20.jpg,ON_SALE,"MEETUP,EXPRESS",2026-08-14 04:45:42,2026-08-13 15:59:42
4101,992,9,游戏动漫商品_4101,这是一个测试商品，编号4101，属于游戏动漫分类。,10.0,3,/uploads/product/cover_11.jpg,ON_SALE,MEETUP,2026-08-09 22:51:42,2026-08-14 04:12:42
4102,606,2,电子数码商品_4102,这是一个测试商品，编号4102，属于电子数码分类。,3.0,2,/uploads/product/cover_14.jpg,ON_SALE,MEETUP,2026-08-15 02:21:42,2026-08-11 23:24:42
4103,369,9,游戏动漫商品_4103,这是一个测试商品，编号4103，属于游戏动漫分类。,1.0,3,/uploads/product/cover_7.jpg,ON_SALE,MEETUP,2026-07-28 23:13:42,2026-08-13 00:56:42
4104,524,7,文具办公商品_4104,这是一个测试商品，编号4104，属于文具办公分类。,15.0,4,/uploads/product/cover_17.jpg,ON_SALE,EXPRESS,2026-08-14 23:30:42,2026-08-14 16:49:42
4105,589,13,交通工具商品_4105,这是一个测试商品，编号4105，属于交通工具分类。,120.0,5,/uploads/product/cover_18.jpg,ON_SALE,MEETUP,2026-08-06 22:36:42,2026-08-13 12:05:42
4106,186,8,美妆护肤商品_4106,这是一个测试商品，编号4106，属于美妆护肤分类。,15.0,4,/uploads/product/cover_17.jpg,ON_SALE,MEETUP,2026-08-07 08:26:42,2026-08-14 02:56:42
4107,699,1,教材教辅商品_4107,这是一个测试商品，编号4107，属于教材教辅分类。,12.0,4,/uploads/product/cover_2.jpg,ON_SALE,EXPRESS,2026-08-05 19:34:42,2026-08-11 19:23:42
4108,686,5,服装鞋帽商品_4108,这是一个测试商品，编号4108，属于服装鞋帽分类。,80.0,5,/uploads/product/cover_12.jpg,ON_SALE,MEETUP,2026-08-06 19:41:42,2026-08-15 04:10:42
4109,374,2,电子数码商品_4109,这是一个测试商品，编号4109，属于电子数码分类。,200.0,1,/uploads/product/cover_11.jpg,ON_SALE,MEETUP,2026-08-05 14:25:42,2026-08-13 16:57:42
4110,87,14,宠物用品商品_4110,这是一个测试商品，编号4110，属于宠物用品分类。,2.0,4,/uploads/product/cover_6.jpg,ON_SALE,MEETUP,2026-08-03 23:19:42,2026-08-12 16:21:42
4111,59,3,日用百货商品_4111,这是一个测试商品，编号4111，属于日用百货分类。,2.0,4,/uploads/product/cover_19.jpg,ON_SALE,"MEETUP,EXPRESS",2026-08-16 17:20:42,2026-08-14 10:30:42
4112,244,7,文具办公商品_4112,这是一个测试商品，编号4112，属于文具办公分类。,20.0,3,/uploads/product/cover_14.jpg,ON_SALE,"MEETUP,EXPRESS",2026-08-03 21:30:42,2026-08-14 00:06:42
4113,206,4,运动户外商品_4113,这是一个测试商品，编号4113，属于运动户外分类。,50.0,4,/uploads/product/cover_11.jpg,ON_SALE,MEETUP,2026-07-30 12:23:42,2026-08-12 12:09:42
4114,822,4,运动户外商品_4114,这是一个测试商品，编号4114，属于运动户外分类。,100.0,1,/uploads/product/cover_9.jpg,ON_SALE,EXPRESS,2026-08-08 22:46:42,2026-08-14 09:23:42
4115,333,9,游戏动漫商品_4115,这是一个测试商品，编号4115，属于游戏动漫分类。,50.0,2,/uploads/product/cover_1.jpg,ON_SALE,MEETUP,2026-08-03 05:35:42,2026-08-15 10:24:42
4116,626,15,手工艺品商品_4116,这是一个测试商品，编号4116，属于手工艺品分类。,12.0,1,/uploads/product/cover_2.jpg,ON_SALE,EXPRESS,2026-08-16 18:46:42,2026-08-12 16:55:42
4117,41,4,运动户外商品_4117,这是一个测试商品，编号4117，属于运动户外分类。,5.0,2,/uploads/product/cover_14.jpg,ON_SALE,MEETUP,2026-08-03 16:26:42,2026-08-12 18:23:42
4118,735,14,宠物用品商品_4118,这是一个测试商品，编号4118，属于宠物用品分类。,60.0,4,/uploads/product/cover_9.jpg,ON_SALE,MEETUP,2026-07-27 20:18:42,2026-08-16 06:46:42
4119,977,12,乐器音响商品_4119,这是一个测试商品，编号4119，属于乐器音响分类。,25.0,4,/uploads/product/cover_14.jpg,ON_SALE,MEETUP,2026-08-16 14:00:42,2026-08-12 08:56:42
4120,783,6,零食饮料商品_4120,这是一个测试商品，编号4120，属于零食饮料分类。,50.0,1,/uploads/product/cover_3.jpg,ON_SALE,"MEETUP,EXPRESS",2026-08-12 00:48:42,2026-08-14 12:32:42
4121,208,6,零食饮料商品_4121,这是一个测试商品，编号4121，属于零食饮料分类。,12.0,5,/uploads/product/cover_6.jpg,ON_SALE,MEETUP,2026-08-14 00:26:42,2026-08-12 19:30:42
4122,930,7,文具办公商品_4122,这是一个测试商品，编号4122，属于文具办公分类。,20.0,2,/uploads/product/cover_10.jpg,ON_SALE,"MEETUP,EXPRESS",2026-07-28 12:42:42,2026-08-12 18:48:42
4123,840,13,交通工具商品_4123,这是一个测试商品，编号4123，属于交通工具分类。,10.0,4,/uploads/product/cover_2.jpg,ON_SALE,"MEETUP,EXPRESS",2026-08-02 04:07:42,2026-08-14 09:30:42
4124,21,4,运动户外商品_4124,这是一个测试商品，编号4124，属于运动户外分类。,120.0,3,/uploads/product/cover_18.jpg,ON_SALE,MEETUP,2026-08-08 00:48:42,2026-08-12 19:35:42
4125,10,9,游戏动漫商品_4125,这是一个测试商品，编号4125，属于游戏动漫分类。,12.0,2,/uploads/product/cover_4.jpg,ON_SALE,"MEETUP,EXPRESS",2026-08-10 11:48:42,2026-08-13 21:41:42
4126,280,7,文具办公商品_4126,这是一个测试商品，编号4126，属于文具办公分类。,25.0,2,/uploads/product/cover_4.jpg,ON_SALE,MEETUP,2026-08-07 16:15:42,2026-08-15 22:41:42
4127,464,2,电子数码商品_4127,这是一个测试商品，编号4127，属于电子数码分类。,2.0,3,/uploads/product/cover_4.jpg,ON_SALE,MEETUP,2026-08-08 01:09:42,2026-08-12 20:31:42
4128,541,3,日用百货商品_4128,这是一个测试商品，编号4128，属于日用百货分类。,120.0,2,/uploads/product/cover_20.jpg,ON_SALE,EXPRESS,2026-08-01 21:00:42,2026-08-14 22:47:42
4129,456,7,文具办公商品_4129,这是一个测试商品，编号4129，属于文具办公分类。,60.0,1,/uploads/product/cover_6.jpg,ON_SALE,EXPRESS,2026-08-06 20:16:42,2026-08-13 11:59:42
4130,369,15,手工艺品商品_4130,这是一个测试商品，编号4130，属于手工艺品分类。,2.0,3,/uploads/product/cover_1.jpg,ON_SALE,"MEETUP,EXPRESS",2026-08-12 16:13:42,2026-08-11 21:04:42
4131,581,5,服装鞋帽商品_4131,这是一个测试商品，编号4131，属于服装鞋帽分类。,15.0,5,/uploads/product/cover_19.jpg,ON_SALE,MEETUP,2026-08-12 08:43:42,2026-08-14 00:32:42
4132,243,2,电子数码商品_4132,这是一个测试商品，编号4132，属于电子数码分类。,5.0,5,/uploads/product/cover_13.jpg,ON_SALE,MEETUP,2026-08-08 00:09:42,2026-08-13 17:34:42
4133,811,5,服装鞋帽商品_4133,这是一个测试商品，编号4133，属于服装鞋帽分类。,200.0,3,/uploads/product/cover_19.jpg,ON_SALE,EXPRESS,2026-08-13 10:35:42,2026-08-15 16:55:42
4134,141,11,图书小说商品_4134,这是一个测试商品，编号4134，属于图书小说分类。,10.0,2,/uploads/product/cover_17.jpg,ON_SALE,EXPRESS,2026-08-01 18:15:42,2026-08-13 16:40:42
4135,858,1,教材教辅商品_4135,这是一个测试商品，编号4135，属于教材教辅分类。,8.0,3,/uploads/product/cover_5.jpg,ON_SALE,"MEETUP,EXPRESS",2026-08-12 15:04:42,2026-08-16 17:37:42
4136,418,8,美妆护肤商品_4136,这是一个测试商品，编号4136，属于美妆护肤分类。,120.0,5,/uploads/product/cover_16.jpg,ON_SALE,MEETUP,2026-08-12 16:53:42,2026-08-16 02:37:42
4137,565,6,零食饮料商品_4137,这是一个测试商品，编号4137，属于零食饮料分类。,8.0,3,/uploads/product/cover_6.jpg,ON_SALE,MEETUP,2026-08-05 20:28:42,2026-08-12 06:03:42
4138,146,3,日用百货商品_4138,这是一个测试商品，编号4138，属于日用百货分类。,50.0,5,/uploads/product/cover_2.jpg,ON_SALE,EXPRESS,2026-08-06 10:37:42,2026-08-16 04:50:42
4139,19,14,宠物用品商品_4139,这是一个测试商品，编号4139，属于宠物用品分类。,2.0,4,/uploads/product/cover_16.jpg,ON_SALE,"MEETUP,EXPRESS",2026-07-27 19:46:42,2026-08-12 12:11:42
4140,889,13,交通工具商品_4140,这是一个测试商品，编号4140，属于交通工具分类。,8.0,5,/uploads/product/cover_2.jpg,ON_SALE,MEETUP,2026-08-16 06:39:42,2026-08-11 22:24:42
4141,146,6,零食饮料商品_4141,这是一个测试商品，编号4141，属于零食饮料分类。,100.0,5,/uploads/product/cover_7.jpg,ON_SALE,EXPRESS,2026-07-28 20:59:42,2026-08-14 16:26:42
4142,898,11,图书小说商品_4142,这是一个测试商品，编号4142，属于图书小说分类。,2.0,2,/uploads/product/cover_2.jpg,ON_SALE,MEETUP,2026-08-02 03:54:42,2026-08-16 09:22:42
4143,201,11,图书小说商品_4143,这是一个测试商品，编号4143，属于图书小说分类。,5.0,4,/uploads/product/cover_13.jpg,ON_SALE,"MEETUP,EXPRESS",2026-08-02 10:59:42,2026-08-15 07:34:42
4144,219,3,日用百货商品_4144,这是一个测试商品，编号4144，属于日用百货分类。,120.0,4,/uploads/product/cover_10.jpg,ON_SALE,"MEETUP,EXPRESS",2026-07-30 11:46:42,2026-08-13 13:00:42
4145,131,1,教材教辅商品_4145,这是一个测试商品，编号4145，属于教材教辅分类。,1.0,4,/uploads/product/cover_7.jpg,ON_SALE,MEETUP,2026-07-31 12:26:42,2026-08-14 19:12:42
4146,758,15,手工艺品商品_4146,这是一个测试商品，编号4146，属于手工艺品分类。,30.0,2,/uploads/product/cover_1.jpg,ON_SALE,"MEETUP,EXPRESS",2026-08-08 05:39:42,2026-08-13 03:32:42
4147,950,4,运动户外商品_4147,这是一个测试商品，编号4147，属于运动户外分类。,5.0,5,/uploads/product/cover_2.jpg,ON_SALE,EXPRESS,2026-08-05 19:37:42,2026-08-16 01:35:42
4148,712,1,教材教辅商品_4148,这是一个测试商品，编号4148，属于教材教辅分类。,50.0,2,/uploads/product/cover_19.jpg,ON_SALE,MEETUP,2026-08-13 17:03:42,2026-08-15 19:56:42
4149,21,13,交通工具商品_4149,这是一个测试商品，编号4149，属于交通工具分类。,150.0,3,/uploads/product/cover_7.jpg,ON_SALE,"MEETUP,EXPRESS",2026-08-15 07:07:42,2026-08-16 00:21:42
4150,55,14,宠物用品商品_4150,这是一个测试商品，编号4150，属于宠物用品分类。,100.0,3,/uploads/product/cover_2.jpg,ON_SALE,EXPRESS,2026-07-29 05:11:42,2026-08-16 17:09:42
4151,542,15,手工艺品商品_4151,这是一个测试商品，编号4151，属于手工艺品分类。,25.0,4,/uploads/product/cover_17.jpg,ON_SALE,MEETUP,2026-07-31 06:32:42,2026-08-14 02:13:42
4152,311,3,日用百货商品_4152,这是一个测试商品，编号4152，属于日用百货分类。,30.0,3,/uploads/product/cover_6.jpg,ON_SALE,MEETUP,2026-08-02 06:22:42,2026-08-14 04:34:42
4153,376,14,宠物用品商品_4153,这是一个测试商品，编号4153，属于宠物用品分类。,8.0,3,/uploads/product/cover_10.jpg,ON_SALE,"MEETUP,EXPRESS",2026-07-29 13:24:42,2026-08-13 08:54:42
4154,89,3,日用百货商品_4154,这是一个测试商品，编号4154，属于日用百货分类。,80.0,3,/uploads/product/cover_5.jpg,ON_SALE,EXPRESS,2026-08-03 04:36:42,2026-08-12 10:47:42
4155,879,13,交通工具商品_4155,这是一个测试商品，编号4155，属于交通工具分类。,50.0,2,/uploads/product/cover_3.jpg,ON_SALE,MEETUP,2026-08-04 17:16:42,2026-08-14 13:43:42
4156,522,5,服装鞋帽商品_4156,这是一个测试商品，编号4156，属于服装鞋帽分类。,20.0,5,/uploads/product/cover_18.jpg,ON_SALE,MEETUP,2026-08-13 20:37:42,2026-08-14 19:54:42
4157,749,11,图书小说商品_4157,这是一个测试商品，编号4157，属于图书小说分类。,100.0,3,/uploads/product/cover_15.jpg,ON_SALE,MEETUP,2026-08-01 23:41:42,2026-08-16 13:39:42
4158,52,10,家居家电商品_4158,这是一个测试商品，编号4158，属于家居家电分类。,200.0,2,/uploads/product/cover_17.jpg,ON_SALE,MEETUP,2026-08-10 06:46:42,2026-08-15 15:57:42
4159,503,11,图书小说商品_4159,这是一个测试商品，编号4159，属于图书小说分类。,1.0,3,/uploads/product/cover_7.jpg,ON_SALE,"MEETUP,EXPRESS",2026-08-02 12:15:42,2026-08-14 03:26:42
4160,666,4,运动户外商品_4160,这是一个测试商品，编号4160，属于运动户外分类。,8.0,1,/uploads/product/cover_14.jpg,ON_SALE,MEETUP,2026-07-30 07:23:42,2026-08-15 03:59:42
4161,824,6,零食饮料商品_4161,这是一个测试商品，编号4161，属于零食饮料分类。,8.0,3,/uploads/product/cover_13.jpg,ON_SALE,EXPRESS,2026-07-29 16:33:42,2026-08-12 00:24:42
4162,225,11,图书小说商品_4162,这是一个测试商品，编号4162，属于图书小说分类。,5.0,2,/uploads/product/cover_16.jpg,ON_SALE,EXPRESS,2026-08-06 01:56:42,2026-08-16 10:13:42
4163,793,11,图书小说商品_4163,这是一个测试商品，编号4163，属于图书小说分类。,200.0,2,/uploads/product/cover_19.jpg,ON_SALE,EXPRESS,2026-08-10 05:21:42,2026-08-13 05:48:42
4164,640,8,美妆护肤商品_4164,这是一个测试商品，编号4164，属于美妆护肤分类。,5.0,3,/uploads/product/cover_1.jpg,ON_SALE,MEETUP,2026-08-04 16:49:42,2026-08-14 07:32:42
4165,823,1,教材教辅商品_4165,这是一个测试商品，编号4165，属于教材教辅分类。,20.0,4,/uploads/product/cover_10.jpg,ON_SALE,EXPRESS,2026-07-30 15:20:42,2026-08-12 06:05:42
4166,774,15,手工艺品商品_4166,这是一个测试商品，编号4166，属于手工艺品分类。,3.0,1,/uploads/product/cover_3.jpg,ON_SALE,MEETUP,2026-07-30 02:17:42,2026-08-16 16:24:42
4167,74,8,美妆护肤商品_4167,这是一个测试商品，编号4167，属于美妆护肤分类。,60.0,2,/uploads/product/cover_19.jpg,ON_SALE,MEETUP,2026-08-16 16:09:42,2026-08-15 05:23:42
4168,219,6,零食饮料商品_4168,这是一个测试商品，编号4168，属于零食饮料分类。,20.0,4,/uploads/product/cover_6.jpg,ON_SALE,EXPRESS,2026-08-08 13:52:42,2026-08-13 17:32:42
4169,655,13,交通工具商品_4169,这是一个测试商品，编号4169，属于交通工具分类。,15.0,1,/uploads/product/cover_13.jpg,ON_SALE,EXPRESS,2026-08-01 05:16:42,2026-08-16 08:38:42
4170,253,13,交通工具商品_4170,这是一个测试商品，编号4170，属于交通工具分类。,1.0,2,/uploads/product/cover_13.jpg,ON_SALE,EXPRESS,2026-08-11 19:06:42,2026-08-15 23:03:42
4171,907,12,乐器音响商品_4171,这是一个测试商品，编号4171，属于乐器音响分类。,200.0,4,/uploads/product/cover_3.jpg,ON_SALE,EXPRESS,2026-08-15 20:47:42,2026-08-15 13:24:42
4172,724,1,教材教辅商品_4172,这是一个测试商品，编号4172，属于教材教辅分类。,20.0,4,/uploads/product/cover_8.jpg,ON_SALE,"MEETUP,EXPRESS",2026-08-06 04:32:42,2026-08-12 14:48:42
4173,961,4,运动户外商品_4173,这是一个测试商品，编号4173，属于运动户外分类。,50.0,1,/uploads/product/cover_7.jpg,ON_SALE,MEETUP,2026-07-30 23:19:42,2026-08-16 08:29:42
4174,730,13,交通工具商品_4174,这是一个测试商品，编号4174，属于交通工具分类。,150.0,2,/uploads/product/cover_3.jpg,ON_SALE,MEETUP,2026-08-12 16:08:42,2026-08-15 22:14:42
4175,287,4,运动户外商品_4175,这是一个测试商品，编号4175，属于运动户外分类。,3.0,1,/uploads/product/cover_3.jpg,ON_SALE,EXPRESS,2026-08-03 19:26:42,2026-08-15 22:51:42
4176,580,8,美妆护肤商品_4176,这是一个测试商品，编号4176，属于美妆护肤分类。,120.0,5,/uploads/product/cover_7.jpg,ON_SALE,MEETUP,2026-08-15 21:35:42,2026-08-14 09:32:42
4177,635,2,电子数码商品_4177,这是一个测试商品，编号4177，属于电子数码分类。,80.0,5,/uploads/product/cover_4.jpg,ON_SALE,"MEETUP,EXPRESS",2026-08-13 14:33:42,2026-08-14 04:55:42
4178,982,4,运动户外商品_4178,这是一个测试商品，编号4178，属于运动户外分类。,25.0,3,/uploads/product/cover_4.jpg,ON_SALE,"MEETUP,EXPRESS",2026-08-04 22:01:42,2026-08-16 08:38:42
4179,710,8,美妆护肤商品_4179,这是一个测试商品，编号4179，属于美妆护肤分类。,5.0,4,/uploads/product/cover_9.jpg,ON_SALE,MEETUP,2026-08-12 22:20:42,2026-08-12 20:47:42
4180,646,4,运动户外商品_4180,这是一个测试商品，编号4180，属于运动户外分类。,150.0,4,/uploads/product/cover_18.jpg,ON_SALE,EXPRESS,2026-08-13 12:50:42,2026-08-14 07:58:42
4181,958,13,交通工具商品_4181,这是一个测试商品，编号4181，属于交通工具分类。,100.0,5,/uploads/product/cover_10.jpg,ON_SALE,EXPRESS,2026-08-16 04:02:42,2026-08-15 18:03:42
4182,848,13,交通工具商品_4182,这是一个测试商品，编号4182，属于交通工具分类。,12.0,5,/uploads/product/cover_9.jpg,ON_SALE,EXPRESS,2026-08-04 21:22:42,2026-08-14 08:21:42
4183,309,3,日用百货商品_4183,这是一个测试商品，编号4183，属于日用百货分类。,10.0,2,/uploads/product/cover_6.jpg,ON_SALE,MEETUP,2026-08-01 06:12:42,2026-08-16 14:49:42
4184,568,7,文具办公商品_4184,这是一个测试商品，编号4184，属于文具办公分类。,10.0,4,/uploads/product/cover_16.jpg,ON_SALE,"MEETUP,EXPRESS",2026-08-06 13:27:42,2026-08-12 12:07:42
4185,745,5,服装鞋帽商品_4185,这是一个测试商品，编号4185，属于服装鞋帽分类。,200.0,3,/uploads/product/cover_12.jpg,ON_SALE,"MEETUP,EXPRESS",2026-07-29 17:30:42,2026-08-13 03:36:42
4186,657,2,电子数码商品_4186,这是一个测试商品，编号4186，属于电子数码分类。,30.0,1,/uploads/product/cover_18.jpg,ON_SALE,"MEETUP,EXPRESS",2026-08-16 05:42:42,2026-08-14 09:43:42
4187,855,2,电子数码商品_4187,这是一个测试商品，编号4187，属于电子数码分类。,25.0,1,/uploads/product/cover_17.jpg,ON_SALE,MEETUP,2026-08-11 08:27:42,2026-08-14 10:44:42
4188,831,8,美妆护肤商品_4188,这是一个测试商品，编号4188，属于美妆护肤分类。,100.0,2,/uploads/product/cover_11.jpg,ON_SALE,"MEETUP,EXPRESS",2026-08-08 00:01:42,2026-08-13 14:36:42
4189,535,9,游戏动漫商品_4189,这是一个测试商品，编号4189，属于游戏动漫分类。,8.0,5,/uploads/product/cover_17.jpg,ON_SALE,EXPRESS,2026-08-10 13:45:42,2026-08-14 11:34:42
4190,27,3,日用百货商品_4190,这是一个测试商品，编号4190，属于日用百货分类。,50.0,4,/uploads/product/cover_15.jpg,ON_SALE,MEETUP,2026-08-03 22:18:42,2026-08-16 12:41:42
4191,531,8,美妆护肤商品_4191,这是一个测试商品，编号4191，属于美妆护肤分类。,150.0,1,/uploads/product/cover_8.jpg,ON_SALE,MEETUP,2026-08-16 08:22:42,2026-08-12 21:10:42
4192,503,3,日用百货商品_4192,这是一个测试商品，编号4192，属于日用百货分类。,1.0,2,/uploads/product/cover_6.jpg,ON_SALE,"MEETUP,EXPRESS",2026-08-10 18:57:42,2026-08-16 17:09:42
4193,313,11,图书小说商品_4193,这是一个测试商品，编号4193，属于图书小说分类。,5.0,2,/uploads/product/cover_7.jpg,ON_SALE,EXPRESS,2026-08-08 13:56:42,2026-08-16 12:41:42
4194,695,8,美妆护肤商品_4194,这是一个测试商品，编号4194，属于美妆护肤分类。,120.0,2,/uploads/product/cover_18.jpg,ON_SALE,MEETUP,2026-08-05 12:33:42,2026-08-16 17:47:42
4195,100,11,图书小说商品_4195,这是一个测试商品，编号4195，属于图书小说分类。,1.0,4,/uploads/product/cover_8.jpg,ON_SALE,EXPRESS,2026-08-10 06:31:42,2026-08-13 00:38:42
4196,656,7,文具办公商品_4196,这是一个测试商品，编号4196，属于文具办公分类。,80.0,3,/uploads/product/cover_17.jpg,ON_SALE,MEETUP,2026-07-28 09:16:42,2026-08-15 23:19:42
4197,492,12,乐器音响商品_4197,这是一个测试商品，编号4197，属于乐器音响分类。,120.0,3,/uploads/product/cover_4.jpg,ON_SALE,"MEETUP,EXPRESS",2026-08-07 09:04:42,2026-08-13 19:35:42
4198,254,10,家居家电商品_4198,这是一个测试商品，编号4198，属于家居家电分类。,50.0,4,/uploads/product/cover_16.jpg,ON_SALE,MEETUP,2026-08-10 03:01:42,2026-08-14 00:36:42
4199,893,9,游戏动漫商品_4199,这是一个测试商品，编号4199，属于游戏动漫分类。,30.0,2,/uploads/product/cover_3.jpg,ON_SALE,EXPRESS,2026-07-30 02:13:42,2026-08-13 15:30:42
4200,974,7,文具办公商品_4200,这是一个测试商品，编号4200，属于文具办公分类。,8.0,2,/uploads/product/cover_8.jpg,ON_SALE,MEETUP,2026-08-11 02:04:42,2026-08-15 23:50:42
4201,100,5,服装鞋帽商品_4201,这是一个测试商品，编号4201，属于服装鞋帽分类。,1.0,1,/uploads/product/cover_13.jpg,ON_SALE,EXPRESS,2026-08-11 09:17:42,2026-08-13 04:55:42
4202,775,11,图书小说商品_4202,这是一个测试商品，编号4202，属于图书小说分类。,2.0,3,/uploads/product/cover_19.jpg,ON_SALE,"MEETUP,EXPRESS",2026-08-13 20:56:42,2026-08-14 17:00:42
4203,439,11,图书小说商品_4203,这是一个测试商品，编号4203，属于图书小说分类。,2.0,3,/uploads/product/cover_16.jpg,ON_SALE,MEETUP,2026-08-05 15:44:42,2026-08-13 03:12:42
4204,656,10,家居家电商品_4204,这是一个测试商品，编号4204，属于家居家电分类。,150.0,1,/uploads/product/cover_15.jpg,ON_SALE,MEETUP,2026-08-09 07:49:42,2026-08-15 02:40:42
4205,267,7,文具办公商品_4205,这是一个测试商品，编号4205，属于文具办公分类。,2.0,2,/uploads/product/cover_19.jpg,ON_SALE,"MEETUP,EXPRESS",2026-08-09 09:13:42,2026-08-12 08:28:42
4206,867,2,电子数码商品_4206,这是一个测试商品，编号4206，属于电子数码分类。,1.0,3,/uploads/product/cover_18.jpg,ON_SALE,"MEETUP,EXPRESS",2026-08-11 19:59:42,2026-08-15 17:17:42
4207,843,8,美妆护肤商品_4207,这是一个测试商品，编号4207，属于美妆护肤分类。,200.0,4,/uploads/product/cover_2.jpg,ON_SALE,MEETUP,2026-07-29 05:27:42,2026-08-12 19:03:42
4208,373,2,电子数码商品_4208,这是一个测试商品，编号4208，属于电子数码分类。,8.0,2,/uploads/product/cover_9.jpg,ON_SALE,EXPRESS,2026-07-29 21:42:42,2026-08-15 09:39:42
4209,100,7,文具办公商品_4209,这是一个测试商品，编号4209，属于文具办公分类。,200.0,4,/uploads/product/cover_19.jpg,ON_SALE,MEETUP,2026-07-28 19:08:42,2026-08-15 02:18:42
4210,154,11,图书小说商品_4210,这是一个测试商品，编号4210，属于图书小说分类。,2.0,2,/uploads/product/cover_20.jpg,ON_SALE,"MEETUP,EXPRESS",2026-08-06 22:17:42,2026-08-15 03:42:42
4211,772,11,图书小说商品_4211,这是一个测试商品，编号4211，属于图书小说分类。,1.0,2,/uploads/product/cover_20.jpg,ON_SALE,"MEETUP,EXPRESS",2026-07-31 11:50:42,2026-08-15 20:30:42
4212,705,7,文具办公商品_4212,这是一个测试商品，编号4212，属于文具办公分类。,60.0,4,/uploads/product/cover_9.jpg,ON_SALE,MEETUP,2026-08-02 02:28:42,2026-08-12 04:43:42
4213,135,8,美妆护肤商品_4213,这是一个测试商品，编号4213，属于美妆护肤分类。,5.0,1,/uploads/product/cover_18.jpg,ON_SALE,"MEETUP,EXPRESS",2026-08-13 06:16:42,2026-08-14 10:02:42
4214,118,3,日用百货商品_4214,这是一个测试商品，编号4214，属于日用百货分类。,120.0,4,/uploads/product/cover_20.jpg,ON_SALE,MEETUP,2026-08-14 02:10:42,2026-08-12 21:52:42
4215,731,6,零食饮料商品_4215,这是一个测试商品，编号4215，属于零食饮料分类。,20.0,2,/uploads/product/cover_19.jpg,ON_SALE,EXPRESS,2026-08-02 10:03:42,2026-08-16 07:07:42
4216,279,10,家居家电商品_4216,这是一个测试商品，编号4216，属于家居家电分类。,15.0,1,/uploads/product/cover_19.jpg,ON_SALE,EXPRESS,2026-07-29 09:10:42,2026-08-12 01:15:42
4217,327,14,宠物用品商品_4217,这是一个测试商品，编号4217，属于宠物用品分类。,20.0,1,/uploads/product/cover_16.jpg,ON_SALE,MEETUP,2026-08-11 06:50:42,2026-08-14 14:46:42
4218,916,5,服装鞋帽商品_4218,这是一个测试商品，编号4218，属于服装鞋帽分类。,12.0,1,/uploads/product/cover_10.jpg,ON_SALE,MEETUP,2026-08-14 13:02:42,2026-08-15 02:12:42
4219,337,10,家居家电商品_4219,这是一个测试商品，编号4219，属于家居家电分类。,60.0,2,/uploads/product/cover_15.jpg,ON_SALE,"MEETUP,EXPRESS",2026-07-30 15:52:42,2026-08-15 07:27:42
4220,700,4,运动户外商品_4220,这是一个测试商品，编号4220，属于运动户外分类。,150.0,1,/uploads/product/cover_18.jpg,ON_SALE,EXPRESS,2026-08-13 17:54:42,2026-08-13 22:00:42
4221,597,5,服装鞋帽商品_4221,这是一个测试商品，编号4221，属于服装鞋帽分类。,50.0,4,/uploads/product/cover_2.jpg,ON_SALE,"MEETUP,EXPRESS",2026-08-12 01:15:42,2026-08-14 10:13:42
4222,671,15,手工艺品商品_4222,这是一个测试商品，编号4222，属于手工艺品分类。,12.0,2,/uploads/product/cover_13.jpg,ON_SALE,"MEETUP,EXPRESS",2026-08-12 22:34:42,2026-08-16 02:51:42
4223,9,7,文具办公商品_4223,这是一个测试商品，编号4223，属于文具办公分类。,120.0,4,/uploads/product/cover_15.jpg,ON_SALE,"MEETUP,EXPRESS",2026-08-07 21:06:42,2026-08-14 19:18:42
4224,368,10,家居家电商品_4224,这是一个测试商品，编号4224，属于家居家电分类。,12.0,1,/uploads/product/cover_7.jpg,ON_SALE,MEETUP,2026-08-07 21:53:42,2026-08-13 10:46:42
4225,764,3,日用百货商品_4225,这是一个测试商品，编号4225，属于日用百货分类。,60.0,2,/uploads/product/cover_12.jpg,ON_SALE,EXPRESS,2026-07-31 10:04:42,2026-08-12 01:57:42
4226,497,10,家居家电商品_4226,这是一个测试商品，编号4226，属于家居家电分类。,3.0,1,/uploads/product/cover_18.jpg,ON_SALE,EXPRESS,2026-08-03 09:07:42,2026-08-11 19:56:42
4227,290,3,日用百货商品_4227,这是一个测试商品，编号4227，属于日用百货分类。,15.0,1,/uploads/product/cover_5.jpg,ON_SALE,"MEETUP,EXPRESS",2026-08-07 00:31:42,2026-08-16 07:17:42
4228,917,13,交通工具商品_4228,这是一个测试商品，编号4228，属于交通工具分类。,80.0,4,/uploads/product/cover_2.jpg,ON_SALE,EXPRESS,2026-08-04 14:26:42,2026-08-15 11:34:42
4229,143,5,服装鞋帽商品_4229,这是一个测试商品，编号4229，属于服装鞋帽分类。,3.0,2,/uploads/product/cover_13.jpg,ON_SALE,"MEETUP,EXPRESS",2026-08-13 11:01:42,2026-08-12 01:25:42
4230,60,8,美妆护肤商品_4230,这是一个测试商品，编号4230，属于美妆护肤分类。,1.0,1,/uploads/product/cover_14.jpg,ON_SALE,"MEETUP,EXPRESS",2026-07-28 02:38:42,2026-08-12 19:32:42
4231,939,9,游戏动漫商品_4231,这是一个测试商品，编号4231，属于游戏动漫分类。,200.0,4,/uploads/product/cover_2.jpg,ON_SALE,EXPRESS,2026-08-15 00:28:42,2026-08-14 05:48:42
4232,274,10,家居家电商品_4232,这是一个测试商品，编号4232，属于家居家电分类。,3.0,5,/uploads/product/cover_9.jpg,ON_SALE,EXPRESS,2026-08-09 02:00:42,2026-08-14 06:09:42
4233,46,7,文具办公商品_4233,这是一个测试商品，编号4233，属于文具办公分类。,20.0,4,/uploads/product/cover_17.jpg,ON_SALE,MEETUP,2026-07-30 05:26:42,2026-08-13 02:17:42
4234,341,12,乐器音响商品_4234,这是一个测试商品，编号4234，属于乐器音响分类。,100.0,2,/uploads/product/cover_10.jpg,ON_SALE,EXPRESS,2026-08-02 08:04:42,2026-08-14 23:42:42
4235,43,11,图书小说商品_4235,这是一个测试商品，编号4235，属于图书小说分类。,100.0,4,/uploads/product/cover_3.jpg,ON_SALE,EXPRESS,2026-07-29 00:42:42,2026-08-15 06:09:42
4236,23,13,交通工具商品_4236,这是一个测试商品，编号4236，属于交通工具分类。,100.0,5,/uploads/product/cover_13.jpg,ON_SALE,"MEETUP,EXPRESS",2026-08-04 19:27:42,2026-08-14 14:00:42
4237,995,14,宠物用品商品_4237,这是一个测试商品，编号4237，属于宠物用品分类。,80.0,4,/uploads/product/cover_18.jpg,ON_SALE,"MEETUP,EXPRESS",2026-08-01 19:22:42,2026-08-15 21:42:42
4238,463,8,美妆护肤商品_4238,这是一个测试商品，编号4238，属于美妆护肤分类。,15.0,1,/uploads/product/cover_18.jpg,ON_SALE,MEETUP,2026-08-06 00:59:42,2026-08-12 18:26:42
4239,292,13,交通工具商品_4239,这是一个测试商品，编号4239，属于交通工具分类。,3.0,1,/uploads/product/cover_5.jpg,ON_SALE,"MEETUP,EXPRESS",2026-08-08 05:34:42,2026-08-14 08:31:42
4240,326,7,文具办公商品_4240,这是一个测试商品，编号4240，属于文具办公分类。,8.0,2,/uploads/product/cover_13.jpg,ON_SALE,EXPRESS,2026-08-10 06:43:42,2026-08-11 21:07:42
4241,117,15,手工艺品商品_4241,这是一个测试商品，编号4241，属于手工艺品分类。,80.0,5,/uploads/product/cover_5.jpg,ON_SALE,EXPRESS,2026-08-12 13:42:42,2026-08-16 09:07:42
4242,188,1,教材教辅商品_4242,这是一个测试商品，编号4242，属于教材教辅分类。,20.0,2,/uploads/product/cover_16.jpg,ON_SALE,EXPRESS,2026-07-29 01:03:42,2026-08-15 18:36:42
4243,659,8,美妆护肤商品_4243,这是一个测试商品，编号4243，属于美妆护肤分类。,120.0,5,/uploads/product/cover_7.jpg,ON_SALE,MEETUP,2026-08-15 16:44:42,2026-08-15 12:34:42
4244,791,14,宠物用品商品_4244,这是一个测试商品，编号4244，属于宠物用品分类。,12.0,5,/uploads/product/cover_7.jpg,ON_SALE,EXPRESS,2026-07-31 22:25:42,2026-08-13 23:55:42
4245,83,10,家居家电商品_4245,这是一个测试商品，编号4245，属于家居家电分类。,50.0,2,/uploads/product/cover_19.jpg,ON_SALE,EXPRESS,2026-07-28 14:16:42,2026-08-15 18:51:42
4246,240,8,美妆护肤商品_4246,这是一个测试商品，编号4246，属于美妆护肤分类。,80.0,1,/uploads/product/cover_10.jpg,ON_SALE,MEETUP,2026-08-01 10:10:42,2026-08-15 21:20:42
4247,911,1,教材教辅商品_4247,这是一个测试商品，编号4247，属于教材教辅分类。,1.0,4,/uploads/product/cover_10.jpg,ON_SALE,EXPRESS,2026-08-14 16:41:42,2026-08-12 14:21:42
4248,138,14,宠物用品商品_4248,这是一个测试商品，编号4248，属于宠物用品分类。,80.0,4,/uploads/product/cover_19.jpg,ON_SALE,MEETUP,2026-08-06 23:40:42,2026-08-12 14:06:42
4249,444,4,运动户外商品_4249,这是一个测试商品，编号4249，属于运动户外分类。,120.0,1,/uploads/product/cover_8.jpg,ON_SALE,EXPRESS,2026-08-15 20:54:42,2026-08-15 11:20:42
4250,203,15,手工艺品商品_4250,这是一个测试商品，编号4250，属于手工艺品分类。,100.0,4,/uploads/product/cover_15.jpg,ON_SALE,EXPRESS,2026-08-09 20:30:42,2026-08-16 09:09:42
4251,965,5,服装鞋帽商品_4251,这是一个测试商品，编号4251，属于服装鞋帽分类。,10.0,4,/uploads/product/cover_14.jpg,ON_SALE,"MEETUP,EXPRESS",2026-07-28 08:59:42,2026-08-14 05:50:42
4252,928,9,游戏动漫商品_4252,这是一个测试商品，编号4252，属于游戏动漫分类。,1.0,1,/uploads/product/cover_17.jpg,ON_SALE,"MEETUP,EXPRESS",2026-08-14 18:30:42,2026-08-11 23:37:42
4253,678,13,交通工具商品_4253,这是一个测试商品，编号4253，属于交通工具分类。,30.0,5,/uploads/product/cover_6.jpg,ON_SALE,"MEETUP,EXPRESS",2026-08-09 16:08:42,2026-08-12 03:08:42
4254,517,12,乐器音响商品_4254,这是一个测试商品，编号4254，属于乐器音响分类。,1.0,5,/uploads/product/cover_19.jpg,ON_SALE,"MEETUP,EXPRESS",2026-08-12 17:51:42,2026-08-15 21:20:42
4255,614,12,乐器音响商品_4255,这是一个测试商品，编号4255，属于乐器音响分类。,60.0,1,/uploads/product/cover_1.jpg,ON_SALE,MEETUP,2026-08-11 11:46:42,2026-08-14 21:58:42
4256,904,5,服装鞋帽商品_4256,这是一个测试商品，编号4256，属于服装鞋帽分类。,25.0,4,/uploads/product/cover_17.jpg,ON_SALE,"MEETUP,EXPRESS",2026-08-15 16:16:42,2026-08-14 10:48:42
4257,7,9,游戏动漫商品_4257,这是一个测试商品，编号4257，属于游戏动漫分类。,60.0,2,/uploads/product/cover_10.jpg,ON_SALE,MEETUP,2026-08-08 14:34:42,2026-08-15 03:37:42
4258,142,10,家居家电商品_4258,这是一个测试商品，编号4258，属于家居家电分类。,150.0,3,/uploads/product/cover_3.jpg,ON_SALE,MEETUP,2026-07-31 08:20:42,2026-08-14 03:08:42
4259,512,3,日用百货商品_4259,这是一个测试商品，编号4259，属于日用百货分类。,10.0,2,/uploads/product/cover_19.jpg,ON_SALE,"MEETUP,EXPRESS",2026-07-30 21:15:42,2026-08-15 16:52:42
4260,618,6,零食饮料商品_4260,这是一个测试商品，编号4260，属于零食饮料分类。,15.0,4,/uploads/product/cover_3.jpg,ON_SALE,EXPRESS,2026-08-14 18:37:42,2026-08-14 19:18:42
4261,456,15,手工艺品商品_4261,这是一个测试商品，编号4261，属于手工艺品分类。,50.0,2,/uploads/product/cover_10.jpg,ON_SALE,"MEETUP,EXPRESS",2026-08-15 21:08:42,2026-08-15 09:46:42
4262,357,6,零食饮料商品_4262,这是一个测试商品，编号4262，属于零食饮料分类。,10.0,5,/uploads/product/cover_13.jpg,ON_SALE,"MEETUP,EXPRESS",2026-08-13 16:57:42,2026-08-13 13:28:42
4263,860,5,服装鞋帽商品_4263,这是一个测试商品，编号4263，属于服装鞋帽分类。,120.0,3,/uploads/product/cover_3.jpg,ON_SALE,EXPRESS,2026-08-02 04:05:42,2026-08-12 20:57:42
4264,553,2,电子数码商品_4264,这是一个测试商品，编号4264，属于电子数码分类。,8.0,4,/uploads/product/cover_14.jpg,ON_SALE,EXPRESS,2026-07-30 04:11:42,2026-08-15 00:29:42
4265,129,5,服装鞋帽商品_4265,这是一个测试商品，编号4265，属于服装鞋帽分类。,5.0,2,/uploads/product/cover_19.jpg,ON_SALE,MEETUP,2026-08-04 20:21:42,2026-08-16 17:50:42
4266,706,2,电子数码商品_4266,这是一个测试商品，编号4266，属于电子数码分类。,200.0,1,/uploads/product/cover_1.jpg,ON_SALE,EXPRESS,2026-08-12 06:57:42,2026-08-11 22:44:42
4267,217,7,文具办公商品_4267,这是一个测试商品，编号4267，属于文具办公分类。,10.0,3,/uploads/product/cover_4.jpg,ON_SALE,"MEETUP,EXPRESS",2026-08-01 05:20:42,2026-08-15 07:58:42
4268,122,15,手工艺品商品_4268,这是一个测试商品，编号4268，属于手工艺品分类。,1.0,2,/uploads/product/cover_17.jpg,ON_SALE,EXPRESS,2026-08-16 17:36:42,2026-08-12 05:54:42
4269,844,5,服装鞋帽商品_4269,这是一个测试商品，编号4269，属于服装鞋帽分类。,2.0,4,/uploads/product/cover_19.jpg,ON_SALE,"MEETUP,EXPRESS",2026-08-05 17:23:42,2026-08-13 22:14:42
4270,601,11,图书小说商品_4270,这是一个测试商品，编号4270，属于图书小说分类。,1.0,1,/uploads/product/cover_16.jpg,ON_SALE,EXPRESS,2026-08-16 10:47:42,2026-08-16 09:25:42
4271,216,15,手工艺品商品_4271,这是一个测试商品，编号4271，属于手工艺品分类。,5.0,5,/uploads/product/cover_15.jpg,ON_SALE,EXPRESS,2026-07-30 04:34:42,2026-08-15 06:41:42
4272,165,14,宠物用品商品_4272,这是一个测试商品，编号4272，属于宠物用品分类。,50.0,5,/uploads/product/cover_9.jpg,ON_SALE,MEETUP,2026-08-13 11:41:42,2026-08-15 08:20:42
4273,668,14,宠物用品商品_4273,这是一个测试商品，编号4273，属于宠物用品分类。,10.0,2,/uploads/product/cover_3.jpg,ON_SALE,"MEETUP,EXPRESS",2026-08-10 03:08:42,2026-08-13 18:54:42
4274,146,14,宠物用品商品_4274,这是一个测试商品，编号4274，属于宠物用品分类。,100.0,2,/uploads/product/cover_11.jpg,ON_SALE,EXPRESS,2026-08-12 12:34:42,2026-08-16 05:44:42
4275,480,11,图书小说商品_4275,这是一个测试商品，编号4275，属于图书小说分类。,200.0,1,/uploads/product/cover_12.jpg,ON_SALE,MEETUP,2026-08-15 02:01:42,2026-08-12 12:45:42
4276,520,14,宠物用品商品_4276,这是一个测试商品，编号4276，属于宠物用品分类。,3.0,1,/uploads/product/cover_9.jpg,ON_SALE,"MEETUP,EXPRESS",2026-08-04 15:36:42,2026-08-15 08:02:42
4277,287,13,交通工具商品_4277,这是一个测试商品，编号4277，属于交通工具分类。,100.0,3,/uploads/product/cover_19.jpg,ON_SALE,"MEETUP,EXPRESS",2026-07-31 00:46:42,2026-08-14 07:13:42
4278,323,12,乐器音响商品_4278,这是一个测试商品，编号4278，属于乐器音响分类。,12.0,3,/uploads/product/cover_14.jpg,ON_SALE,EXPRESS,2026-08-06 19:41:42,2026-08-15 11:52:42
4279,279,4,运动户外商品_4279,这是一个测试商品，编号4279，属于运动户外分类。,5.0,1,/uploads/product/cover_11.jpg,ON_SALE,EXPRESS,2026-08-14 02:48:42,2026-08-13 21:23:42
4280,359,6,零食饮料商品_4280,这是一个测试商品，编号4280，属于零食饮料分类。,100.0,1,/uploads/product/cover_14.jpg,ON_SALE,"MEETUP,EXPRESS",2026-07-28 14:32:42,2026-08-11 21:53:42
4281,752,10,家居家电商品_4281,这是一个测试商品，编号4281，属于家居家电分类。,150.0,1,/uploads/product/cover_19.jpg,ON_SALE,EXPRESS,2026-08-08 11:27:42,2026-08-15 11:42:42
4282,69,14,宠物用品商品_4282,这是一个测试商品，编号4282，属于宠物用品分类。,50.0,5,/uploads/product/cover_7.jpg,ON_SALE,EXPRESS,2026-07-31 06:08:42,2026-08-14 08:30:42
4283,795,6,零食饮料商品_4283,这是一个测试商品，编号4283，属于零食饮料分类。,120.0,1,/uploads/product/cover_6.jpg,ON_SALE,"MEETUP,EXPRESS",2026-08-15 22:21:42,2026-08-16 07:43:42
4284,558,13,交通工具商品_4284,这是一个测试商品，编号4284，属于交通工具分类。,200.0,4,/uploads/product/cover_19.jpg,ON_SALE,EXPRESS,2026-08-12 04:17:42,2026-08-14 16:42:42
4285,880,13,交通工具商品_4285,这是一个测试商品，编号4285，属于交通工具分类。,50.0,3,/uploads/product/cover_13.jpg,ON_SALE,MEETUP,2026-08-14 01:43:42,2026-08-13 23:49:42
4286,262,2,电子数码商品_4286,这是一个测试商品，编号4286，属于电子数码分类。,8.0,2,/uploads/product/cover_2.jpg,ON_SALE,"MEETUP,EXPRESS",2026-08-08 17:09:42,2026-08-12 23:58:42
4287,519,5,服装鞋帽商品_4287,这是一个测试商品，编号4287，属于服装鞋帽分类。,100.0,1,/uploads/product/cover_1.jpg,ON_SALE,MEETUP,2026-08-02 16:04:42,2026-08-12 22:52:42
4288,103,9,游戏动漫商品_4288,这是一个测试商品，编号4288，属于游戏动漫分类。,5.0,2,/uploads/product/cover_4.jpg,ON_SALE,MEETUP,2026-08-09 09:02:42,2026-08-11 19:19:42
4289,441,3,日用百货商品_4289,这是一个测试商品，编号4289，属于日用百货分类。,80.0,1,/uploads/product/cover_12.jpg,ON_SALE,MEETUP,2026-08-08 22:07:42,2026-08-14 23:05:42
4290,476,4,运动户外商品_4290,这是一个测试商品，编号4290，属于运动户外分类。,1.0,1,/uploads/product/cover_16.jpg,ON_SALE,MEETUP,2026-08-12 01:31:42,2026-08-16 12:56:42
4291,677,5,服装鞋帽商品_4291,这是一个测试商品，编号4291，属于服装鞋帽分类。,50.0,1,/uploads/product/cover_2.jpg,ON_SALE,"MEETUP,EXPRESS",2026-08-12 08:19:42,2026-08-15 03:02:42
4292,726,14,宠物用品商品_4292,这是一个测试商品，编号4292，属于宠物用品分类。,1.0,5,/uploads/product/cover_3.jpg,ON_SALE,EXPRESS,2026-08-09 08:53:42,2026-08-16 13:46:42
4293,575,12,乐器音响商品_4293,这是一个测试商品，编号4293，属于乐器音响分类。,25.0,3,/uploads/product/cover_1.jpg,ON_SALE,EXPRESS,2026-07-31 00:24:42,2026-08-13 22:24:42
4294,721,12,乐器音响商品_4294,这是一个测试商品，编号4294，属于乐器音响分类。,60.0,3,/uploads/product/cover_5.jpg,ON_SALE,"MEETUP,EXPRESS",2026-08-05 16:15:42,2026-08-11 21:53:42
4295,725,13,交通工具商品_4295,这是一个测试商品，编号4295，属于交通工具分类。,50.0,4,/uploads/product/cover_10.jpg,ON_SALE,"MEETUP,EXPRESS",2026-08-12 22:36:42,2026-08-12 14:00:42
4296,546,5,服装鞋帽商品_4296,这是一个测试商品，编号4296，属于服装鞋帽分类。,60.0,1,/uploads/product/cover_13.jpg,ON_SALE,EXPRESS,2026-08-08 20:38:42,2026-08-14 03:26:42
4297,666,8,美妆护肤商品_4297,这是一个测试商品，编号4297，属于美妆护肤分类。,50.0,5,/uploads/product/cover_14.jpg,ON_SALE,EXPRESS,2026-08-09 23:13:42,2026-08-15 18:33:42
4298,378,14,宠物用品商品_4298,这是一个测试商品，编号4298，属于宠物用品分类。,15.0,3,/uploads/product/cover_15.jpg,ON_SALE,"MEETUP,EXPRESS",2026-08-08 07:00:42,2026-08-14 19:08:42
4299,237,5,服装鞋帽商品_4299,这是一个测试商品，编号4299，属于服装鞋帽分类。,5.0,2,/uploads/product/cover_9.jpg,ON_SALE,EXPRESS,2026-08-08 01:48:42,2026-08-14 00:20:42
4300,940,14,宠物用品商品_4300,这是一个测试商品，编号4300，属于宠物用品分类。,60.0,2,/uploads/product/cover_13.jpg,ON_SALE,EXPRESS,2026-08-01 09:37:42,2026-08-15 11:12:42
4301,505,2,电子数码商品_4301,这是一个测试商品，编号4301，属于电子数码分类。,80.0,3,/uploads/product/cover_1.jpg,ON_SALE,"MEETUP,EXPRESS",2026-07-28 18:41:42,2026-08-16 17:21:42
4302,109,4,运动户外商品_4302,这是一个测试商品，编号4302，属于运动户外分类。,5.0,5,/uploads/product/cover_3.jpg,ON_SALE,"MEETUP,EXPRESS",2026-08-12 22:36:42,2026-08-16 03:33:42
4303,383,9,游戏动漫商品_4303,这是一个测试商品，编号4303，属于游戏动漫分类。,12.0,4,/uploads/product/cover_6.jpg,ON_SALE,"MEETUP,EXPRESS",2026-08-03 12:39:42,2026-08-12 09:08:42
4304,754,4,运动户外商品_4304,这是一个测试商品，编号4304，属于运动户外分类。,200.0,1,/uploads/product/cover_11.jpg,ON_SALE,"MEETUP,EXPRESS",2026-08-07 09:56:42,2026-08-13 07:58:42
4305,364,13,交通工具商品_4305,这是一个测试商品，编号4305，属于交通工具分类。,5.0,5,/uploads/product/cover_5.jpg,ON_SALE,"MEETUP,EXPRESS",2026-07-30 14:22:42,2026-08-12 01:49:42
4306,947,2,电子数码商品_4306,这是一个测试商品，编号4306，属于电子数码分类。,3.0,2,/uploads/product/cover_15.jpg,ON_SALE,EXPRESS,2026-08-13 23:59:42,2026-08-13 21:23:42
4307,549,8,美妆护肤商品_4307,这是一个测试商品，编号4307，属于美妆护肤分类。,5.0,2,/uploads/product/cover_5.jpg,ON_SALE,MEETUP,2026-08-13 09:31:42,2026-08-15 07:34:42
4308,302,9,游戏动漫商品_4308,这是一个测试商品，编号4308，属于游戏动漫分类。,30.0,3,/uploads/product/cover_14.jpg,ON_SALE,EXPRESS,2026-08-03 12:07:42,2026-08-12 04:44:42
4309,54,14,宠物用品商品_4309,这是一个测试商品，编号4309，属于宠物用品分类。,80.0,2,/uploads/product/cover_7.jpg,ON_SALE,EXPRESS,2026-08-09 14:07:42,2026-08-15 03:52:42
4310,320,4,运动户外商品_4310,这是一个测试商品，编号4310，属于运动户外分类。,150.0,2,/uploads/product/cover_16.jpg,ON_SALE,EXPRESS,2026-08-07 18:45:42,2026-08-13 07:34:42
4311,563,10,家居家电商品_4311,这是一个测试商品，编号4311，属于家居家电分类。,1.0,2,/uploads/product/cover_9.jpg,ON_SALE,MEETUP,2026-07-30 17:45:42,2026-08-14 19:09:42
4312,254,1,教材教辅商品_4312,这是一个测试商品，编号4312，属于教材教辅分类。,20.0,5,/uploads/product/cover_4.jpg,ON_SALE,EXPRESS,2026-08-04 22:38:42,2026-08-11 19:54:42
4313,838,12,乐器音响商品_4313,这是一个测试商品，编号4313，属于乐器音响分类。,1.0,1,/uploads/product/cover_9.jpg,ON_SALE,"MEETUP,EXPRESS",2026-07-31 02:10:42,2026-08-15 03:41:42
4314,500,15,手工艺品商品_4314,这是一个测试商品，编号4314，属于手工艺品分类。,150.0,5,/uploads/product/cover_2.jpg,ON_SALE,EXPRESS,2026-07-29 10:13:42,2026-08-14 03:50:42
4315,547,12,乐器音响商品_4315,这是一个测试商品，编号4315，属于乐器音响分类。,15.0,2,/uploads/product/cover_5.jpg,ON_SALE,MEETUP,2026-08-15 05:46:42,2026-08-15 19:37:42
4316,993,2,电子数码商品_4316,这是一个测试商品，编号4316，属于电子数码分类。,8.0,2,/uploads/product/cover_7.jpg,ON_SALE,MEETUP,2026-08-08 04:43:42,2026-08-15 03:52:42
4317,173,6,零食饮料商品_4317,这是一个测试商品，编号4317，属于零食饮料分类。,1.0,3,/uploads/product/cover_13.jpg,ON_SALE,"MEETUP,EXPRESS",2026-08-06 22:20:42,2026-08-16 10:48:42
4318,876,8,美妆护肤商品_4318,这是一个测试商品，编号4318，属于美妆护肤分类。,2.0,4,/uploads/product/cover_4.jpg,ON_SALE,EXPRESS,2026-08-14 19:27:42,2026-08-14 00:47:42
4319,148,10,家居家电商品_4319,这是一个测试商品，编号4319，属于家居家电分类。,80.0,4,/uploads/product/cover_14.jpg,ON_SALE,MEETUP,2026-08-12 01:15:42,2026-08-13 20:49:42
4320,655,2,电子数码商品_4320,这是一个测试商品，编号4320，属于电子数码分类。,150.0,5,/uploads/product/cover_1.jpg,ON_SALE,EXPRESS,2026-08-11 04:38:42,2026-08-13 21:27:42
4321,282,7,文具办公商品_4321,这是一个测试商品，编号4321，属于文具办公分类。,2.0,3,/uploads/product/cover_19.jpg,ON_SALE,EXPRESS,2026-07-28 14:32:42,2026-08-16 03:28:42
4322,892,4,运动户外商品_4322,这是一个测试商品，编号4322，属于运动户外分类。,80.0,4,/uploads/product/cover_8.jpg,ON_SALE,MEETUP,2026-08-07 12:32:42,2026-08-15 03:48:42
4323,186,5,服装鞋帽商品_4323,这是一个测试商品，编号4323，属于服装鞋帽分类。,20.0,4,/uploads/product/cover_8.jpg,ON_SALE,"MEETUP,EXPRESS",2026-08-01 17:14:42,2026-08-15 23:34:42
4324,544,13,交通工具商品_4324,这是一个测试商品，编号4324，属于交通工具分类。,80.0,1,/uploads/product/cover_9.jpg,ON_SALE,"MEETUP,EXPRESS",2026-07-30 06:42:42,2026-08-15 11:51:42
4325,51,7,文具办公商品_4325,这是一个测试商品，编号4325，属于文具办公分类。,50.0,3,/uploads/product/cover_11.jpg,ON_SALE,MEETUP,2026-08-07 03:39:42,2026-08-13 23:43:42
4326,406,8,美妆护肤商品_4326,这是一个测试商品，编号4326，属于美妆护肤分类。,3.0,2,/uploads/product/cover_11.jpg,ON_SALE,"MEETUP,EXPRESS",2026-08-13 06:54:42,2026-08-12 11:36:42
4327,48,15,手工艺品商品_4327,这是一个测试商品，编号4327，属于手工艺品分类。,50.0,5,/uploads/product/cover_19.jpg,ON_SALE,MEETUP,2026-08-08 18:16:42,2026-08-14 21:18:42
4328,209,15,手工艺品商品_4328,这是一个测试商品，编号4328，属于手工艺品分类。,150.0,5,/uploads/product/cover_13.jpg,ON_SALE,MEETUP,2026-07-31 22:56:42,2026-08-15 07:41:42
4329,636,14,宠物用品商品_4329,这是一个测试商品，编号4329，属于宠物用品分类。,1.0,4,/uploads/product/cover_6.jpg,ON_SALE,"MEETUP,EXPRESS",2026-08-06 09:46:42,2026-08-13 14:02:42
4330,424,14,宠物用品商品_4330,这是一个测试商品，编号4330，属于宠物用品分类。,12.0,1,/uploads/product/cover_17.jpg,ON_SALE,EXPRESS,2026-07-27 21:58:42,2026-08-15 05:08:42
4331,490,2,电子数码商品_4331,这是一个测试商品，编号4331，属于电子数码分类。,10.0,2,/uploads/product/cover_14.jpg,ON_SALE,"MEETUP,EXPRESS",2026-07-29 16:29:42,2026-08-13 04:41:42
4332,191,2,电子数码商品_4332,这是一个测试商品，编号4332，属于电子数码分类。,30.0,4,/uploads/product/cover_15.jpg,ON_SALE,MEETUP,2026-07-29 10:04:42,2026-08-16 09:39:42
4333,499,12,乐器音响商品_4333,这是一个测试商品，编号4333，属于乐器音响分类。,25.0,2,/uploads/product/cover_1.jpg,ON_SALE,MEETUP,2026-08-06 10:58:42,2026-08-15 04:09:42
4334,805,10,家居家电商品_4334,这是一个测试商品，编号4334，属于家居家电分类。,3.0,4,/uploads/product/cover_20.jpg,ON_SALE,"MEETUP,EXPRESS",2026-08-03 14:26:42,2026-08-13 14:05:42
4335,833,4,运动户外商品_4335,这是一个测试商品，编号4335，属于运动户外分类。,150.0,5,/uploads/product/cover_14.jpg,ON_SALE,EXPRESS,2026-08-15 06:41:42,2026-08-16 17:26:42
4336,604,3,日用百货商品_4336,这是一个测试商品，编号4336，属于日用百货分类。,60.0,2,/uploads/product/cover_7.jpg,ON_SALE,EXPRESS,2026-07-29 23:59:42,2026-08-16 03:23:42
4337,503,11,图书小说商品_4337,这是一个测试商品，编号4337，属于图书小说分类。,80.0,3,/uploads/product/cover_14.jpg,ON_SALE,"MEETUP,EXPRESS",2026-07-28 13:51:42,2026-08-16 02:26:42
4338,568,12,乐器音响商品_4338,这是一个测试商品，编号4338，属于乐器音响分类。,20.0,4,/uploads/product/cover_5.jpg,ON_SALE,MEETUP,2026-07-29 02:25:42,2026-08-13 11:34:42
4339,758,15,手工艺品商品_4339,这是一个测试商品，编号4339，属于手工艺品分类。,20.0,1,/uploads/product/cover_12.jpg,ON_SALE,EXPRESS,2026-07-28 04:42:42,2026-08-14 09:06:42
4340,922,9,游戏动漫商品_4340,这是一个测试商品，编号4340，属于游戏动漫分类。,8.0,3,/uploads/product/cover_1.jpg,ON_SALE,"MEETUP,EXPRESS",2026-07-28 09:27:42,2026-08-11 21:39:42
4341,468,10,家居家电商品_4341,这是一个测试商品，编号4341，属于家居家电分类。,50.0,2,/uploads/product/cover_13.jpg,ON_SALE,EXPRESS,2026-08-13 06:01:42,2026-08-13 13:57:42
4342,749,9,游戏动漫商品_4342,这是一个测试商品，编号4342，属于游戏动漫分类。,10.0,4,/uploads/product/cover_19.jpg,ON_SALE,"MEETUP,EXPRESS",2026-07-29 06:21:42,2026-08-13 11:14:42
4343,826,12,乐器音响商品_4343,这是一个测试商品，编号4343，属于乐器音响分类。,8.0,4,/uploads/product/cover_15.jpg,ON_SALE,MEETUP,2026-08-08 23:31:42,2026-08-13 11:00:42
4344,382,8,美妆护肤商品_4344,这是一个测试商品，编号4344，属于美妆护肤分类。,30.0,2,/uploads/product/cover_13.jpg,ON_SALE,"MEETUP,EXPRESS",2026-08-16 04:32:42,2026-08-14 18:39:42
4345,10,5,服装鞋帽商品_4345,这是一个测试商品，编号4345，属于服装鞋帽分类。,120.0,1,/uploads/product/cover_7.jpg,ON_SALE,EXPRESS,2026-08-09 02:19:42,2026-08-16 15:51:42
4346,471,15,手工艺品商品_4346,这是一个测试商品，编号4346，属于手工艺品分类。,1.0,2,/uploads/product/cover_18.jpg,ON_SALE,EXPRESS,2026-08-12 18:04:42,2026-08-12 23:55:42
4347,510,14,宠物用品商品_4347,这是一个测试商品，编号4347，属于宠物用品分类。,25.0,5,/uploads/product/cover_17.jpg,ON_SALE,EXPRESS,2026-07-29 21:30:42,2026-08-16 02:44:42
4348,383,12,乐器音响商品_4348,这是一个测试商品，编号4348，属于乐器音响分类。,8.0,1,/uploads/product/cover_14.jpg,ON_SALE,MEETUP,2026-08-08 16:59:42,2026-08-15 01:14:42
4349,4,15,手工艺品商品_4349,这是一个测试商品，编号4349，属于手工艺品分类。,30.0,5,/uploads/product/cover_1.jpg,ON_SALE,"MEETUP,EXPRESS",2026-08-11 13:12:42,2026-08-14 09:02:42
4350,398,2,电子数码商品_4350,这是一个测试商品，编号4350，属于电子数码分类。,8.0,4,/uploads/product/cover_11.jpg,ON_SALE,"MEETUP,EXPRESS",2026-07-31 20:03:42,2026-08-14 01:28:42
4351,408,3,日用百货商品_4351,这是一个测试商品，编号4351，属于日用百货分类。,8.0,4,/uploads/product/cover_12.jpg,ON_SALE,MEETUP,2026-08-15 08:57:42,2026-08-15 01:04:42
4352,543,4,运动户外商品_4352,这是一个测试商品，编号4352，属于运动户外分类。,80.0,5,/uploads/product/cover_6.jpg,ON_SALE,"MEETUP,EXPRESS",2026-07-31 10:54:42,2026-08-12 00:10:42
4353,122,13,交通工具商品_4353,这是一个测试商品，编号4353，属于交通工具分类。,50.0,4,/uploads/product/cover_20.jpg,ON_SALE,"MEETUP,EXPRESS",2026-08-02 06:06:42,2026-08-14 00:20:42
4354,375,8,美妆护肤商品_4354,这是一个测试商品，编号4354，属于美妆护肤分类。,12.0,3,/uploads/product/cover_6.jpg,ON_SALE,MEETUP,2026-08-10 08:19:42,2026-08-12 10:52:42
4355,696,1,教材教辅商品_4355,这是一个测试商品，编号4355，属于教材教辅分类。,12.0,3,/uploads/product/cover_10.jpg,ON_SALE,MEETUP,2026-08-12 17:07:42,2026-08-12 14:28:42
4356,275,12,乐器音响商品_4356,这是一个测试商品，编号4356，属于乐器音响分类。,3.0,3,/uploads/product/cover_5.jpg,ON_SALE,EXPRESS,2026-08-03 04:10:42,2026-08-12 09:58:42
4357,483,9,游戏动漫商品_4357,这是一个测试商品，编号4357，属于游戏动漫分类。,20.0,5,/uploads/product/cover_3.jpg,ON_SALE,EXPRESS,2026-08-03 05:21:42,2026-08-16 03:41:42
4358,901,12,乐器音响商品_4358,这是一个测试商品，编号4358，属于乐器音响分类。,20.0,1,/uploads/product/cover_1.jpg,ON_SALE,"MEETUP,EXPRESS",2026-08-02 00:25:42,2026-08-13 06:31:42
4359,965,1,教材教辅商品_4359,这是一个测试商品，编号4359，属于教材教辅分类。,10.0,2,/uploads/product/cover_6.jpg,ON_SALE,"MEETUP,EXPRESS",2026-08-15 21:57:42,2026-08-14 20:11:42
4360,441,13,交通工具商品_4360,这是一个测试商品，编号4360，属于交通工具分类。,200.0,2,/uploads/product/cover_7.jpg,ON_SALE,EXPRESS,2026-08-11 14:40:42,2026-08-14 08:44:42
4361,145,10,家居家电商品_4361,这是一个测试商品，编号4361，属于家居家电分类。,5.0,3,/uploads/product/cover_4.jpg,ON_SALE,"MEETUP,EXPRESS",2026-08-08 08:14:42,2026-08-13 13:15:42
4362,641,3,日用百货商品_4362,这是一个测试商品，编号4362，属于日用百货分类。,20.0,1,/uploads/product/cover_6.jpg,ON_SALE,MEETUP,2026-08-07 22:03:42,2026-08-16 00:39:42
4363,109,15,手工艺品商品_4363,这是一个测试商品，编号4363，属于手工艺品分类。,15.0,2,/uploads/product/cover_19.jpg,ON_SALE,MEETUP,2026-08-06 10:33:42,2026-08-15 08:11:42
4364,321,8,美妆护肤商品_4364,这是一个测试商品，编号4364，属于美妆护肤分类。,20.0,4,/uploads/product/cover_11.jpg,ON_SALE,MEETUP,2026-07-28 01:41:42,2026-08-13 09:01:42
4365,617,1,教材教辅商品_4365,这是一个测试商品，编号4365，属于教材教辅分类。,1.0,5,/uploads/product/cover_6.jpg,ON_SALE,MEETUP,2026-08-12 01:56:42,2026-08-12 03:32:42
4366,693,3,日用百货商品_4366,这是一个测试商品，编号4366，属于日用百货分类。,25.0,1,/uploads/product/cover_7.jpg,ON_SALE,EXPRESS,2026-08-13 09:11:42,2026-08-15 18:30:42
4367,104,4,运动户外商品_4367,这是一个测试商品，编号4367，属于运动户外分类。,200.0,2,/uploads/product/cover_17.jpg,ON_SALE,EXPRESS,2026-08-05 02:19:42,2026-08-12 09:27:42
4368,41,7,文具办公商品_4368,这是一个测试商品，编号4368，属于文具办公分类。,5.0,5,/uploads/product/cover_19.jpg,ON_SALE,EXPRESS,2026-07-30 15:20:42,2026-08-12 14:41:42
4369,808,2,电子数码商品_4369,这是一个测试商品，编号4369，属于电子数码分类。,25.0,1,/uploads/product/cover_9.jpg,ON_SALE,MEETUP,2026-07-29 17:24:42,2026-08-15 21:49:42
4370,229,5,服装鞋帽商品_4370,这是一个测试商品，编号4370，属于服装鞋帽分类。,8.0,4,/uploads/product/cover_18.jpg,ON_SALE,EXPRESS,2026-08-15 06:10:42,2026-08-12 02:26:42
4371,528,9,游戏动漫商品_4371,这是一个测试商品，编号4371，属于游戏动漫分类。,1.0,1,/uploads/product/cover_7.jpg,ON_SALE,EXPRESS,2026-08-13 14:14:42,2026-08-13 03:16:42
4372,807,6,零食饮料商品_4372,这是一个测试商品，编号4372，属于零食饮料分类。,10.0,2,/uploads/product/cover_18.jpg,ON_SALE,EXPRESS,2026-08-01 08:51:42,2026-08-11 20:02:42
4373,639,4,运动户外商品_4373,这是一个测试商品，编号4373，属于运动户外分类。,1.0,3,/uploads/product/cover_6.jpg,ON_SALE,EXPRESS,2026-08-01 22:52:42,2026-08-15 00:08:42
4374,924,12,乐器音响商品_4374,这是一个测试商品，编号4374，属于乐器音响分类。,12.0,4,/uploads/product/cover_7.jpg,ON_SALE,"MEETUP,EXPRESS",2026-07-31 18:00:42,2026-08-16 09:58:42
4375,93,11,图书小说商品_4375,这是一个测试商品，编号4375，属于图书小说分类。,150.0,2,/uploads/product/cover_6.jpg,ON_SALE,EXPRESS,2026-08-02 19:12:42,2026-08-12 09:15:42
4376,309,13,交通工具商品_4376,这是一个测试商品，编号4376，属于交通工具分类。,20.0,1,/uploads/product/cover_9.jpg,ON_SALE,"MEETUP,EXPRESS",2026-08-10 13:56:42,2026-08-16 16:58:42
4377,993,7,文具办公商品_4377,这是一个测试商品，编号4377，属于文具办公分类。,120.0,3,/uploads/product/cover_18.jpg,ON_SALE,MEETUP,2026-08-10 19:57:42,2026-08-15 11:39:42
4378,576,9,游戏动漫商品_4378,这是一个测试商品，编号4378，属于游戏动漫分类。,25.0,1,/uploads/product/cover_20.jpg,ON_SALE,"MEETUP,EXPRESS",2026-08-07 12:58:42,2026-08-16 15:58:42
4379,292,11,图书小说商品_4379,这是一个测试商品，编号4379，属于图书小说分类。,12.0,3,/uploads/product/cover_13.jpg,ON_SALE,MEETUP,2026-08-06 03:41:42,2026-08-14 20:35:42
4380,87,2,电子数码商品_4380,这是一个测试商品，编号4380，属于电子数码分类。,150.0,3,/uploads/product/cover_14.jpg,ON_SALE,"MEETUP,EXPRESS",2026-08-02 12:00:42,2026-08-16 13:38:42
4381,232,2,电子数码商品_4381,这是一个测试商品，编号4381，属于电子数码分类。,30.0,5,/uploads/product/cover_15.jpg,ON_SALE,EXPRESS,2026-08-12 10:25:42,2026-08-13 15:26:42
4382,281,4,运动户外商品_4382,这是一个测试商品，编号4382，属于运动户外分类。,10.0,3,/uploads/product/cover_7.jpg,ON_SALE,EXPRESS,2026-08-15 17:06:42,2026-08-14 06:22:42
4383,278,14,宠物用品商品_4383,这是一个测试商品，编号4383，属于宠物用品分类。,20.0,4,/uploads/product/cover_5.jpg,ON_SALE,MEETUP,2026-08-10 10:52:42,2026-08-13 00:02:42
4384,927,13,交通工具商品_4384,这是一个测试商品，编号4384，属于交通工具分类。,25.0,3,/uploads/product/cover_9.jpg,ON_SALE,"MEETUP,EXPRESS",2026-08-09 13:31:42,2026-08-14 20:10:42
4385,6,13,交通工具商品_4385,这是一个测试商品，编号4385，属于交通工具分类。,20.0,3,/uploads/product/cover_2.jpg,ON_SALE,EXPRESS,2026-07-29 14:47:42,2026-08-12 02:43:42
4386,46,3,日用百货商品_4386,这是一个测试商品，编号4386，属于日用百货分类。,30.0,1,/uploads/product/cover_8.jpg,ON_SALE,"MEETUP,EXPRESS",2026-08-02 18:39:42,2026-08-13 20:53:42
4387,222,7,文具办公商品_4387,这是一个测试商品，编号4387，属于文具办公分类。,60.0,1,/uploads/product/cover_16.jpg,ON_SALE,"MEETUP,EXPRESS",2026-07-28 09:43:42,2026-08-16 05:47:42
4388,516,4,运动户外商品_4388,这是一个测试商品，编号4388，属于运动户外分类。,12.0,3,/uploads/product/cover_11.jpg,ON_SALE,"MEETUP,EXPRESS",2026-08-12 00:32:42,2026-08-15 23:27:42
4389,691,9,游戏动漫商品_4389,这是一个测试商品，编号4389，属于游戏动漫分类。,30.0,3,/uploads/product/cover_11.jpg,ON_SALE,EXPRESS,2026-08-04 03:16:42,2026-08-15 15:31:42
4390,926,11,图书小说商品_4390,这是一个测试商品，编号4390，属于图书小说分类。,10.0,2,/uploads/product/cover_16.jpg,ON_SALE,EXPRESS,2026-08-03 12:09:42,2026-08-14 00:56:42
4391,452,13,交通工具商品_4391,这是一个测试商品，编号4391，属于交通工具分类。,8.0,3,/uploads/product/cover_13.jpg,ON_SALE,EXPRESS,2026-08-13 14:22:42,2026-08-16 05:17:42
4392,860,15,手工艺品商品_4392,这是一个测试商品，编号4392，属于手工艺品分类。,2.0,3,/uploads/product/cover_6.jpg,ON_SALE,"MEETUP,EXPRESS",2026-08-13 17:11:42,2026-08-12 08:42:42
4393,81,14,宠物用品商品_4393,这是一个测试商品，编号4393，属于宠物用品分类。,3.0,1,/uploads/product/cover_11.jpg,ON_SALE,MEETUP,2026-08-04 03:10:42,2026-08-11 21:34:42
4394,629,13,交通工具商品_4394,这是一个测试商品，编号4394，属于交通工具分类。,12.0,1,/uploads/product/cover_7.jpg,ON_SALE,MEETUP,2026-08-14 15:02:42,2026-08-14 23:46:42
4395,648,11,图书小说商品_4395,这是一个测试商品，编号4395，属于图书小说分类。,120.0,5,/uploads/product/cover_3.jpg,ON_SALE,"MEETUP,EXPRESS",2026-08-08 13:01:42,2026-08-15 01:15:42
4396,687,11,图书小说商品_4396,这是一个测试商品，编号4396，属于图书小说分类。,1.0,2,/uploads/product/cover_9.jpg,ON_SALE,MEETUP,2026-07-28 06:35:42,2026-08-14 09:33:42
4397,45,6,零食饮料商品_4397,这是一个测试商品，编号4397，属于零食饮料分类。,60.0,3,/uploads/product/cover_9.jpg,ON_SALE,EXPRESS,2026-07-31 08:17:42,2026-08-11 22:06:42
4398,712,7,文具办公商品_4398,这是一个测试商品，编号4398，属于文具办公分类。,10.0,5,/uploads/product/cover_2.jpg,ON_SALE,MEETUP,2026-08-09 00:05:42,2026-08-12 03:23:42
4399,541,10,家居家电商品_4399,这是一个测试商品，编号4399，属于家居家电分类。,120.0,5,/uploads/product/cover_19.jpg,ON_SALE,MEETUP,2026-07-27 22:02:42,2026-08-12 09:06:42
4400,287,7,文具办公商品_4400,这是一个测试商品，编号4400，属于文具办公分类。,5.0,1,/uploads/product/cover_5.jpg,ON_SALE,MEETUP,2026-07-29 17:19:42,2026-08-13 23:36:42
4401,50,11,图书小说商品_4401,这是一个测试商品，编号4401，属于图书小说分类。,2.0,2,/uploads/product/cover_4.jpg,ON_SALE,EXPRESS,2026-07-31 00:16:42,2026-08-16 12:57:42
4402,1,8,美妆护肤商品_4402,这是一个测试商品，编号4402，属于美妆护肤分类。,25.0,4,/uploads/product/cover_7.jpg,ON_SALE,"MEETUP,EXPRESS",2026-07-30 01:59:42,2026-08-16 08:41:42
4403,21,10,家居家电商品_4403,这是一个测试商品，编号4403，属于家居家电分类。,50.0,2,/uploads/product/cover_7.jpg,ON_SALE,"MEETUP,EXPRESS",2026-08-04 04:27:42,2026-08-16 07:46:42
4404,578,10,家居家电商品_4404,这是一个测试商品，编号4404，属于家居家电分类。,25.0,2,/uploads/product/cover_12.jpg,ON_SALE,"MEETUP,EXPRESS",2026-07-30 09:49:42,2026-08-14 20:27:42
4405,603,13,交通工具商品_4405,这是一个测试商品，编号4405，属于交通工具分类。,20.0,2,/uploads/product/cover_5.jpg,ON_SALE,MEETUP,2026-08-09 11:47:42,2026-08-14 02:07:42
4406,575,13,交通工具商品_4406,这是一个测试商品，编号4406，属于交通工具分类。,60.0,3,/uploads/product/cover_1.jpg,ON_SALE,MEETUP,2026-08-14 05:44:42,2026-08-13 10:44:42
4407,141,3,日用百货商品_4407,这是一个测试商品，编号4407，属于日用百货分类。,20.0,1,/uploads/product/cover_3.jpg,ON_SALE,EXPRESS,2026-08-06 09:14:42,2026-08-14 09:14:42
4408,943,13,交通工具商品_4408,这是一个测试商品，编号4408，属于交通工具分类。,60.0,3,/uploads/product/cover_1.jpg,ON_SALE,"MEETUP,EXPRESS",2026-08-07 05:11:42,2026-08-16 18:12:42
4409,708,7,文具办公商品_4409,这是一个测试商品，编号4409，属于文具办公分类。,15.0,5,/uploads/product/cover_3.jpg,ON_SALE,"MEETUP,EXPRESS",2026-08-01 15:40:42,2026-08-13 03:12:42
4410,595,4,运动户外商品_4410,这是一个测试商品，编号4410，属于运动户外分类。,25.0,1,/uploads/product/cover_20.jpg,ON_SALE,EXPRESS,2026-08-06 15:10:42,2026-08-13 22:05:42
4411,404,8,美妆护肤商品_4411,这是一个测试商品，编号4411，属于美妆护肤分类。,5.0,2,/uploads/product/cover_16.jpg,ON_SALE,"MEETUP,EXPRESS",2026-08-15 09:53:42,2026-08-14 22:44:42
4412,964,1,教材教辅商品_4412,这是一个测试商品，编号4412，属于教材教辅分类。,200.0,3,/uploads/product/cover_10.jpg,ON_SALE,"MEETUP,EXPRESS",2026-08-13 13:51:42,2026-08-13 01:34:42
4413,978,12,乐器音响商品_4413,这是一个测试商品，编号4413，属于乐器音响分类。,8.0,2,/uploads/product/cover_10.jpg,ON_SALE,"MEETUP,EXPRESS",2026-08-04 16:38:42,2026-08-14 07:03:42
4414,34,3,日用百货商品_4414,这是一个测试商品，编号4414，属于日用百货分类。,15.0,5,/uploads/product/cover_1.jpg,ON_SALE,MEETUP,2026-08-09 15:57:42,2026-08-15 02:28:42
4415,550,7,文具办公商品_4415,这是一个测试商品，编号4415，属于文具办公分类。,8.0,4,/uploads/product/cover_15.jpg,ON_SALE,MEETUP,2026-08-04 09:30:42,2026-08-12 02:06:42
4416,687,7,文具办公商品_4416,这是一个测试商品，编号4416，属于文具办公分类。,80.0,2,/uploads/product/cover_7.jpg,ON_SALE,"MEETUP,EXPRESS",2026-08-15 00:37:42,2026-08-11 19:49:42
4417,417,14,宠物用品商品_4417,这是一个测试商品，编号4417，属于宠物用品分类。,60.0,3,/uploads/product/cover_7.jpg,ON_SALE,"MEETUP,EXPRESS",2026-07-29 00:13:42,2026-08-12 18:11:42
4418,538,14,宠物用品商品_4418,这是一个测试商品，编号4418，属于宠物用品分类。,25.0,1,/uploads/product/cover_3.jpg,ON_SALE,MEETUP,2026-08-04 14:56:42,2026-08-12 02:59:42
4419,987,13,交通工具商品_4419,这是一个测试商品，编号4419，属于交通工具分类。,10.0,2,/uploads/product/cover_16.jpg,ON_SALE,EXPRESS,2026-08-08 23:47:42,2026-08-14 06:26:42
4420,552,2,电子数码商品_4420,这是一个测试商品，编号4420，属于电子数码分类。,100.0,3,/uploads/product/cover_13.jpg,ON_SALE,MEETUP,2026-08-11 08:06:42,2026-08-16 02:04:42
4421,530,4,运动户外商品_4421,这是一个测试商品，编号4421，属于运动户外分类。,50.0,2,/uploads/product/cover_9.jpg,ON_SALE,EXPRESS,2026-08-09 23:29:42,2026-08-12 05:01:42
4422,642,12,乐器音响商品_4422,这是一个测试商品，编号4422，属于乐器音响分类。,200.0,4,/uploads/product/cover_16.jpg,ON_SALE,"MEETUP,EXPRESS",2026-08-12 11:24:42,2026-08-15 10:00:42
4423,905,10,家居家电商品_4423,这是一个测试商品，编号4423，属于家居家电分类。,50.0,2,/uploads/product/cover_3.jpg,ON_SALE,"MEETUP,EXPRESS",2026-08-09 14:36:42,2026-08-16 06:51:42
4424,530,11,图书小说商品_4424,这是一个测试商品，编号4424，属于图书小说分类。,3.0,5,/uploads/product/cover_10.jpg,ON_SALE,MEETUP,2026-08-16 07:30:42,2026-08-12 13:57:42
4425,459,15,手工艺品商品_4425,这是一个测试商品，编号4425，属于手工艺品分类。,150.0,3,/uploads/product/cover_1.jpg,ON_SALE,MEETUP,2026-08-02 23:33:42,2026-08-12 13:31:42
4426,86,12,乐器音响商品_4426,这是一个测试商品，编号4426，属于乐器音响分类。,8.0,5,/uploads/product/cover_4.jpg,ON_SALE,"MEETUP,EXPRESS",2026-08-08 11:15:42,2026-08-11 21:07:42
4427,73,13,交通工具商品_4427,这是一个测试商品，编号4427，属于交通工具分类。,30.0,3,/uploads/product/cover_18.jpg,ON_SALE,"MEETUP,EXPRESS",2026-08-11 08:00:42,2026-08-13 13:50:42
4428,614,5,服装鞋帽商品_4428,这是一个测试商品，编号4428，属于服装鞋帽分类。,12.0,4,/uploads/product/cover_14.jpg,ON_SALE,"MEETUP,EXPRESS",2026-08-06 19:36:42,2026-08-16 09:46:42
4429,273,5,服装鞋帽商品_4429,这是一个测试商品，编号4429，属于服装鞋帽分类。,20.0,2,/uploads/product/cover_14.jpg,ON_SALE,MEETUP,2026-08-04 14:28:42,2026-08-16 06:52:42
4430,263,5,服装鞋帽商品_4430,这是一个测试商品，编号4430，属于服装鞋帽分类。,3.0,2,/uploads/product/cover_1.jpg,ON_SALE,EXPRESS,2026-08-16 04:45:42,2026-08-14 03:58:42
4431,403,12,乐器音响商品_4431,这是一个测试商品，编号4431，属于乐器音响分类。,3.0,1,/uploads/product/cover_12.jpg,ON_SALE,EXPRESS,2026-08-10 16:02:42,2026-08-14 23:10:42
4432,493,4,运动户外商品_4432,这是一个测试商品，编号4432，属于运动户外分类。,60.0,4,/uploads/product/cover_10.jpg,ON_SALE,MEETUP,2026-08-04 06:05:42,2026-08-12 11:24:42
4433,484,15,手工艺品商品_4433,这是一个测试商品，编号4433，属于手工艺品分类。,25.0,2,/uploads/product/cover_10.jpg,ON_SALE,EXPRESS,2026-08-11 10:45:42,2026-08-13 02:36:42
4434,802,3,日用百货商品_4434,这是一个测试商品，编号4434，属于日用百货分类。,15.0,5,/uploads/product/cover_16.jpg,ON_SALE,EXPRESS,2026-08-03 15:47:42,2026-08-12 14:28:42
4435,999,3,日用百货商品_4435,这是一个测试商品，编号4435，属于日用百货分类。,20.0,3,/uploads/product/cover_19.jpg,ON_SALE,EXPRESS,2026-07-30 04:27:42,2026-08-12 00:17:42
4436,865,11,图书小说商品_4436,这是一个测试商品，编号4436，属于图书小说分类。,200.0,5,/uploads/product/cover_3.jpg,ON_SALE,EXPRESS,2026-08-06 20:01:42,2026-08-16 05:10:42
4437,565,3,日用百货商品_4437,这是一个测试商品，编号4437，属于日用百货分类。,20.0,4,/uploads/product/cover_12.jpg,ON_SALE,MEETUP,2026-08-13 19:55:42,2026-08-14 17:20:42
4438,436,14,宠物用品商品_4438,这是一个测试商品，编号4438，属于宠物用品分类。,25.0,2,/uploads/product/cover_5.jpg,ON_SALE,MEETUP,2026-07-31 06:23:42,2026-08-14 02:51:42
4439,31,14,宠物用品商品_4439,这是一个测试商品，编号4439，属于宠物用品分类。,3.0,2,/uploads/product/cover_9.jpg,ON_SALE,MEETUP,2026-08-14 06:33:42,2026-08-12 23:43:42
4440,645,12,乐器音响商品_4440,这是一个测试商品，编号4440，属于乐器音响分类。,120.0,4,/uploads/product/cover_11.jpg,ON_SALE,"MEETUP,EXPRESS",2026-08-11 18:34:42,2026-08-14 15:33:42
4441,811,9,游戏动漫商品_4441,这是一个测试商品，编号4441，属于游戏动漫分类。,30.0,1,/uploads/product/cover_16.jpg,ON_SALE,EXPRESS,2026-08-03 09:26:42,2026-08-13 18:48:42
4442,431,3,日用百货商品_4442,这是一个测试商品，编号4442，属于日用百货分类。,3.0,1,/uploads/product/cover_5.jpg,ON_SALE,EXPRESS,2026-08-09 12:31:42,2026-08-15 03:54:42
4443,410,13,交通工具商品_4443,这是一个测试商品，编号4443，属于交通工具分类。,2.0,2,/uploads/product/cover_18.jpg,ON_SALE,"MEETUP,EXPRESS",2026-08-10 03:21:42,2026-08-12 08:31:42
4444,707,15,手工艺品商品_4444,这是一个测试商品，编号4444，属于手工艺品分类。,30.0,2,/uploads/product/cover_11.jpg,ON_SALE,MEETUP,2026-08-09 07:14:42,2026-08-16 13:18:42
4445,20,6,零食饮料商品_4445,这是一个测试商品，编号4445，属于零食饮料分类。,200.0,5,/uploads/product/cover_19.jpg,ON_SALE,MEETUP,2026-08-08 20:20:42,2026-08-13 22:56:42
4446,373,5,服装鞋帽商品_4446,这是一个测试商品，编号4446，属于服装鞋帽分类。,30.0,1,/uploads/product/cover_11.jpg,ON_SALE,"MEETUP,EXPRESS",2026-08-15 10:03:42,2026-08-14 16:08:42
4447,814,12,乐器音响商品_4447,这是一个测试商品，编号4447，属于乐器音响分类。,5.0,4,/uploads/product/cover_13.jpg,ON_SALE,MEETUP,2026-08-16 07:20:42,2026-08-12 17:18:42
4448,324,11,图书小说商品_4448,这是一个测试商品，编号4448，属于图书小说分类。,50.0,3,/uploads/product/cover_7.jpg,ON_SALE,EXPRESS,2026-07-31 16:34:42,2026-08-11 22:23:42
4449,253,3,日用百货商品_4449,这是一个测试商品，编号4449，属于日用百货分类。,50.0,3,/uploads/product/cover_16.jpg,ON_SALE,"MEETUP,EXPRESS",2026-08-11 15:49:42,2026-08-13 01:08:42
4450,400,11,图书小说商品_4450,这是一个测试商品，编号4450，属于图书小说分类。,3.0,1,/uploads/product/cover_6.jpg,ON_SALE,EXPRESS,2026-07-27 21:11:42,2026-08-15 01:59:42
4451,873,5,服装鞋帽商品_4451,这是一个测试商品，编号4451，属于服装鞋帽分类。,15.0,5,/uploads/product/cover_17.jpg,ON_SALE,EXPRESS,2026-08-04 06:59:42,2026-08-12 21:18:42
4452,678,14,宠物用品商品_4452,这是一个测试商品，编号4452，属于宠物用品分类。,20.0,4,/uploads/product/cover_18.jpg,ON_SALE,"MEETUP,EXPRESS",2026-08-05 10:12:42,2026-08-11 20:43:42
4453,990,13,交通工具商品_4453,这是一个测试商品，编号4453，属于交通工具分类。,3.0,1,/uploads/product/cover_3.jpg,ON_SALE,MEETUP,2026-08-09 01:41:42,2026-08-15 06:31:42
4454,781,5,服装鞋帽商品_4454,这是一个测试商品，编号4454，属于服装鞋帽分类。,200.0,5,/uploads/product/cover_7.jpg,ON_SALE,MEETUP,2026-08-01 20:37:42,2026-08-15 17:41:42
4455,302,7,文具办公商品_4455,这是一个测试商品，编号4455，属于文具办公分类。,30.0,4,/uploads/product/cover_18.jpg,ON_SALE,EXPRESS,2026-08-08 08:04:42,2026-08-13 05:09:42
4456,992,2,电子数码商品_4456,这是一个测试商品，编号4456，属于电子数码分类。,15.0,3,/uploads/product/cover_12.jpg,ON_SALE,MEETUP,2026-07-29 22:51:42,2026-08-13 18:17:42
4457,393,11,图书小说商品_4457,这是一个测试商品，编号4457，属于图书小说分类。,200.0,1,/uploads/product/cover_12.jpg,ON_SALE,MEETUP,2026-07-31 03:01:42,2026-08-13 05:54:42
4458,781,8,美妆护肤商品_4458,这是一个测试商品，编号4458，属于美妆护肤分类。,15.0,5,/uploads/product/cover_6.jpg,ON_SALE,EXPRESS,2026-07-28 06:01:42,2026-08-16 09:08:42
4459,644,4,运动户外商品_4459,这是一个测试商品，编号4459，属于运动户外分类。,25.0,1,/uploads/product/cover_15.jpg,ON_SALE,MEETUP,2026-07-29 19:54:42,2026-08-15 04:17:42
4460,510,15,手工艺品商品_4460,这是一个测试商品，编号4460，属于手工艺品分类。,30.0,4,/uploads/product/cover_7.jpg,ON_SALE,"MEETUP,EXPRESS",2026-08-12 23:58:42,2026-08-12 05:16:42
4461,809,7,文具办公商品_4461,这是一个测试商品，编号4461，属于文具办公分类。,200.0,3,/uploads/product/cover_5.jpg,ON_SALE,"MEETUP,EXPRESS",2026-08-01 09:00:42,2026-08-13 22:30:42
4462,322,10,家居家电商品_4462,这是一个测试商品，编号4462，属于家居家电分类。,120.0,5,/uploads/product/cover_18.jpg,ON_SALE,MEETUP,2026-08-10 01:28:42,2026-08-12 09:03:42
4463,311,12,乐器音响商品_4463,这是一个测试商品，编号4463，属于乐器音响分类。,100.0,5,/uploads/product/cover_1.jpg,ON_SALE,EXPRESS,2026-08-04 02:38:42,2026-08-16 09:32:42
4464,478,6,零食饮料商品_4464,这是一个测试商品，编号4464，属于零食饮料分类。,2.0,4,/uploads/product/cover_7.jpg,ON_SALE,EXPRESS,2026-08-14 08:15:42,2026-08-12 20:27:42
4465,592,11,图书小说商品_4465,这是一个测试商品，编号4465，属于图书小说分类。,25.0,2,/uploads/product/cover_17.jpg,ON_SALE,"MEETUP,EXPRESS",2026-08-05 05:50:42,2026-08-14 22:54:42
4466,129,14,宠物用品商品_4466,这是一个测试商品，编号4466，属于宠物用品分类。,100.0,2,/uploads/product/cover_16.jpg,ON_SALE,MEETUP,2026-08-09 22:58:42,2026-08-16 06:10:42
4467,647,13,交通工具商品_4467,这是一个测试商品，编号4467，属于交通工具分类。,200.0,5,/uploads/product/cover_16.jpg,ON_SALE,"MEETUP,EXPRESS",2026-07-29 04:30:42,2026-08-12 04:12:42
4468,712,6,零食饮料商品_4468,这是一个测试商品，编号4468，属于零食饮料分类。,3.0,5,/uploads/product/cover_14.jpg,ON_SALE,MEETUP,2026-08-01 15:21:42,2026-08-15 20:56:42
4469,494,4,运动户外商品_4469,这是一个测试商品，编号4469，属于运动户外分类。,2.0,3,/uploads/product/cover_2.jpg,ON_SALE,EXPRESS,2026-08-03 15:15:42,2026-08-11 22:16:42
4470,452,2,电子数码商品_4470,这是一个测试商品，编号4470，属于电子数码分类。,2.0,1,/uploads/product/cover_16.jpg,ON_SALE,MEETUP,2026-08-03 12:03:42,2026-08-14 10:52:42
4471,423,3,日用百货商品_4471,这是一个测试商品，编号4471，属于日用百货分类。,10.0,1,/uploads/product/cover_2.jpg,ON_SALE,EXPRESS,2026-08-13 06:03:42,2026-08-15 05:16:42
4472,426,15,手工艺品商品_4472,这是一个测试商品，编号4472，属于手工艺品分类。,8.0,4,/uploads/product/cover_6.jpg,ON_SALE,MEETUP,2026-07-30 20:02:42,2026-08-15 12:44:42
4473,830,7,文具办公商品_4473,这是一个测试商品，编号4473，属于文具办公分类。,50.0,2,/uploads/product/cover_16.jpg,ON_SALE,"MEETUP,EXPRESS",2026-08-14 00:29:42,2026-08-12 13:36:42
4474,199,10,家居家电商品_4474,这是一个测试商品，编号4474，属于家居家电分类。,8.0,5,/uploads/product/cover_3.jpg,ON_SALE,"MEETUP,EXPRESS",2026-08-15 17:28:42,2026-08-13 01:11:42
4475,630,3,日用百货商品_4475,这是一个测试商品，编号4475，属于日用百货分类。,12.0,4,/uploads/product/cover_15.jpg,ON_SALE,"MEETUP,EXPRESS",2026-08-05 05:18:42,2026-08-15 22:36:42
4476,742,13,交通工具商品_4476,这是一个测试商品，编号4476，属于交通工具分类。,12.0,1,/uploads/product/cover_3.jpg,ON_SALE,"MEETUP,EXPRESS",2026-07-28 01:42:42,2026-08-11 19:06:42
4477,262,5,服装鞋帽商品_4477,这是一个测试商品，编号4477，属于服装鞋帽分类。,2.0,1,/uploads/product/cover_13.jpg,ON_SALE,MEETUP,2026-08-04 18:24:42,2026-08-16 07:53:42
4478,2,11,图书小说商品_4478,这是一个测试商品，编号4478，属于图书小说分类。,8.0,4,/uploads/product/cover_12.jpg,ON_SALE,"MEETUP,EXPRESS",2026-07-30 07:58:42,2026-08-15 17:53:42
4479,267,6,零食饮料商品_4479,这是一个测试商品，编号4479，属于零食饮料分类。,1.0,4,/uploads/product/cover_17.jpg,ON_SALE,MEETUP,2026-07-30 08:16:42,2026-08-15 14:46:42
4480,883,14,宠物用品商品_4480,这是一个测试商品，编号4480，属于宠物用品分类。,30.0,1,/uploads/product/cover_1.jpg,ON_SALE,MEETUP,2026-08-04 19:12:42,2026-08-12 03:14:42
4481,463,11,图书小说商品_4481,这是一个测试商品，编号4481，属于图书小说分类。,200.0,1,/uploads/product/cover_10.jpg,ON_SALE,MEETUP,2026-08-11 22:52:42,2026-08-16 02:13:42
4482,964,4,运动户外商品_4482,这是一个测试商品，编号4482，属于运动户外分类。,5.0,3,/uploads/product/cover_5.jpg,ON_SALE,"MEETUP,EXPRESS",2026-08-03 18:56:42,2026-08-12 04:01:42
4483,945,2,电子数码商品_4483,这是一个测试商品，编号4483，属于电子数码分类。,50.0,4,/uploads/product/cover_1.jpg,ON_SALE,MEETUP,2026-08-03 05:22:42,2026-08-12 22:05:42
4484,29,2,电子数码商品_4484,这是一个测试商品，编号4484，属于电子数码分类。,120.0,4,/uploads/product/cover_20.jpg,ON_SALE,MEETUP,2026-08-12 15:50:42,2026-08-13 03:49:42
4485,151,1,教材教辅商品_4485,这是一个测试商品，编号4485，属于教材教辅分类。,100.0,3,/uploads/product/cover_13.jpg,ON_SALE,EXPRESS,2026-08-06 02:41:42,2026-08-13 07:17:42
4486,624,1,教材教辅商品_4486,这是一个测试商品，编号4486，属于教材教辅分类。,120.0,1,/uploads/product/cover_14.jpg,ON_SALE,EXPRESS,2026-08-03 07:21:42,2026-08-16 11:28:42
4487,818,12,乐器音响商品_4487,这是一个测试商品，编号4487，属于乐器音响分类。,8.0,2,/uploads/product/cover_6.jpg,ON_SALE,"MEETUP,EXPRESS",2026-08-15 01:31:42,2026-08-15 21:54:42
4488,143,4,运动户外商品_4488,这是一个测试商品，编号4488，属于运动户外分类。,20.0,1,/uploads/product/cover_12.jpg,ON_SALE,"MEETUP,EXPRESS",2026-07-29 06:02:42,2026-08-14 23:19:42
4489,267,9,游戏动漫商品_4489,这是一个测试商品，编号4489，属于游戏动漫分类。,25.0,2,/uploads/product/cover_10.jpg,ON_SALE,EXPRESS,2026-07-30 16:11:42,2026-08-14 06:55:42
4490,776,3,日用百货商品_4490,这是一个测试商品，编号4490，属于日用百货分类。,120.0,3,/uploads/product/cover_15.jpg,ON_SALE,MEETUP,2026-08-15 19:26:42,2026-08-11 20:01:42
4491,310,5,服装鞋帽商品_4491,这是一个测试商品，编号4491，属于服装鞋帽分类。,80.0,3,/uploads/product/cover_10.jpg,ON_SALE,"MEETUP,EXPRESS",2026-08-02 07:31:42,2026-08-13 06:50:42
4492,852,3,日用百货商品_4492,这是一个测试商品，编号4492，属于日用百货分类。,3.0,1,/uploads/product/cover_8.jpg,ON_SALE,"MEETUP,EXPRESS",2026-08-08 23:56:42,2026-08-14 23:32:42
4493,11,15,手工艺品商品_4493,这是一个测试商品，编号4493，属于手工艺品分类。,20.0,5,/uploads/product/cover_16.jpg,ON_SALE,MEETUP,2026-08-14 17:07:42,2026-08-15 14:04:42
4494,105,6,零食饮料商品_4494,这是一个测试商品，编号4494，属于零食饮料分类。,3.0,5,/uploads/product/cover_1.jpg,ON_SALE,EXPRESS,2026-08-02 14:31:42,2026-08-12 21:53:42
4495,894,11,图书小说商品_4495,这是一个测试商品，编号4495，属于图书小说分类。,1.0,1,/uploads/product/cover_4.jpg,ON_SALE,EXPRESS,2026-08-09 02:21:42,2026-08-14 21:52:42
4496,618,5,服装鞋帽商品_4496,这是一个测试商品，编号4496，属于服装鞋帽分类。,5.0,3,/uploads/product/cover_17.jpg,ON_SALE,"MEETUP,EXPRESS",2026-08-03 20:58:42,2026-08-13 13:17:42
4497,881,10,家居家电商品_4497,这是一个测试商品，编号4497，属于家居家电分类。,15.0,2,/uploads/product/cover_1.jpg,ON_SALE,MEETUP,2026-08-12 17:50:42,2026-08-12 07:18:42
4498,63,3,日用百货商品_4498,这是一个测试商品，编号4498，属于日用百货分类。,2.0,4,/uploads/product/cover_8.jpg,ON_SALE,"MEETUP,EXPRESS",2026-08-14 01:27:42,2026-08-13 07:00:42
4499,421,15,手工艺品商品_4499,这是一个测试商品，编号4499，属于手工艺品分类。,25.0,2,/uploads/product/cover_6.jpg,ON_SALE,MEETUP,2026-08-13 13:23:42,2026-08-13 08:09:42
4500,25,14,宠物用品商品_4500,这是一个测试商品，编号4500，属于宠物用品分类。,100.0,5,/uploads/product/cover_10.jpg,ON_SALE,"MEETUP,EXPRESS",2026-08-15 15:12:42,2026-08-12 07:04:42
4501,902,3,日用百货商品_4501,这是一个测试商品，编号4501，属于日用百货分类。,50.0,2,/uploads/product/cover_9.jpg,ON_SALE,EXPRESS,2026-08-10 19:59:42,2026-08-14 10:05:42
4502,878,1,教材教辅商品_4502,这是一个测试商品，编号4502，属于教材教辅分类。,150.0,4,/uploads/product/cover_14.jpg,ON_SALE,"MEETUP,EXPRESS",2026-08-05 00:15:42,2026-08-14 20:47:42
4503,138,15,手工艺品商品_4503,这是一个测试商品，编号4503，属于手工艺品分类。,10.0,5,/uploads/product/cover_16.jpg,ON_SALE,MEETUP,2026-08-08 01:31:42,2026-08-16 01:43:42
4504,767,3,日用百货商品_4504,这是一个测试商品，编号4504，属于日用百货分类。,120.0,3,/uploads/product/cover_11.jpg,ON_SALE,EXPRESS,2026-07-29 15:37:42,2026-08-15 13:04:42
4505,77,12,乐器音响商品_4505,这是一个测试商品，编号4505，属于乐器音响分类。,20.0,4,/uploads/product/cover_6.jpg,ON_SALE,MEETUP,2026-08-05 06:08:42,2026-08-16 07:51:42
4506,525,1,教材教辅商品_4506,这是一个测试商品，编号4506，属于教材教辅分类。,50.0,5,/uploads/product/cover_2.jpg,ON_SALE,EXPRESS,2026-08-03 15:04:42,2026-08-13 02:55:42
4507,539,15,手工艺品商品_4507,这是一个测试商品，编号4507，属于手工艺品分类。,25.0,1,/uploads/product/cover_7.jpg,ON_SALE,MEETUP,2026-08-09 02:10:42,2026-08-14 04:00:42
4508,201,5,服装鞋帽商品_4508,这是一个测试商品，编号4508，属于服装鞋帽分类。,30.0,2,/uploads/product/cover_2.jpg,ON_SALE,EXPRESS,2026-08-05 04:52:42,2026-08-15 05:32:42
4509,583,10,家居家电商品_4509,这是一个测试商品，编号4509，属于家居家电分类。,2.0,2,/uploads/product/cover_11.jpg,ON_SALE,MEETUP,2026-08-16 03:09:42,2026-08-15 03:02:42
4510,670,10,家居家电商品_4510,这是一个测试商品，编号4510，属于家居家电分类。,50.0,1,/uploads/product/cover_9.jpg,ON_SALE,EXPRESS,2026-08-02 19:19:42,2026-08-12 01:07:42
4511,906,15,手工艺品商品_4511,这是一个测试商品，编号4511，属于手工艺品分类。,15.0,1,/uploads/product/cover_15.jpg,ON_SALE,"MEETUP,EXPRESS",2026-08-13 22:41:42,2026-08-13 17:44:42
4512,720,12,乐器音响商品_4512,这是一个测试商品，编号4512，属于乐器音响分类。,8.0,1,/uploads/product/cover_13.jpg,ON_SALE,MEETUP,2026-08-14 05:57:42,2026-08-13 13:03:42
4513,510,3,日用百货商品_4513,这是一个测试商品，编号4513，属于日用百货分类。,10.0,2,/uploads/product/cover_10.jpg,ON_SALE,"MEETUP,EXPRESS",2026-08-15 13:29:42,2026-08-15 15:54:42
4514,548,1,教材教辅商品_4514,这是一个测试商品，编号4514，属于教材教辅分类。,80.0,5,/uploads/product/cover_7.jpg,ON_SALE,"MEETUP,EXPRESS",2026-08-16 00:50:42,2026-08-13 20:41:42
4515,653,14,宠物用品商品_4515,这是一个测试商品，编号4515，属于宠物用品分类。,20.0,5,/uploads/product/cover_8.jpg,ON_SALE,EXPRESS,2026-08-08 16:05:42,2026-08-14 11:50:42
4516,694,12,乐器音响商品_4516,这是一个测试商品，编号4516，属于乐器音响分类。,15.0,5,/uploads/product/cover_20.jpg,ON_SALE,"MEETUP,EXPRESS",2026-08-09 17:25:42,2026-08-15 16:41:42
4517,603,3,日用百货商品_4517,这是一个测试商品，编号4517，属于日用百货分类。,12.0,5,/uploads/product/cover_18.jpg,ON_SALE,EXPRESS,2026-08-01 13:22:42,2026-08-13 04:51:42
4518,216,5,服装鞋帽商品_4518,这是一个测试商品，编号4518，属于服装鞋帽分类。,10.0,2,/uploads/product/cover_8.jpg,ON_SALE,EXPRESS,2026-07-31 21:30:42,2026-08-12 18:08:42
4519,602,1,教材教辅商品_4519,这是一个测试商品，编号4519，属于教材教辅分类。,5.0,4,/uploads/product/cover_15.jpg,ON_SALE,EXPRESS,2026-08-03 09:45:42,2026-08-13 04:08:42
4520,36,9,游戏动漫商品_4520,这是一个测试商品，编号4520，属于游戏动漫分类。,12.0,3,/uploads/product/cover_5.jpg,ON_SALE,MEETUP,2026-08-09 00:16:42,2026-08-16 11:57:42
4521,537,14,宠物用品商品_4521,这是一个测试商品，编号4521，属于宠物用品分类。,1.0,3,/uploads/product/cover_3.jpg,ON_SALE,"MEETUP,EXPRESS",2026-08-12 20:26:42,2026-08-14 10:21:42
4522,689,13,交通工具商品_4522,这是一个测试商品，编号4522，属于交通工具分类。,1.0,1,/uploads/product/cover_19.jpg,ON_SALE,MEETUP,2026-08-08 10:45:42,2026-08-15 12:39:42
4523,262,3,日用百货商品_4523,这是一个测试商品，编号4523，属于日用百货分类。,10.0,3,/uploads/product/cover_18.jpg,ON_SALE,EXPRESS,2026-07-31 07:05:42,2026-08-14 16:55:42
4524,539,10,家居家电商品_4524,这是一个测试商品，编号4524，属于家居家电分类。,60.0,2,/uploads/product/cover_4.jpg,ON_SALE,MEETUP,2026-08-13 17:58:42,2026-08-11 21:27:42
4525,281,6,零食饮料商品_4525,这是一个测试商品，编号4525，属于零食饮料分类。,120.0,2,/uploads/product/cover_3.jpg,ON_SALE,MEETUP,2026-07-27 22:05:42,2026-08-12 05:37:42
4526,691,12,乐器音响商品_4526,这是一个测试商品，编号4526，属于乐器音响分类。,3.0,1,/uploads/product/cover_18.jpg,ON_SALE,EXPRESS,2026-08-01 21:47:42,2026-08-14 10:24:42
4527,885,8,美妆护肤商品_4527,这是一个测试商品，编号4527，属于美妆护肤分类。,25.0,3,/uploads/product/cover_8.jpg,ON_SALE,EXPRESS,2026-07-30 15:08:42,2026-08-13 05:21:42
4528,231,4,运动户外商品_4528,这是一个测试商品，编号4528，属于运动户外分类。,2.0,2,/uploads/product/cover_9.jpg,ON_SALE,MEETUP,2026-07-31 16:04:42,2026-08-16 18:01:42
4529,943,13,交通工具商品_4529,这是一个测试商品，编号4529，属于交通工具分类。,20.0,4,/uploads/product/cover_5.jpg,ON_SALE,"MEETUP,EXPRESS",2026-07-28 02:19:42,2026-08-13 10:06:42
4530,292,10,家居家电商品_4530,这是一个测试商品，编号4530，属于家居家电分类。,8.0,2,/uploads/product/cover_3.jpg,ON_SALE,MEETUP,2026-07-29 20:50:42,2026-08-13 21:12:42
4531,76,5,服装鞋帽商品_4531,这是一个测试商品，编号4531，属于服装鞋帽分类。,3.0,5,/uploads/product/cover_4.jpg,ON_SALE,EXPRESS,2026-07-28 18:24:42,2026-08-15 22:38:42
4532,926,6,零食饮料商品_4532,这是一个测试商品，编号4532，属于零食饮料分类。,150.0,1,/uploads/product/cover_20.jpg,ON_SALE,EXPRESS,2026-08-04 09:02:42,2026-08-12 13:40:42
4533,768,7,文具办公商品_4533,这是一个测试商品，编号4533，属于文具办公分类。,5.0,4,/uploads/product/cover_3.jpg,ON_SALE,EXPRESS,2026-08-16 15:25:42,2026-08-14 02:00:42
4534,301,6,零食饮料商品_4534,这是一个测试商品，编号4534，属于零食饮料分类。,50.0,2,/uploads/product/cover_9.jpg,ON_SALE,MEETUP,2026-08-02 15:17:42,2026-08-15 17:31:42
4535,732,14,宠物用品商品_4535,这是一个测试商品，编号4535，属于宠物用品分类。,200.0,4,/uploads/product/cover_7.jpg,ON_SALE,EXPRESS,2026-07-29 18:06:42,2026-08-12 03:33:42
4536,198,9,游戏动漫商品_4536,这是一个测试商品，编号4536，属于游戏动漫分类。,1.0,5,/uploads/product/cover_18.jpg,ON_SALE,"MEETUP,EXPRESS",2026-08-10 19:38:42,2026-08-15 08:13:42
4537,617,15,手工艺品商品_4537,这是一个测试商品，编号4537，属于手工艺品分类。,2.0,1,/uploads/product/cover_8.jpg,ON_SALE,"MEETUP,EXPRESS",2026-08-09 15:58:42,2026-08-12 19:17:42
4538,382,4,运动户外商品_4538,这是一个测试商品，编号4538，属于运动户外分类。,150.0,2,/uploads/product/cover_8.jpg,ON_SALE,"MEETUP,EXPRESS",2026-08-08 05:19:42,2026-08-15 07:33:42
4539,127,10,家居家电商品_4539,这是一个测试商品，编号4539，属于家居家电分类。,8.0,4,/uploads/product/cover_18.jpg,ON_SALE,EXPRESS,2026-08-09 20:56:42,2026-08-13 03:25:42
4540,816,13,交通工具商品_4540,这是一个测试商品，编号4540，属于交通工具分类。,50.0,1,/uploads/product/cover_10.jpg,ON_SALE,"MEETUP,EXPRESS",2026-07-29 03:01:42,2026-08-16 02:23:42
4541,562,3,日用百货商品_4541,这是一个测试商品，编号4541，属于日用百货分类。,150.0,4,/uploads/product/cover_4.jpg,ON_SALE,EXPRESS,2026-08-03 19:16:42,2026-08-13 08:29:42
4542,289,6,零食饮料商品_4542,这是一个测试商品，编号4542，属于零食饮料分类。,2.0,2,/uploads/product/cover_20.jpg,ON_SALE,"MEETUP,EXPRESS",2026-07-31 10:54:42,2026-08-15 10:24:42
4543,443,5,服装鞋帽商品_4543,这是一个测试商品，编号4543，属于服装鞋帽分类。,3.0,3,/uploads/product/cover_9.jpg,ON_SALE,MEETUP,2026-08-16 05:30:42,2026-08-11 23:18:42
4544,746,3,日用百货商品_4544,这是一个测试商品，编号4544，属于日用百货分类。,200.0,3,/uploads/product/cover_7.jpg,ON_SALE,"MEETUP,EXPRESS",2026-07-31 12:30:42,2026-08-12 11:55:42
4545,890,1,教材教辅商品_4545,这是一个测试商品，编号4545，属于教材教辅分类。,120.0,1,/uploads/product/cover_4.jpg,ON_SALE,EXPRESS,2026-07-30 03:44:42,2026-08-15 22:43:42
4546,582,12,乐器音响商品_4546,这是一个测试商品，编号4546，属于乐器音响分类。,120.0,2,/uploads/product/cover_1.jpg,ON_SALE,"MEETUP,EXPRESS",2026-08-14 20:54:42,2026-08-14 05:15:42
4547,663,8,美妆护肤商品_4547,这是一个测试商品，编号4547，属于美妆护肤分类。,1.0,2,/uploads/product/cover_7.jpg,ON_SALE,EXPRESS,2026-08-02 21:48:42,2026-08-12 19:52:42
4548,79,14,宠物用品商品_4548,这是一个测试商品，编号4548，属于宠物用品分类。,120.0,4,/uploads/product/cover_3.jpg,ON_SALE,EXPRESS,2026-08-13 11:03:42,2026-08-12 21:38:42
4549,1000,12,乐器音响商品_4549,这是一个测试商品，编号4549，属于乐器音响分类。,10.0,4,/uploads/product/cover_19.jpg,ON_SALE,MEETUP,2026-07-30 17:05:42,2026-08-13 18:57:42
4550,78,14,宠物用品商品_4550,这是一个测试商品，编号4550，属于宠物用品分类。,60.0,3,/uploads/product/cover_2.jpg,ON_SALE,MEETUP,2026-08-01 03:40:42,2026-08-14 17:40:42
4551,827,9,游戏动漫商品_4551,这是一个测试商品，编号4551，属于游戏动漫分类。,20.0,5,/uploads/product/cover_10.jpg,ON_SALE,EXPRESS,2026-08-02 09:51:42,2026-08-13 11:44:42
4552,169,6,零食饮料商品_4552,这是一个测试商品，编号4552，属于零食饮料分类。,60.0,3,/uploads/product/cover_14.jpg,ON_SALE,"MEETUP,EXPRESS",2026-08-09 05:29:42,2026-08-16 13:41:42
4553,344,14,宠物用品商品_4553,这是一个测试商品，编号4553，属于宠物用品分类。,30.0,1,/uploads/product/cover_16.jpg,ON_SALE,EXPRESS,2026-07-28 21:47:42,2026-08-16 15:01:42
4554,572,9,游戏动漫商品_4554,这是一个测试商品，编号4554，属于游戏动漫分类。,50.0,5,/uploads/product/cover_3.jpg,ON_SALE,"MEETUP,EXPRESS",2026-08-15 20:35:42,2026-08-16 18:46:42
4555,465,10,家居家电商品_4555,这是一个测试商品，编号4555，属于家居家电分类。,15.0,1,/uploads/product/cover_12.jpg,ON_SALE,EXPRESS,2026-07-31 16:39:42,2026-08-12 22:19:42
4556,430,12,乐器音响商品_4556,这是一个测试商品，编号4556，属于乐器音响分类。,10.0,3,/uploads/product/cover_13.jpg,ON_SALE,"MEETUP,EXPRESS",2026-08-09 12:53:42,2026-08-12 10:26:42
4557,591,7,文具办公商品_4557,这是一个测试商品，编号4557，属于文具办公分类。,12.0,5,/uploads/product/cover_17.jpg,ON_SALE,MEETUP,2026-08-08 12:39:42,2026-08-13 10:35:42
4558,519,10,家居家电商品_4558,这是一个测试商品，编号4558，属于家居家电分类。,30.0,3,/uploads/product/cover_9.jpg,ON_SALE,MEETUP,2026-08-10 03:42:42,2026-08-15 10:56:42
4559,11,4,运动户外商品_4559,这是一个测试商品，编号4559，属于运动户外分类。,10.0,1,/uploads/product/cover_9.jpg,ON_SALE,MEETUP,2026-08-13 06:13:42,2026-08-13 14:40:42
4560,292,6,零食饮料商品_4560,这是一个测试商品，编号4560，属于零食饮料分类。,50.0,2,/uploads/product/cover_2.jpg,ON_SALE,"MEETUP,EXPRESS",2026-08-11 22:22:42,2026-08-16 00:37:42
4561,13,2,电子数码商品_4561,这是一个测试商品，编号4561，属于电子数码分类。,5.0,1,/uploads/product/cover_5.jpg,ON_SALE,EXPRESS,2026-08-05 14:52:42,2026-08-12 21:09:42
4562,515,9,游戏动漫商品_4562,这是一个测试商品，编号4562，属于游戏动漫分类。,20.0,4,/uploads/product/cover_10.jpg,ON_SALE,"MEETUP,EXPRESS",2026-08-07 06:33:42,2026-08-13 05:14:42
4563,243,1,教材教辅商品_4563,这是一个测试商品，编号4563，属于教材教辅分类。,12.0,4,/uploads/product/cover_2.jpg,ON_SALE,EXPRESS,2026-08-07 20:40:42,2026-08-13 12:07:42
4564,948,12,乐器音响商品_4564,这是一个测试商品，编号4564，属于乐器音响分类。,12.0,3,/uploads/product/cover_3.jpg,ON_SALE,MEETUP,2026-08-09 07:40:42,2026-08-14 07:08:42
4565,270,12,乐器音响商品_4565,这是一个测试商品，编号4565，属于乐器音响分类。,8.0,2,/uploads/product/cover_5.jpg,ON_SALE,"MEETUP,EXPRESS",2026-07-29 20:36:42,2026-08-13 06:31:42
4566,37,10,家居家电商品_4566,这是一个测试商品，编号4566，属于家居家电分类。,10.0,4,/uploads/product/cover_10.jpg,ON_SALE,EXPRESS,2026-08-15 23:57:42,2026-08-15 22:46:42
4567,390,10,家居家电商品_4567,这是一个测试商品，编号4567，属于家居家电分类。,20.0,2,/uploads/product/cover_12.jpg,ON_SALE,EXPRESS,2026-08-13 07:49:42,2026-08-14 15:21:42
4568,806,10,家居家电商品_4568,这是一个测试商品，编号4568，属于家居家电分类。,2.0,3,/uploads/product/cover_2.jpg,ON_SALE,"MEETUP,EXPRESS",2026-08-07 02:17:42,2026-08-13 08:28:42
4569,8,5,服装鞋帽商品_4569,这是一个测试商品，编号4569，属于服装鞋帽分类。,120.0,4,/uploads/product/cover_19.jpg,ON_SALE,MEETUP,2026-08-07 21:38:42,2026-08-12 07:58:42
4570,387,8,美妆护肤商品_4570,这是一个测试商品，编号4570，属于美妆护肤分类。,12.0,3,/uploads/product/cover_12.jpg,ON_SALE,MEETUP,2026-08-14 13:40:42,2026-08-14 18:53:42
4571,84,3,日用百货商品_4571,这是一个测试商品，编号4571，属于日用百货分类。,1.0,2,/uploads/product/cover_20.jpg,ON_SALE,"MEETUP,EXPRESS",2026-08-07 18:15:42,2026-08-16 07:54:42
4572,495,3,日用百货商品_4572,这是一个测试商品，编号4572，属于日用百货分类。,8.0,5,/uploads/product/cover_9.jpg,ON_SALE,"MEETUP,EXPRESS",2026-08-16 15:46:42,2026-08-16 04:47:42
4573,796,1,教材教辅商品_4573,这是一个测试商品，编号4573，属于教材教辅分类。,50.0,5,/uploads/product/cover_10.jpg,ON_SALE,"MEETUP,EXPRESS",2026-08-08 13:44:42,2026-08-16 01:56:42
4574,141,14,宠物用品商品_4574,这是一个测试商品，编号4574，属于宠物用品分类。,200.0,1,/uploads/product/cover_20.jpg,ON_SALE,EXPRESS,2026-08-05 04:26:42,2026-08-12 03:42:42
4575,296,11,图书小说商品_4575,这是一个测试商品，编号4575，属于图书小说分类。,20.0,2,/uploads/product/cover_15.jpg,ON_SALE,"MEETUP,EXPRESS",2026-08-10 17:10:42,2026-08-13 11:35:42
4576,505,11,图书小说商品_4576,这是一个测试商品，编号4576，属于图书小说分类。,20.0,2,/uploads/product/cover_13.jpg,ON_SALE,EXPRESS,2026-08-14 02:27:42,2026-08-13 10:19:42
4577,510,15,手工艺品商品_4577,这是一个测试商品，编号4577，属于手工艺品分类。,60.0,5,/uploads/product/cover_12.jpg,ON_SALE,"MEETUP,EXPRESS",2026-08-05 13:35:42,2026-08-12 08:00:42
4578,253,6,零食饮料商品_4578,这是一个测试商品，编号4578，属于零食饮料分类。,1.0,5,/uploads/product/cover_19.jpg,ON_SALE,MEETUP,2026-08-13 08:38:42,2026-08-16 09:40:42
4579,432,5,服装鞋帽商品_4579,这是一个测试商品，编号4579，属于服装鞋帽分类。,10.0,2,/uploads/product/cover_18.jpg,ON_SALE,MEETUP,2026-08-12 09:40:42,2026-08-16 01:23:42
4580,302,13,交通工具商品_4580,这是一个测试商品，编号4580，属于交通工具分类。,120.0,4,/uploads/product/cover_2.jpg,ON_SALE,MEETUP,2026-08-07 22:48:42,2026-08-14 09:08:42
4581,158,12,乐器音响商品_4581,这是一个测试商品，编号4581，属于乐器音响分类。,2.0,1,/uploads/product/cover_19.jpg,ON_SALE,EXPRESS,2026-08-04 00:43:42,2026-08-15 03:34:42
4582,717,10,家居家电商品_4582,这是一个测试商品，编号4582，属于家居家电分类。,25.0,1,/uploads/product/cover_4.jpg,ON_SALE,MEETUP,2026-08-05 18:22:42,2026-08-12 18:00:42
4583,439,10,家居家电商品_4583,这是一个测试商品，编号4583，属于家居家电分类。,80.0,3,/uploads/product/cover_17.jpg,ON_SALE,MEETUP,2026-08-06 10:33:42,2026-08-15 22:35:42
4584,919,15,手工艺品商品_4584,这是一个测试商品，编号4584，属于手工艺品分类。,50.0,5,/uploads/product/cover_13.jpg,ON_SALE,MEETUP,2026-08-09 03:53:42,2026-08-14 03:29:42
4585,743,15,手工艺品商品_4585,这是一个测试商品，编号4585，属于手工艺品分类。,60.0,1,/uploads/product/cover_20.jpg,ON_SALE,EXPRESS,2026-08-05 06:20:42,2026-08-15 08:52:42
4586,364,14,宠物用品商品_4586,这是一个测试商品，编号4586，属于宠物用品分类。,20.0,5,/uploads/product/cover_8.jpg,ON_SALE,MEETUP,2026-08-07 18:44:42,2026-08-13 07:32:42
4587,269,11,图书小说商品_4587,这是一个测试商品，编号4587，属于图书小说分类。,25.0,1,/uploads/product/cover_4.jpg,ON_SALE,MEETUP,2026-08-11 00:34:42,2026-08-16 11:15:42
4588,207,10,家居家电商品_4588,这是一个测试商品，编号4588，属于家居家电分类。,8.0,2,/uploads/product/cover_13.jpg,ON_SALE,EXPRESS,2026-08-09 09:53:42,2026-08-15 15:48:42
4589,30,6,零食饮料商品_4589,这是一个测试商品，编号4589，属于零食饮料分类。,150.0,3,/uploads/product/cover_19.jpg,ON_SALE,EXPRESS,2026-08-14 22:15:42,2026-08-14 06:54:42
4590,405,4,运动户外商品_4590,这是一个测试商品，编号4590，属于运动户外分类。,2.0,3,/uploads/product/cover_19.jpg,ON_SALE,"MEETUP,EXPRESS",2026-08-15 23:28:42,2026-08-13 04:57:42
4591,947,5,服装鞋帽商品_4591,这是一个测试商品，编号4591，属于服装鞋帽分类。,80.0,5,/uploads/product/cover_4.jpg,ON_SALE,MEETUP,2026-08-04 17:32:42,2026-08-14 03:27:42
4592,987,14,宠物用品商品_4592,这是一个测试商品，编号4592，属于宠物用品分类。,80.0,5,/uploads/product/cover_2.jpg,ON_SALE,MEETUP,2026-08-05 08:15:42,2026-08-14 12:29:42
4593,191,4,运动户外商品_4593,这是一个测试商品，编号4593，属于运动户外分类。,100.0,1,/uploads/product/cover_20.jpg,ON_SALE,EXPRESS,2026-08-10 16:11:42,2026-08-14 21:51:42
4594,736,9,游戏动漫商品_4594,这是一个测试商品，编号4594，属于游戏动漫分类。,10.0,1,/uploads/product/cover_4.jpg,ON_SALE,EXPRESS,2026-08-15 12:21:42,2026-08-13 03:43:42
4595,951,1,教材教辅商品_4595,这是一个测试商品，编号4595，属于教材教辅分类。,120.0,1,/uploads/product/cover_15.jpg,ON_SALE,EXPRESS,2026-08-01 01:17:42,2026-08-12 15:01:42
4596,586,9,游戏动漫商品_4596,这是一个测试商品，编号4596，属于游戏动漫分类。,3.0,4,/uploads/product/cover_1.jpg,ON_SALE,EXPRESS,2026-08-03 06:28:42,2026-08-11 21:23:42
4597,306,14,宠物用品商品_4597,这是一个测试商品，编号4597，属于宠物用品分类。,80.0,2,/uploads/product/cover_3.jpg,ON_SALE,MEETUP,2026-08-06 17:17:42,2026-08-12 12:41:42
4598,921,2,电子数码商品_4598,这是一个测试商品，编号4598，属于电子数码分类。,120.0,2,/uploads/product/cover_16.jpg,ON_SALE,"MEETUP,EXPRESS",2026-08-06 23:08:42,2026-08-16 15:01:42
4599,935,1,教材教辅商品_4599,这是一个测试商品，编号4599，属于教材教辅分类。,150.0,3,/uploads/product/cover_10.jpg,ON_SALE,"MEETUP,EXPRESS",2026-07-28 11:38:42,2026-08-12 23:22:42
4600,616,5,服装鞋帽商品_4600,这是一个测试商品，编号4600，属于服装鞋帽分类。,60.0,4,/uploads/product/cover_8.jpg,ON_SALE,EXPRESS,2026-08-07 11:18:42,2026-08-14 12:01:42
4601,499,6,零食饮料商品_4601,这是一个测试商品，编号4601，属于零食饮料分类。,50.0,5,/uploads/product/cover_1.jpg,ON_SALE,"MEETUP,EXPRESS",2026-08-06 11:13:42,2026-08-14 02:37:42
4602,585,3,日用百货商品_4602,这是一个测试商品，编号4602，属于日用百货分类。,8.0,1,/uploads/product/cover_2.jpg,ON_SALE,"MEETUP,EXPRESS",2026-08-11 11:53:42,2026-08-15 18:48:42
4603,935,7,文具办公商品_4603,这是一个测试商品，编号4603，属于文具办公分类。,30.0,5,/uploads/product/cover_13.jpg,ON_SALE,"MEETUP,EXPRESS",2026-08-13 03:41:42,2026-08-12 07:35:42
4604,707,6,零食饮料商品_4604,这是一个测试商品，编号4604，属于零食饮料分类。,2.0,3,/uploads/product/cover_2.jpg,ON_SALE,MEETUP,2026-08-12 22:21:42,2026-08-15 19:56:42
4605,921,14,宠物用品商品_4605,这是一个测试商品，编号4605，属于宠物用品分类。,12.0,4,/uploads/product/cover_3.jpg,ON_SALE,MEETUP,2026-08-11 06:05:42,2026-08-13 14:37:42
4606,314,7,文具办公商品_4606,这是一个测试商品，编号4606，属于文具办公分类。,100.0,4,/uploads/product/cover_16.jpg,ON_SALE,EXPRESS,2026-08-16 10:15:42,2026-08-16 16:54:42
4607,514,1,教材教辅商品_4607,这是一个测试商品，编号4607，属于教材教辅分类。,10.0,2,/uploads/product/cover_13.jpg,ON_SALE,MEETUP,2026-07-28 15:43:42,2026-08-13 21:18:42
4608,489,14,宠物用品商品_4608,这是一个测试商品，编号4608，属于宠物用品分类。,150.0,5,/uploads/product/cover_19.jpg,ON_SALE,MEETUP,2026-08-04 10:47:42,2026-08-14 14:24:42
4609,347,2,电子数码商品_4609,这是一个测试商品，编号4609，属于电子数码分类。,80.0,4,/uploads/product/cover_16.jpg,ON_SALE,EXPRESS,2026-08-14 18:32:42,2026-08-15 04:44:42
4610,367,6,零食饮料商品_4610,这是一个测试商品，编号4610，属于零食饮料分类。,8.0,4,/uploads/product/cover_8.jpg,ON_SALE,"MEETUP,EXPRESS",2026-08-01 12:39:42,2026-08-15 09:21:42
4611,567,10,家居家电商品_4611,这是一个测试商品，编号4611，属于家居家电分类。,15.0,1,/uploads/product/cover_1.jpg,ON_SALE,"MEETUP,EXPRESS",2026-08-16 13:39:42,2026-08-15 17:57:42
4612,810,13,交通工具商品_4612,这是一个测试商品，编号4612，属于交通工具分类。,15.0,2,/uploads/product/cover_15.jpg,ON_SALE,MEETUP,2026-08-04 18:31:42,2026-08-13 14:32:42
4613,686,13,交通工具商品_4613,这是一个测试商品，编号4613，属于交通工具分类。,2.0,4,/uploads/product/cover_18.jpg,ON_SALE,MEETUP,2026-08-07 09:48:42,2026-08-16 14:09:42
4614,516,9,游戏动漫商品_4614,这是一个测试商品，编号4614，属于游戏动漫分类。,200.0,3,/uploads/product/cover_6.jpg,ON_SALE,"MEETUP,EXPRESS",2026-07-31 19:44:42,2026-08-13 10:06:42
4615,922,2,电子数码商品_4615,这是一个测试商品，编号4615，属于电子数码分类。,30.0,5,/uploads/product/cover_9.jpg,ON_SALE,"MEETUP,EXPRESS",2026-08-07 03:20:42,2026-08-11 21:50:42
4616,208,8,美妆护肤商品_4616,这是一个测试商品，编号4616，属于美妆护肤分类。,8.0,1,/uploads/product/cover_14.jpg,ON_SALE,"MEETUP,EXPRESS",2026-08-03 02:37:42,2026-08-11 21:01:42
4617,516,11,图书小说商品_4617,这是一个测试商品，编号4617，属于图书小说分类。,15.0,2,/uploads/product/cover_13.jpg,ON_SALE,"MEETUP,EXPRESS",2026-07-30 20:04:42,2026-08-15 03:59:42
4618,609,2,电子数码商品_4618,这是一个测试商品，编号4618，属于电子数码分类。,200.0,3,/uploads/product/cover_12.jpg,ON_SALE,EXPRESS,2026-08-05 18:18:42,2026-08-13 11:00:42
4619,784,4,运动户外商品_4619,这是一个测试商品，编号4619，属于运动户外分类。,80.0,1,/uploads/product/cover_20.jpg,ON_SALE,EXPRESS,2026-08-01 17:41:42,2026-08-12 13:10:42
4620,281,15,手工艺品商品_4620,这是一个测试商品，编号4620，属于手工艺品分类。,50.0,5,/uploads/product/cover_18.jpg,ON_SALE,MEETUP,2026-08-12 03:52:42,2026-08-13 23:27:42
4621,643,5,服装鞋帽商品_4621,这是一个测试商品，编号4621，属于服装鞋帽分类。,100.0,3,/uploads/product/cover_10.jpg,ON_SALE,MEETUP,2026-08-09 21:37:42,2026-08-13 10:25:42
4622,264,14,宠物用品商品_4622,这是一个测试商品，编号4622，属于宠物用品分类。,8.0,3,/uploads/product/cover_19.jpg,ON_SALE,"MEETUP,EXPRESS",2026-08-09 15:50:42,2026-08-16 16:06:42
4623,382,14,宠物用品商品_4623,这是一个测试商品，编号4623，属于宠物用品分类。,30.0,2,/uploads/product/cover_3.jpg,ON_SALE,EXPRESS,2026-07-31 16:33:42,2026-08-12 07:21:42
4624,546,3,日用百货商品_4624,这是一个测试商品，编号4624，属于日用百货分类。,15.0,2,/uploads/product/cover_14.jpg,ON_SALE,EXPRESS,2026-07-30 02:29:42,2026-08-13 17:23:42
4625,673,3,日用百货商品_4625,这是一个测试商品，编号4625，属于日用百货分类。,120.0,2,/uploads/product/cover_5.jpg,ON_SALE,"MEETUP,EXPRESS",2026-08-05 15:51:42,2026-08-14 21:18:42
4626,337,3,日用百货商品_4626,这是一个测试商品，编号4626，属于日用百货分类。,50.0,3,/uploads/product/cover_9.jpg,ON_SALE,EXPRESS,2026-08-07 07:27:42,2026-08-16 12:50:42
4627,481,9,游戏动漫商品_4627,这是一个测试商品，编号4627，属于游戏动漫分类。,3.0,1,/uploads/product/cover_2.jpg,ON_SALE,"MEETUP,EXPRESS",2026-08-10 13:38:42,2026-08-13 17:01:42
4628,493,1,教材教辅商品_4628,这是一个测试商品，编号4628，属于教材教辅分类。,80.0,5,/uploads/product/cover_4.jpg,ON_SALE,MEETUP,2026-08-14 10:44:42,2026-08-15 04:33:42
4629,449,12,乐器音响商品_4629,这是一个测试商品，编号4629，属于乐器音响分类。,150.0,3,/uploads/product/cover_9.jpg,ON_SALE,MEETUP,2026-08-13 04:07:42,2026-08-14 22:43:42
4630,6,7,文具办公商品_4630,这是一个测试商品，编号4630，属于文具办公分类。,15.0,3,/uploads/product/cover_9.jpg,ON_SALE,EXPRESS,2026-08-02 06:32:42,2026-08-13 02:50:42
4631,982,12,乐器音响商品_4631,这是一个测试商品，编号4631，属于乐器音响分类。,2.0,5,/uploads/product/cover_3.jpg,ON_SALE,MEETUP,2026-08-04 07:34:42,2026-08-16 04:46:42
4632,802,7,文具办公商品_4632,这是一个测试商品，编号4632，属于文具办公分类。,120.0,3,/uploads/product/cover_5.jpg,ON_SALE,"MEETUP,EXPRESS",2026-08-10 05:52:42,2026-08-16 03:00:42
4633,96,8,美妆护肤商品_4633,这是一个测试商品，编号4633，属于美妆护肤分类。,200.0,2,/uploads/product/cover_6.jpg,ON_SALE,EXPRESS,2026-08-11 23:05:42,2026-08-14 08:43:42
4634,969,10,家居家电商品_4634,这是一个测试商品，编号4634，属于家居家电分类。,20.0,4,/uploads/product/cover_11.jpg,ON_SALE,"MEETUP,EXPRESS",2026-08-04 09:05:42,2026-08-14 15:20:42
4635,678,13,交通工具商品_4635,这是一个测试商品，编号4635，属于交通工具分类。,5.0,3,/uploads/product/cover_9.jpg,ON_SALE,"MEETUP,EXPRESS",2026-08-16 02:35:42,2026-08-15 02:08:42
4636,828,11,图书小说商品_4636,这是一个测试商品，编号4636，属于图书小说分类。,5.0,5,/uploads/product/cover_9.jpg,ON_SALE,"MEETUP,EXPRESS",2026-08-16 04:07:42,2026-08-12 06:11:42
4637,110,14,宠物用品商品_4637,这是一个测试商品，编号4637，属于宠物用品分类。,10.0,5,/uploads/product/cover_15.jpg,ON_SALE,EXPRESS,2026-07-30 00:28:42,2026-08-13 19:19:42
4638,713,4,运动户外商品_4638,这是一个测试商品，编号4638，属于运动户外分类。,15.0,1,/uploads/product/cover_4.jpg,ON_SALE,EXPRESS,2026-08-01 18:01:42,2026-08-12 04:22:42
4639,759,6,零食饮料商品_4639,这是一个测试商品，编号4639，属于零食饮料分类。,15.0,4,/uploads/product/cover_9.jpg,ON_SALE,EXPRESS,2026-07-28 21:48:42,2026-08-13 03:51:42
4640,434,7,文具办公商品_4640,这是一个测试商品，编号4640，属于文具办公分类。,1.0,4,/uploads/product/cover_2.jpg,ON_SALE,EXPRESS,2026-07-29 01:58:42,2026-08-13 05:24:42
4641,832,9,游戏动漫商品_4641,这是一个测试商品，编号4641，属于游戏动漫分类。,120.0,3,/uploads/product/cover_4.jpg,ON_SALE,EXPRESS,2026-08-03 01:44:42,2026-08-16 12:20:42
4642,954,3,日用百货商品_4642,这是一个测试商品，编号4642，属于日用百货分类。,2.0,5,/uploads/product/cover_12.jpg,ON_SALE,MEETUP,2026-07-28 09:04:42,2026-08-16 16:00:42
4643,882,15,手工艺品商品_4643,这是一个测试商品，编号4643，属于手工艺品分类。,1.0,3,/uploads/product/cover_3.jpg,ON_SALE,EXPRESS,2026-08-05 18:30:42,2026-08-12 00:20:42
4644,349,2,电子数码商品_4644,这是一个测试商品，编号4644，属于电子数码分类。,15.0,5,/uploads/product/cover_18.jpg,ON_SALE,EXPRESS,2026-08-14 16:31:42,2026-08-13 01:24:42
4645,205,9,游戏动漫商品_4645,这是一个测试商品，编号4645，属于游戏动漫分类。,150.0,1,/uploads/product/cover_18.jpg,ON_SALE,MEETUP,2026-08-12 20:39:42,2026-08-12 06:00:42
4646,422,6,零食饮料商品_4646,这是一个测试商品，编号4646，属于零食饮料分类。,12.0,4,/uploads/product/cover_4.jpg,ON_SALE,EXPRESS,2026-08-04 00:35:42,2026-08-14 18:47:42
4647,197,13,交通工具商品_4647,这是一个测试商品，编号4647，属于交通工具分类。,20.0,2,/uploads/product/cover_10.jpg,ON_SALE,"MEETUP,EXPRESS",2026-08-04 01:43:42,2026-08-11 22:06:42
4648,688,10,家居家电商品_4648,这是一个测试商品，编号4648，属于家居家电分类。,3.0,5,/uploads/product/cover_12.jpg,ON_SALE,MEETUP,2026-08-13 11:03:42,2026-08-12 07:26:42
4649,23,2,电子数码商品_4649,这是一个测试商品，编号4649，属于电子数码分类。,10.0,4,/uploads/product/cover_18.jpg,ON_SALE,MEETUP,2026-08-05 16:15:42,2026-08-15 13:09:42
4650,278,3,日用百货商品_4650,这是一个测试商品，编号4650，属于日用百货分类。,10.0,2,/uploads/product/cover_17.jpg,ON_SALE,MEETUP,2026-07-29 23:12:42,2026-08-15 17:43:42
4651,551,15,手工艺品商品_4651,这是一个测试商品，编号4651，属于手工艺品分类。,20.0,3,/uploads/product/cover_15.jpg,ON_SALE,MEETUP,2026-08-15 10:55:42,2026-08-12 06:00:42
4652,716,12,乐器音响商品_4652,这是一个测试商品，编号4652，属于乐器音响分类。,50.0,4,/uploads/product/cover_5.jpg,ON_SALE,EXPRESS,2026-08-11 14:33:42,2026-08-11 20:33:42
4653,208,7,文具办公商品_4653,这是一个测试商品，编号4653，属于文具办公分类。,12.0,2,/uploads/product/cover_4.jpg,ON_SALE,"MEETUP,EXPRESS",2026-07-29 01:01:42,2026-08-14 12:44:42
4654,733,3,日用百货商品_4654,这是一个测试商品，编号4654，属于日用百货分类。,12.0,4,/uploads/product/cover_5.jpg,ON_SALE,"MEETUP,EXPRESS",2026-08-03 06:26:42,2026-08-14 09:59:42
4655,596,6,零食饮料商品_4655,这是一个测试商品，编号4655，属于零食饮料分类。,5.0,5,/uploads/product/cover_16.jpg,ON_SALE,"MEETUP,EXPRESS",2026-08-16 11:26:42,2026-08-13 21:40:42
4656,484,6,零食饮料商品_4656,这是一个测试商品，编号4656，属于零食饮料分类。,150.0,1,/uploads/product/cover_17.jpg,ON_SALE,EXPRESS,2026-07-31 12:55:42,2026-08-13 01:03:42
4657,143,9,游戏动漫商品_4657,这是一个测试商品，编号4657，属于游戏动漫分类。,150.0,1,/uploads/product/cover_15.jpg,ON_SALE,"MEETUP,EXPRESS",2026-08-08 00:11:42,2026-08-13 03:46:42
4658,598,3,日用百货商品_4658,这是一个测试商品，编号4658，属于日用百货分类。,200.0,4,/uploads/product/cover_20.jpg,ON_SALE,"MEETUP,EXPRESS",2026-07-29 16:28:42,2026-08-15 04:11:42
4659,631,13,交通工具商品_4659,这是一个测试商品，编号4659，属于交通工具分类。,60.0,1,/uploads/product/cover_2.jpg,ON_SALE,MEETUP,2026-08-02 14:55:42,2026-08-14 20:09:42
4660,544,9,游戏动漫商品_4660,这是一个测试商品，编号4660，属于游戏动漫分类。,120.0,2,/uploads/product/cover_7.jpg,ON_SALE,EXPRESS,2026-08-01 23:57:42,2026-08-13 18:06:42
4661,575,8,美妆护肤商品_4661,这是一个测试商品，编号4661，属于美妆护肤分类。,12.0,1,/uploads/product/cover_3.jpg,ON_SALE,MEETUP,2026-08-10 19:36:42,2026-08-15 10:37:42
4662,255,1,教材教辅商品_4662,这是一个测试商品，编号4662，属于教材教辅分类。,15.0,2,/uploads/product/cover_20.jpg,ON_SALE,EXPRESS,2026-08-10 14:49:42,2026-08-16 12:30:42
4663,484,14,宠物用品商品_4663,这是一个测试商品，编号4663，属于宠物用品分类。,150.0,1,/uploads/product/cover_2.jpg,ON_SALE,EXPRESS,2026-08-10 19:34:42,2026-08-14 14:24:42
4664,25,4,运动户外商品_4664,这是一个测试商品，编号4664，属于运动户外分类。,60.0,1,/uploads/product/cover_17.jpg,ON_SALE,"MEETUP,EXPRESS",2026-07-30 17:40:42,2026-08-14 12:54:42
4665,937,2,电子数码商品_4665,这是一个测试商品，编号4665，属于电子数码分类。,12.0,3,/uploads/product/cover_18.jpg,ON_SALE,EXPRESS,2026-08-10 16:56:42,2026-08-13 19:36:42
4666,354,13,交通工具商品_4666,这是一个测试商品，编号4666，属于交通工具分类。,5.0,5,/uploads/product/cover_5.jpg,ON_SALE,MEETUP,2026-08-04 20:59:42,2026-08-12 01:04:42
4667,727,9,游戏动漫商品_4667,这是一个测试商品，编号4667，属于游戏动漫分类。,3.0,3,/uploads/product/cover_18.jpg,ON_SALE,"MEETUP,EXPRESS",2026-07-28 03:38:42,2026-08-12 01:12:42
4668,719,7,文具办公商品_4668,这是一个测试商品，编号4668，属于文具办公分类。,200.0,4,/uploads/product/cover_9.jpg,ON_SALE,EXPRESS,2026-08-12 13:43:42,2026-08-15 01:30:42
4669,994,3,日用百货商品_4669,这是一个测试商品，编号4669，属于日用百货分类。,150.0,3,/uploads/product/cover_1.jpg,ON_SALE,MEETUP,2026-08-03 10:26:42,2026-08-15 20:02:42
4670,756,5,服装鞋帽商品_4670,这是一个测试商品，编号4670，属于服装鞋帽分类。,25.0,2,/uploads/product/cover_13.jpg,ON_SALE,MEETUP,2026-07-30 00:58:42,2026-08-14 17:29:42
4671,446,15,手工艺品商品_4671,这是一个测试商品，编号4671，属于手工艺品分类。,15.0,2,/uploads/product/cover_9.jpg,ON_SALE,MEETUP,2026-08-16 16:51:42,2026-08-12 21:53:42
4672,830,3,日用百货商品_4672,这是一个测试商品，编号4672，属于日用百货分类。,20.0,3,/uploads/product/cover_4.jpg,ON_SALE,EXPRESS,2026-08-13 15:11:42,2026-08-13 17:26:42
4673,407,12,乐器音响商品_4673,这是一个测试商品，编号4673，属于乐器音响分类。,50.0,1,/uploads/product/cover_1.jpg,ON_SALE,EXPRESS,2026-08-03 23:14:42,2026-08-15 05:09:42
4674,186,7,文具办公商品_4674,这是一个测试商品，编号4674，属于文具办公分类。,15.0,5,/uploads/product/cover_9.jpg,ON_SALE,MEETUP,2026-08-10 19:54:42,2026-08-15 17:31:42
4675,200,13,交通工具商品_4675,这是一个测试商品，编号4675，属于交通工具分类。,15.0,3,/uploads/product/cover_3.jpg,ON_SALE,"MEETUP,EXPRESS",2026-07-29 14:38:42,2026-08-14 12:44:42
4676,600,12,乐器音响商品_4676,这是一个测试商品，编号4676，属于乐器音响分类。,2.0,3,/uploads/product/cover_1.jpg,ON_SALE,EXPRESS,2026-08-05 05:01:42,2026-08-11 20:31:42
4677,293,10,家居家电商品_4677,这是一个测试商品，编号4677，属于家居家电分类。,30.0,4,/uploads/product/cover_4.jpg,ON_SALE,EXPRESS,2026-08-01 13:06:42,2026-08-14 03:57:42
4678,801,13,交通工具商品_4678,这是一个测试商品，编号4678，属于交通工具分类。,30.0,4,/uploads/product/cover_7.jpg,ON_SALE,"MEETUP,EXPRESS",2026-07-31 01:19:42,2026-08-13 17:28:42
4679,937,5,服装鞋帽商品_4679,这是一个测试商品，编号4679，属于服装鞋帽分类。,10.0,3,/uploads/product/cover_13.jpg,ON_SALE,"MEETUP,EXPRESS",2026-08-16 12:27:42,2026-08-14 09:09:42
4680,363,2,电子数码商品_4680,这是一个测试商品，编号4680，属于电子数码分类。,25.0,5,/uploads/product/cover_20.jpg,ON_SALE,"MEETUP,EXPRESS",2026-08-02 21:25:42,2026-08-15 09:11:42
4681,152,5,服装鞋帽商品_4681,这是一个测试商品，编号4681，属于服装鞋帽分类。,15.0,2,/uploads/product/cover_3.jpg,ON_SALE,"MEETUP,EXPRESS",2026-08-08 18:26:42,2026-08-12 16:00:42
4682,237,11,图书小说商品_4682,这是一个测试商品，编号4682，属于图书小说分类。,8.0,4,/uploads/product/cover_10.jpg,ON_SALE,EXPRESS,2026-08-12 00:55:42,2026-08-13 17:43:42
4683,531,14,宠物用品商品_4683,这是一个测试商品，编号4683，属于宠物用品分类。,100.0,5,/uploads/product/cover_10.jpg,ON_SALE,"MEETUP,EXPRESS",2026-08-02 15:01:42,2026-08-14 19:39:42
4684,147,8,美妆护肤商品_4684,这是一个测试商品，编号4684，属于美妆护肤分类。,200.0,1,/uploads/product/cover_14.jpg,ON_SALE,EXPRESS,2026-08-06 21:13:42,2026-08-12 14:47:42
4685,851,6,零食饮料商品_4685,这是一个测试商品，编号4685，属于零食饮料分类。,30.0,4,/uploads/product/cover_4.jpg,ON_SALE,MEETUP,2026-08-07 17:05:42,2026-08-16 10:01:42
4686,514,14,宠物用品商品_4686,这是一个测试商品，编号4686，属于宠物用品分类。,2.0,2,/uploads/product/cover_9.jpg,ON_SALE,"MEETUP,EXPRESS",2026-08-08 11:15:42,2026-08-13 20:10:42
4687,711,7,文具办公商品_4687,这是一个测试商品，编号4687，属于文具办公分类。,2.0,3,/uploads/product/cover_14.jpg,ON_SALE,MEETUP,2026-08-09 23:25:42,2026-08-16 02:53:42
4688,861,3,日用百货商品_4688,这是一个测试商品，编号4688，属于日用百货分类。,15.0,1,/uploads/product/cover_13.jpg,ON_SALE,"MEETUP,EXPRESS",2026-08-09 06:56:42,2026-08-13 07:15:42
4689,593,10,家居家电商品_4689,这是一个测试商品，编号4689，属于家居家电分类。,25.0,3,/uploads/product/cover_20.jpg,ON_SALE,MEETUP,2026-08-06 06:26:42,2026-08-14 05:38:42
4690,388,8,美妆护肤商品_4690,这是一个测试商品，编号4690，属于美妆护肤分类。,8.0,4,/uploads/product/cover_13.jpg,ON_SALE,MEETUP,2026-08-08 00:10:42,2026-08-16 11:36:42
4691,720,2,电子数码商品_4691,这是一个测试商品，编号4691，属于电子数码分类。,60.0,4,/uploads/product/cover_19.jpg,ON_SALE,EXPRESS,2026-08-08 18:42:42,2026-08-15 09:06:42
4692,146,2,电子数码商品_4692,这是一个测试商品，编号4692，属于电子数码分类。,50.0,4,/uploads/product/cover_9.jpg,ON_SALE,EXPRESS,2026-08-05 12:11:42,2026-08-14 21:37:42
4693,739,12,乐器音响商品_4693,这是一个测试商品，编号4693，属于乐器音响分类。,200.0,2,/uploads/product/cover_4.jpg,ON_SALE,MEETUP,2026-08-04 15:55:42,2026-08-16 09:19:42
4694,527,6,零食饮料商品_4694,这是一个测试商品，编号4694，属于零食饮料分类。,80.0,5,/uploads/product/cover_2.jpg,ON_SALE,"MEETUP,EXPRESS",2026-08-06 02:49:42,2026-08-12 01:43:42
4695,433,2,电子数码商品_4695,这是一个测试商品，编号4695，属于电子数码分类。,2.0,3,/uploads/product/cover_13.jpg,ON_SALE,EXPRESS,2026-08-15 08:17:42,2026-08-16 00:57:42
4696,233,7,文具办公商品_4696,这是一个测试商品，编号4696，属于文具办公分类。,25.0,3,/uploads/product/cover_7.jpg,ON_SALE,EXPRESS,2026-08-02 00:07:42,2026-08-16 17:35:42
4697,470,4,运动户外商品_4697,这是一个测试商品，编号4697，属于运动户外分类。,120.0,3,/uploads/product/cover_3.jpg,ON_SALE,"MEETUP,EXPRESS",2026-07-30 17:24:42,2026-08-14 16:58:42
4698,605,1,教材教辅商品_4698,这是一个测试商品，编号4698，属于教材教辅分类。,1.0,2,/uploads/product/cover_11.jpg,ON_SALE,MEETUP,2026-08-05 15:42:42,2026-08-13 10:53:42
4699,129,3,日用百货商品_4699,这是一个测试商品，编号4699，属于日用百货分类。,200.0,2,/uploads/product/cover_2.jpg,ON_SALE,EXPRESS,2026-07-30 08:18:42,2026-08-14 18:43:42
4700,811,3,日用百货商品_4700,这是一个测试商品，编号4700，属于日用百货分类。,20.0,1,/uploads/product/cover_12.jpg,ON_SALE,MEETUP,2026-07-29 07:19:42,2026-08-11 19:32:42
4701,585,15,手工艺品商品_4701,这是一个测试商品，编号4701，属于手工艺品分类。,50.0,3,/uploads/product/cover_3.jpg,ON_SALE,EXPRESS,2026-08-02 15:28:42,2026-08-13 08:35:42
4702,932,7,文具办公商品_4702,这是一个测试商品，编号4702，属于文具办公分类。,80.0,1,/uploads/product/cover_4.jpg,ON_SALE,EXPRESS,2026-08-14 15:14:42,2026-08-13 18:42:42
4703,133,1,教材教辅商品_4703,这是一个测试商品，编号4703，属于教材教辅分类。,120.0,2,/uploads/product/cover_5.jpg,ON_SALE,EXPRESS,2026-08-05 12:21:42,2026-08-15 06:51:42
4704,898,5,服装鞋帽商品_4704,这是一个测试商品，编号4704，属于服装鞋帽分类。,200.0,5,/uploads/product/cover_4.jpg,ON_SALE,MEETUP,2026-07-29 14:03:42,2026-08-15 22:29:42
4705,347,5,服装鞋帽商品_4705,这是一个测试商品，编号4705，属于服装鞋帽分类。,15.0,5,/uploads/product/cover_4.jpg,ON_SALE,"MEETUP,EXPRESS",2026-08-13 08:58:42,2026-08-13 01:24:42
4706,974,7,文具办公商品_4706,这是一个测试商品，编号4706，属于文具办公分类。,50.0,1,/uploads/product/cover_4.jpg,ON_SALE,MEETUP,2026-08-09 03:55:42,2026-08-15 15:32:42
4707,214,14,宠物用品商品_4707,这是一个测试商品，编号4707，属于宠物用品分类。,120.0,3,/uploads/product/cover_12.jpg,ON_SALE,"MEETUP,EXPRESS",2026-08-10 07:35:42,2026-08-11 23:30:42
4708,950,4,运动户外商品_4708,这是一个测试商品，编号4708，属于运动户外分类。,12.0,1,/uploads/product/cover_7.jpg,ON_SALE,EXPRESS,2026-08-13 14:48:42,2026-08-15 16:09:42
4709,920,5,服装鞋帽商品_4709,这是一个测试商品，编号4709，属于服装鞋帽分类。,50.0,2,/uploads/product/cover_9.jpg,ON_SALE,EXPRESS,2026-08-04 06:11:42,2026-08-13 14:02:42
4710,620,4,运动户外商品_4710,这是一个测试商品，编号4710，属于运动户外分类。,20.0,4,/uploads/product/cover_6.jpg,ON_SALE,"MEETUP,EXPRESS",2026-08-06 11:18:42,2026-08-14 10:55:42
4711,782,1,教材教辅商品_4711,这是一个测试商品，编号4711，属于教材教辅分类。,3.0,1,/uploads/product/cover_10.jpg,ON_SALE,MEETUP,2026-08-12 20:47:42,2026-08-16 08:10:42
4712,567,10,家居家电商品_4712,这是一个测试商品，编号4712，属于家居家电分类。,150.0,5,/uploads/product/cover_10.jpg,ON_SALE,MEETUP,2026-08-02 07:41:42,2026-08-12 12:28:42
4713,930,1,教材教辅商品_4713,这是一个测试商品，编号4713，属于教材教辅分类。,10.0,4,/uploads/product/cover_10.jpg,ON_SALE,EXPRESS,2026-08-13 12:01:42,2026-08-15 07:40:42
4714,217,7,文具办公商品_4714,这是一个测试商品，编号4714，属于文具办公分类。,100.0,5,/uploads/product/cover_9.jpg,ON_SALE,"MEETUP,EXPRESS",2026-08-02 07:48:42,2026-08-12 18:12:42
4715,4,11,图书小说商品_4715,这是一个测试商品，编号4715，属于图书小说分类。,12.0,3,/uploads/product/cover_13.jpg,ON_SALE,MEETUP,2026-07-30 14:34:42,2026-08-14 10:23:42
4716,756,9,游戏动漫商品_4716,这是一个测试商品，编号4716，属于游戏动漫分类。,100.0,4,/uploads/product/cover_18.jpg,ON_SALE,EXPRESS,2026-08-04 16:46:42,2026-08-14 21:34:42
4717,786,8,美妆护肤商品_4717,这是一个测试商品，编号4717，属于美妆护肤分类。,60.0,5,/uploads/product/cover_1.jpg,ON_SALE,MEETUP,2026-08-16 03:04:42,2026-08-15 17:11:42
4718,756,8,美妆护肤商品_4718,这是一个测试商品，编号4718，属于美妆护肤分类。,10.0,2,/uploads/product/cover_19.jpg,ON_SALE,MEETUP,2026-07-31 08:31:42,2026-08-15 06:28:42
4719,414,4,运动户外商品_4719,这是一个测试商品，编号4719，属于运动户外分类。,12.0,1,/uploads/product/cover_7.jpg,ON_SALE,EXPRESS,2026-08-03 19:44:42,2026-08-12 06:40:42
4720,210,10,家居家电商品_4720,这是一个测试商品，编号4720，属于家居家电分类。,120.0,4,/uploads/product/cover_11.jpg,ON_SALE,MEETUP,2026-08-01 18:48:42,2026-08-16 13:50:42
4721,295,14,宠物用品商品_4721,这是一个测试商品，编号4721，属于宠物用品分类。,80.0,3,/uploads/product/cover_20.jpg,ON_SALE,EXPRESS,2026-08-09 23:41:42,2026-08-12 10:45:42
4722,921,3,日用百货商品_4722,这是一个测试商品，编号4722，属于日用百货分类。,12.0,5,/uploads/product/cover_5.jpg,ON_SALE,EXPRESS,2026-07-31 15:06:42,2026-08-14 05:32:42
4723,761,1,教材教辅商品_4723,这是一个测试商品，编号4723，属于教材教辅分类。,3.0,3,/uploads/product/cover_2.jpg,ON_SALE,"MEETUP,EXPRESS",2026-07-29 21:26:42,2026-08-14 09:26:42
4724,476,7,文具办公商品_4724,这是一个测试商品，编号4724，属于文具办公分类。,5.0,3,/uploads/product/cover_18.jpg,ON_SALE,"MEETUP,EXPRESS",2026-08-10 11:34:42,2026-08-13 01:56:42
4725,163,5,服装鞋帽商品_4725,这是一个测试商品，编号4725，属于服装鞋帽分类。,30.0,3,/uploads/product/cover_5.jpg,ON_SALE,"MEETUP,EXPRESS",2026-08-06 17:30:42,2026-08-12 02:36:42
4726,221,10,家居家电商品_4726,这是一个测试商品，编号4726，属于家居家电分类。,100.0,2,/uploads/product/cover_20.jpg,ON_SALE,MEETUP,2026-08-16 06:11:42,2026-08-15 05:43:42
4727,556,4,运动户外商品_4727,这是一个测试商品，编号4727，属于运动户外分类。,30.0,5,/uploads/product/cover_4.jpg,ON_SALE,EXPRESS,2026-08-12 00:37:42,2026-08-12 20:08:42
4728,515,5,服装鞋帽商品_4728,这是一个测试商品，编号4728，属于服装鞋帽分类。,25.0,3,/uploads/product/cover_9.jpg,ON_SALE,MEETUP,2026-08-02 20:12:42,2026-08-16 12:13:42
4729,125,7,文具办公商品_4729,这是一个测试商品，编号4729，属于文具办公分类。,120.0,5,/uploads/product/cover_13.jpg,ON_SALE,MEETUP,2026-07-29 13:25:42,2026-08-11 22:59:42
4730,319,2,电子数码商品_4730,这是一个测试商品，编号4730，属于电子数码分类。,60.0,2,/uploads/product/cover_20.jpg,ON_SALE,EXPRESS,2026-08-03 09:35:42,2026-08-14 02:02:42
4731,915,8,美妆护肤商品_4731,这是一个测试商品，编号4731，属于美妆护肤分类。,30.0,4,/uploads/product/cover_4.jpg,ON_SALE,EXPRESS,2026-08-04 23:50:42,2026-08-15 23:08:42
4732,602,2,电子数码商品_4732,这是一个测试商品，编号4732，属于电子数码分类。,150.0,2,/uploads/product/cover_13.jpg,ON_SALE,MEETUP,2026-08-06 21:27:42,2026-08-13 13:18:42
4733,99,9,游戏动漫商品_4733,这是一个测试商品，编号4733，属于游戏动漫分类。,20.0,5,/uploads/product/cover_10.jpg,ON_SALE,MEETUP,2026-08-14 19:06:42,2026-08-16 10:27:42
4734,799,9,游戏动漫商品_4734,这是一个测试商品，编号4734，属于游戏动漫分类。,5.0,2,/uploads/product/cover_7.jpg,ON_SALE,"MEETUP,EXPRESS",2026-07-29 06:48:42,2026-08-12 22:46:42
4735,362,14,宠物用品商品_4735,这是一个测试商品，编号4735，属于宠物用品分类。,60.0,5,/uploads/product/cover_5.jpg,ON_SALE,EXPRESS,2026-07-31 10:11:42,2026-08-13 19:45:42
4736,976,2,电子数码商品_4736,这是一个测试商品，编号4736，属于电子数码分类。,12.0,5,/uploads/product/cover_1.jpg,ON_SALE,MEETUP,2026-08-05 08:16:42,2026-08-16 12:56:42
4737,556,2,电子数码商品_4737,这是一个测试商品，编号4737，属于电子数码分类。,2.0,2,/uploads/product/cover_4.jpg,ON_SALE,EXPRESS,2026-08-01 09:07:42,2026-08-14 03:56:42
4738,384,13,交通工具商品_4738,这是一个测试商品，编号4738，属于交通工具分类。,8.0,2,/uploads/product/cover_13.jpg,ON_SALE,MEETUP,2026-08-13 02:42:42,2026-08-13 18:36:42
4739,470,12,乐器音响商品_4739,这是一个测试商品，编号4739，属于乐器音响分类。,10.0,2,/uploads/product/cover_7.jpg,ON_SALE,MEETUP,2026-08-12 22:11:42,2026-08-15 07:54:42
4740,386,3,日用百货商品_4740,这是一个测试商品，编号4740，属于日用百货分类。,60.0,1,/uploads/product/cover_5.jpg,ON_SALE,"MEETUP,EXPRESS",2026-08-09 07:23:42,2026-08-16 11:06:42
4741,950,10,家居家电商品_4741,这是一个测试商品，编号4741，属于家居家电分类。,12.0,3,/uploads/product/cover_3.jpg,ON_SALE,EXPRESS,2026-08-02 22:44:42,2026-08-14 07:46:42
4742,271,6,零食饮料商品_4742,这是一个测试商品，编号4742，属于零食饮料分类。,10.0,3,/uploads/product/cover_17.jpg,ON_SALE,EXPRESS,2026-08-02 13:41:42,2026-08-13 23:51:42
4743,810,13,交通工具商品_4743,这是一个测试商品，编号4743，属于交通工具分类。,60.0,5,/uploads/product/cover_11.jpg,ON_SALE,MEETUP,2026-08-11 13:17:42,2026-08-14 23:27:42
4744,495,3,日用百货商品_4744,这是一个测试商品，编号4744，属于日用百货分类。,10.0,3,/uploads/product/cover_19.jpg,ON_SALE,EXPRESS,2026-08-07 07:20:42,2026-08-14 08:02:42
4745,292,3,日用百货商品_4745,这是一个测试商品，编号4745，属于日用百货分类。,30.0,1,/uploads/product/cover_11.jpg,ON_SALE,MEETUP,2026-07-30 18:58:42,2026-08-13 13:02:42
4746,804,3,日用百货商品_4746,这是一个测试商品，编号4746，属于日用百货分类。,20.0,5,/uploads/product/cover_17.jpg,ON_SALE,EXPRESS,2026-07-29 06:27:42,2026-08-15 11:14:42
4747,375,8,美妆护肤商品_4747,这是一个测试商品，编号4747，属于美妆护肤分类。,100.0,1,/uploads/product/cover_14.jpg,ON_SALE,EXPRESS,2026-08-10 14:42:42,2026-08-16 18:15:42
4748,77,2,电子数码商品_4748,这是一个测试商品，编号4748，属于电子数码分类。,12.0,5,/uploads/product/cover_12.jpg,ON_SALE,MEETUP,2026-08-01 05:43:42,2026-08-14 22:59:42
4749,384,7,文具办公商品_4749,这是一个测试商品，编号4749，属于文具办公分类。,20.0,4,/uploads/product/cover_5.jpg,ON_SALE,"MEETUP,EXPRESS",2026-08-04 20:28:42,2026-08-13 10:05:42
4750,571,4,运动户外商品_4750,这是一个测试商品，编号4750，属于运动户外分类。,3.0,4,/uploads/product/cover_10.jpg,ON_SALE,MEETUP,2026-08-15 11:14:42,2026-08-16 12:29:42
4751,403,14,宠物用品商品_4751,这是一个测试商品，编号4751，属于宠物用品分类。,100.0,5,/uploads/product/cover_14.jpg,ON_SALE,EXPRESS,2026-08-15 14:31:42,2026-08-12 04:03:42
4752,120,6,零食饮料商品_4752,这是一个测试商品，编号4752，属于零食饮料分类。,12.0,5,/uploads/product/cover_9.jpg,ON_SALE,"MEETUP,EXPRESS",2026-08-06 11:07:42,2026-08-16 01:15:42
4753,565,6,零食饮料商品_4753,这是一个测试商品，编号4753，属于零食饮料分类。,8.0,5,/uploads/product/cover_11.jpg,ON_SALE,"MEETUP,EXPRESS",2026-08-11 02:23:42,2026-08-13 06:09:42
4754,127,3,日用百货商品_4754,这是一个测试商品，编号4754，属于日用百货分类。,12.0,4,/uploads/product/cover_9.jpg,ON_SALE,MEETUP,2026-08-15 18:40:42,2026-08-14 16:55:42
4755,781,14,宠物用品商品_4755,这是一个测试商品，编号4755，属于宠物用品分类。,2.0,5,/uploads/product/cover_18.jpg,ON_SALE,"MEETUP,EXPRESS",2026-07-31 04:54:42,2026-08-15 07:50:42
4756,489,10,家居家电商品_4756,这是一个测试商品，编号4756，属于家居家电分类。,15.0,5,/uploads/product/cover_9.jpg,ON_SALE,EXPRESS,2026-07-29 04:39:42,2026-08-14 18:01:42
4757,988,10,家居家电商品_4757,这是一个测试商品，编号4757，属于家居家电分类。,5.0,4,/uploads/product/cover_2.jpg,ON_SALE,MEETUP,2026-08-07 21:39:42,2026-08-15 20:25:42
4758,676,11,图书小说商品_4758,这是一个测试商品，编号4758，属于图书小说分类。,15.0,2,/uploads/product/cover_11.jpg,ON_SALE,"MEETUP,EXPRESS",2026-08-07 05:49:42,2026-08-16 08:01:42
4759,867,11,图书小说商品_4759,这是一个测试商品，编号4759，属于图书小说分类。,1.0,3,/uploads/product/cover_6.jpg,ON_SALE,MEETUP,2026-08-16 14:27:42,2026-08-11 21:09:42
4760,189,2,电子数码商品_4760,这是一个测试商品，编号4760，属于电子数码分类。,10.0,3,/uploads/product/cover_18.jpg,ON_SALE,"MEETUP,EXPRESS",2026-08-13 10:56:42,2026-08-16 02:14:42
4761,916,10,家居家电商品_4761,这是一个测试商品，编号4761，属于家居家电分类。,100.0,3,/uploads/product/cover_7.jpg,ON_SALE,"MEETUP,EXPRESS",2026-08-14 05:15:42,2026-08-12 08:15:42
4762,704,6,零食饮料商品_4762,这是一个测试商品，编号4762，属于零食饮料分类。,20.0,2,/uploads/product/cover_5.jpg,ON_SALE,"MEETUP,EXPRESS",2026-08-08 08:05:42,2026-08-16 01:19:42
4763,433,11,图书小说商品_4763,这是一个测试商品，编号4763，属于图书小说分类。,5.0,4,/uploads/product/cover_3.jpg,ON_SALE,EXPRESS,2026-08-10 03:01:42,2026-08-13 06:04:42
4764,479,11,图书小说商品_4764,这是一个测试商品，编号4764，属于图书小说分类。,5.0,5,/uploads/product/cover_2.jpg,ON_SALE,MEETUP,2026-08-16 05:52:42,2026-08-13 19:59:42
4765,62,5,服装鞋帽商品_4765,这是一个测试商品，编号4765，属于服装鞋帽分类。,8.0,1,/uploads/product/cover_12.jpg,ON_SALE,"MEETUP,EXPRESS",2026-08-14 01:41:42,2026-08-15 01:09:42
4766,283,14,宠物用品商品_4766,这是一个测试商品，编号4766，属于宠物用品分类。,5.0,1,/uploads/product/cover_10.jpg,ON_SALE,EXPRESS,2026-08-08 17:26:42,2026-08-12 18:38:42
4767,207,10,家居家电商品_4767,这是一个测试商品，编号4767，属于家居家电分类。,60.0,2,/uploads/product/cover_11.jpg,ON_SALE,"MEETUP,EXPRESS",2026-08-13 04:43:42,2026-08-15 09:28:42
4768,112,15,手工艺品商品_4768,这是一个测试商品，编号4768，属于手工艺品分类。,2.0,3,/uploads/product/cover_6.jpg,ON_SALE,"MEETUP,EXPRESS",2026-08-06 22:10:42,2026-08-16 16:40:42
4769,954,2,电子数码商品_4769,这是一个测试商品，编号4769，属于电子数码分类。,150.0,3,/uploads/product/cover_18.jpg,ON_SALE,"MEETUP,EXPRESS",2026-08-12 05:09:42,2026-08-12 00:47:42
4770,895,6,零食饮料商品_4770,这是一个测试商品，编号4770，属于零食饮料分类。,3.0,5,/uploads/product/cover_8.jpg,ON_SALE,MEETUP,2026-08-11 03:40:42,2026-08-12 12:01:42
4771,987,13,交通工具商品_4771,这是一个测试商品，编号4771，属于交通工具分类。,8.0,5,/uploads/product/cover_18.jpg,ON_SALE,MEETUP,2026-08-03 18:10:42,2026-08-12 23:38:42
4772,333,9,游戏动漫商品_4772,这是一个测试商品，编号4772，属于游戏动漫分类。,3.0,3,/uploads/product/cover_15.jpg,ON_SALE,"MEETUP,EXPRESS",2026-07-28 11:59:42,2026-08-15 23:32:42
4773,504,6,零食饮料商品_4773,这是一个测试商品，编号4773，属于零食饮料分类。,8.0,5,/uploads/product/cover_4.jpg,ON_SALE,"MEETUP,EXPRESS",2026-08-08 23:08:42,2026-08-14 10:03:42
4774,824,10,家居家电商品_4774,这是一个测试商品，编号4774，属于家居家电分类。,150.0,2,/uploads/product/cover_1.jpg,ON_SALE,MEETUP,2026-07-30 09:34:42,2026-08-13 02:39:42
4775,257,12,乐器音响商品_4775,这是一个测试商品，编号4775，属于乐器音响分类。,10.0,2,/uploads/product/cover_8.jpg,ON_SALE,"MEETUP,EXPRESS",2026-08-01 03:48:42,2026-08-13 22:31:42
4776,844,15,手工艺品商品_4776,这是一个测试商品，编号4776，属于手工艺品分类。,1.0,1,/uploads/product/cover_5.jpg,ON_SALE,EXPRESS,2026-08-03 18:02:42,2026-08-16 16:23:42
4777,256,7,文具办公商品_4777,这是一个测试商品，编号4777，属于文具办公分类。,12.0,5,/uploads/product/cover_3.jpg,ON_SALE,"MEETUP,EXPRESS",2026-07-31 16:05:42,2026-08-11 20:17:42
4778,553,12,乐器音响商品_4778,这是一个测试商品，编号4778，属于乐器音响分类。,20.0,2,/uploads/product/cover_16.jpg,ON_SALE,EXPRESS,2026-08-15 15:48:42,2026-08-16 09:26:42
4779,4,11,图书小说商品_4779,这是一个测试商品，编号4779，属于图书小说分类。,60.0,3,/uploads/product/cover_9.jpg,ON_SALE,EXPRESS,2026-08-08 10:35:42,2026-08-14 21:47:42
4780,358,8,美妆护肤商品_4780,这是一个测试商品，编号4780，属于美妆护肤分类。,3.0,2,/uploads/product/cover_3.jpg,ON_SALE,EXPRESS,2026-08-14 00:12:42,2026-08-14 15:59:42
4781,89,10,家居家电商品_4781,这是一个测试商品，编号4781，属于家居家电分类。,5.0,3,/uploads/product/cover_12.jpg,ON_SALE,EXPRESS,2026-08-12 06:33:42,2026-08-11 21:56:42
4782,136,7,文具办公商品_4782,这是一个测试商品，编号4782，属于文具办公分类。,15.0,3,/uploads/product/cover_12.jpg,ON_SALE,"MEETUP,EXPRESS",2026-08-07 05:44:42,2026-08-16 18:55:42
4783,546,9,游戏动漫商品_4783,这是一个测试商品，编号4783，属于游戏动漫分类。,60.0,5,/uploads/product/cover_16.jpg,ON_SALE,EXPRESS,2026-08-03 09:08:42,2026-08-16 09:40:42
4784,469,3,日用百货商品_4784,这是一个测试商品，编号4784，属于日用百货分类。,12.0,2,/uploads/product/cover_6.jpg,ON_SALE,EXPRESS,2026-08-05 08:28:42,2026-08-11 19:12:42
4785,195,14,宠物用品商品_4785,这是一个测试商品，编号4785，属于宠物用品分类。,15.0,3,/uploads/product/cover_19.jpg,ON_SALE,"MEETUP,EXPRESS",2026-08-05 09:21:42,2026-08-12 16:09:42
4786,46,4,运动户外商品_4786,这是一个测试商品，编号4786，属于运动户外分类。,25.0,2,/uploads/product/cover_15.jpg,ON_SALE,MEETUP,2026-08-14 00:12:42,2026-08-11 19:53:42
4787,243,8,美妆护肤商品_4787,这是一个测试商品，编号4787，属于美妆护肤分类。,12.0,4,/uploads/product/cover_8.jpg,ON_SALE,"MEETUP,EXPRESS",2026-08-13 18:05:42,2026-08-15 08:11:42
4788,831,13,交通工具商品_4788,这是一个测试商品，编号4788，属于交通工具分类。,80.0,4,/uploads/product/cover_11.jpg,ON_SALE,EXPRESS,2026-08-09 12:34:42,2026-08-12 08:48:42
4789,712,11,图书小说商品_4789,这是一个测试商品，编号4789，属于图书小说分类。,2.0,1,/uploads/product/cover_10.jpg,ON_SALE,EXPRESS,2026-08-08 17:13:42,2026-08-16 03:39:42
4790,945,14,宠物用品商品_4790,这是一个测试商品，编号4790，属于宠物用品分类。,8.0,4,/uploads/product/cover_5.jpg,ON_SALE,"MEETUP,EXPRESS",2026-07-29 04:06:42,2026-08-12 02:21:42
4791,997,2,电子数码商品_4791,这是一个测试商品，编号4791，属于电子数码分类。,15.0,5,/uploads/product/cover_17.jpg,ON_SALE,"MEETUP,EXPRESS",2026-08-12 19:07:42,2026-08-16 04:31:42
4792,876,6,零食饮料商品_4792,这是一个测试商品，编号4792，属于零食饮料分类。,10.0,5,/uploads/product/cover_12.jpg,ON_SALE,MEETUP,2026-07-29 21:15:42,2026-08-13 17:39:42
4793,148,4,运动户外商品_4793,这是一个测试商品，编号4793，属于运动户外分类。,2.0,4,/uploads/product/cover_15.jpg,ON_SALE,MEETUP,2026-07-28 20:29:42,2026-08-12 20:40:42
4794,135,15,手工艺品商品_4794,这是一个测试商品，编号4794，属于手工艺品分类。,2.0,3,/uploads/product/cover_19.jpg,ON_SALE,MEETUP,2026-08-04 17:58:42,2026-08-13 18:44:42
4795,561,4,运动户外商品_4795,这是一个测试商品，编号4795，属于运动户外分类。,25.0,4,/uploads/product/cover_5.jpg,ON_SALE,"MEETUP,EXPRESS",2026-07-30 18:32:42,2026-08-13 15:46:42
4796,119,14,宠物用品商品_4796,这是一个测试商品，编号4796，属于宠物用品分类。,3.0,4,/uploads/product/cover_6.jpg,ON_SALE,EXPRESS,2026-08-03 20:58:42,2026-08-13 02:15:42
4797,787,8,美妆护肤商品_4797,这是一个测试商品，编号4797，属于美妆护肤分类。,50.0,2,/uploads/product/cover_9.jpg,ON_SALE,"MEETUP,EXPRESS",2026-07-31 00:00:42,2026-08-15 22:04:42
4798,272,7,文具办公商品_4798,这是一个测试商品，编号4798，属于文具办公分类。,50.0,5,/uploads/product/cover_11.jpg,ON_SALE,EXPRESS,2026-08-07 09:30:42,2026-08-15 22:14:42
4799,646,9,游戏动漫商品_4799,这是一个测试商品，编号4799，属于游戏动漫分类。,3.0,5,/uploads/product/cover_19.jpg,ON_SALE,MEETUP,2026-07-30 23:17:42,2026-08-15 14:51:42
4800,639,11,图书小说商品_4800,这是一个测试商品，编号4800，属于图书小说分类。,15.0,2,/uploads/product/cover_7.jpg,ON_SALE,EXPRESS,2026-08-15 10:36:42,2026-08-15 15:25:42
4801,620,4,运动户外商品_4801,这是一个测试商品，编号4801，属于运动户外分类。,1.0,3,/uploads/product/cover_18.jpg,ON_SALE,MEETUP,2026-08-03 10:00:42,2026-08-13 19:55:42
4802,291,7,文具办公商品_4802,这是一个测试商品，编号4802，属于文具办公分类。,200.0,2,/uploads/product/cover_9.jpg,ON_SALE,"MEETUP,EXPRESS",2026-08-06 21:06:42,2026-08-14 15:30:42
4803,955,2,电子数码商品_4803,这是一个测试商品，编号4803，属于电子数码分类。,80.0,4,/uploads/product/cover_13.jpg,ON_SALE,MEETUP,2026-08-13 03:52:42,2026-08-16 17:41:42
4804,225,10,家居家电商品_4804,这是一个测试商品，编号4804，属于家居家电分类。,12.0,1,/uploads/product/cover_9.jpg,ON_SALE,MEETUP,2026-08-08 14:48:42,2026-08-14 18:57:42
4805,41,13,交通工具商品_4805,这是一个测试商品，编号4805，属于交通工具分类。,8.0,4,/uploads/product/cover_1.jpg,ON_SALE,MEETUP,2026-07-31 18:11:42,2026-08-12 08:29:42
4806,608,13,交通工具商品_4806,这是一个测试商品，编号4806，属于交通工具分类。,5.0,2,/uploads/product/cover_18.jpg,ON_SALE,EXPRESS,2026-07-29 15:15:42,2026-08-13 17:23:42
4807,902,9,游戏动漫商品_4807,这是一个测试商品，编号4807，属于游戏动漫分类。,60.0,1,/uploads/product/cover_15.jpg,ON_SALE,"MEETUP,EXPRESS",2026-08-08 14:52:42,2026-08-13 08:40:42
4808,19,12,乐器音响商品_4808,这是一个测试商品，编号4808，属于乐器音响分类。,120.0,4,/uploads/product/cover_15.jpg,ON_SALE,"MEETUP,EXPRESS",2026-08-12 06:02:42,2026-08-12 05:06:42
4809,940,15,手工艺品商品_4809,这是一个测试商品，编号4809，属于手工艺品分类。,3.0,4,/uploads/product/cover_8.jpg,ON_SALE,MEETUP,2026-07-28 07:59:42,2026-08-11 20:05:42
4810,447,2,电子数码商品_4810,这是一个测试商品，编号4810，属于电子数码分类。,10.0,3,/uploads/product/cover_2.jpg,ON_SALE,"MEETUP,EXPRESS",2026-07-31 07:05:42,2026-08-12 08:07:42
4811,278,12,乐器音响商品_4811,这是一个测试商品，编号4811，属于乐器音响分类。,15.0,3,/uploads/product/cover_13.jpg,ON_SALE,MEETUP,2026-08-14 04:58:42,2026-08-13 00:45:42
4812,983,3,日用百货商品_4812,这是一个测试商品，编号4812，属于日用百货分类。,20.0,4,/uploads/product/cover_3.jpg,ON_SALE,EXPRESS,2026-07-28 08:46:42,2026-08-13 16:25:42
4813,126,7,文具办公商品_4813,这是一个测试商品，编号4813，属于文具办公分类。,60.0,4,/uploads/product/cover_2.jpg,ON_SALE,EXPRESS,2026-07-29 05:23:42,2026-08-14 20:10:42
4814,765,3,日用百货商品_4814,这是一个测试商品，编号4814，属于日用百货分类。,25.0,1,/uploads/product/cover_3.jpg,ON_SALE,MEETUP,2026-08-08 01:14:42,2026-08-14 10:26:42
4815,81,4,运动户外商品_4815,这是一个测试商品，编号4815，属于运动户外分类。,100.0,2,/uploads/product/cover_11.jpg,ON_SALE,EXPRESS,2026-08-13 20:18:42,2026-08-13 12:39:42
4816,568,4,运动户外商品_4816,这是一个测试商品，编号4816，属于运动户外分类。,15.0,1,/uploads/product/cover_2.jpg,ON_SALE,MEETUP,2026-08-09 05:59:42,2026-08-15 07:14:42
4817,943,10,家居家电商品_4817,这是一个测试商品，编号4817，属于家居家电分类。,3.0,1,/uploads/product/cover_11.jpg,ON_SALE,"MEETUP,EXPRESS",2026-07-27 21:40:42,2026-08-16 08:20:42
4818,807,15,手工艺品商品_4818,这是一个测试商品，编号4818，属于手工艺品分类。,15.0,5,/uploads/product/cover_16.jpg,ON_SALE,EXPRESS,2026-08-04 12:57:42,2026-08-14 18:38:42
4819,945,7,文具办公商品_4819,这是一个测试商品，编号4819，属于文具办公分类。,8.0,1,/uploads/product/cover_1.jpg,ON_SALE,"MEETUP,EXPRESS",2026-08-15 05:12:42,2026-08-16 00:33:42
4820,762,14,宠物用品商品_4820,这是一个测试商品，编号4820，属于宠物用品分类。,60.0,1,/uploads/product/cover_13.jpg,ON_SALE,"MEETUP,EXPRESS",2026-07-30 23:43:42,2026-08-15 00:11:42
4821,555,6,零食饮料商品_4821,这是一个测试商品，编号4821，属于零食饮料分类。,8.0,2,/uploads/product/cover_14.jpg,ON_SALE,MEETUP,2026-08-13 09:33:42,2026-08-15 21:51:42
4822,567,9,游戏动漫商品_4822,这是一个测试商品，编号4822，属于游戏动漫分类。,15.0,4,/uploads/product/cover_18.jpg,ON_SALE,MEETUP,2026-08-15 11:03:42,2026-08-13 09:07:42
4823,731,7,文具办公商品_4823,这是一个测试商品，编号4823，属于文具办公分类。,80.0,1,/uploads/product/cover_6.jpg,ON_SALE,MEETUP,2026-08-14 09:45:42,2026-08-13 14:57:42
4824,539,3,日用百货商品_4824,这是一个测试商品，编号4824，属于日用百货分类。,15.0,3,/uploads/product/cover_3.jpg,ON_SALE,MEETUP,2026-08-11 16:46:42,2026-08-15 22:05:42
4825,641,13,交通工具商品_4825,这是一个测试商品，编号4825，属于交通工具分类。,100.0,2,/uploads/product/cover_18.jpg,ON_SALE,MEETUP,2026-08-10 18:53:42,2026-08-13 17:05:42
4826,241,14,宠物用品商品_4826,这是一个测试商品，编号4826，属于宠物用品分类。,50.0,5,/uploads/product/cover_19.jpg,ON_SALE,MEETUP,2026-07-27 20:33:42,2026-08-13 11:26:42
4827,761,6,零食饮料商品_4827,这是一个测试商品，编号4827，属于零食饮料分类。,12.0,4,/uploads/product/cover_10.jpg,ON_SALE,EXPRESS,2026-08-13 18:20:42,2026-08-12 09:32:42
4828,142,8,美妆护肤商品_4828,这是一个测试商品，编号4828，属于美妆护肤分类。,10.0,2,/uploads/product/cover_11.jpg,ON_SALE,EXPRESS,2026-08-07 19:55:42,2026-08-15 03:31:42
4829,269,12,乐器音响商品_4829,这是一个测试商品，编号4829，属于乐器音响分类。,200.0,1,/uploads/product/cover_7.jpg,ON_SALE,"MEETUP,EXPRESS",2026-08-16 00:23:42,2026-08-13 19:35:42
4830,370,12,乐器音响商品_4830,这是一个测试商品，编号4830，属于乐器音响分类。,30.0,2,/uploads/product/cover_12.jpg,ON_SALE,MEETUP,2026-08-06 23:10:42,2026-08-14 14:45:42
4831,522,14,宠物用品商品_4831,这是一个测试商品，编号4831，属于宠物用品分类。,1.0,1,/uploads/product/cover_9.jpg,ON_SALE,"MEETUP,EXPRESS",2026-08-09 06:08:42,2026-08-15 14:33:42
4832,903,9,游戏动漫商品_4832,这是一个测试商品，编号4832，属于游戏动漫分类。,1.0,4,/uploads/product/cover_4.jpg,ON_SALE,"MEETUP,EXPRESS",2026-08-09 19:43:42,2026-08-15 18:33:42
4833,438,13,交通工具商品_4833,这是一个测试商品，编号4833，属于交通工具分类。,20.0,2,/uploads/product/cover_4.jpg,ON_SALE,"MEETUP,EXPRESS",2026-08-12 21:14:42,2026-08-15 03:47:42
4834,965,12,乐器音响商品_4834,这是一个测试商品，编号4834，属于乐器音响分类。,80.0,4,/uploads/product/cover_16.jpg,ON_SALE,EXPRESS,2026-07-28 17:23:42,2026-08-14 19:48:42
4835,968,12,乐器音响商品_4835,这是一个测试商品，编号4835，属于乐器音响分类。,80.0,3,/uploads/product/cover_6.jpg,ON_SALE,EXPRESS,2026-08-12 16:03:42,2026-08-16 16:49:42
4836,529,10,家居家电商品_4836,这是一个测试商品，编号4836，属于家居家电分类。,5.0,5,/uploads/product/cover_7.jpg,ON_SALE,EXPRESS,2026-08-15 02:25:42,2026-08-12 00:42:42
4837,907,4,运动户外商品_4837,这是一个测试商品，编号4837，属于运动户外分类。,100.0,1,/uploads/product/cover_20.jpg,ON_SALE,EXPRESS,2026-08-14 12:22:42,2026-08-12 16:15:42
4838,661,13,交通工具商品_4838,这是一个测试商品，编号4838，属于交通工具分类。,120.0,4,/uploads/product/cover_1.jpg,ON_SALE,"MEETUP,EXPRESS",2026-08-16 02:46:42,2026-08-12 00:29:42
4839,673,11,图书小说商品_4839,这是一个测试商品，编号4839，属于图书小说分类。,60.0,1,/uploads/product/cover_18.jpg,ON_SALE,"MEETUP,EXPRESS",2026-08-08 11:42:42,2026-08-13 22:04:42
4840,929,7,文具办公商品_4840,这是一个测试商品，编号4840，属于文具办公分类。,60.0,2,/uploads/product/cover_18.jpg,ON_SALE,"MEETUP,EXPRESS",2026-08-05 02:10:42,2026-08-12 18:32:42
4841,556,13,交通工具商品_4841,这是一个测试商品，编号4841，属于交通工具分类。,60.0,4,/uploads/product/cover_16.jpg,ON_SALE,EXPRESS,2026-07-29 05:23:42,2026-08-16 04:29:42
4842,570,10,家居家电商品_4842,这是一个测试商品，编号4842，属于家居家电分类。,25.0,1,/uploads/product/cover_6.jpg,ON_SALE,MEETUP,2026-08-07 05:39:42,2026-08-14 12:56:42
4843,205,15,手工艺品商品_4843,这是一个测试商品，编号4843，属于手工艺品分类。,2.0,5,/uploads/product/cover_17.jpg,ON_SALE,EXPRESS,2026-08-04 10:23:42,2026-08-14 18:11:42
4844,743,11,图书小说商品_4844,这是一个测试商品，编号4844，属于图书小说分类。,50.0,4,/uploads/product/cover_1.jpg,ON_SALE,"MEETUP,EXPRESS",2026-07-29 17:04:42,2026-08-13 07:39:42
4845,149,15,手工艺品商品_4845,这是一个测试商品，编号4845，属于手工艺品分类。,30.0,3,/uploads/product/cover_18.jpg,ON_SALE,EXPRESS,2026-07-30 17:50:42,2026-08-14 04:31:42
4846,554,13,交通工具商品_4846,这是一个测试商品，编号4846，属于交通工具分类。,120.0,2,/uploads/product/cover_13.jpg,ON_SALE,"MEETUP,EXPRESS",2026-07-28 15:34:42,2026-08-12 06:33:42
4847,783,7,文具办公商品_4847,这是一个测试商品，编号4847，属于文具办公分类。,60.0,4,/uploads/product/cover_17.jpg,ON_SALE,EXPRESS,2026-08-13 10:52:42,2026-08-15 10:21:42
4848,871,15,手工艺品商品_4848,这是一个测试商品，编号4848，属于手工艺品分类。,150.0,3,/uploads/product/cover_9.jpg,ON_SALE,MEETUP,2026-08-09 05:26:42,2026-08-12 12:14:42
4849,774,15,手工艺品商品_4849,这是一个测试商品，编号4849，属于手工艺品分类。,50.0,4,/uploads/product/cover_7.jpg,ON_SALE,"MEETUP,EXPRESS",2026-08-08 07:12:42,2026-08-13 17:23:42
4850,686,2,电子数码商品_4850,这是一个测试商品，编号4850，属于电子数码分类。,15.0,4,/uploads/product/cover_12.jpg,ON_SALE,EXPRESS,2026-08-04 05:04:42,2026-08-15 20:37:42
4851,314,7,文具办公商品_4851,这是一个测试商品，编号4851，属于文具办公分类。,8.0,3,/uploads/product/cover_17.jpg,ON_SALE,EXPRESS,2026-08-08 00:52:42,2026-08-11 20:17:42
4852,821,8,美妆护肤商品_4852,这是一个测试商品，编号4852，属于美妆护肤分类。,2.0,1,/uploads/product/cover_2.jpg,ON_SALE,MEETUP,2026-08-15 06:48:42,2026-08-16 10:00:42
4853,15,3,日用百货商品_4853,这是一个测试商品，编号4853，属于日用百货分类。,50.0,2,/uploads/product/cover_11.jpg,ON_SALE,EXPRESS,2026-08-03 18:31:42,2026-08-14 02:34:42
4854,875,3,日用百货商品_4854,这是一个测试商品，编号4854，属于日用百货分类。,2.0,2,/uploads/product/cover_19.jpg,ON_SALE,MEETUP,2026-08-15 23:13:42,2026-08-14 09:42:42
4855,446,13,交通工具商品_4855,这是一个测试商品，编号4855，属于交通工具分类。,5.0,3,/uploads/product/cover_18.jpg,ON_SALE,EXPRESS,2026-08-07 01:13:42,2026-08-12 19:07:42
4856,68,2,电子数码商品_4856,这是一个测试商品，编号4856，属于电子数码分类。,120.0,4,/uploads/product/cover_10.jpg,ON_SALE,MEETUP,2026-08-01 19:35:42,2026-08-13 06:22:42
4857,976,7,文具办公商品_4857,这是一个测试商品，编号4857，属于文具办公分类。,30.0,2,/uploads/product/cover_14.jpg,ON_SALE,EXPRESS,2026-08-15 22:53:42,2026-08-12 00:13:42
4858,488,11,图书小说商品_4858,这是一个测试商品，编号4858，属于图书小说分类。,100.0,1,/uploads/product/cover_8.jpg,ON_SALE,MEETUP,2026-08-04 23:11:42,2026-08-16 04:26:42
4859,282,8,美妆护肤商品_4859,这是一个测试商品，编号4859，属于美妆护肤分类。,8.0,3,/uploads/product/cover_7.jpg,ON_SALE,"MEETUP,EXPRESS",2026-08-07 18:19:42,2026-08-13 17:35:42
4860,347,13,交通工具商品_4860,这是一个测试商品，编号4860，属于交通工具分类。,1.0,1,/uploads/product/cover_4.jpg,ON_SALE,EXPRESS,2026-08-10 12:43:42,2026-08-14 11:08:42
4861,92,12,乐器音响商品_4861,这是一个测试商品，编号4861，属于乐器音响分类。,25.0,2,/uploads/product/cover_16.jpg,ON_SALE,EXPRESS,2026-08-06 23:28:42,2026-08-15 15:23:42
4862,519,4,运动户外商品_4862,这是一个测试商品，编号4862，属于运动户外分类。,2.0,3,/uploads/product/cover_1.jpg,ON_SALE,"MEETUP,EXPRESS",2026-08-04 15:03:42,2026-08-16 15:34:42
4863,764,14,宠物用品商品_4863,这是一个测试商品，编号4863，属于宠物用品分类。,60.0,3,/uploads/product/cover_5.jpg,ON_SALE,MEETUP,2026-08-10 13:42:42,2026-08-16 17:27:42
4864,720,14,宠物用品商品_4864,这是一个测试商品，编号4864，属于宠物用品分类。,60.0,3,/uploads/product/cover_16.jpg,ON_SALE,MEETUP,2026-07-30 20:20:42,2026-08-14 05:46:42
4865,990,6,零食饮料商品_4865,这是一个测试商品，编号4865，属于零食饮料分类。,10.0,3,/uploads/product/cover_5.jpg,ON_SALE,"MEETUP,EXPRESS",2026-08-14 16:22:42,2026-08-13 06:00:42
4866,523,8,美妆护肤商品_4866,这是一个测试商品，编号4866，属于美妆护肤分类。,50.0,2,/uploads/product/cover_13.jpg,ON_SALE,"MEETUP,EXPRESS",2026-08-07 17:50:42,2026-08-12 01:50:42
4867,290,13,交通工具商品_4867,这是一个测试商品，编号4867，属于交通工具分类。,12.0,4,/uploads/product/cover_9.jpg,ON_SALE,"MEETUP,EXPRESS",2026-07-30 16:03:42,2026-08-11 20:00:42
4868,130,2,电子数码商品_4868,这是一个测试商品，编号4868，属于电子数码分类。,12.0,3,/uploads/product/cover_4.jpg,ON_SALE,"MEETUP,EXPRESS",2026-08-13 00:38:42,2026-08-12 13:08:42
4869,552,13,交通工具商品_4869,这是一个测试商品，编号4869，属于交通工具分类。,120.0,2,/uploads/product/cover_15.jpg,ON_SALE,MEETUP,2026-08-09 10:42:42,2026-08-12 10:28:42
4870,239,8,美妆护肤商品_4870,这是一个测试商品，编号4870，属于美妆护肤分类。,2.0,1,/uploads/product/cover_18.jpg,ON_SALE,EXPRESS,2026-07-31 06:15:42,2026-08-12 12:35:42
4871,287,4,运动户外商品_4871,这是一个测试商品，编号4871，属于运动户外分类。,25.0,4,/uploads/product/cover_10.jpg,ON_SALE,MEETUP,2026-08-02 15:36:42,2026-08-13 13:27:42
4872,271,10,家居家电商品_4872,这是一个测试商品，编号4872，属于家居家电分类。,12.0,2,/uploads/product/cover_4.jpg,ON_SALE,EXPRESS,2026-07-28 01:54:42,2026-08-13 16:47:42
4873,254,7,文具办公商品_4873,这是一个测试商品，编号4873，属于文具办公分类。,80.0,4,/uploads/product/cover_17.jpg,ON_SALE,"MEETUP,EXPRESS",2026-08-11 19:49:42,2026-08-14 07:38:42
4874,960,14,宠物用品商品_4874,这是一个测试商品，编号4874，属于宠物用品分类。,50.0,2,/uploads/product/cover_15.jpg,ON_SALE,"MEETUP,EXPRESS",2026-07-28 21:18:42,2026-08-13 04:13:42
4875,719,5,服装鞋帽商品_4875,这是一个测试商品，编号4875，属于服装鞋帽分类。,5.0,1,/uploads/product/cover_9.jpg,ON_SALE,EXPRESS,2026-08-06 01:21:42,2026-08-13 16:42:42
4876,405,4,运动户外商品_4876,这是一个测试商品，编号4876，属于运动户外分类。,150.0,2,/uploads/product/cover_8.jpg,ON_SALE,MEETUP,2026-07-29 17:30:42,2026-08-15 13:59:42
4877,518,8,美妆护肤商品_4877,这是一个测试商品，编号4877，属于美妆护肤分类。,12.0,3,/uploads/product/cover_11.jpg,ON_SALE,MEETUP,2026-07-31 09:53:42,2026-08-16 09:46:42
4878,70,13,交通工具商品_4878,这是一个测试商品，编号4878，属于交通工具分类。,5.0,5,/uploads/product/cover_19.jpg,ON_SALE,MEETUP,2026-07-28 20:22:42,2026-08-12 08:26:42
4879,418,2,电子数码商品_4879,这是一个测试商品，编号4879，属于电子数码分类。,5.0,5,/uploads/product/cover_13.jpg,ON_SALE,EXPRESS,2026-08-02 21:31:42,2026-08-13 00:42:42
4880,843,8,美妆护肤商品_4880,这是一个测试商品，编号4880，属于美妆护肤分类。,50.0,5,/uploads/product/cover_7.jpg,ON_SALE,MEETUP,2026-08-14 20:01:42,2026-08-13 00:22:42
4881,612,12,乐器音响商品_4881,这是一个测试商品，编号4881，属于乐器音响分类。,10.0,5,/uploads/product/cover_16.jpg,ON_SALE,EXPRESS,2026-07-29 23:15:42,2026-08-15 18:24:42
4882,675,4,运动户外商品_4882,这是一个测试商品，编号4882，属于运动户外分类。,60.0,2,/uploads/product/cover_17.jpg,ON_SALE,"MEETUP,EXPRESS",2026-08-16 14:58:42,2026-08-15 05:59:42
4883,134,1,教材教辅商品_4883,这是一个测试商品，编号4883，属于教材教辅分类。,150.0,5,/uploads/product/cover_7.jpg,ON_SALE,"MEETUP,EXPRESS",2026-07-28 08:05:42,2026-08-14 20:10:42
4884,388,13,交通工具商品_4884,这是一个测试商品，编号4884，属于交通工具分类。,150.0,4,/uploads/product/cover_16.jpg,ON_SALE,MEETUP,2026-08-08 08:29:42,2026-08-14 19:09:42
4885,860,3,日用百货商品_4885,这是一个测试商品，编号4885，属于日用百货分类。,50.0,3,/uploads/product/cover_1.jpg,ON_SALE,MEETUP,2026-08-06 22:31:42,2026-08-12 19:22:42
4886,886,14,宠物用品商品_4886,这是一个测试商品，编号4886，属于宠物用品分类。,60.0,3,/uploads/product/cover_17.jpg,ON_SALE,EXPRESS,2026-08-16 07:19:42,2026-08-14 10:25:42
4887,294,1,教材教辅商品_4887,这是一个测试商品，编号4887，属于教材教辅分类。,50.0,1,/uploads/product/cover_5.jpg,ON_SALE,EXPRESS,2026-07-28 19:46:42,2026-08-15 09:04:42
4888,227,14,宠物用品商品_4888,这是一个测试商品，编号4888，属于宠物用品分类。,12.0,1,/uploads/product/cover_10.jpg,ON_SALE,"MEETUP,EXPRESS",2026-08-07 12:12:42,2026-08-11 21:23:42
4889,62,4,运动户外商品_4889,这是一个测试商品，编号4889，属于运动户外分类。,20.0,4,/uploads/product/cover_6.jpg,ON_SALE,EXPRESS,2026-08-07 23:45:42,2026-08-12 01:00:42
4890,304,13,交通工具商品_4890,这是一个测试商品，编号4890，属于交通工具分类。,10.0,5,/uploads/product/cover_13.jpg,ON_SALE,EXPRESS,2026-08-03 08:24:42,2026-08-15 02:12:42
4891,911,4,运动户外商品_4891,这是一个测试商品，编号4891，属于运动户外分类。,1.0,4,/uploads/product/cover_11.jpg,ON_SALE,"MEETUP,EXPRESS",2026-08-11 14:55:42,2026-08-13 14:50:42
4892,845,13,交通工具商品_4892,这是一个测试商品，编号4892，属于交通工具分类。,1.0,5,/uploads/product/cover_18.jpg,ON_SALE,EXPRESS,2026-08-15 08:31:42,2026-08-16 12:57:42
4893,189,5,服装鞋帽商品_4893,这是一个测试商品，编号4893，属于服装鞋帽分类。,30.0,4,/uploads/product/cover_2.jpg,ON_SALE,"MEETUP,EXPRESS",2026-08-10 21:57:42,2026-08-16 11:05:42
4894,866,8,美妆护肤商品_4894,这是一个测试商品，编号4894，属于美妆护肤分类。,80.0,5,/uploads/product/cover_1.jpg,ON_SALE,"MEETUP,EXPRESS",2026-08-04 01:36:42,2026-08-15 23:12:42
4895,419,3,日用百货商品_4895,这是一个测试商品，编号4895，属于日用百货分类。,150.0,5,/uploads/product/cover_8.jpg,ON_SALE,EXPRESS,2026-08-05 08:32:42,2026-08-16 04:15:42
4896,601,3,日用百货商品_4896,这是一个测试商品，编号4896，属于日用百货分类。,80.0,1,/uploads/product/cover_2.jpg,ON_SALE,EXPRESS,2026-07-31 14:13:42,2026-08-15 09:38:42
4897,698,4,运动户外商品_4897,这是一个测试商品，编号4897，属于运动户外分类。,20.0,1,/uploads/product/cover_13.jpg,ON_SALE,"MEETUP,EXPRESS",2026-08-16 02:32:42,2026-08-13 21:04:42
4898,498,5,服装鞋帽商品_4898,这是一个测试商品，编号4898，属于服装鞋帽分类。,10.0,1,/uploads/product/cover_19.jpg,ON_SALE,"MEETUP,EXPRESS",2026-08-03 10:55:42,2026-08-13 10:49:42
4899,384,15,手工艺品商品_4899,这是一个测试商品，编号4899，属于手工艺品分类。,20.0,1,/uploads/product/cover_17.jpg,ON_SALE,"MEETUP,EXPRESS",2026-08-11 13:37:42,2026-08-16 11:13:42
4900,730,12,乐器音响商品_4900,这是一个测试商品，编号4900，属于乐器音响分类。,50.0,5,/uploads/product/cover_12.jpg,ON_SALE,"MEETUP,EXPRESS",2026-08-14 18:47:42,2026-08-15 13:43:42
4901,900,12,乐器音响商品_4901,这是一个测试商品，编号4901，属于乐器音响分类。,50.0,1,/uploads/product/cover_7.jpg,ON_SALE,EXPRESS,2026-07-28 22:12:42,2026-08-14 20:21:42
4902,323,15,手工艺品商品_4902,这是一个测试商品，编号4902，属于手工艺品分类。,60.0,1,/uploads/product/cover_10.jpg,ON_SALE,"MEETUP,EXPRESS",2026-08-01 11:35:42,2026-08-16 13:47:42
4903,103,13,交通工具商品_4903,这是一个测试商品，编号4903，属于交通工具分类。,150.0,5,/uploads/product/cover_3.jpg,ON_SALE,MEETUP,2026-08-14 17:11:42,2026-08-15 23:03:42
4904,868,4,运动户外商品_4904,这是一个测试商品，编号4904，属于运动户外分类。,1.0,2,/uploads/product/cover_3.jpg,ON_SALE,"MEETUP,EXPRESS",2026-08-05 23:25:42,2026-08-11 22:36:42
4905,679,14,宠物用品商品_4905,这是一个测试商品，编号4905，属于宠物用品分类。,50.0,5,/uploads/product/cover_3.jpg,ON_SALE,MEETUP,2026-08-08 22:35:42,2026-08-15 20:14:42
4906,634,12,乐器音响商品_4906,这是一个测试商品，编号4906，属于乐器音响分类。,200.0,1,/uploads/product/cover_20.jpg,ON_SALE,EXPRESS,2026-08-01 23:05:42,2026-08-12 16:24:42
4907,417,1,教材教辅商品_4907,这是一个测试商品，编号4907，属于教材教辅分类。,100.0,1,/uploads/product/cover_20.jpg,ON_SALE,EXPRESS,2026-08-13 15:33:42,2026-08-14 12:09:42
4908,117,12,乐器音响商品_4908,这是一个测试商品，编号4908，属于乐器音响分类。,8.0,4,/uploads/product/cover_2.jpg,ON_SALE,"MEETUP,EXPRESS",2026-08-07 14:56:42,2026-08-16 09:12:42
4909,924,9,游戏动漫商品_4909,这是一个测试商品，编号4909，属于游戏动漫分类。,120.0,2,/uploads/product/cover_1.jpg,ON_SALE,MEETUP,2026-08-07 21:33:42,2026-08-13 14:14:42
4910,641,11,图书小说商品_4910,这是一个测试商品，编号4910，属于图书小说分类。,5.0,1,/uploads/product/cover_20.jpg,ON_SALE,EXPRESS,2026-08-09 22:44:42,2026-08-13 12:28:42
4911,786,3,日用百货商品_4911,这是一个测试商品，编号4911，属于日用百货分类。,2.0,5,/uploads/product/cover_7.jpg,ON_SALE,EXPRESS,2026-08-02 14:32:42,2026-08-15 17:08:42
4912,653,7,文具办公商品_4912,这是一个测试商品，编号4912，属于文具办公分类。,1.0,3,/uploads/product/cover_14.jpg,ON_SALE,EXPRESS,2026-08-01 23:10:42,2026-08-16 05:27:42
4913,969,15,手工艺品商品_4913,这是一个测试商品，编号4913，属于手工艺品分类。,15.0,2,/uploads/product/cover_15.jpg,ON_SALE,EXPRESS,2026-08-07 10:10:42,2026-08-16 15:41:42
4914,23,10,家居家电商品_4914,这是一个测试商品，编号4914，属于家居家电分类。,2.0,4,/uploads/product/cover_5.jpg,ON_SALE,MEETUP,2026-08-10 11:14:42,2026-08-15 09:06:42
4915,646,13,交通工具商品_4915,这是一个测试商品，编号4915，属于交通工具分类。,12.0,1,/uploads/product/cover_15.jpg,ON_SALE,EXPRESS,2026-08-10 18:30:42,2026-08-12 05:00:42
4916,562,8,美妆护肤商品_4916,这是一个测试商品，编号4916，属于美妆护肤分类。,60.0,5,/uploads/product/cover_14.jpg,ON_SALE,"MEETUP,EXPRESS",2026-07-29 12:56:42,2026-08-15 20:12:42
4917,977,14,宠物用品商品_4917,这是一个测试商品，编号4917，属于宠物用品分类。,30.0,2,/uploads/product/cover_18.jpg,ON_SALE,EXPRESS,2026-08-05 09:53:42,2026-08-14 18:46:42
4918,414,7,文具办公商品_4918,这是一个测试商品，编号4918，属于文具办公分类。,15.0,4,/uploads/product/cover_17.jpg,ON_SALE,EXPRESS,2026-08-08 08:12:42,2026-08-16 15:35:42
4919,816,12,乐器音响商品_4919,这是一个测试商品，编号4919，属于乐器音响分类。,8.0,2,/uploads/product/cover_6.jpg,ON_SALE,MEETUP,2026-07-30 10:22:42,2026-08-15 23:07:42
4920,19,1,教材教辅商品_4920,这是一个测试商品，编号4920，属于教材教辅分类。,8.0,3,/uploads/product/cover_11.jpg,ON_SALE,EXPRESS,2026-07-28 01:44:42,2026-08-13 01:51:42
4921,290,1,教材教辅商品_4921,这是一个测试商品，编号4921，属于教材教辅分类。,25.0,3,/uploads/product/cover_14.jpg,ON_SALE,MEETUP,2026-07-28 04:12:42,2026-08-16 03:46:42
4922,596,3,日用百货商品_4922,这是一个测试商品，编号4922，属于日用百货分类。,20.0,4,/uploads/product/cover_19.jpg,ON_SALE,EXPRESS,2026-08-13 08:03:42,2026-08-15 11:38:42
4923,978,4,运动户外商品_4923,这是一个测试商品，编号4923，属于运动户外分类。,2.0,2,/uploads/product/cover_18.jpg,ON_SALE,MEETUP,2026-08-10 18:16:42,2026-08-15 05:17:42
4924,465,9,游戏动漫商品_4924,这是一个测试商品，编号4924，属于游戏动漫分类。,60.0,2,/uploads/product/cover_7.jpg,ON_SALE,"MEETUP,EXPRESS",2026-08-14 20:44:42,2026-08-16 02:34:42
4925,705,1,教材教辅商品_4925,这是一个测试商品，编号4925，属于教材教辅分类。,30.0,3,/uploads/product/cover_13.jpg,ON_SALE,MEETUP,2026-08-05 23:22:42,2026-08-16 12:39:42
4926,262,6,零食饮料商品_4926,这是一个测试商品，编号4926，属于零食饮料分类。,10.0,5,/uploads/product/cover_12.jpg,ON_SALE,MEETUP,2026-08-04 19:16:42,2026-08-14 16:18:42
4927,835,12,乐器音响商品_4927,这是一个测试商品，编号4927，属于乐器音响分类。,25.0,3,/uploads/product/cover_8.jpg,ON_SALE,EXPRESS,2026-08-05 17:39:42,2026-08-13 20:13:42
4928,652,14,宠物用品商品_4928,这是一个测试商品，编号4928，属于宠物用品分类。,200.0,5,/uploads/product/cover_5.jpg,ON_SALE,EXPRESS,2026-08-16 00:32:42,2026-08-14 08:32:42
4929,277,3,日用百货商品_4929,这是一个测试商品，编号4929，属于日用百货分类。,15.0,5,/uploads/product/cover_7.jpg,ON_SALE,"MEETUP,EXPRESS",2026-08-13 03:59:42,2026-08-12 08:56:42
4930,913,15,手工艺品商品_4930,这是一个测试商品，编号4930，属于手工艺品分类。,200.0,3,/uploads/product/cover_5.jpg,ON_SALE,"MEETUP,EXPRESS",2026-07-31 11:46:42,2026-08-11 22:19:42
4931,344,15,手工艺品商品_4931,这是一个测试商品，编号4931，属于手工艺品分类。,60.0,4,/uploads/product/cover_10.jpg,ON_SALE,"MEETUP,EXPRESS",2026-08-01 23:03:42,2026-08-12 19:41:42
4932,4,10,家居家电商品_4932,这是一个测试商品，编号4932，属于家居家电分类。,150.0,3,/uploads/product/cover_11.jpg,ON_SALE,"MEETUP,EXPRESS",2026-07-29 09:27:42,2026-08-11 22:12:42
4933,389,2,电子数码商品_4933,这是一个测试商品，编号4933，属于电子数码分类。,200.0,4,/uploads/product/cover_7.jpg,ON_SALE,EXPRESS,2026-07-30 13:23:42,2026-08-16 18:09:42
4934,345,6,零食饮料商品_4934,这是一个测试商品，编号4934，属于零食饮料分类。,50.0,1,/uploads/product/cover_6.jpg,ON_SALE,"MEETUP,EXPRESS",2026-08-13 02:18:42,2026-08-14 06:45:42
4935,251,2,电子数码商品_4935,这是一个测试商品，编号4935，属于电子数码分类。,20.0,4,/uploads/product/cover_13.jpg,ON_SALE,MEETUP,2026-08-05 06:41:42,2026-08-13 11:55:42
4936,50,14,宠物用品商品_4936,这是一个测试商品，编号4936，属于宠物用品分类。,200.0,2,/uploads/product/cover_7.jpg,ON_SALE,MEETUP,2026-07-29 17:50:42,2026-08-14 06:03:42
4937,303,8,美妆护肤商品_4937,这是一个测试商品，编号4937，属于美妆护肤分类。,5.0,3,/uploads/product/cover_11.jpg,ON_SALE,EXPRESS,2026-08-04 00:37:42,2026-08-16 09:56:42
4938,400,4,运动户外商品_4938,这是一个测试商品，编号4938，属于运动户外分类。,12.0,3,/uploads/product/cover_20.jpg,ON_SALE,"MEETUP,EXPRESS",2026-07-31 12:09:42,2026-08-12 06:04:42
4939,153,13,交通工具商品_4939,这是一个测试商品，编号4939，属于交通工具分类。,2.0,4,/uploads/product/cover_15.jpg,ON_SALE,MEETUP,2026-08-12 21:30:42,2026-08-16 04:57:42
4940,839,7,文具办公商品_4940,这是一个测试商品，编号4940，属于文具办公分类。,2.0,4,/uploads/product/cover_11.jpg,ON_SALE,MEETUP,2026-08-04 09:55:42,2026-08-13 12:40:42
4941,393,6,零食饮料商品_4941,这是一个测试商品，编号4941，属于零食饮料分类。,2.0,5,/uploads/product/cover_13.jpg,ON_SALE,"MEETUP,EXPRESS",2026-08-02 15:50:42,2026-08-16 05:19:42
4942,844,8,美妆护肤商品_4942,这是一个测试商品，编号4942，属于美妆护肤分类。,8.0,5,/uploads/product/cover_13.jpg,ON_SALE,EXPRESS,2026-08-08 22:59:42,2026-08-15 09:58:42
4943,599,15,手工艺品商品_4943,这是一个测试商品，编号4943，属于手工艺品分类。,8.0,2,/uploads/product/cover_8.jpg,ON_SALE,MEETUP,2026-08-07 12:28:42,2026-08-12 13:23:42
4944,931,2,电子数码商品_4944,这是一个测试商品，编号4944，属于电子数码分类。,1.0,3,/uploads/product/cover_14.jpg,ON_SALE,"MEETUP,EXPRESS",2026-07-31 12:24:42,2026-08-12 09:27:42
4945,459,2,电子数码商品_4945,这是一个测试商品，编号4945，属于电子数码分类。,200.0,4,/uploads/product/cover_7.jpg,ON_SALE,"MEETUP,EXPRESS",2026-08-09 05:08:42,2026-08-16 15:52:42
4946,979,9,游戏动漫商品_4946,这是一个测试商品，编号4946，属于游戏动漫分类。,25.0,4,/uploads/product/cover_16.jpg,ON_SALE,MEETUP,2026-08-15 07:42:42,2026-08-13 19:34:42
4947,38,6,零食饮料商品_4947,这是一个测试商品，编号4947，属于零食饮料分类。,80.0,5,/uploads/product/cover_4.jpg,ON_SALE,MEETUP,2026-08-05 09:16:42,2026-08-11 21:57:42
4948,653,11,图书小说商品_4948,这是一个测试商品，编号4948，属于图书小说分类。,10.0,4,/uploads/product/cover_4.jpg,ON_SALE,EXPRESS,2026-08-07 06:36:42,2026-08-12 03:31:42
4949,7,11,图书小说商品_4949,这是一个测试商品，编号4949，属于图书小说分类。,60.0,3,/uploads/product/cover_15.jpg,ON_SALE,MEETUP,2026-08-07 05:04:42,2026-08-16 12:01:42
4950,385,11,图书小说商品_4950,这是一个测试商品，编号4950，属于图书小说分类。,80.0,2,/uploads/product/cover_10.jpg,ON_SALE,"MEETUP,EXPRESS",2026-07-30 05:30:42,2026-08-15 14:24:42
4951,101,2,电子数码商品_4951,这是一个测试商品，编号4951，属于电子数码分类。,30.0,4,/uploads/product/cover_8.jpg,ON_SALE,MEETUP,2026-08-03 19:34:42,2026-08-13 05:26:42
4952,238,7,文具办公商品_4952,这是一个测试商品，编号4952，属于文具办公分类。,10.0,1,/uploads/product/cover_16.jpg,ON_SALE,"MEETUP,EXPRESS",2026-07-31 21:24:42,2026-08-14 21:43:42
4953,424,12,乐器音响商品_4953,这是一个测试商品，编号4953，属于乐器音响分类。,2.0,4,/uploads/product/cover_14.jpg,ON_SALE,"MEETUP,EXPRESS",2026-08-08 04:11:42,2026-08-13 05:33:42
4954,710,11,图书小说商品_4954,这是一个测试商品，编号4954，属于图书小说分类。,25.0,1,/uploads/product/cover_14.jpg,ON_SALE,MEETUP,2026-08-16 13:45:42,2026-08-13 15:10:42
4955,676,14,宠物用品商品_4955,这是一个测试商品，编号4955，属于宠物用品分类。,30.0,2,/uploads/product/cover_9.jpg,ON_SALE,EXPRESS,2026-08-08 08:09:42,2026-08-13 13:38:42
4956,706,10,家居家电商品_4956,这是一个测试商品，编号4956，属于家居家电分类。,150.0,1,/uploads/product/cover_15.jpg,ON_SALE,MEETUP,2026-08-08 01:10:42,2026-08-15 05:49:42
4957,309,11,图书小说商品_4957,这是一个测试商品，编号4957，属于图书小说分类。,60.0,1,/uploads/product/cover_1.jpg,ON_SALE,EXPRESS,2026-07-28 07:57:42,2026-08-13 02:04:42
4958,73,4,运动户外商品_4958,这是一个测试商品，编号4958，属于运动户外分类。,120.0,2,/uploads/product/cover_17.jpg,ON_SALE,EXPRESS,2026-08-16 03:55:42,2026-08-14 22:40:42
4959,767,6,零食饮料商品_4959,这是一个测试商品，编号4959，属于零食饮料分类。,20.0,4,/uploads/product/cover_14.jpg,ON_SALE,MEETUP,2026-08-16 08:43:42,2026-08-14 22:02:42
4960,686,9,游戏动漫商品_4960,这是一个测试商品，编号4960，属于游戏动漫分类。,10.0,3,/uploads/product/cover_3.jpg,ON_SALE,EXPRESS,2026-07-30 12:21:42,2026-08-13 17:30:42
4961,583,12,乐器音响商品_4961,这是一个测试商品，编号4961，属于乐器音响分类。,3.0,2,/uploads/product/cover_10.jpg,ON_SALE,EXPRESS,2026-07-29 23:32:42,2026-08-12 19:19:42
4962,89,1,教材教辅商品_4962,这是一个测试商品，编号4962，属于教材教辅分类。,15.0,2,/uploads/product/cover_1.jpg,ON_SALE,EXPRESS,2026-07-29 04:00:42,2026-08-14 02:31:42
4963,219,12,乐器音响商品_4963,这是一个测试商品，编号4963，属于乐器音响分类。,120.0,1,/uploads/product/cover_9.jpg,ON_SALE,"MEETUP,EXPRESS",2026-08-07 10:49:42,2026-08-13 16:30:42
4964,416,4,运动户外商品_4964,这是一个测试商品，编号4964，属于运动户外分类。,20.0,1,/uploads/product/cover_13.jpg,ON_SALE,"MEETUP,EXPRESS",2026-08-06 09:22:42,2026-08-14 12:19:42
4965,959,2,电子数码商品_4965,这是一个测试商品，编号4965，属于电子数码分类。,8.0,1,/uploads/product/cover_10.jpg,ON_SALE,EXPRESS,2026-08-16 02:20:42,2026-08-16 08:01:42
4966,669,15,手工艺品商品_4966,这是一个测试商品，编号4966，属于手工艺品分类。,25.0,3,/uploads/product/cover_19.jpg,ON_SALE,EXPRESS,2026-08-01 07:22:42,2026-08-13 19:01:42
4967,55,5,服装鞋帽商品_4967,这是一个测试商品，编号4967，属于服装鞋帽分类。,50.0,5,/uploads/product/cover_8.jpg,ON_SALE,EXPRESS,2026-08-02 16:03:42,2026-08-15 01:17:42
4968,613,8,美妆护肤商品_4968,这是一个测试商品，编号4968，属于美妆护肤分类。,30.0,5,/uploads/product/cover_8.jpg,ON_SALE,MEETUP,2026-08-07 10:12:42,2026-08-14 08:05:42
4969,939,15,手工艺品商品_4969,这是一个测试商品，编号4969，属于手工艺品分类。,120.0,5,/uploads/product/cover_1.jpg,ON_SALE,MEETUP,2026-08-02 12:14:42,2026-08-16 15:18:42
4970,765,3,日用百货商品_4970,这是一个测试商品，编号4970，属于日用百货分类。,1.0,4,/uploads/product/cover_3.jpg,ON_SALE,MEETUP,2026-08-04 21:27:42,2026-08-12 13:02:42
4971,303,12,乐器音响商品_4971,这是一个测试商品，编号4971，属于乐器音响分类。,2.0,4,/uploads/product/cover_14.jpg,ON_SALE,"MEETUP,EXPRESS",2026-08-03 12:52:42,2026-08-14 15:47:42
4972,530,7,文具办公商品_4972,这是一个测试商品，编号4972，属于文具办公分类。,15.0,2,/uploads/product/cover_15.jpg,ON_SALE,EXPRESS,2026-07-29 05:41:42,2026-08-16 04:40:42
4973,202,14,宠物用品商品_4973,这是一个测试商品，编号4973，属于宠物用品分类。,80.0,5,/uploads/product/cover_12.jpg,ON_SALE,MEETUP,2026-07-29 22:40:42,2026-08-13 00:07:42
4974,650,8,美妆护肤商品_4974,这是一个测试商品，编号4974，属于美妆护肤分类。,1.0,1,/uploads/product/cover_2.jpg,ON_SALE,"MEETUP,EXPRESS",2026-08-05 21:53:42,2026-08-15 10:42:42
4975,123,3,日用百货商品_4975,这是一个测试商品，编号4975，属于日用百货分类。,8.0,5,/uploads/product/cover_6.jpg,ON_SALE,"MEETUP,EXPRESS",2026-08-06 06:44:42,2026-08-16 11:39:42
4976,835,4,运动户外商品_4976,这是一个测试商品，编号4976，属于运动户外分类。,80.0,3,/uploads/product/cover_15.jpg,ON_SALE,"MEETUP,EXPRESS",2026-08-11 17:59:42,2026-08-14 03:36:42
4977,632,14,宠物用品商品_4977,这是一个测试商品，编号4977，属于宠物用品分类。,30.0,1,/uploads/product/cover_8.jpg,ON_SALE,EXPRESS,2026-07-30 05:55:42,2026-08-13 02:44:42
4978,544,13,交通工具商品_4978,这是一个测试商品，编号4978，属于交通工具分类。,12.0,2,/uploads/product/cover_17.jpg,ON_SALE,MEETUP,2026-08-15 14:39:42,2026-08-14 06:36:42
4979,818,15,手工艺品商品_4979,这是一个测试商品，编号4979，属于手工艺品分类。,1.0,2,/uploads/product/cover_4.jpg,ON_SALE,EXPRESS,2026-08-15 03:30:42,2026-08-11 20:52:42
4980,490,1,教材教辅商品_4980,这是一个测试商品，编号4980，属于教材教辅分类。,5.0,5,/uploads/product/cover_13.jpg,ON_SALE,"MEETUP,EXPRESS",2026-07-30 00:28:42,2026-08-13 09:39:42
4981,234,13,交通工具商品_4981,这是一个测试商品，编号4981，属于交通工具分类。,1.0,5,/uploads/product/cover_8.jpg,ON_SALE,MEETUP,2026-08-04 21:56:42,2026-08-13 16:29:42
4982,718,14,宠物用品商品_4982,这是一个测试商品，编号4982，属于宠物用品分类。,20.0,3,/uploads/product/cover_14.jpg,ON_SALE,"MEETUP,EXPRESS",2026-08-09 06:54:42,2026-08-12 21:50:42
4983,18,14,宠物用品商品_4983,这是一个测试商品，编号4983，属于宠物用品分类。,15.0,2,/uploads/product/cover_6.jpg,ON_SALE,"MEETUP,EXPRESS",2026-08-14 13:43:42,2026-08-16 10:59:42
4984,409,3,日用百货商品_4984,这是一个测试商品，编号4984，属于日用百货分类。,25.0,4,/uploads/product/cover_17.jpg,ON_SALE,MEETUP,2026-08-02 11:53:42,2026-08-12 16:29:42
4985,609,4,运动户外商品_4985,这是一个测试商品，编号4985，属于运动户外分类。,10.0,3,/uploads/product/cover_1.jpg,ON_SALE,"MEETUP,EXPRESS",2026-08-08 14:53:42,2026-08-13 14:23:42
4986,737,12,乐器音响商品_4986,这是一个测试商品，编号4986，属于乐器音响分类。,1.0,5,/uploads/product/cover_1.jpg,ON_SALE,MEETUP,2026-08-12 08:58:42,2026-08-12 08:03:42
4987,997,11,图书小说商品_4987,这是一个测试商品，编号4987，属于图书小说分类。,20.0,1,/uploads/product/cover_14.jpg,ON_SALE,EXPRESS,2026-07-29 19:41:42,2026-08-12 13:51:42
4988,833,15,手工艺品商品_4988,这是一个测试商品，编号4988，属于手工艺品分类。,15.0,3,/uploads/product/cover_8.jpg,ON_SALE,EXPRESS,2026-08-04 03:20:42,2026-08-14 02:27:42
4989,240,13,交通工具商品_4989,这是一个测试商品，编号4989，属于交通工具分类。,80.0,3,/uploads/product/cover_13.jpg,ON_SALE,MEETUP,2026-08-01 04:56:42,2026-08-13 02:47:42
4990,631,1,教材教辅商品_4990,这是一个测试商品，编号4990，属于教材教辅分类。,80.0,1,/uploads/product/cover_16.jpg,ON_SALE,"MEETUP,EXPRESS",2026-08-01 18:40:42,2026-08-12 04:05:42
4991,506,14,宠物用品商品_4991,这是一个测试商品，编号4991，属于宠物用品分类。,200.0,4,/uploads/product/cover_9.jpg,ON_SALE,"MEETUP,EXPRESS",2026-07-30 21:34:42,2026-08-16 02:22:42
4992,873,6,零食饮料商品_4992,这是一个测试商品，编号4992，属于零食饮料分类。,50.0,4,/uploads/product/cover_1.jpg,ON_SALE,MEETUP,2026-08-07 19:07:42,2026-08-14 07:39:42
4993,168,4,运动户外商品_4993,这是一个测试商品，编号4993，属于运动户外分类。,120.0,3,/uploads/product/cover_17.jpg,ON_SALE,EXPRESS,2026-07-31 22:39:42,2026-08-15 15:52:42
4994,596,4,运动户外商品_4994,这是一个测试商品，编号4994，属于运动户外分类。,150.0,5,/uploads/product/cover_2.jpg,ON_SALE,MEETUP,2026-08-06 21:05:42,2026-08-13 00:14:42
4995,746,12,乐器音响商品_4995,这是一个测试商品，编号4995，属于乐器音响分类。,150.0,5,/uploads/product/cover_19.jpg,ON_SALE,EXPRESS,2026-08-09 17:59:42,2026-08-16 02:07:42
4996,850,14,宠物用品商品_4996,这是一个测试商品，编号4996，属于宠物用品分类。,8.0,1,/uploads/product/cover_18.jpg,ON_SALE,"MEETUP,EXPRESS",2026-08-02 07:05:42,2026-08-15 00:41:42
4997,676,14,宠物用品商品_4997,这是一个测试商品，编号4997，属于宠物用品分类。,120.0,3,/uploads/product/cover_13.jpg,ON_SALE,MEETUP,2026-08-03 18:54:42,2026-08-14 13:25:42
4998,41,4,运动户外商品_4998,这是一个测试商品，编号4998，属于运动户外分类。,60.0,5,/uploads/product/cover_14.jpg,ON_SALE,MEETUP,2026-08-06 19:03:42,2026-08-11 22:18:42
4999,912,11,图书小说商品_4999,这是一个测试商品，编号4999，属于图书小说分类。,200.0,2,/uploads/product/cover_7.jpg,ON_SALE,EXPRESS,2026-08-15 19:32:42,2026-08-15 05:41:42
5000,258,13,交通工具商品_5000,这是一个测试商品，编号5000，属于交通工具分类。,12.0,1,/uploads/product/cover_13.jpg,ON_SALE,MEETUP,2026-07-31 17:39:42,2026-08-12 22:13:42
