id,username,password,email,email_verified,nickname,role,credit_score,bio,avatar,status,create_time
1,testuser_0001,$2a$10$N.zmdr9k7uOCQb376NoUnuTJ8iAt6Z5EHsM8lE9lBOsl7iAt6Z5EO,testuser_0001@greenloop.test,1,测试用户1,USER,86,这是测试用户1的个人简介,/uploads/avatar/default_4.png,1,2026-07-24 23:25:42
2,testuser_0002,$2a$10$N.zmdr9k7uOCQb376NoUnuTJ8iAt6Z5EHsM8lE9lBOsl7iAt6Z5EO,testuser_0002@greenloop.test,1,测试用户2,USER,78,这是测试用户2的个人简介,/uploads/avatar/default_1.png,1,2026-08-09 09:10:42
3,testuser_0003,$2a$10$N.zmdr9k7uOCQb376NoUnuTJ8iAt6Z5EHsM8lE9lBOsl7iAt6Z5EO,testuser_0003@greenloop.test,1,测试用户3,USER,78,这是测试用户3的个人简介,/uploads/avatar/default_4.png,1,2026-08-13 21:41:42
4,testuser_0004,$2a$10$N.zmdr9k7uOCQb376NoUnuTJ8iAt6Z5EHsM8lE9lBOsl7iAt6Z5EO,testuser_0004@greenloop.test,1,测试用户4,USER,76,这是测试用户4的个人简介,/uploads/avatar/default_5.png,1,2026-07-26 12:28:42
5,testuser_0005,$2a$10$N.zmdr9k7uOCQb376NoUnuTJ8iAt6Z5EHsM8lE9lBOsl7iAt6Z5EO,testuser_0005@greenloop.test,1,测试用户5,USER,67,这是测试用户5的个人简介,/uploads/avatar/default_5.png,1,2026-08-08 22:46:42
6,testuser_0006,$2a$10$N.zmdr9k7uOCQb376NoUnuTJ8iAt6Z5EHsM8lE9lBOsl7iAt6Z5EO,testuser_0006@greenloop.test,1,测试用户6,USER,77,这是测试用户6的个人简介,/uploads/avatar/default_2.png,1,2026-08-14 17:45:42
7,testuser_0007,$2a$10$N.zmdr9k7uOCQb376NoUnuTJ8iAt6Z5EHsM8lE9lBOsl7iAt6Z5EO,testuser_0007@greenloop.test,1,测试用户7,USER,79,这是测试用户7的个人简介,/uploads/avatar/default_5.png,1,2026-07-23 23:57:42
8,testuser_0008,$2a$10$N.zmdr9k7uOCQb376NoUnuTJ8iAt6Z5EHsM8lE9lBOsl7iAt6Z5EO,testuser_0008@greenloop.test,1,测试用户8,USER,78,这是测试用户8的个人简介,/uploads/avatar/default_4.png,1,2026-08-13 04:11:42
9,testuser_0009,$2a$10$N.zmdr9k7uOCQb376NoUnuTJ8iAt6Z5EHsM8lE9lBOsl7iAt6Z5EO,testuser_0009@greenloop.test,1,测试用户9,USER,79,这是测试用户9的个人简介,/uploads/avatar/default_4.png,1,2026-08-08 02:21:42
10,testuser_0010,$2a$10$N.zmdr9k7uOCQb376NoUnuTJ8iAt6Z5EHsM8lE9lBOsl7iAt6Z5EO,testuser_0010@greenloop.test,1,测试用户10,USER,91,这是测试用户10的个人简介,/uploads/avatar/default_4.png,1,2026-08-13 23:53:42
11,testuser_0011,$2a$10$N.zmdr9k7uOCQb376NoUnuTJ8iAt6Z5EHsM8lE9lBOsl7iAt6Z5EO,testuser_0011@greenloop.test,1,测试用户11,USER,87,这是测试用户11的个人简介,/uploads/avatar/default_3.png,1,2026-07-28 10:54:42
12,testuser_0012,$2a$10$N.zmdr9k7uOCQb376NoUnuTJ8iAt6Z5EHsM8lE9lBOsl7iAt6Z5EO,testuser_0012@greenloop.test,1,测试用户12,USER,65,这是测试用户12的个人简介,/uploads/avatar/default_2.png,1,2026-07-26 00:18:42
13,testuser_0013,$2a$10$N.zmdr9k7uOCQb376NoUnuTJ8iAt6Z5EHsM8lE9lBOsl7iAt6Z5EO,testuser_0013@greenloop.test,1,测试用户13,USER,61,这是测试用户13的个人简介,/uploads/avatar/default_3.png,1,2026-07-29 17:07:42
14,testuser_0014,$2a$10$N.zmdr9k7uOCQb376NoUnuTJ8iAt6Z5EHsM8lE9lBOsl7iAt6Z5EO,testuser_0014@greenloop.test,1,测试用户14,USER,71,这是测试用户14的个人简介,/uploads/avatar/default_4.png,1,2026-07-30 22:27:42
15,testuser_0015,$2a$10$N.zmdr9k7uOCQb376NoUnuTJ8iAt6Z5EHsM8lE9lBOsl7iAt6Z5EO,testuser_0015@greenloop.test,1,测试用户15,USER,77,这是测试用户15的个人简介,/uploads/avatar/default_2.png,1,2026-07-29 05:15:42
16,testuser_0016,$2a$10$N.zmdr9k7uOCQb376NoUnuTJ8iAt6Z5EHsM8lE9lBOsl7iAt6Z5EO,testuser_0016@greenloop.test,1,测试用户16,USER,91,这是测试用户16的个人简介,/uploads/avatar/default_1.png,1,2026-08-01 07:29:42
17,testuser_0017,$2a$10$N.zmdr9k7uOCQb376NoUnuTJ8iAt6Z5EHsM8lE9lBOsl7iAt6Z5EO,testuser_0017@greenloop.test,1,测试用户17,USER,81,这是测试用户17的个人简介,/uploads/avatar/default_3.png,1,2026-07-26 15:01:42
18,testuser_0018,$2a$10$N.zmdr9k7uOCQb376NoUnuTJ8iAt6Z5EHsM8lE9lBOsl7iAt6Z5EO,testuser_0018@greenloop.test,1,测试用户18,USER,70,这是测试用户18的个人简介,/uploads/avatar/default_3.png,1,2026-08-02 20:24:42
19,testuser_0019,$2a$10$N.zmdr9k7uOCQb376NoUnuTJ8iAt6Z5EHsM8lE9lBOsl7iAt6Z5EO,testuser_0019@greenloop.test,1,测试用户19,USER,78,这是测试用户19的个人简介,/uploads/avatar/default_4.png,1,2026-07-21 01:53:42
20,testuser_0020,$2a$10$N.zmdr9k7uOCQb376NoUnuTJ8iAt6Z5EHsM8lE9lBOsl7iAt6Z5EO,testuser_0020@greenloop.test,1,测试用户20,USER,89,这是测试用户20的个人简介,/uploads/avatar/default_1.png,1,2026-08-06 10:35:42
21,testuser_0021,$2a$10$N.zmdr9k7uOCQb376NoUnuTJ8iAt6Z5EHsM8lE9lBOsl7iAt6Z5EO,testuser_0021@greenloop.test,1,测试用户21,USER,67,这是测试用户21的个人简介,/uploads/avatar/default_4.png,1,2026-07-20 02:03:42
22,testuser_0022,$2a$10$N.zmdr9k7uOCQb376NoUnuTJ8iAt6Z5EHsM8lE9lBOsl7iAt6Z5EO,testuser_0022@greenloop.test,1,测试用户22,USER,60,这是测试用户22的个人简介,/uploads/avatar/default_5.png,1,2026-08-02 05:52:42
23,testuser_0023,$2a$10$N.zmdr9k7uOCQb376NoUnuTJ8iAt6Z5EHsM8lE9lBOsl7iAt6Z5EO,testuser_0023@greenloop.test,1,测试用户23,USER,72,这是测试用户23的个人简介,/uploads/avatar/default_5.png,1,2026-08-04 23:07:42
24,testuser_0024,$2a$10$N.zmdr9k7uOCQb376NoUnuTJ8iAt6Z5EHsM8lE9lBOsl7iAt6Z5EO,testuser_0024@greenloop.test,1,测试用户24,USER,91,这是测试用户24的个人简介,/uploads/avatar/default_4.png,1,2026-07-23 17:42:42
25,testuser_0025,$2a$10$N.zmdr9k7uOCQb376NoUnuTJ8iAt6Z5EHsM8lE9lBOsl7iAt6Z5EO,testuser_0025@greenloop.test,1,测试用户25,USER,77,这是测试用户25的个人简介,/uploads/avatar/default_5.png,1,2026-08-12 09:27:42
26,testuser_0026,$2a$10$N.zmdr9k7uOCQb376NoUnuTJ8iAt6Z5EHsM8lE9lBOsl7iAt6Z5EO,testuser_0026@greenloop.test,1,测试用户26,USER,91,这是测试用户26的个人简介,/uploads/avatar/default_1.png,1,2026-08-15 22:17:42
27,testuser_0027,$2a$10$N.zmdr9k7uOCQb376NoUnuTJ8iAt6Z5EHsM8lE9lBOsl7iAt6Z5EO,testuser_0027@greenloop.test,1,测试用户27,USER,75,这是测试用户27的个人简介,/uploads/avatar/default_2.png,1,2026-08-07 01:55:42
28,testuser_0028,$2a$10$N.zmdr9k7uOCQb376NoUnuTJ8iAt6Z5EHsM8lE9lBOsl7iAt6Z5EO,testuser_0028@greenloop.test,1,测试用户28,USER,95,这是测试用户28的个人简介,/uploads/avatar/default_4.png,1,2026-08-14 11:02:42
29,testuser_0029,$2a$10$N.zmdr9k7uOCQb376NoUnuTJ8iAt6Z5EHsM8lE9lBOsl7iAt6Z5EO,testuser_0029@greenloop.test,1,测试用户29,USER,67,这是测试用户29的个人简介,/uploads/avatar/default_4.png,1,2026-08-12 22:02:42
30,testuser_0030,$2a$10$N.zmdr9k7uOCQb376NoUnuTJ8iAt6Z5EHsM8lE9lBOsl7iAt6Z5EO,testuser_0030@greenloop.test,1,测试用户30,USER,69,这是测试用户30的个人简介,/uploads/avatar/default_4.png,1,2026-07-17 20:37:42
31,testuser_0031,$2a$10$N.zmdr9k7uOCQb376NoUnuTJ8iAt6Z5EHsM8lE9lBOsl7iAt6Z5EO,testuser_0031@greenloop.test,1,测试用户31,USER,92,这是测试用户31的个人简介,/uploads/avatar/default_3.png,1,2026-08-03 03:25:42
32,testuser_0032,$2a$10$N.zmdr9k7uOCQb376NoUnuTJ8iAt6Z5EHsM8lE9lBOsl7iAt6Z5EO,testuser_0032@greenloop.test,1,测试用户32,USER,75,这是测试用户32的个人简介,/uploads/avatar/default_4.png,1,2026-07-30 14:31:42
33,testuser_0033,$2a$10$N.zmdr9k7uOCQb376NoUnuTJ8iAt6Z5EHsM8lE9lBOsl7iAt6Z5EO,testuser_0033@greenloop.test,1,测试用户33,USER,72,这是测试用户33的个人简介,/uploads/avatar/default_5.png,1,2026-07-30 18:59:42
34,testuser_0034,$2a$10$N.zmdr9k7uOCQb376NoUnuTJ8iAt6Z5EHsM8lE9lBOsl7iAt6Z5EO,testuser_0034@greenloop.test,1,测试用户34,USER,68,这是测试用户34的个人简介,/uploads/avatar/default_1.png,1,2026-08-08 05:34:42
35,testuser_0035,$2a$10$N.zmdr9k7uOCQb376NoUnuTJ8iAt6Z5EHsM8lE9lBOsl7iAt6Z5EO,testuser_0035@greenloop.test,1,测试用户35,USER,92,这是测试用户35的个人简介,/uploads/avatar/default_3.png,1,2026-07-21 18:37:42
36,testuser_0036,$2a$10$N.zmdr9k7uOCQb376NoUnuTJ8iAt6Z5EHsM8lE9lBOsl7iAt6Z5EO,testuser_0036@greenloop.test,1,测试用户36,USER,79,这是测试用户36的个人简介,/uploads/avatar/default_5.png,1,2026-07-28 21:24:42
37,testuser_0037,$2a$10$N.zmdr9k7uOCQb376NoUnuTJ8iAt6Z5EHsM8lE9lBOsl7iAt6Z5EO,testuser_0037@greenloop.test,1,测试用户37,USER,69,这是测试用户37的个人简介,/uploads/avatar/default_4.png,1,2026-07-30 03:33:42
38,testuser_0038,$2a$10$N.zmdr9k7uOCQb376NoUnuTJ8iAt6Z5EHsM8lE9lBOsl7iAt6Z5EO,testuser_0038@greenloop.test,1,测试用户38,USER,81,这是测试用户38的个人简介,/uploads/avatar/default_5.png,1,2026-07-23 01:31:42
39,testuser_0039,$2a$10$N.zmdr9k7uOCQb376NoUnuTJ8iAt6Z5EHsM8lE9lBOsl7iAt6Z5EO,testuser_0039@greenloop.test,1,测试用户39,USER,89,这是测试用户39的个人简介,/uploads/avatar/default_3.png,1,2026-07-20 12:11:42
40,testuser_0040,$2a$10$N.zmdr9k7uOCQb376NoUnuTJ8iAt6Z5EHsM8lE9lBOsl7iAt6Z5EO,testuser_0040@greenloop.test,1,测试用户40,USER,75,这是测试用户40的个人简介,/uploads/avatar/default_5.png,1,2026-08-04 11:01:42
41,testuser_0041,$2a$10$N.zmdr9k7uOCQb376NoUnuTJ8iAt6Z5EHsM8lE9lBOsl7iAt6Z5EO,testuser_0041@greenloop.test,1,测试用户41,USER,86,这是测试用户41的个人简介,/uploads/avatar/default_1.png,1,2026-08-05 19:25:42
42,testuser_0042,$2a$10$N.zmdr9k7uOCQb376NoUnuTJ8iAt6Z5EHsM8lE9lBOsl7iAt6Z5EO,testuser_0042@greenloop.test,1,测试用户42,USER,84,这是测试用户42的个人简介,/uploads/avatar/default_4.png,1,2026-07-25 22:46:42
43,testuser_0043,$2a$10$N.zmdr9k7uOCQb376NoUnuTJ8iAt6Z5EHsM8lE9lBOsl7iAt6Z5EO,testuser_0043@greenloop.test,1,测试用户43,USER,91,这是测试用户43的个人简介,/uploads/avatar/default_1.png,1,2026-08-12 02:18:42
44,testuser_0044,$2a$10$N.zmdr9k7uOCQb376NoUnuTJ8iAt6Z5EHsM8lE9lBOsl7iAt6Z5EO,testuser_0044@greenloop.test,1,测试用户44,USER,81,这是测试用户44的个人简介,/uploads/avatar/default_1.png,1,2026-07-20 04:49:42
45,testuser_0045,$2a$10$N.zmdr9k7uOCQb376NoUnuTJ8iAt6Z5EHsM8lE9lBOsl7iAt6Z5EO,testuser_0045@greenloop.test,1,测试用户45,USER,93,这是测试用户45的个人简介,/uploads/avatar/default_4.png,1,2026-08-15 19:46:42
46,testuser_0046,$2a$10$N.zmdr9k7uOCQb376NoUnuTJ8iAt6Z5EHsM8lE9lBOsl7iAt6Z5EO,testuser_0046@greenloop.test,1,测试用户46,USER,86,这是测试用户46的个人简介,/uploads/avatar/default_2.png,1,2026-08-14 03:05:42
47,testuser_0047,$2a$10$N.zmdr9k7uOCQb376NoUnuTJ8iAt6Z5EHsM8lE9lBOsl7iAt6Z5EO,testuser_0047@greenloop.test,1,测试用户47,USER,76,这是测试用户47的个人简介,/uploads/avatar/default_3.png,1,2026-07-27 20:30:42
48,testuser_0048,$2a$10$N.zmdr9k7uOCQb376NoUnuTJ8iAt6Z5EHsM8lE9lBOsl7iAt6Z5EO,testuser_0048@greenloop.test,1,测试用户48,USER,65,这是测试用户48的个人简介,/uploads/avatar/default_3.png,1,2026-07-19 21:01:42
49,testuser_0049,$2a$10$N.zmdr9k7uOCQb376NoUnuTJ8iAt6Z5EHsM8lE9lBOsl7iAt6Z5EO,testuser_0049@greenloop.test,1,测试用户49,USER,94,这是测试用户49的个人简介,/uploads/avatar/default_4.png,1,2026-08-05 22:10:42
50,testuser_0050,$2a$10$N.zmdr9k7uOCQb376NoUnuTJ8iAt6Z5EHsM8lE9lBOsl7iAt6Z5EO,testuser_0050@greenloop.test,1,测试用户50,USER,91,这是测试用户50的个人简介,/uploads/avatar/default_5.png,1,2026-08-14 23:51:42
51,testuser_0051,$2a$10$N.zmdr9k7uOCQb376NoUnuTJ8iAt6Z5EHsM8lE9lBOsl7iAt6Z5EO,testuser_0051@greenloop.test,1,测试用户51,USER,75,这是测试用户51的个人简介,/uploads/avatar/default_3.png,1,2026-08-08 19:50:42
52,testuser_0052,$2a$10$N.zmdr9k7uOCQb376NoUnuTJ8iAt6Z5EHsM8lE9lBOsl7iAt6Z5EO,testuser_0052@greenloop.test,1,测试用户52,USER,87,这是测试用户52的个人简介,/uploads/avatar/default_1.png,1,2026-07-22 22:10:42
53,testuser_0053,$2a$10$N.zmdr9k7uOCQb376NoUnuTJ8iAt6Z5EHsM8lE9lBOsl7iAt6Z5EO,testuser_0053@greenloop.test,1,测试用户53,USER,66,这是测试用户53的个人简介,/uploads/avatar/default_4.png,1,2026-08-10 20:36:42
54,testuser_0054,$2a$10$N.zmdr9k7uOCQb376NoUnuTJ8iAt6Z5EHsM8lE9lBOsl7iAt6Z5EO,testuser_0054@greenloop.test,1,测试用户54,USER,61,这是测试用户54的个人简介,/uploads/avatar/default_1.png,1,2026-08-06 17:37:42
55,testuser_0055,$2a$10$N.zmdr9k7uOCQb376NoUnuTJ8iAt6Z5EHsM8lE9lBOsl7iAt6Z5EO,testuser_0055@greenloop.test,1,测试用户55,USER,82,这是测试用户55的个人简介,/uploads/avatar/default_3.png,1,2026-08-03 14:40:42
56,testuser_0056,$2a$10$N.zmdr9k7uOCQb376NoUnuTJ8iAt6Z5EHsM8lE9lBOsl7iAt6Z5EO,testuser_0056@greenloop.test,1,测试用户56,USER,93,这是测试用户56的个人简介,/uploads/avatar/default_4.png,1,2026-07-28 21:05:42
57,testuser_0057,$2a$10$N.zmdr9k7uOCQb376NoUnuTJ8iAt6Z5EHsM8lE9lBOsl7iAt6Z5EO,testuser_0057@greenloop.test,1,测试用户57,USER,71,这是测试用户57的个人简介,/uploads/avatar/default_2.png,1,2026-08-11 16:16:42
58,testuser_0058,$2a$10$N.zmdr9k7uOCQb376NoUnuTJ8iAt6Z5EHsM8lE9lBOsl7iAt6Z5EO,testuser_0058@greenloop.test,1,测试用户58,USER,84,这是测试用户58的个人简介,/uploads/avatar/default_5.png,1,2026-07-26 11:24:42
59,testuser_0059,$2a$10$N.zmdr9k7uOCQb376NoUnuTJ8iAt6Z5EHsM8lE9lBOsl7iAt6Z5EO,testuser_0059@greenloop.test,1,测试用户59,USER,97,这是测试用户59的个人简介,/uploads/avatar/default_2.png,1,2026-08-09 04:15:42
60,testuser_0060,$2a$10$N.zmdr9k7uOCQb376NoUnuTJ8iAt6Z5EHsM8lE9lBOsl7iAt6Z5EO,testuser_0060@greenloop.test,1,测试用户60,USER,76,这是测试用户60的个人简介,/uploads/avatar/default_4.png,1,2026-08-07 21:55:42
61,testuser_0061,$2a$10$N.zmdr9k7uOCQb376NoUnuTJ8iAt6Z5EHsM8lE9lBOsl7iAt6Z5EO,testuser_0061@greenloop.test,1,测试用户61,USER,89,这是测试用户61的个人简介,/uploads/avatar/default_3.png,1,2026-07-26 01:45:42
62,testuser_0062,$2a$10$N.zmdr9k7uOCQb376NoUnuTJ8iAt6Z5EHsM8lE9lBOsl7iAt6Z5EO,testuser_0062@greenloop.test,1,测试用户62,USER,64,这是测试用户62的个人简介,/uploads/avatar/default_4.png,1,2026-08-05 00:36:42
63,testuser_0063,$2a$10$N.zmdr9k7uOCQb376NoUnuTJ8iAt6Z5EHsM8lE9lBOsl7iAt6Z5EO,testuser_0063@greenloop.test,1,测试用户63,USER,100,这是测试用户63的个人简介,/uploads/avatar/default_4.png,1,2026-07-25 10:26:42
64,testuser_0064,$2a$10$N.zmdr9k7uOCQb376NoUnuTJ8iAt6Z5EHsM8lE9lBOsl7iAt6Z5EO,testuser_0064@greenloop.test,1,测试用户64,USER,79,这是测试用户64的个人简介,/uploads/avatar/default_2.png,1,2026-08-04 03:49:42
65,testuser_0065,$2a$10$N.zmdr9k7uOCQb376NoUnuTJ8iAt6Z5EHsM8lE9lBOsl7iAt6Z5EO,testuser_0065@greenloop.test,1,测试用户65,USER,75,这是测试用户65的个人简介,/uploads/avatar/default_4.png,1,2026-07-29 07:19:42
66,testuser_0066,$2a$10$N.zmdr9k7uOCQb376NoUnuTJ8iAt6Z5EHsM8lE9lBOsl7iAt6Z5EO,testuser_0066@greenloop.test,1,测试用户66,USER,78,这是测试用户66的个人简介,/uploads/avatar/default_3.png,1,2026-08-15 21:30:42
67,testuser_0067,$2a$10$N.zmdr9k7uOCQb376NoUnuTJ8iAt6Z5EHsM8lE9lBOsl7iAt6Z5EO,testuser_0067@greenloop.test,1,测试用户67,USER,77,这是测试用户67的个人简介,/uploads/avatar/default_1.png,1,2026-07-28 21:06:42
68,testuser_0068,$2a$10$N.zmdr9k7uOCQb376NoUnuTJ8iAt6Z5EHsM8lE9lBOsl7iAt6Z5EO,testuser_0068@greenloop.test,1,测试用户68,USER,63,这是测试用户68的个人简介,/uploads/avatar/default_5.png,1,2026-07-24 03:02:42
69,testuser_0069,$2a$10$N.zmdr9k7uOCQb376NoUnuTJ8iAt6Z5EHsM8lE9lBOsl7iAt6Z5EO,testuser_0069@greenloop.test,1,测试用户69,USER,78,这是测试用户69的个人简介,/uploads/avatar/default_2.png,1,2026-07-28 07:41:42
70,testuser_0070,$2a$10$N.zmdr9k7uOCQb376NoUnuTJ8iAt6Z5EHsM8lE9lBOsl7iAt6Z5EO,testuser_0070@greenloop.test,1,测试用户70,ADMIN,100,这是测试用户70的个人简介,/uploads/avatar/default_2.png,1,2026-07-28 10:12:42
71,testuser_0071,$2a$10$N.zmdr9k7uOCQb376NoUnuTJ8iAt6Z5EHsM8lE9lBOsl7iAt6Z5EO,testuser_0071@greenloop.test,1,测试用户71,USER,68,这是测试用户71的个人简介,/uploads/avatar/default_1.png,1,2026-07-18 22:14:42
72,testuser_0072,$2a$10$N.zmdr9k7uOCQb376NoUnuTJ8iAt6Z5EHsM8lE9lBOsl7iAt6Z5EO,testuser_0072@greenloop.test,1,测试用户72,USER,62,这是测试用户72的个人简介,/uploads/avatar/default_3.png,1,2026-07-22 04:53:42
73,testuser_0073,$2a$10$N.zmdr9k7uOCQb376NoUnuTJ8iAt6Z5EHsM8lE9lBOsl7iAt6Z5EO,testuser_0073@greenloop.test,1,测试用户73,USER,97,这是测试用户73的个人简介,/uploads/avatar/default_3.png,1,2026-07-24 14:50:42
74,testuser_0074,$2a$10$N.zmdr9k7uOCQb376NoUnuTJ8iAt6Z5EHsM8lE9lBOsl7iAt6Z5EO,testuser_0074@greenloop.test,1,测试用户74,USER,78,这是测试用户74的个人简介,/uploads/avatar/default_3.png,1,2026-07-24 05:44:42
75,testuser_0075,$2a$10$N.zmdr9k7uOCQb376NoUnuTJ8iAt6Z5EHsM8lE9lBOsl7iAt6Z5EO,testuser_0075@greenloop.test,1,测试用户75,USER,72,这是测试用户75的个人简介,/uploads/avatar/default_2.png,1,2026-07-22 00:59:42
76,testuser_0076,$2a$10$N.zmdr9k7uOCQb376NoUnuTJ8iAt6Z5EHsM8lE9lBOsl7iAt6Z5EO,testuser_0076@greenloop.test,1,测试用户76,USER,83,这是测试用户76的个人简介,/uploads/avatar/default_5.png,1,2026-07-31 10:02:42
77,testuser_0077,$2a$10$N.zmdr9k7uOCQb376NoUnuTJ8iAt6Z5EHsM8lE9lBOsl7iAt6Z5EO,testuser_0077@greenloop.test,1,测试用户77,USER,70,这是测试用户77的个人简介,/uploads/avatar/default_3.png,1,2026-07-18 03:04:42
78,testuser_0078,$2a$10$N.zmdr9k7uOCQb376NoUnuTJ8iAt6Z5EHsM8lE9lBOsl7iAt6Z5EO,testuser_0078@greenloop.test,1,测试用户78,USER,78,这是测试用户78的个人简介,/uploads/avatar/default_3.png,1,2026-07-22 15:26:42
79,testuser_0079,$2a$10$N.zmdr9k7uOCQb376NoUnuTJ8iAt6Z5EHsM8lE9lBOsl7iAt6Z5EO,testuser_0079@greenloop.test,1,测试用户79,USER,64,这是测试用户79的个人简介,/uploads/avatar/default_2.png,1,2026-07-23 11:00:42
80,testuser_0080,$2a$10$N.zmdr9k7uOCQb376NoUnuTJ8iAt6Z5EHsM8lE9lBOsl7iAt6Z5EO,testuser_0080@greenloop.test,1,测试用户80,USER,85,这是测试用户80的个人简介,/uploads/avatar/default_5.png,1,2026-08-05 16:05:42
81,testuser_0081,$2a$10$N.zmdr9k7uOCQb376NoUnuTJ8iAt6Z5EHsM8lE9lBOsl7iAt6Z5EO,testuser_0081@greenloop.test,1,测试用户81,USER,85,这是测试用户81的个人简介,/uploads/avatar/default_1.png,1,2026-08-08 01:48:42
82,testuser_0082,$2a$10$N.zmdr9k7uOCQb376NoUnuTJ8iAt6Z5EHsM8lE9lBOsl7iAt6Z5EO,testuser_0082@greenloop.test,1,测试用户82,USER,89,这是测试用户82的个人简介,/uploads/avatar/default_3.png,1,2026-07-25 19:12:42
83,testuser_0083,$2a$10$N.zmdr9k7uOCQb376NoUnuTJ8iAt6Z5EHsM8lE9lBOsl7iAt6Z5EO,testuser_0083@greenloop.test,1,测试用户83,USER,76,这是测试用户83的个人简介,/uploads/avatar/default_5.png,1,2026-08-03 22:32:42
84,testuser_0084,$2a$10$N.zmdr9k7uOCQb376NoUnuTJ8iAt6Z5EHsM8lE9lBOsl7iAt6Z5EO,testuser_0084@greenloop.test,1,测试用户84,USER,66,这是测试用户84的个人简介,/uploads/avatar/default_2.png,1,2026-08-01 18:16:42
85,testuser_0085,$2a$10$N.zmdr9k7uOCQb376NoUnuTJ8iAt6Z5EHsM8lE9lBOsl7iAt6Z5EO,testuser_0085@greenloop.test,1,测试用户85,USER,95,这是测试用户85的个人简介,/uploads/avatar/default_3.png,1,2026-07-17 23:41:42
86,testuser_0086,$2a$10$N.zmdr9k7uOCQb376NoUnuTJ8iAt6Z5EHsM8lE9lBOsl7iAt6Z5EO,testuser_0086@greenloop.test,1,测试用户86,USER,64,这是测试用户86的个人简介,/uploads/avatar/default_4.png,1,2026-07-17 20:36:42
87,testuser_0087,$2a$10$N.zmdr9k7uOCQb376NoUnuTJ8iAt6Z5EHsM8lE9lBOsl7iAt6Z5EO,testuser_0087@greenloop.test,1,测试用户87,USER,86,这是测试用户87的个人简介,/uploads/avatar/default_1.png,1,2026-08-12 17:53:42
88,testuser_0088,$2a$10$N.zmdr9k7uOCQb376NoUnuTJ8iAt6Z5EHsM8lE9lBOsl7iAt6Z5EO,testuser_0088@greenloop.test,1,测试用户88,USER,79,这是测试用户88的个人简介,/uploads/avatar/default_4.png,1,2026-08-13 15:40:42
89,testuser_0089,$2a$10$N.zmdr9k7uOCQb376NoUnuTJ8iAt6Z5EHsM8lE9lBOsl7iAt6Z5EO,testuser_0089@greenloop.test,1,测试用户89,USER,94,这是测试用户89的个人简介,/uploads/avatar/default_2.png,1,2026-08-04 04:32:42
90,testuser_0090,$2a$10$N.zmdr9k7uOCQb376NoUnuTJ8iAt6Z5EHsM8lE9lBOsl7iAt6Z5EO,testuser_0090@greenloop.test,1,测试用户90,USER,94,这是测试用户90的个人简介,/uploads/avatar/default_4.png,1,2026-07-28 19:09:42
91,testuser_0091,$2a$10$N.zmdr9k7uOCQb376NoUnuTJ8iAt6Z5EHsM8lE9lBOsl7iAt6Z5EO,testuser_0091@greenloop.test,1,测试用户91,USER,69,这是测试用户91的个人简介,/uploads/avatar/default_4.png,1,2026-07-27 15:02:42
92,testuser_0092,$2a$10$N.zmdr9k7uOCQb376NoUnuTJ8iAt6Z5EHsM8lE9lBOsl7iAt6Z5EO,testuser_0092@greenloop.test,1,测试用户92,USER,91,这是测试用户92的个人简介,/uploads/avatar/default_5.png,1,2026-08-03 10:53:42
93,testuser_0093,$2a$10$N.zmdr9k7uOCQb376NoUnuTJ8iAt6Z5EHsM8lE9lBOsl7iAt6Z5EO,testuser_0093@greenloop.test,1,测试用户93,USER,83,这是测试用户93的个人简介,/uploads/avatar/default_2.png,1,2026-08-02 04:40:42
94,testuser_0094,$2a$10$N.zmdr9k7uOCQb376NoUnuTJ8iAt6Z5EHsM8lE9lBOsl7iAt6Z5EO,testuser_0094@greenloop.test,1,测试用户94,USER,83,这是测试用户94的个人简介,/uploads/avatar/default_1.png,1,2026-07-26 07:21:42
95,testuser_0095,$2a$10$N.zmdr9k7uOCQb376NoUnuTJ8iAt6Z5EHsM8lE9lBOsl7iAt6Z5EO,testuser_0095@greenloop.test,1,测试用户95,USER,82,这是测试用户95的个人简介,/uploads/avatar/default_1.png,1,2026-08-04 10:43:42
96,testuser_0096,$2a$10$N.zmdr9k7uOCQb376NoUnuTJ8iAt6Z5EHsM8lE9lBOsl7iAt6Z5EO,testuser_0096@greenloop.test,1,测试用户96,USER,67,这是测试用户96的个人简介,/uploads/avatar/default_4.png,1,2026-08-13 21:42:42
97,testuser_0097,$2a$10$N.zmdr9k7uOCQb376NoUnuTJ8iAt6Z5EHsM8lE9lBOsl7iAt6Z5EO,testuser_0097@greenloop.test,1,测试用户97,USER,100,这是测试用户97的个人简介,/uploads/avatar/default_5.png,1,2026-08-16 17:05:42
98,testuser_0098,$2a$10$N.zmdr9k7uOCQb376NoUnuTJ8iAt6Z5EHsM8lE9lBOsl7iAt6Z5EO,testuser_0098@greenloop.test,1,测试用户98,USER,81,这是测试用户98的个人简介,/uploads/avatar/default_2.png,1,2026-08-12 00:42:42
99,testuser_0099,$2a$10$N.zmdr9k7uOCQb376NoUnuTJ8iAt6Z5EHsM8lE9lBOsl7iAt6Z5EO,testuser_0099@greenloop.test,1,测试用户99,USER,64,这是测试用户99的个人简介,/uploads/avatar/default_5.png,1,2026-08-10 00:42:42
100,testuser_0100,$2a$10$N.zmdr9k7uOCQb376NoUnuTJ8iAt6Z5EHsM8lE9lBOsl7iAt6Z5EO,testuser_0100@greenloop.test,1,测试用户100,USER,74,这是测试用户100的个人简介,/uploads/avatar/default_3.png,1,2026-07-23 14:05:42
101,testuser_0101,$2a$10$N.zmdr9k7uOCQb376NoUnuTJ8iAt6Z5EHsM8lE9lBOsl7iAt6Z5EO,testuser_0101@greenloop.test,1,测试用户101,USER,98,这是测试用户101的个人简介,/uploads/avatar/default_1.png,1,2026-08-08 14:47:42
102,testuser_0102,$2a$10$N.zmdr9k7uOCQb376NoUnuTJ8iAt6Z5EHsM8lE9lBOsl7iAt6Z5EO,testuser_0102@greenloop.test,1,测试用户102,USER,94,这是测试用户102的个人简介,/uploads/avatar/default_3.png,1,2026-07-22 13:48:42
103,testuser_0103,$2a$10$N.zmdr9k7uOCQb376NoUnuTJ8iAt6Z5EHsM8lE9lBOsl7iAt6Z5EO,testuser_0103@greenloop.test,1,测试用户103,USER,61,这是测试用户103的个人简介,/uploads/avatar/default_2.png,1,2026-08-16 07:05:42
104,testuser_0104,$2a$10$N.zmdr9k7uOCQb376NoUnuTJ8iAt6Z5EHsM8lE9lBOsl7iAt6Z5EO,testuser_0104@greenloop.test,1,测试用户104,USER,75,这是测试用户104的个人简介,/uploads/avatar/default_5.png,1,2026-08-06 18:44:42
105,testuser_0105,$2a$10$N.zmdr9k7uOCQb376NoUnuTJ8iAt6Z5EHsM8lE9lBOsl7iAt6Z5EO,testuser_0105@greenloop.test,1,测试用户105,USER,76,这是测试用户105的个人简介,/uploads/avatar/default_1.png,1,2026-08-11 19:29:42
106,testuser_0106,$2a$10$N.zmdr9k7uOCQb376NoUnuTJ8iAt6Z5EHsM8lE9lBOsl7iAt6Z5EO,testuser_0106@greenloop.test,1,测试用户106,USER,93,这是测试用户106的个人简介,/uploads/avatar/default_1.png,1,2026-07-24 16:25:42
107,testuser_0107,$2a$10$N.zmdr9k7uOCQb376NoUnuTJ8iAt6Z5EHsM8lE9lBOsl7iAt6Z5EO,testuser_0107@greenloop.test,1,测试用户107,USER,88,这是测试用户107的个人简介,/uploads/avatar/default_3.png,1,2026-07-31 00:49:42
108,testuser_0108,$2a$10$N.zmdr9k7uOCQb376NoUnuTJ8iAt6Z5EHsM8lE9lBOsl7iAt6Z5EO,testuser_0108@greenloop.test,1,测试用户108,USER,88,这是测试用户108的个人简介,/uploads/avatar/default_5.png,1,2026-08-08 23:53:42
109,testuser_0109,$2a$10$N.zmdr9k7uOCQb376NoUnuTJ8iAt6Z5EHsM8lE9lBOsl7iAt6Z5EO,testuser_0109@greenloop.test,1,测试用户109,USER,93,这是测试用户109的个人简介,/uploads/avatar/default_3.png,1,2026-08-01 22:54:42
110,testuser_0110,$2a$10$N.zmdr9k7uOCQb376NoUnuTJ8iAt6Z5EHsM8lE9lBOsl7iAt6Z5EO,testuser_0110@greenloop.test,1,测试用户110,USER,63,这是测试用户110的个人简介,/uploads/avatar/default_4.png,1,2026-07-20 06:28:42
111,testuser_0111,$2a$10$N.zmdr9k7uOCQb376NoUnuTJ8iAt6Z5EHsM8lE9lBOsl7iAt6Z5EO,testuser_0111@greenloop.test,1,测试用户111,USER,66,这是测试用户111的个人简介,/uploads/avatar/default_4.png,1,2026-07-25 04:51:42
112,testuser_0112,$2a$10$N.zmdr9k7uOCQb376NoUnuTJ8iAt6Z5EHsM8lE9lBOsl7iAt6Z5EO,testuser_0112@greenloop.test,1,测试用户112,USER,65,这是测试用户112的个人简介,/uploads/avatar/default_3.png,1,2026-07-28 14:51:42
113,testuser_0113,$2a$10$N.zmdr9k7uOCQb376NoUnuTJ8iAt6Z5EHsM8lE9lBOsl7iAt6Z5EO,testuser_0113@greenloop.test,1,测试用户113,USER,68,这是测试用户113的个人简介,/uploads/avatar/default_3.png,1,2026-07-27 22:18:42
114,testuser_0114,$2a$10$N.zmdr9k7uOCQb376NoUnuTJ8iAt6Z5EHsM8lE9lBOsl7iAt6Z5EO,testuser_0114@greenloop.test,1,测试用户114,USER,95,这是测试用户114的个人简介,/uploads/avatar/default_3.png,1,2026-08-03 23:22:42
115,testuser_0115,$2a$10$N.zmdr9k7uOCQb376NoUnuTJ8iAt6Z5EHsM8lE9lBOsl7iAt6Z5EO,testuser_0115@greenloop.test,1,测试用户115,USER,78,这是测试用户115的个人简介,/uploads/avatar/default_4.png,1,2026-07-30 23:28:42
116,testuser_0116,$2a$10$N.zmdr9k7uOCQb376NoUnuTJ8iAt6Z5EHsM8lE9lBOsl7iAt6Z5EO,testuser_0116@greenloop.test,1,测试用户116,USER,66,这是测试用户116的个人简介,/uploads/avatar/default_1.png,1,2026-07-19 22:14:42
117,testuser_0117,$2a$10$N.zmdr9k7uOCQb376NoUnuTJ8iAt6Z5EHsM8lE9lBOsl7iAt6Z5EO,testuser_0117@greenloop.test,1,测试用户117,USER,95,这是测试用户117的个人简介,/uploads/avatar/default_2.png,1,2026-08-03 03:59:42
118,testuser_0118,$2a$10$N.zmdr9k7uOCQb376NoUnuTJ8iAt6Z5EHsM8lE9lBOsl7iAt6Z5EO,testuser_0118@greenloop.test,1,测试用户118,USER,74,这是测试用户118的个人简介,/uploads/avatar/default_4.png,1,2026-08-06 04:30:42
119,testuser_0119,$2a$10$N.zmdr9k7uOCQb376NoUnuTJ8iAt6Z5EHsM8lE9lBOsl7iAt6Z5EO,testuser_0119@greenloop.test,1,测试用户119,USER,86,这是测试用户119的个人简介,/uploads/avatar/default_1.png,1,2026-08-06 05:35:42
120,testuser_0120,$2a$10$N.zmdr9k7uOCQb376NoUnuTJ8iAt6Z5EHsM8lE9lBOsl7iAt6Z5EO,testuser_0120@greenloop.test,1,测试用户120,USER,76,这是测试用户120的个人简介,/uploads/avatar/default_3.png,1,2026-08-11 20:56:42
121,testuser_0121,$2a$10$N.zmdr9k7uOCQb376NoUnuTJ8iAt6Z5EHsM8lE9lBOsl7iAt6Z5EO,testuser_0121@greenloop.test,1,测试用户121,USER,90,这是测试用户121的个人简介,/uploads/avatar/default_1.png,1,2026-08-14 16:50:42
122,testuser_0122,$2a$10$N.zmdr9k7uOCQb376NoUnuTJ8iAt6Z5EHsM8lE9lBOsl7iAt6Z5EO,testuser_0122@greenloop.test,1,测试用户122,USER,87,这是测试用户122的个人简介,/uploads/avatar/default_1.png,1,2026-07-23 19:32:42
123,testuser_0123,$2a$10$N.zmdr9k7uOCQb376NoUnuTJ8iAt6Z5EHsM8lE9lBOsl7iAt6Z5EO,testuser_0123@greenloop.test,1,测试用户123,USER,68,这是测试用户123的个人简介,/uploads/avatar/default_5.png,1,2026-08-15 00:20:42
124,testuser_0124,$2a$10$N.zmdr9k7uOCQb376NoUnuTJ8iAt6Z5EHsM8lE9lBOsl7iAt6Z5EO,testuser_0124@greenloop.test,1,测试用户124,USER,95,这是测试用户124的个人简介,/uploads/avatar/default_3.png,1,2026-07-26 15:29:42
125,testuser_0125,$2a$10$N.zmdr9k7uOCQb376NoUnuTJ8iAt6Z5EHsM8lE9lBOsl7iAt6Z5EO,testuser_0125@greenloop.test,1,测试用户125,USER,82,这是测试用户125的个人简介,/uploads/avatar/default_4.png,1,2026-07-19 19:52:42
126,testuser_0126,$2a$10$N.zmdr9k7uOCQb376NoUnuTJ8iAt6Z5EHsM8lE9lBOsl7iAt6Z5EO,testuser_0126@greenloop.test,1,测试用户126,USER,78,这是测试用户126的个人简介,/uploads/avatar/default_5.png,1,2026-08-07 07:49:42
127,testuser_0127,$2a$10$N.zmdr9k7uOCQb376NoUnuTJ8iAt6Z5EHsM8lE9lBOsl7iAt6Z5EO,testuser_0127@greenloop.test,1,测试用户127,USER,96,这是测试用户127的个人简介,/uploads/avatar/default_5.png,1,2026-08-10 14:13:42
128,testuser_0128,$2a$10$N.zmdr9k7uOCQb376NoUnuTJ8iAt6Z5EHsM8lE9lBOsl7iAt6Z5EO,testuser_0128@greenloop.test,1,测试用户128,USER,90,这是测试用户128的个人简介,/uploads/avatar/default_2.png,1,2026-07-20 15:33:42
129,testuser_0129,$2a$10$N.zmdr9k7uOCQb376NoUnuTJ8iAt6Z5EHsM8lE9lBOsl7iAt6Z5EO,testuser_0129@greenloop.test,1,测试用户129,USER,95,这是测试用户129的个人简介,/uploads/avatar/default_3.png,1,2026-08-13 10:19:42
130,testuser_0130,$2a$10$N.zmdr9k7uOCQb376NoUnuTJ8iAt6Z5EHsM8lE9lBOsl7iAt6Z5EO,testuser_0130@greenloop.test,1,测试用户130,USER,74,这是测试用户130的个人简介,/uploads/avatar/default_4.png,1,2026-07-20 01:06:42
131,testuser_0131,$2a$10$N.zmdr9k7uOCQb376NoUnuTJ8iAt6Z5EHsM8lE9lBOsl7iAt6Z5EO,testuser_0131@greenloop.test,1,测试用户131,USER,99,这是测试用户131的个人简介,/uploads/avatar/default_5.png,1,2026-07-25 22:20:42
132,testuser_0132,$2a$10$N.zmdr9k7uOCQb376NoUnuTJ8iAt6Z5EHsM8lE9lBOsl7iAt6Z5EO,testuser_0132@greenloop.test,1,测试用户132,USER,61,这是测试用户132的个人简介,/uploads/avatar/default_5.png,1,2026-07-17 21:02:42
133,testuser_0133,$2a$10$N.zmdr9k7uOCQb376NoUnuTJ8iAt6Z5EHsM8lE9lBOsl7iAt6Z5EO,testuser_0133@greenloop.test,1,测试用户133,USER,77,这是测试用户133的个人简介,/uploads/avatar/default_1.png,1,2026-08-11 10:11:42
134,testuser_0134,$2a$10$N.zmdr9k7uOCQb376NoUnuTJ8iAt6Z5EHsM8lE9lBOsl7iAt6Z5EO,testuser_0134@greenloop.test,1,测试用户134,USER,79,这是测试用户134的个人简介,/uploads/avatar/default_3.png,1,2026-08-05 18:44:42
135,testuser_0135,$2a$10$N.zmdr9k7uOCQb376NoUnuTJ8iAt6Z5EHsM8lE9lBOsl7iAt6Z5EO,testuser_0135@greenloop.test,1,测试用户135,USER,69,这是测试用户135的个人简介,/uploads/avatar/default_5.png,1,2026-07-26 06:51:42
136,testuser_0136,$2a$10$N.zmdr9k7uOCQb376NoUnuTJ8iAt6Z5EHsM8lE9lBOsl7iAt6Z5EO,testuser_0136@greenloop.test,1,测试用户136,USER,69,这是测试用户136的个人简介,/uploads/avatar/default_1.png,1,2026-08-13 19:22:42
137,testuser_0137,$2a$10$N.zmdr9k7uOCQb376NoUnuTJ8iAt6Z5EHsM8lE9lBOsl7iAt6Z5EO,testuser_0137@greenloop.test,1,测试用户137,USER,73,这是测试用户137的个人简介,/uploads/avatar/default_4.png,1,2026-08-03 04:34:42
138,testuser_0138,$2a$10$N.zmdr9k7uOCQb376NoUnuTJ8iAt6Z5EHsM8lE9lBOsl7iAt6Z5EO,testuser_0138@greenloop.test,1,测试用户138,USER,70,这是测试用户138的个人简介,/uploads/avatar/default_3.png,1,2026-08-06 19:35:42
139,testuser_0139,$2a$10$N.zmdr9k7uOCQb376NoUnuTJ8iAt6Z5EHsM8lE9lBOsl7iAt6Z5EO,testuser_0139@greenloop.test,1,测试用户139,USER,96,这是测试用户139的个人简介,/uploads/avatar/default_5.png,1,2026-08-14 17:46:42
140,testuser_0140,$2a$10$N.zmdr9k7uOCQb376NoUnuTJ8iAt6Z5EHsM8lE9lBOsl7iAt6Z5EO,testuser_0140@greenloop.test,1,测试用户140,USER,70,这是测试用户140的个人简介,/uploads/avatar/default_5.png,1,2026-08-14 21:50:42
141,testuser_0141,$2a$10$N.zmdr9k7uOCQb376NoUnuTJ8iAt6Z5EHsM8lE9lBOsl7iAt6Z5EO,testuser_0141@greenloop.test,1,测试用户141,USER,77,这是测试用户141的个人简介,/uploads/avatar/default_4.png,1,2026-07-26 05:24:42
142,testuser_0142,$2a$10$N.zmdr9k7uOCQb376NoUnuTJ8iAt6Z5EHsM8lE9lBOsl7iAt6Z5EO,testuser_0142@greenloop.test,1,测试用户142,USER,98,这是测试用户142的个人简介,/uploads/avatar/default_4.png,1,2026-08-03 10:42:42
143,testuser_0143,$2a$10$N.zmdr9k7uOCQb376NoUnuTJ8iAt6Z5EHsM8lE9lBOsl7iAt6Z5EO,testuser_0143@greenloop.test,1,测试用户143,USER,92,这是测试用户143的个人简介,/uploads/avatar/default_1.png,1,2026-08-05 05:48:42
144,testuser_0144,$2a$10$N.zmdr9k7uOCQb376NoUnuTJ8iAt6Z5EHsM8lE9lBOsl7iAt6Z5EO,testuser_0144@greenloop.test,1,测试用户144,USER,78,这是测试用户144的个人简介,/uploads/avatar/default_5.png,1,2026-08-01 02:13:42
145,testuser_0145,$2a$10$N.zmdr9k7uOCQb376NoUnuTJ8iAt6Z5EHsM8lE9lBOsl7iAt6Z5EO,testuser_0145@greenloop.test,1,测试用户145,USER,79,这是测试用户145的个人简介,/uploads/avatar/default_1.png,1,2026-08-09 06:17:42
146,testuser_0146,$2a$10$N.zmdr9k7uOCQb376NoUnuTJ8iAt6Z5EHsM8lE9lBOsl7iAt6Z5EO,testuser_0146@greenloop.test,1,测试用户146,USER,63,这是测试用户146的个人简介,/uploads/avatar/default_1.png,1,2026-08-10 09:42:42
147,testuser_0147,$2a$10$N.zmdr9k7uOCQb376NoUnuTJ8iAt6Z5EHsM8lE9lBOsl7iAt6Z5EO,testuser_0147@greenloop.test,1,测试用户147,USER,68,这是测试用户147的个人简介,/uploads/avatar/default_3.png,1,2026-08-07 08:48:42
148,testuser_0148,$2a$10$N.zmdr9k7uOCQb376NoUnuTJ8iAt6Z5EHsM8lE9lBOsl7iAt6Z5EO,testuser_0148@greenloop.test,1,测试用户148,USER,60,这是测试用户148的个人简介,/uploads/avatar/default_4.png,1,2026-07-24 05:44:42
149,testuser_0149,$2a$10$N.zmdr9k7uOCQb376NoUnuTJ8iAt6Z5EHsM8lE9lBOsl7iAt6Z5EO,testuser_0149@greenloop.test,1,测试用户149,USER,68,这是测试用户149的个人简介,/uploads/avatar/default_4.png,1,2026-07-29 20:41:42
150,testuser_0150,$2a$10$N.zmdr9k7uOCQb376NoUnuTJ8iAt6Z5EHsM8lE9lBOsl7iAt6Z5EO,testuser_0150@greenloop.test,1,测试用户150,USER,92,这是测试用户150的个人简介,/uploads/avatar/default_5.png,1,2026-07-20 21:04:42
151,testuser_0151,$2a$10$N.zmdr9k7uOCQb376NoUnuTJ8iAt6Z5EHsM8lE9lBOsl7iAt6Z5EO,testuser_0151@greenloop.test,1,测试用户151,USER,82,这是测试用户151的个人简介,/uploads/avatar/default_1.png,1,2026-08-03 19:53:42
152,testuser_0152,$2a$10$N.zmdr9k7uOCQb376NoUnuTJ8iAt6Z5EHsM8lE9lBOsl7iAt6Z5EO,testuser_0152@greenloop.test,1,测试用户152,USER,87,这是测试用户152的个人简介,/uploads/avatar/default_1.png,1,2026-08-02 16:00:42
153,testuser_0153,$2a$10$N.zmdr9k7uOCQb376NoUnuTJ8iAt6Z5EHsM8lE9lBOsl7iAt6Z5EO,testuser_0153@greenloop.test,1,测试用户153,USER,80,这是测试用户153的个人简介,/uploads/avatar/default_5.png,1,2026-08-03 00:30:42
154,testuser_0154,$2a$10$N.zmdr9k7uOCQb376NoUnuTJ8iAt6Z5EHsM8lE9lBOsl7iAt6Z5EO,testuser_0154@greenloop.test,1,测试用户154,USER,100,这是测试用户154的个人简介,/uploads/avatar/default_4.png,1,2026-08-07 15:30:42
155,testuser_0155,$2a$10$N.zmdr9k7uOCQb376NoUnuTJ8iAt6Z5EHsM8lE9lBOsl7iAt6Z5EO,testuser_0155@greenloop.test,1,测试用户155,USER,61,这是测试用户155的个人简介,/uploads/avatar/default_3.png,1,2026-08-10 23:26:42
156,testuser_0156,$2a$10$N.zmdr9k7uOCQb376NoUnuTJ8iAt6Z5EHsM8lE9lBOsl7iAt6Z5EO,testuser_0156@greenloop.test,1,测试用户156,USER,83,这是测试用户156的个人简介,/uploads/avatar/default_1.png,1,2026-08-03 15:40:42
157,testuser_0157,$2a$10$N.zmdr9k7uOCQb376NoUnuTJ8iAt6Z5EHsM8lE9lBOsl7iAt6Z5EO,testuser_0157@greenloop.test,1,测试用户157,USER,87,这是测试用户157的个人简介,/uploads/avatar/default_5.png,1,2026-08-04 02:50:42
158,testuser_0158,$2a$10$N.zmdr9k7uOCQb376NoUnuTJ8iAt6Z5EHsM8lE9lBOsl7iAt6Z5EO,testuser_0158@greenloop.test,1,测试用户158,USER,85,这是测试用户158的个人简介,/uploads/avatar/default_3.png,1,2026-07-24 08:41:42
159,testuser_0159,$2a$10$N.zmdr9k7uOCQb376NoUnuTJ8iAt6Z5EHsM8lE9lBOsl7iAt6Z5EO,testuser_0159@greenloop.test,1,测试用户159,USER,81,这是测试用户159的个人简介,/uploads/avatar/default_2.png,1,2026-08-14 02:15:42
160,testuser_0160,$2a$10$N.zmdr9k7uOCQb376NoUnuTJ8iAt6Z5EHsM8lE9lBOsl7iAt6Z5EO,testuser_0160@greenloop.test,1,测试用户160,USER,67,这是测试用户160的个人简介,/uploads/avatar/default_5.png,1,2026-07-31 11:58:42
161,testuser_0161,$2a$10$N.zmdr9k7uOCQb376NoUnuTJ8iAt6Z5EHsM8lE9lBOsl7iAt6Z5EO,testuser_0161@greenloop.test,1,测试用户161,USER,82,这是测试用户161的个人简介,/uploads/avatar/default_3.png,1,2026-07-23 22:03:42
162,testuser_0162,$2a$10$N.zmdr9k7uOCQb376NoUnuTJ8iAt6Z5EHsM8lE9lBOsl7iAt6Z5EO,testuser_0162@greenloop.test,1,测试用户162,USER,69,这是测试用户162的个人简介,/uploads/avatar/default_2.png,1,2026-08-13 14:39:42
163,testuser_0163,$2a$10$N.zmdr9k7uOCQb376NoUnuTJ8iAt6Z5EHsM8lE9lBOsl7iAt6Z5EO,testuser_0163@greenloop.test,1,测试用户163,USER,72,这是测试用户163的个人简介,/uploads/avatar/default_2.png,1,2026-07-28 14:07:42
164,testuser_0164,$2a$10$N.zmdr9k7uOCQb376NoUnuTJ8iAt6Z5EHsM8lE9lBOsl7iAt6Z5EO,testuser_0164@greenloop.test,1,测试用户164,USER,64,这是测试用户164的个人简介,/uploads/avatar/default_2.png,1,2026-07-22 22:24:42
165,testuser_0165,$2a$10$N.zmdr9k7uOCQb376NoUnuTJ8iAt6Z5EHsM8lE9lBOsl7iAt6Z5EO,testuser_0165@greenloop.test,1,测试用户165,USER,89,这是测试用户165的个人简介,/uploads/avatar/default_5.png,1,2026-07-23 00:27:42
166,testuser_0166,$2a$10$N.zmdr9k7uOCQb376NoUnuTJ8iAt6Z5EHsM8lE9lBOsl7iAt6Z5EO,testuser_0166@greenloop.test,1,测试用户166,USER,96,这是测试用户166的个人简介,/uploads/avatar/default_5.png,1,2026-08-05 22:35:42
167,testuser_0167,$2a$10$N.zmdr9k7uOCQb376NoUnuTJ8iAt6Z5EHsM8lE9lBOsl7iAt6Z5EO,testuser_0167@greenloop.test,1,测试用户167,USER,69,这是测试用户167的个人简介,/uploads/avatar/default_4.png,1,2026-08-14 03:27:42
168,testuser_0168,$2a$10$N.zmdr9k7uOCQb376NoUnuTJ8iAt6Z5EHsM8lE9lBOsl7iAt6Z5EO,testuser_0168@greenloop.test,1,测试用户168,USER,100,这是测试用户168的个人简介,/uploads/avatar/default_3.png,1,2026-07-22 10:18:42
169,testuser_0169,$2a$10$N.zmdr9k7uOCQb376NoUnuTJ8iAt6Z5EHsM8lE9lBOsl7iAt6Z5EO,testuser_0169@greenloop.test,1,测试用户169,USER,63,这是测试用户169的个人简介,/uploads/avatar/default_3.png,1,2026-07-31 16:36:42
170,testuser_0170,$2a$10$N.zmdr9k7uOCQb376NoUnuTJ8iAt6Z5EHsM8lE9lBOsl7iAt6Z5EO,testuser_0170@greenloop.test,1,测试用户170,USER,89,这是测试用户170的个人简介,/uploads/avatar/default_4.png,1,2026-08-15 17:32:42
171,testuser_0171,$2a$10$N.zmdr9k7uOCQb376NoUnuTJ8iAt6Z5EHsM8lE9lBOsl7iAt6Z5EO,testuser_0171@greenloop.test,1,测试用户171,USER,78,这是测试用户171的个人简介,/uploads/avatar/default_1.png,1,2026-07-27 16:16:42
172,testuser_0172,$2a$10$N.zmdr9k7uOCQb376NoUnuTJ8iAt6Z5EHsM8lE9lBOsl7iAt6Z5EO,testuser_0172@greenloop.test,1,测试用户172,USER,98,这是测试用户172的个人简介,/uploads/avatar/default_5.png,1,2026-08-04 04:18:42
173,testuser_0173,$2a$10$N.zmdr9k7uOCQb376NoUnuTJ8iAt6Z5EHsM8lE9lBOsl7iAt6Z5EO,testuser_0173@greenloop.test,1,测试用户173,USER,95,这是测试用户173的个人简介,/uploads/avatar/default_1.png,1,2026-08-02 00:14:42
174,testuser_0174,$2a$10$N.zmdr9k7uOCQb376NoUnuTJ8iAt6Z5EHsM8lE9lBOsl7iAt6Z5EO,testuser_0174@greenloop.test,1,测试用户174,USER,72,这是测试用户174的个人简介,/uploads/avatar/default_3.png,1,2026-07-28 03:23:42
175,testuser_0175,$2a$10$N.zmdr9k7uOCQb376NoUnuTJ8iAt6Z5EHsM8lE9lBOsl7iAt6Z5EO,testuser_0175@greenloop.test,1,测试用户175,USER,69,这是测试用户175的个人简介,/uploads/avatar/default_1.png,1,2026-08-02 15:04:42
176,testuser_0176,$2a$10$N.zmdr9k7uOCQb376NoUnuTJ8iAt6Z5EHsM8lE9lBOsl7iAt6Z5EO,testuser_0176@greenloop.test,1,测试用户176,USER,81,这是测试用户176的个人简介,/uploads/avatar/default_1.png,1,2026-07-30 22:44:42
177,testuser_0177,$2a$10$N.zmdr9k7uOCQb376NoUnuTJ8iAt6Z5EHsM8lE9lBOsl7iAt6Z5EO,testuser_0177@greenloop.test,1,测试用户177,USER,62,这是测试用户177的个人简介,/uploads/avatar/default_2.png,1,2026-07-25 04:27:42
178,testuser_0178,$2a$10$N.zmdr9k7uOCQb376NoUnuTJ8iAt6Z5EHsM8lE9lBOsl7iAt6Z5EO,testuser_0178@greenloop.test,1,测试用户178,USER,93,这是测试用户178的个人简介,/uploads/avatar/default_5.png,1,2026-07-28 13:32:42
179,testuser_0179,$2a$10$N.zmdr9k7uOCQb376NoUnuTJ8iAt6Z5EHsM8lE9lBOsl7iAt6Z5EO,testuser_0179@greenloop.test,1,测试用户179,USER,83,这是测试用户179的个人简介,/uploads/avatar/default_3.png,1,2026-08-04 05:06:42
180,testuser_0180,$2a$10$N.zmdr9k7uOCQb376NoUnuTJ8iAt6Z5EHsM8lE9lBOsl7iAt6Z5EO,testuser_0180@greenloop.test,1,测试用户180,USER,81,这是测试用户180的个人简介,/uploads/avatar/default_5.png,1,2026-08-14 22:14:42
181,testuser_0181,$2a$10$N.zmdr9k7uOCQb376NoUnuTJ8iAt6Z5EHsM8lE9lBOsl7iAt6Z5EO,testuser_0181@greenloop.test,1,测试用户181,USER,81,这是测试用户181的个人简介,/uploads/avatar/default_1.png,1,2026-08-06 15:20:42
182,testuser_0182,$2a$10$N.zmdr9k7uOCQb376NoUnuTJ8iAt6Z5EHsM8lE9lBOsl7iAt6Z5EO,testuser_0182@greenloop.test,1,测试用户182,USER,84,这是测试用户182的个人简介,/uploads/avatar/default_3.png,1,2026-08-07 19:01:42
183,testuser_0183,$2a$10$N.zmdr9k7uOCQb376NoUnuTJ8iAt6Z5EHsM8lE9lBOsl7iAt6Z5EO,testuser_0183@greenloop.test,1,测试用户183,USER,98,这是测试用户183的个人简介,/uploads/avatar/default_2.png,1,2026-08-06 16:18:42
184,testuser_0184,$2a$10$N.zmdr9k7uOCQb376NoUnuTJ8iAt6Z5EHsM8lE9lBOsl7iAt6Z5EO,testuser_0184@greenloop.test,1,测试用户184,USER,69,这是测试用户184的个人简介,/uploads/avatar/default_3.png,1,2026-08-06 22:11:42
185,testuser_0185,$2a$10$N.zmdr9k7uOCQb376NoUnuTJ8iAt6Z5EHsM8lE9lBOsl7iAt6Z5EO,testuser_0185@greenloop.test,1,测试用户185,USER,85,这是测试用户185的个人简介,/uploads/avatar/default_2.png,1,2026-07-27 20:50:42
186,testuser_0186,$2a$10$N.zmdr9k7uOCQb376NoUnuTJ8iAt6Z5EHsM8lE9lBOsl7iAt6Z5EO,testuser_0186@greenloop.test,1,测试用户186,USER,79,这是测试用户186的个人简介,/uploads/avatar/default_5.png,1,2026-08-03 22:05:42
187,testuser_0187,$2a$10$N.zmdr9k7uOCQb376NoUnuTJ8iAt6Z5EHsM8lE9lBOsl7iAt6Z5EO,testuser_0187@greenloop.test,1,测试用户187,USER,81,这是测试用户187的个人简介,/uploads/avatar/default_2.png,1,2026-07-25 20:02:42
188,testuser_0188,$2a$10$N.zmdr9k7uOCQb376NoUnuTJ8iAt6Z5EHsM8lE9lBOsl7iAt6Z5EO,testuser_0188@greenloop.test,1,测试用户188,USER,93,这是测试用户188的个人简介,/uploads/avatar/default_1.png,1,2026-07-26 21:28:42
189,testuser_0189,$2a$10$N.zmdr9k7uOCQb376NoUnuTJ8iAt6Z5EHsM8lE9lBOsl7iAt6Z5EO,testuser_0189@greenloop.test,1,测试用户189,USER,92,这是测试用户189的个人简介,/uploads/avatar/default_3.png,1,2026-08-16 07:36:42
190,testuser_0190,$2a$10$N.zmdr9k7uOCQb376NoUnuTJ8iAt6Z5EHsM8lE9lBOsl7iAt6Z5EO,testuser_0190@greenloop.test,1,测试用户190,USER,71,这是测试用户190的个人简介,/uploads/avatar/default_2.png,1,2026-08-06 03:43:42
191,testuser_0191,$2a$10$N.zmdr9k7uOCQb376NoUnuTJ8iAt6Z5EHsM8lE9lBOsl7iAt6Z5EO,testuser_0191@greenloop.test,1,测试用户191,USER,74,这是测试用户191的个人简介,/uploads/avatar/default_2.png,1,2026-08-12 16:37:42
192,testuser_0192,$2a$10$N.zmdr9k7uOCQb376NoUnuTJ8iAt6Z5EHsM8lE9lBOsl7iAt6Z5EO,testuser_0192@greenloop.test,1,测试用户192,USER,66,这是测试用户192的个人简介,/uploads/avatar/default_5.png,1,2026-07-23 01:02:42
193,testuser_0193,$2a$10$N.zmdr9k7uOCQb376NoUnuTJ8iAt6Z5EHsM8lE9lBOsl7iAt6Z5EO,testuser_0193@greenloop.test,1,测试用户193,USER,93,这是测试用户193的个人简介,/uploads/avatar/default_1.png,1,2026-07-26 07:59:42
194,testuser_0194,$2a$10$N.zmdr9k7uOCQb376NoUnuTJ8iAt6Z5EHsM8lE9lBOsl7iAt6Z5EO,testuser_0194@greenloop.test,1,测试用户194,USER,99,这是测试用户194的个人简介,/uploads/avatar/default_2.png,1,2026-07-28 06:46:42
195,testuser_0195,$2a$10$N.zmdr9k7uOCQb376NoUnuTJ8iAt6Z5EHsM8lE9lBOsl7iAt6Z5EO,testuser_0195@greenloop.test,1,测试用户195,USER,70,这是测试用户195的个人简介,/uploads/avatar/default_2.png,1,2026-07-20 20:06:42
196,testuser_0196,$2a$10$N.zmdr9k7uOCQb376NoUnuTJ8iAt6Z5EHsM8lE9lBOsl7iAt6Z5EO,testuser_0196@greenloop.test,1,测试用户196,USER,99,这是测试用户196的个人简介,/uploads/avatar/default_2.png,1,2026-07-24 04:53:42
197,testuser_0197,$2a$10$N.zmdr9k7uOCQb376NoUnuTJ8iAt6Z5EHsM8lE9lBOsl7iAt6Z5EO,testuser_0197@greenloop.test,1,测试用户197,USER,86,这是测试用户197的个人简介,/uploads/avatar/default_3.png,1,2026-07-25 19:40:42
198,testuser_0198,$2a$10$N.zmdr9k7uOCQb376NoUnuTJ8iAt6Z5EHsM8lE9lBOsl7iAt6Z5EO,testuser_0198@greenloop.test,1,测试用户198,USER,88,这是测试用户198的个人简介,/uploads/avatar/default_5.png,1,2026-08-06 19:05:42
199,testuser_0199,$2a$10$N.zmdr9k7uOCQb376NoUnuTJ8iAt6Z5EHsM8lE9lBOsl7iAt6Z5EO,testuser_0199@greenloop.test,1,测试用户199,USER,88,这是测试用户199的个人简介,/uploads/avatar/default_2.png,1,2026-07-30 11:36:42
200,testuser_0200,$2a$10$N.zmdr9k7uOCQb376NoUnuTJ8iAt6Z5EHsM8lE9lBOsl7iAt6Z5EO,testuser_0200@greenloop.test,1,测试用户200,USER,90,这是测试用户200的个人简介,/uploads/avatar/default_2.png,1,2026-08-04 21:19:42
201,testuser_0201,$2a$10$N.zmdr9k7uOCQb376NoUnuTJ8iAt6Z5EHsM8lE9lBOsl7iAt6Z5EO,testuser_0201@greenloop.test,1,测试用户201,USER,88,这是测试用户201的个人简介,/uploads/avatar/default_4.png,1,2026-07-23 09:06:42
202,testuser_0202,$2a$10$N.zmdr9k7uOCQb376NoUnuTJ8iAt6Z5EHsM8lE9lBOsl7iAt6Z5EO,testuser_0202@greenloop.test,1,测试用户202,USER,84,这是测试用户202的个人简介,/uploads/avatar/default_5.png,1,2026-07-31 05:45:42
203,testuser_0203,$2a$10$N.zmdr9k7uOCQb376NoUnuTJ8iAt6Z5EHsM8lE9lBOsl7iAt6Z5EO,testuser_0203@greenloop.test,1,测试用户203,USER,72,这是测试用户203的个人简介,/uploads/avatar/default_5.png,1,2026-08-12 10:52:42
204,testuser_0204,$2a$10$N.zmdr9k7uOCQb376NoUnuTJ8iAt6Z5EHsM8lE9lBOsl7iAt6Z5EO,testuser_0204@greenloop.test,1,测试用户204,USER,90,这是测试用户204的个人简介,/uploads/avatar/default_3.png,1,2026-07-30 15:10:42
205,testuser_0205,$2a$10$N.zmdr9k7uOCQb376NoUnuTJ8iAt6Z5EHsM8lE9lBOsl7iAt6Z5EO,testuser_0205@greenloop.test,1,测试用户205,USER,93,这是测试用户205的个人简介,/uploads/avatar/default_1.png,1,2026-08-07 16:07:42
206,testuser_0206,$2a$10$N.zmdr9k7uOCQb376NoUnuTJ8iAt6Z5EHsM8lE9lBOsl7iAt6Z5EO,testuser_0206@greenloop.test,1,测试用户206,USER,70,这是测试用户206的个人简介,/uploads/avatar/default_3.png,1,2026-08-02 02:46:42
207,testuser_0207,$2a$10$N.zmdr9k7uOCQb376NoUnuTJ8iAt6Z5EHsM8lE9lBOsl7iAt6Z5EO,testuser_0207@greenloop.test,1,测试用户207,USER,87,这是测试用户207的个人简介,/uploads/avatar/default_1.png,1,2026-07-18 11:03:42
208,testuser_0208,$2a$10$N.zmdr9k7uOCQb376NoUnuTJ8iAt6Z5EHsM8lE9lBOsl7iAt6Z5EO,testuser_0208@greenloop.test,1,测试用户208,USER,88,这是测试用户208的个人简介,/uploads/avatar/default_3.png,1,2026-07-18 18:29:42
209,testuser_0209,$2a$10$N.zmdr9k7uOCQb376NoUnuTJ8iAt6Z5EHsM8lE9lBOsl7iAt6Z5EO,testuser_0209@greenloop.test,1,测试用户209,USER,63,这是测试用户209的个人简介,/uploads/avatar/default_4.png,1,2026-07-31 07:40:42
210,testuser_0210,$2a$10$N.zmdr9k7uOCQb376NoUnuTJ8iAt6Z5EHsM8lE9lBOsl7iAt6Z5EO,testuser_0210@greenloop.test,1,测试用户210,USER,84,这是测试用户210的个人简介,/uploads/avatar/default_1.png,1,2026-08-05 11:54:42
211,testuser_0211,$2a$10$N.zmdr9k7uOCQb376NoUnuTJ8iAt6Z5EHsM8lE9lBOsl7iAt6Z5EO,testuser_0211@greenloop.test,1,测试用户211,USER,80,这是测试用户211的个人简介,/uploads/avatar/default_1.png,1,2026-07-20 20:14:42
212,testuser_0212,$2a$10$N.zmdr9k7uOCQb376NoUnuTJ8iAt6Z5EHsM8lE9lBOsl7iAt6Z5EO,testuser_0212@greenloop.test,1,测试用户212,USER,81,这是测试用户212的个人简介,/uploads/avatar/default_2.png,1,2026-08-12 17:37:42
213,testuser_0213,$2a$10$N.zmdr9k7uOCQb376NoUnuTJ8iAt6Z5EHsM8lE9lBOsl7iAt6Z5EO,testuser_0213@greenloop.test,1,测试用户213,USER,90,这是测试用户213的个人简介,/uploads/avatar/default_2.png,1,2026-07-22 20:25:42
214,testuser_0214,$2a$10$N.zmdr9k7uOCQb376NoUnuTJ8iAt6Z5EHsM8lE9lBOsl7iAt6Z5EO,testuser_0214@greenloop.test,1,测试用户214,USER,88,这是测试用户214的个人简介,/uploads/avatar/default_5.png,1,2026-08-16 16:54:42
215,testuser_0215,$2a$10$N.zmdr9k7uOCQb376NoUnuTJ8iAt6Z5EHsM8lE9lBOsl7iAt6Z5EO,testuser_0215@greenloop.test,1,测试用户215,USER,76,这是测试用户215的个人简介,/uploads/avatar/default_2.png,1,2026-07-21 14:20:42
216,testuser_0216,$2a$10$N.zmdr9k7uOCQb376NoUnuTJ8iAt6Z5EHsM8lE9lBOsl7iAt6Z5EO,testuser_0216@greenloop.test,1,测试用户216,USER,98,这是测试用户216的个人简介,/uploads/avatar/default_5.png,1,2026-08-03 15:06:42
217,testuser_0217,$2a$10$N.zmdr9k7uOCQb376NoUnuTJ8iAt6Z5EHsM8lE9lBOsl7iAt6Z5EO,testuser_0217@greenloop.test,1,测试用户217,USER,78,这是测试用户217的个人简介,/uploads/avatar/default_2.png,1,2026-08-07 15:52:42
218,testuser_0218,$2a$10$N.zmdr9k7uOCQb376NoUnuTJ8iAt6Z5EHsM8lE9lBOsl7iAt6Z5EO,testuser_0218@greenloop.test,1,测试用户218,USER,75,这是测试用户218的个人简介,/uploads/avatar/default_4.png,1,2026-07-26 23:26:42
219,testuser_0219,$2a$10$N.zmdr9k7uOCQb376NoUnuTJ8iAt6Z5EHsM8lE9lBOsl7iAt6Z5EO,testuser_0219@greenloop.test,1,测试用户219,USER,64,这是测试用户219的个人简介,/uploads/avatar/default_1.png,1,2026-07-21 03:17:42
220,testuser_0220,$2a$10$N.zmdr9k7uOCQb376NoUnuTJ8iAt6Z5EHsM8lE9lBOsl7iAt6Z5EO,testuser_0220@greenloop.test,1,测试用户220,USER,94,这是测试用户220的个人简介,/uploads/avatar/default_1.png,1,2026-07-27 02:19:42
221,testuser_0221,$2a$10$N.zmdr9k7uOCQb376NoUnuTJ8iAt6Z5EHsM8lE9lBOsl7iAt6Z5EO,testuser_0221@greenloop.test,1,测试用户221,USER,75,这是测试用户221的个人简介,/uploads/avatar/default_2.png,1,2026-08-07 05:55:42
222,testuser_0222,$2a$10$N.zmdr9k7uOCQb376NoUnuTJ8iAt6Z5EHsM8lE9lBOsl7iAt6Z5EO,testuser_0222@greenloop.test,1,测试用户222,USER,99,这是测试用户222的个人简介,/uploads/avatar/default_3.png,1,2026-08-09 00:29:42
223,testuser_0223,$2a$10$N.zmdr9k7uOCQb376NoUnuTJ8iAt6Z5EHsM8lE9lBOsl7iAt6Z5EO,testuser_0223@greenloop.test,1,测试用户223,USER,71,这是测试用户223的个人简介,/uploads/avatar/default_1.png,1,2026-07-31 07:51:42
224,testuser_0224,$2a$10$N.zmdr9k7uOCQb376NoUnuTJ8iAt6Z5EHsM8lE9lBOsl7iAt6Z5EO,testuser_0224@greenloop.test,1,测试用户224,USER,93,这是测试用户224的个人简介,/uploads/avatar/default_5.png,1,2026-07-31 02:20:42
225,testuser_0225,$2a$10$N.zmdr9k7uOCQb376NoUnuTJ8iAt6Z5EHsM8lE9lBOsl7iAt6Z5EO,testuser_0225@greenloop.test,1,测试用户225,USER,61,这是测试用户225的个人简介,/uploads/avatar/default_4.png,1,2026-07-20 03:53:42
226,testuser_0226,$2a$10$N.zmdr9k7uOCQb376NoUnuTJ8iAt6Z5EHsM8lE9lBOsl7iAt6Z5EO,testuser_0226@greenloop.test,1,测试用户226,USER,100,这是测试用户226的个人简介,/uploads/avatar/default_4.png,1,2026-08-05 10:08:42
227,testuser_0227,$2a$10$N.zmdr9k7uOCQb376NoUnuTJ8iAt6Z5EHsM8lE9lBOsl7iAt6Z5EO,testuser_0227@greenloop.test,1,测试用户227,USER,61,这是测试用户227的个人简介,/uploads/avatar/default_3.png,1,2026-07-22 16:33:42
228,testuser_0228,$2a$10$N.zmdr9k7uOCQb376NoUnuTJ8iAt6Z5EHsM8lE9lBOsl7iAt6Z5EO,testuser_0228@greenloop.test,1,测试用户228,USER,75,这是测试用户228的个人简介,/uploads/avatar/default_1.png,1,2026-07-23 00:08:42
229,testuser_0229,$2a$10$N.zmdr9k7uOCQb376NoUnuTJ8iAt6Z5EHsM8lE9lBOsl7iAt6Z5EO,testuser_0229@greenloop.test,1,测试用户229,USER,81,这是测试用户229的个人简介,/uploads/avatar/default_2.png,1,2026-08-15 07:21:42
230,testuser_0230,$2a$10$N.zmdr9k7uOCQb376NoUnuTJ8iAt6Z5EHsM8lE9lBOsl7iAt6Z5EO,testuser_0230@greenloop.test,1,测试用户230,USER,81,这是测试用户230的个人简介,/uploads/avatar/default_2.png,1,2026-07-20 21:26:42
231,testuser_0231,$2a$10$N.zmdr9k7uOCQb376NoUnuTJ8iAt6Z5EHsM8lE9lBOsl7iAt6Z5EO,testuser_0231@greenloop.test,1,测试用户231,USER,90,这是测试用户231的个人简介,/uploads/avatar/default_2.png,1,2026-07-22 14:51:42
232,testuser_0232,$2a$10$N.zmdr9k7uOCQb376NoUnuTJ8iAt6Z5EHsM8lE9lBOsl7iAt6Z5EO,testuser_0232@greenloop.test,1,测试用户232,USER,89,这是测试用户232的个人简介,/uploads/avatar/default_1.png,1,2026-08-07 12:53:42
233,testuser_0233,$2a$10$N.zmdr9k7uOCQb376NoUnuTJ8iAt6Z5EHsM8lE9lBOsl7iAt6Z5EO,testuser_0233@greenloop.test,1,测试用户233,USER,72,这是测试用户233的个人简介,/uploads/avatar/default_1.png,1,2026-08-06 09:23:42
234,testuser_0234,$2a$10$N.zmdr9k7uOCQb376NoUnuTJ8iAt6Z5EHsM8lE9lBOsl7iAt6Z5EO,testuser_0234@greenloop.test,1,测试用户234,USER,85,这是测试用户234的个人简介,/uploads/avatar/default_5.png,1,2026-08-01 10:53:42
235,testuser_0235,$2a$10$N.zmdr9k7uOCQb376NoUnuTJ8iAt6Z5EHsM8lE9lBOsl7iAt6Z5EO,testuser_0235@greenloop.test,1,测试用户235,USER,72,这是测试用户235的个人简介,/uploads/avatar/default_3.png,1,2026-08-05 17:00:42
236,testuser_0236,$2a$10$N.zmdr9k7uOCQb376NoUnuTJ8iAt6Z5EHsM8lE9lBOsl7iAt6Z5EO,testuser_0236@greenloop.test,1,测试用户236,USER,81,这是测试用户236的个人简介,/uploads/avatar/default_3.png,1,2026-08-13 07:28:42
237,testuser_0237,$2a$10$N.zmdr9k7uOCQb376NoUnuTJ8iAt6Z5EHsM8lE9lBOsl7iAt6Z5EO,testuser_0237@greenloop.test,1,测试用户237,USER,85,这是测试用户237的个人简介,/uploads/avatar/default_4.png,1,2026-07-19 06:34:42
238,testuser_0238,$2a$10$N.zmdr9k7uOCQb376NoUnuTJ8iAt6Z5EHsM8lE9lBOsl7iAt6Z5EO,testuser_0238@greenloop.test,1,测试用户238,USER,71,这是测试用户238的个人简介,/uploads/avatar/default_4.png,1,2026-07-25 03:32:42
239,testuser_0239,$2a$10$N.zmdr9k7uOCQb376NoUnuTJ8iAt6Z5EHsM8lE9lBOsl7iAt6Z5EO,testuser_0239@greenloop.test,1,测试用户239,USER,93,这是测试用户239的个人简介,/uploads/avatar/default_3.png,1,2026-07-22 16:09:42
240,testuser_0240,$2a$10$N.zmdr9k7uOCQb376NoUnuTJ8iAt6Z5EHsM8lE9lBOsl7iAt6Z5EO,testuser_0240@greenloop.test,1,测试用户240,USER,87,这是测试用户240的个人简介,/uploads/avatar/default_1.png,1,2026-08-02 23:03:42
241,testuser_0241,$2a$10$N.zmdr9k7uOCQb376NoUnuTJ8iAt6Z5EHsM8lE9lBOsl7iAt6Z5EO,testuser_0241@greenloop.test,1,测试用户241,USER,71,这是测试用户241的个人简介,/uploads/avatar/default_5.png,1,2026-08-07 08:49:42
242,testuser_0242,$2a$10$N.zmdr9k7uOCQb376NoUnuTJ8iAt6Z5EHsM8lE9lBOsl7iAt6Z5EO,testuser_0242@greenloop.test,1,测试用户242,USER,65,这是测试用户242的个人简介,/uploads/avatar/default_3.png,1,2026-07-26 09:36:42
243,testuser_0243,$2a$10$N.zmdr9k7uOCQb376NoUnuTJ8iAt6Z5EHsM8lE9lBOsl7iAt6Z5EO,testuser_0243@greenloop.test,1,测试用户243,USER,88,这是测试用户243的个人简介,/uploads/avatar/default_5.png,1,2026-07-25 05:45:42
244,testuser_0244,$2a$10$N.zmdr9k7uOCQb376NoUnuTJ8iAt6Z5EHsM8lE9lBOsl7iAt6Z5EO,testuser_0244@greenloop.test,1,测试用户244,USER,88,这是测试用户244的个人简介,/uploads/avatar/default_3.png,1,2026-08-02 17:09:42
245,testuser_0245,$2a$10$N.zmdr9k7uOCQb376NoUnuTJ8iAt6Z5EHsM8lE9lBOsl7iAt6Z5EO,testuser_0245@greenloop.test,1,测试用户245,USER,82,这是测试用户245的个人简介,/uploads/avatar/default_5.png,1,2026-08-03 10:15:42
246,testuser_0246,$2a$10$N.zmdr9k7uOCQb376NoUnuTJ8iAt6Z5EHsM8lE9lBOsl7iAt6Z5EO,testuser_0246@greenloop.test,1,测试用户246,USER,63,这是测试用户246的个人简介,/uploads/avatar/default_1.png,1,2026-07-25 22:30:42
247,testuser_0247,$2a$10$N.zmdr9k7uOCQb376NoUnuTJ8iAt6Z5EHsM8lE9lBOsl7iAt6Z5EO,testuser_0247@greenloop.test,1,测试用户247,ADMIN,83,这是测试用户247的个人简介,/uploads/avatar/default_5.png,1,2026-07-21 19:12:42
248,testuser_0248,$2a$10$N.zmdr9k7uOCQb376NoUnuTJ8iAt6Z5EHsM8lE9lBOsl7iAt6Z5EO,testuser_0248@greenloop.test,1,测试用户248,USER,70,这是测试用户248的个人简介,/uploads/avatar/default_1.png,1,2026-08-11 23:12:42
249,testuser_0249,$2a$10$N.zmdr9k7uOCQb376NoUnuTJ8iAt6Z5EHsM8lE9lBOsl7iAt6Z5EO,testuser_0249@greenloop.test,1,测试用户249,USER,88,这是测试用户249的个人简介,/uploads/avatar/default_1.png,1,2026-08-12 16:40:42
250,testuser_0250,$2a$10$N.zmdr9k7uOCQb376NoUnuTJ8iAt6Z5EHsM8lE9lBOsl7iAt6Z5EO,testuser_0250@greenloop.test,1,测试用户250,USER,83,这是测试用户250的个人简介,/uploads/avatar/default_3.png,1,2026-08-04 00:53:42
251,testuser_0251,$2a$10$N.zmdr9k7uOCQb376NoUnuTJ8iAt6Z5EHsM8lE9lBOsl7iAt6Z5EO,testuser_0251@greenloop.test,1,测试用户251,USER,98,这是测试用户251的个人简介,/uploads/avatar/default_2.png,1,2026-07-26 04:32:42
252,testuser_0252,$2a$10$N.zmdr9k7uOCQb376NoUnuTJ8iAt6Z5EHsM8lE9lBOsl7iAt6Z5EO,testuser_0252@greenloop.test,1,测试用户252,USER,83,这是测试用户252的个人简介,/uploads/avatar/default_4.png,1,2026-07-23 16:19:42
253,testuser_0253,$2a$10$N.zmdr9k7uOCQb376NoUnuTJ8iAt6Z5EHsM8lE9lBOsl7iAt6Z5EO,testuser_0253@greenloop.test,1,测试用户253,USER,68,这是测试用户253的个人简介,/uploads/avatar/default_5.png,1,2026-08-05 06:35:42
254,testuser_0254,$2a$10$N.zmdr9k7uOCQb376NoUnuTJ8iAt6Z5EHsM8lE9lBOsl7iAt6Z5EO,testuser_0254@greenloop.test,1,测试用户254,USER,77,这是测试用户254的个人简介,/uploads/avatar/default_2.png,1,2026-08-13 18:08:42
255,testuser_0255,$2a$10$N.zmdr9k7uOCQb376NoUnuTJ8iAt6Z5EHsM8lE9lBOsl7iAt6Z5EO,testuser_0255@greenloop.test,1,测试用户255,USER,71,这是测试用户255的个人简介,/uploads/avatar/default_4.png,1,2026-07-31 05:57:42
256,testuser_0256,$2a$10$N.zmdr9k7uOCQb376NoUnuTJ8iAt6Z5EHsM8lE9lBOsl7iAt6Z5EO,testuser_0256@greenloop.test,1,测试用户256,USER,95,这是测试用户256的个人简介,/uploads/avatar/default_1.png,1,2026-08-08 10:10:42
257,testuser_0257,$2a$10$N.zmdr9k7uOCQb376NoUnuTJ8iAt6Z5EHsM8lE9lBOsl7iAt6Z5EO,testuser_0257@greenloop.test,1,测试用户257,USER,88,这是测试用户257的个人简介,/uploads/avatar/default_2.png,1,2026-07-28 09:11:42
258,testuser_0258,$2a$10$N.zmdr9k7uOCQb376NoUnuTJ8iAt6Z5EHsM8lE9lBOsl7iAt6Z5EO,testuser_0258@greenloop.test,1,测试用户258,USER,91,这是测试用户258的个人简介,/uploads/avatar/default_2.png,1,2026-08-13 14:01:42
259,testuser_0259,$2a$10$N.zmdr9k7uOCQb376NoUnuTJ8iAt6Z5EHsM8lE9lBOsl7iAt6Z5EO,testuser_0259@greenloop.test,1,测试用户259,USER,64,这是测试用户259的个人简介,/uploads/avatar/default_4.png,1,2026-08-10 20:27:42
260,testuser_0260,$2a$10$N.zmdr9k7uOCQb376NoUnuTJ8iAt6Z5EHsM8lE9lBOsl7iAt6Z5EO,testuser_0260@greenloop.test,1,测试用户260,USER,65,这是测试用户260的个人简介,/uploads/avatar/default_3.png,1,2026-07-26 07:10:42
261,testuser_0261,$2a$10$N.zmdr9k7uOCQb376NoUnuTJ8iAt6Z5EHsM8lE9lBOsl7iAt6Z5EO,testuser_0261@greenloop.test,1,测试用户261,USER,64,这是测试用户261的个人简介,/uploads/avatar/default_5.png,1,2026-07-30 08:58:42
262,testuser_0262,$2a$10$N.zmdr9k7uOCQb376NoUnuTJ8iAt6Z5EHsM8lE9lBOsl7iAt6Z5EO,testuser_0262@greenloop.test,1,测试用户262,USER,79,这是测试用户262的个人简介,/uploads/avatar/default_2.png,1,2026-07-24 19:56:42
263,testuser_0263,$2a$10$N.zmdr9k7uOCQb376NoUnuTJ8iAt6Z5EHsM8lE9lBOsl7iAt6Z5EO,testuser_0263@greenloop.test,1,测试用户263,USER,100,这是测试用户263的个人简介,/uploads/avatar/default_2.png,1,2026-07-22 07:23:42
264,testuser_0264,$2a$10$N.zmdr9k7uOCQb376NoUnuTJ8iAt6Z5EHsM8lE9lBOsl7iAt6Z5EO,testuser_0264@greenloop.test,1,测试用户264,USER,74,这是测试用户264的个人简介,/uploads/avatar/default_1.png,1,2026-08-10 14:40:42
265,testuser_0265,$2a$10$N.zmdr9k7uOCQb376NoUnuTJ8iAt6Z5EHsM8lE9lBOsl7iAt6Z5EO,testuser_0265@greenloop.test,1,测试用户265,USER,91,这是测试用户265的个人简介,/uploads/avatar/default_1.png,1,2026-08-05 01:19:42
266,testuser_0266,$2a$10$N.zmdr9k7uOCQb376NoUnuTJ8iAt6Z5EHsM8lE9lBOsl7iAt6Z5EO,testuser_0266@greenloop.test,1,测试用户266,USER,83,这是测试用户266的个人简介,/uploads/avatar/default_4.png,1,2026-07-22 01:47:42
267,testuser_0267,$2a$10$N.zmdr9k7uOCQb376NoUnuTJ8iAt6Z5EHsM8lE9lBOsl7iAt6Z5EO,testuser_0267@greenloop.test,1,测试用户267,USER,99,这是测试用户267的个人简介,/uploads/avatar/default_1.png,1,2026-08-14 09:30:42
268,testuser_0268,$2a$10$N.zmdr9k7uOCQb376NoUnuTJ8iAt6Z5EHsM8lE9lBOsl7iAt6Z5EO,testuser_0268@greenloop.test,1,测试用户268,USER,90,这是测试用户268的个人简介,/uploads/avatar/default_5.png,1,2026-08-03 05:03:42
269,testuser_0269,$2a$10$N.zmdr9k7uOCQb376NoUnuTJ8iAt6Z5EHsM8lE9lBOsl7iAt6Z5EO,testuser_0269@greenloop.test,1,测试用户269,USER,96,这是测试用户269的个人简介,/uploads/avatar/default_1.png,1,2026-08-12 08:14:42
270,testuser_0270,$2a$10$N.zmdr9k7uOCQb376NoUnuTJ8iAt6Z5EHsM8lE9lBOsl7iAt6Z5EO,testuser_0270@greenloop.test,1,测试用户270,USER,64,这是测试用户270的个人简介,/uploads/avatar/default_4.png,1,2026-08-01 21:22:42
271,testuser_0271,$2a$10$N.zmdr9k7uOCQb376NoUnuTJ8iAt6Z5EHsM8lE9lBOsl7iAt6Z5EO,testuser_0271@greenloop.test,1,测试用户271,USER,82,这是测试用户271的个人简介,/uploads/avatar/default_2.png,1,2026-07-19 01:15:42
272,testuser_0272,$2a$10$N.zmdr9k7uOCQb376NoUnuTJ8iAt6Z5EHsM8lE9lBOsl7iAt6Z5EO,testuser_0272@greenloop.test,1,测试用户272,USER,97,这是测试用户272的个人简介,/uploads/avatar/default_2.png,1,2026-07-23 14:28:42
273,testuser_0273,$2a$10$N.zmdr9k7uOCQb376NoUnuTJ8iAt6Z5EHsM8lE9lBOsl7iAt6Z5EO,testuser_0273@greenloop.test,1,测试用户273,USER,92,这是测试用户273的个人简介,/uploads/avatar/default_1.png,1,2026-07-21 15:22:42
274,testuser_0274,$2a$10$N.zmdr9k7uOCQb376NoUnuTJ8iAt6Z5EHsM8lE9lBOsl7iAt6Z5EO,testuser_0274@greenloop.test,1,测试用户274,USER,69,这是测试用户274的个人简介,/uploads/avatar/default_3.png,1,2026-08-11 13:35:42
275,testuser_0275,$2a$10$N.zmdr9k7uOCQb376NoUnuTJ8iAt6Z5EHsM8lE9lBOsl7iAt6Z5EO,testuser_0275@greenloop.test,1,测试用户275,USER,74,这是测试用户275的个人简介,/uploads/avatar/default_3.png,1,2026-07-31 09:01:42
276,testuser_0276,$2a$10$N.zmdr9k7uOCQb376NoUnuTJ8iAt6Z5EHsM8lE9lBOsl7iAt6Z5EO,testuser_0276@greenloop.test,1,测试用户276,USER,65,这是测试用户276的个人简介,/uploads/avatar/default_3.png,1,2026-08-09 22:20:42
277,testuser_0277,$2a$10$N.zmdr9k7uOCQb376NoUnuTJ8iAt6Z5EHsM8lE9lBOsl7iAt6Z5EO,testuser_0277@greenloop.test,1,测试用户277,USER,77,这是测试用户277的个人简介,/uploads/avatar/default_2.png,1,2026-07-27 09:16:42
278,testuser_0278,$2a$10$N.zmdr9k7uOCQb376NoUnuTJ8iAt6Z5EHsM8lE9lBOsl7iAt6Z5EO,testuser_0278@greenloop.test,1,测试用户278,USER,94,这是测试用户278的个人简介,/uploads/avatar/default_1.png,1,2026-07-30 22:45:42
279,testuser_0279,$2a$10$N.zmdr9k7uOCQb376NoUnuTJ8iAt6Z5EHsM8lE9lBOsl7iAt6Z5EO,testuser_0279@greenloop.test,1,测试用户279,USER,97,这是测试用户279的个人简介,/uploads/avatar/default_5.png,1,2026-08-12 13:13:42
280,testuser_0280,$2a$10$N.zmdr9k7uOCQb376NoUnuTJ8iAt6Z5EHsM8lE9lBOsl7iAt6Z5EO,testuser_0280@greenloop.test,1,测试用户280,USER,99,这是测试用户280的个人简介,/uploads/avatar/default_5.png,1,2026-08-06 00:53:42
281,testuser_0281,$2a$10$N.zmdr9k7uOCQb376NoUnuTJ8iAt6Z5EHsM8lE9lBOsl7iAt6Z5EO,testuser_0281@greenloop.test,1,测试用户281,USER,61,这是测试用户281的个人简介,/uploads/avatar/default_1.png,1,2026-08-14 22:06:42
282,testuser_0282,$2a$10$N.zmdr9k7uOCQb376NoUnuTJ8iAt6Z5EHsM8lE9lBOsl7iAt6Z5EO,testuser_0282@greenloop.test,1,测试用户282,USER,96,这是测试用户282的个人简介,/uploads/avatar/default_3.png,1,2026-07-27 12:06:42
283,testuser_0283,$2a$10$N.zmdr9k7uOCQb376NoUnuTJ8iAt6Z5EHsM8lE9lBOsl7iAt6Z5EO,testuser_0283@greenloop.test,1,测试用户283,USER,96,这是测试用户283的个人简介,/uploads/avatar/default_4.png,1,2026-07-27 22:54:42
284,testuser_0284,$2a$10$N.zmdr9k7uOCQb376NoUnuTJ8iAt6Z5EHsM8lE9lBOsl7iAt6Z5EO,testuser_0284@greenloop.test,1,测试用户284,USER,91,这是测试用户284的个人简介,/uploads/avatar/default_5.png,1,2026-08-06 22:36:42
285,testuser_0285,$2a$10$N.zmdr9k7uOCQb376NoUnuTJ8iAt6Z5EHsM8lE9lBOsl7iAt6Z5EO,testuser_0285@greenloop.test,1,测试用户285,USER,90,这是测试用户285的个人简介,/uploads/avatar/default_2.png,1,2026-07-21 21:30:42
286,testuser_0286,$2a$10$N.zmdr9k7uOCQb376NoUnuTJ8iAt6Z5EHsM8lE9lBOsl7iAt6Z5EO,testuser_0286@greenloop.test,1,测试用户286,USER,79,这是测试用户286的个人简介,/uploads/avatar/default_4.png,1,2026-08-13 20:52:42
287,testuser_0287,$2a$10$N.zmdr9k7uOCQb376NoUnuTJ8iAt6Z5EHsM8lE9lBOsl7iAt6Z5EO,testuser_0287@greenloop.test,1,测试用户287,USER,70,这是测试用户287的个人简介,/uploads/avatar/default_4.png,1,2026-08-03 03:26:42
288,testuser_0288,$2a$10$N.zmdr9k7uOCQb376NoUnuTJ8iAt6Z5EHsM8lE9lBOsl7iAt6Z5EO,testuser_0288@greenloop.test,1,测试用户288,USER,73,这是测试用户288的个人简介,/uploads/avatar/default_3.png,1,2026-07-28 14:35:42
289,testuser_0289,$2a$10$N.zmdr9k7uOCQb376NoUnuTJ8iAt6Z5EHsM8lE9lBOsl7iAt6Z5EO,testuser_0289@greenloop.test,1,测试用户289,USER,80,这是测试用户289的个人简介,/uploads/avatar/default_3.png,1,2026-08-04 14:07:42
290,testuser_0290,$2a$10$N.zmdr9k7uOCQb376NoUnuTJ8iAt6Z5EHsM8lE9lBOsl7iAt6Z5EO,testuser_0290@greenloop.test,1,测试用户290,USER,83,这是测试用户290的个人简介,/uploads/avatar/default_5.png,1,2026-07-30 15:35:42
291,testuser_0291,$2a$10$N.zmdr9k7uOCQb376NoUnuTJ8iAt6Z5EHsM8lE9lBOsl7iAt6Z5EO,testuser_0291@greenloop.test,1,测试用户291,USER,75,这是测试用户291的个人简介,/uploads/avatar/default_4.png,1,2026-08-13 10:27:42
292,testuser_0292,$2a$10$N.zmdr9k7uOCQb376NoUnuTJ8iAt6Z5EHsM8lE9lBOsl7iAt6Z5EO,testuser_0292@greenloop.test,1,测试用户292,USER,75,这是测试用户292的个人简介,/uploads/avatar/default_2.png,1,2026-08-13 17:37:42
293,testuser_0293,$2a$10$N.zmdr9k7uOCQb376NoUnuTJ8iAt6Z5EHsM8lE9lBOsl7iAt6Z5EO,testuser_0293@greenloop.test,1,测试用户293,USER,84,这是测试用户293的个人简介,/uploads/avatar/default_5.png,1,2026-08-03 11:00:42
294,testuser_0294,$2a$10$N.zmdr9k7uOCQb376NoUnuTJ8iAt6Z5EHsM8lE9lBOsl7iAt6Z5EO,testuser_0294@greenloop.test,1,测试用户294,USER,70,这是测试用户294的个人简介,/uploads/avatar/default_3.png,1,2026-07-18 00:09:42
295,testuser_0295,$2a$10$N.zmdr9k7uOCQb376NoUnuTJ8iAt6Z5EHsM8lE9lBOsl7iAt6Z5EO,testuser_0295@greenloop.test,1,测试用户295,USER,80,这是测试用户295的个人简介,/uploads/avatar/default_2.png,1,2026-07-23 13:24:42
296,testuser_0296,$2a$10$N.zmdr9k7uOCQb376NoUnuTJ8iAt6Z5EHsM8lE9lBOsl7iAt6Z5EO,testuser_0296@greenloop.test,1,测试用户296,USER,92,这是测试用户296的个人简介,/uploads/avatar/default_4.png,1,2026-08-01 09:24:42
297,testuser_0297,$2a$10$N.zmdr9k7uOCQb376NoUnuTJ8iAt6Z5EHsM8lE9lBOsl7iAt6Z5EO,testuser_0297@greenloop.test,1,测试用户297,USER,61,这是测试用户297的个人简介,/uploads/avatar/default_1.png,1,2026-08-04 02:26:42
298,testuser_0298,$2a$10$N.zmdr9k7uOCQb376NoUnuTJ8iAt6Z5EHsM8lE9lBOsl7iAt6Z5EO,testuser_0298@greenloop.test,1,测试用户298,USER,75,这是测试用户298的个人简介,/uploads/avatar/default_2.png,1,2026-07-29 07:52:42
299,testuser_0299,$2a$10$N.zmdr9k7uOCQb376NoUnuTJ8iAt6Z5EHsM8lE9lBOsl7iAt6Z5EO,testuser_0299@greenloop.test,1,测试用户299,USER,63,这是测试用户299的个人简介,/uploads/avatar/default_3.png,1,2026-07-31 22:59:42
300,testuser_0300,$2a$10$N.zmdr9k7uOCQb376NoUnuTJ8iAt6Z5EHsM8lE9lBOsl7iAt6Z5EO,testuser_0300@greenloop.test,1,测试用户300,USER,90,这是测试用户300的个人简介,/uploads/avatar/default_3.png,1,2026-07-30 18:01:42
301,testuser_0301,$2a$10$N.zmdr9k7uOCQb376NoUnuTJ8iAt6Z5EHsM8lE9lBOsl7iAt6Z5EO,testuser_0301@greenloop.test,1,测试用户301,USER,66,这是测试用户301的个人简介,/uploads/avatar/default_4.png,1,2026-08-12 10:09:42
302,testuser_0302,$2a$10$N.zmdr9k7uOCQb376NoUnuTJ8iAt6Z5EHsM8lE9lBOsl7iAt6Z5EO,testuser_0302@greenloop.test,1,测试用户302,USER,83,这是测试用户302的个人简介,/uploads/avatar/default_4.png,1,2026-08-05 17:30:42
303,testuser_0303,$2a$10$N.zmdr9k7uOCQb376NoUnuTJ8iAt6Z5EHsM8lE9lBOsl7iAt6Z5EO,testuser_0303@greenloop.test,1,测试用户303,USER,63,这是测试用户303的个人简介,/uploads/avatar/default_5.png,1,2026-07-30 12:32:42
304,testuser_0304,$2a$10$N.zmdr9k7uOCQb376NoUnuTJ8iAt6Z5EHsM8lE9lBOsl7iAt6Z5EO,testuser_0304@greenloop.test,1,测试用户304,USER,95,这是测试用户304的个人简介,/uploads/avatar/default_3.png,1,2026-08-14 06:23:42
305,testuser_0305,$2a$10$N.zmdr9k7uOCQb376NoUnuTJ8iAt6Z5EHsM8lE9lBOsl7iAt6Z5EO,testuser_0305@greenloop.test,1,测试用户305,USER,88,这是测试用户305的个人简介,/uploads/avatar/default_5.png,1,2026-08-07 23:12:42
306,testuser_0306,$2a$10$N.zmdr9k7uOCQb376NoUnuTJ8iAt6Z5EHsM8lE9lBOsl7iAt6Z5EO,testuser_0306@greenloop.test,1,测试用户306,USER,99,这是测试用户306的个人简介,/uploads/avatar/default_1.png,1,2026-08-12 15:30:42
307,testuser_0307,$2a$10$N.zmdr9k7uOCQb376NoUnuTJ8iAt6Z5EHsM8lE9lBOsl7iAt6Z5EO,testuser_0307@greenloop.test,1,测试用户307,USER,83,这是测试用户307的个人简介,/uploads/avatar/default_3.png,1,2026-07-30 07:07:42
308,testuser_0308,$2a$10$N.zmdr9k7uOCQb376NoUnuTJ8iAt6Z5EHsM8lE9lBOsl7iAt6Z5EO,testuser_0308@greenloop.test,1,测试用户308,USER,69,这是测试用户308的个人简介,/uploads/avatar/default_2.png,1,2026-07-28 02:30:42
309,testuser_0309,$2a$10$N.zmdr9k7uOCQb376NoUnuTJ8iAt6Z5EHsM8lE9lBOsl7iAt6Z5EO,testuser_0309@greenloop.test,1,测试用户309,USER,92,这是测试用户309的个人简介,/uploads/avatar/default_1.png,1,2026-08-15 17:47:42
310,testuser_0310,$2a$10$N.zmdr9k7uOCQb376NoUnuTJ8iAt6Z5EHsM8lE9lBOsl7iAt6Z5EO,testuser_0310@greenloop.test,1,测试用户310,USER,81,这是测试用户310的个人简介,/uploads/avatar/default_4.png,1,2026-07-31 04:46:42
311,testuser_0311,$2a$10$N.zmdr9k7uOCQb376NoUnuTJ8iAt6Z5EHsM8lE9lBOsl7iAt6Z5EO,testuser_0311@greenloop.test,1,测试用户311,USER,98,这是测试用户311的个人简介,/uploads/avatar/default_5.png,1,2026-08-12 07:56:42
312,testuser_0312,$2a$10$N.zmdr9k7uOCQb376NoUnuTJ8iAt6Z5EHsM8lE9lBOsl7iAt6Z5EO,testuser_0312@greenloop.test,1,测试用户312,USER,99,这是测试用户312的个人简介,/uploads/avatar/default_3.png,1,2026-08-11 06:16:42
313,testuser_0313,$2a$10$N.zmdr9k7uOCQb376NoUnuTJ8iAt6Z5EHsM8lE9lBOsl7iAt6Z5EO,testuser_0313@greenloop.test,1,测试用户313,USER,79,这是测试用户313的个人简介,/uploads/avatar/default_5.png,1,2026-08-06 02:02:42
314,testuser_0314,$2a$10$N.zmdr9k7uOCQb376NoUnuTJ8iAt6Z5EHsM8lE9lBOsl7iAt6Z5EO,testuser_0314@greenloop.test,1,测试用户314,USER,92,这是测试用户314的个人简介,/uploads/avatar/default_5.png,1,2026-07-31 20:19:42
315,testuser_0315,$2a$10$N.zmdr9k7uOCQb376NoUnuTJ8iAt6Z5EHsM8lE9lBOsl7iAt6Z5EO,testuser_0315@greenloop.test,1,测试用户315,USER,79,这是测试用户315的个人简介,/uploads/avatar/default_4.png,1,2026-07-21 18:32:42
316,testuser_0316,$2a$10$N.zmdr9k7uOCQb376NoUnuTJ8iAt6Z5EHsM8lE9lBOsl7iAt6Z5EO,testuser_0316@greenloop.test,1,测试用户316,USER,81,这是测试用户316的个人简介,/uploads/avatar/default_1.png,1,2026-08-03 00:36:42
317,testuser_0317,$2a$10$N.zmdr9k7uOCQb376NoUnuTJ8iAt6Z5EHsM8lE9lBOsl7iAt6Z5EO,testuser_0317@greenloop.test,1,测试用户317,USER,100,这是测试用户317的个人简介,/uploads/avatar/default_1.png,1,2026-07-28 03:39:42
318,testuser_0318,$2a$10$N.zmdr9k7uOCQb376NoUnuTJ8iAt6Z5EHsM8lE9lBOsl7iAt6Z5EO,testuser_0318@greenloop.test,1,测试用户318,USER,97,这是测试用户318的个人简介,/uploads/avatar/default_5.png,1,2026-08-08 19:52:42
319,testuser_0319,$2a$10$N.zmdr9k7uOCQb376NoUnuTJ8iAt6Z5EHsM8lE9lBOsl7iAt6Z5EO,testuser_0319@greenloop.test,1,测试用户319,USER,97,这是测试用户319的个人简介,/uploads/avatar/default_4.png,1,2026-08-11 02:15:42
320,testuser_0320,$2a$10$N.zmdr9k7uOCQb376NoUnuTJ8iAt6Z5EHsM8lE9lBOsl7iAt6Z5EO,testuser_0320@greenloop.test,1,测试用户320,USER,99,这是测试用户320的个人简介,/uploads/avatar/default_4.png,1,2026-08-11 21:40:42
321,testuser_0321,$2a$10$N.zmdr9k7uOCQb376NoUnuTJ8iAt6Z5EHsM8lE9lBOsl7iAt6Z5EO,testuser_0321@greenloop.test,1,测试用户321,USER,62,这是测试用户321的个人简介,/uploads/avatar/default_5.png,1,2026-07-25 15:43:42
322,testuser_0322,$2a$10$N.zmdr9k7uOCQb376NoUnuTJ8iAt6Z5EHsM8lE9lBOsl7iAt6Z5EO,testuser_0322@greenloop.test,1,测试用户322,USER,61,这是测试用户322的个人简介,/uploads/avatar/default_4.png,1,2026-08-06 05:46:42
323,testuser_0323,$2a$10$N.zmdr9k7uOCQb376NoUnuTJ8iAt6Z5EHsM8lE9lBOsl7iAt6Z5EO,testuser_0323@greenloop.test,1,测试用户323,USER,86,这是测试用户323的个人简介,/uploads/avatar/default_2.png,1,2026-08-03 02:06:42
324,testuser_0324,$2a$10$N.zmdr9k7uOCQb376NoUnuTJ8iAt6Z5EHsM8lE9lBOsl7iAt6Z5EO,testuser_0324@greenloop.test,1,测试用户324,USER,99,这是测试用户324的个人简介,/uploads/avatar/default_4.png,1,2026-07-19 19:09:42
325,testuser_0325,$2a$10$N.zmdr9k7uOCQb376NoUnuTJ8iAt6Z5EHsM8lE9lBOsl7iAt6Z5EO,testuser_0325@greenloop.test,1,测试用户325,USER,63,这是测试用户325的个人简介,/uploads/avatar/default_2.png,1,2026-07-31 12:20:42
326,testuser_0326,$2a$10$N.zmdr9k7uOCQb376NoUnuTJ8iAt6Z5EHsM8lE9lBOsl7iAt6Z5EO,testuser_0326@greenloop.test,1,测试用户326,USER,80,这是测试用户326的个人简介,/uploads/avatar/default_4.png,1,2026-07-31 06:35:42
327,testuser_0327,$2a$10$N.zmdr9k7uOCQb376NoUnuTJ8iAt6Z5EHsM8lE9lBOsl7iAt6Z5EO,testuser_0327@greenloop.test,1,测试用户327,USER,71,这是测试用户327的个人简介,/uploads/avatar/default_4.png,1,2026-07-18 01:34:42
328,testuser_0328,$2a$10$N.zmdr9k7uOCQb376NoUnuTJ8iAt6Z5EHsM8lE9lBOsl7iAt6Z5EO,testuser_0328@greenloop.test,1,测试用户328,USER,94,这是测试用户328的个人简介,/uploads/avatar/default_3.png,1,2026-07-25 19:12:42
329,testuser_0329,$2a$10$N.zmdr9k7uOCQb376NoUnuTJ8iAt6Z5EHsM8lE9lBOsl7iAt6Z5EO,testuser_0329@greenloop.test,1,测试用户329,USER,76,这是测试用户329的个人简介,/uploads/avatar/default_5.png,1,2026-08-01 12:40:42
330,testuser_0330,$2a$10$N.zmdr9k7uOCQb376NoUnuTJ8iAt6Z5EHsM8lE9lBOsl7iAt6Z5EO,testuser_0330@greenloop.test,1,测试用户330,USER,77,这是测试用户330的个人简介,/uploads/avatar/default_5.png,1,2026-08-07 11:36:42
331,testuser_0331,$2a$10$N.zmdr9k7uOCQb376NoUnuTJ8iAt6Z5EHsM8lE9lBOsl7iAt6Z5EO,testuser_0331@greenloop.test,1,测试用户331,USER,78,这是测试用户331的个人简介,/uploads/avatar/default_2.png,1,2026-07-24 20:24:42
332,testuser_0332,$2a$10$N.zmdr9k7uOCQb376NoUnuTJ8iAt6Z5EHsM8lE9lBOsl7iAt6Z5EO,testuser_0332@greenloop.test,1,测试用户332,USER,80,这是测试用户332的个人简介,/uploads/avatar/default_4.png,1,2026-08-05 00:56:42
333,testuser_0333,$2a$10$N.zmdr9k7uOCQb376NoUnuTJ8iAt6Z5EHsM8lE9lBOsl7iAt6Z5EO,testuser_0333@greenloop.test,1,测试用户333,USER,77,这是测试用户333的个人简介,/uploads/avatar/default_3.png,1,2026-08-13 00:12:42
334,testuser_0334,$2a$10$N.zmdr9k7uOCQb376NoUnuTJ8iAt6Z5EHsM8lE9lBOsl7iAt6Z5EO,testuser_0334@greenloop.test,1,测试用户334,USER,94,这是测试用户334的个人简介,/uploads/avatar/default_4.png,1,2026-07-19 06:03:42
335,testuser_0335,$2a$10$N.zmdr9k7uOCQb376NoUnuTJ8iAt6Z5EHsM8lE9lBOsl7iAt6Z5EO,testuser_0335@greenloop.test,1,测试用户335,USER,82,这是测试用户335的个人简介,/uploads/avatar/default_2.png,1,2026-08-07 17:37:42
336,testuser_0336,$2a$10$N.zmdr9k7uOCQb376NoUnuTJ8iAt6Z5EHsM8lE9lBOsl7iAt6Z5EO,testuser_0336@greenloop.test,1,测试用户336,USER,65,这是测试用户336的个人简介,/uploads/avatar/default_3.png,1,2026-07-18 04:14:42
337,testuser_0337,$2a$10$N.zmdr9k7uOCQb376NoUnuTJ8iAt6Z5EHsM8lE9lBOsl7iAt6Z5EO,testuser_0337@greenloop.test,1,测试用户337,USER,76,这是测试用户337的个人简介,/uploads/avatar/default_4.png,1,2026-08-10 12:03:42
338,testuser_0338,$2a$10$N.zmdr9k7uOCQb376NoUnuTJ8iAt6Z5EHsM8lE9lBOsl7iAt6Z5EO,testuser_0338@greenloop.test,1,测试用户338,USER,94,这是测试用户338的个人简介,/uploads/avatar/default_3.png,1,2026-07-18 01:11:42
339,testuser_0339,$2a$10$N.zmdr9k7uOCQb376NoUnuTJ8iAt6Z5EHsM8lE9lBOsl7iAt6Z5EO,testuser_0339@greenloop.test,1,测试用户339,USER,77,这是测试用户339的个人简介,/uploads/avatar/default_2.png,1,2026-08-12 23:08:42
340,testuser_0340,$2a$10$N.zmdr9k7uOCQb376NoUnuTJ8iAt6Z5EHsM8lE9lBOsl7iAt6Z5EO,testuser_0340@greenloop.test,1,测试用户340,USER,97,这是测试用户340的个人简介,/uploads/avatar/default_2.png,1,2026-08-09 17:13:42
341,testuser_0341,$2a$10$N.zmdr9k7uOCQb376NoUnuTJ8iAt6Z5EHsM8lE9lBOsl7iAt6Z5EO,testuser_0341@greenloop.test,1,测试用户341,USER,93,这是测试用户341的个人简介,/uploads/avatar/default_2.png,1,2026-07-27 11:52:42
342,testuser_0342,$2a$10$N.zmdr9k7uOCQb376NoUnuTJ8iAt6Z5EHsM8lE9lBOsl7iAt6Z5EO,testuser_0342@greenloop.test,1,测试用户342,USER,66,这是测试用户342的个人简介,/uploads/avatar/default_4.png,1,2026-08-05 20:25:42
343,testuser_0343,$2a$10$N.zmdr9k7uOCQb376NoUnuTJ8iAt6Z5EHsM8lE9lBOsl7iAt6Z5EO,testuser_0343@greenloop.test,1,测试用户343,USER,66,这是测试用户343的个人简介,/uploads/avatar/default_2.png,1,2026-08-16 00:56:42
344,testuser_0344,$2a$10$N.zmdr9k7uOCQb376NoUnuTJ8iAt6Z5EHsM8lE9lBOsl7iAt6Z5EO,testuser_0344@greenloop.test,1,测试用户344,USER,70,这是测试用户344的个人简介,/uploads/avatar/default_4.png,1,2026-07-27 03:25:42
345,testuser_0345,$2a$10$N.zmdr9k7uOCQb376NoUnuTJ8iAt6Z5EHsM8lE9lBOsl7iAt6Z5EO,testuser_0345@greenloop.test,1,测试用户345,USER,72,这是测试用户345的个人简介,/uploads/avatar/default_3.png,1,2026-08-06 09:14:42
346,testuser_0346,$2a$10$N.zmdr9k7uOCQb376NoUnuTJ8iAt6Z5EHsM8lE9lBOsl7iAt6Z5EO,testuser_0346@greenloop.test,1,测试用户346,USER,63,这是测试用户346的个人简介,/uploads/avatar/default_1.png,1,2026-07-27 00:41:42
347,testuser_0347,$2a$10$N.zmdr9k7uOCQb376NoUnuTJ8iAt6Z5EHsM8lE9lBOsl7iAt6Z5EO,testuser_0347@greenloop.test,1,测试用户347,USER,94,这是测试用户347的个人简介,/uploads/avatar/default_1.png,1,2026-07-18 13:29:42
348,testuser_0348,$2a$10$N.zmdr9k7uOCQb376NoUnuTJ8iAt6Z5EHsM8lE9lBOsl7iAt6Z5EO,testuser_0348@greenloop.test,1,测试用户348,USER,71,这是测试用户348的个人简介,/uploads/avatar/default_1.png,1,2026-07-21 06:05:42
349,testuser_0349,$2a$10$N.zmdr9k7uOCQb376NoUnuTJ8iAt6Z5EHsM8lE9lBOsl7iAt6Z5EO,testuser_0349@greenloop.test,1,测试用户349,USER,91,这是测试用户349的个人简介,/uploads/avatar/default_2.png,1,2026-07-17 19:00:42
350,testuser_0350,$2a$10$N.zmdr9k7uOCQb376NoUnuTJ8iAt6Z5EHsM8lE9lBOsl7iAt6Z5EO,testuser_0350@greenloop.test,1,测试用户350,USER,78,这是测试用户350的个人简介,/uploads/avatar/default_1.png,1,2026-08-16 09:19:42
351,testuser_0351,$2a$10$N.zmdr9k7uOCQb376NoUnuTJ8iAt6Z5EHsM8lE9lBOsl7iAt6Z5EO,testuser_0351@greenloop.test,1,测试用户351,USER,98,这是测试用户351的个人简介,/uploads/avatar/default_1.png,1,2026-07-18 08:37:42
352,testuser_0352,$2a$10$N.zmdr9k7uOCQb376NoUnuTJ8iAt6Z5EHsM8lE9lBOsl7iAt6Z5EO,testuser_0352@greenloop.test,1,测试用户352,USER,89,这是测试用户352的个人简介,/uploads/avatar/default_5.png,1,2026-07-31 02:59:42
353,testuser_0353,$2a$10$N.zmdr9k7uOCQb376NoUnuTJ8iAt6Z5EHsM8lE9lBOsl7iAt6Z5EO,testuser_0353@greenloop.test,1,测试用户353,USER,68,这是测试用户353的个人简介,/uploads/avatar/default_5.png,1,2026-08-02 10:43:42
354,testuser_0354,$2a$10$N.zmdr9k7uOCQb376NoUnuTJ8iAt6Z5EHsM8lE9lBOsl7iAt6Z5EO,testuser_0354@greenloop.test,1,测试用户354,USER,67,这是测试用户354的个人简介,/uploads/avatar/default_3.png,1,2026-08-10 19:26:42
355,testuser_0355,$2a$10$N.zmdr9k7uOCQb376NoUnuTJ8iAt6Z5EHsM8lE9lBOsl7iAt6Z5EO,testuser_0355@greenloop.test,1,测试用户355,USER,76,这是测试用户355的个人简介,/uploads/avatar/default_2.png,1,2026-08-15 19:34:42
356,testuser_0356,$2a$10$N.zmdr9k7uOCQb376NoUnuTJ8iAt6Z5EHsM8lE9lBOsl7iAt6Z5EO,testuser_0356@greenloop.test,1,测试用户356,USER,78,这是测试用户356的个人简介,/uploads/avatar/default_5.png,1,2026-07-26 12:44:42
357,testuser_0357,$2a$10$N.zmdr9k7uOCQb376NoUnuTJ8iAt6Z5EHsM8lE9lBOsl7iAt6Z5EO,testuser_0357@greenloop.test,1,测试用户357,USER,99,这是测试用户357的个人简介,/uploads/avatar/default_4.png,1,2026-07-21 05:23:42
358,testuser_0358,$2a$10$N.zmdr9k7uOCQb376NoUnuTJ8iAt6Z5EHsM8lE9lBOsl7iAt6Z5EO,testuser_0358@greenloop.test,1,测试用户358,USER,80,这是测试用户358的个人简介,/uploads/avatar/default_1.png,1,2026-08-03 21:49:42
359,testuser_0359,$2a$10$N.zmdr9k7uOCQb376NoUnuTJ8iAt6Z5EHsM8lE9lBOsl7iAt6Z5EO,testuser_0359@greenloop.test,1,测试用户359,USER,71,这是测试用户359的个人简介,/uploads/avatar/default_2.png,1,2026-08-01 07:56:42
360,testuser_0360,$2a$10$N.zmdr9k7uOCQb376NoUnuTJ8iAt6Z5EHsM8lE9lBOsl7iAt6Z5EO,testuser_0360@greenloop.test,1,测试用户360,USER,75,这是测试用户360的个人简介,/uploads/avatar/default_1.png,1,2026-08-08 06:40:42
361,testuser_0361,$2a$10$N.zmdr9k7uOCQb376NoUnuTJ8iAt6Z5EHsM8lE9lBOsl7iAt6Z5EO,testuser_0361@greenloop.test,1,测试用户361,USER,88,这是测试用户361的个人简介,/uploads/avatar/default_3.png,1,2026-08-06 09:18:42
362,testuser_0362,$2a$10$N.zmdr9k7uOCQb376NoUnuTJ8iAt6Z5EHsM8lE9lBOsl7iAt6Z5EO,testuser_0362@greenloop.test,1,测试用户362,USER,96,这是测试用户362的个人简介,/uploads/avatar/default_1.png,1,2026-08-07 22:32:42
363,testuser_0363,$2a$10$N.zmdr9k7uOCQb376NoUnuTJ8iAt6Z5EHsM8lE9lBOsl7iAt6Z5EO,testuser_0363@greenloop.test,1,测试用户363,USER,75,这是测试用户363的个人简介,/uploads/avatar/default_1.png,1,2026-07-26 15:26:42
364,testuser_0364,$2a$10$N.zmdr9k7uOCQb376NoUnuTJ8iAt6Z5EHsM8lE9lBOsl7iAt6Z5EO,testuser_0364@greenloop.test,1,测试用户364,USER,79,这是测试用户364的个人简介,/uploads/avatar/default_2.png,1,2026-08-03 21:23:42
365,testuser_0365,$2a$10$N.zmdr9k7uOCQb376NoUnuTJ8iAt6Z5EHsM8lE9lBOsl7iAt6Z5EO,testuser_0365@greenloop.test,1,测试用户365,USER,79,这是测试用户365的个人简介,/uploads/avatar/default_1.png,1,2026-07-27 09:32:42
366,testuser_0366,$2a$10$N.zmdr9k7uOCQb376NoUnuTJ8iAt6Z5EHsM8lE9lBOsl7iAt6Z5EO,testuser_0366@greenloop.test,1,测试用户366,USER,99,这是测试用户366的个人简介,/uploads/avatar/default_2.png,1,2026-08-09 14:25:42
367,testuser_0367,$2a$10$N.zmdr9k7uOCQb376NoUnuTJ8iAt6Z5EHsM8lE9lBOsl7iAt6Z5EO,testuser_0367@greenloop.test,1,测试用户367,USER,69,这是测试用户367的个人简介,/uploads/avatar/default_4.png,1,2026-07-23 23:32:42
368,testuser_0368,$2a$10$N.zmdr9k7uOCQb376NoUnuTJ8iAt6Z5EHsM8lE9lBOsl7iAt6Z5EO,testuser_0368@greenloop.test,1,测试用户368,USER,86,这是测试用户368的个人简介,/uploads/avatar/default_5.png,1,2026-07-18 03:07:42
369,testuser_0369,$2a$10$N.zmdr9k7uOCQb376NoUnuTJ8iAt6Z5EHsM8lE9lBOsl7iAt6Z5EO,testuser_0369@greenloop.test,1,测试用户369,USER,94,这是测试用户369的个人简介,/uploads/avatar/default_2.png,1,2026-07-23 11:12:42
370,testuser_0370,$2a$10$N.zmdr9k7uOCQb376NoUnuTJ8iAt6Z5EHsM8lE9lBOsl7iAt6Z5EO,testuser_0370@greenloop.test,1,测试用户370,USER,98,这是测试用户370的个人简介,/uploads/avatar/default_1.png,1,2026-07-31 04:22:42
371,testuser_0371,$2a$10$N.zmdr9k7uOCQb376NoUnuTJ8iAt6Z5EHsM8lE9lBOsl7iAt6Z5EO,testuser_0371@greenloop.test,1,测试用户371,USER,83,这是测试用户371的个人简介,/uploads/avatar/default_1.png,1,2026-07-18 00:48:42
372,testuser_0372,$2a$10$N.zmdr9k7uOCQb376NoUnuTJ8iAt6Z5EHsM8lE9lBOsl7iAt6Z5EO,testuser_0372@greenloop.test,1,测试用户372,USER,63,这是测试用户372的个人简介,/uploads/avatar/default_5.png,1,2026-07-19 02:43:42
373,testuser_0373,$2a$10$N.zmdr9k7uOCQb376NoUnuTJ8iAt6Z5EHsM8lE9lBOsl7iAt6Z5EO,testuser_0373@greenloop.test,1,测试用户373,USER,96,这是测试用户373的个人简介,/uploads/avatar/default_5.png,1,2026-08-12 13:35:42
374,testuser_0374,$2a$10$N.zmdr9k7uOCQb376NoUnuTJ8iAt6Z5EHsM8lE9lBOsl7iAt6Z5EO,testuser_0374@greenloop.test,1,测试用户374,USER,93,这是测试用户374的个人简介,/uploads/avatar/default_4.png,1,2026-08-12 21:42:42
375,testuser_0375,$2a$10$N.zmdr9k7uOCQb376NoUnuTJ8iAt6Z5EHsM8lE9lBOsl7iAt6Z5EO,testuser_0375@greenloop.test,1,测试用户375,USER,97,这是测试用户375的个人简介,/uploads/avatar/default_4.png,1,2026-08-14 02:27:42
376,testuser_0376,$2a$10$N.zmdr9k7uOCQb376NoUnuTJ8iAt6Z5EHsM8lE9lBOsl7iAt6Z5EO,testuser_0376@greenloop.test,1,测试用户376,USER,63,这是测试用户376的个人简介,/uploads/avatar/default_4.png,1,2026-08-12 02:29:42
377,testuser_0377,$2a$10$N.zmdr9k7uOCQb376NoUnuTJ8iAt6Z5EHsM8lE9lBOsl7iAt6Z5EO,testuser_0377@greenloop.test,1,测试用户377,USER,89,这是测试用户377的个人简介,/uploads/avatar/default_5.png,1,2026-08-15 01:26:42
378,testuser_0378,$2a$10$N.zmdr9k7uOCQb376NoUnuTJ8iAt6Z5EHsM8lE9lBOsl7iAt6Z5EO,testuser_0378@greenloop.test,1,测试用户378,USER,79,这是测试用户378的个人简介,/uploads/avatar/default_1.png,1,2026-08-04 10:03:42
379,testuser_0379,$2a$10$N.zmdr9k7uOCQb376NoUnuTJ8iAt6Z5EHsM8lE9lBOsl7iAt6Z5EO,testuser_0379@greenloop.test,1,测试用户379,USER,60,这是测试用户379的个人简介,/uploads/avatar/default_2.png,1,2026-07-29 16:53:42
380,testuser_0380,$2a$10$N.zmdr9k7uOCQb376NoUnuTJ8iAt6Z5EHsM8lE9lBOsl7iAt6Z5EO,testuser_0380@greenloop.test,1,测试用户380,USER,87,这是测试用户380的个人简介,/uploads/avatar/default_3.png,1,2026-07-25 16:21:42
381,testuser_0381,$2a$10$N.zmdr9k7uOCQb376NoUnuTJ8iAt6Z5EHsM8lE9lBOsl7iAt6Z5EO,testuser_0381@greenloop.test,1,测试用户381,USER,63,这是测试用户381的个人简介,/uploads/avatar/default_1.png,1,2026-07-18 03:53:42
382,testuser_0382,$2a$10$N.zmdr9k7uOCQb376NoUnuTJ8iAt6Z5EHsM8lE9lBOsl7iAt6Z5EO,testuser_0382@greenloop.test,1,测试用户382,USER,78,这是测试用户382的个人简介,/uploads/avatar/default_4.png,1,2026-08-11 14:06:42
383,testuser_0383,$2a$10$N.zmdr9k7uOCQb376NoUnuTJ8iAt6Z5EHsM8lE9lBOsl7iAt6Z5EO,testuser_0383@greenloop.test,1,测试用户383,USER,86,这是测试用户383的个人简介,/uploads/avatar/default_3.png,1,2026-07-19 06:27:42
384,testuser_0384,$2a$10$N.zmdr9k7uOCQb376NoUnuTJ8iAt6Z5EHsM8lE9lBOsl7iAt6Z5EO,testuser_0384@greenloop.test,1,测试用户384,USER,84,这是测试用户384的个人简介,/uploads/avatar/default_4.png,1,2026-08-13 21:13:42
385,testuser_0385,$2a$10$N.zmdr9k7uOCQb376NoUnuTJ8iAt6Z5EHsM8lE9lBOsl7iAt6Z5EO,testuser_0385@greenloop.test,1,测试用户385,USER,94,这是测试用户385的个人简介,/uploads/avatar/default_2.png,1,2026-07-27 07:48:42
386,testuser_0386,$2a$10$N.zmdr9k7uOCQb376NoUnuTJ8iAt6Z5EHsM8lE9lBOsl7iAt6Z5EO,testuser_0386@greenloop.test,1,测试用户386,USER,71,这是测试用户386的个人简介,/uploads/avatar/default_5.png,1,2026-08-04 02:47:42
387,testuser_0387,$2a$10$N.zmdr9k7uOCQb376NoUnuTJ8iAt6Z5EHsM8lE9lBOsl7iAt6Z5EO,testuser_0387@greenloop.test,1,测试用户387,USER,74,这是测试用户387的个人简介,/uploads/avatar/default_1.png,1,2026-07-23 18:36:42
388,testuser_0388,$2a$10$N.zmdr9k7uOCQb376NoUnuTJ8iAt6Z5EHsM8lE9lBOsl7iAt6Z5EO,testuser_0388@greenloop.test,1,测试用户388,USER,89,这是测试用户388的个人简介,/uploads/avatar/default_5.png,1,2026-08-03 01:31:42
389,testuser_0389,$2a$10$N.zmdr9k7uOCQb376NoUnuTJ8iAt6Z5EHsM8lE9lBOsl7iAt6Z5EO,testuser_0389@greenloop.test,1,测试用户389,USER,74,这是测试用户389的个人简介,/uploads/avatar/default_2.png,1,2026-08-02 07:46:42
390,testuser_0390,$2a$10$N.zmdr9k7uOCQb376NoUnuTJ8iAt6Z5EHsM8lE9lBOsl7iAt6Z5EO,testuser_0390@greenloop.test,1,测试用户390,USER,77,这是测试用户390的个人简介,/uploads/avatar/default_2.png,1,2026-07-17 19:07:42
391,testuser_0391,$2a$10$N.zmdr9k7uOCQb376NoUnuTJ8iAt6Z5EHsM8lE9lBOsl7iAt6Z5EO,testuser_0391@greenloop.test,1,测试用户391,USER,67,这是测试用户391的个人简介,/uploads/avatar/default_1.png,1,2026-07-21 21:29:42
392,testuser_0392,$2a$10$N.zmdr9k7uOCQb376NoUnuTJ8iAt6Z5EHsM8lE9lBOsl7iAt6Z5EO,testuser_0392@greenloop.test,1,测试用户392,USER,99,这是测试用户392的个人简介,/uploads/avatar/default_1.png,1,2026-08-09 12:51:42
393,testuser_0393,$2a$10$N.zmdr9k7uOCQb376NoUnuTJ8iAt6Z5EHsM8lE9lBOsl7iAt6Z5EO,testuser_0393@greenloop.test,1,测试用户393,USER,66,这是测试用户393的个人简介,/uploads/avatar/default_5.png,1,2026-08-15 04:17:42
394,testuser_0394,$2a$10$N.zmdr9k7uOCQb376NoUnuTJ8iAt6Z5EHsM8lE9lBOsl7iAt6Z5EO,testuser_0394@greenloop.test,1,测试用户394,USER,63,这是测试用户394的个人简介,/uploads/avatar/default_2.png,1,2026-07-24 17:30:42
395,testuser_0395,$2a$10$N.zmdr9k7uOCQb376NoUnuTJ8iAt6Z5EHsM8lE9lBOsl7iAt6Z5EO,testuser_0395@greenloop.test,1,测试用户395,USER,88,这是测试用户395的个人简介,/uploads/avatar/default_2.png,1,2026-07-30 12:07:42
396,testuser_0396,$2a$10$N.zmdr9k7uOCQb376NoUnuTJ8iAt6Z5EHsM8lE9lBOsl7iAt6Z5EO,testuser_0396@greenloop.test,1,测试用户396,USER,63,这是测试用户396的个人简介,/uploads/avatar/default_2.png,1,2026-07-31 09:41:42
397,testuser_0397,$2a$10$N.zmdr9k7uOCQb376NoUnuTJ8iAt6Z5EHsM8lE9lBOsl7iAt6Z5EO,testuser_0397@greenloop.test,1,测试用户397,USER,96,这是测试用户397的个人简介,/uploads/avatar/default_3.png,1,2026-07-28 23:06:42
398,testuser_0398,$2a$10$N.zmdr9k7uOCQb376NoUnuTJ8iAt6Z5EHsM8lE9lBOsl7iAt6Z5EO,testuser_0398@greenloop.test,1,测试用户398,USER,80,这是测试用户398的个人简介,/uploads/avatar/default_2.png,1,2026-08-07 14:13:42
399,testuser_0399,$2a$10$N.zmdr9k7uOCQb376NoUnuTJ8iAt6Z5EHsM8lE9lBOsl7iAt6Z5EO,testuser_0399@greenloop.test,1,测试用户399,USER,93,这是测试用户399的个人简介,/uploads/avatar/default_2.png,1,2026-08-03 09:38:42
400,testuser_0400,$2a$10$N.zmdr9k7uOCQb376NoUnuTJ8iAt6Z5EHsM8lE9lBOsl7iAt6Z5EO,testuser_0400@greenloop.test,1,测试用户400,USER,63,这是测试用户400的个人简介,/uploads/avatar/default_5.png,1,2026-07-28 18:57:42
401,testuser_0401,$2a$10$N.zmdr9k7uOCQb376NoUnuTJ8iAt6Z5EHsM8lE9lBOsl7iAt6Z5EO,testuser_0401@greenloop.test,1,测试用户401,USER,71,这是测试用户401的个人简介,/uploads/avatar/default_4.png,1,2026-07-30 03:52:42
402,testuser_0402,$2a$10$N.zmdr9k7uOCQb376NoUnuTJ8iAt6Z5EHsM8lE9lBOsl7iAt6Z5EO,testuser_0402@greenloop.test,1,测试用户402,USER,82,这是测试用户402的个人简介,/uploads/avatar/default_4.png,1,2026-07-22 02:35:42
403,testuser_0403,$2a$10$N.zmdr9k7uOCQb376NoUnuTJ8iAt6Z5EHsM8lE9lBOsl7iAt6Z5EO,testuser_0403@greenloop.test,1,测试用户403,USER,86,这是测试用户403的个人简介,/uploads/avatar/default_4.png,1,2026-08-12 09:31:42
404,testuser_0404,$2a$10$N.zmdr9k7uOCQb376NoUnuTJ8iAt6Z5EHsM8lE9lBOsl7iAt6Z5EO,testuser_0404@greenloop.test,1,测试用户404,USER,71,这是测试用户404的个人简介,/uploads/avatar/default_5.png,1,2026-08-01 11:01:42
405,testuser_0405,$2a$10$N.zmdr9k7uOCQb376NoUnuTJ8iAt6Z5EHsM8lE9lBOsl7iAt6Z5EO,testuser_0405@greenloop.test,1,测试用户405,USER,74,这是测试用户405的个人简介,/uploads/avatar/default_3.png,1,2026-07-19 20:46:42
406,testuser_0406,$2a$10$N.zmdr9k7uOCQb376NoUnuTJ8iAt6Z5EHsM8lE9lBOsl7iAt6Z5EO,testuser_0406@greenloop.test,1,测试用户406,USER,89,这是测试用户406的个人简介,/uploads/avatar/default_1.png,1,2026-07-30 05:29:42
407,testuser_0407,$2a$10$N.zmdr9k7uOCQb376NoUnuTJ8iAt6Z5EHsM8lE9lBOsl7iAt6Z5EO,testuser_0407@greenloop.test,1,测试用户407,USER,95,这是测试用户407的个人简介,/uploads/avatar/default_5.png,1,2026-08-12 06:40:42
408,testuser_0408,$2a$10$N.zmdr9k7uOCQb376NoUnuTJ8iAt6Z5EHsM8lE9lBOsl7iAt6Z5EO,testuser_0408@greenloop.test,1,测试用户408,USER,76,这是测试用户408的个人简介,/uploads/avatar/default_2.png,1,2026-08-05 22:50:42
409,testuser_0409,$2a$10$N.zmdr9k7uOCQb376NoUnuTJ8iAt6Z5EHsM8lE9lBOsl7iAt6Z5EO,testuser_0409@greenloop.test,1,测试用户409,USER,88,这是测试用户409的个人简介,/uploads/avatar/default_3.png,1,2026-08-14 01:09:42
410,testuser_0410,$2a$10$N.zmdr9k7uOCQb376NoUnuTJ8iAt6Z5EHsM8lE9lBOsl7iAt6Z5EO,testuser_0410@greenloop.test,1,测试用户410,USER,72,这是测试用户410的个人简介,/uploads/avatar/default_1.png,1,2026-08-08 06:12:42
411,testuser_0411,$2a$10$N.zmdr9k7uOCQb376NoUnuTJ8iAt6Z5EHsM8lE9lBOsl7iAt6Z5EO,testuser_0411@greenloop.test,1,测试用户411,USER,98,这是测试用户411的个人简介,/uploads/avatar/default_5.png,1,2026-08-15 16:43:42
412,testuser_0412,$2a$10$N.zmdr9k7uOCQb376NoUnuTJ8iAt6Z5EHsM8lE9lBOsl7iAt6Z5EO,testuser_0412@greenloop.test,1,测试用户412,USER,97,这是测试用户412的个人简介,/uploads/avatar/default_5.png,1,2026-08-10 03:42:42
413,testuser_0413,$2a$10$N.zmdr9k7uOCQb376NoUnuTJ8iAt6Z5EHsM8lE9lBOsl7iAt6Z5EO,testuser_0413@greenloop.test,1,测试用户413,USER,81,这是测试用户413的个人简介,/uploads/avatar/default_3.png,1,2026-07-18 18:42:42
414,testuser_0414,$2a$10$N.zmdr9k7uOCQb376NoUnuTJ8iAt6Z5EHsM8lE9lBOsl7iAt6Z5EO,testuser_0414@greenloop.test,1,测试用户414,USER,72,这是测试用户414的个人简介,/uploads/avatar/default_1.png,1,2026-07-24 02:57:42
415,testuser_0415,$2a$10$N.zmdr9k7uOCQb376NoUnuTJ8iAt6Z5EHsM8lE9lBOsl7iAt6Z5EO,testuser_0415@greenloop.test,1,测试用户415,USER,75,这是测试用户415的个人简介,/uploads/avatar/default_5.png,1,2026-07-25 12:30:42
416,testuser_0416,$2a$10$N.zmdr9k7uOCQb376NoUnuTJ8iAt6Z5EHsM8lE9lBOsl7iAt6Z5EO,testuser_0416@greenloop.test,1,测试用户416,USER,75,这是测试用户416的个人简介,/uploads/avatar/default_5.png,1,2026-08-06 09:31:42
417,testuser_0417,$2a$10$N.zmdr9k7uOCQb376NoUnuTJ8iAt6Z5EHsM8lE9lBOsl7iAt6Z5EO,testuser_0417@greenloop.test,1,测试用户417,USER,89,这是测试用户417的个人简介,/uploads/avatar/default_5.png,1,2026-07-27 07:36:42
418,testuser_0418,$2a$10$N.zmdr9k7uOCQb376NoUnuTJ8iAt6Z5EHsM8lE9lBOsl7iAt6Z5EO,testuser_0418@greenloop.test,1,测试用户418,USER,76,这是测试用户418的个人简介,/uploads/avatar/default_3.png,1,2026-07-31 03:26:42
419,testuser_0419,$2a$10$N.zmdr9k7uOCQb376NoUnuTJ8iAt6Z5EHsM8lE9lBOsl7iAt6Z5EO,testuser_0419@greenloop.test,1,测试用户419,USER,66,这是测试用户419的个人简介,/uploads/avatar/default_4.png,1,2026-07-23 07:57:42
420,testuser_0420,$2a$10$N.zmdr9k7uOCQb376NoUnuTJ8iAt6Z5EHsM8lE9lBOsl7iAt6Z5EO,testuser_0420@greenloop.test,1,测试用户420,USER,73,这是测试用户420的个人简介,/uploads/avatar/default_3.png,1,2026-08-06 05:53:42
421,testuser_0421,$2a$10$N.zmdr9k7uOCQb376NoUnuTJ8iAt6Z5EHsM8lE9lBOsl7iAt6Z5EO,testuser_0421@greenloop.test,1,测试用户421,USER,96,这是测试用户421的个人简介,/uploads/avatar/default_2.png,1,2026-07-24 14:54:42
422,testuser_0422,$2a$10$N.zmdr9k7uOCQb376NoUnuTJ8iAt6Z5EHsM8lE9lBOsl7iAt6Z5EO,testuser_0422@greenloop.test,1,测试用户422,USER,76,这是测试用户422的个人简介,/uploads/avatar/default_5.png,1,2026-07-18 00:18:42
423,testuser_0423,$2a$10$N.zmdr9k7uOCQb376NoUnuTJ8iAt6Z5EHsM8lE9lBOsl7iAt6Z5EO,testuser_0423@greenloop.test,1,测试用户423,USER,86,这是测试用户423的个人简介,/uploads/avatar/default_3.png,1,2026-08-12 12:34:42
424,testuser_0424,$2a$10$N.zmdr9k7uOCQb376NoUnuTJ8iAt6Z5EHsM8lE9lBOsl7iAt6Z5EO,testuser_0424@greenloop.test,1,测试用户424,USER,74,这是测试用户424的个人简介,/uploads/avatar/default_4.png,1,2026-07-29 11:24:42
425,testuser_0425,$2a$10$N.zmdr9k7uOCQb376NoUnuTJ8iAt6Z5EHsM8lE9lBOsl7iAt6Z5EO,testuser_0425@greenloop.test,1,测试用户425,USER,95,这是测试用户425的个人简介,/uploads/avatar/default_3.png,1,2026-08-08 03:09:42
426,testuser_0426,$2a$10$N.zmdr9k7uOCQb376NoUnuTJ8iAt6Z5EHsM8lE9lBOsl7iAt6Z5EO,testuser_0426@greenloop.test,1,测试用户426,USER,91,这是测试用户426的个人简介,/uploads/avatar/default_4.png,1,2026-08-10 19:05:42
427,testuser_0427,$2a$10$N.zmdr9k7uOCQb376NoUnuTJ8iAt6Z5EHsM8lE9lBOsl7iAt6Z5EO,testuser_0427@greenloop.test,1,测试用户427,USER,82,这是测试用户427的个人简介,/uploads/avatar/default_2.png,1,2026-08-11 19:21:42
428,testuser_0428,$2a$10$N.zmdr9k7uOCQb376NoUnuTJ8iAt6Z5EHsM8lE9lBOsl7iAt6Z5EO,testuser_0428@greenloop.test,1,测试用户428,USER,91,这是测试用户428的个人简介,/uploads/avatar/default_2.png,1,2026-07-18 01:14:42
429,testuser_0429,$2a$10$N.zmdr9k7uOCQb376NoUnuTJ8iAt6Z5EHsM8lE9lBOsl7iAt6Z5EO,testuser_0429@greenloop.test,1,测试用户429,USER,63,这是测试用户429的个人简介,/uploads/avatar/default_5.png,1,2026-08-15 16:03:42
430,testuser_0430,$2a$10$N.zmdr9k7uOCQb376NoUnuTJ8iAt6Z5EHsM8lE9lBOsl7iAt6Z5EO,testuser_0430@greenloop.test,1,测试用户430,USER,63,这是测试用户430的个人简介,/uploads/avatar/default_1.png,1,2026-08-03 14:02:42
431,testuser_0431,$2a$10$N.zmdr9k7uOCQb376NoUnuTJ8iAt6Z5EHsM8lE9lBOsl7iAt6Z5EO,testuser_0431@greenloop.test,1,测试用户431,USER,100,这是测试用户431的个人简介,/uploads/avatar/default_2.png,1,2026-08-13 20:46:42
432,testuser_0432,$2a$10$N.zmdr9k7uOCQb376NoUnuTJ8iAt6Z5EHsM8lE9lBOsl7iAt6Z5EO,testuser_0432@greenloop.test,1,测试用户432,USER,60,这是测试用户432的个人简介,/uploads/avatar/default_2.png,1,2026-07-31 04:32:42
433,testuser_0433,$2a$10$N.zmdr9k7uOCQb376NoUnuTJ8iAt6Z5EHsM8lE9lBOsl7iAt6Z5EO,testuser_0433@greenloop.test,1,测试用户433,USER,63,这是测试用户433的个人简介,/uploads/avatar/default_5.png,1,2026-07-26 20:56:42
434,testuser_0434,$2a$10$N.zmdr9k7uOCQb376NoUnuTJ8iAt6Z5EHsM8lE9lBOsl7iAt6Z5EO,testuser_0434@greenloop.test,1,测试用户434,USER,99,这是测试用户434的个人简介,/uploads/avatar/default_4.png,1,2026-07-26 03:54:42
435,testuser_0435,$2a$10$N.zmdr9k7uOCQb376NoUnuTJ8iAt6Z5EHsM8lE9lBOsl7iAt6Z5EO,testuser_0435@greenloop.test,1,测试用户435,USER,60,这是测试用户435的个人简介,/uploads/avatar/default_5.png,1,2026-07-30 05:55:42
436,testuser_0436,$2a$10$N.zmdr9k7uOCQb376NoUnuTJ8iAt6Z5EHsM8lE9lBOsl7iAt6Z5EO,testuser_0436@greenloop.test,1,测试用户436,USER,61,这是测试用户436的个人简介,/uploads/avatar/default_5.png,1,2026-07-24 10:21:42
437,testuser_0437,$2a$10$N.zmdr9k7uOCQb376NoUnuTJ8iAt6Z5EHsM8lE9lBOsl7iAt6Z5EO,testuser_0437@greenloop.test,1,测试用户437,USER,78,这是测试用户437的个人简介,/uploads/avatar/default_1.png,1,2026-07-30 20:12:42
438,testuser_0438,$2a$10$N.zmdr9k7uOCQb376NoUnuTJ8iAt6Z5EHsM8lE9lBOsl7iAt6Z5EO,testuser_0438@greenloop.test,1,测试用户438,USER,87,这是测试用户438的个人简介,/uploads/avatar/default_2.png,1,2026-08-13 15:22:42
439,testuser_0439,$2a$10$N.zmdr9k7uOCQb376NoUnuTJ8iAt6Z5EHsM8lE9lBOsl7iAt6Z5EO,testuser_0439@greenloop.test,1,测试用户439,USER,69,这是测试用户439的个人简介,/uploads/avatar/default_2.png,1,2026-08-09 23:22:42
440,testuser_0440,$2a$10$N.zmdr9k7uOCQb376NoUnuTJ8iAt6Z5EHsM8lE9lBOsl7iAt6Z5EO,testuser_0440@greenloop.test,1,测试用户440,USER,76,这是测试用户440的个人简介,/uploads/avatar/default_3.png,1,2026-08-08 06:50:42
441,testuser_0441,$2a$10$N.zmdr9k7uOCQb376NoUnuTJ8iAt6Z5EHsM8lE9lBOsl7iAt6Z5EO,testuser_0441@greenloop.test,1,测试用户441,USER,83,这是测试用户441的个人简介,/uploads/avatar/default_4.png,1,2026-08-02 00:40:42
442,testuser_0442,$2a$10$N.zmdr9k7uOCQb376NoUnuTJ8iAt6Z5EHsM8lE9lBOsl7iAt6Z5EO,testuser_0442@greenloop.test,1,测试用户442,USER,74,这是测试用户442的个人简介,/uploads/avatar/default_3.png,1,2026-07-26 16:14:42
443,testuser_0443,$2a$10$N.zmdr9k7uOCQb376NoUnuTJ8iAt6Z5EHsM8lE9lBOsl7iAt6Z5EO,testuser_0443@greenloop.test,1,测试用户443,USER,62,这是测试用户443的个人简介,/uploads/avatar/default_1.png,1,2026-08-04 06:31:42
444,testuser_0444,$2a$10$N.zmdr9k7uOCQb376NoUnuTJ8iAt6Z5EHsM8lE9lBOsl7iAt6Z5EO,testuser_0444@greenloop.test,1,测试用户444,USER,95,这是测试用户444的个人简介,/uploads/avatar/default_4.png,1,2026-08-14 22:55:42
445,testuser_0445,$2a$10$N.zmdr9k7uOCQb376NoUnuTJ8iAt6Z5EHsM8lE9lBOsl7iAt6Z5EO,testuser_0445@greenloop.test,1,测试用户445,USER,70,这是测试用户445的个人简介,/uploads/avatar/default_1.png,1,2026-08-01 05:14:42
446,testuser_0446,$2a$10$N.zmdr9k7uOCQb376NoUnuTJ8iAt6Z5EHsM8lE9lBOsl7iAt6Z5EO,testuser_0446@greenloop.test,1,测试用户446,USER,81,这是测试用户446的个人简介,/uploads/avatar/default_5.png,1,2026-07-20 14:58:42
447,testuser_0447,$2a$10$N.zmdr9k7uOCQb376NoUnuTJ8iAt6Z5EHsM8lE9lBOsl7iAt6Z5EO,testuser_0447@greenloop.test,1,测试用户447,USER,93,这是测试用户447的个人简介,/uploads/avatar/default_1.png,1,2026-08-09 11:58:42
448,testuser_0448,$2a$10$N.zmdr9k7uOCQb376NoUnuTJ8iAt6Z5EHsM8lE9lBOsl7iAt6Z5EO,testuser_0448@greenloop.test,1,测试用户448,USER,96,这是测试用户448的个人简介,/uploads/avatar/default_4.png,1,2026-08-08 16:56:42
449,testuser_0449,$2a$10$N.zmdr9k7uOCQb376NoUnuTJ8iAt6Z5EHsM8lE9lBOsl7iAt6Z5EO,testuser_0449@greenloop.test,1,测试用户449,USER,64,这是测试用户449的个人简介,/uploads/avatar/default_3.png,1,2026-07-19 01:19:42
450,testuser_0450,$2a$10$N.zmdr9k7uOCQb376NoUnuTJ8iAt6Z5EHsM8lE9lBOsl7iAt6Z5EO,testuser_0450@greenloop.test,1,测试用户450,USER,62,这是测试用户450的个人简介,/uploads/avatar/default_2.png,1,2026-07-18 08:54:42
451,testuser_0451,$2a$10$N.zmdr9k7uOCQb376NoUnuTJ8iAt6Z5EHsM8lE9lBOsl7iAt6Z5EO,testuser_0451@greenloop.test,1,测试用户451,USER,73,这是测试用户451的个人简介,/uploads/avatar/default_5.png,1,2026-08-11 20:03:42
452,testuser_0452,$2a$10$N.zmdr9k7uOCQb376NoUnuTJ8iAt6Z5EHsM8lE9lBOsl7iAt6Z5EO,testuser_0452@greenloop.test,1,测试用户452,USER,85,这是测试用户452的个人简介,/uploads/avatar/default_1.png,1,2026-08-07 13:19:42
453,testuser_0453,$2a$10$N.zmdr9k7uOCQb376NoUnuTJ8iAt6Z5EHsM8lE9lBOsl7iAt6Z5EO,testuser_0453@greenloop.test,1,测试用户453,USER,75,这是测试用户453的个人简介,/uploads/avatar/default_5.png,1,2026-07-21 06:12:42
454,testuser_0454,$2a$10$N.zmdr9k7uOCQb376NoUnuTJ8iAt6Z5EHsM8lE9lBOsl7iAt6Z5EO,testuser_0454@greenloop.test,1,测试用户454,USER,94,这是测试用户454的个人简介,/uploads/avatar/default_3.png,1,2026-08-03 19:47:42
455,testuser_0455,$2a$10$N.zmdr9k7uOCQb376NoUnuTJ8iAt6Z5EHsM8lE9lBOsl7iAt6Z5EO,testuser_0455@greenloop.test,1,测试用户455,USER,65,这是测试用户455的个人简介,/uploads/avatar/default_5.png,1,2026-07-24 07:52:42
456,testuser_0456,$2a$10$N.zmdr9k7uOCQb376NoUnuTJ8iAt6Z5EHsM8lE9lBOsl7iAt6Z5EO,testuser_0456@greenloop.test,1,测试用户456,USER,66,这是测试用户456的个人简介,/uploads/avatar/default_4.png,1,2026-08-09 16:34:42
457,testuser_0457,$2a$10$N.zmdr9k7uOCQb376NoUnuTJ8iAt6Z5EHsM8lE9lBOsl7iAt6Z5EO,testuser_0457@greenloop.test,1,测试用户457,USER,98,这是测试用户457的个人简介,/uploads/avatar/default_5.png,1,2026-07-28 06:06:42
458,testuser_0458,$2a$10$N.zmdr9k7uOCQb376NoUnuTJ8iAt6Z5EHsM8lE9lBOsl7iAt6Z5EO,testuser_0458@greenloop.test,1,测试用户458,USER,80,这是测试用户458的个人简介,/uploads/avatar/default_1.png,1,2026-07-27 10:05:42
459,testuser_0459,$2a$10$N.zmdr9k7uOCQb376NoUnuTJ8iAt6Z5EHsM8lE9lBOsl7iAt6Z5EO,testuser_0459@greenloop.test,1,测试用户459,USER,88,这是测试用户459的个人简介,/uploads/avatar/default_4.png,1,2026-08-09 07:20:42
460,testuser_0460,$2a$10$N.zmdr9k7uOCQb376NoUnuTJ8iAt6Z5EHsM8lE9lBOsl7iAt6Z5EO,testuser_0460@greenloop.test,1,测试用户460,USER,84,这是测试用户460的个人简介,/uploads/avatar/default_4.png,1,2026-08-10 21:18:42
461,testuser_0461,$2a$10$N.zmdr9k7uOCQb376NoUnuTJ8iAt6Z5EHsM8lE9lBOsl7iAt6Z5EO,testuser_0461@greenloop.test,1,测试用户461,USER,84,这是测试用户461的个人简介,/uploads/avatar/default_1.png,1,2026-07-22 23:37:42
462,testuser_0462,$2a$10$N.zmdr9k7uOCQb376NoUnuTJ8iAt6Z5EHsM8lE9lBOsl7iAt6Z5EO,testuser_0462@greenloop.test,1,测试用户462,USER,75,这是测试用户462的个人简介,/uploads/avatar/default_1.png,1,2026-08-14 10:46:42
463,testuser_0463,$2a$10$N.zmdr9k7uOCQb376NoUnuTJ8iAt6Z5EHsM8lE9lBOsl7iAt6Z5EO,testuser_0463@greenloop.test,1,测试用户463,USER,84,这是测试用户463的个人简介,/uploads/avatar/default_2.png,1,2026-07-24 06:35:42
464,testuser_0464,$2a$10$N.zmdr9k7uOCQb376NoUnuTJ8iAt6Z5EHsM8lE9lBOsl7iAt6Z5EO,testuser_0464@greenloop.test,1,测试用户464,USER,83,这是测试用户464的个人简介,/uploads/avatar/default_1.png,1,2026-08-14 18:36:42
465,testuser_0465,$2a$10$N.zmdr9k7uOCQb376NoUnuTJ8iAt6Z5EHsM8lE9lBOsl7iAt6Z5EO,testuser_0465@greenloop.test,1,测试用户465,USER,88,这是测试用户465的个人简介,/uploads/avatar/default_3.png,1,2026-07-23 10:49:42
466,testuser_0466,$2a$10$N.zmdr9k7uOCQb376NoUnuTJ8iAt6Z5EHsM8lE9lBOsl7iAt6Z5EO,testuser_0466@greenloop.test,1,测试用户466,USER,68,这是测试用户466的个人简介,/uploads/avatar/default_1.png,1,2026-08-11 05:27:42
467,testuser_0467,$2a$10$N.zmdr9k7uOCQb376NoUnuTJ8iAt6Z5EHsM8lE9lBOsl7iAt6Z5EO,testuser_0467@greenloop.test,1,测试用户467,USER,95,这是测试用户467的个人简介,/uploads/avatar/default_5.png,1,2026-07-31 05:49:42
468,testuser_0468,$2a$10$N.zmdr9k7uOCQb376NoUnuTJ8iAt6Z5EHsM8lE9lBOsl7iAt6Z5EO,testuser_0468@greenloop.test,1,测试用户468,USER,61,这是测试用户468的个人简介,/uploads/avatar/default_1.png,1,2026-08-05 01:50:42
469,testuser_0469,$2a$10$N.zmdr9k7uOCQb376NoUnuTJ8iAt6Z5EHsM8lE9lBOsl7iAt6Z5EO,testuser_0469@greenloop.test,1,测试用户469,USER,98,这是测试用户469的个人简介,/uploads/avatar/default_5.png,1,2026-07-22 08:00:42
470,testuser_0470,$2a$10$N.zmdr9k7uOCQb376NoUnuTJ8iAt6Z5EHsM8lE9lBOsl7iAt6Z5EO,testuser_0470@greenloop.test,1,测试用户470,USER,84,这是测试用户470的个人简介,/uploads/avatar/default_1.png,1,2026-08-07 05:31:42
471,testuser_0471,$2a$10$N.zmdr9k7uOCQb376NoUnuTJ8iAt6Z5EHsM8lE9lBOsl7iAt6Z5EO,testuser_0471@greenloop.test,1,测试用户471,USER,65,这是测试用户471的个人简介,/uploads/avatar/default_5.png,1,2026-07-19 11:19:42
472,testuser_0472,$2a$10$N.zmdr9k7uOCQb376NoUnuTJ8iAt6Z5EHsM8lE9lBOsl7iAt6Z5EO,testuser_0472@greenloop.test,1,测试用户472,USER,93,这是测试用户472的个人简介,/uploads/avatar/default_2.png,1,2026-07-26 06:45:42
473,testuser_0473,$2a$10$N.zmdr9k7uOCQb376NoUnuTJ8iAt6Z5EHsM8lE9lBOsl7iAt6Z5EO,testuser_0473@greenloop.test,1,测试用户473,USER,68,这是测试用户473的个人简介,/uploads/avatar/default_3.png,1,2026-08-07 10:24:42
474,testuser_0474,$2a$10$N.zmdr9k7uOCQb376NoUnuTJ8iAt6Z5EHsM8lE9lBOsl7iAt6Z5EO,testuser_0474@greenloop.test,1,测试用户474,USER,69,这是测试用户474的个人简介,/uploads/avatar/default_1.png,1,2026-08-11 05:38:42
475,testuser_0475,$2a$10$N.zmdr9k7uOCQb376NoUnuTJ8iAt6Z5EHsM8lE9lBOsl7iAt6Z5EO,testuser_0475@greenloop.test,1,测试用户475,USER,86,这是测试用户475的个人简介,/uploads/avatar/default_3.png,1,2026-08-01 16:32:42
476,testuser_0476,$2a$10$N.zmdr9k7uOCQb376NoUnuTJ8iAt6Z5EHsM8lE9lBOsl7iAt6Z5EO,testuser_0476@greenloop.test,1,测试用户476,USER,76,这是测试用户476的个人简介,/uploads/avatar/default_2.png,1,2026-07-23 22:24:42
477,testuser_0477,$2a$10$N.zmdr9k7uOCQb376NoUnuTJ8iAt6Z5EHsM8lE9lBOsl7iAt6Z5EO,testuser_0477@greenloop.test,1,测试用户477,USER,98,这是测试用户477的个人简介,/uploads/avatar/default_5.png,1,2026-08-10 04:49:42
478,testuser_0478,$2a$10$N.zmdr9k7uOCQb376NoUnuTJ8iAt6Z5EHsM8lE9lBOsl7iAt6Z5EO,testuser_0478@greenloop.test,1,测试用户478,USER,68,这是测试用户478的个人简介,/uploads/avatar/default_3.png,1,2026-08-16 06:34:42
479,testuser_0479,$2a$10$N.zmdr9k7uOCQb376NoUnuTJ8iAt6Z5EHsM8lE9lBOsl7iAt6Z5EO,testuser_0479@greenloop.test,1,测试用户479,USER,99,这是测试用户479的个人简介,/uploads/avatar/default_4.png,1,2026-07-22 08:27:42
480,testuser_0480,$2a$10$N.zmdr9k7uOCQb376NoUnuTJ8iAt6Z5EHsM8lE9lBOsl7iAt6Z5EO,testuser_0480@greenloop.test,1,测试用户480,USER,81,这是测试用户480的个人简介,/uploads/avatar/default_4.png,1,2026-07-20 22:17:42
481,testuser_0481,$2a$10$N.zmdr9k7uOCQb376NoUnuTJ8iAt6Z5EHsM8lE9lBOsl7iAt6Z5EO,testuser_0481@greenloop.test,1,测试用户481,USER,68,这是测试用户481的个人简介,/uploads/avatar/default_3.png,1,2026-08-05 23:11:42
482,testuser_0482,$2a$10$N.zmdr9k7uOCQb376NoUnuTJ8iAt6Z5EHsM8lE9lBOsl7iAt6Z5EO,testuser_0482@greenloop.test,1,测试用户482,USER,72,这是测试用户482的个人简介,/uploads/avatar/default_4.png,1,2026-08-06 13:30:42
483,testuser_0483,$2a$10$N.zmdr9k7uOCQb376NoUnuTJ8iAt6Z5EHsM8lE9lBOsl7iAt6Z5EO,testuser_0483@greenloop.test,1,测试用户483,USER,80,这是测试用户483的个人简介,/uploads/avatar/default_3.png,1,2026-07-23 20:15:42
484,testuser_0484,$2a$10$N.zmdr9k7uOCQb376NoUnuTJ8iAt6Z5EHsM8lE9lBOsl7iAt6Z5EO,testuser_0484@greenloop.test,1,测试用户484,USER,91,这是测试用户484的个人简介,/uploads/avatar/default_5.png,1,2026-07-22 11:35:42
485,testuser_0485,$2a$10$N.zmdr9k7uOCQb376NoUnuTJ8iAt6Z5EHsM8lE9lBOsl7iAt6Z5EO,testuser_0485@greenloop.test,1,测试用户485,USER,84,这是测试用户485的个人简介,/uploads/avatar/default_3.png,1,2026-07-21 06:32:42
486,testuser_0486,$2a$10$N.zmdr9k7uOCQb376NoUnuTJ8iAt6Z5EHsM8lE9lBOsl7iAt6Z5EO,testuser_0486@greenloop.test,1,测试用户486,USER,67,这是测试用户486的个人简介,/uploads/avatar/default_5.png,1,2026-08-10 00:21:42
487,testuser_0487,$2a$10$N.zmdr9k7uOCQb376NoUnuTJ8iAt6Z5EHsM8lE9lBOsl7iAt6Z5EO,testuser_0487@greenloop.test,1,测试用户487,USER,71,这是测试用户487的个人简介,/uploads/avatar/default_5.png,1,2026-08-15 19:26:42
488,testuser_0488,$2a$10$N.zmdr9k7uOCQb376NoUnuTJ8iAt6Z5EHsM8lE9lBOsl7iAt6Z5EO,testuser_0488@greenloop.test,1,测试用户488,USER,73,这是测试用户488的个人简介,/uploads/avatar/default_4.png,1,2026-07-22 09:02:42
489,testuser_0489,$2a$10$N.zmdr9k7uOCQb376NoUnuTJ8iAt6Z5EHsM8lE9lBOsl7iAt6Z5EO,testuser_0489@greenloop.test,1,测试用户489,USER,64,这是测试用户489的个人简介,/uploads/avatar/default_4.png,1,2026-07-26 03:47:42
490,testuser_0490,$2a$10$N.zmdr9k7uOCQb376NoUnuTJ8iAt6Z5EHsM8lE9lBOsl7iAt6Z5EO,testuser_0490@greenloop.test,1,测试用户490,USER,100,这是测试用户490的个人简介,/uploads/avatar/default_3.png,1,2026-08-09 10:13:42
491,testuser_0491,$2a$10$N.zmdr9k7uOCQb376NoUnuTJ8iAt6Z5EHsM8lE9lBOsl7iAt6Z5EO,testuser_0491@greenloop.test,1,测试用户491,USER,69,这是测试用户491的个人简介,/uploads/avatar/default_4.png,1,2026-07-22 06:51:42
492,testuser_0492,$2a$10$N.zmdr9k7uOCQb376NoUnuTJ8iAt6Z5EHsM8lE9lBOsl7iAt6Z5EO,testuser_0492@greenloop.test,1,测试用户492,USER,88,这是测试用户492的个人简介,/uploads/avatar/default_5.png,1,2026-08-01 00:30:42
493,testuser_0493,$2a$10$N.zmdr9k7uOCQb376NoUnuTJ8iAt6Z5EHsM8lE9lBOsl7iAt6Z5EO,testuser_0493@greenloop.test,1,测试用户493,USER,94,这是测试用户493的个人简介,/uploads/avatar/default_5.png,1,2026-07-17 20:29:42
494,testuser_0494,$2a$10$N.zmdr9k7uOCQb376NoUnuTJ8iAt6Z5EHsM8lE9lBOsl7iAt6Z5EO,testuser_0494@greenloop.test,1,测试用户494,USER,94,这是测试用户494的个人简介,/uploads/avatar/default_1.png,1,2026-07-22 07:11:42
495,testuser_0495,$2a$10$N.zmdr9k7uOCQb376NoUnuTJ8iAt6Z5EHsM8lE9lBOsl7iAt6Z5EO,testuser_0495@greenloop.test,1,测试用户495,USER,94,这是测试用户495的个人简介,/uploads/avatar/default_5.png,1,2026-07-27 16:49:42
496,testuser_0496,$2a$10$N.zmdr9k7uOCQb376NoUnuTJ8iAt6Z5EHsM8lE9lBOsl7iAt6Z5EO,testuser_0496@greenloop.test,1,测试用户496,USER,75,这是测试用户496的个人简介,/uploads/avatar/default_3.png,1,2026-08-10 22:16:42
497,testuser_0497,$2a$10$N.zmdr9k7uOCQb376NoUnuTJ8iAt6Z5EHsM8lE9lBOsl7iAt6Z5EO,testuser_0497@greenloop.test,1,测试用户497,USER,62,这是测试用户497的个人简介,/uploads/avatar/default_5.png,1,2026-07-26 21:14:42
498,testuser_0498,$2a$10$N.zmdr9k7uOCQb376NoUnuTJ8iAt6Z5EHsM8lE9lBOsl7iAt6Z5EO,testuser_0498@greenloop.test,1,测试用户498,USER,85,这是测试用户498的个人简介,/uploads/avatar/default_3.png,1,2026-07-22 05:49:42
499,testuser_0499,$2a$10$N.zmdr9k7uOCQb376NoUnuTJ8iAt6Z5EHsM8lE9lBOsl7iAt6Z5EO,testuser_0499@greenloop.test,1,测试用户499,USER,60,这是测试用户499的个人简介,/uploads/avatar/default_1.png,1,2026-08-08 11:23:42
500,testuser_0500,$2a$10$N.zmdr9k7uOCQb376NoUnuTJ8iAt6Z5EHsM8lE9lBOsl7iAt6Z5EO,testuser_0500@greenloop.test,1,测试用户500,USER,93,这是测试用户500的个人简介,/uploads/avatar/default_5.png,1,2026-07-28 20:19:42
501,testuser_0501,$2a$10$N.zmdr9k7uOCQb376NoUnuTJ8iAt6Z5EHsM8lE9lBOsl7iAt6Z5EO,testuser_0501@greenloop.test,1,测试用户501,USER,74,这是测试用户501的个人简介,/uploads/avatar/default_4.png,1,2026-08-05 06:26:42
502,testuser_0502,$2a$10$N.zmdr9k7uOCQb376NoUnuTJ8iAt6Z5EHsM8lE9lBOsl7iAt6Z5EO,testuser_0502@greenloop.test,1,测试用户502,USER,97,这是测试用户502的个人简介,/uploads/avatar/default_5.png,1,2026-08-12 07:54:42
503,testuser_0503,$2a$10$N.zmdr9k7uOCQb376NoUnuTJ8iAt6Z5EHsM8lE9lBOsl7iAt6Z5EO,testuser_0503@greenloop.test,1,测试用户503,USER,90,这是测试用户503的个人简介,/uploads/avatar/default_1.png,1,2026-08-07 04:57:42
504,testuser_0504,$2a$10$N.zmdr9k7uOCQb376NoUnuTJ8iAt6Z5EHsM8lE9lBOsl7iAt6Z5EO,testuser_0504@greenloop.test,1,测试用户504,USER,65,这是测试用户504的个人简介,/uploads/avatar/default_1.png,1,2026-07-20 19:46:42
505,testuser_0505,$2a$10$N.zmdr9k7uOCQb376NoUnuTJ8iAt6Z5EHsM8lE9lBOsl7iAt6Z5EO,testuser_0505@greenloop.test,1,测试用户505,USER,82,这是测试用户505的个人简介,/uploads/avatar/default_3.png,1,2026-08-06 04:05:42
506,testuser_0506,$2a$10$N.zmdr9k7uOCQb376NoUnuTJ8iAt6Z5EHsM8lE9lBOsl7iAt6Z5EO,testuser_0506@greenloop.test,1,测试用户506,USER,73,这是测试用户506的个人简介,/uploads/avatar/default_5.png,1,2026-08-01 07:25:42
507,testuser_0507,$2a$10$N.zmdr9k7uOCQb376NoUnuTJ8iAt6Z5EHsM8lE9lBOsl7iAt6Z5EO,testuser_0507@greenloop.test,1,测试用户507,USER,66,这是测试用户507的个人简介,/uploads/avatar/default_4.png,1,2026-07-23 20:27:42
508,testuser_0508,$2a$10$N.zmdr9k7uOCQb376NoUnuTJ8iAt6Z5EHsM8lE9lBOsl7iAt6Z5EO,testuser_0508@greenloop.test,1,测试用户508,USER,80,这是测试用户508的个人简介,/uploads/avatar/default_1.png,1,2026-08-07 17:04:42
509,testuser_0509,$2a$10$N.zmdr9k7uOCQb376NoUnuTJ8iAt6Z5EHsM8lE9lBOsl7iAt6Z5EO,testuser_0509@greenloop.test,1,测试用户509,USER,67,这是测试用户509的个人简介,/uploads/avatar/default_1.png,1,2026-07-20 08:14:42
510,testuser_0510,$2a$10$N.zmdr9k7uOCQb376NoUnuTJ8iAt6Z5EHsM8lE9lBOsl7iAt6Z5EO,testuser_0510@greenloop.test,1,测试用户510,USER,66,这是测试用户510的个人简介,/uploads/avatar/default_2.png,1,2026-07-17 19:40:42
511,testuser_0511,$2a$10$N.zmdr9k7uOCQb376NoUnuTJ8iAt6Z5EHsM8lE9lBOsl7iAt6Z5EO,testuser_0511@greenloop.test,1,测试用户511,USER,93,这是测试用户511的个人简介,/uploads/avatar/default_2.png,1,2026-07-30 13:34:42
512,testuser_0512,$2a$10$N.zmdr9k7uOCQb376NoUnuTJ8iAt6Z5EHsM8lE9lBOsl7iAt6Z5EO,testuser_0512@greenloop.test,1,测试用户512,USER,95,这是测试用户512的个人简介,/uploads/avatar/default_4.png,1,2026-08-02 11:04:42
513,testuser_0513,$2a$10$N.zmdr9k7uOCQb376NoUnuTJ8iAt6Z5EHsM8lE9lBOsl7iAt6Z5EO,testuser_0513@greenloop.test,1,测试用户513,USER,85,这是测试用户513的个人简介,/uploads/avatar/default_2.png,1,2026-08-10 22:13:42
514,testuser_0514,$2a$10$N.zmdr9k7uOCQb376NoUnuTJ8iAt6Z5EHsM8lE9lBOsl7iAt6Z5EO,testuser_0514@greenloop.test,1,测试用户514,USER,87,这是测试用户514的个人简介,/uploads/avatar/default_4.png,1,2026-08-15 19:16:42
515,testuser_0515,$2a$10$N.zmdr9k7uOCQb376NoUnuTJ8iAt6Z5EHsM8lE9lBOsl7iAt6Z5EO,testuser_0515@greenloop.test,1,测试用户515,USER,72,这是测试用户515的个人简介,/uploads/avatar/default_4.png,1,2026-07-29 05:31:42
516,testuser_0516,$2a$10$N.zmdr9k7uOCQb376NoUnuTJ8iAt6Z5EHsM8lE9lBOsl7iAt6Z5EO,testuser_0516@greenloop.test,1,测试用户516,USER,60,这是测试用户516的个人简介,/uploads/avatar/default_2.png,1,2026-08-10 10:07:42
517,testuser_0517,$2a$10$N.zmdr9k7uOCQb376NoUnuTJ8iAt6Z5EHsM8lE9lBOsl7iAt6Z5EO,testuser_0517@greenloop.test,1,测试用户517,USER,64,这是测试用户517的个人简介,/uploads/avatar/default_5.png,1,2026-08-13 01:44:42
518,testuser_0518,$2a$10$N.zmdr9k7uOCQb376NoUnuTJ8iAt6Z5EHsM8lE9lBOsl7iAt6Z5EO,testuser_0518@greenloop.test,1,测试用户518,USER,83,这是测试用户518的个人简介,/uploads/avatar/default_3.png,1,2026-08-10 04:48:42
519,testuser_0519,$2a$10$N.zmdr9k7uOCQb376NoUnuTJ8iAt6Z5EHsM8lE9lBOsl7iAt6Z5EO,testuser_0519@greenloop.test,1,测试用户519,USER,76,这是测试用户519的个人简介,/uploads/avatar/default_4.png,1,2026-07-30 22:35:42
520,testuser_0520,$2a$10$N.zmdr9k7uOCQb376NoUnuTJ8iAt6Z5EHsM8lE9lBOsl7iAt6Z5EO,testuser_0520@greenloop.test,1,测试用户520,USER,98,这是测试用户520的个人简介,/uploads/avatar/default_4.png,1,2026-07-28 06:18:42
521,testuser_0521,$2a$10$N.zmdr9k7uOCQb376NoUnuTJ8iAt6Z5EHsM8lE9lBOsl7iAt6Z5EO,testuser_0521@greenloop.test,1,测试用户521,USER,67,这是测试用户521的个人简介,/uploads/avatar/default_3.png,1,2026-08-05 04:16:42
522,testuser_0522,$2a$10$N.zmdr9k7uOCQb376NoUnuTJ8iAt6Z5EHsM8lE9lBOsl7iAt6Z5EO,testuser_0522@greenloop.test,1,测试用户522,USER,71,这是测试用户522的个人简介,/uploads/avatar/default_3.png,1,2026-07-17 23:18:42
523,testuser_0523,$2a$10$N.zmdr9k7uOCQb376NoUnuTJ8iAt6Z5EHsM8lE9lBOsl7iAt6Z5EO,testuser_0523@greenloop.test,1,测试用户523,USER,65,这是测试用户523的个人简介,/uploads/avatar/default_2.png,1,2026-08-06 15:40:42
524,testuser_0524,$2a$10$N.zmdr9k7uOCQb376NoUnuTJ8iAt6Z5EHsM8lE9lBOsl7iAt6Z5EO,testuser_0524@greenloop.test,1,测试用户524,USER,79,这是测试用户524的个人简介,/uploads/avatar/default_1.png,1,2026-08-11 07:11:42
525,testuser_0525,$2a$10$N.zmdr9k7uOCQb376NoUnuTJ8iAt6Z5EHsM8lE9lBOsl7iAt6Z5EO,testuser_0525@greenloop.test,1,测试用户525,USER,69,这是测试用户525的个人简介,/uploads/avatar/default_5.png,1,2026-08-04 05:17:42
526,testuser_0526,$2a$10$N.zmdr9k7uOCQb376NoUnuTJ8iAt6Z5EHsM8lE9lBOsl7iAt6Z5EO,testuser_0526@greenloop.test,1,测试用户526,USER,68,这是测试用户526的个人简介,/uploads/avatar/default_5.png,1,2026-08-04 05:44:42
527,testuser_0527,$2a$10$N.zmdr9k7uOCQb376NoUnuTJ8iAt6Z5EHsM8lE9lBOsl7iAt6Z5EO,testuser_0527@greenloop.test,1,测试用户527,USER,91,这是测试用户527的个人简介,/uploads/avatar/default_5.png,1,2026-07-24 21:56:42
528,testuser_0528,$2a$10$N.zmdr9k7uOCQb376NoUnuTJ8iAt6Z5EHsM8lE9lBOsl7iAt6Z5EO,testuser_0528@greenloop.test,1,测试用户528,USER,71,这是测试用户528的个人简介,/uploads/avatar/default_5.png,1,2026-08-11 03:37:42
529,testuser_0529,$2a$10$N.zmdr9k7uOCQb376NoUnuTJ8iAt6Z5EHsM8lE9lBOsl7iAt6Z5EO,testuser_0529@greenloop.test,1,测试用户529,USER,68,这是测试用户529的个人简介,/uploads/avatar/default_2.png,1,2026-08-06 04:16:42
530,testuser_0530,$2a$10$N.zmdr9k7uOCQb376NoUnuTJ8iAt6Z5EHsM8lE9lBOsl7iAt6Z5EO,testuser_0530@greenloop.test,1,测试用户530,USER,63,这是测试用户530的个人简介,/uploads/avatar/default_3.png,1,2026-08-16 03:47:42
531,testuser_0531,$2a$10$N.zmdr9k7uOCQb376NoUnuTJ8iAt6Z5EHsM8lE9lBOsl7iAt6Z5EO,testuser_0531@greenloop.test,1,测试用户531,USER,72,这是测试用户531的个人简介,/uploads/avatar/default_4.png,1,2026-07-30 02:14:42
532,testuser_0532,$2a$10$N.zmdr9k7uOCQb376NoUnuTJ8iAt6Z5EHsM8lE9lBOsl7iAt6Z5EO,testuser_0532@greenloop.test,1,测试用户532,USER,91,这是测试用户532的个人简介,/uploads/avatar/default_4.png,1,2026-07-26 03:29:42
533,testuser_0533,$2a$10$N.zmdr9k7uOCQb376NoUnuTJ8iAt6Z5EHsM8lE9lBOsl7iAt6Z5EO,testuser_0533@greenloop.test,1,测试用户533,USER,88,这是测试用户533的个人简介,/uploads/avatar/default_4.png,1,2026-08-11 16:19:42
534,testuser_0534,$2a$10$N.zmdr9k7uOCQb376NoUnuTJ8iAt6Z5EHsM8lE9lBOsl7iAt6Z5EO,testuser_0534@greenloop.test,1,测试用户534,USER,61,这是测试用户534的个人简介,/uploads/avatar/default_2.png,1,2026-08-07 17:38:42
535,testuser_0535,$2a$10$N.zmdr9k7uOCQb376NoUnuTJ8iAt6Z5EHsM8lE9lBOsl7iAt6Z5EO,testuser_0535@greenloop.test,1,测试用户535,USER,74,这是测试用户535的个人简介,/uploads/avatar/default_5.png,1,2026-08-07 13:06:42
536,testuser_0536,$2a$10$N.zmdr9k7uOCQb376NoUnuTJ8iAt6Z5EHsM8lE9lBOsl7iAt6Z5EO,testuser_0536@greenloop.test,1,测试用户536,USER,89,这是测试用户536的个人简介,/uploads/avatar/default_5.png,1,2026-07-24 03:20:42
537,testuser_0537,$2a$10$N.zmdr9k7uOCQb376NoUnuTJ8iAt6Z5EHsM8lE9lBOsl7iAt6Z5EO,testuser_0537@greenloop.test,1,测试用户537,USER,92,这是测试用户537的个人简介,/uploads/avatar/default_1.png,1,2026-07-29 15:38:42
538,testuser_0538,$2a$10$N.zmdr9k7uOCQb376NoUnuTJ8iAt6Z5EHsM8lE9lBOsl7iAt6Z5EO,testuser_0538@greenloop.test,1,测试用户538,USER,94,这是测试用户538的个人简介,/uploads/avatar/default_3.png,1,2026-07-30 17:07:42
539,testuser_0539,$2a$10$N.zmdr9k7uOCQb376NoUnuTJ8iAt6Z5EHsM8lE9lBOsl7iAt6Z5EO,testuser_0539@greenloop.test,1,测试用户539,USER,88,这是测试用户539的个人简介,/uploads/avatar/default_5.png,1,2026-08-10 05:49:42
540,testuser_0540,$2a$10$N.zmdr9k7uOCQb376NoUnuTJ8iAt6Z5EHsM8lE9lBOsl7iAt6Z5EO,testuser_0540@greenloop.test,1,测试用户540,USER,75,这是测试用户540的个人简介,/uploads/avatar/default_3.png,1,2026-07-20 17:27:42
541,testuser_0541,$2a$10$N.zmdr9k7uOCQb376NoUnuTJ8iAt6Z5EHsM8lE9lBOsl7iAt6Z5EO,testuser_0541@greenloop.test,1,测试用户541,USER,76,这是测试用户541的个人简介,/uploads/avatar/default_3.png,1,2026-07-20 16:27:42
542,testuser_0542,$2a$10$N.zmdr9k7uOCQb376NoUnuTJ8iAt6Z5EHsM8lE9lBOsl7iAt6Z5EO,testuser_0542@greenloop.test,1,测试用户542,USER,67,这是测试用户542的个人简介,/uploads/avatar/default_2.png,1,2026-08-09 19:18:42
543,testuser_0543,$2a$10$N.zmdr9k7uOCQb376NoUnuTJ8iAt6Z5EHsM8lE9lBOsl7iAt6Z5EO,testuser_0543@greenloop.test,1,测试用户543,USER,82,这是测试用户543的个人简介,/uploads/avatar/default_5.png,1,2026-07-27 05:45:42
544,testuser_0544,$2a$10$N.zmdr9k7uOCQb376NoUnuTJ8iAt6Z5EHsM8lE9lBOsl7iAt6Z5EO,testuser_0544@greenloop.test,1,测试用户544,USER,99,这是测试用户544的个人简介,/uploads/avatar/default_2.png,1,2026-07-22 12:03:42
545,testuser_0545,$2a$10$N.zmdr9k7uOCQb376NoUnuTJ8iAt6Z5EHsM8lE9lBOsl7iAt6Z5EO,testuser_0545@greenloop.test,1,测试用户545,USER,73,这是测试用户545的个人简介,/uploads/avatar/default_1.png,1,2026-07-29 07:21:42
546,testuser_0546,$2a$10$N.zmdr9k7uOCQb376NoUnuTJ8iAt6Z5EHsM8lE9lBOsl7iAt6Z5EO,testuser_0546@greenloop.test,1,测试用户546,USER,77,这是测试用户546的个人简介,/uploads/avatar/default_5.png,1,2026-07-30 13:35:42
547,testuser_0547,$2a$10$N.zmdr9k7uOCQb376NoUnuTJ8iAt6Z5EHsM8lE9lBOsl7iAt6Z5EO,testuser_0547@greenloop.test,1,测试用户547,USER,78,这是测试用户547的个人简介,/uploads/avatar/default_3.png,1,2026-07-29 10:01:42
548,testuser_0548,$2a$10$N.zmdr9k7uOCQb376NoUnuTJ8iAt6Z5EHsM8lE9lBOsl7iAt6Z5EO,testuser_0548@greenloop.test,1,测试用户548,USER,92,这是测试用户548的个人简介,/uploads/avatar/default_1.png,1,2026-08-12 04:57:42
549,testuser_0549,$2a$10$N.zmdr9k7uOCQb376NoUnuTJ8iAt6Z5EHsM8lE9lBOsl7iAt6Z5EO,testuser_0549@greenloop.test,1,测试用户549,USER,63,这是测试用户549的个人简介,/uploads/avatar/default_3.png,1,2026-07-19 22:47:42
550,testuser_0550,$2a$10$N.zmdr9k7uOCQb376NoUnuTJ8iAt6Z5EHsM8lE9lBOsl7iAt6Z5EO,testuser_0550@greenloop.test,1,测试用户550,USER,68,这是测试用户550的个人简介,/uploads/avatar/default_2.png,1,2026-08-11 20:35:42
551,testuser_0551,$2a$10$N.zmdr9k7uOCQb376NoUnuTJ8iAt6Z5EHsM8lE9lBOsl7iAt6Z5EO,testuser_0551@greenloop.test,1,测试用户551,USER,75,这是测试用户551的个人简介,/uploads/avatar/default_4.png,1,2026-08-01 14:19:42
552,testuser_0552,$2a$10$N.zmdr9k7uOCQb376NoUnuTJ8iAt6Z5EHsM8lE9lBOsl7iAt6Z5EO,testuser_0552@greenloop.test,1,测试用户552,USER,100,这是测试用户552的个人简介,/uploads/avatar/default_3.png,1,2026-07-27 05:31:42
553,testuser_0553,$2a$10$N.zmdr9k7uOCQb376NoUnuTJ8iAt6Z5EHsM8lE9lBOsl7iAt6Z5EO,testuser_0553@greenloop.test,1,测试用户553,USER,88,这是测试用户553的个人简介,/uploads/avatar/default_1.png,1,2026-07-27 16:30:42
554,testuser_0554,$2a$10$N.zmdr9k7uOCQb376NoUnuTJ8iAt6Z5EHsM8lE9lBOsl7iAt6Z5EO,testuser_0554@greenloop.test,1,测试用户554,USER,92,这是测试用户554的个人简介,/uploads/avatar/default_3.png,1,2026-07-25 07:26:42
555,testuser_0555,$2a$10$N.zmdr9k7uOCQb376NoUnuTJ8iAt6Z5EHsM8lE9lBOsl7iAt6Z5EO,testuser_0555@greenloop.test,1,测试用户555,USER,91,这是测试用户555的个人简介,/uploads/avatar/default_3.png,1,2026-07-29 18:00:42
556,testuser_0556,$2a$10$N.zmdr9k7uOCQb376NoUnuTJ8iAt6Z5EHsM8lE9lBOsl7iAt6Z5EO,testuser_0556@greenloop.test,1,测试用户556,USER,65,这是测试用户556的个人简介,/uploads/avatar/default_4.png,1,2026-07-26 21:11:42
557,testuser_0557,$2a$10$N.zmdr9k7uOCQb376NoUnuTJ8iAt6Z5EHsM8lE9lBOsl7iAt6Z5EO,testuser_0557@greenloop.test,1,测试用户557,USER,82,这是测试用户557的个人简介,/uploads/avatar/default_1.png,1,2026-07-22 01:30:42
558,testuser_0558,$2a$10$N.zmdr9k7uOCQb376NoUnuTJ8iAt6Z5EHsM8lE9lBOsl7iAt6Z5EO,testuser_0558@greenloop.test,1,测试用户558,USER,73,这是测试用户558的个人简介,/uploads/avatar/default_4.png,1,2026-07-21 12:24:42
559,testuser_0559,$2a$10$N.zmdr9k7uOCQb376NoUnuTJ8iAt6Z5EHsM8lE9lBOsl7iAt6Z5EO,testuser_0559@greenloop.test,1,测试用户559,USER,77,这是测试用户559的个人简介,/uploads/avatar/default_3.png,1,2026-07-21 09:34:42
560,testuser_0560,$2a$10$N.zmdr9k7uOCQb376NoUnuTJ8iAt6Z5EHsM8lE9lBOsl7iAt6Z5EO,testuser_0560@greenloop.test,1,测试用户560,USER,95,这是测试用户560的个人简介,/uploads/avatar/default_5.png,1,2026-08-12 00:01:42
561,testuser_0561,$2a$10$N.zmdr9k7uOCQb376NoUnuTJ8iAt6Z5EHsM8lE9lBOsl7iAt6Z5EO,testuser_0561@greenloop.test,1,测试用户561,USER,91,这是测试用户561的个人简介,/uploads/avatar/default_3.png,1,2026-07-18 21:07:42
562,testuser_0562,$2a$10$N.zmdr9k7uOCQb376NoUnuTJ8iAt6Z5EHsM8lE9lBOsl7iAt6Z5EO,testuser_0562@greenloop.test,1,测试用户562,USER,63,这是测试用户562的个人简介,/uploads/avatar/default_1.png,1,2026-08-12 22:05:42
563,testuser_0563,$2a$10$N.zmdr9k7uOCQb376NoUnuTJ8iAt6Z5EHsM8lE9lBOsl7iAt6Z5EO,testuser_0563@greenloop.test,1,测试用户563,USER,89,这是测试用户563的个人简介,/uploads/avatar/default_1.png,1,2026-08-13 13:27:42
564,testuser_0564,$2a$10$N.zmdr9k7uOCQb376NoUnuTJ8iAt6Z5EHsM8lE9lBOsl7iAt6Z5EO,testuser_0564@greenloop.test,1,测试用户564,USER,89,这是测试用户564的个人简介,/uploads/avatar/default_1.png,1,2026-08-03 12:11:42
565,testuser_0565,$2a$10$N.zmdr9k7uOCQb376NoUnuTJ8iAt6Z5EHsM8lE9lBOsl7iAt6Z5EO,testuser_0565@greenloop.test,1,测试用户565,USER,68,这是测试用户565的个人简介,/uploads/avatar/default_3.png,1,2026-08-11 10:50:42
566,testuser_0566,$2a$10$N.zmdr9k7uOCQb376NoUnuTJ8iAt6Z5EHsM8lE9lBOsl7iAt6Z5EO,testuser_0566@greenloop.test,1,测试用户566,USER,83,这是测试用户566的个人简介,/uploads/avatar/default_3.png,1,2026-08-14 07:13:42
567,testuser_0567,$2a$10$N.zmdr9k7uOCQb376NoUnuTJ8iAt6Z5EHsM8lE9lBOsl7iAt6Z5EO,testuser_0567@greenloop.test,1,测试用户567,USER,70,这是测试用户567的个人简介,/uploads/avatar/default_1.png,1,2026-08-03 22:36:42
568,testuser_0568,$2a$10$N.zmdr9k7uOCQb376NoUnuTJ8iAt6Z5EHsM8lE9lBOsl7iAt6Z5EO,testuser_0568@greenloop.test,1,测试用户568,USER,74,这是测试用户568的个人简介,/uploads/avatar/default_4.png,1,2026-07-27 16:10:42
569,testuser_0569,$2a$10$N.zmdr9k7uOCQb376NoUnuTJ8iAt6Z5EHsM8lE9lBOsl7iAt6Z5EO,testuser_0569@greenloop.test,1,测试用户569,USER,66,这是测试用户569的个人简介,/uploads/avatar/default_1.png,1,2026-08-10 03:51:42
570,testuser_0570,$2a$10$N.zmdr9k7uOCQb376NoUnuTJ8iAt6Z5EHsM8lE9lBOsl7iAt6Z5EO,testuser_0570@greenloop.test,1,测试用户570,USER,68,这是测试用户570的个人简介,/uploads/avatar/default_5.png,1,2026-08-09 02:12:42
571,testuser_0571,$2a$10$N.zmdr9k7uOCQb376NoUnuTJ8iAt6Z5EHsM8lE9lBOsl7iAt6Z5EO,testuser_0571@greenloop.test,1,测试用户571,USER,88,这是测试用户571的个人简介,/uploads/avatar/default_1.png,1,2026-08-15 20:34:42
572,testuser_0572,$2a$10$N.zmdr9k7uOCQb376NoUnuTJ8iAt6Z5EHsM8lE9lBOsl7iAt6Z5EO,testuser_0572@greenloop.test,1,测试用户572,USER,67,这是测试用户572的个人简介,/uploads/avatar/default_4.png,1,2026-07-25 14:25:42
573,testuser_0573,$2a$10$N.zmdr9k7uOCQb376NoUnuTJ8iAt6Z5EHsM8lE9lBOsl7iAt6Z5EO,testuser_0573@greenloop.test,1,测试用户573,USER,64,这是测试用户573的个人简介,/uploads/avatar/default_2.png,1,2026-08-04 16:09:42
574,testuser_0574,$2a$10$N.zmdr9k7uOCQb376NoUnuTJ8iAt6Z5EHsM8lE9lBOsl7iAt6Z5EO,testuser_0574@greenloop.test,1,测试用户574,USER,66,这是测试用户574的个人简介,/uploads/avatar/default_1.png,1,2026-08-06 06:59:42
575,testuser_0575,$2a$10$N.zmdr9k7uOCQb376NoUnuTJ8iAt6Z5EHsM8lE9lBOsl7iAt6Z5EO,testuser_0575@greenloop.test,1,测试用户575,USER,79,这是测试用户575的个人简介,/uploads/avatar/default_2.png,1,2026-08-04 14:14:42
576,testuser_0576,$2a$10$N.zmdr9k7uOCQb376NoUnuTJ8iAt6Z5EHsM8lE9lBOsl7iAt6Z5EO,testuser_0576@greenloop.test,1,测试用户576,USER,69,这是测试用户576的个人简介,/uploads/avatar/default_1.png,1,2026-07-31 00:55:42
577,testuser_0577,$2a$10$N.zmdr9k7uOCQb376NoUnuTJ8iAt6Z5EHsM8lE9lBOsl7iAt6Z5EO,testuser_0577@greenloop.test,1,测试用户577,USER,99,这是测试用户577的个人简介,/uploads/avatar/default_2.png,1,2026-08-02 07:09:42
578,testuser_0578,$2a$10$N.zmdr9k7uOCQb376NoUnuTJ8iAt6Z5EHsM8lE9lBOsl7iAt6Z5EO,testuser_0578@greenloop.test,1,测试用户578,USER,73,这是测试用户578的个人简介,/uploads/avatar/default_2.png,1,2026-07-18 05:16:42
579,testuser_0579,$2a$10$N.zmdr9k7uOCQb376NoUnuTJ8iAt6Z5EHsM8lE9lBOsl7iAt6Z5EO,testuser_0579@greenloop.test,1,测试用户579,USER,88,这是测试用户579的个人简介,/uploads/avatar/default_2.png,1,2026-08-14 15:47:42
580,testuser_0580,$2a$10$N.zmdr9k7uOCQb376NoUnuTJ8iAt6Z5EHsM8lE9lBOsl7iAt6Z5EO,testuser_0580@greenloop.test,1,测试用户580,USER,67,这是测试用户580的个人简介,/uploads/avatar/default_5.png,1,2026-07-24 06:33:42
581,testuser_0581,$2a$10$N.zmdr9k7uOCQb376NoUnuTJ8iAt6Z5EHsM8lE9lBOsl7iAt6Z5EO,testuser_0581@greenloop.test,1,测试用户581,USER,87,这是测试用户581的个人简介,/uploads/avatar/default_3.png,1,2026-07-22 14:40:42
582,testuser_0582,$2a$10$N.zmdr9k7uOCQb376NoUnuTJ8iAt6Z5EHsM8lE9lBOsl7iAt6Z5EO,testuser_0582@greenloop.test,1,测试用户582,USER,77,这是测试用户582的个人简介,/uploads/avatar/default_1.png,1,2026-08-09 01:17:42
583,testuser_0583,$2a$10$N.zmdr9k7uOCQb376NoUnuTJ8iAt6Z5EHsM8lE9lBOsl7iAt6Z5EO,testuser_0583@greenloop.test,1,测试用户583,USER,98,这是测试用户583的个人简介,/uploads/avatar/default_5.png,1,2026-08-06 20:54:42
584,testuser_0584,$2a$10$N.zmdr9k7uOCQb376NoUnuTJ8iAt6Z5EHsM8lE9lBOsl7iAt6Z5EO,testuser_0584@greenloop.test,1,测试用户584,USER,79,这是测试用户584的个人简介,/uploads/avatar/default_2.png,1,2026-07-30 23:23:42
585,testuser_0585,$2a$10$N.zmdr9k7uOCQb376NoUnuTJ8iAt6Z5EHsM8lE9lBOsl7iAt6Z5EO,testuser_0585@greenloop.test,1,测试用户585,USER,72,这是测试用户585的个人简介,/uploads/avatar/default_4.png,1,2026-08-06 22:52:42
586,testuser_0586,$2a$10$N.zmdr9k7uOCQb376NoUnuTJ8iAt6Z5EHsM8lE9lBOsl7iAt6Z5EO,testuser_0586@greenloop.test,1,测试用户586,USER,75,这是测试用户586的个人简介,/uploads/avatar/default_4.png,1,2026-08-04 15:40:42
587,testuser_0587,$2a$10$N.zmdr9k7uOCQb376NoUnuTJ8iAt6Z5EHsM8lE9lBOsl7iAt6Z5EO,testuser_0587@greenloop.test,1,测试用户587,USER,91,这是测试用户587的个人简介,/uploads/avatar/default_5.png,1,2026-08-14 01:59:42
588,testuser_0588,$2a$10$N.zmdr9k7uOCQb376NoUnuTJ8iAt6Z5EHsM8lE9lBOsl7iAt6Z5EO,testuser_0588@greenloop.test,1,测试用户588,USER,60,这是测试用户588的个人简介,/uploads/avatar/default_3.png,1,2026-07-18 08:47:42
589,testuser_0589,$2a$10$N.zmdr9k7uOCQb376NoUnuTJ8iAt6Z5EHsM8lE9lBOsl7iAt6Z5EO,testuser_0589@greenloop.test,1,测试用户589,USER,84,这是测试用户589的个人简介,/uploads/avatar/default_5.png,1,2026-08-03 07:21:42
590,testuser_0590,$2a$10$N.zmdr9k7uOCQb376NoUnuTJ8iAt6Z5EHsM8lE9lBOsl7iAt6Z5EO,testuser_0590@greenloop.test,1,测试用户590,USER,71,这是测试用户590的个人简介,/uploads/avatar/default_4.png,1,2026-07-23 16:54:42
591,testuser_0591,$2a$10$N.zmdr9k7uOCQb376NoUnuTJ8iAt6Z5EHsM8lE9lBOsl7iAt6Z5EO,testuser_0591@greenloop.test,1,测试用户591,USER,97,这是测试用户591的个人简介,/uploads/avatar/default_1.png,1,2026-08-16 10:42:42
592,testuser_0592,$2a$10$N.zmdr9k7uOCQb376NoUnuTJ8iAt6Z5EHsM8lE9lBOsl7iAt6Z5EO,testuser_0592@greenloop.test,1,测试用户592,USER,62,这是测试用户592的个人简介,/uploads/avatar/default_1.png,1,2026-07-22 06:23:42
593,testuser_0593,$2a$10$N.zmdr9k7uOCQb376NoUnuTJ8iAt6Z5EHsM8lE9lBOsl7iAt6Z5EO,testuser_0593@greenloop.test,1,测试用户593,USER,78,这是测试用户593的个人简介,/uploads/avatar/default_5.png,1,2026-07-23 05:28:42
594,testuser_0594,$2a$10$N.zmdr9k7uOCQb376NoUnuTJ8iAt6Z5EHsM8lE9lBOsl7iAt6Z5EO,testuser_0594@greenloop.test,1,测试用户594,USER,85,这是测试用户594的个人简介,/uploads/avatar/default_1.png,1,2026-07-27 01:21:42
595,testuser_0595,$2a$10$N.zmdr9k7uOCQb376NoUnuTJ8iAt6Z5EHsM8lE9lBOsl7iAt6Z5EO,testuser_0595@greenloop.test,1,测试用户595,USER,99,这是测试用户595的个人简介,/uploads/avatar/default_2.png,1,2026-08-08 16:36:42
596,testuser_0596,$2a$10$N.zmdr9k7uOCQb376NoUnuTJ8iAt6Z5EHsM8lE9lBOsl7iAt6Z5EO,testuser_0596@greenloop.test,1,测试用户596,USER,65,这是测试用户596的个人简介,/uploads/avatar/default_5.png,1,2026-07-18 12:04:42
597,testuser_0597,$2a$10$N.zmdr9k7uOCQb376NoUnuTJ8iAt6Z5EHsM8lE9lBOsl7iAt6Z5EO,testuser_0597@greenloop.test,1,测试用户597,USER,69,这是测试用户597的个人简介,/uploads/avatar/default_5.png,1,2026-08-06 06:18:42
598,testuser_0598,$2a$10$N.zmdr9k7uOCQb376NoUnuTJ8iAt6Z5EHsM8lE9lBOsl7iAt6Z5EO,testuser_0598@greenloop.test,1,测试用户598,USER,100,这是测试用户598的个人简介,/uploads/avatar/default_1.png,1,2026-08-06 20:28:42
599,testuser_0599,$2a$10$N.zmdr9k7uOCQb376NoUnuTJ8iAt6Z5EHsM8lE9lBOsl7iAt6Z5EO,testuser_0599@greenloop.test,1,测试用户599,USER,75,这是测试用户599的个人简介,/uploads/avatar/default_1.png,1,2026-08-09 15:56:42
600,testuser_0600,$2a$10$N.zmdr9k7uOCQb376NoUnuTJ8iAt6Z5EHsM8lE9lBOsl7iAt6Z5EO,testuser_0600@greenloop.test,1,测试用户600,USER,87,这是测试用户600的个人简介,/uploads/avatar/default_1.png,1,2026-08-01 23:17:42
601,testuser_0601,$2a$10$N.zmdr9k7uOCQb376NoUnuTJ8iAt6Z5EHsM8lE9lBOsl7iAt6Z5EO,testuser_0601@greenloop.test,1,测试用户601,USER,63,这是测试用户601的个人简介,/uploads/avatar/default_3.png,1,2026-07-25 19:13:42
602,testuser_0602,$2a$10$N.zmdr9k7uOCQb376NoUnuTJ8iAt6Z5EHsM8lE9lBOsl7iAt6Z5EO,testuser_0602@greenloop.test,1,测试用户602,USER,71,这是测试用户602的个人简介,/uploads/avatar/default_1.png,1,2026-08-15 20:47:42
603,testuser_0603,$2a$10$N.zmdr9k7uOCQb376NoUnuTJ8iAt6Z5EHsM8lE9lBOsl7iAt6Z5EO,testuser_0603@greenloop.test,1,测试用户603,USER,60,这是测试用户603的个人简介,/uploads/avatar/default_2.png,1,2026-08-01 07:22:42
604,testuser_0604,$2a$10$N.zmdr9k7uOCQb376NoUnuTJ8iAt6Z5EHsM8lE9lBOsl7iAt6Z5EO,testuser_0604@greenloop.test,1,测试用户604,USER,93,这是测试用户604的个人简介,/uploads/avatar/default_3.png,1,2026-08-11 07:47:42
605,testuser_0605,$2a$10$N.zmdr9k7uOCQb376NoUnuTJ8iAt6Z5EHsM8lE9lBOsl7iAt6Z5EO,testuser_0605@greenloop.test,1,测试用户605,USER,77,这是测试用户605的个人简介,/uploads/avatar/default_1.png,1,2026-07-23 18:34:42
606,testuser_0606,$2a$10$N.zmdr9k7uOCQb376NoUnuTJ8iAt6Z5EHsM8lE9lBOsl7iAt6Z5EO,testuser_0606@greenloop.test,1,测试用户606,USER,87,这是测试用户606的个人简介,/uploads/avatar/default_3.png,1,2026-07-31 16:39:42
607,testuser_0607,$2a$10$N.zmdr9k7uOCQb376NoUnuTJ8iAt6Z5EHsM8lE9lBOsl7iAt6Z5EO,testuser_0607@greenloop.test,1,测试用户607,USER,96,这是测试用户607的个人简介,/uploads/avatar/default_1.png,1,2026-08-01 04:23:42
608,testuser_0608,$2a$10$N.zmdr9k7uOCQb376NoUnuTJ8iAt6Z5EHsM8lE9lBOsl7iAt6Z5EO,testuser_0608@greenloop.test,1,测试用户608,USER,83,这是测试用户608的个人简介,/uploads/avatar/default_1.png,1,2026-08-01 00:45:42
609,testuser_0609,$2a$10$N.zmdr9k7uOCQb376NoUnuTJ8iAt6Z5EHsM8lE9lBOsl7iAt6Z5EO,testuser_0609@greenloop.test,1,测试用户609,USER,83,这是测试用户609的个人简介,/uploads/avatar/default_2.png,1,2026-08-08 14:58:42
610,testuser_0610,$2a$10$N.zmdr9k7uOCQb376NoUnuTJ8iAt6Z5EHsM8lE9lBOsl7iAt6Z5EO,testuser_0610@greenloop.test,1,测试用户610,USER,96,这是测试用户610的个人简介,/uploads/avatar/default_1.png,1,2026-08-08 19:23:42
611,testuser_0611,$2a$10$N.zmdr9k7uOCQb376NoUnuTJ8iAt6Z5EHsM8lE9lBOsl7iAt6Z5EO,testuser_0611@greenloop.test,1,测试用户611,USER,60,这是测试用户611的个人简介,/uploads/avatar/default_1.png,1,2026-07-20 18:40:42
612,testuser_0612,$2a$10$N.zmdr9k7uOCQb376NoUnuTJ8iAt6Z5EHsM8lE9lBOsl7iAt6Z5EO,testuser_0612@greenloop.test,1,测试用户612,USER,62,这是测试用户612的个人简介,/uploads/avatar/default_4.png,1,2026-08-05 05:57:42
613,testuser_0613,$2a$10$N.zmdr9k7uOCQb376NoUnuTJ8iAt6Z5EHsM8lE9lBOsl7iAt6Z5EO,testuser_0613@greenloop.test,1,测试用户613,USER,69,这是测试用户613的个人简介,/uploads/avatar/default_2.png,1,2026-07-18 17:20:42
614,testuser_0614,$2a$10$N.zmdr9k7uOCQb376NoUnuTJ8iAt6Z5EHsM8lE9lBOsl7iAt6Z5EO,testuser_0614@greenloop.test,1,测试用户614,USER,86,这是测试用户614的个人简介,/uploads/avatar/default_2.png,1,2026-08-06 11:29:42
615,testuser_0615,$2a$10$N.zmdr9k7uOCQb376NoUnuTJ8iAt6Z5EHsM8lE9lBOsl7iAt6Z5EO,testuser_0615@greenloop.test,1,测试用户615,USER,80,这是测试用户615的个人简介,/uploads/avatar/default_3.png,1,2026-07-21 16:19:42
616,testuser_0616,$2a$10$N.zmdr9k7uOCQb376NoUnuTJ8iAt6Z5EHsM8lE9lBOsl7iAt6Z5EO,testuser_0616@greenloop.test,1,测试用户616,USER,83,这是测试用户616的个人简介,/uploads/avatar/default_1.png,1,2026-07-30 20:58:42
617,testuser_0617,$2a$10$N.zmdr9k7uOCQb376NoUnuTJ8iAt6Z5EHsM8lE9lBOsl7iAt6Z5EO,testuser_0617@greenloop.test,1,测试用户617,USER,63,这是测试用户617的个人简介,/uploads/avatar/default_2.png,1,2026-08-09 02:53:42
618,testuser_0618,$2a$10$N.zmdr9k7uOCQb376NoUnuTJ8iAt6Z5EHsM8lE9lBOsl7iAt6Z5EO,testuser_0618@greenloop.test,1,测试用户618,USER,85,这是测试用户618的个人简介,/uploads/avatar/default_1.png,1,2026-07-19 04:00:42
619,testuser_0619,$2a$10$N.zmdr9k7uOCQb376NoUnuTJ8iAt6Z5EHsM8lE9lBOsl7iAt6Z5EO,testuser_0619@greenloop.test,1,测试用户619,USER,78,这是测试用户619的个人简介,/uploads/avatar/default_3.png,1,2026-08-06 16:20:42
620,testuser_0620,$2a$10$N.zmdr9k7uOCQb376NoUnuTJ8iAt6Z5EHsM8lE9lBOsl7iAt6Z5EO,testuser_0620@greenloop.test,1,测试用户620,USER,89,这是测试用户620的个人简介,/uploads/avatar/default_1.png,1,2026-08-05 12:37:42
621,testuser_0621,$2a$10$N.zmdr9k7uOCQb376NoUnuTJ8iAt6Z5EHsM8lE9lBOsl7iAt6Z5EO,testuser_0621@greenloop.test,1,测试用户621,USER,96,这是测试用户621的个人简介,/uploads/avatar/default_3.png,1,2026-07-23 23:40:42
622,testuser_0622,$2a$10$N.zmdr9k7uOCQb376NoUnuTJ8iAt6Z5EHsM8lE9lBOsl7iAt6Z5EO,testuser_0622@greenloop.test,1,测试用户622,USER,89,这是测试用户622的个人简介,/uploads/avatar/default_3.png,1,2026-07-29 03:06:42
623,testuser_0623,$2a$10$N.zmdr9k7uOCQb376NoUnuTJ8iAt6Z5EHsM8lE9lBOsl7iAt6Z5EO,testuser_0623@greenloop.test,1,测试用户623,USER,72,这是测试用户623的个人简介,/uploads/avatar/default_5.png,1,2026-07-23 11:46:42
624,testuser_0624,$2a$10$N.zmdr9k7uOCQb376NoUnuTJ8iAt6Z5EHsM8lE9lBOsl7iAt6Z5EO,testuser_0624@greenloop.test,1,测试用户624,USER,60,这是测试用户624的个人简介,/uploads/avatar/default_4.png,1,2026-08-16 11:21:42
625,testuser_0625,$2a$10$N.zmdr9k7uOCQb376NoUnuTJ8iAt6Z5EHsM8lE9lBOsl7iAt6Z5EO,testuser_0625@greenloop.test,1,测试用户625,USER,82,这是测试用户625的个人简介,/uploads/avatar/default_1.png,1,2026-08-06 18:07:42
626,testuser_0626,$2a$10$N.zmdr9k7uOCQb376NoUnuTJ8iAt6Z5EHsM8lE9lBOsl7iAt6Z5EO,testuser_0626@greenloop.test,1,测试用户626,USER,84,这是测试用户626的个人简介,/uploads/avatar/default_3.png,1,2026-08-13 12:22:42
627,testuser_0627,$2a$10$N.zmdr9k7uOCQb376NoUnuTJ8iAt6Z5EHsM8lE9lBOsl7iAt6Z5EO,testuser_0627@greenloop.test,1,测试用户627,USER,75,这是测试用户627的个人简介,/uploads/avatar/default_4.png,1,2026-08-01 17:46:42
628,testuser_0628,$2a$10$N.zmdr9k7uOCQb376NoUnuTJ8iAt6Z5EHsM8lE9lBOsl7iAt6Z5EO,testuser_0628@greenloop.test,1,测试用户628,USER,77,这是测试用户628的个人简介,/uploads/avatar/default_1.png,1,2026-08-15 10:58:42
629,testuser_0629,$2a$10$N.zmdr9k7uOCQb376NoUnuTJ8iAt6Z5EHsM8lE9lBOsl7iAt6Z5EO,testuser_0629@greenloop.test,1,测试用户629,USER,93,这是测试用户629的个人简介,/uploads/avatar/default_4.png,1,2026-07-25 07:26:42
630,testuser_0630,$2a$10$N.zmdr9k7uOCQb376NoUnuTJ8iAt6Z5EHsM8lE9lBOsl7iAt6Z5EO,testuser_0630@greenloop.test,1,测试用户630,USER,65,这是测试用户630的个人简介,/uploads/avatar/default_5.png,1,2026-08-13 02:47:42
631,testuser_0631,$2a$10$N.zmdr9k7uOCQb376NoUnuTJ8iAt6Z5EHsM8lE9lBOsl7iAt6Z5EO,testuser_0631@greenloop.test,1,测试用户631,USER,100,这是测试用户631的个人简介,/uploads/avatar/default_4.png,1,2026-08-14 00:19:42
632,testuser_0632,$2a$10$N.zmdr9k7uOCQb376NoUnuTJ8iAt6Z5EHsM8lE9lBOsl7iAt6Z5EO,testuser_0632@greenloop.test,1,测试用户632,USER,63,这是测试用户632的个人简介,/uploads/avatar/default_4.png,1,2026-07-26 14:40:42
633,testuser_0633,$2a$10$N.zmdr9k7uOCQb376NoUnuTJ8iAt6Z5EHsM8lE9lBOsl7iAt6Z5EO,testuser_0633@greenloop.test,1,测试用户633,USER,78,这是测试用户633的个人简介,/uploads/avatar/default_3.png,1,2026-07-20 07:56:42
634,testuser_0634,$2a$10$N.zmdr9k7uOCQb376NoUnuTJ8iAt6Z5EHsM8lE9lBOsl7iAt6Z5EO,testuser_0634@greenloop.test,1,测试用户634,USER,85,这是测试用户634的个人简介,/uploads/avatar/default_3.png,1,2026-08-06 04:38:42
635,testuser_0635,$2a$10$N.zmdr9k7uOCQb376NoUnuTJ8iAt6Z5EHsM8lE9lBOsl7iAt6Z5EO,testuser_0635@greenloop.test,1,测试用户635,USER,74,这是测试用户635的个人简介,/uploads/avatar/default_1.png,1,2026-08-10 14:06:42
636,testuser_0636,$2a$10$N.zmdr9k7uOCQb376NoUnuTJ8iAt6Z5EHsM8lE9lBOsl7iAt6Z5EO,testuser_0636@greenloop.test,1,测试用户636,USER,97,这是测试用户636的个人简介,/uploads/avatar/default_1.png,1,2026-08-12 15:45:42
637,testuser_0637,$2a$10$N.zmdr9k7uOCQb376NoUnuTJ8iAt6Z5EHsM8lE9lBOsl7iAt6Z5EO,testuser_0637@greenloop.test,1,测试用户637,USER,88,这是测试用户637的个人简介,/uploads/avatar/default_4.png,1,2026-08-06 05:48:42
638,testuser_0638,$2a$10$N.zmdr9k7uOCQb376NoUnuTJ8iAt6Z5EHsM8lE9lBOsl7iAt6Z5EO,testuser_0638@greenloop.test,1,测试用户638,USER,94,这是测试用户638的个人简介,/uploads/avatar/default_3.png,1,2026-07-23 12:27:42
639,testuser_0639,$2a$10$N.zmdr9k7uOCQb376NoUnuTJ8iAt6Z5EHsM8lE9lBOsl7iAt6Z5EO,testuser_0639@greenloop.test,1,测试用户639,USER,79,这是测试用户639的个人简介,/uploads/avatar/default_4.png,1,2026-08-08 15:50:42
640,testuser_0640,$2a$10$N.zmdr9k7uOCQb376NoUnuTJ8iAt6Z5EHsM8lE9lBOsl7iAt6Z5EO,testuser_0640@greenloop.test,1,测试用户640,USER,70,这是测试用户640的个人简介,/uploads/avatar/default_3.png,1,2026-07-20 20:11:42
641,testuser_0641,$2a$10$N.zmdr9k7uOCQb376NoUnuTJ8iAt6Z5EHsM8lE9lBOsl7iAt6Z5EO,testuser_0641@greenloop.test,1,测试用户641,USER,98,这是测试用户641的个人简介,/uploads/avatar/default_1.png,1,2026-08-10 08:46:42
642,testuser_0642,$2a$10$N.zmdr9k7uOCQb376NoUnuTJ8iAt6Z5EHsM8lE9lBOsl7iAt6Z5EO,testuser_0642@greenloop.test,1,测试用户642,USER,65,这是测试用户642的个人简介,/uploads/avatar/default_2.png,1,2026-08-05 06:23:42
643,testuser_0643,$2a$10$N.zmdr9k7uOCQb376NoUnuTJ8iAt6Z5EHsM8lE9lBOsl7iAt6Z5EO,testuser_0643@greenloop.test,1,测试用户643,USER,63,这是测试用户643的个人简介,/uploads/avatar/default_3.png,1,2026-08-08 13:54:42
644,testuser_0644,$2a$10$N.zmdr9k7uOCQb376NoUnuTJ8iAt6Z5EHsM8lE9lBOsl7iAt6Z5EO,testuser_0644@greenloop.test,1,测试用户644,USER,85,这是测试用户644的个人简介,/uploads/avatar/default_4.png,1,2026-07-29 19:20:42
645,testuser_0645,$2a$10$N.zmdr9k7uOCQb376NoUnuTJ8iAt6Z5EHsM8lE9lBOsl7iAt6Z5EO,testuser_0645@greenloop.test,1,测试用户645,USER,75,这是测试用户645的个人简介,/uploads/avatar/default_1.png,1,2026-08-02 15:04:42
646,testuser_0646,$2a$10$N.zmdr9k7uOCQb376NoUnuTJ8iAt6Z5EHsM8lE9lBOsl7iAt6Z5EO,testuser_0646@greenloop.test,1,测试用户646,USER,68,这是测试用户646的个人简介,/uploads/avatar/default_1.png,1,2026-08-16 17:02:42
647,testuser_0647,$2a$10$N.zmdr9k7uOCQb376NoUnuTJ8iAt6Z5EHsM8lE9lBOsl7iAt6Z5EO,testuser_0647@greenloop.test,1,测试用户647,USER,74,这是测试用户647的个人简介,/uploads/avatar/default_2.png,1,2026-08-10 06:32:42
648,testuser_0648,$2a$10$N.zmdr9k7uOCQb376NoUnuTJ8iAt6Z5EHsM8lE9lBOsl7iAt6Z5EO,testuser_0648@greenloop.test,1,测试用户648,USER,100,这是测试用户648的个人简介,/uploads/avatar/default_1.png,1,2026-07-29 00:39:42
649,testuser_0649,$2a$10$N.zmdr9k7uOCQb376NoUnuTJ8iAt6Z5EHsM8lE9lBOsl7iAt6Z5EO,testuser_0649@greenloop.test,1,测试用户649,USER,64,这是测试用户649的个人简介,/uploads/avatar/default_1.png,1,2026-08-14 11:58:42
650,testuser_0650,$2a$10$N.zmdr9k7uOCQb376NoUnuTJ8iAt6Z5EHsM8lE9lBOsl7iAt6Z5EO,testuser_0650@greenloop.test,1,测试用户650,USER,88,这是测试用户650的个人简介,/uploads/avatar/default_2.png,1,2026-08-14 08:48:42
651,testuser_0651,$2a$10$N.zmdr9k7uOCQb376NoUnuTJ8iAt6Z5EHsM8lE9lBOsl7iAt6Z5EO,testuser_0651@greenloop.test,1,测试用户651,USER,62,这是测试用户651的个人简介,/uploads/avatar/default_4.png,1,2026-08-15 12:56:42
652,testuser_0652,$2a$10$N.zmdr9k7uOCQb376NoUnuTJ8iAt6Z5EHsM8lE9lBOsl7iAt6Z5EO,testuser_0652@greenloop.test,1,测试用户652,USER,96,这是测试用户652的个人简介,/uploads/avatar/default_4.png,1,2026-07-20 19:30:42
653,testuser_0653,$2a$10$N.zmdr9k7uOCQb376NoUnuTJ8iAt6Z5EHsM8lE9lBOsl7iAt6Z5EO,testuser_0653@greenloop.test,1,测试用户653,USER,91,这是测试用户653的个人简介,/uploads/avatar/default_1.png,1,2026-08-03 21:28:42
654,testuser_0654,$2a$10$N.zmdr9k7uOCQb376NoUnuTJ8iAt6Z5EHsM8lE9lBOsl7iAt6Z5EO,testuser_0654@greenloop.test,1,测试用户654,USER,71,这是测试用户654的个人简介,/uploads/avatar/default_3.png,1,2026-08-10 13:38:42
655,testuser_0655,$2a$10$N.zmdr9k7uOCQb376NoUnuTJ8iAt6Z5EHsM8lE9lBOsl7iAt6Z5EO,testuser_0655@greenloop.test,1,测试用户655,USER,77,这是测试用户655的个人简介,/uploads/avatar/default_4.png,1,2026-07-19 14:53:42
656,testuser_0656,$2a$10$N.zmdr9k7uOCQb376NoUnuTJ8iAt6Z5EHsM8lE9lBOsl7iAt6Z5EO,testuser_0656@greenloop.test,1,测试用户656,USER,99,这是测试用户656的个人简介,/uploads/avatar/default_5.png,1,2026-07-28 11:14:42
657,testuser_0657,$2a$10$N.zmdr9k7uOCQb376NoUnuTJ8iAt6Z5EHsM8lE9lBOsl7iAt6Z5EO,testuser_0657@greenloop.test,1,测试用户657,USER,78,这是测试用户657的个人简介,/uploads/avatar/default_4.png,1,2026-08-03 01:25:42
658,testuser_0658,$2a$10$N.zmdr9k7uOCQb376NoUnuTJ8iAt6Z5EHsM8lE9lBOsl7iAt6Z5EO,testuser_0658@greenloop.test,1,测试用户658,ADMIN,63,这是测试用户658的个人简介,/uploads/avatar/default_1.png,1,2026-08-08 06:47:42
659,testuser_0659,$2a$10$N.zmdr9k7uOCQb376NoUnuTJ8iAt6Z5EHsM8lE9lBOsl7iAt6Z5EO,testuser_0659@greenloop.test,1,测试用户659,USER,86,这是测试用户659的个人简介,/uploads/avatar/default_2.png,1,2026-07-27 02:40:42
660,testuser_0660,$2a$10$N.zmdr9k7uOCQb376NoUnuTJ8iAt6Z5EHsM8lE9lBOsl7iAt6Z5EO,testuser_0660@greenloop.test,1,测试用户660,USER,100,这是测试用户660的个人简介,/uploads/avatar/default_5.png,1,2026-07-22 18:31:42
661,testuser_0661,$2a$10$N.zmdr9k7uOCQb376NoUnuTJ8iAt6Z5EHsM8lE9lBOsl7iAt6Z5EO,testuser_0661@greenloop.test,1,测试用户661,USER,82,这是测试用户661的个人简介,/uploads/avatar/default_4.png,1,2026-07-30 03:33:42
662,testuser_0662,$2a$10$N.zmdr9k7uOCQb376NoUnuTJ8iAt6Z5EHsM8lE9lBOsl7iAt6Z5EO,testuser_0662@greenloop.test,1,测试用户662,USER,96,这是测试用户662的个人简介,/uploads/avatar/default_5.png,1,2026-08-06 06:38:42
663,testuser_0663,$2a$10$N.zmdr9k7uOCQb376NoUnuTJ8iAt6Z5EHsM8lE9lBOsl7iAt6Z5EO,testuser_0663@greenloop.test,1,测试用户663,USER,71,这是测试用户663的个人简介,/uploads/avatar/default_1.png,1,2026-08-05 23:41:42
664,testuser_0664,$2a$10$N.zmdr9k7uOCQb376NoUnuTJ8iAt6Z5EHsM8lE9lBOsl7iAt6Z5EO,testuser_0664@greenloop.test,1,测试用户664,USER,61,这是测试用户664的个人简介,/uploads/avatar/default_3.png,1,2026-08-15 03:22:42
665,testuser_0665,$2a$10$N.zmdr9k7uOCQb376NoUnuTJ8iAt6Z5EHsM8lE9lBOsl7iAt6Z5EO,testuser_0665@greenloop.test,1,测试用户665,USER,82,这是测试用户665的个人简介,/uploads/avatar/default_5.png,1,2026-08-09 13:49:42
666,testuser_0666,$2a$10$N.zmdr9k7uOCQb376NoUnuTJ8iAt6Z5EHsM8lE9lBOsl7iAt6Z5EO,testuser_0666@greenloop.test,1,测试用户666,USER,75,这是测试用户666的个人简介,/uploads/avatar/default_2.png,1,2026-08-08 01:03:42
667,testuser_0667,$2a$10$N.zmdr9k7uOCQb376NoUnuTJ8iAt6Z5EHsM8lE9lBOsl7iAt6Z5EO,testuser_0667@greenloop.test,1,测试用户667,USER,63,这是测试用户667的个人简介,/uploads/avatar/default_2.png,1,2026-07-29 06:33:42
668,testuser_0668,$2a$10$N.zmdr9k7uOCQb376NoUnuTJ8iAt6Z5EHsM8lE9lBOsl7iAt6Z5EO,testuser_0668@greenloop.test,1,测试用户668,USER,71,这是测试用户668的个人简介,/uploads/avatar/default_2.png,1,2026-08-09 00:35:42
669,testuser_0669,$2a$10$N.zmdr9k7uOCQb376NoUnuTJ8iAt6Z5EHsM8lE9lBOsl7iAt6Z5EO,testuser_0669@greenloop.test,1,测试用户669,USER,82,这是测试用户669的个人简介,/uploads/avatar/default_5.png,1,2026-08-15 20:11:42
670,testuser_0670,$2a$10$N.zmdr9k7uOCQb376NoUnuTJ8iAt6Z5EHsM8lE9lBOsl7iAt6Z5EO,testuser_0670@greenloop.test,1,测试用户670,USER,82,这是测试用户670的个人简介,/uploads/avatar/default_5.png,1,2026-07-29 14:19:42
671,testuser_0671,$2a$10$N.zmdr9k7uOCQb376NoUnuTJ8iAt6Z5EHsM8lE9lBOsl7iAt6Z5EO,testuser_0671@greenloop.test,1,测试用户671,USER,72,这是测试用户671的个人简介,/uploads/avatar/default_4.png,1,2026-07-30 09:44:42
672,testuser_0672,$2a$10$N.zmdr9k7uOCQb376NoUnuTJ8iAt6Z5EHsM8lE9lBOsl7iAt6Z5EO,testuser_0672@greenloop.test,1,测试用户672,USER,91,这是测试用户672的个人简介,/uploads/avatar/default_1.png,1,2026-08-14 17:41:42
673,testuser_0673,$2a$10$N.zmdr9k7uOCQb376NoUnuTJ8iAt6Z5EHsM8lE9lBOsl7iAt6Z5EO,testuser_0673@greenloop.test,1,测试用户673,USER,98,这是测试用户673的个人简介,/uploads/avatar/default_2.png,1,2026-08-16 02:25:42
674,testuser_0674,$2a$10$N.zmdr9k7uOCQb376NoUnuTJ8iAt6Z5EHsM8lE9lBOsl7iAt6Z5EO,testuser_0674@greenloop.test,1,测试用户674,USER,60,这是测试用户674的个人简介,/uploads/avatar/default_3.png,1,2026-07-17 23:43:42
675,testuser_0675,$2a$10$N.zmdr9k7uOCQb376NoUnuTJ8iAt6Z5EHsM8lE9lBOsl7iAt6Z5EO,testuser_0675@greenloop.test,1,测试用户675,USER,68,这是测试用户675的个人简介,/uploads/avatar/default_3.png,1,2026-07-25 12:57:42
676,testuser_0676,$2a$10$N.zmdr9k7uOCQb376NoUnuTJ8iAt6Z5EHsM8lE9lBOsl7iAt6Z5EO,testuser_0676@greenloop.test,1,测试用户676,USER,80,这是测试用户676的个人简介,/uploads/avatar/default_1.png,1,2026-08-16 14:18:42
677,testuser_0677,$2a$10$N.zmdr9k7uOCQb376NoUnuTJ8iAt6Z5EHsM8lE9lBOsl7iAt6Z5EO,testuser_0677@greenloop.test,1,测试用户677,USER,69,这是测试用户677的个人简介,/uploads/avatar/default_1.png,1,2026-07-20 02:00:42
678,testuser_0678,$2a$10$N.zmdr9k7uOCQb376NoUnuTJ8iAt6Z5EHsM8lE9lBOsl7iAt6Z5EO,testuser_0678@greenloop.test,1,测试用户678,USER,83,这是测试用户678的个人简介,/uploads/avatar/default_1.png,1,2026-08-04 20:13:42
679,testuser_0679,$2a$10$N.zmdr9k7uOCQb376NoUnuTJ8iAt6Z5EHsM8lE9lBOsl7iAt6Z5EO,testuser_0679@greenloop.test,1,测试用户679,USER,85,这是测试用户679的个人简介,/uploads/avatar/default_5.png,1,2026-08-13 08:36:42
680,testuser_0680,$2a$10$N.zmdr9k7uOCQb376NoUnuTJ8iAt6Z5EHsM8lE9lBOsl7iAt6Z5EO,testuser_0680@greenloop.test,1,测试用户680,USER,80,这是测试用户680的个人简介,/uploads/avatar/default_2.png,1,2026-08-10 19:28:42
681,testuser_0681,$2a$10$N.zmdr9k7uOCQb376NoUnuTJ8iAt6Z5EHsM8lE9lBOsl7iAt6Z5EO,testuser_0681@greenloop.test,1,测试用户681,USER,100,这是测试用户681的个人简介,/uploads/avatar/default_4.png,1,2026-07-27 08:44:42
682,testuser_0682,$2a$10$N.zmdr9k7uOCQb376NoUnuTJ8iAt6Z5EHsM8lE9lBOsl7iAt6Z5EO,testuser_0682@greenloop.test,1,测试用户682,USER,95,这是测试用户682的个人简介,/uploads/avatar/default_5.png,1,2026-07-22 07:41:42
683,testuser_0683,$2a$10$N.zmdr9k7uOCQb376NoUnuTJ8iAt6Z5EHsM8lE9lBOsl7iAt6Z5EO,testuser_0683@greenloop.test,1,测试用户683,USER,97,这是测试用户683的个人简介,/uploads/avatar/default_2.png,1,2026-08-04 09:09:42
684,testuser_0684,$2a$10$N.zmdr9k7uOCQb376NoUnuTJ8iAt6Z5EHsM8lE9lBOsl7iAt6Z5EO,testuser_0684@greenloop.test,1,测试用户684,USER,78,这是测试用户684的个人简介,/uploads/avatar/default_2.png,1,2026-08-10 19:55:42
685,testuser_0685,$2a$10$N.zmdr9k7uOCQb376NoUnuTJ8iAt6Z5EHsM8lE9lBOsl7iAt6Z5EO,testuser_0685@greenloop.test,1,测试用户685,USER,96,这是测试用户685的个人简介,/uploads/avatar/default_4.png,1,2026-07-20 00:53:42
686,testuser_0686,$2a$10$N.zmdr9k7uOCQb376NoUnuTJ8iAt6Z5EHsM8lE9lBOsl7iAt6Z5EO,testuser_0686@greenloop.test,1,测试用户686,USER,71,这是测试用户686的个人简介,/uploads/avatar/default_5.png,1,2026-08-05 23:41:42
687,testuser_0687,$2a$10$N.zmdr9k7uOCQb376NoUnuTJ8iAt6Z5EHsM8lE9lBOsl7iAt6Z5EO,testuser_0687@greenloop.test,1,测试用户687,USER,100,这是测试用户687的个人简介,/uploads/avatar/default_5.png,1,2026-08-13 03:46:42
688,testuser_0688,$2a$10$N.zmdr9k7uOCQb376NoUnuTJ8iAt6Z5EHsM8lE9lBOsl7iAt6Z5EO,testuser_0688@greenloop.test,1,测试用户688,USER,81,这是测试用户688的个人简介,/uploads/avatar/default_1.png,1,2026-08-09 07:35:42
689,testuser_0689,$2a$10$N.zmdr9k7uOCQb376NoUnuTJ8iAt6Z5EHsM8lE9lBOsl7iAt6Z5EO,testuser_0689@greenloop.test,1,测试用户689,USER,70,这是测试用户689的个人简介,/uploads/avatar/default_1.png,1,2026-07-20 20:13:42
690,testuser_0690,$2a$10$N.zmdr9k7uOCQb376NoUnuTJ8iAt6Z5EHsM8lE9lBOsl7iAt6Z5EO,testuser_0690@greenloop.test,1,测试用户690,USER,100,这是测试用户690的个人简介,/uploads/avatar/default_3.png,1,2026-08-02 18:39:42
691,testuser_0691,$2a$10$N.zmdr9k7uOCQb376NoUnuTJ8iAt6Z5EHsM8lE9lBOsl7iAt6Z5EO,testuser_0691@greenloop.test,1,测试用户691,USER,73,这是测试用户691的个人简介,/uploads/avatar/default_2.png,1,2026-07-25 16:33:42
692,testuser_0692,$2a$10$N.zmdr9k7uOCQb376NoUnuTJ8iAt6Z5EHsM8lE9lBOsl7iAt6Z5EO,testuser_0692@greenloop.test,1,测试用户692,USER,76,这是测试用户692的个人简介,/uploads/avatar/default_1.png,1,2026-07-24 18:52:42
693,testuser_0693,$2a$10$N.zmdr9k7uOCQb376NoUnuTJ8iAt6Z5EHsM8lE9lBOsl7iAt6Z5EO,testuser_0693@greenloop.test,1,测试用户693,USER,84,这是测试用户693的个人简介,/uploads/avatar/default_4.png,1,2026-07-24 05:45:42
694,testuser_0694,$2a$10$N.zmdr9k7uOCQb376NoUnuTJ8iAt6Z5EHsM8lE9lBOsl7iAt6Z5EO,testuser_0694@greenloop.test,1,测试用户694,USER,86,这是测试用户694的个人简介,/uploads/avatar/default_4.png,1,2026-07-19 06:33:42
695,testuser_0695,$2a$10$N.zmdr9k7uOCQb376NoUnuTJ8iAt6Z5EHsM8lE9lBOsl7iAt6Z5EO,testuser_0695@greenloop.test,1,测试用户695,USER,94,这是测试用户695的个人简介,/uploads/avatar/default_4.png,1,2026-08-13 03:05:42
696,testuser_0696,$2a$10$N.zmdr9k7uOCQb376NoUnuTJ8iAt6Z5EHsM8lE9lBOsl7iAt6Z5EO,testuser_0696@greenloop.test,1,测试用户696,USER,96,这是测试用户696的个人简介,/uploads/avatar/default_2.png,1,2026-08-11 04:51:42
697,testuser_0697,$2a$10$N.zmdr9k7uOCQb376NoUnuTJ8iAt6Z5EHsM8lE9lBOsl7iAt6Z5EO,testuser_0697@greenloop.test,1,测试用户697,USER,62,这是测试用户697的个人简介,/uploads/avatar/default_3.png,1,2026-08-16 08:39:42
698,testuser_0698,$2a$10$N.zmdr9k7uOCQb376NoUnuTJ8iAt6Z5EHsM8lE9lBOsl7iAt6Z5EO,testuser_0698@greenloop.test,1,测试用户698,USER,66,这是测试用户698的个人简介,/uploads/avatar/default_1.png,1,2026-08-06 12:59:42
699,testuser_0699,$2a$10$N.zmdr9k7uOCQb376NoUnuTJ8iAt6Z5EHsM8lE9lBOsl7iAt6Z5EO,testuser_0699@greenloop.test,1,测试用户699,USER,84,这是测试用户699的个人简介,/uploads/avatar/default_2.png,1,2026-07-24 16:20:42
700,testuser_0700,$2a$10$N.zmdr9k7uOCQb376NoUnuTJ8iAt6Z5EHsM8lE9lBOsl7iAt6Z5EO,testuser_0700@greenloop.test,1,测试用户700,USER,65,这是测试用户700的个人简介,/uploads/avatar/default_3.png,1,2026-07-27 22:58:42
701,testuser_0701,$2a$10$N.zmdr9k7uOCQb376NoUnuTJ8iAt6Z5EHsM8lE9lBOsl7iAt6Z5EO,testuser_0701@greenloop.test,1,测试用户701,USER,90,这是测试用户701的个人简介,/uploads/avatar/default_1.png,1,2026-08-02 22:45:42
702,testuser_0702,$2a$10$N.zmdr9k7uOCQb376NoUnuTJ8iAt6Z5EHsM8lE9lBOsl7iAt6Z5EO,testuser_0702@greenloop.test,1,测试用户702,USER,98,这是测试用户702的个人简介,/uploads/avatar/default_4.png,1,2026-08-11 17:49:42
703,testuser_0703,$2a$10$N.zmdr9k7uOCQb376NoUnuTJ8iAt6Z5EHsM8lE9lBOsl7iAt6Z5EO,testuser_0703@greenloop.test,1,测试用户703,USER,81,这是测试用户703的个人简介,/uploads/avatar/default_2.png,1,2026-08-10 05:11:42
704,testuser_0704,$2a$10$N.zmdr9k7uOCQb376NoUnuTJ8iAt6Z5EHsM8lE9lBOsl7iAt6Z5EO,testuser_0704@greenloop.test,1,测试用户704,USER,95,这是测试用户704的个人简介,/uploads/avatar/default_5.png,1,2026-08-07 21:37:42
705,testuser_0705,$2a$10$N.zmdr9k7uOCQb376NoUnuTJ8iAt6Z5EHsM8lE9lBOsl7iAt6Z5EO,testuser_0705@greenloop.test,1,测试用户705,USER,79,这是测试用户705的个人简介,/uploads/avatar/default_2.png,1,2026-08-13 17:30:42
706,testuser_0706,$2a$10$N.zmdr9k7uOCQb376NoUnuTJ8iAt6Z5EHsM8lE9lBOsl7iAt6Z5EO,testuser_0706@greenloop.test,1,测试用户706,USER,96,这是测试用户706的个人简介,/uploads/avatar/default_5.png,1,2026-07-21 03:46:42
707,testuser_0707,$2a$10$N.zmdr9k7uOCQb376NoUnuTJ8iAt6Z5EHsM8lE9lBOsl7iAt6Z5EO,testuser_0707@greenloop.test,1,测试用户707,USER,63,这是测试用户707的个人简介,/uploads/avatar/default_3.png,1,2026-08-16 05:50:42
708,testuser_0708,$2a$10$N.zmdr9k7uOCQb376NoUnuTJ8iAt6Z5EHsM8lE9lBOsl7iAt6Z5EO,testuser_0708@greenloop.test,1,测试用户708,USER,78,这是测试用户708的个人简介,/uploads/avatar/default_5.png,1,2026-08-01 12:49:42
709,testuser_0709,$2a$10$N.zmdr9k7uOCQb376NoUnuTJ8iAt6Z5EHsM8lE9lBOsl7iAt6Z5EO,testuser_0709@greenloop.test,1,测试用户709,USER,61,这是测试用户709的个人简介,/uploads/avatar/default_2.png,1,2026-08-10 22:37:42
710,testuser_0710,$2a$10$N.zmdr9k7uOCQb376NoUnuTJ8iAt6Z5EHsM8lE9lBOsl7iAt6Z5EO,testuser_0710@greenloop.test,1,测试用户710,USER,65,这是测试用户710的个人简介,/uploads/avatar/default_4.png,1,2026-07-20 15:36:42
711,testuser_0711,$2a$10$N.zmdr9k7uOCQb376NoUnuTJ8iAt6Z5EHsM8lE9lBOsl7iAt6Z5EO,testuser_0711@greenloop.test,1,测试用户711,USER,85,这是测试用户711的个人简介,/uploads/avatar/default_4.png,1,2026-07-31 21:39:42
712,testuser_0712,$2a$10$N.zmdr9k7uOCQb376NoUnuTJ8iAt6Z5EHsM8lE9lBOsl7iAt6Z5EO,testuser_0712@greenloop.test,1,测试用户712,USER,65,这是测试用户712的个人简介,/uploads/avatar/default_5.png,1,2026-08-04 13:32:42
713,testuser_0713,$2a$10$N.zmdr9k7uOCQb376NoUnuTJ8iAt6Z5EHsM8lE9lBOsl7iAt6Z5EO,testuser_0713@greenloop.test,1,测试用户713,USER,84,这是测试用户713的个人简介,/uploads/avatar/default_3.png,1,2026-08-11 04:53:42
714,testuser_0714,$2a$10$N.zmdr9k7uOCQb376NoUnuTJ8iAt6Z5EHsM8lE9lBOsl7iAt6Z5EO,testuser_0714@greenloop.test,1,测试用户714,USER,76,这是测试用户714的个人简介,/uploads/avatar/default_4.png,1,2026-08-02 10:41:42
715,testuser_0715,$2a$10$N.zmdr9k7uOCQb376NoUnuTJ8iAt6Z5EHsM8lE9lBOsl7iAt6Z5EO,testuser_0715@greenloop.test,1,测试用户715,USER,77,这是测试用户715的个人简介,/uploads/avatar/default_5.png,1,2026-08-15 14:07:42
716,testuser_0716,$2a$10$N.zmdr9k7uOCQb376NoUnuTJ8iAt6Z5EHsM8lE9lBOsl7iAt6Z5EO,testuser_0716@greenloop.test,1,测试用户716,USER,66,这是测试用户716的个人简介,/uploads/avatar/default_1.png,1,2026-07-26 07:04:42
717,testuser_0717,$2a$10$N.zmdr9k7uOCQb376NoUnuTJ8iAt6Z5EHsM8lE9lBOsl7iAt6Z5EO,testuser_0717@greenloop.test,1,测试用户717,USER,94,这是测试用户717的个人简介,/uploads/avatar/default_4.png,1,2026-07-23 00:41:42
718,testuser_0718,$2a$10$N.zmdr9k7uOCQb376NoUnuTJ8iAt6Z5EHsM8lE9lBOsl7iAt6Z5EO,testuser_0718@greenloop.test,1,测试用户718,USER,95,这是测试用户718的个人简介,/uploads/avatar/default_1.png,1,2026-07-21 06:03:42
719,testuser_0719,$2a$10$N.zmdr9k7uOCQb376NoUnuTJ8iAt6Z5EHsM8lE9lBOsl7iAt6Z5EO,testuser_0719@greenloop.test,1,测试用户719,USER,93,这是测试用户719的个人简介,/uploads/avatar/default_4.png,1,2026-07-29 21:00:42
720,testuser_0720,$2a$10$N.zmdr9k7uOCQb376NoUnuTJ8iAt6Z5EHsM8lE9lBOsl7iAt6Z5EO,testuser_0720@greenloop.test,1,测试用户720,USER,90,这是测试用户720的个人简介,/uploads/avatar/default_5.png,1,2026-07-19 11:25:42
721,testuser_0721,$2a$10$N.zmdr9k7uOCQb376NoUnuTJ8iAt6Z5EHsM8lE9lBOsl7iAt6Z5EO,testuser_0721@greenloop.test,1,测试用户721,USER,79,这是测试用户721的个人简介,/uploads/avatar/default_1.png,1,2026-08-03 20:53:42
722,testuser_0722,$2a$10$N.zmdr9k7uOCQb376NoUnuTJ8iAt6Z5EHsM8lE9lBOsl7iAt6Z5EO,testuser_0722@greenloop.test,1,测试用户722,USER,92,这是测试用户722的个人简介,/uploads/avatar/default_5.png,1,2026-07-19 02:04:42
723,testuser_0723,$2a$10$N.zmdr9k7uOCQb376NoUnuTJ8iAt6Z5EHsM8lE9lBOsl7iAt6Z5EO,testuser_0723@greenloop.test,1,测试用户723,USER,96,这是测试用户723的个人简介,/uploads/avatar/default_5.png,1,2026-08-12 15:07:42
724,testuser_0724,$2a$10$N.zmdr9k7uOCQb376NoUnuTJ8iAt6Z5EHsM8lE9lBOsl7iAt6Z5EO,testuser_0724@greenloop.test,1,测试用户724,USER,88,这是测试用户724的个人简介,/uploads/avatar/default_2.png,1,2026-08-11 12:04:42
725,testuser_0725,$2a$10$N.zmdr9k7uOCQb376NoUnuTJ8iAt6Z5EHsM8lE9lBOsl7iAt6Z5EO,testuser_0725@greenloop.test,1,测试用户725,USER,72,这是测试用户725的个人简介,/uploads/avatar/default_2.png,1,2026-08-15 05:50:42
726,testuser_0726,$2a$10$N.zmdr9k7uOCQb376NoUnuTJ8iAt6Z5EHsM8lE9lBOsl7iAt6Z5EO,testuser_0726@greenloop.test,1,测试用户726,USER,87,这是测试用户726的个人简介,/uploads/avatar/default_2.png,1,2026-07-20 22:46:42
727,testuser_0727,$2a$10$N.zmdr9k7uOCQb376NoUnuTJ8iAt6Z5EHsM8lE9lBOsl7iAt6Z5EO,testuser_0727@greenloop.test,1,测试用户727,USER,98,这是测试用户727的个人简介,/uploads/avatar/default_3.png,1,2026-08-05 18:57:42
728,testuser_0728,$2a$10$N.zmdr9k7uOCQb376NoUnuTJ8iAt6Z5EHsM8lE9lBOsl7iAt6Z5EO,testuser_0728@greenloop.test,1,测试用户728,USER,64,这是测试用户728的个人简介,/uploads/avatar/default_1.png,1,2026-08-04 01:30:42
729,testuser_0729,$2a$10$N.zmdr9k7uOCQb376NoUnuTJ8iAt6Z5EHsM8lE9lBOsl7iAt6Z5EO,testuser_0729@greenloop.test,1,测试用户729,USER,95,这是测试用户729的个人简介,/uploads/avatar/default_3.png,1,2026-07-20 10:22:42
730,testuser_0730,$2a$10$N.zmdr9k7uOCQb376NoUnuTJ8iAt6Z5EHsM8lE9lBOsl7iAt6Z5EO,testuser_0730@greenloop.test,1,测试用户730,USER,89,这是测试用户730的个人简介,/uploads/avatar/default_1.png,1,2026-07-21 20:16:42
731,testuser_0731,$2a$10$N.zmdr9k7uOCQb376NoUnuTJ8iAt6Z5EHsM8lE9lBOsl7iAt6Z5EO,testuser_0731@greenloop.test,1,测试用户731,USER,97,这是测试用户731的个人简介,/uploads/avatar/default_5.png,1,2026-07-22 05:48:42
732,testuser_0732,$2a$10$N.zmdr9k7uOCQb376NoUnuTJ8iAt6Z5EHsM8lE9lBOsl7iAt6Z5EO,testuser_0732@greenloop.test,1,测试用户732,USER,86,这是测试用户732的个人简介,/uploads/avatar/default_2.png,1,2026-08-12 00:18:42
733,testuser_0733,$2a$10$N.zmdr9k7uOCQb376NoUnuTJ8iAt6Z5EHsM8lE9lBOsl7iAt6Z5EO,testuser_0733@greenloop.test,1,测试用户733,USER,97,这是测试用户733的个人简介,/uploads/avatar/default_1.png,1,2026-07-18 15:19:42
734,testuser_0734,$2a$10$N.zmdr9k7uOCQb376NoUnuTJ8iAt6Z5EHsM8lE9lBOsl7iAt6Z5EO,testuser_0734@greenloop.test,1,测试用户734,USER,66,这是测试用户734的个人简介,/uploads/avatar/default_3.png,1,2026-07-20 00:59:42
735,testuser_0735,$2a$10$N.zmdr9k7uOCQb376NoUnuTJ8iAt6Z5EHsM8lE9lBOsl7iAt6Z5EO,testuser_0735@greenloop.test,1,测试用户735,USER,82,这是测试用户735的个人简介,/uploads/avatar/default_4.png,1,2026-08-08 06:14:42
736,testuser_0736,$2a$10$N.zmdr9k7uOCQb376NoUnuTJ8iAt6Z5EHsM8lE9lBOsl7iAt6Z5EO,testuser_0736@greenloop.test,1,测试用户736,USER,91,这是测试用户736的个人简介,/uploads/avatar/default_5.png,1,2026-07-28 03:53:42
737,testuser_0737,$2a$10$N.zmdr9k7uOCQb376NoUnuTJ8iAt6Z5EHsM8lE9lBOsl7iAt6Z5EO,testuser_0737@greenloop.test,1,测试用户737,USER,71,这是测试用户737的个人简介,/uploads/avatar/default_3.png,1,2026-08-04 14:16:42
738,testuser_0738,$2a$10$N.zmdr9k7uOCQb376NoUnuTJ8iAt6Z5EHsM8lE9lBOsl7iAt6Z5EO,testuser_0738@greenloop.test,1,测试用户738,USER,98,这是测试用户738的个人简介,/uploads/avatar/default_4.png,1,2026-08-15 05:59:42
739,testuser_0739,$2a$10$N.zmdr9k7uOCQb376NoUnuTJ8iAt6Z5EHsM8lE9lBOsl7iAt6Z5EO,testuser_0739@greenloop.test,1,测试用户739,USER,81,这是测试用户739的个人简介,/uploads/avatar/default_2.png,1,2026-08-14 19:25:42
740,testuser_0740,$2a$10$N.zmdr9k7uOCQb376NoUnuTJ8iAt6Z5EHsM8lE9lBOsl7iAt6Z5EO,testuser_0740@greenloop.test,1,测试用户740,USER,77,这是测试用户740的个人简介,/uploads/avatar/default_3.png,1,2026-08-16 08:03:42
741,testuser_0741,$2a$10$N.zmdr9k7uOCQb376NoUnuTJ8iAt6Z5EHsM8lE9lBOsl7iAt6Z5EO,testuser_0741@greenloop.test,1,测试用户741,USER,79,这是测试用户741的个人简介,/uploads/avatar/default_3.png,1,2026-08-08 03:01:42
742,testuser_0742,$2a$10$N.zmdr9k7uOCQb376NoUnuTJ8iAt6Z5EHsM8lE9lBOsl7iAt6Z5EO,testuser_0742@greenloop.test,1,测试用户742,USER,66,这是测试用户742的个人简介,/uploads/avatar/default_2.png,1,2026-08-12 09:08:42
743,testuser_0743,$2a$10$N.zmdr9k7uOCQb376NoUnuTJ8iAt6Z5EHsM8lE9lBOsl7iAt6Z5EO,testuser_0743@greenloop.test,1,测试用户743,USER,88,这是测试用户743的个人简介,/uploads/avatar/default_3.png,1,2026-08-07 19:29:42
744,testuser_0744,$2a$10$N.zmdr9k7uOCQb376NoUnuTJ8iAt6Z5EHsM8lE9lBOsl7iAt6Z5EO,testuser_0744@greenloop.test,1,测试用户744,USER,98,这是测试用户744的个人简介,/uploads/avatar/default_1.png,1,2026-08-10 04:42:42
745,testuser_0745,$2a$10$N.zmdr9k7uOCQb376NoUnuTJ8iAt6Z5EHsM8lE9lBOsl7iAt6Z5EO,testuser_0745@greenloop.test,1,测试用户745,USER,86,这是测试用户745的个人简介,/uploads/avatar/default_4.png,1,2026-07-23 02:00:42
746,testuser_0746,$2a$10$N.zmdr9k7uOCQb376NoUnuTJ8iAt6Z5EHsM8lE9lBOsl7iAt6Z5EO,testuser_0746@greenloop.test,1,测试用户746,USER,83,这是测试用户746的个人简介,/uploads/avatar/default_1.png,1,2026-07-31 13:51:42
747,testuser_0747,$2a$10$N.zmdr9k7uOCQb376NoUnuTJ8iAt6Z5EHsM8lE9lBOsl7iAt6Z5EO,testuser_0747@greenloop.test,1,测试用户747,USER,79,这是测试用户747的个人简介,/uploads/avatar/default_5.png,1,2026-08-04 14:06:42
748,testuser_0748,$2a$10$N.zmdr9k7uOCQb376NoUnuTJ8iAt6Z5EHsM8lE9lBOsl7iAt6Z5EO,testuser_0748@greenloop.test,1,测试用户748,USER,93,这是测试用户748的个人简介,/uploads/avatar/default_5.png,1,2026-08-16 13:43:42
749,testuser_0749,$2a$10$N.zmdr9k7uOCQb376NoUnuTJ8iAt6Z5EHsM8lE9lBOsl7iAt6Z5EO,testuser_0749@greenloop.test,1,测试用户749,USER,72,这是测试用户749的个人简介,/uploads/avatar/default_1.png,1,2026-08-09 17:26:42
750,testuser_0750,$2a$10$N.zmdr9k7uOCQb376NoUnuTJ8iAt6Z5EHsM8lE9lBOsl7iAt6Z5EO,testuser_0750@greenloop.test,1,测试用户750,USER,63,这是测试用户750的个人简介,/uploads/avatar/default_3.png,1,2026-07-25 12:38:42
751,testuser_0751,$2a$10$N.zmdr9k7uOCQb376NoUnuTJ8iAt6Z5EHsM8lE9lBOsl7iAt6Z5EO,testuser_0751@greenloop.test,1,测试用户751,USER,83,这是测试用户751的个人简介,/uploads/avatar/default_4.png,1,2026-07-31 06:15:42
752,testuser_0752,$2a$10$N.zmdr9k7uOCQb376NoUnuTJ8iAt6Z5EHsM8lE9lBOsl7iAt6Z5EO,testuser_0752@greenloop.test,1,测试用户752,USER,67,这是测试用户752的个人简介,/uploads/avatar/default_1.png,1,2026-08-09 07:24:42
753,testuser_0753,$2a$10$N.zmdr9k7uOCQb376NoUnuTJ8iAt6Z5EHsM8lE9lBOsl7iAt6Z5EO,testuser_0753@greenloop.test,1,测试用户753,USER,98,这是测试用户753的个人简介,/uploads/avatar/default_4.png,1,2026-08-11 03:18:42
754,testuser_0754,$2a$10$N.zmdr9k7uOCQb376NoUnuTJ8iAt6Z5EHsM8lE9lBOsl7iAt6Z5EO,testuser_0754@greenloop.test,1,测试用户754,USER,95,这是测试用户754的个人简介,/uploads/avatar/default_3.png,1,2026-08-05 13:02:42
755,testuser_0755,$2a$10$N.zmdr9k7uOCQb376NoUnuTJ8iAt6Z5EHsM8lE9lBOsl7iAt6Z5EO,testuser_0755@greenloop.test,1,测试用户755,USER,76,这是测试用户755的个人简介,/uploads/avatar/default_1.png,1,2026-08-07 18:31:42
756,testuser_0756,$2a$10$N.zmdr9k7uOCQb376NoUnuTJ8iAt6Z5EHsM8lE9lBOsl7iAt6Z5EO,testuser_0756@greenloop.test,1,测试用户756,USER,63,这是测试用户756的个人简介,/uploads/avatar/default_2.png,1,2026-07-20 00:06:42
757,testuser_0757,$2a$10$N.zmdr9k7uOCQb376NoUnuTJ8iAt6Z5EHsM8lE9lBOsl7iAt6Z5EO,testuser_0757@greenloop.test,1,测试用户757,USER,73,这是测试用户757的个人简介,/uploads/avatar/default_2.png,1,2026-07-27 11:12:42
758,testuser_0758,$2a$10$N.zmdr9k7uOCQb376NoUnuTJ8iAt6Z5EHsM8lE9lBOsl7iAt6Z5EO,testuser_0758@greenloop.test,1,测试用户758,USER,73,这是测试用户758的个人简介,/uploads/avatar/default_3.png,1,2026-07-27 05:23:42
759,testuser_0759,$2a$10$N.zmdr9k7uOCQb376NoUnuTJ8iAt6Z5EHsM8lE9lBOsl7iAt6Z5EO,testuser_0759@greenloop.test,1,测试用户759,USER,61,这是测试用户759的个人简介,/uploads/avatar/default_1.png,1,2026-08-01 14:14:42
760,testuser_0760,$2a$10$N.zmdr9k7uOCQb376NoUnuTJ8iAt6Z5EHsM8lE9lBOsl7iAt6Z5EO,testuser_0760@greenloop.test,1,测试用户760,USER,71,这是测试用户760的个人简介,/uploads/avatar/default_5.png,1,2026-07-22 18:41:42
761,testuser_0761,$2a$10$N.zmdr9k7uOCQb376NoUnuTJ8iAt6Z5EHsM8lE9lBOsl7iAt6Z5EO,testuser_0761@greenloop.test,1,测试用户761,USER,76,这是测试用户761的个人简介,/uploads/avatar/default_5.png,1,2026-07-22 09:10:42
762,testuser_0762,$2a$10$N.zmdr9k7uOCQb376NoUnuTJ8iAt6Z5EHsM8lE9lBOsl7iAt6Z5EO,testuser_0762@greenloop.test,1,测试用户762,USER,77,这是测试用户762的个人简介,/uploads/avatar/default_4.png,1,2026-07-19 06:01:42
763,testuser_0763,$2a$10$N.zmdr9k7uOCQb376NoUnuTJ8iAt6Z5EHsM8lE9lBOsl7iAt6Z5EO,testuser_0763@greenloop.test,1,测试用户763,USER,82,这是测试用户763的个人简介,/uploads/avatar/default_4.png,1,2026-08-08 12:26:42
764,testuser_0764,$2a$10$N.zmdr9k7uOCQb376NoUnuTJ8iAt6Z5EHsM8lE9lBOsl7iAt6Z5EO,testuser_0764@greenloop.test,1,测试用户764,USER,79,这是测试用户764的个人简介,/uploads/avatar/default_5.png,1,2026-07-20 23:30:42
765,testuser_0765,$2a$10$N.zmdr9k7uOCQb376NoUnuTJ8iAt6Z5EHsM8lE9lBOsl7iAt6Z5EO,testuser_0765@greenloop.test,1,测试用户765,USER,97,这是测试用户765的个人简介,/uploads/avatar/default_1.png,1,2026-08-16 02:13:42
766,testuser_0766,$2a$10$N.zmdr9k7uOCQb376NoUnuTJ8iAt6Z5EHsM8lE9lBOsl7iAt6Z5EO,testuser_0766@greenloop.test,1,测试用户766,USER,83,这是测试用户766的个人简介,/uploads/avatar/default_5.png,1,2026-07-26 23:17:42
767,testuser_0767,$2a$10$N.zmdr9k7uOCQb376NoUnuTJ8iAt6Z5EHsM8lE9lBOsl7iAt6Z5EO,testuser_0767@greenloop.test,1,测试用户767,USER,78,这是测试用户767的个人简介,/uploads/avatar/default_3.png,1,2026-07-26 15:25:42
768,testuser_0768,$2a$10$N.zmdr9k7uOCQb376NoUnuTJ8iAt6Z5EHsM8lE9lBOsl7iAt6Z5EO,testuser_0768@greenloop.test,1,测试用户768,USER,64,这是测试用户768的个人简介,/uploads/avatar/default_3.png,1,2026-08-07 22:35:42
769,testuser_0769,$2a$10$N.zmdr9k7uOCQb376NoUnuTJ8iAt6Z5EHsM8lE9lBOsl7iAt6Z5EO,testuser_0769@greenloop.test,1,测试用户769,USER,77,这是测试用户769的个人简介,/uploads/avatar/default_3.png,1,2026-07-26 19:58:42
770,testuser_0770,$2a$10$N.zmdr9k7uOCQb376NoUnuTJ8iAt6Z5EHsM8lE9lBOsl7iAt6Z5EO,testuser_0770@greenloop.test,1,测试用户770,USER,79,这是测试用户770的个人简介,/uploads/avatar/default_2.png,1,2026-08-12 02:07:42
771,testuser_0771,$2a$10$N.zmdr9k7uOCQb376NoUnuTJ8iAt6Z5EHsM8lE9lBOsl7iAt6Z5EO,testuser_0771@greenloop.test,1,测试用户771,USER,75,这是测试用户771的个人简介,/uploads/avatar/default_1.png,1,2026-07-21 23:30:42
772,testuser_0772,$2a$10$N.zmdr9k7uOCQb376NoUnuTJ8iAt6Z5EHsM8lE9lBOsl7iAt6Z5EO,testuser_0772@greenloop.test,1,测试用户772,USER,80,这是测试用户772的个人简介,/uploads/avatar/default_2.png,1,2026-07-24 18:14:42
773,testuser_0773,$2a$10$N.zmdr9k7uOCQb376NoUnuTJ8iAt6Z5EHsM8lE9lBOsl7iAt6Z5EO,testuser_0773@greenloop.test,1,测试用户773,USER,91,这是测试用户773的个人简介,/uploads/avatar/default_3.png,1,2026-08-08 05:30:42
774,testuser_0774,$2a$10$N.zmdr9k7uOCQb376NoUnuTJ8iAt6Z5EHsM8lE9lBOsl7iAt6Z5EO,testuser_0774@greenloop.test,1,测试用户774,USER,84,这是测试用户774的个人简介,/uploads/avatar/default_1.png,1,2026-07-28 20:19:42
775,testuser_0775,$2a$10$N.zmdr9k7uOCQb376NoUnuTJ8iAt6Z5EHsM8lE9lBOsl7iAt6Z5EO,testuser_0775@greenloop.test,1,测试用户775,USER,72,这是测试用户775的个人简介,/uploads/avatar/default_3.png,1,2026-07-23 20:41:42
776,testuser_0776,$2a$10$N.zmdr9k7uOCQb376NoUnuTJ8iAt6Z5EHsM8lE9lBOsl7iAt6Z5EO,testuser_0776@greenloop.test,1,测试用户776,USER,94,这是测试用户776的个人简介,/uploads/avatar/default_4.png,1,2026-07-17 21:33:42
777,testuser_0777,$2a$10$N.zmdr9k7uOCQb376NoUnuTJ8iAt6Z5EHsM8lE9lBOsl7iAt6Z5EO,testuser_0777@greenloop.test,1,测试用户777,USER,92,这是测试用户777的个人简介,/uploads/avatar/default_3.png,1,2026-07-20 13:02:42
778,testuser_0778,$2a$10$N.zmdr9k7uOCQb376NoUnuTJ8iAt6Z5EHsM8lE9lBOsl7iAt6Z5EO,testuser_0778@greenloop.test,1,测试用户778,USER,95,这是测试用户778的个人简介,/uploads/avatar/default_2.png,1,2026-08-07 15:25:42
779,testuser_0779,$2a$10$N.zmdr9k7uOCQb376NoUnuTJ8iAt6Z5EHsM8lE9lBOsl7iAt6Z5EO,testuser_0779@greenloop.test,1,测试用户779,USER,68,这是测试用户779的个人简介,/uploads/avatar/default_3.png,1,2026-07-24 01:07:42
780,testuser_0780,$2a$10$N.zmdr9k7uOCQb376NoUnuTJ8iAt6Z5EHsM8lE9lBOsl7iAt6Z5EO,testuser_0780@greenloop.test,1,测试用户780,USER,71,这是测试用户780的个人简介,/uploads/avatar/default_3.png,1,2026-07-27 16:41:42
781,testuser_0781,$2a$10$N.zmdr9k7uOCQb376NoUnuTJ8iAt6Z5EHsM8lE9lBOsl7iAt6Z5EO,testuser_0781@greenloop.test,1,测试用户781,USER,82,这是测试用户781的个人简介,/uploads/avatar/default_2.png,1,2026-07-24 09:29:42
782,testuser_0782,$2a$10$N.zmdr9k7uOCQb376NoUnuTJ8iAt6Z5EHsM8lE9lBOsl7iAt6Z5EO,testuser_0782@greenloop.test,1,测试用户782,USER,81,这是测试用户782的个人简介,/uploads/avatar/default_3.png,1,2026-08-08 00:37:42
783,testuser_0783,$2a$10$N.zmdr9k7uOCQb376NoUnuTJ8iAt6Z5EHsM8lE9lBOsl7iAt6Z5EO,testuser_0783@greenloop.test,1,测试用户783,ADMIN,89,这是测试用户783的个人简介,/uploads/avatar/default_1.png,1,2026-08-01 17:00:42
784,testuser_0784,$2a$10$N.zmdr9k7uOCQb376NoUnuTJ8iAt6Z5EHsM8lE9lBOsl7iAt6Z5EO,testuser_0784@greenloop.test,1,测试用户784,USER,100,这是测试用户784的个人简介,/uploads/avatar/default_5.png,1,2026-07-28 23:51:42
785,testuser_0785,$2a$10$N.zmdr9k7uOCQb376NoUnuTJ8iAt6Z5EHsM8lE9lBOsl7iAt6Z5EO,testuser_0785@greenloop.test,1,测试用户785,USER,90,这是测试用户785的个人简介,/uploads/avatar/default_2.png,1,2026-07-31 15:00:42
786,testuser_0786,$2a$10$N.zmdr9k7uOCQb376NoUnuTJ8iAt6Z5EHsM8lE9lBOsl7iAt6Z5EO,testuser_0786@greenloop.test,1,测试用户786,USER,84,这是测试用户786的个人简介,/uploads/avatar/default_5.png,1,2026-08-07 05:52:42
787,testuser_0787,$2a$10$N.zmdr9k7uOCQb376NoUnuTJ8iAt6Z5EHsM8lE9lBOsl7iAt6Z5EO,testuser_0787@greenloop.test,1,测试用户787,USER,69,这是测试用户787的个人简介,/uploads/avatar/default_2.png,1,2026-08-10 08:29:42
788,testuser_0788,$2a$10$N.zmdr9k7uOCQb376NoUnuTJ8iAt6Z5EHsM8lE9lBOsl7iAt6Z5EO,testuser_0788@greenloop.test,1,测试用户788,USER,96,这是测试用户788的个人简介,/uploads/avatar/default_4.png,1,2026-08-12 08:00:42
789,testuser_0789,$2a$10$N.zmdr9k7uOCQb376NoUnuTJ8iAt6Z5EHsM8lE9lBOsl7iAt6Z5EO,testuser_0789@greenloop.test,1,测试用户789,USER,71,这是测试用户789的个人简介,/uploads/avatar/default_1.png,1,2026-08-01 08:15:42
790,testuser_0790,$2a$10$N.zmdr9k7uOCQb376NoUnuTJ8iAt6Z5EHsM8lE9lBOsl7iAt6Z5EO,testuser_0790@greenloop.test,1,测试用户790,USER,71,这是测试用户790的个人简介,/uploads/avatar/default_3.png,1,2026-07-27 17:55:42
791,testuser_0791,$2a$10$N.zmdr9k7uOCQb376NoUnuTJ8iAt6Z5EHsM8lE9lBOsl7iAt6Z5EO,testuser_0791@greenloop.test,1,测试用户791,USER,88,这是测试用户791的个人简介,/uploads/avatar/default_3.png,1,2026-08-10 13:19:42
792,testuser_0792,$2a$10$N.zmdr9k7uOCQb376NoUnuTJ8iAt6Z5EHsM8lE9lBOsl7iAt6Z5EO,testuser_0792@greenloop.test,1,测试用户792,USER,70,这是测试用户792的个人简介,/uploads/avatar/default_4.png,1,2026-07-22 16:47:42
793,testuser_0793,$2a$10$N.zmdr9k7uOCQb376NoUnuTJ8iAt6Z5EHsM8lE9lBOsl7iAt6Z5EO,testuser_0793@greenloop.test,1,测试用户793,USER,99,这是测试用户793的个人简介,/uploads/avatar/default_4.png,1,2026-07-27 05:30:42
794,testuser_0794,$2a$10$N.zmdr9k7uOCQb376NoUnuTJ8iAt6Z5EHsM8lE9lBOsl7iAt6Z5EO,testuser_0794@greenloop.test,1,测试用户794,USER,87,这是测试用户794的个人简介,/uploads/avatar/default_4.png,1,2026-08-04 18:53:42
795,testuser_0795,$2a$10$N.zmdr9k7uOCQb376NoUnuTJ8iAt6Z5EHsM8lE9lBOsl7iAt6Z5EO,testuser_0795@greenloop.test,1,测试用户795,USER,94,这是测试用户795的个人简介,/uploads/avatar/default_2.png,1,2026-07-24 07:55:42
796,testuser_0796,$2a$10$N.zmdr9k7uOCQb376NoUnuTJ8iAt6Z5EHsM8lE9lBOsl7iAt6Z5EO,testuser_0796@greenloop.test,1,测试用户796,USER,80,这是测试用户796的个人简介,/uploads/avatar/default_5.png,1,2026-08-10 18:12:42
797,testuser_0797,$2a$10$N.zmdr9k7uOCQb376NoUnuTJ8iAt6Z5EHsM8lE9lBOsl7iAt6Z5EO,testuser_0797@greenloop.test,1,测试用户797,USER,60,这是测试用户797的个人简介,/uploads/avatar/default_2.png,1,2026-08-08 19:59:42
798,testuser_0798,$2a$10$N.zmdr9k7uOCQb376NoUnuTJ8iAt6Z5EHsM8lE9lBOsl7iAt6Z5EO,testuser_0798@greenloop.test,1,测试用户798,USER,82,这是测试用户798的个人简介,/uploads/avatar/default_3.png,1,2026-08-12 15:31:42
799,testuser_0799,$2a$10$N.zmdr9k7uOCQb376NoUnuTJ8iAt6Z5EHsM8lE9lBOsl7iAt6Z5EO,testuser_0799@greenloop.test,1,测试用户799,USER,92,这是测试用户799的个人简介,/uploads/avatar/default_5.png,1,2026-08-07 13:51:42
800,testuser_0800,$2a$10$N.zmdr9k7uOCQb376NoUnuTJ8iAt6Z5EHsM8lE9lBOsl7iAt6Z5EO,testuser_0800@greenloop.test,1,测试用户800,USER,62,这是测试用户800的个人简介,/uploads/avatar/default_3.png,1,2026-08-07 04:09:42
801,testuser_0801,$2a$10$N.zmdr9k7uOCQb376NoUnuTJ8iAt6Z5EHsM8lE9lBOsl7iAt6Z5EO,testuser_0801@greenloop.test,1,测试用户801,USER,93,这是测试用户801的个人简介,/uploads/avatar/default_5.png,1,2026-07-31 08:28:42
802,testuser_0802,$2a$10$N.zmdr9k7uOCQb376NoUnuTJ8iAt6Z5EHsM8lE9lBOsl7iAt6Z5EO,testuser_0802@greenloop.test,1,测试用户802,USER,68,这是测试用户802的个人简介,/uploads/avatar/default_3.png,1,2026-07-19 03:33:42
803,testuser_0803,$2a$10$N.zmdr9k7uOCQb376NoUnuTJ8iAt6Z5EHsM8lE9lBOsl7iAt6Z5EO,testuser_0803@greenloop.test,1,测试用户803,USER,72,这是测试用户803的个人简介,/uploads/avatar/default_2.png,1,2026-07-18 06:54:42
804,testuser_0804,$2a$10$N.zmdr9k7uOCQb376NoUnuTJ8iAt6Z5EHsM8lE9lBOsl7iAt6Z5EO,testuser_0804@greenloop.test,1,测试用户804,ADMIN,74,这是测试用户804的个人简介,/uploads/avatar/default_2.png,1,2026-07-24 14:42:42
805,testuser_0805,$2a$10$N.zmdr9k7uOCQb376NoUnuTJ8iAt6Z5EHsM8lE9lBOsl7iAt6Z5EO,testuser_0805@greenloop.test,1,测试用户805,USER,61,这是测试用户805的个人简介,/uploads/avatar/default_5.png,1,2026-07-31 13:48:42
806,testuser_0806,$2a$10$N.zmdr9k7uOCQb376NoUnuTJ8iAt6Z5EHsM8lE9lBOsl7iAt6Z5EO,testuser_0806@greenloop.test,1,测试用户806,USER,83,这是测试用户806的个人简介,/uploads/avatar/default_1.png,1,2026-08-03 22:39:42
807,testuser_0807,$2a$10$N.zmdr9k7uOCQb376NoUnuTJ8iAt6Z5EHsM8lE9lBOsl7iAt6Z5EO,testuser_0807@greenloop.test,1,测试用户807,USER,94,这是测试用户807的个人简介,/uploads/avatar/default_5.png,1,2026-08-14 23:52:42
808,testuser_0808,$2a$10$N.zmdr9k7uOCQb376NoUnuTJ8iAt6Z5EHsM8lE9lBOsl7iAt6Z5EO,testuser_0808@greenloop.test,1,测试用户808,USER,66,这是测试用户808的个人简介,/uploads/avatar/default_1.png,1,2026-08-14 20:48:42
809,testuser_0809,$2a$10$N.zmdr9k7uOCQb376NoUnuTJ8iAt6Z5EHsM8lE9lBOsl7iAt6Z5EO,testuser_0809@greenloop.test,1,测试用户809,USER,86,这是测试用户809的个人简介,/uploads/avatar/default_4.png,1,2026-08-04 15:20:42
810,testuser_0810,$2a$10$N.zmdr9k7uOCQb376NoUnuTJ8iAt6Z5EHsM8lE9lBOsl7iAt6Z5EO,testuser_0810@greenloop.test,1,测试用户810,USER,76,这是测试用户810的个人简介,/uploads/avatar/default_4.png,1,2026-07-25 14:42:42
811,testuser_0811,$2a$10$N.zmdr9k7uOCQb376NoUnuTJ8iAt6Z5EHsM8lE9lBOsl7iAt6Z5EO,testuser_0811@greenloop.test,1,测试用户811,USER,100,这是测试用户811的个人简介,/uploads/avatar/default_1.png,1,2026-08-07 05:13:42
812,testuser_0812,$2a$10$N.zmdr9k7uOCQb376NoUnuTJ8iAt6Z5EHsM8lE9lBOsl7iAt6Z5EO,testuser_0812@greenloop.test,1,测试用户812,USER,66,这是测试用户812的个人简介,/uploads/avatar/default_5.png,1,2026-08-07 23:17:42
813,testuser_0813,$2a$10$N.zmdr9k7uOCQb376NoUnuTJ8iAt6Z5EHsM8lE9lBOsl7iAt6Z5EO,testuser_0813@greenloop.test,1,测试用户813,USER,68,这是测试用户813的个人简介,/uploads/avatar/default_4.png,1,2026-07-21 15:23:42
814,testuser_0814,$2a$10$N.zmdr9k7uOCQb376NoUnuTJ8iAt6Z5EHsM8lE9lBOsl7iAt6Z5EO,testuser_0814@greenloop.test,1,测试用户814,USER,99,这是测试用户814的个人简介,/uploads/avatar/default_1.png,1,2026-08-07 15:05:42
815,testuser_0815,$2a$10$N.zmdr9k7uOCQb376NoUnuTJ8iAt6Z5EHsM8lE9lBOsl7iAt6Z5EO,testuser_0815@greenloop.test,1,测试用户815,USER,66,这是测试用户815的个人简介,/uploads/avatar/default_4.png,1,2026-08-09 23:43:42
816,testuser_0816,$2a$10$N.zmdr9k7uOCQb376NoUnuTJ8iAt6Z5EHsM8lE9lBOsl7iAt6Z5EO,testuser_0816@greenloop.test,1,测试用户816,USER,76,这是测试用户816的个人简介,/uploads/avatar/default_5.png,1,2026-08-10 07:10:42
817,testuser_0817,$2a$10$N.zmdr9k7uOCQb376NoUnuTJ8iAt6Z5EHsM8lE9lBOsl7iAt6Z5EO,testuser_0817@greenloop.test,1,测试用户817,USER,86,这是测试用户817的个人简介,/uploads/avatar/default_3.png,1,2026-08-11 17:20:42
818,testuser_0818,$2a$10$N.zmdr9k7uOCQb376NoUnuTJ8iAt6Z5EHsM8lE9lBOsl7iAt6Z5EO,testuser_0818@greenloop.test,1,测试用户818,USER,91,这是测试用户818的个人简介,/uploads/avatar/default_2.png,1,2026-07-25 03:34:42
819,testuser_0819,$2a$10$N.zmdr9k7uOCQb376NoUnuTJ8iAt6Z5EHsM8lE9lBOsl7iAt6Z5EO,testuser_0819@greenloop.test,1,测试用户819,USER,75,这是测试用户819的个人简介,/uploads/avatar/default_1.png,1,2026-08-15 21:50:42
820,testuser_0820,$2a$10$N.zmdr9k7uOCQb376NoUnuTJ8iAt6Z5EHsM8lE9lBOsl7iAt6Z5EO,testuser_0820@greenloop.test,1,测试用户820,USER,67,这是测试用户820的个人简介,/uploads/avatar/default_5.png,1,2026-07-26 03:46:42
821,testuser_0821,$2a$10$N.zmdr9k7uOCQb376NoUnuTJ8iAt6Z5EHsM8lE9lBOsl7iAt6Z5EO,testuser_0821@greenloop.test,1,测试用户821,USER,65,这是测试用户821的个人简介,/uploads/avatar/default_5.png,1,2026-08-13 19:09:42
822,testuser_0822,$2a$10$N.zmdr9k7uOCQb376NoUnuTJ8iAt6Z5EHsM8lE9lBOsl7iAt6Z5EO,testuser_0822@greenloop.test,1,测试用户822,USER,66,这是测试用户822的个人简介,/uploads/avatar/default_3.png,1,2026-07-27 11:26:42
823,testuser_0823,$2a$10$N.zmdr9k7uOCQb376NoUnuTJ8iAt6Z5EHsM8lE9lBOsl7iAt6Z5EO,testuser_0823@greenloop.test,1,测试用户823,USER,78,这是测试用户823的个人简介,/uploads/avatar/default_3.png,1,2026-08-02 17:49:42
824,testuser_0824,$2a$10$N.zmdr9k7uOCQb376NoUnuTJ8iAt6Z5EHsM8lE9lBOsl7iAt6Z5EO,testuser_0824@greenloop.test,1,测试用户824,USER,71,这是测试用户824的个人简介,/uploads/avatar/default_1.png,1,2026-07-20 09:32:42
825,testuser_0825,$2a$10$N.zmdr9k7uOCQb376NoUnuTJ8iAt6Z5EHsM8lE9lBOsl7iAt6Z5EO,testuser_0825@greenloop.test,1,测试用户825,USER,80,这是测试用户825的个人简介,/uploads/avatar/default_4.png,1,2026-07-24 15:49:42
826,testuser_0826,$2a$10$N.zmdr9k7uOCQb376NoUnuTJ8iAt6Z5EHsM8lE9lBOsl7iAt6Z5EO,testuser_0826@greenloop.test,1,测试用户826,USER,62,这是测试用户826的个人简介,/uploads/avatar/default_1.png,1,2026-07-20 14:13:42
827,testuser_0827,$2a$10$N.zmdr9k7uOCQb376NoUnuTJ8iAt6Z5EHsM8lE9lBOsl7iAt6Z5EO,testuser_0827@greenloop.test,1,测试用户827,USER,70,这是测试用户827的个人简介,/uploads/avatar/default_3.png,1,2026-08-05 04:16:42
828,testuser_0828,$2a$10$N.zmdr9k7uOCQb376NoUnuTJ8iAt6Z5EHsM8lE9lBOsl7iAt6Z5EO,testuser_0828@greenloop.test,1,测试用户828,USER,77,这是测试用户828的个人简介,/uploads/avatar/default_1.png,1,2026-08-05 08:44:42
829,testuser_0829,$2a$10$N.zmdr9k7uOCQb376NoUnuTJ8iAt6Z5EHsM8lE9lBOsl7iAt6Z5EO,testuser_0829@greenloop.test,1,测试用户829,USER,67,这是测试用户829的个人简介,/uploads/avatar/default_4.png,1,2026-08-04 04:38:42
830,testuser_0830,$2a$10$N.zmdr9k7uOCQb376NoUnuTJ8iAt6Z5EHsM8lE9lBOsl7iAt6Z5EO,testuser_0830@greenloop.test,1,测试用户830,USER,84,这是测试用户830的个人简介,/uploads/avatar/default_4.png,1,2026-07-22 05:14:42
831,testuser_0831,$2a$10$N.zmdr9k7uOCQb376NoUnuTJ8iAt6Z5EHsM8lE9lBOsl7iAt6Z5EO,testuser_0831@greenloop.test,1,测试用户831,USER,70,这是测试用户831的个人简介,/uploads/avatar/default_1.png,1,2026-08-11 20:09:42
832,testuser_0832,$2a$10$N.zmdr9k7uOCQb376NoUnuTJ8iAt6Z5EHsM8lE9lBOsl7iAt6Z5EO,testuser_0832@greenloop.test,1,测试用户832,USER,63,这是测试用户832的个人简介,/uploads/avatar/default_2.png,1,2026-08-13 04:57:42
833,testuser_0833,$2a$10$N.zmdr9k7uOCQb376NoUnuTJ8iAt6Z5EHsM8lE9lBOsl7iAt6Z5EO,testuser_0833@greenloop.test,1,测试用户833,USER,97,这是测试用户833的个人简介,/uploads/avatar/default_4.png,1,2026-07-22 00:12:42
834,testuser_0834,$2a$10$N.zmdr9k7uOCQb376NoUnuTJ8iAt6Z5EHsM8lE9lBOsl7iAt6Z5EO,testuser_0834@greenloop.test,1,测试用户834,USER,88,这是测试用户834的个人简介,/uploads/avatar/default_2.png,1,2026-07-28 06:06:42
835,testuser_0835,$2a$10$N.zmdr9k7uOCQb376NoUnuTJ8iAt6Z5EHsM8lE9lBOsl7iAt6Z5EO,testuser_0835@greenloop.test,1,测试用户835,USER,82,这是测试用户835的个人简介,/uploads/avatar/default_5.png,1,2026-08-15 20:59:42
836,testuser_0836,$2a$10$N.zmdr9k7uOCQb376NoUnuTJ8iAt6Z5EHsM8lE9lBOsl7iAt6Z5EO,testuser_0836@greenloop.test,1,测试用户836,USER,68,这是测试用户836的个人简介,/uploads/avatar/default_4.png,1,2026-07-18 03:48:42
837,testuser_0837,$2a$10$N.zmdr9k7uOCQb376NoUnuTJ8iAt6Z5EHsM8lE9lBOsl7iAt6Z5EO,testuser_0837@greenloop.test,1,测试用户837,USER,86,这是测试用户837的个人简介,/uploads/avatar/default_4.png,1,2026-08-15 16:39:42
838,testuser_0838,$2a$10$N.zmdr9k7uOCQb376NoUnuTJ8iAt6Z5EHsM8lE9lBOsl7iAt6Z5EO,testuser_0838@greenloop.test,1,测试用户838,USER,80,这是测试用户838的个人简介,/uploads/avatar/default_1.png,1,2026-07-24 21:22:42
839,testuser_0839,$2a$10$N.zmdr9k7uOCQb376NoUnuTJ8iAt6Z5EHsM8lE9lBOsl7iAt6Z5EO,testuser_0839@greenloop.test,1,测试用户839,USER,96,这是测试用户839的个人简介,/uploads/avatar/default_5.png,1,2026-08-08 21:00:42
840,testuser_0840,$2a$10$N.zmdr9k7uOCQb376NoUnuTJ8iAt6Z5EHsM8lE9lBOsl7iAt6Z5EO,testuser_0840@greenloop.test,1,测试用户840,USER,81,这是测试用户840的个人简介,/uploads/avatar/default_5.png,1,2026-07-30 20:11:42
841,testuser_0841,$2a$10$N.zmdr9k7uOCQb376NoUnuTJ8iAt6Z5EHsM8lE9lBOsl7iAt6Z5EO,testuser_0841@greenloop.test,1,测试用户841,USER,99,这是测试用户841的个人简介,/uploads/avatar/default_1.png,1,2026-08-02 21:09:42
842,testuser_0842,$2a$10$N.zmdr9k7uOCQb376NoUnuTJ8iAt6Z5EHsM8lE9lBOsl7iAt6Z5EO,testuser_0842@greenloop.test,1,测试用户842,USER,75,这是测试用户842的个人简介,/uploads/avatar/default_4.png,1,2026-08-04 21:12:42
843,testuser_0843,$2a$10$N.zmdr9k7uOCQb376NoUnuTJ8iAt6Z5EHsM8lE9lBOsl7iAt6Z5EO,testuser_0843@greenloop.test,1,测试用户843,USER,84,这是测试用户843的个人简介,/uploads/avatar/default_2.png,1,2026-07-21 00:58:42
844,testuser_0844,$2a$10$N.zmdr9k7uOCQb376NoUnuTJ8iAt6Z5EHsM8lE9lBOsl7iAt6Z5EO,testuser_0844@greenloop.test,1,测试用户844,USER,99,这是测试用户844的个人简介,/uploads/avatar/default_1.png,1,2026-08-15 21:56:42
845,testuser_0845,$2a$10$N.zmdr9k7uOCQb376NoUnuTJ8iAt6Z5EHsM8lE9lBOsl7iAt6Z5EO,testuser_0845@greenloop.test,1,测试用户845,USER,70,这是测试用户845的个人简介,/uploads/avatar/default_5.png,1,2026-07-20 03:01:42
846,testuser_0846,$2a$10$N.zmdr9k7uOCQb376NoUnuTJ8iAt6Z5EHsM8lE9lBOsl7iAt6Z5EO,testuser_0846@greenloop.test,1,测试用户846,USER,91,这是测试用户846的个人简介,/uploads/avatar/default_2.png,1,2026-08-14 03:35:42
847,testuser_0847,$2a$10$N.zmdr9k7uOCQb376NoUnuTJ8iAt6Z5EHsM8lE9lBOsl7iAt6Z5EO,testuser_0847@greenloop.test,1,测试用户847,USER,75,这是测试用户847的个人简介,/uploads/avatar/default_3.png,1,2026-08-08 17:23:42
848,testuser_0848,$2a$10$N.zmdr9k7uOCQb376NoUnuTJ8iAt6Z5EHsM8lE9lBOsl7iAt6Z5EO,testuser_0848@greenloop.test,1,测试用户848,USER,74,这是测试用户848的个人简介,/uploads/avatar/default_5.png,1,2026-07-27 06:30:42
849,testuser_0849,$2a$10$N.zmdr9k7uOCQb376NoUnuTJ8iAt6Z5EHsM8lE9lBOsl7iAt6Z5EO,testuser_0849@greenloop.test,1,测试用户849,USER,75,这是测试用户849的个人简介,/uploads/avatar/default_1.png,1,2026-08-02 04:04:42
850,testuser_0850,$2a$10$N.zmdr9k7uOCQb376NoUnuTJ8iAt6Z5EHsM8lE9lBOsl7iAt6Z5EO,testuser_0850@greenloop.test,1,测试用户850,USER,96,这是测试用户850的个人简介,/uploads/avatar/default_4.png,1,2026-08-14 03:27:42
851,testuser_0851,$2a$10$N.zmdr9k7uOCQb376NoUnuTJ8iAt6Z5EHsM8lE9lBOsl7iAt6Z5EO,testuser_0851@greenloop.test,1,测试用户851,USER,80,这是测试用户851的个人简介,/uploads/avatar/default_1.png,1,2026-07-31 19:14:42
852,testuser_0852,$2a$10$N.zmdr9k7uOCQb376NoUnuTJ8iAt6Z5EHsM8lE9lBOsl7iAt6Z5EO,testuser_0852@greenloop.test,1,测试用户852,USER,61,这是测试用户852的个人简介,/uploads/avatar/default_1.png,1,2026-08-04 05:53:42
853,testuser_0853,$2a$10$N.zmdr9k7uOCQb376NoUnuTJ8iAt6Z5EHsM8lE9lBOsl7iAt6Z5EO,testuser_0853@greenloop.test,1,测试用户853,USER,95,这是测试用户853的个人简介,/uploads/avatar/default_5.png,1,2026-08-16 16:05:42
854,testuser_0854,$2a$10$N.zmdr9k7uOCQb376NoUnuTJ8iAt6Z5EHsM8lE9lBOsl7iAt6Z5EO,testuser_0854@greenloop.test,1,测试用户854,USER,98,这是测试用户854的个人简介,/uploads/avatar/default_5.png,1,2026-07-27 08:59:42
855,testuser_0855,$2a$10$N.zmdr9k7uOCQb376NoUnuTJ8iAt6Z5EHsM8lE9lBOsl7iAt6Z5EO,testuser_0855@greenloop.test,1,测试用户855,USER,92,这是测试用户855的个人简介,/uploads/avatar/default_5.png,1,2026-08-09 22:13:42
856,testuser_0856,$2a$10$N.zmdr9k7uOCQb376NoUnuTJ8iAt6Z5EHsM8lE9lBOsl7iAt6Z5EO,testuser_0856@greenloop.test,1,测试用户856,USER,89,这是测试用户856的个人简介,/uploads/avatar/default_3.png,1,2026-08-05 17:03:42
857,testuser_0857,$2a$10$N.zmdr9k7uOCQb376NoUnuTJ8iAt6Z5EHsM8lE9lBOsl7iAt6Z5EO,testuser_0857@greenloop.test,1,测试用户857,USER,74,这是测试用户857的个人简介,/uploads/avatar/default_4.png,1,2026-08-06 01:06:42
858,testuser_0858,$2a$10$N.zmdr9k7uOCQb376NoUnuTJ8iAt6Z5EHsM8lE9lBOsl7iAt6Z5EO,testuser_0858@greenloop.test,1,测试用户858,USER,99,这是测试用户858的个人简介,/uploads/avatar/default_5.png,1,2026-07-31 20:13:42
859,testuser_0859,$2a$10$N.zmdr9k7uOCQb376NoUnuTJ8iAt6Z5EHsM8lE9lBOsl7iAt6Z5EO,testuser_0859@greenloop.test,1,测试用户859,USER,83,这是测试用户859的个人简介,/uploads/avatar/default_4.png,1,2026-08-13 15:07:42
860,testuser_0860,$2a$10$N.zmdr9k7uOCQb376NoUnuTJ8iAt6Z5EHsM8lE9lBOsl7iAt6Z5EO,testuser_0860@greenloop.test,1,测试用户860,USER,74,这是测试用户860的个人简介,/uploads/avatar/default_1.png,1,2026-08-06 07:02:42
861,testuser_0861,$2a$10$N.zmdr9k7uOCQb376NoUnuTJ8iAt6Z5EHsM8lE9lBOsl7iAt6Z5EO,testuser_0861@greenloop.test,1,测试用户861,USER,100,这是测试用户861的个人简介,/uploads/avatar/default_3.png,1,2026-07-30 02:32:42
862,testuser_0862,$2a$10$N.zmdr9k7uOCQb376NoUnuTJ8iAt6Z5EHsM8lE9lBOsl7iAt6Z5EO,testuser_0862@greenloop.test,1,测试用户862,USER,66,这是测试用户862的个人简介,/uploads/avatar/default_1.png,1,2026-07-19 13:24:42
863,testuser_0863,$2a$10$N.zmdr9k7uOCQb376NoUnuTJ8iAt6Z5EHsM8lE9lBOsl7iAt6Z5EO,testuser_0863@greenloop.test,1,测试用户863,USER,68,这是测试用户863的个人简介,/uploads/avatar/default_4.png,1,2026-08-13 10:16:42
864,testuser_0864,$2a$10$N.zmdr9k7uOCQb376NoUnuTJ8iAt6Z5EHsM8lE9lBOsl7iAt6Z5EO,testuser_0864@greenloop.test,1,测试用户864,USER,72,这是测试用户864的个人简介,/uploads/avatar/default_2.png,1,2026-08-13 06:42:42
865,testuser_0865,$2a$10$N.zmdr9k7uOCQb376NoUnuTJ8iAt6Z5EHsM8lE9lBOsl7iAt6Z5EO,testuser_0865@greenloop.test,1,测试用户865,USER,89,这是测试用户865的个人简介,/uploads/avatar/default_2.png,1,2026-07-25 08:49:42
866,testuser_0866,$2a$10$N.zmdr9k7uOCQb376NoUnuTJ8iAt6Z5EHsM8lE9lBOsl7iAt6Z5EO,testuser_0866@greenloop.test,1,测试用户866,USER,86,这是测试用户866的个人简介,/uploads/avatar/default_1.png,1,2026-07-17 22:02:42
867,testuser_0867,$2a$10$N.zmdr9k7uOCQb376NoUnuTJ8iAt6Z5EHsM8lE9lBOsl7iAt6Z5EO,testuser_0867@greenloop.test,1,测试用户867,USER,97,这是测试用户867的个人简介,/uploads/avatar/default_1.png,1,2026-07-23 04:26:42
868,testuser_0868,$2a$10$N.zmdr9k7uOCQb376NoUnuTJ8iAt6Z5EHsM8lE9lBOsl7iAt6Z5EO,testuser_0868@greenloop.test,1,测试用户868,USER,97,这是测试用户868的个人简介,/uploads/avatar/default_5.png,1,2026-08-12 03:55:42
869,testuser_0869,$2a$10$N.zmdr9k7uOCQb376NoUnuTJ8iAt6Z5EHsM8lE9lBOsl7iAt6Z5EO,testuser_0869@greenloop.test,1,测试用户869,USER,93,这是测试用户869的个人简介,/uploads/avatar/default_1.png,1,2026-07-30 05:02:42
870,testuser_0870,$2a$10$N.zmdr9k7uOCQb376NoUnuTJ8iAt6Z5EHsM8lE9lBOsl7iAt6Z5EO,testuser_0870@greenloop.test,1,测试用户870,USER,97,这是测试用户870的个人简介,/uploads/avatar/default_4.png,1,2026-07-18 02:06:42
871,testuser_0871,$2a$10$N.zmdr9k7uOCQb376NoUnuTJ8iAt6Z5EHsM8lE9lBOsl7iAt6Z5EO,testuser_0871@greenloop.test,1,测试用户871,USER,71,这是测试用户871的个人简介,/uploads/avatar/default_5.png,1,2026-08-10 19:03:42
872,testuser_0872,$2a$10$N.zmdr9k7uOCQb376NoUnuTJ8iAt6Z5EHsM8lE9lBOsl7iAt6Z5EO,testuser_0872@greenloop.test,1,测试用户872,USER,68,这是测试用户872的个人简介,/uploads/avatar/default_1.png,1,2026-08-03 21:17:42
873,testuser_0873,$2a$10$N.zmdr9k7uOCQb376NoUnuTJ8iAt6Z5EHsM8lE9lBOsl7iAt6Z5EO,testuser_0873@greenloop.test,1,测试用户873,USER,98,这是测试用户873的个人简介,/uploads/avatar/default_3.png,1,2026-07-31 06:29:42
874,testuser_0874,$2a$10$N.zmdr9k7uOCQb376NoUnuTJ8iAt6Z5EHsM8lE9lBOsl7iAt6Z5EO,testuser_0874@greenloop.test,1,测试用户874,USER,98,这是测试用户874的个人简介,/uploads/avatar/default_2.png,1,2026-08-08 06:34:42
875,testuser_0875,$2a$10$N.zmdr9k7uOCQb376NoUnuTJ8iAt6Z5EHsM8lE9lBOsl7iAt6Z5EO,testuser_0875@greenloop.test,1,测试用户875,USER,78,这是测试用户875的个人简介,/uploads/avatar/default_4.png,1,2026-07-22 14:47:42
876,testuser_0876,$2a$10$N.zmdr9k7uOCQb376NoUnuTJ8iAt6Z5EHsM8lE9lBOsl7iAt6Z5EO,testuser_0876@greenloop.test,1,测试用户876,USER,86,这是测试用户876的个人简介,/uploads/avatar/default_5.png,1,2026-07-24 19:23:42
877,testuser_0877,$2a$10$N.zmdr9k7uOCQb376NoUnuTJ8iAt6Z5EHsM8lE9lBOsl7iAt6Z5EO,testuser_0877@greenloop.test,1,测试用户877,USER,79,这是测试用户877的个人简介,/uploads/avatar/default_5.png,1,2026-07-20 08:10:42
878,testuser_0878,$2a$10$N.zmdr9k7uOCQb376NoUnuTJ8iAt6Z5EHsM8lE9lBOsl7iAt6Z5EO,testuser_0878@greenloop.test,1,测试用户878,USER,95,这是测试用户878的个人简介,/uploads/avatar/default_2.png,1,2026-08-10 12:16:42
879,testuser_0879,$2a$10$N.zmdr9k7uOCQb376NoUnuTJ8iAt6Z5EHsM8lE9lBOsl7iAt6Z5EO,testuser_0879@greenloop.test,1,测试用户879,USER,78,这是测试用户879的个人简介,/uploads/avatar/default_3.png,1,2026-07-17 21:47:42
880,testuser_0880,$2a$10$N.zmdr9k7uOCQb376NoUnuTJ8iAt6Z5EHsM8lE9lBOsl7iAt6Z5EO,testuser_0880@greenloop.test,1,测试用户880,USER,71,这是测试用户880的个人简介,/uploads/avatar/default_5.png,1,2026-07-29 20:15:42
881,testuser_0881,$2a$10$N.zmdr9k7uOCQb376NoUnuTJ8iAt6Z5EHsM8lE9lBOsl7iAt6Z5EO,testuser_0881@greenloop.test,1,测试用户881,USER,80,这是测试用户881的个人简介,/uploads/avatar/default_1.png,1,2026-07-23 07:20:42
882,testuser_0882,$2a$10$N.zmdr9k7uOCQb376NoUnuTJ8iAt6Z5EHsM8lE9lBOsl7iAt6Z5EO,testuser_0882@greenloop.test,1,测试用户882,USER,90,这是测试用户882的个人简介,/uploads/avatar/default_5.png,1,2026-07-28 21:10:42
883,testuser_0883,$2a$10$N.zmdr9k7uOCQb376NoUnuTJ8iAt6Z5EHsM8lE9lBOsl7iAt6Z5EO,testuser_0883@greenloop.test,1,测试用户883,USER,86,这是测试用户883的个人简介,/uploads/avatar/default_5.png,1,2026-08-07 05:04:42
884,testuser_0884,$2a$10$N.zmdr9k7uOCQb376NoUnuTJ8iAt6Z5EHsM8lE9lBOsl7iAt6Z5EO,testuser_0884@greenloop.test,1,测试用户884,USER,60,这是测试用户884的个人简介,/uploads/avatar/default_5.png,1,2026-08-13 18:31:42
885,testuser_0885,$2a$10$N.zmdr9k7uOCQb376NoUnuTJ8iAt6Z5EHsM8lE9lBOsl7iAt6Z5EO,testuser_0885@greenloop.test,1,测试用户885,USER,69,这是测试用户885的个人简介,/uploads/avatar/default_1.png,1,2026-07-26 17:43:42
886,testuser_0886,$2a$10$N.zmdr9k7uOCQb376NoUnuTJ8iAt6Z5EHsM8lE9lBOsl7iAt6Z5EO,testuser_0886@greenloop.test,1,测试用户886,USER,77,这是测试用户886的个人简介,/uploads/avatar/default_2.png,1,2026-08-06 21:39:42
887,testuser_0887,$2a$10$N.zmdr9k7uOCQb376NoUnuTJ8iAt6Z5EHsM8lE9lBOsl7iAt6Z5EO,testuser_0887@greenloop.test,1,测试用户887,USER,69,这是测试用户887的个人简介,/uploads/avatar/default_1.png,1,2026-07-25 09:42:42
888,testuser_0888,$2a$10$N.zmdr9k7uOCQb376NoUnuTJ8iAt6Z5EHsM8lE9lBOsl7iAt6Z5EO,testuser_0888@greenloop.test,1,测试用户888,USER,94,这是测试用户888的个人简介,/uploads/avatar/default_1.png,1,2026-08-05 04:49:42
889,testuser_0889,$2a$10$N.zmdr9k7uOCQb376NoUnuTJ8iAt6Z5EHsM8lE9lBOsl7iAt6Z5EO,testuser_0889@greenloop.test,1,测试用户889,USER,99,这是测试用户889的个人简介,/uploads/avatar/default_5.png,1,2026-07-20 11:08:42
890,testuser_0890,$2a$10$N.zmdr9k7uOCQb376NoUnuTJ8iAt6Z5EHsM8lE9lBOsl7iAt6Z5EO,testuser_0890@greenloop.test,1,测试用户890,USER,95,这是测试用户890的个人简介,/uploads/avatar/default_4.png,1,2026-08-09 02:05:42
891,testuser_0891,$2a$10$N.zmdr9k7uOCQb376NoUnuTJ8iAt6Z5EHsM8lE9lBOsl7iAt6Z5EO,testuser_0891@greenloop.test,1,测试用户891,USER,78,这是测试用户891的个人简介,/uploads/avatar/default_1.png,1,2026-07-18 06:31:42
892,testuser_0892,$2a$10$N.zmdr9k7uOCQb376NoUnuTJ8iAt6Z5EHsM8lE9lBOsl7iAt6Z5EO,testuser_0892@greenloop.test,1,测试用户892,USER,86,这是测试用户892的个人简介,/uploads/avatar/default_3.png,1,2026-07-30 17:55:42
893,testuser_0893,$2a$10$N.zmdr9k7uOCQb376NoUnuTJ8iAt6Z5EHsM8lE9lBOsl7iAt6Z5EO,testuser_0893@greenloop.test,1,测试用户893,USER,76,这是测试用户893的个人简介,/uploads/avatar/default_2.png,1,2026-07-28 04:02:42
894,testuser_0894,$2a$10$N.zmdr9k7uOCQb376NoUnuTJ8iAt6Z5EHsM8lE9lBOsl7iAt6Z5EO,testuser_0894@greenloop.test,1,测试用户894,USER,74,这是测试用户894的个人简介,/uploads/avatar/default_3.png,1,2026-07-23 00:21:42
895,testuser_0895,$2a$10$N.zmdr9k7uOCQb376NoUnuTJ8iAt6Z5EHsM8lE9lBOsl7iAt6Z5EO,testuser_0895@greenloop.test,1,测试用户895,USER,98,这是测试用户895的个人简介,/uploads/avatar/default_2.png,1,2026-07-22 19:43:42
896,testuser_0896,$2a$10$N.zmdr9k7uOCQb376NoUnuTJ8iAt6Z5EHsM8lE9lBOsl7iAt6Z5EO,testuser_0896@greenloop.test,1,测试用户896,USER,78,这是测试用户896的个人简介,/uploads/avatar/default_4.png,1,2026-08-10 21:51:42
897,testuser_0897,$2a$10$N.zmdr9k7uOCQb376NoUnuTJ8iAt6Z5EHsM8lE9lBOsl7iAt6Z5EO,testuser_0897@greenloop.test,1,测试用户897,USER,71,这是测试用户897的个人简介,/uploads/avatar/default_2.png,1,2026-07-24 02:48:42
898,testuser_0898,$2a$10$N.zmdr9k7uOCQb376NoUnuTJ8iAt6Z5EHsM8lE9lBOsl7iAt6Z5EO,testuser_0898@greenloop.test,1,测试用户898,USER,84,这是测试用户898的个人简介,/uploads/avatar/default_1.png,1,2026-08-03 10:20:42
899,testuser_0899,$2a$10$N.zmdr9k7uOCQb376NoUnuTJ8iAt6Z5EHsM8lE9lBOsl7iAt6Z5EO,testuser_0899@greenloop.test,1,测试用户899,USER,76,这是测试用户899的个人简介,/uploads/avatar/default_2.png,1,2026-08-11 00:01:42
900,testuser_0900,$2a$10$N.zmdr9k7uOCQb376NoUnuTJ8iAt6Z5EHsM8lE9lBOsl7iAt6Z5EO,testuser_0900@greenloop.test,1,测试用户900,USER,76,这是测试用户900的个人简介,/uploads/avatar/default_1.png,1,2026-08-06 04:10:42
901,testuser_0901,$2a$10$N.zmdr9k7uOCQb376NoUnuTJ8iAt6Z5EHsM8lE9lBOsl7iAt6Z5EO,testuser_0901@greenloop.test,1,测试用户901,USER,69,这是测试用户901的个人简介,/uploads/avatar/default_1.png,1,2026-08-12 08:17:42
902,testuser_0902,$2a$10$N.zmdr9k7uOCQb376NoUnuTJ8iAt6Z5EHsM8lE9lBOsl7iAt6Z5EO,testuser_0902@greenloop.test,1,测试用户902,USER,63,这是测试用户902的个人简介,/uploads/avatar/default_5.png,1,2026-07-20 21:36:42
903,testuser_0903,$2a$10$N.zmdr9k7uOCQb376NoUnuTJ8iAt6Z5EHsM8lE9lBOsl7iAt6Z5EO,testuser_0903@greenloop.test,1,测试用户903,USER,91,这是测试用户903的个人简介,/uploads/avatar/default_5.png,1,2026-07-30 07:51:42
904,testuser_0904,$2a$10$N.zmdr9k7uOCQb376NoUnuTJ8iAt6Z5EHsM8lE9lBOsl7iAt6Z5EO,testuser_0904@greenloop.test,1,测试用户904,USER,80,这是测试用户904的个人简介,/uploads/avatar/default_5.png,1,2026-08-09 13:22:42
905,testuser_0905,$2a$10$N.zmdr9k7uOCQb376NoUnuTJ8iAt6Z5EHsM8lE9lBOsl7iAt6Z5EO,testuser_0905@greenloop.test,1,测试用户905,USER,64,这是测试用户905的个人简介,/uploads/avatar/default_5.png,1,2026-08-11 05:21:42
906,testuser_0906,$2a$10$N.zmdr9k7uOCQb376NoUnuTJ8iAt6Z5EHsM8lE9lBOsl7iAt6Z5EO,testuser_0906@greenloop.test,1,测试用户906,USER,94,这是测试用户906的个人简介,/uploads/avatar/default_4.png,1,2026-08-14 07:41:42
907,testuser_0907,$2a$10$N.zmdr9k7uOCQb376NoUnuTJ8iAt6Z5EHsM8lE9lBOsl7iAt6Z5EO,testuser_0907@greenloop.test,1,测试用户907,USER,73,这是测试用户907的个人简介,/uploads/avatar/default_3.png,1,2026-08-06 07:37:42
908,testuser_0908,$2a$10$N.zmdr9k7uOCQb376NoUnuTJ8iAt6Z5EHsM8lE9lBOsl7iAt6Z5EO,testuser_0908@greenloop.test,1,测试用户908,USER,73,这是测试用户908的个人简介,/uploads/avatar/default_5.png,1,2026-07-31 03:20:42
909,testuser_0909,$2a$10$N.zmdr9k7uOCQb376NoUnuTJ8iAt6Z5EHsM8lE9lBOsl7iAt6Z5EO,testuser_0909@greenloop.test,1,测试用户909,USER,60,这是测试用户909的个人简介,/uploads/avatar/default_1.png,1,2026-07-26 07:27:42
910,testuser_0910,$2a$10$N.zmdr9k7uOCQb376NoUnuTJ8iAt6Z5EHsM8lE9lBOsl7iAt6Z5EO,testuser_0910@greenloop.test,1,测试用户910,USER,75,这是测试用户910的个人简介,/uploads/avatar/default_5.png,1,2026-07-17 23:40:42
911,testuser_0911,$2a$10$N.zmdr9k7uOCQb376NoUnuTJ8iAt6Z5EHsM8lE9lBOsl7iAt6Z5EO,testuser_0911@greenloop.test,1,测试用户911,USER,62,这是测试用户911的个人简介,/uploads/avatar/default_3.png,1,2026-08-04 15:31:42
912,testuser_0912,$2a$10$N.zmdr9k7uOCQb376NoUnuTJ8iAt6Z5EHsM8lE9lBOsl7iAt6Z5EO,testuser_0912@greenloop.test,1,测试用户912,USER,76,这是测试用户912的个人简介,/uploads/avatar/default_5.png,1,2026-07-24 09:54:42
913,testuser_0913,$2a$10$N.zmdr9k7uOCQb376NoUnuTJ8iAt6Z5EHsM8lE9lBOsl7iAt6Z5EO,testuser_0913@greenloop.test,1,测试用户913,USER,93,这是测试用户913的个人简介,/uploads/avatar/default_3.png,1,2026-07-31 02:27:42
914,testuser_0914,$2a$10$N.zmdr9k7uOCQb376NoUnuTJ8iAt6Z5EHsM8lE9lBOsl7iAt6Z5EO,testuser_0914@greenloop.test,1,测试用户914,USER,91,这是测试用户914的个人简介,/uploads/avatar/default_1.png,1,2026-08-06 22:43:42
915,testuser_0915,$2a$10$N.zmdr9k7uOCQb376NoUnuTJ8iAt6Z5EHsM8lE9lBOsl7iAt6Z5EO,testuser_0915@greenloop.test,1,测试用户915,USER,80,这是测试用户915的个人简介,/uploads/avatar/default_5.png,1,2026-08-14 15:45:42
916,testuser_0916,$2a$10$N.zmdr9k7uOCQb376NoUnuTJ8iAt6Z5EHsM8lE9lBOsl7iAt6Z5EO,testuser_0916@greenloop.test,1,测试用户916,USER,94,这是测试用户916的个人简介,/uploads/avatar/default_5.png,1,2026-08-15 22:51:42
917,testuser_0917,$2a$10$N.zmdr9k7uOCQb376NoUnuTJ8iAt6Z5EHsM8lE9lBOsl7iAt6Z5EO,testuser_0917@greenloop.test,1,测试用户917,USER,73,这是测试用户917的个人简介,/uploads/avatar/default_2.png,1,2026-07-19 21:28:42
918,testuser_0918,$2a$10$N.zmdr9k7uOCQb376NoUnuTJ8iAt6Z5EHsM8lE9lBOsl7iAt6Z5EO,testuser_0918@greenloop.test,1,测试用户918,USER,66,这是测试用户918的个人简介,/uploads/avatar/default_2.png,1,2026-07-29 19:59:42
919,testuser_0919,$2a$10$N.zmdr9k7uOCQb376NoUnuTJ8iAt6Z5EHsM8lE9lBOsl7iAt6Z5EO,testuser_0919@greenloop.test,1,测试用户919,USER,87,这是测试用户919的个人简介,/uploads/avatar/default_1.png,1,2026-07-23 21:46:42
920,testuser_0920,$2a$10$N.zmdr9k7uOCQb376NoUnuTJ8iAt6Z5EHsM8lE9lBOsl7iAt6Z5EO,testuser_0920@greenloop.test,1,测试用户920,USER,61,这是测试用户920的个人简介,/uploads/avatar/default_4.png,1,2026-07-25 08:53:42
921,testuser_0921,$2a$10$N.zmdr9k7uOCQb376NoUnuTJ8iAt6Z5EHsM8lE9lBOsl7iAt6Z5EO,testuser_0921@greenloop.test,1,测试用户921,USER,65,这是测试用户921的个人简介,/uploads/avatar/default_1.png,1,2026-08-15 13:05:42
922,testuser_0922,$2a$10$N.zmdr9k7uOCQb376NoUnuTJ8iAt6Z5EHsM8lE9lBOsl7iAt6Z5EO,testuser_0922@greenloop.test,1,测试用户922,USER,76,这是测试用户922的个人简介,/uploads/avatar/default_5.png,1,2026-08-14 00:03:42
923,testuser_0923,$2a$10$N.zmdr9k7uOCQb376NoUnuTJ8iAt6Z5EHsM8lE9lBOsl7iAt6Z5EO,testuser_0923@greenloop.test,1,测试用户923,USER,74,这是测试用户923的个人简介,/uploads/avatar/default_3.png,1,2026-08-03 06:27:42
924,testuser_0924,$2a$10$N.zmdr9k7uOCQb376NoUnuTJ8iAt6Z5EHsM8lE9lBOsl7iAt6Z5EO,testuser_0924@greenloop.test,1,测试用户924,USER,100,这是测试用户924的个人简介,/uploads/avatar/default_4.png,1,2026-08-03 08:54:42
925,testuser_0925,$2a$10$N.zmdr9k7uOCQb376NoUnuTJ8iAt6Z5EHsM8lE9lBOsl7iAt6Z5EO,testuser_0925@greenloop.test,1,测试用户925,USER,84,这是测试用户925的个人简介,/uploads/avatar/default_1.png,1,2026-07-30 18:14:42
926,testuser_0926,$2a$10$N.zmdr9k7uOCQb376NoUnuTJ8iAt6Z5EHsM8lE9lBOsl7iAt6Z5EO,testuser_0926@greenloop.test,1,测试用户926,USER,99,这是测试用户926的个人简介,/uploads/avatar/default_1.png,1,2026-07-22 19:18:42
927,testuser_0927,$2a$10$N.zmdr9k7uOCQb376NoUnuTJ8iAt6Z5EHsM8lE9lBOsl7iAt6Z5EO,testuser_0927@greenloop.test,1,测试用户927,USER,62,这是测试用户927的个人简介,/uploads/avatar/default_1.png,1,2026-08-05 02:49:42
928,testuser_0928,$2a$10$N.zmdr9k7uOCQb376NoUnuTJ8iAt6Z5EHsM8lE9lBOsl7iAt6Z5EO,testuser_0928@greenloop.test,1,测试用户928,USER,78,这是测试用户928的个人简介,/uploads/avatar/default_3.png,1,2026-07-28 16:37:42
929,testuser_0929,$2a$10$N.zmdr9k7uOCQb376NoUnuTJ8iAt6Z5EHsM8lE9lBOsl7iAt6Z5EO,testuser_0929@greenloop.test,1,测试用户929,USER,88,这是测试用户929的个人简介,/uploads/avatar/default_4.png,1,2026-08-03 21:54:42
930,testuser_0930,$2a$10$N.zmdr9k7uOCQb376NoUnuTJ8iAt6Z5EHsM8lE9lBOsl7iAt6Z5EO,testuser_0930@greenloop.test,1,测试用户930,USER,90,这是测试用户930的个人简介,/uploads/avatar/default_2.png,1,2026-07-30 11:47:42
931,testuser_0931,$2a$10$N.zmdr9k7uOCQb376NoUnuTJ8iAt6Z5EHsM8lE9lBOsl7iAt6Z5EO,testuser_0931@greenloop.test,1,测试用户931,USER,85,这是测试用户931的个人简介,/uploads/avatar/default_5.png,1,2026-08-06 22:46:42
932,testuser_0932,$2a$10$N.zmdr9k7uOCQb376NoUnuTJ8iAt6Z5EHsM8lE9lBOsl7iAt6Z5EO,testuser_0932@greenloop.test,1,测试用户932,USER,79,这是测试用户932的个人简介,/uploads/avatar/default_3.png,1,2026-08-16 01:00:42
933,testuser_0933,$2a$10$N.zmdr9k7uOCQb376NoUnuTJ8iAt6Z5EHsM8lE9lBOsl7iAt6Z5EO,testuser_0933@greenloop.test,1,测试用户933,USER,95,这是测试用户933的个人简介,/uploads/avatar/default_2.png,1,2026-08-13 17:55:42
934,testuser_0934,$2a$10$N.zmdr9k7uOCQb376NoUnuTJ8iAt6Z5EHsM8lE9lBOsl7iAt6Z5EO,testuser_0934@greenloop.test,1,测试用户934,USER,96,这是测试用户934的个人简介,/uploads/avatar/default_5.png,1,2026-08-04 01:20:42
935,testuser_0935,$2a$10$N.zmdr9k7uOCQb376NoUnuTJ8iAt6Z5EHsM8lE9lBOsl7iAt6Z5EO,testuser_0935@greenloop.test,1,测试用户935,USER,65,这是测试用户935的个人简介,/uploads/avatar/default_3.png,1,2026-08-09 19:08:42
936,testuser_0936,$2a$10$N.zmdr9k7uOCQb376NoUnuTJ8iAt6Z5EHsM8lE9lBOsl7iAt6Z5EO,testuser_0936@greenloop.test,1,测试用户936,USER,82,这是测试用户936的个人简介,/uploads/avatar/default_2.png,1,2026-08-02 22:01:42
937,testuser_0937,$2a$10$N.zmdr9k7uOCQb376NoUnuTJ8iAt6Z5EHsM8lE9lBOsl7iAt6Z5EO,testuser_0937@greenloop.test,1,测试用户937,USER,92,这是测试用户937的个人简介,/uploads/avatar/default_2.png,1,2026-08-11 13:41:42
938,testuser_0938,$2a$10$N.zmdr9k7uOCQb376NoUnuTJ8iAt6Z5EHsM8lE9lBOsl7iAt6Z5EO,testuser_0938@greenloop.test,1,测试用户938,USER,99,这是测试用户938的个人简介,/uploads/avatar/default_3.png,1,2026-08-10 15:44:42
939,testuser_0939,$2a$10$N.zmdr9k7uOCQb376NoUnuTJ8iAt6Z5EHsM8lE9lBOsl7iAt6Z5EO,testuser_0939@greenloop.test,1,测试用户939,USER,96,这是测试用户939的个人简介,/uploads/avatar/default_1.png,1,2026-07-20 01:26:42
940,testuser_0940,$2a$10$N.zmdr9k7uOCQb376NoUnuTJ8iAt6Z5EHsM8lE9lBOsl7iAt6Z5EO,testuser_0940@greenloop.test,1,测试用户940,USER,95,这是测试用户940的个人简介,/uploads/avatar/default_1.png,1,2026-08-06 21:51:42
941,testuser_0941,$2a$10$N.zmdr9k7uOCQb376NoUnuTJ8iAt6Z5EHsM8lE9lBOsl7iAt6Z5EO,testuser_0941@greenloop.test,1,测试用户941,USER,76,这是测试用户941的个人简介,/uploads/avatar/default_1.png,1,2026-08-09 19:18:42
942,testuser_0942,$2a$10$N.zmdr9k7uOCQb376NoUnuTJ8iAt6Z5EHsM8lE9lBOsl7iAt6Z5EO,testuser_0942@greenloop.test,1,测试用户942,USER,91,这是测试用户942的个人简介,/uploads/avatar/default_3.png,1,2026-08-05 14:13:42
943,testuser_0943,$2a$10$N.zmdr9k7uOCQb376NoUnuTJ8iAt6Z5EHsM8lE9lBOsl7iAt6Z5EO,testuser_0943@greenloop.test,1,测试用户943,USER,75,这是测试用户943的个人简介,/uploads/avatar/default_1.png,1,2026-08-06 23:51:42
944,testuser_0944,$2a$10$N.zmdr9k7uOCQb376NoUnuTJ8iAt6Z5EHsM8lE9lBOsl7iAt6Z5EO,testuser_0944@greenloop.test,1,测试用户944,USER,72,这是测试用户944的个人简介,/uploads/avatar/default_3.png,1,2026-08-01 04:34:42
945,testuser_0945,$2a$10$N.zmdr9k7uOCQb376NoUnuTJ8iAt6Z5EHsM8lE9lBOsl7iAt6Z5EO,testuser_0945@greenloop.test,1,测试用户945,USER,99,这是测试用户945的个人简介,/uploads/avatar/default_3.png,1,2026-07-25 00:46:42
946,testuser_0946,$2a$10$N.zmdr9k7uOCQb376NoUnuTJ8iAt6Z5EHsM8lE9lBOsl7iAt6Z5EO,testuser_0946@greenloop.test,1,测试用户946,USER,96,这是测试用户946的个人简介,/uploads/avatar/default_5.png,1,2026-08-05 08:28:42
947,testuser_0947,$2a$10$N.zmdr9k7uOCQb376NoUnuTJ8iAt6Z5EHsM8lE9lBOsl7iAt6Z5EO,testuser_0947@greenloop.test,1,测试用户947,USER,70,这是测试用户947的个人简介,/uploads/avatar/default_1.png,1,2026-08-06 11:05:42
948,testuser_0948,$2a$10$N.zmdr9k7uOCQb376NoUnuTJ8iAt6Z5EHsM8lE9lBOsl7iAt6Z5EO,testuser_0948@greenloop.test,1,测试用户948,USER,74,这是测试用户948的个人简介,/uploads/avatar/default_4.png,1,2026-08-08 07:47:42
949,testuser_0949,$2a$10$N.zmdr9k7uOCQb376NoUnuTJ8iAt6Z5EHsM8lE9lBOsl7iAt6Z5EO,testuser_0949@greenloop.test,1,测试用户949,USER,81,这是测试用户949的个人简介,/uploads/avatar/default_4.png,1,2026-08-02 04:33:42
950,testuser_0950,$2a$10$N.zmdr9k7uOCQb376NoUnuTJ8iAt6Z5EHsM8lE9lBOsl7iAt6Z5EO,testuser_0950@greenloop.test,1,测试用户950,USER,79,这是测试用户950的个人简介,/uploads/avatar/default_4.png,1,2026-07-30 15:44:42
951,testuser_0951,$2a$10$N.zmdr9k7uOCQb376NoUnuTJ8iAt6Z5EHsM8lE9lBOsl7iAt6Z5EO,testuser_0951@greenloop.test,1,测试用户951,USER,98,这是测试用户951的个人简介,/uploads/avatar/default_1.png,1,2026-07-21 10:01:42
952,testuser_0952,$2a$10$N.zmdr9k7uOCQb376NoUnuTJ8iAt6Z5EHsM8lE9lBOsl7iAt6Z5EO,testuser_0952@greenloop.test,1,测试用户952,USER,68,这是测试用户952的个人简介,/uploads/avatar/default_5.png,1,2026-08-10 10:09:42
953,testuser_0953,$2a$10$N.zmdr9k7uOCQb376NoUnuTJ8iAt6Z5EHsM8lE9lBOsl7iAt6Z5EO,testuser_0953@greenloop.test,1,测试用户953,USER,100,这是测试用户953的个人简介,/uploads/avatar/default_1.png,1,2026-07-24 15:58:42
954,testuser_0954,$2a$10$N.zmdr9k7uOCQb376NoUnuTJ8iAt6Z5EHsM8lE9lBOsl7iAt6Z5EO,testuser_0954@greenloop.test,1,测试用户954,USER,61,这是测试用户954的个人简介,/uploads/avatar/default_5.png,1,2026-07-27 18:03:42
955,testuser_0955,$2a$10$N.zmdr9k7uOCQb376NoUnuTJ8iAt6Z5EHsM8lE9lBOsl7iAt6Z5EO,testuser_0955@greenloop.test,1,测试用户955,USER,97,这是测试用户955的个人简介,/uploads/avatar/default_5.png,1,2026-08-04 00:42:42
956,testuser_0956,$2a$10$N.zmdr9k7uOCQb376NoUnuTJ8iAt6Z5EHsM8lE9lBOsl7iAt6Z5EO,testuser_0956@greenloop.test,1,测试用户956,USER,62,这是测试用户956的个人简介,/uploads/avatar/default_5.png,1,2026-08-08 00:58:42
957,testuser_0957,$2a$10$N.zmdr9k7uOCQb376NoUnuTJ8iAt6Z5EHsM8lE9lBOsl7iAt6Z5EO,testuser_0957@greenloop.test,1,测试用户957,USER,94,这是测试用户957的个人简介,/uploads/avatar/default_4.png,1,2026-07-27 14:32:42
958,testuser_0958,$2a$10$N.zmdr9k7uOCQb376NoUnuTJ8iAt6Z5EHsM8lE9lBOsl7iAt6Z5EO,testuser_0958@greenloop.test,1,测试用户958,USER,85,这是测试用户958的个人简介,/uploads/avatar/default_2.png,1,2026-07-19 00:09:42
959,testuser_0959,$2a$10$N.zmdr9k7uOCQb376NoUnuTJ8iAt6Z5EHsM8lE9lBOsl7iAt6Z5EO,testuser_0959@greenloop.test,1,测试用户959,USER,78,这是测试用户959的个人简介,/uploads/avatar/default_2.png,1,2026-08-02 02:23:42
960,testuser_0960,$2a$10$N.zmdr9k7uOCQb376NoUnuTJ8iAt6Z5EHsM8lE9lBOsl7iAt6Z5EO,testuser_0960@greenloop.test,1,测试用户960,USER,65,这是测试用户960的个人简介,/uploads/avatar/default_4.png,1,2026-08-05 02:55:42
961,testuser_0961,$2a$10$N.zmdr9k7uOCQb376NoUnuTJ8iAt6Z5EHsM8lE9lBOsl7iAt6Z5EO,testuser_0961@greenloop.test,1,测试用户961,USER,75,这是测试用户961的个人简介,/uploads/avatar/default_5.png,1,2026-07-26 13:07:42
962,testuser_0962,$2a$10$N.zmdr9k7uOCQb376NoUnuTJ8iAt6Z5EHsM8lE9lBOsl7iAt6Z5EO,testuser_0962@greenloop.test,1,测试用户962,USER,92,这是测试用户962的个人简介,/uploads/avatar/default_2.png,1,2026-08-02 13:44:42
963,testuser_0963,$2a$10$N.zmdr9k7uOCQb376NoUnuTJ8iAt6Z5EHsM8lE9lBOsl7iAt6Z5EO,testuser_0963@greenloop.test,1,测试用户963,USER,96,这是测试用户963的个人简介,/uploads/avatar/default_5.png,1,2026-07-26 14:08:42
964,testuser_0964,$2a$10$N.zmdr9k7uOCQb376NoUnuTJ8iAt6Z5EHsM8lE9lBOsl7iAt6Z5EO,testuser_0964@greenloop.test,1,测试用户964,USER,90,这是测试用户964的个人简介,/uploads/avatar/default_3.png,1,2026-08-15 11:07:42
965,testuser_0965,$2a$10$N.zmdr9k7uOCQb376NoUnuTJ8iAt6Z5EHsM8lE9lBOsl7iAt6Z5EO,testuser_0965@greenloop.test,1,测试用户965,USER,91,这是测试用户965的个人简介,/uploads/avatar/default_2.png,1,2026-08-14 10:32:42
966,testuser_0966,$2a$10$N.zmdr9k7uOCQb376NoUnuTJ8iAt6Z5EHsM8lE9lBOsl7iAt6Z5EO,testuser_0966@greenloop.test,1,测试用户966,USER,74,这是测试用户966的个人简介,/uploads/avatar/default_1.png,1,2026-07-26 12:22:42
967,testuser_0967,$2a$10$N.zmdr9k7uOCQb376NoUnuTJ8iAt6Z5EHsM8lE9lBOsl7iAt6Z5EO,testuser_0967@greenloop.test,1,测试用户967,USER,83,这是测试用户967的个人简介,/uploads/avatar/default_4.png,1,2026-08-01 03:59:42
968,testuser_0968,$2a$10$N.zmdr9k7uOCQb376NoUnuTJ8iAt6Z5EHsM8lE9lBOsl7iAt6Z5EO,testuser_0968@greenloop.test,1,测试用户968,USER,62,这是测试用户968的个人简介,/uploads/avatar/default_1.png,1,2026-07-27 08:49:42
969,testuser_0969,$2a$10$N.zmdr9k7uOCQb376NoUnuTJ8iAt6Z5EHsM8lE9lBOsl7iAt6Z5EO,testuser_0969@greenloop.test,1,测试用户969,USER,93,这是测试用户969的个人简介,/uploads/avatar/default_3.png,1,2026-07-20 19:39:42
970,testuser_0970,$2a$10$N.zmdr9k7uOCQb376NoUnuTJ8iAt6Z5EHsM8lE9lBOsl7iAt6Z5EO,testuser_0970@greenloop.test,1,测试用户970,USER,97,这是测试用户970的个人简介,/uploads/avatar/default_5.png,1,2026-07-29 13:31:42
971,testuser_0971,$2a$10$N.zmdr9k7uOCQb376NoUnuTJ8iAt6Z5EHsM8lE9lBOsl7iAt6Z5EO,testuser_0971@greenloop.test,1,测试用户971,USER,84,这是测试用户971的个人简介,/uploads/avatar/default_3.png,1,2026-07-28 21:58:42
972,testuser_0972,$2a$10$N.zmdr9k7uOCQb376NoUnuTJ8iAt6Z5EHsM8lE9lBOsl7iAt6Z5EO,testuser_0972@greenloop.test,1,测试用户972,USER,64,这是测试用户972的个人简介,/uploads/avatar/default_5.png,1,2026-08-08 05:57:42
973,testuser_0973,$2a$10$N.zmdr9k7uOCQb376NoUnuTJ8iAt6Z5EHsM8lE9lBOsl7iAt6Z5EO,testuser_0973@greenloop.test,1,测试用户973,USER,74,这是测试用户973的个人简介,/uploads/avatar/default_5.png,1,2026-08-04 07:03:42
974,testuser_0974,$2a$10$N.zmdr9k7uOCQb376NoUnuTJ8iAt6Z5EHsM8lE9lBOsl7iAt6Z5EO,testuser_0974@greenloop.test,1,测试用户974,USER,82,这是测试用户974的个人简介,/uploads/avatar/default_4.png,1,2026-07-22 02:59:42
975,testuser_0975,$2a$10$N.zmdr9k7uOCQb376NoUnuTJ8iAt6Z5EHsM8lE9lBOsl7iAt6Z5EO,testuser_0975@greenloop.test,1,测试用户975,USER,98,这是测试用户975的个人简介,/uploads/avatar/default_1.png,1,2026-07-31 14:27:42
976,testuser_0976,$2a$10$N.zmdr9k7uOCQb376NoUnuTJ8iAt6Z5EHsM8lE9lBOsl7iAt6Z5EO,testuser_0976@greenloop.test,1,测试用户976,USER,70,这是测试用户976的个人简介,/uploads/avatar/default_2.png,1,2026-08-14 02:14:42
977,testuser_0977,$2a$10$N.zmdr9k7uOCQb376NoUnuTJ8iAt6Z5EHsM8lE9lBOsl7iAt6Z5EO,testuser_0977@greenloop.test,1,测试用户977,USER,77,这是测试用户977的个人简介,/uploads/avatar/default_2.png,1,2026-08-12 13:45:42
978,testuser_0978,$2a$10$N.zmdr9k7uOCQb376NoUnuTJ8iAt6Z5EHsM8lE9lBOsl7iAt6Z5EO,testuser_0978@greenloop.test,1,测试用户978,USER,83,这是测试用户978的个人简介,/uploads/avatar/default_5.png,1,2026-07-25 15:13:42
979,testuser_0979,$2a$10$N.zmdr9k7uOCQb376NoUnuTJ8iAt6Z5EHsM8lE9lBOsl7iAt6Z5EO,testuser_0979@greenloop.test,1,测试用户979,USER,74,这是测试用户979的个人简介,/uploads/avatar/default_4.png,1,2026-07-22 08:09:42
980,testuser_0980,$2a$10$N.zmdr9k7uOCQb376NoUnuTJ8iAt6Z5EHsM8lE9lBOsl7iAt6Z5EO,testuser_0980@greenloop.test,1,测试用户980,USER,67,这是测试用户980的个人简介,/uploads/avatar/default_4.png,1,2026-07-26 03:25:42
981,testuser_0981,$2a$10$N.zmdr9k7uOCQb376NoUnuTJ8iAt6Z5EHsM8lE9lBOsl7iAt6Z5EO,testuser_0981@greenloop.test,1,测试用户981,USER,73,这是测试用户981的个人简介,/uploads/avatar/default_5.png,1,2026-08-10 22:02:42
982,testuser_0982,$2a$10$N.zmdr9k7uOCQb376NoUnuTJ8iAt6Z5EHsM8lE9lBOsl7iAt6Z5EO,testuser_0982@greenloop.test,1,测试用户982,USER,86,这是测试用户982的个人简介,/uploads/avatar/default_1.png,1,2026-08-09 17:47:42
983,testuser_0983,$2a$10$N.zmdr9k7uOCQb376NoUnuTJ8iAt6Z5EHsM8lE9lBOsl7iAt6Z5EO,testuser_0983@greenloop.test,1,测试用户983,USER,96,这是测试用户983的个人简介,/uploads/avatar/default_5.png,1,2026-08-11 14:15:42
984,testuser_0984,$2a$10$N.zmdr9k7uOCQb376NoUnuTJ8iAt6Z5EHsM8lE9lBOsl7iAt6Z5EO,testuser_0984@greenloop.test,1,测试用户984,USER,92,这是测试用户984的个人简介,/uploads/avatar/default_1.png,1,2026-07-19 00:46:42
985,testuser_0985,$2a$10$N.zmdr9k7uOCQb376NoUnuTJ8iAt6Z5EHsM8lE9lBOsl7iAt6Z5EO,testuser_0985@greenloop.test,1,测试用户985,USER,63,这是测试用户985的个人简介,/uploads/avatar/default_2.png,1,2026-08-08 13:22:42
986,testuser_0986,$2a$10$N.zmdr9k7uOCQb376NoUnuTJ8iAt6Z5EHsM8lE9lBOsl7iAt6Z5EO,testuser_0986@greenloop.test,1,测试用户986,USER,85,这是测试用户986的个人简介,/uploads/avatar/default_5.png,1,2026-07-28 22:54:42
987,testuser_0987,$2a$10$N.zmdr9k7uOCQb376NoUnuTJ8iAt6Z5EHsM8lE9lBOsl7iAt6Z5EO,testuser_0987@greenloop.test,1,测试用户987,USER,78,这是测试用户987的个人简介,/uploads/avatar/default_1.png,1,2026-08-10 04:17:42
988,testuser_0988,$2a$10$N.zmdr9k7uOCQb376NoUnuTJ8iAt6Z5EHsM8lE9lBOsl7iAt6Z5EO,testuser_0988@greenloop.test,1,测试用户988,USER,90,这是测试用户988的个人简介,/uploads/avatar/default_4.png,1,2026-08-11 11:02:42
989,testuser_0989,$2a$10$N.zmdr9k7uOCQb376NoUnuTJ8iAt6Z5EHsM8lE9lBOsl7iAt6Z5EO,testuser_0989@greenloop.test,1,测试用户989,USER,86,这是测试用户989的个人简介,/uploads/avatar/default_5.png,1,2026-08-12 00:03:42
990,testuser_0990,$2a$10$N.zmdr9k7uOCQb376NoUnuTJ8iAt6Z5EHsM8lE9lBOsl7iAt6Z5EO,testuser_0990@greenloop.test,1,测试用户990,USER,71,这是测试用户990的个人简介,/uploads/avatar/default_5.png,1,2026-07-26 02:39:42
991,testuser_0991,$2a$10$N.zmdr9k7uOCQb376NoUnuTJ8iAt6Z5EHsM8lE9lBOsl7iAt6Z5EO,testuser_0991@greenloop.test,1,测试用户991,USER,70,这是测试用户991的个人简介,/uploads/avatar/default_3.png,1,2026-07-18 04:17:42
992,testuser_0992,$2a$10$N.zmdr9k7uOCQb376NoUnuTJ8iAt6Z5EHsM8lE9lBOsl7iAt6Z5EO,testuser_0992@greenloop.test,1,测试用户992,USER,97,这是测试用户992的个人简介,/uploads/avatar/default_1.png,1,2026-08-09 06:31:42
993,testuser_0993,$2a$10$N.zmdr9k7uOCQb376NoUnuTJ8iAt6Z5EHsM8lE9lBOsl7iAt6Z5EO,testuser_0993@greenloop.test,1,测试用户993,USER,68,这是测试用户993的个人简介,/uploads/avatar/default_1.png,1,2026-08-16 12:22:42
994,testuser_0994,$2a$10$N.zmdr9k7uOCQb376NoUnuTJ8iAt6Z5EHsM8lE9lBOsl7iAt6Z5EO,testuser_0994@greenloop.test,1,测试用户994,USER,92,这是测试用户994的个人简介,/uploads/avatar/default_4.png,1,2026-07-21 14:17:42
995,testuser_0995,$2a$10$N.zmdr9k7uOCQb376NoUnuTJ8iAt6Z5EHsM8lE9lBOsl7iAt6Z5EO,testuser_0995@greenloop.test,1,测试用户995,USER,66,这是测试用户995的个人简介,/uploads/avatar/default_2.png,1,2026-07-31 23:17:42
996,testuser_0996,$2a$10$N.zmdr9k7uOCQb376NoUnuTJ8iAt6Z5EHsM8lE9lBOsl7iAt6Z5EO,testuser_0996@greenloop.test,1,测试用户996,USER,62,这是测试用户996的个人简介,/uploads/avatar/default_5.png,1,2026-07-31 15:50:42
997,testuser_0997,$2a$10$N.zmdr9k7uOCQb376NoUnuTJ8iAt6Z5EHsM8lE9lBOsl7iAt6Z5EO,testuser_0997@greenloop.test,1,测试用户997,USER,90,这是测试用户997的个人简介,/uploads/avatar/default_2.png,1,2026-07-18 23:21:42
998,testuser_0998,$2a$10$N.zmdr9k7uOCQb376NoUnuTJ8iAt6Z5EHsM8lE9lBOsl7iAt6Z5EO,testuser_0998@greenloop.test,1,测试用户998,USER,60,这是测试用户998的个人简介,/uploads/avatar/default_4.png,1,2026-07-31 05:32:42
999,testuser_0999,$2a$10$N.zmdr9k7uOCQb376NoUnuTJ8iAt6Z5EHsM8lE9lBOsl7iAt6Z5EO,testuser_0999@greenloop.test,1,测试用户999,USER,62,这是测试用户999的个人简介,/uploads/avatar/default_5.png,1,2026-08-03 11:04:42
1000,testuser_1000,$2a$10$N.zmdr9k7uOCQb376NoUnuTJ8iAt6Z5EHsM8lE9lBOsl7iAt6Z5EO,testuser_1000@greenloop.test,1,测试用户1000,USER,90,这是测试用户1000的个人简介,/uploads/avatar/default_4.png,1,2026-08-05 00:04:42
