id,user_id,recipient_name,phone,province,city,district,detailed_address,is_default,create_time
1,1,测试用户1,13844160831,上海市,上海市,南山区,南山区测试路489号8栋980室,1,2026-08-14 09:17:42
2,1,测试用户1,13810734097,湖北省,宜昌市,天河区,天河区测试路727号1栋692室,0,2026-07-31 15:22:42
3,1,测试用户1,13852399610,北京市,北京市,天河区,天河区测试路419号12栋210室,0,2026-08-12 05:14:42
4,2,测试用户2,13866849468,江苏省,苏州市,芙蓉区,芙蓉区测试路579号12栋727室,1,2026-08-07 21:30:42
5,2,测试用户2,13884834795,浙江省,宁波市,芙蓉区,芙蓉区测试路495号6栋480室,0,2026-07-30 01:25:42
6,2,测试用户2,13863436070,江苏省,苏州市,鼓楼区,鼓楼区测试路754号5栋976室,0,2026-08-12 19:41:42
7,3,测试用户3,13878228715,广东省,广州市,天河区,天河区测试路411号11栋921室,1,2026-07-29 23:11:42
8,3,测试用户3,13895345915,北京市,北京市,锦江区,锦江区测试路6号3栋944室,0,2026-08-12 02:56:42
9,4,测试用户4,13845311610,湖北省,武汉市,朝阳区,朝阳区测试路228号12栋182室,1,2026-07-28 17:09:42
10,4,测试用户4,13848449249,湖北省,宜昌市,芙蓉区,芙蓉区测试路729号20栋159室,0,2026-08-10 22:24:42
11,4,测试用户4,13898165507,湖南省,长沙市,天河区,天河区测试路954号17栋393室,0,2026-08-10 17:05:42
12,5,测试用户5,13814840043,浙江省,温州市,南山区,南山区测试路369号8栋771室,1,2026-08-16 13:50:42
13,5,测试用户5,13899880518,江苏省,苏州市,鼓楼区,鼓楼区测试路405号13栋701室,0,2026-08-10 02:55:42
14,5,测试用户5,13848184109,上海市,上海市,芙蓉区,芙蓉区测试路744号18栋697室,0,2026-08-05 07:03:42
15,6,测试用户6,13871036720,浙江省,温州市,天河区,天河区测试路953号13栋689室,1,2026-08-16 10:44:42
16,6,测试用户6,13819715480,湖北省,武汉市,芙蓉区,芙蓉区测试路516号10栋449室,0,2026-08-13 02:39:42
17,7,测试用户7,13860610858,江苏省,无锡市,武昌区,武昌区测试路577号16栋889室,1,2026-08-09 08:06:42
18,7,测试用户7,13874688940,湖南省,株洲市,海淀区,海淀区测试路120号9栋170室,0,2026-08-03 22:05:42
19,7,测试用户7,13852376656,浙江省,温州市,天河区,天河区测试路423号12栋629室,0,2026-07-30 18:11:42
20,8,测试用户8,13863543563,浙江省,宁波市,朝阳区,朝阳区测试路690号11栋178室,1,2026-07-30 13:25:42
21,8,测试用户8,13887002404,四川省,绵阳市,天河区,天河区测试路276号6栋865室,0,2026-08-10 03:08:42
22,9,测试用户9,13845622106,浙江省,温州市,天河区,天河区测试路212号8栋308室,1,2026-08-08 23:33:42
23,10,测试用户10,13899043272,上海市,上海市,朝阳区,朝阳区测试路505号20栋107室,1,2026-07-30 17:01:42
24,11,测试用户11,13887110685,四川省,绵阳市,武昌区,武昌区测试路890号9栋603室,1,2026-08-11 02:38:42
25,11,测试用户11,13817267644,湖北省,武汉市,南山区,南山区测试路539号14栋590室,0,2026-07-30 17:23:42
26,12,测试用户12,13826155543,湖北省,武汉市,武昌区,武昌区测试路716号17栋572室,1,2026-08-05 20:55:42
27,12,测试用户12,13887981603,北京市,北京市,锦江区,锦江区测试路104号11栋471室,0,2026-07-28 10:44:42
28,13,测试用户13,13873262903,江苏省,南京市,西湖区,西湖区测试路982号20栋452室,1,2026-08-05 13:24:42
29,13,测试用户13,13859970552,湖北省,武汉市,锦江区,锦江区测试路374号13栋387室,0,2026-08-02 13:19:42
30,13,测试用户13,13823404289,广东省,珠海市,天河区,天河区测试路739号9栋924室,0,2026-08-09 01:28:42
31,14,测试用户14,13873483243,浙江省,杭州市,南山区,南山区测试路826号1栋281室,1,2026-08-03 03:47:42
32,14,测试用户14,13843685164,四川省,绵阳市,西湖区,西湖区测试路576号19栋149室,0,2026-08-04 15:11:42
33,15,测试用户15,13873960038,北京市,北京市,西湖区,西湖区测试路860号4栋561室,1,2026-08-06 10:32:42
34,16,测试用户16,13865265613,江苏省,苏州市,海淀区,海淀区测试路125号12栋989室,1,2026-07-28 12:19:42
35,16,测试用户16,13853632879,广东省,深圳市,鼓楼区,鼓楼区测试路690号17栋600室,0,2026-08-02 16:31:42
36,17,测试用户17,13832491607,江苏省,苏州市,南山区,南山区测试路656号11栋532室,1,2026-07-28 00:30:42
37,17,测试用户17,13856120632,上海市,上海市,南山区,南山区测试路234号11栋425室,0,2026-08-06 20:38:42
38,17,测试用户17,13858743159,湖北省,宜昌市,武昌区,武昌区测试路766号19栋634室,0,2026-08-02 05:45:42
39,18,测试用户18,13898855162,北京市,北京市,天河区,天河区测试路258号3栋316室,1,2026-08-11 06:49:42
40,19,测试用户19,13817224328,上海市,上海市,芙蓉区,芙蓉区测试路27号13栋637室,1,2026-08-14 15:39:42
41,20,测试用户20,13851523026,广东省,广州市,锦江区,锦江区测试路235号8栋856室,1,2026-08-07 04:15:42
42,20,测试用户20,13832898616,广东省,广州市,芙蓉区,芙蓉区测试路30号2栋780室,0,2026-08-05 08:00:42
43,20,测试用户20,13846562845,湖南省,株洲市,芙蓉区,芙蓉区测试路562号15栋239室,0,2026-07-30 13:18:42
44,21,测试用户21,13895870691,湖南省,株洲市,芙蓉区,芙蓉区测试路655号18栋418室,1,2026-08-05 03:21:42
45,21,测试用户21,13851321368,浙江省,杭州市,武昌区,武昌区测试路375号14栋367室,0,2026-08-12 09:55:42
46,21,测试用户21,13848488577,北京市,北京市,鼓楼区,鼓楼区测试路481号18栋109室,0,2026-08-01 03:36:42
47,22,测试用户22,13810968781,湖北省,宜昌市,天河区,天河区测试路562号12栋294室,1,2026-08-03 01:28:42
48,23,测试用户23,13860782359,浙江省,杭州市,锦江区,锦江区测试路226号9栋182室,1,2026-08-02 22:40:42
49,23,测试用户23,13846080681,江苏省,苏州市,芙蓉区,芙蓉区测试路423号7栋974室,0,2026-08-14 13:47:42
50,24,测试用户24,13846525224,上海市,上海市,武昌区,武昌区测试路718号20栋604室,1,2026-08-10 08:54:42
51,24,测试用户24,13812970357,广东省,广州市,芙蓉区,芙蓉区测试路191号4栋389室,0,2026-08-08 14:10:42
52,25,测试用户25,13830224423,北京市,北京市,朝阳区,朝阳区测试路16号16栋323室,1,2026-08-06 05:36:42
53,25,测试用户25,13814259684,湖南省,株洲市,武昌区,武昌区测试路339号3栋964室,0,2026-08-12 17:38:42
54,26,测试用户26,13835795612,上海市,上海市,南山区,南山区测试路918号9栋937室,1,2026-08-04 18:48:42
55,26,测试用户26,13843173547,浙江省,宁波市,武昌区,武昌区测试路756号2栋304室,0,2026-08-01 19:06:42
56,27,测试用户27,13851890609,浙江省,宁波市,锦江区,锦江区测试路959号11栋263室,1,2026-08-14 18:56:42
57,28,测试用户28,13895700705,上海市,上海市,武昌区,武昌区测试路306号7栋470室,1,2026-08-14 21:42:42
58,28,测试用户28,13853555463,上海市,上海市,锦江区,锦江区测试路16号6栋914室,0,2026-08-08 00:48:42
59,28,测试用户28,13815636254,湖北省,武汉市,海淀区,海淀区测试路596号16栋805室,0,2026-07-28 14:32:42
60,29,测试用户29,13822267708,浙江省,杭州市,武昌区,武昌区测试路703号20栋447室,1,2026-08-15 17:33:42
61,30,测试用户30,13824413864,广东省,珠海市,芙蓉区,芙蓉区测试路129号16栋339室,1,2026-08-06 01:05:42
62,30,测试用户30,13812865928,四川省,绵阳市,天河区,天河区测试路706号13栋467室,0,2026-08-12 09:58:42
63,30,测试用户30,13885031037,北京市,北京市,武昌区,武昌区测试路302号18栋814室,0,2026-08-01 12:19:42
64,31,测试用户31,13846953423,四川省,绵阳市,武昌区,武昌区测试路889号20栋982室,1,2026-07-30 13:51:42
65,32,测试用户32,13845346140,广东省,深圳市,西湖区,西湖区测试路555号12栋565室,1,2026-08-15 22:23:42
66,32,测试用户32,13893179370,湖北省,武汉市,海淀区,海淀区测试路878号12栋895室,0,2026-07-28 11:35:42
67,32,测试用户32,13880339453,上海市,上海市,天河区,天河区测试路700号16栋885室,0,2026-07-30 14:16:42
68,33,测试用户33,13824826245,四川省,绵阳市,鼓楼区,鼓楼区测试路99号17栋775室,1,2026-08-14 17:02:42
69,33,测试用户33,13837122588,广东省,广州市,海淀区,海淀区测试路110号16栋297室,0,2026-08-13 17:19:42
70,34,测试用户34,13893747900,湖北省,宜昌市,芙蓉区,芙蓉区测试路719号19栋363室,1,2026-08-15 07:41:42
71,34,测试用户34,13898013189,上海市,上海市,天河区,天河区测试路504号3栋580室,0,2026-08-15 07:20:42
72,34,测试用户34,13892803389,湖北省,宜昌市,海淀区,海淀区测试路273号17栋142室,0,2026-08-14 09:51:42
73,35,测试用户35,13881358338,上海市,上海市,天河区,天河区测试路395号7栋298室,1,2026-07-30 21:40:42
74,36,测试用户36,13865725133,广东省,珠海市,芙蓉区,芙蓉区测试路765号4栋885室,1,2026-07-29 07:12:42
75,36,测试用户36,13832388767,湖南省,株洲市,朝阳区,朝阳区测试路812号6栋664室,0,2026-08-04 02:34:42
76,36,测试用户36,13857288136,广东省,珠海市,武昌区,武昌区测试路925号11栋664室,0,2026-08-06 07:29:42
77,37,测试用户37,13885584002,湖北省,宜昌市,天河区,天河区测试路559号7栋485室,1,2026-07-29 19:39:42
78,37,测试用户37,13863296593,四川省,绵阳市,武昌区,武昌区测试路1号2栋392室,0,2026-07-28 18:22:42
79,37,测试用户37,13850310141,广东省,深圳市,海淀区,海淀区测试路228号7栋977室,0,2026-08-06 18:06:42
80,38,测试用户38,13884668420,江苏省,无锡市,芙蓉区,芙蓉区测试路585号19栋259室,1,2026-08-13 17:26:42
81,38,测试用户38,13845566111,四川省,成都市,南山区,南山区测试路376号19栋356室,0,2026-08-09 10:04:42
82,38,测试用户38,13886378602,江苏省,南京市,锦江区,锦江区测试路940号7栋852室,0,2026-08-13 19:35:42
83,39,测试用户39,13889890579,广东省,深圳市,朝阳区,朝阳区测试路658号10栋139室,1,2026-07-29 06:50:42
84,39,测试用户39,13868291349,北京市,北京市,鼓楼区,鼓楼区测试路427号4栋991室,0,2026-08-08 19:14:42
85,40,测试用户40,13850907334,北京市,北京市,海淀区,海淀区测试路537号2栋427室,1,2026-07-30 00:46:42
86,40,测试用户40,13816780654,四川省,成都市,南山区,南山区测试路690号13栋557室,0,2026-07-28 00:23:42
87,40,测试用户40,13848894019,上海市,上海市,锦江区,锦江区测试路806号13栋252室,0,2026-08-12 08:50:42
88,41,测试用户41,13821419108,北京市,北京市,西湖区,西湖区测试路409号17栋545室,1,2026-08-12 14:25:42
89,41,测试用户41,13897543303,浙江省,宁波市,锦江区,锦江区测试路586号7栋675室,0,2026-07-27 19:22:42
90,42,测试用户42,13867722445,浙江省,杭州市,西湖区,西湖区测试路332号19栋192室,1,2026-08-12 21:29:42
91,43,测试用户43,13853048774,四川省,绵阳市,天河区,天河区测试路353号20栋772室,1,2026-08-16 09:45:42
92,43,测试用户43,13869118000,四川省,绵阳市,南山区,南山区测试路46号8栋305室,0,2026-08-05 14:07:42
93,44,测试用户44,13842621391,上海市,上海市,海淀区,海淀区测试路972号20栋252室,1,2026-08-07 18:34:42
94,44,测试用户44,13873242092,上海市,上海市,武昌区,武昌区测试路24号11栋315室,0,2026-07-30 12:42:42
95,44,测试用户44,13893623280,江苏省,无锡市,武昌区,武昌区测试路748号5栋812室,0,2026-08-16 06:18:42
96,45,测试用户45,13818067834,北京市,北京市,南山区,南山区测试路291号7栋909室,1,2026-07-28 10:52:42
97,45,测试用户45,13862163068,湖南省,长沙市,朝阳区,朝阳区测试路677号9栋779室,0,2026-08-05 15:54:42
98,45,测试用户45,13841026926,江苏省,无锡市,锦江区,锦江区测试路390号17栋827室,0,2026-08-13 08:24:42
99,46,测试用户46,13877196215,上海市,上海市,天河区,天河区测试路990号15栋675室,1,2026-08-16 17:40:42
100,46,测试用户46,13862801229,江苏省,苏州市,武昌区,武昌区测试路763号6栋119室,0,2026-08-04 21:33:42
101,46,测试用户46,13877276832,四川省,绵阳市,天河区,天河区测试路283号2栋741室,0,2026-08-08 05:59:42
102,47,测试用户47,13855873760,江苏省,南京市,南山区,南山区测试路919号13栋773室,1,2026-08-12 16:09:42
103,48,测试用户48,13886893142,浙江省,宁波市,天河区,天河区测试路157号14栋420室,1,2026-07-28 08:27:42
104,48,测试用户48,13887984620,广东省,广州市,南山区,南山区测试路555号7栋984室,0,2026-08-12 09:11:42
105,49,测试用户49,13898077934,广东省,深圳市,南山区,南山区测试路956号19栋262室,1,2026-08-06 16:20:42
106,49,测试用户49,13829531743,上海市,上海市,鼓楼区,鼓楼区测试路745号1栋884室,0,2026-08-06 05:29:42
107,49,测试用户49,13830395330,江苏省,苏州市,西湖区,西湖区测试路798号7栋210室,0,2026-08-12 13:54:42
108,50,测试用户50,13890042177,江苏省,无锡市,天河区,天河区测试路238号8栋804室,1,2026-08-16 07:50:42
109,50,测试用户50,13891163038,湖南省,长沙市,芙蓉区,芙蓉区测试路481号12栋289室,0,2026-08-04 03:25:42
110,50,测试用户50,13840369856,广东省,广州市,天河区,天河区测试路34号14栋883室,0,2026-08-16 10:29:42
111,51,测试用户51,13833767033,浙江省,杭州市,朝阳区,朝阳区测试路950号15栋988室,1,2026-07-28 03:11:42
112,52,测试用户52,13864340297,湖南省,长沙市,锦江区,锦江区测试路795号2栋723室,1,2026-08-03 19:35:42
113,52,测试用户52,13824672184,湖北省,武汉市,芙蓉区,芙蓉区测试路463号15栋947室,0,2026-08-15 11:22:42
114,53,测试用户53,13861995659,湖北省,武汉市,芙蓉区,芙蓉区测试路529号2栋295室,1,2026-08-07 04:30:42
115,53,测试用户53,13832345453,江苏省,苏州市,武昌区,武昌区测试路433号10栋728室,0,2026-08-14 20:22:42
116,53,测试用户53,13822138759,广东省,深圳市,武昌区,武昌区测试路740号17栋216室,0,2026-08-10 23:58:42
117,54,测试用户54,13853414191,广东省,深圳市,锦江区,锦江区测试路462号1栋284室,1,2026-08-01 23:58:42
118,54,测试用户54,13843565477,浙江省,宁波市,朝阳区,朝阳区测试路332号6栋836室,0,2026-08-13 16:48:42
119,54,测试用户54,13880305568,湖南省,株洲市,朝阳区,朝阳区测试路725号13栋845室,0,2026-07-30 23:45:42
120,55,测试用户55,13854988861,湖北省,武汉市,南山区,南山区测试路580号5栋267室,1,2026-08-12 13:06:42
121,55,测试用户55,13851542843,北京市,北京市,西湖区,西湖区测试路748号15栋396室,0,2026-08-11 14:58:42
122,56,测试用户56,13811638498,浙江省,杭州市,西湖区,西湖区测试路470号16栋976室,1,2026-08-01 01:04:42
123,57,测试用户57,13889035763,湖南省,长沙市,天河区,天河区测试路676号16栋565室,1,2026-08-03 04:50:42
124,58,测试用户58,13847327686,北京市,北京市,芙蓉区,芙蓉区测试路635号18栋940室,1,2026-08-10 17:44:42
125,58,测试用户58,13814928616,广东省,广州市,鼓楼区,鼓楼区测试路149号2栋784室,0,2026-07-28 23:36:42
126,58,测试用户58,13824614652,四川省,成都市,海淀区,海淀区测试路427号6栋266室,0,2026-08-06 23:13:42
127,59,测试用户59,13814810369,广东省,深圳市,鼓楼区,鼓楼区测试路96号10栋431室,1,2026-08-05 06:03:42
128,59,测试用户59,13818714202,上海市,上海市,芙蓉区,芙蓉区测试路300号16栋238室,0,2026-08-12 20:00:42
129,59,测试用户59,13865533646,江苏省,苏州市,芙蓉区,芙蓉区测试路538号7栋813室,0,2026-08-09 23:52:42
130,60,测试用户60,13867318164,上海市,上海市,西湖区,西湖区测试路624号11栋366室,1,2026-07-31 00:16:42
131,61,测试用户61,13879753731,广东省,珠海市,武昌区,武昌区测试路747号16栋605室,1,2026-08-10 23:41:42
132,61,测试用户61,13825865493,江苏省,南京市,海淀区,海淀区测试路25号15栋741室,0,2026-08-12 19:01:42
133,62,测试用户62,13854800838,湖北省,宜昌市,海淀区,海淀区测试路359号18栋926室,1,2026-08-10 18:15:42
134,63,测试用户63,13851308532,江苏省,苏州市,朝阳区,朝阳区测试路308号17栋664室,1,2026-08-06 18:48:42
135,64,测试用户64,13886359356,四川省,绵阳市,锦江区,锦江区测试路631号1栋953室,1,2026-08-11 12:34:42
136,64,测试用户64,13814772547,四川省,绵阳市,武昌区,武昌区测试路662号5栋594室,0,2026-08-11 22:26:42
137,64,测试用户64,13817519183,四川省,绵阳市,锦江区,锦江区测试路856号17栋407室,0,2026-07-28 19:12:42
138,65,测试用户65,13857458790,北京市,北京市,鼓楼区,鼓楼区测试路68号5栋388室,1,2026-08-16 08:31:42
139,65,测试用户65,13835149571,广东省,珠海市,锦江区,锦江区测试路610号4栋986室,0,2026-08-06 20:01:42
140,66,测试用户66,13821649801,北京市,北京市,锦江区,锦江区测试路509号8栋481室,1,2026-08-02 09:42:42
141,66,测试用户66,13860226379,江苏省,南京市,朝阳区,朝阳区测试路804号2栋897室,0,2026-08-10 16:27:42
142,67,测试用户67,13830679969,北京市,北京市,芙蓉区,芙蓉区测试路195号11栋596室,1,2026-07-31 09:06:42
143,67,测试用户67,13879276026,四川省,成都市,朝阳区,朝阳区测试路693号5栋311室,0,2026-08-15 04:31:42
144,67,测试用户67,13815909601,上海市,上海市,西湖区,西湖区测试路704号20栋993室,0,2026-08-14 08:26:42
145,68,测试用户68,13887518768,上海市,上海市,海淀区,海淀区测试路777号10栋755室,1,2026-08-10 08:43:42
146,69,测试用户69,13852835559,江苏省,苏州市,芙蓉区,芙蓉区测试路792号15栋788室,1,2026-08-13 10:46:42
147,70,测试用户70,13893610257,江苏省,南京市,海淀区,海淀区测试路574号17栋205室,1,2026-08-10 01:33:42
148,71,测试用户71,13848019546,四川省,绵阳市,南山区,南山区测试路588号8栋276室,1,2026-08-14 09:16:42
149,71,测试用户71,13827458237,四川省,绵阳市,海淀区,海淀区测试路30号16栋792室,0,2026-08-15 15:31:42
150,71,测试用户71,13862602177,北京市,北京市,锦江区,锦江区测试路184号20栋707室,0,2026-08-01 23:33:42
151,72,测试用户72,13820542212,四川省,成都市,芙蓉区,芙蓉区测试路998号15栋682室,1,2026-08-12 16:03:42
152,72,测试用户72,13851660066,湖南省,长沙市,武昌区,武昌区测试路701号15栋582室,0,2026-08-09 11:46:42
153,73,测试用户73,13834609232,江苏省,苏州市,锦江区,锦江区测试路717号11栋908室,1,2026-08-06 04:24:42
154,73,测试用户73,13825151444,北京市,北京市,武昌区,武昌区测试路360号16栋573室,0,2026-08-11 09:06:42
155,73,测试用户73,13823815327,四川省,成都市,芙蓉区,芙蓉区测试路416号4栋434室,0,2026-07-29 22:51:42
156,74,测试用户74,13842021033,湖南省,株洲市,锦江区,锦江区测试路636号8栋662室,1,2026-08-11 03:31:42
157,74,测试用户74,13889318677,上海市,上海市,天河区,天河区测试路442号14栋681室,0,2026-08-06 01:11:42
158,75,测试用户75,13887066247,广东省,珠海市,朝阳区,朝阳区测试路857号16栋218室,1,2026-07-28 23:26:42
159,76,测试用户76,13851343854,上海市,上海市,南山区,南山区测试路979号13栋172室,1,2026-07-28 15:12:42
160,76,测试用户76,13896568973,湖北省,宜昌市,武昌区,武昌区测试路677号2栋193室,0,2026-08-10 13:59:42
161,77,测试用户77,13870797197,北京市,北京市,南山区,南山区测试路545号10栋500室,1,2026-07-28 00:27:42
162,77,测试用户77,13850229795,浙江省,杭州市,鼓楼区,鼓楼区测试路584号10栋546室,0,2026-08-05 16:18:42
163,77,测试用户77,13849484797,北京市,北京市,南山区,南山区测试路64号12栋663室,0,2026-08-15 18:10:42
164,78,测试用户78,13814185545,四川省,成都市,西湖区,西湖区测试路241号14栋820室,1,2026-07-29 06:15:42
165,78,测试用户78,13861212793,四川省,绵阳市,锦江区,锦江区测试路446号18栋317室,0,2026-08-11 03:47:42
166,78,测试用户78,13858357021,浙江省,温州市,锦江区,锦江区测试路861号14栋258室,0,2026-08-06 21:47:42
167,79,测试用户79,13829326800,北京市,北京市,海淀区,海淀区测试路739号16栋774室,1,2026-08-03 14:50:42
168,80,测试用户80,13893650995,湖北省,宜昌市,锦江区,锦江区测试路185号15栋622室,1,2026-08-03 01:03:42
169,81,测试用户81,13834936450,湖北省,宜昌市,天河区,天河区测试路435号20栋108室,1,2026-07-29 03:01:42
170,81,测试用户81,13846138183,浙江省,温州市,芙蓉区,芙蓉区测试路421号18栋691室,0,2026-08-05 17:53:42
171,82,测试用户82,13887882357,湖南省,株洲市,朝阳区,朝阳区测试路494号3栋246室,1,2026-07-31 10:26:42
172,82,测试用户82,13873411376,上海市,上海市,天河区,天河区测试路646号3栋801室,0,2026-07-30 00:36:42
173,82,测试用户82,13811447323,北京市,北京市,芙蓉区,芙蓉区测试路481号15栋625室,0,2026-08-01 00:09:42
174,83,测试用户83,13848816900,湖北省,宜昌市,西湖区,西湖区测试路172号2栋812室,1,2026-07-27 19:36:42
175,83,测试用户83,13887596783,江苏省,南京市,武昌区,武昌区测试路174号19栋153室,0,2026-08-06 19:16:42
176,84,测试用户84,13827021671,江苏省,苏州市,朝阳区,朝阳区测试路518号3栋972室,1,2026-08-08 10:47:42
177,85,测试用户85,13811906295,江苏省,苏州市,西湖区,西湖区测试路760号4栋719室,1,2026-08-11 00:08:42
178,85,测试用户85,13859629263,广东省,珠海市,武昌区,武昌区测试路828号6栋368室,0,2026-08-09 03:44:42
179,85,测试用户85,13829470999,北京市,北京市,朝阳区,朝阳区测试路610号5栋958室,0,2026-08-01 05:06:42
180,86,测试用户86,13895573823,浙江省,温州市,武昌区,武昌区测试路172号7栋692室,1,2026-08-05 17:14:42
181,86,测试用户86,13832494944,江苏省,南京市,海淀区,海淀区测试路476号13栋588室,0,2026-08-07 03:08:42
182,87,测试用户87,13873698335,浙江省,宁波市,锦江区,锦江区测试路269号5栋644室,1,2026-08-03 18:37:42
183,87,测试用户87,13881169409,湖南省,株洲市,鼓楼区,鼓楼区测试路700号2栋200室,0,2026-07-29 22:33:42
184,87,测试用户87,13846282557,湖北省,宜昌市,鼓楼区,鼓楼区测试路274号4栋362室,0,2026-07-29 06:26:42
185,88,测试用户88,13879786819,浙江省,温州市,天河区,天河区测试路346号6栋421室,1,2026-07-30 18:12:42
186,88,测试用户88,13865196875,北京市,北京市,海淀区,海淀区测试路101号17栋207室,0,2026-08-02 07:41:42
187,88,测试用户88,13814569008,江苏省,苏州市,天河区,天河区测试路25号20栋195室,0,2026-08-14 23:13:42
188,89,测试用户89,13891159552,上海市,上海市,朝阳区,朝阳区测试路134号13栋773室,1,2026-07-29 12:58:42
189,90,测试用户90,13872673716,广东省,深圳市,西湖区,西湖区测试路677号3栋755室,1,2026-08-02 10:06:42
190,91,测试用户91,13819931717,四川省,绵阳市,南山区,南山区测试路284号2栋492室,1,2026-08-04 08:52:42
191,91,测试用户91,13869132953,江苏省,苏州市,南山区,南山区测试路72号16栋306室,0,2026-07-28 06:44:42
192,92,测试用户92,13882562419,湖南省,长沙市,南山区,南山区测试路788号14栋324室,1,2026-07-27 22:49:42
193,92,测试用户92,13814678950,湖南省,株洲市,朝阳区,朝阳区测试路75号3栋686室,0,2026-08-08 04:54:42
194,92,测试用户92,13815078212,湖南省,长沙市,海淀区,海淀区测试路681号13栋373室,0,2026-08-11 20:34:42
195,93,测试用户93,13868526669,北京市,北京市,武昌区,武昌区测试路414号3栋654室,1,2026-08-09 18:31:42
196,93,测试用户93,13858173202,湖南省,长沙市,芙蓉区,芙蓉区测试路342号10栋511室,0,2026-08-14 22:14:42
197,94,测试用户94,13871691749,四川省,绵阳市,朝阳区,朝阳区测试路779号10栋764室,1,2026-08-10 13:20:42
198,95,测试用户95,13862358969,湖北省,武汉市,西湖区,西湖区测试路918号4栋746室,1,2026-08-05 03:50:42
199,96,测试用户96,13814791343,湖南省,长沙市,南山区,南山区测试路198号1栋838室,1,2026-07-29 11:24:42
200,96,测试用户96,13896356711,湖北省,武汉市,芙蓉区,芙蓉区测试路316号16栋647室,0,2026-08-02 18:53:42
201,96,测试用户96,13815746469,四川省,成都市,鼓楼区,鼓楼区测试路416号4栋317室,0,2026-07-31 04:12:42
202,97,测试用户97,13819668169,广东省,珠海市,天河区,天河区测试路38号5栋601室,1,2026-08-16 02:57:42
203,97,测试用户97,13811928065,北京市,北京市,南山区,南山区测试路177号2栋415室,0,2026-08-13 04:16:42
204,97,测试用户97,13824271532,广东省,珠海市,朝阳区,朝阳区测试路117号16栋710室,0,2026-07-28 11:51:42
205,98,测试用户98,13853518077,湖北省,宜昌市,锦江区,锦江区测试路124号19栋659室,1,2026-08-12 08:02:42
206,99,测试用户99,13818485498,北京市,北京市,鼓楼区,鼓楼区测试路124号9栋245室,1,2026-08-03 13:11:42
207,100,测试用户100,13888112812,广东省,深圳市,天河区,天河区测试路42号5栋203室,1,2026-07-28 06:06:42
208,100,测试用户100,13820834405,广东省,广州市,武昌区,武昌区测试路7号1栋284室,0,2026-08-13 20:14:42
209,101,测试用户101,13827031212,江苏省,苏州市,武昌区,武昌区测试路212号5栋756室,1,2026-08-08 02:27:42
210,101,测试用户101,13891945021,湖北省,武汉市,南山区,南山区测试路709号2栋711室,0,2026-08-10 20:24:42
211,101,测试用户101,13866208488,上海市,上海市,鼓楼区,鼓楼区测试路5号18栋342室,0,2026-08-10 15:22:42
212,102,测试用户102,13894082607,四川省,成都市,武昌区,武昌区测试路676号7栋384室,1,2026-08-15 12:48:42
213,103,测试用户103,13831442569,湖南省,株洲市,南山区,南山区测试路687号2栋156室,1,2026-08-05 09:42:42
214,104,测试用户104,13815813974,江苏省,苏州市,武昌区,武昌区测试路107号2栋651室,1,2026-08-11 13:05:42
215,104,测试用户104,13825577992,北京市,北京市,芙蓉区,芙蓉区测试路73号8栋839室,0,2026-08-02 00:18:42
216,105,测试用户105,13840878564,湖北省,武汉市,鼓楼区,鼓楼区测试路798号4栋434室,1,2026-08-09 15:40:42
217,105,测试用户105,13839616854,湖北省,武汉市,锦江区,锦江区测试路76号16栋700室,0,2026-08-01 16:59:42
218,106,测试用户106,13833898911,广东省,广州市,武昌区,武昌区测试路397号12栋240室,1,2026-08-01 19:43:42
219,106,测试用户106,13855082572,四川省,绵阳市,天河区,天河区测试路131号2栋809室,0,2026-07-29 17:38:42
220,107,测试用户107,13866133052,上海市,上海市,武昌区,武昌区测试路176号11栋326室,1,2026-08-06 23:45:42
221,108,测试用户108,13840830120,广东省,珠海市,芙蓉区,芙蓉区测试路89号14栋978室,1,2026-07-31 03:00:42
222,108,测试用户108,13872110987,浙江省,温州市,武昌区,武昌区测试路286号1栋848室,0,2026-08-02 19:00:42
223,108,测试用户108,13868283876,浙江省,杭州市,鼓楼区,鼓楼区测试路594号8栋706室,0,2026-08-11 23:58:42
224,109,测试用户109,13873169926,湖北省,武汉市,海淀区,海淀区测试路752号17栋135室,1,2026-08-03 02:30:42
225,110,测试用户110,13842280906,上海市,上海市,武昌区,武昌区测试路86号18栋872室,1,2026-08-15 20:09:42
226,110,测试用户110,13858104396,湖北省,武汉市,南山区,南山区测试路303号8栋764室,0,2026-08-14 18:25:42
227,111,测试用户111,13886555214,江苏省,南京市,武昌区,武昌区测试路766号19栋125室,1,2026-08-02 04:06:42
228,111,测试用户111,13834822996,广东省,珠海市,锦江区,锦江区测试路809号12栋742室,0,2026-08-01 20:15:42
229,111,测试用户111,13854681905,北京市,北京市,锦江区,锦江区测试路544号2栋404室,0,2026-08-03 10:11:42
230,112,测试用户112,13893276088,浙江省,温州市,朝阳区,朝阳区测试路902号11栋854室,1,2026-08-15 01:57:42
231,112,测试用户112,13861399349,四川省,成都市,朝阳区,朝阳区测试路375号15栋734室,0,2026-08-15 07:32:42
232,112,测试用户112,13818993381,广东省,珠海市,芙蓉区,芙蓉区测试路575号7栋242室,0,2026-08-06 11:21:42
233,113,测试用户113,13853011925,湖南省,长沙市,天河区,天河区测试路362号9栋616室,1,2026-08-03 10:52:42
234,114,测试用户114,13875260270,四川省,绵阳市,武昌区,武昌区测试路514号17栋950室,1,2026-08-13 03:10:42
235,115,测试用户115,13818808386,江苏省,苏州市,鼓楼区,鼓楼区测试路193号15栋190室,1,2026-08-14 05:58:42
236,115,测试用户115,13824678711,广东省,深圳市,朝阳区,朝阳区测试路169号9栋215室,0,2026-08-12 03:46:42
237,115,测试用户115,13849348536,浙江省,温州市,海淀区,海淀区测试路427号18栋236室,0,2026-08-01 07:29:42
238,116,测试用户116,13818448940,北京市,北京市,天河区,天河区测试路23号8栋955室,1,2026-07-30 22:34:42
239,116,测试用户116,13875249732,湖北省,宜昌市,鼓楼区,鼓楼区测试路608号17栋963室,0,2026-07-30 04:26:42
240,117,测试用户117,13844897610,广东省,深圳市,南山区,南山区测试路233号16栋481室,1,2026-08-07 17:46:42
241,117,测试用户117,13832328873,四川省,绵阳市,武昌区,武昌区测试路634号6栋829室,0,2026-07-30 09:44:42
242,118,测试用户118,13825692379,广东省,广州市,天河区,天河区测试路43号11栋689室,1,2026-08-12 04:39:42
243,119,测试用户119,13814655890,广东省,广州市,芙蓉区,芙蓉区测试路682号11栋453室,1,2026-08-12 07:27:42
244,119,测试用户119,13826306114,广东省,珠海市,西湖区,西湖区测试路943号1栋515室,0,2026-08-01 14:26:42
245,120,测试用户120,13878103287,广东省,广州市,芙蓉区,芙蓉区测试路340号10栋586室,1,2026-08-07 00:13:42
246,120,测试用户120,13855457454,广东省,珠海市,武昌区,武昌区测试路706号4栋850室,0,2026-08-01 17:47:42
247,121,测试用户121,13863905855,上海市,上海市,海淀区,海淀区测试路633号8栋557室,1,2026-08-05 16:35:42
248,121,测试用户121,13839815643,北京市,北京市,芙蓉区,芙蓉区测试路801号9栋301室,0,2026-08-16 16:21:42
249,121,测试用户121,13862938641,湖南省,长沙市,芙蓉区,芙蓉区测试路200号16栋426室,0,2026-07-27 23:23:42
250,122,测试用户122,13867396933,四川省,绵阳市,南山区,南山区测试路379号13栋482室,1,2026-08-16 09:33:42
251,123,测试用户123,13821757289,江苏省,苏州市,芙蓉区,芙蓉区测试路221号15栋860室,1,2026-08-03 04:37:42
252,123,测试用户123,13865592149,广东省,珠海市,锦江区,锦江区测试路143号19栋713室,0,2026-08-14 14:42:42
253,124,测试用户124,13889279578,湖南省,株洲市,朝阳区,朝阳区测试路775号13栋191室,1,2026-08-16 05:15:42
254,124,测试用户124,13884600071,江苏省,苏州市,南山区,南山区测试路474号19栋874室,0,2026-08-12 12:44:42
255,125,测试用户125,13815668405,江苏省,无锡市,武昌区,武昌区测试路843号10栋955室,1,2026-07-29 09:24:42
256,125,测试用户125,13810328387,湖南省,长沙市,海淀区,海淀区测试路158号9栋408室,0,2026-08-01 15:14:42
257,126,测试用户126,13876019888,江苏省,苏州市,南山区,南山区测试路929号8栋130室,1,2026-08-13 10:24:42
258,126,测试用户126,13885910136,上海市,上海市,武昌区,武昌区测试路447号9栋744室,0,2026-07-31 20:03:42
259,126,测试用户126,13887210585,上海市,上海市,芙蓉区,芙蓉区测试路18号9栋267室,0,2026-07-29 17:46:42
260,127,测试用户127,13831918943,湖南省,长沙市,鼓楼区,鼓楼区测试路55号9栋470室,1,2026-08-02 21:57:42
261,127,测试用户127,13849146492,四川省,成都市,西湖区,西湖区测试路543号3栋627室,0,2026-08-09 22:44:42
262,128,测试用户128,13852441045,广东省,珠海市,鼓楼区,鼓楼区测试路847号10栋378室,1,2026-08-05 15:21:42
263,129,测试用户129,13828381043,四川省,成都市,海淀区,海淀区测试路531号10栋482室,1,2026-08-01 05:34:42
264,129,测试用户129,13830744009,广东省,广州市,天河区,天河区测试路516号8栋952室,0,2026-08-10 01:16:42
265,129,测试用户129,13820254278,上海市,上海市,武昌区,武昌区测试路120号5栋118室,0,2026-08-01 07:36:42
266,130,测试用户130,13890215042,四川省,成都市,武昌区,武昌区测试路536号11栋277室,1,2026-08-07 18:08:42
267,130,测试用户130,13829107146,上海市,上海市,南山区,南山区测试路705号8栋415室,0,2026-08-12 12:47:42
268,130,测试用户130,13820433455,上海市,上海市,朝阳区,朝阳区测试路20号16栋876室,0,2026-08-03 17:43:42
269,131,测试用户131,13825961469,北京市,北京市,武昌区,武昌区测试路931号9栋145室,1,2026-08-14 09:13:42
270,132,测试用户132,13888866745,上海市,上海市,天河区,天河区测试路923号7栋290室,1,2026-08-05 18:50:42
271,133,测试用户133,13857271923,江苏省,无锡市,鼓楼区,鼓楼区测试路165号17栋900室,1,2026-07-28 11:23:42
272,134,测试用户134,13880979534,上海市,上海市,海淀区,海淀区测试路223号7栋389室,1,2026-08-11 01:55:42
273,134,测试用户134,13873715236,上海市,上海市,芙蓉区,芙蓉区测试路376号19栋290室,0,2026-08-01 21:49:42
274,134,测试用户134,13866920644,广东省,深圳市,锦江区,锦江区测试路220号17栋334室,0,2026-08-03 15:07:42
275,135,测试用户135,13879756655,上海市,上海市,朝阳区,朝阳区测试路140号16栋881室,1,2026-08-04 20:37:42
276,135,测试用户135,13876265010,北京市,北京市,鼓楼区,鼓楼区测试路119号13栋391室,0,2026-08-01 23:08:42
277,136,测试用户136,13864664494,湖南省,长沙市,芙蓉区,芙蓉区测试路298号14栋294室,1,2026-08-14 03:12:42
278,136,测试用户136,13875987927,四川省,成都市,海淀区,海淀区测试路689号4栋506室,0,2026-08-02 02:13:42
279,137,测试用户137,13862990697,上海市,上海市,南山区,南山区测试路411号19栋205室,1,2026-08-11 16:32:42
280,137,测试用户137,13889854290,浙江省,宁波市,天河区,天河区测试路865号13栋226室,0,2026-08-09 05:09:42
281,137,测试用户137,13896413557,湖南省,株洲市,西湖区,西湖区测试路966号13栋465室,0,2026-07-31 21:17:42
282,138,测试用户138,13871020042,湖南省,株洲市,南山区,南山区测试路111号4栋357室,1,2026-08-01 03:41:42
283,138,测试用户138,13817093731,广东省,广州市,朝阳区,朝阳区测试路851号3栋611室,0,2026-08-16 13:31:42
284,139,测试用户139,13893478965,四川省,成都市,西湖区,西湖区测试路639号4栋879室,1,2026-08-13 21:07:42
285,139,测试用户139,13849401349,湖南省,株洲市,天河区,天河区测试路678号16栋603室,0,2026-07-31 10:21:42
286,139,测试用户139,13867768169,四川省,成都市,海淀区,海淀区测试路902号4栋493室,0,2026-08-02 08:01:42
287,140,测试用户140,13814410367,湖南省,株洲市,海淀区,海淀区测试路182号18栋776室,1,2026-08-06 20:45:42
288,140,测试用户140,13851937627,湖南省,株洲市,南山区,南山区测试路733号13栋600室,0,2026-08-13 00:12:42
289,141,测试用户141,13830979701,湖南省,株洲市,芙蓉区,芙蓉区测试路519号2栋501室,1,2026-08-08 03:18:42
290,141,测试用户141,13853014471,湖北省,宜昌市,西湖区,西湖区测试路63号1栋705室,0,2026-08-15 14:02:42
291,142,测试用户142,13861079694,四川省,成都市,鼓楼区,鼓楼区测试路100号14栋454室,1,2026-08-05 05:33:42
292,142,测试用户142,13841490443,北京市,北京市,天河区,天河区测试路664号10栋707室,0,2026-08-13 20:51:42
293,143,测试用户143,13812645698,上海市,上海市,南山区,南山区测试路552号11栋139室,1,2026-08-01 21:00:42
294,143,测试用户143,13812738346,湖北省,宜昌市,西湖区,西湖区测试路713号16栋703室,0,2026-08-16 08:31:42
295,144,测试用户144,13875546384,湖北省,宜昌市,朝阳区,朝阳区测试路103号7栋445室,1,2026-08-01 02:04:42
296,144,测试用户144,13858765904,四川省,成都市,西湖区,西湖区测试路993号14栋307室,0,2026-07-31 22:01:42
297,144,测试用户144,13845588515,上海市,上海市,西湖区,西湖区测试路49号10栋688室,0,2026-08-04 11:16:42
298,145,测试用户145,13846690420,上海市,上海市,鼓楼区,鼓楼区测试路69号19栋921室,1,2026-07-31 03:28:42
299,145,测试用户145,13897447790,浙江省,宁波市,朝阳区,朝阳区测试路844号10栋617室,0,2026-08-07 05:13:42
300,145,测试用户145,13863995920,四川省,成都市,锦江区,锦江区测试路258号20栋628室,0,2026-08-01 21:07:42
301,146,测试用户146,13835036832,广东省,广州市,芙蓉区,芙蓉区测试路591号16栋319室,1,2026-08-02 09:56:42
302,146,测试用户146,13836930522,湖北省,武汉市,芙蓉区,芙蓉区测试路374号15栋252室,0,2026-08-09 14:08:42
303,146,测试用户146,13852768905,江苏省,苏州市,锦江区,锦江区测试路881号3栋750室,0,2026-08-10 05:38:42
304,147,测试用户147,13864474404,广东省,深圳市,天河区,天河区测试路245号4栋254室,1,2026-08-10 18:40:42
305,147,测试用户147,13885138440,江苏省,苏州市,武昌区,武昌区测试路447号14栋763室,0,2026-08-15 12:45:42
306,148,测试用户148,13847281925,广东省,广州市,西湖区,西湖区测试路675号18栋281室,1,2026-08-14 19:24:42
307,148,测试用户148,13852131585,北京市,北京市,朝阳区,朝阳区测试路617号10栋988室,0,2026-08-14 04:58:42
308,149,测试用户149,13841680907,上海市,上海市,南山区,南山区测试路115号19栋853室,1,2026-07-31 15:22:42
309,149,测试用户149,13841954134,江苏省,苏州市,朝阳区,朝阳区测试路615号4栋892室,0,2026-08-06 08:02:42
310,150,测试用户150,13839260590,湖北省,武汉市,锦江区,锦江区测试路148号4栋280室,1,2026-08-10 10:27:42
311,150,测试用户150,13875814814,湖北省,宜昌市,海淀区,海淀区测试路547号12栋817室,0,2026-08-13 08:21:42
312,150,测试用户150,13847276794,湖北省,宜昌市,天河区,天河区测试路901号5栋472室,0,2026-07-31 20:32:42
313,151,测试用户151,13842168745,北京市,北京市,海淀区,海淀区测试路260号18栋494室,1,2026-08-06 22:11:42
314,151,测试用户151,13841726640,四川省,成都市,芙蓉区,芙蓉区测试路879号15栋498室,0,2026-08-16 05:56:42
315,152,测试用户152,13849919426,江苏省,南京市,天河区,天河区测试路216号6栋550室,1,2026-08-05 22:29:42
316,152,测试用户152,13875993764,北京市,北京市,朝阳区,朝阳区测试路483号14栋962室,0,2026-08-05 20:28:42
317,153,测试用户153,13877959068,广东省,珠海市,西湖区,西湖区测试路68号12栋531室,1,2026-07-27 19:03:42
318,154,测试用户154,13816992585,四川省,绵阳市,海淀区,海淀区测试路657号6栋746室,1,2026-08-01 22:47:42
319,154,测试用户154,13894328498,北京市,北京市,天河区,天河区测试路313号11栋690室,0,2026-08-14 15:45:42
320,154,测试用户154,13889727494,浙江省,温州市,南山区,南山区测试路703号14栋912室,0,2026-08-06 04:25:42
321,155,测试用户155,13889593852,广东省,深圳市,南山区,南山区测试路847号11栋919室,1,2026-08-07 12:50:42
322,155,测试用户155,13862813894,湖北省,宜昌市,南山区,南山区测试路898号13栋955室,0,2026-07-29 11:54:42
323,155,测试用户155,13872065617,北京市,北京市,朝阳区,朝阳区测试路204号9栋819室,0,2026-08-11 17:30:42
324,156,测试用户156,13821953600,湖北省,宜昌市,南山区,南山区测试路982号12栋275室,1,2026-07-29 15:55:42
325,156,测试用户156,13825906458,湖北省,宜昌市,武昌区,武昌区测试路230号7栋296室,0,2026-08-08 09:08:42
326,156,测试用户156,13867889258,湖南省,株洲市,南山区,南山区测试路877号7栋715室,0,2026-08-10 09:09:42
327,157,测试用户157,13864831176,浙江省,宁波市,南山区,南山区测试路812号5栋130室,1,2026-08-07 10:40:42
328,157,测试用户157,13888235926,湖南省,长沙市,鼓楼区,鼓楼区测试路701号15栋188室,0,2026-08-16 03:47:42
329,157,测试用户157,13861471888,四川省,绵阳市,天河区,天河区测试路726号14栋854室,0,2026-07-28 10:51:42
330,158,测试用户158,13841519884,北京市,北京市,鼓楼区,鼓楼区测试路483号12栋721室,1,2026-07-27 20:08:42
331,159,测试用户159,13893169072,北京市,北京市,芙蓉区,芙蓉区测试路391号10栋505室,1,2026-08-05 13:58:42
332,160,测试用户160,13832799095,北京市,北京市,西湖区,西湖区测试路516号16栋448室,1,2026-08-02 14:50:42
333,160,测试用户160,13844951103,四川省,绵阳市,南山区,南山区测试路120号11栋146室,0,2026-08-12 03:00:42
334,160,测试用户160,13867725168,江苏省,无锡市,鼓楼区,鼓楼区测试路290号9栋728室,0,2026-08-08 02:35:42
335,161,测试用户161,13830302410,广东省,深圳市,武昌区,武昌区测试路570号15栋155室,1,2026-08-10 14:52:42
336,161,测试用户161,13873115555,浙江省,杭州市,海淀区,海淀区测试路267号6栋823室,0,2026-08-02 05:48:42
337,162,测试用户162,13885276619,北京市,北京市,鼓楼区,鼓楼区测试路497号15栋605室,1,2026-08-12 19:00:42
338,162,测试用户162,13822559810,广东省,广州市,鼓楼区,鼓楼区测试路209号10栋285室,0,2026-08-10 19:23:42
339,163,测试用户163,13880600592,浙江省,温州市,海淀区,海淀区测试路786号19栋285室,1,2026-08-03 16:40:42
340,163,测试用户163,13813484583,湖南省,长沙市,鼓楼区,鼓楼区测试路292号4栋504室,0,2026-08-04 23:56:42
341,164,测试用户164,13820880123,四川省,成都市,海淀区,海淀区测试路472号16栋565室,1,2026-08-07 23:13:42
342,165,测试用户165,13853609415,四川省,成都市,武昌区,武昌区测试路971号19栋233室,1,2026-08-10 17:04:42
343,166,测试用户166,13819492426,江苏省,苏州市,海淀区,海淀区测试路561号20栋491室,1,2026-08-14 06:39:42
344,166,测试用户166,13821970652,广东省,广州市,锦江区,锦江区测试路22号7栋267室,0,2026-08-04 06:37:42
345,166,测试用户166,13875880113,广东省,广州市,西湖区,西湖区测试路821号14栋854室,0,2026-08-06 21:17:42
346,167,测试用户167,13878807151,四川省,成都市,鼓楼区,鼓楼区测试路205号16栋557室,1,2026-08-04 03:38:42
347,168,测试用户168,13859423803,湖北省,武汉市,锦江区,锦江区测试路629号6栋545室,1,2026-08-03 16:53:42
348,168,测试用户168,13896920825,四川省,绵阳市,天河区,天河区测试路703号5栋608室,0,2026-07-30 22:14:42
349,168,测试用户168,13868700864,上海市,上海市,武昌区,武昌区测试路82号16栋408室,0,2026-08-12 14:12:42
350,169,测试用户169,13849658873,浙江省,温州市,锦江区,锦江区测试路583号2栋665室,1,2026-08-14 17:23:42
351,169,测试用户169,13822681476,上海市,上海市,锦江区,锦江区测试路476号19栋933室,0,2026-08-08 07:39:42
352,170,测试用户170,13898795539,上海市,上海市,朝阳区,朝阳区测试路474号6栋906室,1,2026-08-11 06:53:42
353,170,测试用户170,13852137166,上海市,上海市,西湖区,西湖区测试路602号15栋876室,0,2026-08-01 23:04:42
354,170,测试用户170,13838329117,江苏省,苏州市,南山区,南山区测试路190号3栋865室,0,2026-07-28 10:00:42
355,171,测试用户171,13812404540,上海市,上海市,芙蓉区,芙蓉区测试路6号13栋220室,1,2026-08-16 13:14:42
356,171,测试用户171,13898277293,湖南省,株洲市,锦江区,锦江区测试路989号20栋844室,0,2026-08-01 09:16:42
357,171,测试用户171,13821762188,四川省,绵阳市,西湖区,西湖区测试路129号5栋115室,0,2026-08-10 15:03:42
358,172,测试用户172,13874574456,浙江省,杭州市,天河区,天河区测试路665号5栋766室,1,2026-08-09 05:02:42
359,173,测试用户173,13872199925,浙江省,杭州市,西湖区,西湖区测试路152号16栋533室,1,2026-08-16 15:45:42
360,173,测试用户173,13875101884,广东省,珠海市,武昌区,武昌区测试路483号1栋981室,0,2026-08-02 00:40:42
361,173,测试用户173,13816834659,浙江省,宁波市,锦江区,锦江区测试路342号1栋206室,0,2026-08-03 05:01:42
362,174,测试用户174,13863644191,江苏省,南京市,武昌区,武昌区测试路498号17栋706室,1,2026-07-27 20:58:42
363,174,测试用户174,13880908408,湖南省,长沙市,海淀区,海淀区测试路20号14栋691室,0,2026-08-06 01:51:42
364,175,测试用户175,13876409428,湖北省,宜昌市,朝阳区,朝阳区测试路638号12栋560室,1,2026-08-03 18:45:42
365,175,测试用户175,13872980385,江苏省,无锡市,天河区,天河区测试路353号15栋338室,0,2026-07-31 11:18:42
366,176,测试用户176,13849378681,四川省,绵阳市,南山区,南山区测试路741号13栋527室,1,2026-08-05 03:04:42
367,176,测试用户176,13847910765,广东省,珠海市,天河区,天河区测试路708号3栋784室,0,2026-08-01 14:44:42
368,176,测试用户176,13823543068,浙江省,杭州市,武昌区,武昌区测试路813号14栋606室,0,2026-08-07 11:42:42
369,177,测试用户177,13845005058,北京市,北京市,鼓楼区,鼓楼区测试路366号6栋279室,1,2026-07-31 17:04:42
370,177,测试用户177,13825296699,上海市,上海市,锦江区,锦江区测试路633号8栋224室,0,2026-07-30 11:24:42
371,177,测试用户177,13816264794,江苏省,苏州市,鼓楼区,鼓楼区测试路789号18栋374室,0,2026-08-11 20:00:42
372,178,测试用户178,13871355706,上海市,上海市,武昌区,武昌区测试路986号4栋209室,1,2026-07-27 23:05:42
373,178,测试用户178,13824148036,上海市,上海市,芙蓉区,芙蓉区测试路172号4栋992室,0,2026-08-10 07:45:42
374,178,测试用户178,13877900294,江苏省,无锡市,武昌区,武昌区测试路511号4栋258室,0,2026-08-05 08:03:42
375,179,测试用户179,13865800998,上海市,上海市,武昌区,武昌区测试路788号1栋352室,1,2026-08-01 08:37:42
376,180,测试用户180,13859987561,广东省,广州市,西湖区,西湖区测试路733号14栋470室,1,2026-08-09 14:07:42
377,180,测试用户180,13867555628,湖北省,武汉市,南山区,南山区测试路424号14栋570室,0,2026-07-30 21:32:42
378,180,测试用户180,13811335293,北京市,北京市,南山区,南山区测试路735号17栋172室,0,2026-08-14 08:35:42
379,181,测试用户181,13862783304,广东省,深圳市,海淀区,海淀区测试路778号2栋777室,1,2026-08-12 00:52:42
380,181,测试用户181,13884304333,江苏省,苏州市,锦江区,锦江区测试路895号10栋839室,0,2026-08-06 07:55:42
381,182,测试用户182,13869886480,广东省,珠海市,锦江区,锦江区测试路660号7栋658室,1,2026-07-27 23:14:42
382,182,测试用户182,13836480587,湖南省,株洲市,锦江区,锦江区测试路903号10栋187室,0,2026-08-15 01:34:42
383,183,测试用户183,13848108152,广东省,珠海市,芙蓉区,芙蓉区测试路219号3栋624室,1,2026-07-30 09:22:42
384,183,测试用户183,13813743496,四川省,成都市,海淀区,海淀区测试路912号18栋707室,0,2026-08-08 11:02:42
385,184,测试用户184,13860060376,湖北省,武汉市,海淀区,海淀区测试路266号17栋463室,1,2026-08-13 17:07:42
386,184,测试用户184,13886830962,上海市,上海市,西湖区,西湖区测试路755号1栋565室,0,2026-08-06 11:04:42
387,185,测试用户185,13848189707,浙江省,宁波市,西湖区,西湖区测试路683号19栋789室,1,2026-08-11 20:31:42
388,185,测试用户185,13879316990,浙江省,杭州市,鼓楼区,鼓楼区测试路597号7栋943室,0,2026-08-05 04:49:42
389,185,测试用户185,13865304811,广东省,珠海市,锦江区,锦江区测试路84号3栋164室,0,2026-08-03 14:25:42
390,186,测试用户186,13880632831,湖南省,长沙市,鼓楼区,鼓楼区测试路413号19栋673室,1,2026-07-31 06:00:42
391,187,测试用户187,13875705089,湖南省,株洲市,武昌区,武昌区测试路750号14栋944室,1,2026-08-11 14:23:42
392,187,测试用户187,13827365785,广东省,深圳市,武昌区,武昌区测试路992号17栋984室,0,2026-07-31 15:11:42
393,188,测试用户188,13831050667,湖南省,株洲市,海淀区,海淀区测试路967号18栋479室,1,2026-08-12 23:01:42
394,189,测试用户189,13886740966,上海市,上海市,鼓楼区,鼓楼区测试路297号2栋636室,1,2026-08-12 15:32:42
395,189,测试用户189,13849457501,江苏省,苏州市,西湖区,西湖区测试路498号1栋911室,0,2026-08-12 14:05:42
396,190,测试用户190,13848048350,湖北省,武汉市,西湖区,西湖区测试路221号6栋939室,1,2026-08-01 18:48:42
397,190,测试用户190,13866045988,四川省,成都市,海淀区,海淀区测试路493号19栋418室,0,2026-07-29 03:58:42
398,190,测试用户190,13891296981,四川省,绵阳市,武昌区,武昌区测试路136号5栋617室,0,2026-08-02 04:13:42
399,191,测试用户191,13821987653,广东省,珠海市,鼓楼区,鼓楼区测试路820号20栋781室,1,2026-07-28 05:31:42
400,191,测试用户191,13882611046,浙江省,宁波市,鼓楼区,鼓楼区测试路47号15栋854室,0,2026-08-07 22:50:42
401,192,测试用户192,13896591866,北京市,北京市,芙蓉区,芙蓉区测试路127号18栋188室,1,2026-08-09 23:21:42
402,193,测试用户193,13877463037,北京市,北京市,武昌区,武昌区测试路919号1栋224室,1,2026-07-30 13:54:42
403,193,测试用户193,13887786253,江苏省,南京市,天河区,天河区测试路455号3栋927室,0,2026-07-29 23:35:42
404,193,测试用户193,13813122340,湖北省,武汉市,武昌区,武昌区测试路349号14栋285室,0,2026-08-03 18:00:42
405,194,测试用户194,13822217180,四川省,绵阳市,西湖区,西湖区测试路118号4栋655室,1,2026-08-11 09:46:42
406,194,测试用户194,13830700047,广东省,深圳市,朝阳区,朝阳区测试路315号14栋795室,0,2026-08-11 17:16:42
407,194,测试用户194,13817851976,四川省,成都市,海淀区,海淀区测试路306号13栋202室,0,2026-08-06 14:29:42
408,195,测试用户195,13816962963,江苏省,苏州市,朝阳区,朝阳区测试路208号8栋871室,1,2026-07-28 00:40:42
409,195,测试用户195,13846143160,湖南省,株洲市,朝阳区,朝阳区测试路63号11栋576室,0,2026-07-30 05:51:42
410,196,测试用户196,13812499514,北京市,北京市,天河区,天河区测试路276号18栋701室,1,2026-08-13 11:07:42
411,196,测试用户196,13869858725,广东省,深圳市,锦江区,锦江区测试路86号17栋309室,0,2026-08-12 07:21:42
412,197,测试用户197,13884511273,浙江省,温州市,锦江区,锦江区测试路463号2栋102室,1,2026-08-01 23:37:42
413,198,测试用户198,13874717944,广东省,广州市,海淀区,海淀区测试路280号20栋357室,1,2026-08-04 07:02:42
414,198,测试用户198,13847756962,浙江省,温州市,芙蓉区,芙蓉区测试路47号6栋857室,0,2026-07-30 00:51:42
415,198,测试用户198,13826505688,江苏省,南京市,锦江区,锦江区测试路851号5栋843室,0,2026-07-30 09:59:42
416,199,测试用户199,13852722031,浙江省,温州市,芙蓉区,芙蓉区测试路906号11栋751室,1,2026-08-07 20:27:42
417,199,测试用户199,13855852776,江苏省,南京市,鼓楼区,鼓楼区测试路216号15栋714室,0,2026-08-06 17:57:42
418,200,测试用户200,13891709974,广东省,珠海市,海淀区,海淀区测试路488号1栋110室,1,2026-08-11 05:20:42
419,200,测试用户200,13820891605,湖南省,株洲市,芙蓉区,芙蓉区测试路807号3栋652室,0,2026-08-15 21:27:42
420,200,测试用户200,13890706579,上海市,上海市,锦江区,锦江区测试路367号13栋282室,0,2026-08-16 15:26:42
421,201,测试用户201,13839732013,浙江省,宁波市,海淀区,海淀区测试路761号1栋877室,1,2026-08-07 20:57:42
422,201,测试用户201,13892334886,四川省,成都市,朝阳区,朝阳区测试路641号10栋928室,0,2026-08-09 11:24:42
423,202,测试用户202,13891339562,北京市,北京市,武昌区,武昌区测试路215号1栋301室,1,2026-08-04 15:00:42
424,202,测试用户202,13876305077,江苏省,无锡市,芙蓉区,芙蓉区测试路175号18栋299室,0,2026-07-28 21:12:42
425,203,测试用户203,13818730772,广东省,广州市,南山区,南山区测试路131号9栋684室,1,2026-08-09 02:09:42
426,203,测试用户203,13881530199,江苏省,南京市,海淀区,海淀区测试路630号9栋798室,0,2026-07-30 04:55:42
427,203,测试用户203,13868055632,湖北省,武汉市,鼓楼区,鼓楼区测试路865号14栋381室,0,2026-08-12 21:22:42
428,204,测试用户204,13815833729,湖南省,株洲市,芙蓉区,芙蓉区测试路906号8栋149室,1,2026-08-08 05:21:42
429,204,测试用户204,13862594409,湖南省,株洲市,海淀区,海淀区测试路200号11栋184室,0,2026-07-29 18:08:42
430,205,测试用户205,13836424359,湖北省,武汉市,天河区,天河区测试路169号11栋419室,1,2026-08-13 22:15:42
431,206,测试用户206,13813224383,北京市,北京市,锦江区,锦江区测试路607号11栋961室,1,2026-08-08 11:49:42
432,207,测试用户207,13854773484,浙江省,宁波市,海淀区,海淀区测试路533号8栋175室,1,2026-07-27 23:27:42
433,207,测试用户207,13821480272,上海市,上海市,朝阳区,朝阳区测试路998号2栋135室,0,2026-08-04 07:59:42
434,208,测试用户208,13869313284,上海市,上海市,海淀区,海淀区测试路57号10栋726室,1,2026-08-03 16:49:42
435,208,测试用户208,13861198088,北京市,北京市,西湖区,西湖区测试路412号4栋733室,0,2026-08-03 11:00:42
436,208,测试用户208,13872305089,北京市,北京市,锦江区,锦江区测试路815号14栋736室,0,2026-07-28 15:34:42
437,209,测试用户209,13854049408,北京市,北京市,芙蓉区,芙蓉区测试路602号7栋211室,1,2026-08-13 18:17:42
438,209,测试用户209,13895545512,上海市,上海市,南山区,南山区测试路522号9栋464室,0,2026-08-03 03:09:42
439,209,测试用户209,13828478117,湖南省,长沙市,天河区,天河区测试路817号2栋162室,0,2026-08-12 09:18:42
440,210,测试用户210,13829545414,四川省,绵阳市,芙蓉区,芙蓉区测试路151号16栋417室,1,2026-07-28 08:37:42
441,210,测试用户210,13888710632,四川省,成都市,芙蓉区,芙蓉区测试路674号5栋159室,0,2026-08-09 02:03:42
442,211,测试用户211,13836227100,北京市,北京市,鼓楼区,鼓楼区测试路206号7栋905室,1,2026-08-14 08:43:42
443,211,测试用户211,13887632976,湖南省,株洲市,鼓楼区,鼓楼区测试路580号11栋731室,0,2026-08-07 05:34:42
444,211,测试用户211,13815662934,广东省,广州市,武昌区,武昌区测试路508号8栋104室,0,2026-08-08 20:41:42
445,212,测试用户212,13854495204,浙江省,杭州市,武昌区,武昌区测试路827号13栋311室,1,2026-08-04 13:03:42
446,212,测试用户212,13819896028,北京市,北京市,海淀区,海淀区测试路367号1栋669室,0,2026-08-13 14:37:42
447,213,测试用户213,13815892805,浙江省,温州市,鼓楼区,鼓楼区测试路999号1栋304室,1,2026-08-10 09:44:42
448,213,测试用户213,13855609531,浙江省,宁波市,南山区,南山区测试路868号18栋352室,0,2026-08-11 12:54:42
449,214,测试用户214,13828420515,江苏省,南京市,海淀区,海淀区测试路389号4栋447室,1,2026-08-10 09:26:42
450,215,测试用户215,13880722909,四川省,绵阳市,南山区,南山区测试路819号20栋545室,1,2026-08-14 15:46:42
451,216,测试用户216,13860760544,浙江省,杭州市,芙蓉区,芙蓉区测试路712号12栋426室,1,2026-07-28 05:15:42
452,217,测试用户217,13849484539,北京市,北京市,芙蓉区,芙蓉区测试路809号5栋436室,1,2026-08-09 17:15:42
453,218,测试用户218,13838083391,广东省,珠海市,武昌区,武昌区测试路745号3栋904室,1,2026-07-31 21:16:42
454,218,测试用户218,13862092026,上海市,上海市,芙蓉区,芙蓉区测试路770号17栋484室,0,2026-08-01 02:26:42
455,219,测试用户219,13874867032,四川省,绵阳市,芙蓉区,芙蓉区测试路733号16栋586室,1,2026-08-08 00:30:42
456,220,测试用户220,13837246265,北京市,北京市,天河区,天河区测试路463号8栋506室,1,2026-08-10 09:28:42
457,220,测试用户220,13844162336,湖北省,武汉市,鼓楼区,鼓楼区测试路564号3栋238室,0,2026-08-14 09:27:42
458,220,测试用户220,13872445215,四川省,成都市,海淀区,海淀区测试路525号20栋445室,0,2026-08-03 04:26:42
459,221,测试用户221,13852549761,湖北省,宜昌市,武昌区,武昌区测试路280号13栋126室,1,2026-08-11 04:41:42
460,221,测试用户221,13858196637,江苏省,无锡市,朝阳区,朝阳区测试路924号3栋402室,0,2026-07-31 02:21:42
461,222,测试用户222,13823208247,上海市,上海市,天河区,天河区测试路122号3栋469室,1,2026-08-15 01:43:42
462,222,测试用户222,13843557605,四川省,成都市,鼓楼区,鼓楼区测试路310号9栋296室,0,2026-07-28 14:01:42
463,222,测试用户222,13847828631,江苏省,南京市,西湖区,西湖区测试路843号12栋902室,0,2026-08-04 06:03:42
464,223,测试用户223,13830036175,北京市,北京市,芙蓉区,芙蓉区测试路887号13栋334室,1,2026-08-08 19:08:42
465,223,测试用户223,13879232906,浙江省,宁波市,天河区,天河区测试路602号18栋876室,0,2026-08-01 19:03:42
466,223,测试用户223,13852020192,湖南省,株洲市,朝阳区,朝阳区测试路867号7栋540室,0,2026-08-03 12:27:42
467,224,测试用户224,13887511871,北京市,北京市,南山区,南山区测试路895号5栋413室,1,2026-08-16 03:04:42
468,224,测试用户224,13866257000,四川省,绵阳市,天河区,天河区测试路436号13栋882室,0,2026-07-30 09:35:42
469,225,测试用户225,13830628088,北京市,北京市,南山区,南山区测试路976号11栋682室,1,2026-07-27 23:19:42
470,225,测试用户225,13862430296,湖北省,宜昌市,天河区,天河区测试路66号18栋496室,0,2026-08-10 03:49:42
471,225,测试用户225,13822514663,四川省,绵阳市,西湖区,西湖区测试路176号4栋792室,0,2026-07-30 13:53:42
472,226,测试用户226,13836709158,湖南省,长沙市,南山区,南山区测试路72号13栋391室,1,2026-08-10 11:37:42
473,226,测试用户226,13859479669,上海市,上海市,海淀区,海淀区测试路531号1栋276室,0,2026-08-06 05:30:42
474,226,测试用户226,13882001505,广东省,广州市,南山区,南山区测试路429号16栋861室,0,2026-08-14 05:58:42
475,227,测试用户227,13868008992,广东省,广州市,西湖区,西湖区测试路838号16栋263室,1,2026-07-28 00:36:42
476,228,测试用户228,13846969062,浙江省,温州市,武昌区,武昌区测试路207号1栋247室,1,2026-08-02 16:03:42
477,228,测试用户228,13854143064,湖北省,武汉市,芙蓉区,芙蓉区测试路933号19栋603室,0,2026-08-02 04:19:42
478,228,测试用户228,13896744801,北京市,北京市,西湖区,西湖区测试路903号15栋456室,0,2026-08-07 06:16:42
479,229,测试用户229,13892911191,湖北省,武汉市,南山区,南山区测试路751号14栋569室,1,2026-08-03 21:44:42
480,230,测试用户230,13842171352,上海市,上海市,海淀区,海淀区测试路907号6栋381室,1,2026-07-30 09:13:42
481,230,测试用户230,13865200819,上海市,上海市,武昌区,武昌区测试路781号18栋225室,0,2026-08-05 16:07:42
482,230,测试用户230,13870523603,上海市,上海市,锦江区,锦江区测试路169号9栋313室,0,2026-07-31 17:26:42
483,231,测试用户231,13856124957,上海市,上海市,锦江区,锦江区测试路764号13栋977室,1,2026-08-10 06:53:42
484,232,测试用户232,13853904009,江苏省,南京市,南山区,南山区测试路687号15栋597室,1,2026-08-02 16:50:42
485,233,测试用户233,13828824809,浙江省,温州市,武昌区,武昌区测试路483号9栋962室,1,2026-08-11 13:02:42
486,233,测试用户233,13849479427,北京市,北京市,南山区,南山区测试路128号18栋860室,0,2026-08-04 13:51:42
487,233,测试用户233,13869144114,北京市,北京市,南山区,南山区测试路367号6栋322室,0,2026-08-14 21:21:42
488,234,测试用户234,13896035199,湖南省,长沙市,芙蓉区,芙蓉区测试路679号4栋500室,1,2026-08-07 04:52:42
489,235,测试用户235,13837076822,北京市,北京市,锦江区,锦江区测试路952号8栋484室,1,2026-08-09 12:50:42
490,235,测试用户235,13811954205,北京市,北京市,海淀区,海淀区测试路346号7栋797室,0,2026-08-14 10:59:42
491,235,测试用户235,13815907259,上海市,上海市,南山区,南山区测试路426号17栋211室,0,2026-08-06 08:20:42
492,236,测试用户236,13882706099,浙江省,温州市,天河区,天河区测试路405号14栋224室,1,2026-08-09 12:49:42
493,236,测试用户236,13812012537,四川省,绵阳市,南山区,南山区测试路412号11栋113室,0,2026-08-04 12:26:42
494,236,测试用户236,13897234140,浙江省,杭州市,西湖区,西湖区测试路639号12栋145室,0,2026-08-14 12:29:42
495,237,测试用户237,13886397410,湖南省,长沙市,芙蓉区,芙蓉区测试路176号9栋198室,1,2026-07-28 08:15:42
496,237,测试用户237,13833532534,湖北省,武汉市,鼓楼区,鼓楼区测试路651号11栋972室,0,2026-08-01 16:34:42
497,238,测试用户238,13895978796,湖南省,株洲市,芙蓉区,芙蓉区测试路760号8栋616室,1,2026-07-28 20:55:42
498,239,测试用户239,13841728577,北京市,北京市,西湖区,西湖区测试路756号14栋876室,1,2026-08-08 23:50:42
499,240,测试用户240,13849810955,广东省,深圳市,武昌区,武昌区测试路207号5栋485室,1,2026-08-09 22:53:42
500,241,测试用户241,13847329499,湖南省,株洲市,南山区,南山区测试路326号2栋634室,1,2026-08-02 22:03:42
501,242,测试用户242,13856000229,北京市,北京市,鼓楼区,鼓楼区测试路249号7栋653室,1,2026-08-14 21:40:42
502,242,测试用户242,13879990777,浙江省,温州市,锦江区,锦江区测试路330号6栋553室,0,2026-08-16 16:00:42
503,243,测试用户243,13895143291,上海市,上海市,海淀区,海淀区测试路145号7栋229室,1,2026-08-14 13:18:42
504,243,测试用户243,13820491063,浙江省,杭州市,芙蓉区,芙蓉区测试路437号15栋419室,0,2026-08-10 19:43:42
505,244,测试用户244,13850681488,湖北省,武汉市,天河区,天河区测试路293号19栋560室,1,2026-08-10 10:00:42
506,245,测试用户245,13860696383,上海市,上海市,锦江区,锦江区测试路172号16栋552室,1,2026-08-03 02:16:42
507,245,测试用户245,13812658997,湖北省,武汉市,武昌区,武昌区测试路781号13栋538室,0,2026-08-14 09:17:42
508,246,测试用户246,13844533110,广东省,珠海市,南山区,南山区测试路390号15栋414室,1,2026-08-02 09:31:42
509,246,测试用户246,13828341704,湖南省,长沙市,鼓楼区,鼓楼区测试路733号16栋301室,0,2026-08-12 12:55:42
510,246,测试用户246,13864298487,北京市,北京市,武昌区,武昌区测试路948号14栋505室,0,2026-08-05 06:24:42
511,247,测试用户247,13826707088,上海市,上海市,海淀区,海淀区测试路395号19栋267室,1,2026-08-10 05:39:42
512,247,测试用户247,13817744982,四川省,绵阳市,鼓楼区,鼓楼区测试路667号13栋535室,0,2026-08-09 11:25:42
513,248,测试用户248,13845075212,四川省,成都市,南山区,南山区测试路620号15栋798室,1,2026-08-12 10:40:42
514,249,测试用户249,13822389075,广东省,广州市,朝阳区,朝阳区测试路660号13栋508室,1,2026-07-29 16:22:42
515,249,测试用户249,13867293719,浙江省,宁波市,南山区,南山区测试路259号10栋613室,0,2026-07-29 20:59:42
516,249,测试用户249,13821928391,湖北省,宜昌市,锦江区,锦江区测试路112号19栋896室,0,2026-08-05 14:38:42
517,250,测试用户250,13851352528,浙江省,温州市,锦江区,锦江区测试路7号6栋936室,1,2026-08-01 18:49:42
518,250,测试用户250,13865947629,上海市,上海市,芙蓉区,芙蓉区测试路671号10栋851室,0,2026-08-03 13:44:42
519,250,测试用户250,13836577865,四川省,成都市,南山区,南山区测试路499号6栋615室,0,2026-08-13 04:19:42
520,251,测试用户251,13834525524,广东省,广州市,海淀区,海淀区测试路829号7栋366室,1,2026-08-03 04:15:42
521,252,测试用户252,13849342650,上海市,上海市,朝阳区,朝阳区测试路88号13栋228室,1,2026-08-08 16:34:42
522,252,测试用户252,13875121683,北京市,北京市,武昌区,武昌区测试路689号4栋110室,0,2026-08-15 10:07:42
523,252,测试用户252,13838329115,北京市,北京市,朝阳区,朝阳区测试路535号1栋485室,0,2026-07-28 02:07:42
524,253,测试用户253,13891117376,湖南省,株洲市,鼓楼区,鼓楼区测试路440号11栋480室,1,2026-08-06 08:03:42
525,253,测试用户253,13860792779,浙江省,宁波市,锦江区,锦江区测试路626号2栋465室,0,2026-08-06 15:55:42
526,254,测试用户254,13890786882,湖北省,武汉市,海淀区,海淀区测试路126号17栋387室,1,2026-08-09 07:27:42
527,254,测试用户254,13810419981,湖南省,株洲市,天河区,天河区测试路654号11栋118室,0,2026-08-05 17:04:42
528,255,测试用户255,13891438353,四川省,绵阳市,天河区,天河区测试路497号13栋857室,1,2026-07-28 16:33:42
529,255,测试用户255,13861654839,湖北省,宜昌市,朝阳区,朝阳区测试路301号20栋300室,0,2026-08-12 01:59:42
530,255,测试用户255,13821689007,北京市,北京市,武昌区,武昌区测试路309号18栋996室,0,2026-08-02 12:58:42
531,256,测试用户256,13842333267,上海市,上海市,芙蓉区,芙蓉区测试路250号7栋275室,1,2026-08-14 15:28:42
532,256,测试用户256,13861471131,北京市,北京市,鼓楼区,鼓楼区测试路785号9栋326室,0,2026-08-07 21:25:42
533,257,测试用户257,13895033398,上海市,上海市,芙蓉区,芙蓉区测试路743号16栋193室,1,2026-08-06 10:56:42
534,257,测试用户257,13861224263,上海市,上海市,锦江区,锦江区测试路670号18栋977室,0,2026-08-03 11:41:42
535,257,测试用户257,13821768256,江苏省,南京市,西湖区,西湖区测试路115号3栋449室,0,2026-07-29 12:08:42
536,258,测试用户258,13861028923,四川省,成都市,鼓楼区,鼓楼区测试路591号1栋419室,1,2026-08-15 00:21:42
537,259,测试用户259,13858992670,湖北省,宜昌市,鼓楼区,鼓楼区测试路817号5栋633室,1,2026-07-28 00:41:42
538,260,测试用户260,13871821057,湖北省,武汉市,芙蓉区,芙蓉区测试路324号5栋936室,1,2026-08-07 11:24:42
539,261,测试用户261,13829578433,湖南省,长沙市,西湖区,西湖区测试路765号2栋714室,1,2026-08-06 09:23:42
540,261,测试用户261,13894701730,上海市,上海市,武昌区,武昌区测试路849号7栋607室,0,2026-08-06 20:31:42
541,261,测试用户261,13838268009,北京市,北京市,南山区,南山区测试路869号8栋818室,0,2026-08-15 13:01:42
542,262,测试用户262,13812894515,湖北省,宜昌市,南山区,南山区测试路562号13栋446室,1,2026-08-02 21:25:42
543,262,测试用户262,13819639949,四川省,绵阳市,锦江区,锦江区测试路541号10栋390室,0,2026-08-09 20:01:42
544,263,测试用户263,13853408507,湖北省,武汉市,南山区,南山区测试路771号19栋987室,1,2026-08-14 20:36:42
545,263,测试用户263,13869308631,湖南省,长沙市,南山区,南山区测试路713号16栋399室,0,2026-08-12 12:42:42
546,263,测试用户263,13858617120,浙江省,温州市,海淀区,海淀区测试路744号19栋205室,0,2026-08-12 06:28:42
547,264,测试用户264,13857725656,广东省,广州市,朝阳区,朝阳区测试路998号16栋284室,1,2026-08-15 15:23:42
548,264,测试用户264,13894150830,四川省,绵阳市,南山区,南山区测试路740号13栋351室,0,2026-08-15 15:40:42
549,264,测试用户264,13890014633,湖北省,宜昌市,西湖区,西湖区测试路978号6栋769室,0,2026-08-03 20:05:42
550,265,测试用户265,13846938871,上海市,上海市,锦江区,锦江区测试路648号15栋477室,1,2026-08-16 15:48:42
551,265,测试用户265,13896088502,上海市,上海市,武昌区,武昌区测试路685号17栋331室,0,2026-08-16 00:19:42
552,265,测试用户265,13889574873,湖南省,株洲市,朝阳区,朝阳区测试路186号13栋596室,0,2026-08-03 09:19:42
553,266,测试用户266,13882143514,上海市,上海市,朝阳区,朝阳区测试路190号13栋933室,1,2026-08-16 06:20:42
554,267,测试用户267,13888479996,湖南省,长沙市,芙蓉区,芙蓉区测试路552号4栋872室,1,2026-08-09 20:58:42
555,267,测试用户267,13810714575,上海市,上海市,南山区,南山区测试路569号15栋920室,0,2026-08-06 15:53:42
556,267,测试用户267,13897595925,广东省,珠海市,天河区,天河区测试路166号3栋676室,0,2026-08-08 17:50:42
557,268,测试用户268,13833032191,江苏省,苏州市,芙蓉区,芙蓉区测试路434号1栋355室,1,2026-08-07 17:22:42
558,269,测试用户269,13852001565,湖南省,长沙市,武昌区,武昌区测试路536号12栋721室,1,2026-07-30 02:42:42
559,269,测试用户269,13814930347,上海市,上海市,天河区,天河区测试路193号5栋407室,0,2026-08-10 14:17:42
560,270,测试用户270,13847231423,浙江省,温州市,鼓楼区,鼓楼区测试路132号20栋533室,1,2026-08-14 01:39:42
561,270,测试用户270,13863695060,江苏省,苏州市,南山区,南山区测试路468号3栋361室,0,2026-08-02 20:46:42
562,270,测试用户270,13894975906,浙江省,杭州市,西湖区,西湖区测试路714号7栋832室,0,2026-08-05 00:13:42
563,271,测试用户271,13852461165,广东省,深圳市,南山区,南山区测试路807号14栋489室,1,2026-08-15 23:40:42
564,271,测试用户271,13881332718,上海市,上海市,朝阳区,朝阳区测试路113号18栋517室,0,2026-08-14 08:15:42
565,271,测试用户271,13846675397,上海市,上海市,鼓楼区,鼓楼区测试路150号8栋381室,0,2026-08-16 15:31:42
566,272,测试用户272,13833586265,湖北省,武汉市,朝阳区,朝阳区测试路540号10栋703室,1,2026-08-01 15:22:42
567,273,测试用户273,13891532833,江苏省,无锡市,西湖区,西湖区测试路102号2栋275室,1,2026-08-06 06:44:42
568,273,测试用户273,13889498519,四川省,绵阳市,武昌区,武昌区测试路131号9栋110室,0,2026-07-30 20:46:42
569,274,测试用户274,13886176717,广东省,广州市,锦江区,锦江区测试路754号9栋155室,1,2026-08-04 20:06:42
570,274,测试用户274,13871443076,浙江省,温州市,锦江区,锦江区测试路188号15栋463室,0,2026-08-02 02:37:42
571,274,测试用户274,13840704198,江苏省,苏州市,芙蓉区,芙蓉区测试路313号3栋413室,0,2026-08-03 08:01:42
572,275,测试用户275,13822567290,上海市,上海市,天河区,天河区测试路170号19栋159室,1,2026-08-13 19:37:42
573,276,测试用户276,13878274190,湖南省,长沙市,锦江区,锦江区测试路955号5栋592室,1,2026-08-01 02:12:42
574,276,测试用户276,13892716588,上海市,上海市,海淀区,海淀区测试路195号1栋832室,0,2026-08-02 20:21:42
575,276,测试用户276,13891764582,四川省,成都市,芙蓉区,芙蓉区测试路44号20栋560室,0,2026-08-10 20:56:42
576,277,测试用户277,13859264742,浙江省,杭州市,朝阳区,朝阳区测试路860号5栋627室,1,2026-08-05 17:28:42
577,277,测试用户277,13860101289,湖南省,株洲市,南山区,南山区测试路994号4栋447室,0,2026-08-09 01:01:42
578,277,测试用户277,13874843897,上海市,上海市,西湖区,西湖区测试路301号9栋319室,0,2026-08-15 19:15:42
579,278,测试用户278,13896298460,湖北省,武汉市,西湖区,西湖区测试路528号2栋575室,1,2026-07-28 03:52:42
580,278,测试用户278,13854097476,四川省,成都市,武昌区,武昌区测试路306号12栋210室,0,2026-08-16 06:59:42
581,278,测试用户278,13811189670,广东省,深圳市,鼓楼区,鼓楼区测试路104号14栋604室,0,2026-08-10 16:22:42
582,279,测试用户279,13875419352,广东省,深圳市,朝阳区,朝阳区测试路8号5栋888室,1,2026-08-08 11:25:42
583,279,测试用户279,13858921784,湖北省,宜昌市,西湖区,西湖区测试路439号6栋650室,0,2026-08-08 15:27:42
584,279,测试用户279,13857477880,湖南省,长沙市,南山区,南山区测试路766号14栋106室,0,2026-08-04 20:43:42
585,280,测试用户280,13827942270,浙江省,宁波市,海淀区,海淀区测试路405号14栋862室,1,2026-08-06 17:45:42
586,281,测试用户281,13825944033,浙江省,宁波市,西湖区,西湖区测试路432号16栋664室,1,2026-07-31 21:10:42
587,281,测试用户281,13877358318,广东省,深圳市,锦江区,锦江区测试路744号13栋235室,0,2026-08-13 15:05:42
588,281,测试用户281,13856187078,北京市,北京市,南山区,南山区测试路513号1栋886室,0,2026-08-09 17:12:42
589,282,测试用户282,13874450415,湖北省,武汉市,锦江区,锦江区测试路297号10栋598室,1,2026-08-14 05:40:42
590,282,测试用户282,13835079956,广东省,珠海市,芙蓉区,芙蓉区测试路256号9栋886室,0,2026-08-13 10:11:42
591,283,测试用户283,13823833135,湖北省,武汉市,武昌区,武昌区测试路718号17栋726室,1,2026-08-11 12:01:42
592,284,测试用户284,13827756443,广东省,广州市,朝阳区,朝阳区测试路411号2栋381室,1,2026-08-10 14:28:42
593,284,测试用户284,13816839113,北京市,北京市,朝阳区,朝阳区测试路390号14栋638室,0,2026-08-06 20:15:42
594,284,测试用户284,13867186933,浙江省,杭州市,鼓楼区,鼓楼区测试路491号2栋623室,0,2026-08-02 22:52:42
595,285,测试用户285,13847655580,上海市,上海市,鼓楼区,鼓楼区测试路966号12栋829室,1,2026-08-03 11:35:42
596,285,测试用户285,13810071931,北京市,北京市,海淀区,海淀区测试路54号11栋318室,0,2026-08-07 03:38:42
597,286,测试用户286,13843858172,上海市,上海市,南山区,南山区测试路972号16栋473室,1,2026-08-06 09:48:42
598,286,测试用户286,13827489655,上海市,上海市,芙蓉区,芙蓉区测试路340号12栋860室,0,2026-08-04 19:06:42
599,286,测试用户286,13838190192,四川省,成都市,西湖区,西湖区测试路599号13栋190室,0,2026-08-13 14:15:42
600,287,测试用户287,13835894291,上海市,上海市,天河区,天河区测试路722号15栋202室,1,2026-08-14 01:16:42
601,287,测试用户287,13837111862,四川省,绵阳市,武昌区,武昌区测试路547号5栋145室,0,2026-08-12 12:29:42
602,287,测试用户287,13859125302,江苏省,无锡市,鼓楼区,鼓楼区测试路460号4栋547室,0,2026-08-14 03:29:42
603,288,测试用户288,13827305260,北京市,北京市,西湖区,西湖区测试路297号2栋680室,1,2026-08-14 20:43:42
604,288,测试用户288,13878919151,湖北省,宜昌市,芙蓉区,芙蓉区测试路995号3栋270室,0,2026-08-02 02:31:42
605,288,测试用户288,13837772949,湖北省,宜昌市,西湖区,西湖区测试路189号1栋264室,0,2026-07-29 12:18:42
606,289,测试用户289,13880474132,北京市,北京市,芙蓉区,芙蓉区测试路266号10栋973室,1,2026-08-09 09:10:42
607,289,测试用户289,13832965874,江苏省,无锡市,朝阳区,朝阳区测试路230号2栋647室,0,2026-08-09 09:53:42
608,289,测试用户289,13846297151,广东省,深圳市,南山区,南山区测试路895号2栋758室,0,2026-08-09 12:21:42
609,290,测试用户290,13853561957,北京市,北京市,鼓楼区,鼓楼区测试路86号18栋371室,1,2026-08-12 04:58:42
610,291,测试用户291,13894014298,江苏省,苏州市,海淀区,海淀区测试路836号1栋944室,1,2026-08-05 11:09:42
611,291,测试用户291,13812098962,江苏省,南京市,西湖区,西湖区测试路551号19栋209室,0,2026-08-03 22:39:42
612,291,测试用户291,13853521847,浙江省,宁波市,天河区,天河区测试路276号7栋696室,0,2026-08-04 14:27:42
613,292,测试用户292,13874291216,湖北省,宜昌市,南山区,南山区测试路96号16栋286室,1,2026-08-02 13:03:42
614,293,测试用户293,13834213769,浙江省,温州市,武昌区,武昌区测试路664号10栋122室,1,2026-08-07 12:59:42
615,294,测试用户294,13829263245,湖北省,武汉市,朝阳区,朝阳区测试路74号14栋352室,1,2026-08-01 22:30:42
616,295,测试用户295,13890972685,广东省,珠海市,海淀区,海淀区测试路103号13栋494室,1,2026-08-16 15:03:42
617,296,测试用户296,13821220004,北京市,北京市,天河区,天河区测试路275号5栋743室,1,2026-07-28 18:05:42
618,297,测试用户297,13837155151,上海市,上海市,朝阳区,朝阳区测试路143号16栋878室,1,2026-07-29 04:03:42
619,298,测试用户298,13830738427,江苏省,苏州市,武昌区,武昌区测试路250号2栋657室,1,2026-08-07 22:21:42
620,299,测试用户299,13883100625,北京市,北京市,朝阳区,朝阳区测试路304号4栋624室,1,2026-08-03 14:55:42
621,300,测试用户300,13861725238,北京市,北京市,锦江区,锦江区测试路151号12栋772室,1,2026-08-07 10:57:42
622,301,测试用户301,13832757831,湖北省,武汉市,武昌区,武昌区测试路113号8栋205室,1,2026-08-07 07:51:42
623,301,测试用户301,13821382241,四川省,成都市,鼓楼区,鼓楼区测试路918号2栋720室,0,2026-08-12 13:28:42
624,301,测试用户301,13830162191,四川省,成都市,锦江区,锦江区测试路915号10栋740室,0,2026-08-07 06:59:42
625,302,测试用户302,13845621515,江苏省,苏州市,鼓楼区,鼓楼区测试路831号3栋908室,1,2026-08-16 14:06:42
626,303,测试用户303,13862425387,广东省,深圳市,南山区,南山区测试路458号16栋935室,1,2026-08-14 15:19:42
627,303,测试用户303,13822139593,湖北省,宜昌市,南山区,南山区测试路331号5栋287室,0,2026-08-04 07:35:42
628,303,测试用户303,13865558669,湖南省,株洲市,武昌区,武昌区测试路617号11栋242室,0,2026-08-09 06:29:42
629,304,测试用户304,13881969231,湖南省,株洲市,芙蓉区,芙蓉区测试路842号8栋494室,1,2026-08-14 00:10:42
630,304,测试用户304,13841567079,湖北省,武汉市,朝阳区,朝阳区测试路371号1栋309室,0,2026-08-16 07:20:42
631,304,测试用户304,13817996341,湖南省,长沙市,朝阳区,朝阳区测试路934号12栋470室,0,2026-08-12 09:26:42
632,305,测试用户305,13840143583,湖北省,武汉市,天河区,天河区测试路58号5栋221室,1,2026-08-12 06:09:42
633,306,测试用户306,13824228398,湖北省,宜昌市,海淀区,海淀区测试路679号19栋176室,1,2026-07-31 23:00:42
634,307,测试用户307,13828961944,北京市,北京市,鼓楼区,鼓楼区测试路81号8栋179室,1,2026-08-16 00:02:42
635,308,测试用户308,13828805567,广东省,广州市,武昌区,武昌区测试路767号17栋816室,1,2026-08-07 03:29:42
636,308,测试用户308,13848489493,四川省,绵阳市,海淀区,海淀区测试路114号5栋162室,0,2026-08-14 23:07:42
637,309,测试用户309,13866857416,广东省,广州市,锦江区,锦江区测试路697号15栋668室,1,2026-08-08 00:23:42
638,310,测试用户310,13846484083,浙江省,宁波市,南山区,南山区测试路997号3栋635室,1,2026-08-04 14:08:42
639,310,测试用户310,13839381121,浙江省,宁波市,海淀区,海淀区测试路402号6栋943室,0,2026-07-29 23:02:42
640,311,测试用户311,13897603904,湖南省,株洲市,鼓楼区,鼓楼区测试路658号13栋948室,1,2026-08-04 13:52:42
641,312,测试用户312,13824549320,湖北省,武汉市,西湖区,西湖区测试路107号3栋472室,1,2026-07-28 08:54:42
642,312,测试用户312,13882688015,浙江省,宁波市,南山区,南山区测试路110号3栋317室,0,2026-07-28 18:07:42
643,313,测试用户313,13895683115,浙江省,温州市,天河区,天河区测试路952号2栋347室,1,2026-08-08 16:19:42
644,313,测试用户313,13816449014,北京市,北京市,海淀区,海淀区测试路323号3栋417室,0,2026-08-16 07:07:42
645,314,测试用户314,13862430988,湖北省,武汉市,鼓楼区,鼓楼区测试路744号12栋233室,1,2026-08-13 08:29:42
646,314,测试用户314,13888809362,上海市,上海市,海淀区,海淀区测试路816号13栋589室,0,2026-07-29 17:37:42
647,315,测试用户315,13820570029,广东省,珠海市,武昌区,武昌区测试路907号3栋836室,1,2026-08-09 12:04:42
648,316,测试用户316,13877326285,广东省,珠海市,南山区,南山区测试路529号20栋768室,1,2026-07-31 08:27:42
649,316,测试用户316,13858360842,广东省,深圳市,西湖区,西湖区测试路639号14栋141室,0,2026-08-04 11:42:42
650,316,测试用户316,13823073617,上海市,上海市,武昌区,武昌区测试路825号1栋247室,0,2026-08-07 01:00:42
651,317,测试用户317,13852106611,湖南省,长沙市,武昌区,武昌区测试路174号10栋266室,1,2026-08-14 10:19:42
652,318,测试用户318,13834049971,四川省,成都市,朝阳区,朝阳区测试路728号15栋365室,1,2026-08-01 10:07:42
653,318,测试用户318,13886334111,湖南省,长沙市,朝阳区,朝阳区测试路500号2栋473室,0,2026-08-07 06:29:42
654,319,测试用户319,13878783800,广东省,深圳市,鼓楼区,鼓楼区测试路866号20栋422室,1,2026-08-05 16:12:42
655,319,测试用户319,13815727818,湖北省,宜昌市,西湖区,西湖区测试路636号2栋859室,0,2026-08-08 20:03:42
656,319,测试用户319,13849011805,北京市,北京市,朝阳区,朝阳区测试路385号6栋684室,0,2026-08-04 16:41:42
657,320,测试用户320,13872529032,湖南省,长沙市,鼓楼区,鼓楼区测试路480号18栋938室,1,2026-08-02 15:50:42
658,320,测试用户320,13863277039,广东省,珠海市,朝阳区,朝阳区测试路787号14栋305室,0,2026-08-04 08:51:42
659,321,测试用户321,13873917095,四川省,绵阳市,天河区,天河区测试路118号9栋566室,1,2026-08-15 01:46:42
660,321,测试用户321,13852974720,湖南省,长沙市,天河区,天河区测试路582号2栋716室,0,2026-08-04 16:56:42
661,322,测试用户322,13817258161,湖北省,宜昌市,天河区,天河区测试路217号1栋877室,1,2026-08-03 10:39:42
662,322,测试用户322,13819295792,广东省,广州市,南山区,南山区测试路281号13栋184室,0,2026-08-06 20:27:42
663,323,测试用户323,13834706569,浙江省,温州市,西湖区,西湖区测试路851号2栋195室,1,2026-08-03 08:07:42
664,323,测试用户323,13856879065,江苏省,南京市,天河区,天河区测试路965号14栋594室,0,2026-08-01 01:11:42
665,324,测试用户324,13811332984,湖北省,宜昌市,锦江区,锦江区测试路575号20栋304室,1,2026-08-13 19:13:42
666,325,测试用户325,13811904117,广东省,深圳市,鼓楼区,鼓楼区测试路155号15栋252室,1,2026-08-01 08:48:42
667,325,测试用户325,13810493503,湖北省,宜昌市,芙蓉区,芙蓉区测试路462号5栋750室,0,2026-08-01 22:18:42
668,325,测试用户325,13835186888,上海市,上海市,天河区,天河区测试路431号18栋893室,0,2026-08-10 23:31:42
669,326,测试用户326,13887421674,四川省,成都市,天河区,天河区测试路979号1栋480室,1,2026-08-05 18:36:42
670,327,测试用户327,13865573350,上海市,上海市,武昌区,武昌区测试路421号12栋461室,1,2026-07-30 05:22:42
671,327,测试用户327,13871582256,四川省,成都市,南山区,南山区测试路439号12栋282室,0,2026-07-29 23:45:42
672,328,测试用户328,13898530765,湖北省,宜昌市,西湖区,西湖区测试路706号14栋750室,1,2026-08-06 20:16:42
673,328,测试用户328,13822031000,上海市,上海市,朝阳区,朝阳区测试路666号1栋732室,0,2026-08-03 15:24:42
674,328,测试用户328,13888011850,上海市,上海市,芙蓉区,芙蓉区测试路826号2栋784室,0,2026-08-07 05:42:42
675,329,测试用户329,13836247650,湖南省,株洲市,朝阳区,朝阳区测试路877号16栋228室,1,2026-08-05 04:29:42
676,330,测试用户330,13840056261,湖北省,武汉市,鼓楼区,鼓楼区测试路520号10栋375室,1,2026-08-08 09:02:42
677,330,测试用户330,13865640853,湖北省,武汉市,海淀区,海淀区测试路34号1栋127室,0,2026-08-12 07:02:42
678,330,测试用户330,13886797698,四川省,绵阳市,南山区,南山区测试路441号8栋670室,0,2026-08-04 12:16:42
679,331,测试用户331,13827296700,湖北省,武汉市,锦江区,锦江区测试路962号13栋846室,1,2026-08-11 05:58:42
680,331,测试用户331,13841000202,四川省,成都市,锦江区,锦江区测试路102号5栋617室,0,2026-08-12 22:19:42
681,331,测试用户331,13831347754,湖北省,宜昌市,芙蓉区,芙蓉区测试路972号11栋309室,0,2026-08-14 16:54:42
682,332,测试用户332,13892959929,北京市,北京市,海淀区,海淀区测试路725号18栋181室,1,2026-07-29 06:54:42
683,332,测试用户332,13835039011,广东省,深圳市,鼓楼区,鼓楼区测试路246号8栋405室,0,2026-08-10 01:02:42
684,333,测试用户333,13846905154,湖北省,宜昌市,海淀区,海淀区测试路85号5栋743室,1,2026-08-15 22:18:42
685,334,测试用户334,13824371585,上海市,上海市,朝阳区,朝阳区测试路146号10栋369室,1,2026-08-11 16:51:42
686,335,测试用户335,13823511929,四川省,成都市,锦江区,锦江区测试路503号1栋524室,1,2026-08-14 03:15:42
687,335,测试用户335,13860365788,上海市,上海市,锦江区,锦江区测试路912号11栋749室,0,2026-08-02 13:44:42
688,336,测试用户336,13825731275,北京市,北京市,海淀区,海淀区测试路352号12栋596室,1,2026-07-27 23:21:42
689,336,测试用户336,13844158548,北京市,北京市,芙蓉区,芙蓉区测试路949号4栋298室,0,2026-07-28 18:21:42
690,337,测试用户337,13825406645,广东省,广州市,鼓楼区,鼓楼区测试路921号7栋131室,1,2026-08-06 14:41:42
691,338,测试用户338,13874635885,广东省,深圳市,西湖区,西湖区测试路205号3栋457室,1,2026-07-29 22:37:42
692,339,测试用户339,13863679326,湖南省,株洲市,芙蓉区,芙蓉区测试路945号7栋357室,1,2026-08-11 12:12:42
693,339,测试用户339,13888335942,江苏省,苏州市,朝阳区,朝阳区测试路813号19栋420室,0,2026-08-11 12:09:42
694,340,测试用户340,13890038028,湖北省,宜昌市,锦江区,锦江区测试路766号9栋936室,1,2026-08-05 23:49:42
695,340,测试用户340,13886120515,湖北省,宜昌市,天河区,天河区测试路362号12栋748室,0,2026-08-14 04:45:42
696,341,测试用户341,13849389352,江苏省,无锡市,锦江区,锦江区测试路619号17栋461室,1,2026-08-04 18:48:42
697,342,测试用户342,13858015656,四川省,绵阳市,南山区,南山区测试路252号3栋321室,1,2026-08-05 07:46:42
698,343,测试用户343,13811463110,上海市,上海市,鼓楼区,鼓楼区测试路735号11栋319室,1,2026-08-02 00:05:42
699,343,测试用户343,13818889930,四川省,成都市,芙蓉区,芙蓉区测试路395号10栋717室,0,2026-08-10 02:42:42
700,344,测试用户344,13887034049,江苏省,无锡市,朝阳区,朝阳区测试路915号14栋799室,1,2026-08-03 08:03:42
701,345,测试用户345,13876294734,浙江省,杭州市,海淀区,海淀区测试路511号2栋382室,1,2026-08-03 15:48:42
702,345,测试用户345,13889345641,湖南省,长沙市,鼓楼区,鼓楼区测试路393号8栋691室,0,2026-08-16 09:54:42
703,346,测试用户346,13827590313,北京市,北京市,西湖区,西湖区测试路862号13栋138室,1,2026-07-30 02:53:42
704,346,测试用户346,13873068018,四川省,成都市,朝阳区,朝阳区测试路98号14栋841室,0,2026-08-07 10:35:42
705,346,测试用户346,13884685481,四川省,绵阳市,朝阳区,朝阳区测试路794号11栋606室,0,2026-07-28 17:30:42
706,347,测试用户347,13860184824,湖南省,株洲市,朝阳区,朝阳区测试路961号20栋206室,1,2026-08-16 11:52:42
707,347,测试用户347,13853333406,北京市,北京市,朝阳区,朝阳区测试路883号14栋332室,0,2026-08-11 16:43:42
708,348,测试用户348,13844854691,四川省,成都市,海淀区,海淀区测试路905号2栋214室,1,2026-08-15 09:51:42
709,348,测试用户348,13846226982,江苏省,苏州市,锦江区,锦江区测试路716号6栋242室,0,2026-07-29 04:48:42
710,348,测试用户348,13888400641,广东省,深圳市,南山区,南山区测试路910号14栋753室,0,2026-08-01 21:48:42
711,349,测试用户349,13898754019,浙江省,温州市,武昌区,武昌区测试路502号9栋430室,1,2026-08-01 11:50:42
712,349,测试用户349,13857380159,江苏省,苏州市,朝阳区,朝阳区测试路572号8栋776室,0,2026-08-09 20:51:42
713,349,测试用户349,13838517975,上海市,上海市,海淀区,海淀区测试路14号7栋580室,0,2026-08-04 12:24:42
714,350,测试用户350,13878978156,四川省,成都市,芙蓉区,芙蓉区测试路880号11栋879室,1,2026-08-06 20:26:42
715,351,测试用户351,13827456426,广东省,珠海市,朝阳区,朝阳区测试路225号12栋495室,1,2026-08-01 23:23:42
716,351,测试用户351,13819212612,浙江省,宁波市,天河区,天河区测试路285号14栋269室,0,2026-08-07 00:14:42
717,351,测试用户351,13824384568,上海市,上海市,武昌区,武昌区测试路763号4栋347室,0,2026-08-16 04:44:42
718,352,测试用户352,13870752435,北京市,北京市,芙蓉区,芙蓉区测试路361号9栋222室,1,2026-07-30 16:33:42
719,352,测试用户352,13863274774,湖北省,武汉市,南山区,南山区测试路515号14栋621室,0,2026-08-06 17:27:42
720,353,测试用户353,13897056537,四川省,成都市,海淀区,海淀区测试路392号14栋299室,1,2026-08-07 12:30:42
721,353,测试用户353,13881076709,广东省,珠海市,西湖区,西湖区测试路623号16栋632室,0,2026-08-03 15:12:42
722,354,测试用户354,13825460259,浙江省,杭州市,天河区,天河区测试路55号2栋690室,1,2026-08-08 11:51:42
723,355,测试用户355,13893244618,上海市,上海市,天河区,天河区测试路717号13栋502室,1,2026-08-04 15:41:42
724,355,测试用户355,13832955139,江苏省,苏州市,天河区,天河区测试路805号7栋456室,0,2026-08-06 20:17:42
725,355,测试用户355,13822649023,江苏省,无锡市,海淀区,海淀区测试路190号17栋818室,0,2026-07-28 03:08:42
726,356,测试用户356,13819322043,浙江省,杭州市,鼓楼区,鼓楼区测试路171号6栋441室,1,2026-08-02 14:55:42
727,356,测试用户356,13812795332,湖南省,株洲市,鼓楼区,鼓楼区测试路182号9栋179室,0,2026-08-10 21:07:42
728,357,测试用户357,13875539501,四川省,绵阳市,海淀区,海淀区测试路895号8栋584室,1,2026-08-13 17:03:42
729,358,测试用户358,13877531176,江苏省,南京市,芙蓉区,芙蓉区测试路172号5栋894室,1,2026-08-13 15:36:42
730,359,测试用户359,13857081034,四川省,绵阳市,武昌区,武昌区测试路559号9栋780室,1,2026-08-01 10:32:42
731,359,测试用户359,13850417525,湖南省,长沙市,鼓楼区,鼓楼区测试路728号11栋631室,0,2026-07-28 03:48:42
732,359,测试用户359,13895872544,江苏省,无锡市,芙蓉区,芙蓉区测试路22号5栋521室,0,2026-08-08 21:46:42
733,360,测试用户360,13887522039,湖南省,长沙市,天河区,天河区测试路759号14栋469室,1,2026-08-09 19:50:42
734,360,测试用户360,13846765441,浙江省,宁波市,朝阳区,朝阳区测试路899号18栋561室,0,2026-07-31 13:39:42
735,361,测试用户361,13889074084,四川省,绵阳市,锦江区,锦江区测试路428号9栋417室,1,2026-08-10 17:18:42
736,361,测试用户361,13871072780,四川省,成都市,锦江区,锦江区测试路581号12栋396室,0,2026-08-13 18:24:42
737,361,测试用户361,13880220858,广东省,深圳市,南山区,南山区测试路990号10栋739室,0,2026-07-29 21:45:42
738,362,测试用户362,13849557552,湖南省,株洲市,朝阳区,朝阳区测试路16号15栋142室,1,2026-08-10 09:03:42
739,362,测试用户362,13851046667,上海市,上海市,武昌区,武昌区测试路6号14栋461室,0,2026-08-16 17:39:42
740,363,测试用户363,13899298543,四川省,绵阳市,芙蓉区,芙蓉区测试路982号18栋259室,1,2026-08-13 20:38:42
741,364,测试用户364,13849030787,浙江省,宁波市,朝阳区,朝阳区测试路225号2栋585室,1,2026-08-05 11:04:42
742,365,测试用户365,13823171952,湖北省,宜昌市,锦江区,锦江区测试路915号9栋410室,1,2026-07-28 09:44:42
743,365,测试用户365,13836777331,湖北省,宜昌市,南山区,南山区测试路257号5栋527室,0,2026-07-30 12:36:42
744,365,测试用户365,13886056500,江苏省,南京市,西湖区,西湖区测试路950号15栋659室,0,2026-08-11 06:05:42
745,366,测试用户366,13869310992,上海市,上海市,芙蓉区,芙蓉区测试路711号11栋616室,1,2026-08-05 04:33:42
746,366,测试用户366,13865063980,湖北省,宜昌市,锦江区,锦江区测试路473号1栋673室,0,2026-08-16 05:50:42
747,367,测试用户367,13860078131,江苏省,南京市,芙蓉区,芙蓉区测试路131号20栋657室,1,2026-07-29 09:52:42
748,368,测试用户368,13872117013,广东省,深圳市,海淀区,海淀区测试路827号17栋572室,1,2026-08-15 16:52:42
749,368,测试用户368,13854759391,江苏省,无锡市,朝阳区,朝阳区测试路609号4栋942室,0,2026-08-07 00:25:42
750,369,测试用户369,13888466030,四川省,成都市,朝阳区,朝阳区测试路691号17栋858室,1,2026-08-14 20:42:42
751,369,测试用户369,13828307667,广东省,珠海市,武昌区,武昌区测试路229号5栋409室,0,2026-08-06 18:56:42
752,369,测试用户369,13825395963,北京市,北京市,天河区,天河区测试路69号1栋257室,0,2026-07-28 15:22:42
753,370,测试用户370,13873584629,浙江省,杭州市,朝阳区,朝阳区测试路26号17栋555室,1,2026-08-04 16:56:42
754,371,测试用户371,13834701959,江苏省,苏州市,武昌区,武昌区测试路840号8栋962室,1,2026-07-30 10:03:42
755,372,测试用户372,13829628855,湖南省,长沙市,锦江区,锦江区测试路652号1栋290室,1,2026-08-11 19:13:42
756,372,测试用户372,13883374285,浙江省,杭州市,芙蓉区,芙蓉区测试路206号16栋592室,0,2026-08-07 09:13:42
757,372,测试用户372,13899617131,上海市,上海市,鼓楼区,鼓楼区测试路282号13栋496室,0,2026-08-13 04:29:42
758,373,测试用户373,13871348545,广东省,广州市,西湖区,西湖区测试路124号19栋499室,1,2026-08-16 00:36:42
759,373,测试用户373,13857610634,北京市,北京市,海淀区,海淀区测试路986号5栋580室,0,2026-08-02 10:55:42
760,374,测试用户374,13880471776,四川省,成都市,鼓楼区,鼓楼区测试路400号17栋165室,1,2026-08-10 22:46:42
761,375,测试用户375,13847358181,四川省,绵阳市,南山区,南山区测试路804号10栋504室,1,2026-08-13 22:25:42
762,375,测试用户375,13887314639,湖北省,宜昌市,南山区,南山区测试路726号17栋895室,0,2026-07-31 10:47:42
763,376,测试用户376,13819069088,四川省,绵阳市,锦江区,锦江区测试路47号1栋973室,1,2026-08-11 11:49:42
764,376,测试用户376,13853440826,上海市,上海市,武昌区,武昌区测试路779号8栋891室,0,2026-08-09 14:58:42
765,376,测试用户376,13866378982,广东省,珠海市,锦江区,锦江区测试路945号3栋164室,0,2026-07-28 10:48:42
766,377,测试用户377,13891407521,上海市,上海市,鼓楼区,鼓楼区测试路647号1栋279室,1,2026-08-06 15:11:42
767,378,测试用户378,13836807901,湖北省,武汉市,芙蓉区,芙蓉区测试路201号9栋603室,1,2026-08-01 21:37:42
768,378,测试用户378,13868258950,浙江省,杭州市,南山区,南山区测试路834号17栋929室,0,2026-08-10 16:18:42
769,379,测试用户379,13828865991,上海市,上海市,海淀区,海淀区测试路915号1栋469室,1,2026-08-03 00:21:42
770,380,测试用户380,13876595544,四川省,成都市,芙蓉区,芙蓉区测试路195号7栋685室,1,2026-08-01 02:33:42
771,381,测试用户381,13867379655,广东省,广州市,武昌区,武昌区测试路641号13栋995室,1,2026-08-14 00:50:42
772,381,测试用户381,13823544314,广东省,珠海市,西湖区,西湖区测试路121号16栋337室,0,2026-08-14 23:21:42
773,382,测试用户382,13843739900,北京市,北京市,西湖区,西湖区测试路400号12栋170室,1,2026-08-11 09:51:42
774,382,测试用户382,13851908052,浙江省,温州市,芙蓉区,芙蓉区测试路409号20栋159室,0,2026-07-29 19:58:42
775,383,测试用户383,13814331840,湖南省,株洲市,海淀区,海淀区测试路347号14栋368室,1,2026-08-10 07:59:42
776,384,测试用户384,13854239393,广东省,广州市,芙蓉区,芙蓉区测试路947号2栋342室,1,2026-08-01 16:04:42
777,385,测试用户385,13865866810,北京市,北京市,朝阳区,朝阳区测试路613号20栋183室,1,2026-07-30 03:47:42
778,385,测试用户385,13823966860,江苏省,无锡市,海淀区,海淀区测试路37号16栋620室,0,2026-08-08 22:33:42
779,385,测试用户385,13840568777,湖北省,宜昌市,西湖区,西湖区测试路22号2栋127室,0,2026-08-10 01:17:42
780,386,测试用户386,13861959009,北京市,北京市,海淀区,海淀区测试路785号13栋813室,1,2026-08-12 05:11:42
781,386,测试用户386,13868781037,湖北省,武汉市,朝阳区,朝阳区测试路121号20栋477室,0,2026-08-05 12:34:42
782,387,测试用户387,13822346797,北京市,北京市,天河区,天河区测试路603号1栋333室,1,2026-08-02 19:07:42
783,387,测试用户387,13817634795,北京市,北京市,天河区,天河区测试路79号2栋230室,0,2026-08-02 13:37:42
784,388,测试用户388,13849246971,四川省,绵阳市,天河区,天河区测试路133号20栋508室,1,2026-07-31 21:48:42
785,389,测试用户389,13882966957,上海市,上海市,西湖区,西湖区测试路211号16栋823室,1,2026-08-05 11:27:42
786,389,测试用户389,13849283302,江苏省,苏州市,芙蓉区,芙蓉区测试路890号8栋640室,0,2026-08-08 08:11:42
787,389,测试用户389,13865141186,上海市,上海市,鼓楼区,鼓楼区测试路723号20栋598室,0,2026-08-08 16:42:42
788,390,测试用户390,13838289021,浙江省,宁波市,芙蓉区,芙蓉区测试路126号12栋843室,1,2026-08-12 17:40:42
789,391,测试用户391,13812857448,湖南省,株洲市,朝阳区,朝阳区测试路511号2栋377室,1,2026-08-08 00:31:42
790,391,测试用户391,13847459158,江苏省,南京市,海淀区,海淀区测试路876号20栋494室,0,2026-08-01 18:00:42
791,391,测试用户391,13815961354,湖北省,宜昌市,武昌区,武昌区测试路230号7栋489室,0,2026-08-10 21:28:42
792,392,测试用户392,13882685498,北京市,北京市,海淀区,海淀区测试路782号12栋127室,1,2026-07-28 07:56:42
793,392,测试用户392,13813670202,江苏省,无锡市,天河区,天河区测试路350号20栋545室,0,2026-08-02 18:56:42
794,392,测试用户392,13862091317,北京市,北京市,芙蓉区,芙蓉区测试路976号10栋980室,0,2026-07-30 04:28:42
795,393,测试用户393,13872724302,江苏省,南京市,锦江区,锦江区测试路764号8栋236室,1,2026-08-16 10:04:42
796,393,测试用户393,13882853994,江苏省,南京市,天河区,天河区测试路303号11栋685室,0,2026-08-04 17:16:42
797,393,测试用户393,13898480345,江苏省,苏州市,西湖区,西湖区测试路257号20栋113室,0,2026-08-13 09:19:42
798,394,测试用户394,13869566993,四川省,绵阳市,南山区,南山区测试路474号1栋551室,1,2026-08-16 04:53:42
799,394,测试用户394,13839238325,四川省,绵阳市,芙蓉区,芙蓉区测试路419号2栋694室,0,2026-08-14 09:58:42
800,394,测试用户394,13834132872,四川省,成都市,武昌区,武昌区测试路265号9栋366室,0,2026-08-01 14:41:42
801,395,测试用户395,13841228768,广东省,广州市,海淀区,海淀区测试路118号2栋289室,1,2026-07-31 04:18:42
802,395,测试用户395,13840595256,四川省,成都市,芙蓉区,芙蓉区测试路63号9栋364室,0,2026-08-15 21:01:42
803,395,测试用户395,13856939919,四川省,成都市,天河区,天河区测试路112号3栋620室,0,2026-08-02 15:23:42
804,396,测试用户396,13886553214,浙江省,杭州市,鼓楼区,鼓楼区测试路381号14栋174室,1,2026-08-03 09:46:42
805,397,测试用户397,13864779294,四川省,绵阳市,鼓楼区,鼓楼区测试路919号12栋582室,1,2026-08-06 23:54:42
806,398,测试用户398,13830141148,四川省,成都市,西湖区,西湖区测试路934号19栋127室,1,2026-08-12 23:42:42
807,399,测试用户399,13888206824,四川省,成都市,锦江区,锦江区测试路34号5栋491室,1,2026-08-14 15:56:42
808,399,测试用户399,13887099930,浙江省,温州市,芙蓉区,芙蓉区测试路646号18栋852室,0,2026-08-03 01:09:42
809,400,测试用户400,13879838315,北京市,北京市,芙蓉区,芙蓉区测试路452号11栋376室,1,2026-08-10 00:37:42
810,401,测试用户401,13840989625,四川省,成都市,鼓楼区,鼓楼区测试路467号11栋867室,1,2026-08-12 20:40:42
811,402,测试用户402,13857242574,湖北省,宜昌市,朝阳区,朝阳区测试路574号17栋179室,1,2026-08-04 22:25:42
812,402,测试用户402,13840838308,浙江省,宁波市,锦江区,锦江区测试路584号5栋651室,0,2026-08-09 05:12:42
813,403,测试用户403,13848505078,广东省,珠海市,西湖区,西湖区测试路350号11栋221室,1,2026-08-14 05:29:42
814,403,测试用户403,13894910129,广东省,珠海市,武昌区,武昌区测试路903号7栋285室,0,2026-08-02 18:45:42
815,403,测试用户403,13884434303,上海市,上海市,西湖区,西湖区测试路729号16栋861室,0,2026-08-13 14:00:42
816,404,测试用户404,13819799868,湖北省,武汉市,南山区,南山区测试路136号17栋988室,1,2026-07-31 05:58:42
817,405,测试用户405,13884751326,四川省,成都市,锦江区,锦江区测试路248号10栋222室,1,2026-08-06 08:18:42
818,405,测试用户405,13857641606,上海市,上海市,朝阳区,朝阳区测试路973号15栋519室,0,2026-08-01 19:02:42
819,406,测试用户406,13834622346,江苏省,苏州市,南山区,南山区测试路742号19栋940室,1,2026-07-31 16:46:42
820,406,测试用户406,13860918794,北京市,北京市,武昌区,武昌区测试路329号15栋281室,0,2026-07-30 19:18:42
821,407,测试用户407,13876208728,上海市,上海市,西湖区,西湖区测试路350号2栋678室,1,2026-07-31 02:18:42
822,407,测试用户407,13861548700,湖北省,宜昌市,鼓楼区,鼓楼区测试路327号6栋247室,0,2026-08-14 18:59:42
823,408,测试用户408,13847346918,浙江省,宁波市,芙蓉区,芙蓉区测试路589号20栋422室,1,2026-08-13 07:37:42
824,408,测试用户408,13846755323,广东省,广州市,西湖区,西湖区测试路499号15栋330室,0,2026-08-11 08:57:42
825,408,测试用户408,13841094836,江苏省,无锡市,朝阳区,朝阳区测试路683号9栋245室,0,2026-08-13 12:20:42
826,409,测试用户409,13882454722,广东省,广州市,海淀区,海淀区测试路551号7栋107室,1,2026-08-01 18:32:42
827,409,测试用户409,13869703357,浙江省,宁波市,锦江区,锦江区测试路534号5栋951室,0,2026-08-02 08:57:42
828,409,测试用户409,13868017753,上海市,上海市,武昌区,武昌区测试路506号9栋189室,0,2026-08-12 10:09:42
829,410,测试用户410,13839855629,上海市,上海市,朝阳区,朝阳区测试路745号3栋435室,1,2026-08-11 02:34:42
830,410,测试用户410,13819943990,江苏省,苏州市,芙蓉区,芙蓉区测试路724号11栋140室,0,2026-08-03 14:56:42
831,410,测试用户410,13898735423,四川省,成都市,芙蓉区,芙蓉区测试路858号2栋750室,0,2026-08-16 11:47:42
832,411,测试用户411,13845606090,湖北省,武汉市,天河区,天河区测试路482号5栋597室,1,2026-08-10 19:24:42
833,411,测试用户411,13895197752,江苏省,南京市,天河区,天河区测试路897号3栋629室,0,2026-08-10 18:28:42
834,411,测试用户411,13892036182,上海市,上海市,芙蓉区,芙蓉区测试路214号6栋140室,0,2026-08-02 20:39:42
835,412,测试用户412,13874992661,湖北省,武汉市,鼓楼区,鼓楼区测试路544号6栋999室,1,2026-08-07 10:59:42
836,412,测试用户412,13875796479,江苏省,无锡市,武昌区,武昌区测试路816号13栋713室,0,2026-08-05 01:25:42
837,412,测试用户412,13825081699,江苏省,南京市,天河区,天河区测试路987号10栋530室,0,2026-08-02 08:40:42
838,413,测试用户413,13872375800,湖北省,武汉市,南山区,南山区测试路980号11栋777室,1,2026-08-13 07:11:42
839,413,测试用户413,13875655873,湖北省,武汉市,武昌区,武昌区测试路616号14栋804室,0,2026-08-09 18:37:42
840,413,测试用户413,13864895832,江苏省,无锡市,天河区,天河区测试路63号18栋891室,0,2026-08-06 10:12:42
841,414,测试用户414,13867069281,湖北省,宜昌市,武昌区,武昌区测试路409号9栋156室,1,2026-08-08 03:09:42
842,414,测试用户414,13851407598,浙江省,宁波市,海淀区,海淀区测试路459号14栋327室,0,2026-07-29 13:21:42
843,415,测试用户415,13891196518,上海市,上海市,南山区,南山区测试路553号1栋840室,1,2026-08-16 06:50:42
844,416,测试用户416,13818518098,四川省,绵阳市,芙蓉区,芙蓉区测试路671号2栋632室,1,2026-08-10 07:21:42
845,416,测试用户416,13863086639,浙江省,杭州市,芙蓉区,芙蓉区测试路881号8栋398室,0,2026-08-11 07:34:42
846,416,测试用户416,13843380451,湖北省,武汉市,芙蓉区,芙蓉区测试路963号1栋137室,0,2026-08-16 02:49:42
847,417,测试用户417,13831064869,湖北省,宜昌市,海淀区,海淀区测试路290号10栋125室,1,2026-08-08 22:06:42
848,417,测试用户417,13826595059,浙江省,杭州市,西湖区,西湖区测试路833号13栋772室,0,2026-08-04 14:03:42
849,417,测试用户417,13819917380,江苏省,南京市,朝阳区,朝阳区测试路517号14栋121室,0,2026-08-15 19:02:42
850,418,测试用户418,13836076367,广东省,广州市,锦江区,锦江区测试路852号20栋980室,1,2026-08-07 08:28:42
851,418,测试用户418,13871593272,北京市,北京市,西湖区,西湖区测试路208号4栋371室,0,2026-07-29 03:31:42
852,418,测试用户418,13839830286,江苏省,苏州市,朝阳区,朝阳区测试路991号14栋675室,0,2026-08-08 03:37:42
853,419,测试用户419,13876710893,浙江省,宁波市,海淀区,海淀区测试路746号13栋482室,1,2026-07-29 20:49:42
854,419,测试用户419,13863331228,湖南省,长沙市,海淀区,海淀区测试路790号8栋558室,0,2026-08-05 03:19:42
855,419,测试用户419,13829296651,上海市,上海市,鼓楼区,鼓楼区测试路830号3栋198室,0,2026-07-30 13:42:42
856,420,测试用户420,13864115926,浙江省,杭州市,南山区,南山区测试路632号16栋636室,1,2026-07-29 11:52:42
857,420,测试用户420,13851802776,湖南省,株洲市,锦江区,锦江区测试路759号11栋955室,0,2026-08-12 17:35:42
858,421,测试用户421,13838081593,湖北省,武汉市,西湖区,西湖区测试路774号18栋914室,1,2026-08-01 01:24:42
859,421,测试用户421,13871924305,四川省,成都市,鼓楼区,鼓楼区测试路726号16栋627室,0,2026-07-29 19:09:42
860,421,测试用户421,13820402470,上海市,上海市,锦江区,锦江区测试路385号5栋876室,0,2026-08-16 13:22:42
861,422,测试用户422,13868733846,上海市,上海市,天河区,天河区测试路891号4栋140室,1,2026-08-03 03:45:42
862,422,测试用户422,13866122786,湖南省,长沙市,芙蓉区,芙蓉区测试路409号1栋404室,0,2026-08-13 05:37:42
863,422,测试用户422,13892557389,江苏省,无锡市,鼓楼区,鼓楼区测试路911号12栋678室,0,2026-08-11 14:37:42
864,423,测试用户423,13879709974,浙江省,温州市,鼓楼区,鼓楼区测试路620号9栋584室,1,2026-08-02 11:56:42
865,423,测试用户423,13880380884,四川省,成都市,南山区,南山区测试路733号16栋111室,0,2026-08-06 05:44:42
866,423,测试用户423,13810751945,广东省,深圳市,朝阳区,朝阳区测试路320号7栋305室,0,2026-08-13 01:26:42
867,424,测试用户424,13889786327,上海市,上海市,武昌区,武昌区测试路161号3栋459室,1,2026-07-30 11:33:42
868,424,测试用户424,13848143010,北京市,北京市,西湖区,西湖区测试路841号14栋699室,0,2026-08-07 07:16:42
869,425,测试用户425,13896114007,江苏省,无锡市,芙蓉区,芙蓉区测试路676号7栋180室,1,2026-07-29 14:49:42
870,425,测试用户425,13845290889,浙江省,宁波市,南山区,南山区测试路578号4栋230室,0,2026-07-31 00:14:42
871,426,测试用户426,13838092671,四川省,绵阳市,武昌区,武昌区测试路173号1栋903室,1,2026-08-09 12:50:42
872,426,测试用户426,13873815697,广东省,广州市,南山区,南山区测试路896号1栋432室,0,2026-08-14 17:47:42
873,427,测试用户427,13853901191,湖南省,株洲市,武昌区,武昌区测试路310号17栋879室,1,2026-08-13 11:20:42
874,427,测试用户427,13873683359,湖北省,宜昌市,锦江区,锦江区测试路364号10栋959室,0,2026-07-31 08:22:42
875,427,测试用户427,13895063153,上海市,上海市,南山区,南山区测试路854号9栋829室,0,2026-08-12 05:20:42
876,428,测试用户428,13884880752,湖南省,株洲市,朝阳区,朝阳区测试路922号14栋768室,1,2026-08-05 13:54:42
877,428,测试用户428,13866918776,四川省,绵阳市,鼓楼区,鼓楼区测试路219号20栋674室,0,2026-08-10 06:32:42
878,429,测试用户429,13858451442,北京市,北京市,武昌区,武昌区测试路539号7栋106室,1,2026-07-29 09:34:42
879,430,测试用户430,13811744092,四川省,绵阳市,芙蓉区,芙蓉区测试路622号9栋135室,1,2026-08-07 22:25:42
880,431,测试用户431,13893922374,北京市,北京市,西湖区,西湖区测试路59号19栋944室,1,2026-08-15 19:56:42
881,431,测试用户431,13833323144,湖南省,株洲市,武昌区,武昌区测试路485号18栋927室,0,2026-08-13 17:32:42
882,432,测试用户432,13827669523,广东省,珠海市,南山区,南山区测试路85号14栋955室,1,2026-08-13 17:27:42
883,433,测试用户433,13883025649,北京市,北京市,朝阳区,朝阳区测试路285号7栋771室,1,2026-07-27 19:54:42
884,433,测试用户433,13888765336,四川省,绵阳市,南山区,南山区测试路740号12栋629室,0,2026-08-15 21:30:42
885,433,测试用户433,13835895959,湖北省,武汉市,朝阳区,朝阳区测试路845号17栋252室,0,2026-08-08 16:44:42
886,434,测试用户434,13877842475,北京市,北京市,天河区,天河区测试路420号6栋751室,1,2026-08-16 09:38:42
887,434,测试用户434,13872579321,四川省,成都市,鼓楼区,鼓楼区测试路582号3栋680室,0,2026-08-02 16:48:42
888,435,测试用户435,13834918714,广东省,珠海市,朝阳区,朝阳区测试路326号19栋742室,1,2026-08-16 13:05:42
889,436,测试用户436,13871787010,浙江省,温州市,鼓楼区,鼓楼区测试路84号8栋416室,1,2026-08-09 19:07:42
890,437,测试用户437,13860910187,广东省,深圳市,海淀区,海淀区测试路723号10栋283室,1,2026-08-08 14:19:42
891,437,测试用户437,13835265855,四川省,绵阳市,天河区,天河区测试路280号7栋282室,0,2026-08-07 10:11:42
892,437,测试用户437,13875751340,湖南省,株洲市,朝阳区,朝阳区测试路364号19栋473室,0,2026-08-04 22:22:42
893,438,测试用户438,13830898267,广东省,广州市,锦江区,锦江区测试路551号19栋316室,1,2026-08-03 07:14:42
894,438,测试用户438,13877614227,江苏省,南京市,鼓楼区,鼓楼区测试路565号9栋193室,0,2026-07-31 12:39:42
895,439,测试用户439,13825475060,湖南省,株洲市,海淀区,海淀区测试路530号6栋587室,1,2026-08-12 04:18:42
896,440,测试用户440,13853268043,四川省,绵阳市,海淀区,海淀区测试路719号4栋745室,1,2026-08-05 18:45:42
897,440,测试用户440,13855187329,湖北省,宜昌市,鼓楼区,鼓楼区测试路664号4栋292室,0,2026-08-05 09:45:42
898,441,测试用户441,13892760305,广东省,广州市,武昌区,武昌区测试路468号19栋690室,1,2026-08-02 19:30:42
899,441,测试用户441,13860092039,湖南省,长沙市,西湖区,西湖区测试路616号11栋595室,0,2026-08-04 09:53:42
900,442,测试用户442,13846153018,上海市,上海市,锦江区,锦江区测试路977号19栋511室,1,2026-07-29 18:45:42
901,443,测试用户443,13836637137,广东省,深圳市,芙蓉区,芙蓉区测试路975号19栋870室,1,2026-08-12 14:13:42
902,443,测试用户443,13851509991,四川省,成都市,朝阳区,朝阳区测试路812号5栋921室,0,2026-08-05 04:30:42
903,443,测试用户443,13898396950,广东省,深圳市,海淀区,海淀区测试路152号7栋277室,0,2026-08-07 09:50:42
904,444,测试用户444,13822101995,浙江省,杭州市,锦江区,锦江区测试路742号8栋258室,1,2026-07-30 07:55:42
905,445,测试用户445,13873189799,广东省,深圳市,朝阳区,朝阳区测试路564号13栋816室,1,2026-08-10 03:13:42
906,445,测试用户445,13822861395,湖北省,宜昌市,天河区,天河区测试路397号5栋426室,0,2026-08-12 06:06:42
907,446,测试用户446,13890119779,江苏省,无锡市,锦江区,锦江区测试路404号18栋174室,1,2026-08-05 03:13:42
908,446,测试用户446,13841562316,北京市,北京市,南山区,南山区测试路378号12栋449室,0,2026-07-31 18:16:42
909,447,测试用户447,13828532770,湖北省,武汉市,天河区,天河区测试路512号7栋146室,1,2026-08-10 09:28:42
910,447,测试用户447,13897784425,上海市,上海市,锦江区,锦江区测试路185号14栋255室,0,2026-08-07 09:31:42
911,447,测试用户447,13866604567,湖南省,长沙市,西湖区,西湖区测试路184号6栋508室,0,2026-07-31 15:26:42
912,448,测试用户448,13811640743,四川省,成都市,锦江区,锦江区测试路165号11栋232室,1,2026-07-29 02:31:42
913,449,测试用户449,13897753863,湖南省,长沙市,武昌区,武昌区测试路983号13栋533室,1,2026-08-15 09:28:42
914,449,测试用户449,13891018658,江苏省,无锡市,朝阳区,朝阳区测试路827号15栋615室,0,2026-08-05 03:10:42
915,449,测试用户449,13834003439,四川省,绵阳市,朝阳区,朝阳区测试路435号18栋878室,0,2026-08-03 21:50:42
916,450,测试用户450,13836523174,北京市,北京市,西湖区,西湖区测试路528号20栋846室,1,2026-08-02 05:52:42
917,451,测试用户451,13875715873,江苏省,南京市,朝阳区,朝阳区测试路472号12栋152室,1,2026-07-27 21:32:42
918,451,测试用户451,13849747835,江苏省,苏州市,鼓楼区,鼓楼区测试路786号1栋656室,0,2026-08-08 13:37:42
919,452,测试用户452,13853571443,湖北省,武汉市,武昌区,武昌区测试路305号2栋711室,1,2026-08-13 07:09:42
920,452,测试用户452,13833519462,北京市,北京市,天河区,天河区测试路87号18栋197室,0,2026-08-11 19:46:42
921,453,测试用户453,13856356961,湖南省,株洲市,西湖区,西湖区测试路996号15栋806室,1,2026-07-28 10:57:42
922,453,测试用户453,13853833963,湖南省,长沙市,朝阳区,朝阳区测试路382号2栋251室,0,2026-07-27 19:15:42
923,453,测试用户453,13820571641,上海市,上海市,芙蓉区,芙蓉区测试路346号10栋533室,0,2026-08-04 18:44:42
924,454,测试用户454,13868174698,江苏省,无锡市,朝阳区,朝阳区测试路989号4栋913室,1,2026-08-10 00:39:42
925,454,测试用户454,13882364511,江苏省,无锡市,芙蓉区,芙蓉区测试路875号8栋811室,0,2026-08-15 07:19:42
926,454,测试用户454,13846881253,湖南省,长沙市,锦江区,锦江区测试路765号6栋384室,0,2026-07-30 21:53:42
927,455,测试用户455,13846598410,湖北省,武汉市,西湖区,西湖区测试路6号14栋313室,1,2026-08-16 05:13:42
928,455,测试用户455,13872067810,广东省,深圳市,西湖区,西湖区测试路614号11栋200室,0,2026-08-09 11:54:42
929,455,测试用户455,13892058877,四川省,成都市,朝阳区,朝阳区测试路295号20栋947室,0,2026-08-02 00:29:42
930,456,测试用户456,13884847472,四川省,绵阳市,武昌区,武昌区测试路13号11栋449室,1,2026-08-06 07:03:42
931,456,测试用户456,13876971243,湖南省,长沙市,武昌区,武昌区测试路216号18栋815室,0,2026-08-10 21:31:42
932,456,测试用户456,13898677450,江苏省,苏州市,海淀区,海淀区测试路873号19栋181室,0,2026-08-01 01:33:42
933,457,测试用户457,13859552038,浙江省,温州市,芙蓉区,芙蓉区测试路312号10栋869室,1,2026-08-06 04:12:42
934,458,测试用户458,13893787448,北京市,北京市,南山区,南山区测试路361号19栋542室,1,2026-08-03 18:07:42
935,458,测试用户458,13841503392,江苏省,无锡市,武昌区,武昌区测试路385号18栋235室,0,2026-08-03 23:01:42
936,459,测试用户459,13838360899,上海市,上海市,天河区,天河区测试路114号19栋397室,1,2026-08-11 13:06:42
937,460,测试用户460,13839226259,湖北省,宜昌市,鼓楼区,鼓楼区测试路429号20栋386室,1,2026-08-06 07:15:42
938,460,测试用户460,13881890645,上海市,上海市,芙蓉区,芙蓉区测试路546号13栋331室,0,2026-08-04 03:07:42
939,460,测试用户460,13831067861,湖南省,株洲市,武昌区,武昌区测试路947号6栋510室,0,2026-08-07 18:21:42
940,461,测试用户461,13861452825,湖南省,长沙市,朝阳区,朝阳区测试路595号14栋529室,1,2026-08-03 12:15:42
941,461,测试用户461,13891833362,北京市,北京市,南山区,南山区测试路635号17栋183室,0,2026-07-28 00:09:42
942,462,测试用户462,13832341731,北京市,北京市,天河区,天河区测试路583号16栋801室,1,2026-08-14 07:54:42
943,462,测试用户462,13871440701,湖北省,武汉市,南山区,南山区测试路378号8栋280室,0,2026-07-31 19:57:42
944,463,测试用户463,13818699029,四川省,成都市,西湖区,西湖区测试路916号1栋312室,1,2026-07-29 04:26:42
945,464,测试用户464,13871928895,湖南省,长沙市,南山区,南山区测试路513号4栋923室,1,2026-07-28 08:00:42
946,465,测试用户465,13810923862,浙江省,宁波市,朝阳区,朝阳区测试路767号2栋799室,1,2026-08-03 02:25:42
947,466,测试用户466,13882120748,上海市,上海市,西湖区,西湖区测试路124号20栋763室,1,2026-07-29 20:54:42
948,466,测试用户466,13849320837,湖南省,株洲市,海淀区,海淀区测试路832号13栋949室,0,2026-08-15 07:30:42
949,467,测试用户467,13823908045,湖南省,株洲市,朝阳区,朝阳区测试路150号9栋877室,1,2026-07-29 15:09:42
950,467,测试用户467,13898118904,广东省,深圳市,锦江区,锦江区测试路348号5栋349室,0,2026-08-01 12:39:42
951,467,测试用户467,13871504202,上海市,上海市,朝阳区,朝阳区测试路921号16栋871室,0,2026-08-09 10:34:42
952,468,测试用户468,13844617672,湖南省,株洲市,武昌区,武昌区测试路582号9栋709室,1,2026-08-15 14:46:42
953,468,测试用户468,13859774794,江苏省,南京市,天河区,天河区测试路578号12栋831室,0,2026-08-07 09:10:42
954,469,测试用户469,13849578072,江苏省,苏州市,武昌区,武昌区测试路159号5栋251室,1,2026-07-28 09:01:42
955,470,测试用户470,13813758727,江苏省,无锡市,天河区,天河区测试路872号7栋698室,1,2026-08-07 14:18:42
956,470,测试用户470,13878262003,北京市,北京市,鼓楼区,鼓楼区测试路764号17栋516室,0,2026-07-31 22:58:42
957,471,测试用户471,13852184126,四川省,成都市,芙蓉区,芙蓉区测试路536号12栋488室,1,2026-07-31 22:45:42
958,472,测试用户472,13860985606,湖南省,长沙市,武昌区,武昌区测试路15号3栋451室,1,2026-08-09 09:42:42
959,472,测试用户472,13891690443,浙江省,杭州市,西湖区,西湖区测试路797号4栋766室,0,2026-08-10 07:24:42
960,472,测试用户472,13840651479,湖南省,长沙市,芙蓉区,芙蓉区测试路760号7栋473室,0,2026-08-15 06:15:42
961,473,测试用户473,13884260585,四川省,成都市,西湖区,西湖区测试路985号18栋967室,1,2026-07-30 16:04:42
962,474,测试用户474,13844369411,湖南省,长沙市,天河区,天河区测试路817号6栋807室,1,2026-08-09 11:11:42
963,475,测试用户475,13891757079,湖南省,长沙市,海淀区,海淀区测试路273号18栋385室,1,2026-08-13 19:43:42
964,475,测试用户475,13850635874,上海市,上海市,芙蓉区,芙蓉区测试路63号7栋334室,0,2026-08-09 00:07:42
965,475,测试用户475,13882066013,湖南省,株洲市,朝阳区,朝阳区测试路903号2栋427室,0,2026-08-14 12:25:42
966,476,测试用户476,13836494075,湖南省,长沙市,武昌区,武昌区测试路103号18栋704室,1,2026-08-09 23:24:42
967,477,测试用户477,13869410378,北京市,北京市,朝阳区,朝阳区测试路797号7栋704室,1,2026-07-28 04:55:42
968,477,测试用户477,13876116342,江苏省,苏州市,西湖区,西湖区测试路647号6栋437室,0,2026-07-31 03:23:42
969,478,测试用户478,13843423167,江苏省,苏州市,芙蓉区,芙蓉区测试路350号9栋795室,1,2026-07-30 02:36:42
970,478,测试用户478,13875441939,湖南省,长沙市,南山区,南山区测试路7号11栋622室,0,2026-08-01 03:45:42
971,479,测试用户479,13822692698,上海市,上海市,西湖区,西湖区测试路948号15栋451室,1,2026-07-30 13:43:42
972,480,测试用户480,13877347727,浙江省,杭州市,西湖区,西湖区测试路313号11栋885室,1,2026-07-31 03:49:42
973,481,测试用户481,13886639453,江苏省,无锡市,天河区,天河区测试路689号5栋432室,1,2026-08-11 12:06:42
974,481,测试用户481,13891889353,湖北省,武汉市,南山区,南山区测试路679号6栋434室,0,2026-07-31 03:14:42
975,481,测试用户481,13845279856,湖北省,宜昌市,天河区,天河区测试路484号10栋480室,0,2026-08-12 09:34:42
976,482,测试用户482,13851341326,四川省,绵阳市,武昌区,武昌区测试路436号19栋503室,1,2026-08-03 18:07:42
977,482,测试用户482,13857460993,湖北省,武汉市,锦江区,锦江区测试路662号5栋568室,0,2026-08-08 18:03:42
978,482,测试用户482,13849566968,浙江省,杭州市,西湖区,西湖区测试路853号12栋125室,0,2026-08-06 05:05:42
979,483,测试用户483,13892886941,四川省,成都市,天河区,天河区测试路516号15栋977室,1,2026-08-08 15:51:42
980,483,测试用户483,13874381921,浙江省,杭州市,鼓楼区,鼓楼区测试路965号19栋582室,0,2026-08-14 21:31:42
981,484,测试用户484,13891430545,湖南省,长沙市,西湖区,西湖区测试路601号13栋161室,1,2026-08-13 17:15:42
982,484,测试用户484,13859586582,四川省,绵阳市,芙蓉区,芙蓉区测试路449号10栋214室,0,2026-08-01 13:59:42
983,484,测试用户484,13830370571,上海市,上海市,锦江区,锦江区测试路895号5栋704室,0,2026-08-07 00:43:42
984,485,测试用户485,13854002223,上海市,上海市,天河区,天河区测试路587号18栋882室,1,2026-08-08 01:22:42
985,485,测试用户485,13828853237,江苏省,无锡市,海淀区,海淀区测试路791号3栋992室,0,2026-08-06 06:58:42
986,485,测试用户485,13853119744,湖南省,长沙市,南山区,南山区测试路480号8栋572室,0,2026-08-05 08:43:42
987,486,测试用户486,13828826712,江苏省,苏州市,海淀区,海淀区测试路123号14栋538室,1,2026-08-04 03:04:42
988,486,测试用户486,13860126880,北京市,北京市,芙蓉区,芙蓉区测试路17号19栋548室,0,2026-08-15 02:00:42
989,486,测试用户486,13887150426,四川省,绵阳市,西湖区,西湖区测试路342号3栋853室,0,2026-08-14 00:50:42
990,487,测试用户487,13821774955,上海市,上海市,芙蓉区,芙蓉区测试路588号15栋725室,1,2026-08-10 16:06:42
991,487,测试用户487,13870570928,湖北省,宜昌市,武昌区,武昌区测试路911号5栋767室,0,2026-08-06 16:44:42
992,487,测试用户487,13868035365,四川省,绵阳市,芙蓉区,芙蓉区测试路911号1栋512室,0,2026-07-29 09:55:42
993,488,测试用户488,13840229850,湖北省,武汉市,海淀区,海淀区测试路331号14栋255室,1,2026-08-08 11:18:42
994,488,测试用户488,13887099818,四川省,绵阳市,天河区,天河区测试路948号12栋833室,0,2026-07-29 14:43:42
995,488,测试用户488,13834372157,广东省,广州市,西湖区,西湖区测试路104号1栋647室,0,2026-07-28 17:06:42
996,489,测试用户489,13852323714,四川省,成都市,鼓楼区,鼓楼区测试路951号8栋774室,1,2026-08-10 12:36:42
997,490,测试用户490,13839156896,湖北省,宜昌市,天河区,天河区测试路791号12栋128室,1,2026-08-12 04:48:42
998,491,测试用户491,13861058647,北京市,北京市,天河区,天河区测试路51号15栋550室,1,2026-08-04 12:42:42
999,491,测试用户491,13833501092,湖北省,武汉市,朝阳区,朝阳区测试路519号19栋842室,0,2026-07-31 15:45:42
1000,492,测试用户492,13852530857,上海市,上海市,鼓楼区,鼓楼区测试路426号7栋316室,1,2026-08-14 02:32:42
1001,493,测试用户493,13871331294,江苏省,无锡市,朝阳区,朝阳区测试路17号1栋490室,1,2026-08-03 06:01:42
1002,493,测试用户493,13851605042,上海市,上海市,鼓楼区,鼓楼区测试路857号3栋545室,0,2026-08-07 11:11:42
1003,494,测试用户494,13846871774,湖北省,宜昌市,海淀区,海淀区测试路748号11栋147室,1,2026-08-12 11:44:42
1004,495,测试用户495,13830905527,北京市,北京市,芙蓉区,芙蓉区测试路144号16栋881室,1,2026-08-15 17:17:42
1005,495,测试用户495,13859889271,浙江省,温州市,西湖区,西湖区测试路633号14栋944室,0,2026-08-11 05:44:42
1006,495,测试用户495,13899747074,广东省,珠海市,南山区,南山区测试路186号12栋213室,0,2026-08-11 18:24:42
1007,496,测试用户496,13845592037,江苏省,苏州市,鼓楼区,鼓楼区测试路637号11栋130室,1,2026-08-16 08:54:42
1008,497,测试用户497,13816241050,北京市,北京市,锦江区,锦江区测试路553号13栋881室,1,2026-07-27 19:22:42
1009,497,测试用户497,13812005006,广东省,广州市,朝阳区,朝阳区测试路358号8栋195室,0,2026-08-03 16:48:42
1010,498,测试用户498,13869111612,湖南省,株洲市,芙蓉区,芙蓉区测试路138号20栋929室,1,2026-08-16 09:25:42
1011,498,测试用户498,13853335744,湖南省,株洲市,南山区,南山区测试路673号18栋475室,0,2026-07-27 21:10:42
1012,499,测试用户499,13826889016,湖南省,株洲市,天河区,天河区测试路225号17栋233室,1,2026-08-12 11:13:42
1013,500,测试用户500,13892545856,上海市,上海市,西湖区,西湖区测试路108号8栋332室,1,2026-08-08 13:09:42
1014,501,测试用户501,13899705272,江苏省,苏州市,武昌区,武昌区测试路605号17栋630室,1,2026-07-29 10:07:42
1015,501,测试用户501,13860300871,广东省,深圳市,锦江区,锦江区测试路678号5栋694室,0,2026-08-14 18:58:42
1016,501,测试用户501,13834450775,湖北省,武汉市,天河区,天河区测试路15号5栋750室,0,2026-08-15 11:45:42
1017,502,测试用户502,13874940557,四川省,成都市,武昌区,武昌区测试路879号12栋293室,1,2026-07-29 06:27:42
1018,502,测试用户502,13883266696,浙江省,宁波市,西湖区,西湖区测试路451号4栋863室,0,2026-08-07 22:06:42
1019,503,测试用户503,13844263695,四川省,绵阳市,南山区,南山区测试路350号16栋891室,1,2026-07-30 04:13:42
1020,503,测试用户503,13845280921,上海市,上海市,芙蓉区,芙蓉区测试路65号12栋537室,0,2026-08-16 01:47:42
1021,503,测试用户503,13824916551,上海市,上海市,武昌区,武昌区测试路124号18栋830室,0,2026-08-07 14:00:42
1022,504,测试用户504,13884262472,江苏省,苏州市,锦江区,锦江区测试路963号3栋988室,1,2026-07-31 13:30:42
1023,504,测试用户504,13812244018,浙江省,杭州市,天河区,天河区测试路204号12栋639室,0,2026-07-28 14:19:42
1024,505,测试用户505,13840926924,北京市,北京市,芙蓉区,芙蓉区测试路711号17栋271室,1,2026-08-05 13:49:42
1025,505,测试用户505,13830407950,广东省,珠海市,天河区,天河区测试路554号20栋535室,0,2026-08-10 10:52:42
1026,505,测试用户505,13880027906,湖北省,宜昌市,锦江区,锦江区测试路996号14栋588室,0,2026-08-02 08:47:42
1027,506,测试用户506,13843732839,江苏省,南京市,朝阳区,朝阳区测试路726号18栋785室,1,2026-08-07 11:56:42
1028,506,测试用户506,13828831186,上海市,上海市,锦江区,锦江区测试路148号16栋943室,0,2026-08-11 11:30:42
1029,506,测试用户506,13862479086,广东省,珠海市,锦江区,锦江区测试路606号7栋355室,0,2026-08-05 16:41:42
1030,507,测试用户507,13888642156,广东省,深圳市,朝阳区,朝阳区测试路968号5栋311室,1,2026-08-02 14:12:42
1031,507,测试用户507,13895464025,江苏省,苏州市,海淀区,海淀区测试路121号17栋419室,0,2026-07-31 15:06:42
1032,508,测试用户508,13850107238,湖南省,长沙市,武昌区,武昌区测试路842号4栋655室,1,2026-07-28 04:46:42
1033,508,测试用户508,13815499119,上海市,上海市,西湖区,西湖区测试路391号9栋216室,0,2026-08-02 05:18:42
1034,508,测试用户508,13849071710,广东省,珠海市,武昌区,武昌区测试路231号17栋206室,0,2026-08-13 19:17:42
1035,509,测试用户509,13868046122,四川省,成都市,武昌区,武昌区测试路432号2栋754室,1,2026-08-13 10:02:42
1036,509,测试用户509,13854134771,江苏省,苏州市,芙蓉区,芙蓉区测试路430号9栋466室,0,2026-08-14 18:49:42
1037,509,测试用户509,13839714212,湖南省,长沙市,武昌区,武昌区测试路606号14栋782室,0,2026-08-08 15:06:42
1038,510,测试用户510,13899597988,湖南省,株洲市,芙蓉区,芙蓉区测试路392号2栋717室,1,2026-08-13 00:02:42
1039,510,测试用户510,13842026271,上海市,上海市,朝阳区,朝阳区测试路370号19栋789室,0,2026-07-28 05:03:42
1040,510,测试用户510,13896850744,湖北省,武汉市,鼓楼区,鼓楼区测试路808号15栋973室,0,2026-08-02 00:00:42
1041,511,测试用户511,13899800835,北京市,北京市,锦江区,锦江区测试路930号1栋322室,1,2026-07-29 13:54:42
1042,511,测试用户511,13865317019,四川省,成都市,西湖区,西湖区测试路822号1栋847室,0,2026-08-02 10:33:42
1043,511,测试用户511,13847128982,四川省,绵阳市,天河区,天河区测试路457号2栋433室,0,2026-08-01 20:15:42
1044,512,测试用户512,13883454371,广东省,广州市,芙蓉区,芙蓉区测试路664号11栋859室,1,2026-08-04 07:06:42
1045,512,测试用户512,13854796947,广东省,深圳市,朝阳区,朝阳区测试路361号20栋652室,0,2026-08-09 08:02:42
1046,513,测试用户513,13851999994,上海市,上海市,锦江区,锦江区测试路637号16栋755室,1,2026-08-11 06:43:42
1047,513,测试用户513,13857055917,江苏省,无锡市,武昌区,武昌区测试路346号15栋471室,0,2026-08-11 13:35:42
1048,514,测试用户514,13877930179,上海市,上海市,西湖区,西湖区测试路718号18栋404室,1,2026-07-30 01:44:42
1049,515,测试用户515,13822152370,上海市,上海市,朝阳区,朝阳区测试路729号20栋998室,1,2026-08-04 10:46:42
1050,515,测试用户515,13827855290,四川省,绵阳市,锦江区,锦江区测试路944号13栋207室,0,2026-08-06 23:19:42
1051,516,测试用户516,13815472438,四川省,成都市,武昌区,武昌区测试路252号18栋259室,1,2026-08-08 18:24:42
1052,517,测试用户517,13869103568,浙江省,杭州市,天河区,天河区测试路664号7栋249室,1,2026-08-16 09:40:42
1053,518,测试用户518,13884668321,湖南省,株洲市,锦江区,锦江区测试路565号19栋297室,1,2026-08-03 13:01:42
1054,519,测试用户519,13858851081,湖北省,宜昌市,西湖区,西湖区测试路823号9栋542室,1,2026-08-05 06:58:42
1055,519,测试用户519,13857925684,浙江省,宁波市,芙蓉区,芙蓉区测试路79号5栋430室,0,2026-08-09 01:18:42
1056,519,测试用户519,13873852434,广东省,广州市,芙蓉区,芙蓉区测试路549号11栋208室,0,2026-07-28 11:09:42
1057,520,测试用户520,13887075758,浙江省,宁波市,西湖区,西湖区测试路857号2栋572室,1,2026-07-28 04:24:42
1058,520,测试用户520,13812968249,湖北省,武汉市,南山区,南山区测试路574号15栋673室,0,2026-08-15 07:25:42
1059,521,测试用户521,13818779551,广东省,广州市,鼓楼区,鼓楼区测试路978号9栋684室,1,2026-08-07 19:54:42
1060,521,测试用户521,13863183240,湖南省,株洲市,南山区,南山区测试路221号15栋418室,0,2026-07-29 20:12:42
1061,521,测试用户521,13886484960,江苏省,苏州市,天河区,天河区测试路818号17栋517室,0,2026-08-12 01:12:42
1062,522,测试用户522,13858096857,四川省,成都市,海淀区,海淀区测试路602号4栋894室,1,2026-08-13 23:51:42
1063,522,测试用户522,13843393307,湖北省,武汉市,天河区,天河区测试路616号6栋956室,0,2026-08-11 18:14:42
1064,522,测试用户522,13821959568,湖南省,长沙市,鼓楼区,鼓楼区测试路97号13栋688室,0,2026-08-04 05:31:42
1065,523,测试用户523,13834560448,湖南省,长沙市,鼓楼区,鼓楼区测试路99号10栋464室,1,2026-08-10 20:28:42
1066,523,测试用户523,13834772080,江苏省,苏州市,朝阳区,朝阳区测试路267号13栋306室,0,2026-08-09 07:14:42
1067,523,测试用户523,13822620209,上海市,上海市,武昌区,武昌区测试路537号9栋121室,0,2026-07-28 17:20:42
1068,524,测试用户524,13810232048,四川省,成都市,南山区,南山区测试路987号17栋113室,1,2026-08-16 08:31:42
1069,525,测试用户525,13833138191,北京市,北京市,朝阳区,朝阳区测试路194号20栋611室,1,2026-08-11 01:42:42
1070,525,测试用户525,13890492828,四川省,成都市,南山区,南山区测试路384号19栋282室,0,2026-08-01 20:01:42
1071,526,测试用户526,13893494515,广东省,深圳市,海淀区,海淀区测试路40号18栋913室,1,2026-08-13 08:56:42
1072,527,测试用户527,13889202730,上海市,上海市,南山区,南山区测试路531号6栋203室,1,2026-08-01 12:17:42
1073,527,测试用户527,13871024383,广东省,珠海市,鼓楼区,鼓楼区测试路951号18栋952室,0,2026-08-04 04:48:42
1074,528,测试用户528,13859082552,上海市,上海市,天河区,天河区测试路145号8栋938室,1,2026-08-01 12:05:42
1075,528,测试用户528,13817868404,湖北省,武汉市,鼓楼区,鼓楼区测试路939号16栋931室,0,2026-07-29 15:01:42
1076,528,测试用户528,13885564137,上海市,上海市,芙蓉区,芙蓉区测试路589号18栋635室,0,2026-08-04 01:14:42
1077,529,测试用户529,13870116733,江苏省,苏州市,南山区,南山区测试路782号7栋400室,1,2026-08-03 06:28:42
1078,530,测试用户530,13875933037,上海市,上海市,海淀区,海淀区测试路107号11栋675室,1,2026-07-31 23:31:42
1079,530,测试用户530,13817397482,江苏省,苏州市,西湖区,西湖区测试路541号2栋293室,0,2026-08-14 08:58:42
1080,531,测试用户531,13816436549,广东省,珠海市,鼓楼区,鼓楼区测试路548号1栋149室,1,2026-08-07 06:43:42
1081,531,测试用户531,13878232914,四川省,成都市,锦江区,锦江区测试路537号6栋621室,0,2026-08-04 21:11:42
1082,531,测试用户531,13871368875,北京市,北京市,朝阳区,朝阳区测试路973号6栋327室,0,2026-08-06 16:10:42
1083,532,测试用户532,13816071188,湖南省,长沙市,海淀区,海淀区测试路945号13栋311室,1,2026-08-13 09:55:42
1084,533,测试用户533,13840651547,四川省,成都市,锦江区,锦江区测试路381号13栋146室,1,2026-08-12 14:17:42
1085,534,测试用户534,13837498028,江苏省,苏州市,西湖区,西湖区测试路963号9栋520室,1,2026-08-16 05:03:42
1086,535,测试用户535,13875527308,湖北省,宜昌市,天河区,天河区测试路260号20栋111室,1,2026-08-04 17:11:42
1087,535,测试用户535,13819465618,湖南省,长沙市,天河区,天河区测试路653号4栋219室,0,2026-08-11 03:51:42
1088,536,测试用户536,13863446108,四川省,成都市,西湖区,西湖区测试路292号18栋394室,1,2026-08-07 00:39:42
1089,537,测试用户537,13821610244,上海市,上海市,天河区,天河区测试路569号16栋306室,1,2026-08-12 02:53:42
1090,538,测试用户538,13840688223,湖南省,长沙市,朝阳区,朝阳区测试路39号13栋289室,1,2026-08-13 20:04:42
1091,538,测试用户538,13892586963,上海市,上海市,锦江区,锦江区测试路380号15栋857室,0,2026-08-12 04:17:42
1092,539,测试用户539,13815873085,浙江省,杭州市,鼓楼区,鼓楼区测试路583号1栋257室,1,2026-08-06 09:57:42
1093,540,测试用户540,13896454359,四川省,绵阳市,天河区,天河区测试路58号13栋490室,1,2026-08-12 09:23:42
1094,541,测试用户541,13855082208,浙江省,杭州市,天河区,天河区测试路674号15栋126室,1,2026-08-02 16:02:42
1095,542,测试用户542,13829241916,江苏省,无锡市,南山区,南山区测试路561号11栋159室,1,2026-08-12 21:51:42
1096,543,测试用户543,13859710508,北京市,北京市,鼓楼区,鼓楼区测试路40号5栋207室,1,2026-08-09 18:31:42
1097,543,测试用户543,13886095382,北京市,北京市,锦江区,锦江区测试路123号8栋881室,0,2026-08-15 00:21:42
1098,544,测试用户544,13847912273,北京市,北京市,锦江区,锦江区测试路703号20栋497室,1,2026-08-01 19:40:42
1099,545,测试用户545,13895456101,湖南省,株洲市,鼓楼区,鼓楼区测试路466号16栋257室,1,2026-08-02 00:59:42
1100,545,测试用户545,13848502168,四川省,成都市,南山区,南山区测试路653号6栋498室,0,2026-08-08 13:32:42
1101,545,测试用户545,13829325175,北京市,北京市,西湖区,西湖区测试路44号15栋521室,0,2026-07-30 11:30:42
1102,546,测试用户546,13866524541,四川省,成都市,锦江区,锦江区测试路905号14栋572室,1,2026-08-02 04:31:42
1103,547,测试用户547,13899304909,四川省,绵阳市,鼓楼区,鼓楼区测试路409号5栋841室,1,2026-07-31 12:40:42
1104,547,测试用户547,13886287557,浙江省,温州市,天河区,天河区测试路200号20栋473室,0,2026-08-02 01:00:42
1105,548,测试用户548,13862724691,四川省,绵阳市,天河区,天河区测试路145号16栋212室,1,2026-07-29 22:27:42
1106,548,测试用户548,13816829764,江苏省,无锡市,锦江区,锦江区测试路205号7栋446室,0,2026-07-30 13:13:42
1107,549,测试用户549,13813199132,湖北省,武汉市,武昌区,武昌区测试路711号7栋496室,1,2026-07-28 21:44:42
1108,549,测试用户549,13896065526,江苏省,无锡市,南山区,南山区测试路412号19栋901室,0,2026-08-10 14:29:42
1109,550,测试用户550,13875321753,湖南省,长沙市,南山区,南山区测试路324号20栋882室,1,2026-07-28 02:08:42
1110,550,测试用户550,13821509178,北京市,北京市,朝阳区,朝阳区测试路22号1栋983室,0,2026-08-15 08:01:42
1111,551,测试用户551,13830213583,四川省,绵阳市,天河区,天河区测试路981号7栋415室,1,2026-08-14 07:16:42
1112,552,测试用户552,13833517361,湖南省,株洲市,鼓楼区,鼓楼区测试路297号10栋204室,1,2026-07-30 12:58:42
1113,552,测试用户552,13825896810,广东省,广州市,锦江区,锦江区测试路546号20栋520室,0,2026-08-11 01:20:42
1114,553,测试用户553,13825214980,湖南省,株洲市,天河区,天河区测试路680号5栋556室,1,2026-08-13 17:47:42
1115,553,测试用户553,13874005756,湖北省,宜昌市,锦江区,锦江区测试路175号1栋701室,0,2026-08-05 04:18:42
1116,553,测试用户553,13876003853,广东省,深圳市,海淀区,海淀区测试路970号19栋453室,0,2026-08-06 15:59:42
1117,554,测试用户554,13893756036,上海市,上海市,南山区,南山区测试路308号13栋254室,1,2026-08-12 21:43:42
1118,554,测试用户554,13857608618,四川省,绵阳市,朝阳区,朝阳区测试路618号16栋117室,0,2026-07-28 00:29:42
1119,555,测试用户555,13878910441,四川省,绵阳市,天河区,天河区测试路287号17栋125室,1,2026-08-01 07:58:42
1120,556,测试用户556,13845314481,北京市,北京市,西湖区,西湖区测试路460号14栋446室,1,2026-08-15 10:08:42
1121,557,测试用户557,13883990759,湖南省,长沙市,鼓楼区,鼓楼区测试路33号5栋993室,1,2026-07-28 18:08:42
1122,557,测试用户557,13836795548,北京市,北京市,锦江区,锦江区测试路927号16栋490室,0,2026-08-04 17:11:42
1123,557,测试用户557,13855048155,江苏省,无锡市,锦江区,锦江区测试路376号17栋975室,0,2026-08-03 05:10:42
1124,558,测试用户558,13884139544,广东省,深圳市,西湖区,西湖区测试路198号16栋389室,1,2026-08-08 15:57:42
1125,558,测试用户558,13878288809,湖南省,长沙市,鼓楼区,鼓楼区测试路918号4栋124室,0,2026-08-12 15:40:42
1126,559,测试用户559,13830670352,广东省,深圳市,朝阳区,朝阳区测试路586号8栋898室,1,2026-08-14 16:55:42
1127,560,测试用户560,13830970686,北京市,北京市,朝阳区,朝阳区测试路597号15栋747室,1,2026-08-05 21:49:42
1128,560,测试用户560,13836779296,上海市,上海市,南山区,南山区测试路941号3栋291室,0,2026-08-13 20:50:42
1129,560,测试用户560,13838215122,北京市,北京市,天河区,天河区测试路52号3栋497室,0,2026-08-05 22:22:42
1130,561,测试用户561,13891263173,湖南省,长沙市,武昌区,武昌区测试路724号6栋581室,1,2026-08-06 19:12:42
1131,562,测试用户562,13878126824,北京市,北京市,南山区,南山区测试路7号3栋281室,1,2026-08-10 10:46:42
1132,562,测试用户562,13820170987,浙江省,温州市,朝阳区,朝阳区测试路193号6栋969室,0,2026-08-06 11:45:42
1133,562,测试用户562,13878002009,湖北省,宜昌市,锦江区,锦江区测试路656号10栋324室,0,2026-08-03 10:03:42
1134,563,测试用户563,13897891427,浙江省,温州市,海淀区,海淀区测试路912号9栋389室,1,2026-08-11 16:52:42
1135,563,测试用户563,13818107284,上海市,上海市,鼓楼区,鼓楼区测试路635号14栋182室,0,2026-08-02 18:08:42
1136,564,测试用户564,13891269754,上海市,上海市,鼓楼区,鼓楼区测试路695号3栋683室,1,2026-08-07 19:02:42
1137,564,测试用户564,13874484747,四川省,绵阳市,鼓楼区,鼓楼区测试路380号16栋408室,0,2026-08-01 08:21:42
1138,564,测试用户564,13815731027,浙江省,杭州市,南山区,南山区测试路708号12栋520室,0,2026-08-02 04:35:42
1139,565,测试用户565,13830493013,湖南省,株洲市,武昌区,武昌区测试路146号13栋530室,1,2026-08-16 14:05:42
1140,565,测试用户565,13863609010,四川省,绵阳市,南山区,南山区测试路375号1栋545室,0,2026-08-11 14:18:42
1141,566,测试用户566,13862518275,浙江省,杭州市,海淀区,海淀区测试路484号5栋378室,1,2026-08-06 12:54:42
1142,567,测试用户567,13883729641,湖北省,武汉市,西湖区,西湖区测试路285号8栋295室,1,2026-07-31 23:09:42
1143,567,测试用户567,13831450764,湖南省,株洲市,锦江区,锦江区测试路500号2栋462室,0,2026-08-13 16:35:42
1144,568,测试用户568,13841561623,湖南省,株洲市,南山区,南山区测试路532号16栋923室,1,2026-08-10 05:24:42
1145,568,测试用户568,13855443506,北京市,北京市,南山区,南山区测试路646号10栋801室,0,2026-07-28 05:16:42
1146,568,测试用户568,13847835591,上海市,上海市,芙蓉区,芙蓉区测试路350号12栋927室,0,2026-08-12 07:19:42
1147,569,测试用户569,13859661702,上海市,上海市,武昌区,武昌区测试路428号8栋315室,1,2026-08-05 20:41:42
1148,569,测试用户569,13884490268,四川省,绵阳市,西湖区,西湖区测试路349号19栋913室,0,2026-08-05 20:43:42
1149,570,测试用户570,13843433510,四川省,成都市,天河区,天河区测试路501号19栋582室,1,2026-08-16 08:23:42
1150,571,测试用户571,13820912930,湖北省,武汉市,鼓楼区,鼓楼区测试路542号16栋574室,1,2026-07-27 19:38:42
1151,572,测试用户572,13847072327,湖南省,株洲市,天河区,天河区测试路729号5栋473室,1,2026-08-15 03:40:42
1152,573,测试用户573,13893302571,北京市,北京市,鼓楼区,鼓楼区测试路495号18栋250室,1,2026-08-08 08:24:42
1153,574,测试用户574,13890206794,浙江省,温州市,天河区,天河区测试路620号4栋403室,1,2026-08-14 18:59:42
1154,574,测试用户574,13847910637,浙江省,温州市,芙蓉区,芙蓉区测试路255号13栋534室,0,2026-08-16 09:39:42
1155,575,测试用户575,13813868320,广东省,深圳市,海淀区,海淀区测试路668号14栋181室,1,2026-08-05 04:06:42
1156,576,测试用户576,13831069286,湖南省,株洲市,芙蓉区,芙蓉区测试路609号15栋877室,1,2026-08-06 14:56:42
1157,577,测试用户577,13891408752,湖南省,株洲市,天河区,天河区测试路465号10栋267室,1,2026-07-29 14:35:42
1158,577,测试用户577,13853827193,北京市,北京市,海淀区,海淀区测试路566号16栋478室,0,2026-08-12 08:02:42
1159,578,测试用户578,13896748718,湖北省,武汉市,锦江区,锦江区测试路332号13栋283室,1,2026-08-05 23:02:42
1160,578,测试用户578,13885915813,北京市,北京市,鼓楼区,鼓楼区测试路775号19栋141室,0,2026-07-31 17:09:42
1161,578,测试用户578,13819112666,广东省,深圳市,朝阳区,朝阳区测试路144号5栋205室,0,2026-07-31 13:10:42
1162,579,测试用户579,13855386805,上海市,上海市,鼓楼区,鼓楼区测试路84号14栋452室,1,2026-08-14 03:30:42
1163,580,测试用户580,13830801601,北京市,北京市,锦江区,锦江区测试路562号3栋934室,1,2026-08-10 04:45:42
1164,580,测试用户580,13842113655,上海市,上海市,天河区,天河区测试路58号18栋125室,0,2026-08-14 22:02:42
1165,580,测试用户580,13815660750,浙江省,宁波市,海淀区,海淀区测试路225号8栋257室,0,2026-08-12 02:35:42
1166,581,测试用户581,13878484185,湖北省,宜昌市,海淀区,海淀区测试路784号10栋605室,1,2026-08-15 21:10:42
1167,581,测试用户581,13836860242,湖北省,武汉市,海淀区,海淀区测试路604号2栋314室,0,2026-08-09 00:24:42
1168,582,测试用户582,13878336772,四川省,成都市,鼓楼区,鼓楼区测试路921号6栋507室,1,2026-08-10 14:21:42
1169,583,测试用户583,13860237773,江苏省,苏州市,芙蓉区,芙蓉区测试路524号13栋264室,1,2026-08-09 23:39:42
1170,584,测试用户584,13862698234,浙江省,宁波市,西湖区,西湖区测试路123号10栋563室,1,2026-08-16 04:17:42
1171,584,测试用户584,13825125464,湖北省,武汉市,南山区,南山区测试路43号13栋924室,0,2026-08-12 18:56:42
1172,585,测试用户585,13838768553,浙江省,温州市,西湖区,西湖区测试路908号19栋938室,1,2026-08-07 07:26:42
1173,586,测试用户586,13839099216,浙江省,温州市,西湖区,西湖区测试路524号1栋418室,1,2026-08-16 12:02:42
1174,587,测试用户587,13862153213,四川省,成都市,武昌区,武昌区测试路738号11栋569室,1,2026-08-03 23:07:42
1175,588,测试用户588,13890093137,湖南省,株洲市,芙蓉区,芙蓉区测试路293号8栋180室,1,2026-07-28 14:59:42
1176,589,测试用户589,13846806704,北京市,北京市,海淀区,海淀区测试路953号1栋411室,1,2026-08-02 06:09:42
1177,590,测试用户590,13859398803,广东省,广州市,海淀区,海淀区测试路221号7栋534室,1,2026-08-05 16:38:42
1178,590,测试用户590,13814696647,湖北省,武汉市,西湖区,西湖区测试路921号4栋410室,0,2026-08-12 10:26:42
1179,590,测试用户590,13873955393,浙江省,杭州市,海淀区,海淀区测试路179号1栋216室,0,2026-08-13 19:40:42
1180,591,测试用户591,13885595538,江苏省,苏州市,海淀区,海淀区测试路492号3栋849室,1,2026-08-12 12:51:42
1181,591,测试用户591,13814987687,湖北省,宜昌市,海淀区,海淀区测试路510号14栋951室,0,2026-08-02 05:44:42
1182,592,测试用户592,13847791498,北京市,北京市,西湖区,西湖区测试路737号16栋308室,1,2026-08-08 18:13:42
1183,593,测试用户593,13810261534,浙江省,杭州市,武昌区,武昌区测试路666号2栋995室,1,2026-07-29 05:20:42
1184,593,测试用户593,13848455675,湖南省,长沙市,海淀区,海淀区测试路373号3栋713室,0,2026-08-05 04:03:42
1185,594,测试用户594,13883957197,广东省,深圳市,鼓楼区,鼓楼区测试路554号5栋429室,1,2026-08-05 05:44:42
1186,594,测试用户594,13856632220,湖北省,宜昌市,武昌区,武昌区测试路786号10栋252室,0,2026-07-31 21:21:42
1187,595,测试用户595,13890819459,四川省,绵阳市,朝阳区,朝阳区测试路260号5栋441室,1,2026-08-04 22:26:42
1188,595,测试用户595,13856097583,湖南省,长沙市,海淀区,海淀区测试路519号5栋714室,0,2026-08-06 01:15:42
1189,596,测试用户596,13837623724,广东省,珠海市,南山区,南山区测试路845号13栋184室,1,2026-08-03 15:23:42
1190,596,测试用户596,13844187558,北京市,北京市,海淀区,海淀区测试路957号18栋781室,0,2026-08-10 19:41:42
1191,596,测试用户596,13853686165,四川省,绵阳市,朝阳区,朝阳区测试路750号12栋662室,0,2026-08-04 02:13:42
1192,597,测试用户597,13864760624,浙江省,温州市,鼓楼区,鼓楼区测试路705号4栋332室,1,2026-08-02 14:02:42
1193,597,测试用户597,13877714331,浙江省,温州市,海淀区,海淀区测试路820号4栋608室,0,2026-08-12 16:11:42
1194,598,测试用户598,13838084257,浙江省,宁波市,西湖区,西湖区测试路555号4栋935室,1,2026-08-10 18:54:42
1195,598,测试用户598,13837794800,北京市,北京市,朝阳区,朝阳区测试路191号3栋169室,0,2026-08-08 04:48:42
1196,599,测试用户599,13890203261,四川省,绵阳市,海淀区,海淀区测试路308号11栋498室,1,2026-08-05 12:36:42
1197,599,测试用户599,13875945661,湖北省,宜昌市,海淀区,海淀区测试路33号16栋428室,0,2026-08-05 18:39:42
1198,600,测试用户600,13823154252,湖南省,株洲市,芙蓉区,芙蓉区测试路433号19栋736室,1,2026-08-04 21:24:42
1199,600,测试用户600,13875424216,北京市,北京市,海淀区,海淀区测试路778号3栋587室,0,2026-08-08 01:50:42
1200,600,测试用户600,13871026948,上海市,上海市,朝阳区,朝阳区测试路389号11栋348室,0,2026-07-28 03:53:42
1201,601,测试用户601,13839065567,江苏省,无锡市,武昌区,武昌区测试路629号14栋198室,1,2026-08-15 21:47:42
1202,601,测试用户601,13877387045,北京市,北京市,朝阳区,朝阳区测试路186号15栋382室,0,2026-07-29 06:04:42
1203,602,测试用户602,13879355175,北京市,北京市,朝阳区,朝阳区测试路503号6栋563室,1,2026-08-07 13:53:42
1204,602,测试用户602,13867274946,江苏省,无锡市,鼓楼区,鼓楼区测试路113号5栋958室,0,2026-08-14 12:25:42
1205,602,测试用户602,13861983019,湖南省,长沙市,海淀区,海淀区测试路795号6栋892室,0,2026-08-04 17:36:42
1206,603,测试用户603,13840699959,浙江省,宁波市,武昌区,武昌区测试路731号15栋928室,1,2026-08-13 15:45:42
1207,604,测试用户604,13868800423,广东省,珠海市,海淀区,海淀区测试路509号12栋914室,1,2026-08-03 18:10:42
1208,605,测试用户605,13873573301,四川省,成都市,锦江区,锦江区测试路35号9栋547室,1,2026-07-29 20:28:42
1209,605,测试用户605,13845269140,上海市,上海市,朝阳区,朝阳区测试路899号12栋587室,0,2026-08-04 01:57:42
1210,605,测试用户605,13813235892,浙江省,杭州市,朝阳区,朝阳区测试路166号3栋685室,0,2026-08-10 21:43:42
1211,606,测试用户606,13818968278,四川省,绵阳市,武昌区,武昌区测试路995号6栋697室,1,2026-08-03 15:20:42
1212,606,测试用户606,13829781979,北京市,北京市,天河区,天河区测试路308号5栋865室,0,2026-08-04 18:32:42
1213,607,测试用户607,13899377087,北京市,北京市,芙蓉区,芙蓉区测试路273号19栋644室,1,2026-08-16 08:59:42
1214,608,测试用户608,13838663679,四川省,成都市,武昌区,武昌区测试路194号16栋590室,1,2026-08-01 12:49:42
1215,609,测试用户609,13899534277,湖北省,武汉市,南山区,南山区测试路131号17栋249室,1,2026-08-14 03:23:42
1216,610,测试用户610,13893969764,广东省,广州市,锦江区,锦江区测试路371号8栋948室,1,2026-08-08 05:52:42
1217,611,测试用户611,13813713165,北京市,北京市,锦江区,锦江区测试路198号12栋501室,1,2026-08-01 23:02:42
1218,611,测试用户611,13874339388,浙江省,温州市,南山区,南山区测试路630号17栋517室,0,2026-08-11 11:17:42
1219,612,测试用户612,13868081584,江苏省,苏州市,朝阳区,朝阳区测试路615号1栋528室,1,2026-08-14 01:50:42
1220,612,测试用户612,13859596286,广东省,珠海市,海淀区,海淀区测试路285号13栋388室,0,2026-08-01 22:04:42
1221,612,测试用户612,13891241436,四川省,绵阳市,芙蓉区,芙蓉区测试路335号10栋976室,0,2026-08-01 02:24:42
1222,613,测试用户613,13822212161,广东省,深圳市,鼓楼区,鼓楼区测试路709号16栋451室,1,2026-07-30 02:16:42
1223,613,测试用户613,13846406719,上海市,上海市,西湖区,西湖区测试路896号10栋709室,0,2026-07-31 11:35:42
1224,614,测试用户614,13856776651,浙江省,温州市,天河区,天河区测试路996号10栋297室,1,2026-08-06 02:12:42
1225,614,测试用户614,13890230057,湖北省,宜昌市,西湖区,西湖区测试路435号7栋887室,0,2026-07-28 14:04:42
1226,615,测试用户615,13882850150,江苏省,南京市,鼓楼区,鼓楼区测试路567号11栋310室,1,2026-08-02 00:22:42
1227,615,测试用户615,13895710818,广东省,广州市,西湖区,西湖区测试路253号7栋713室,0,2026-08-06 12:59:42
1228,615,测试用户615,13862563720,湖南省,株洲市,天河区,天河区测试路496号9栋682室,0,2026-08-02 01:34:42
1229,616,测试用户616,13843894767,江苏省,无锡市,朝阳区,朝阳区测试路128号13栋933室,1,2026-07-30 06:55:42
1230,617,测试用户617,13871036929,浙江省,宁波市,武昌区,武昌区测试路958号18栋698室,1,2026-08-08 02:19:42
1231,618,测试用户618,13867405901,浙江省,宁波市,海淀区,海淀区测试路644号16栋710室,1,2026-08-13 03:28:42
1232,618,测试用户618,13828753889,湖北省,宜昌市,朝阳区,朝阳区测试路186号4栋471室,0,2026-08-15 17:01:42
1233,619,测试用户619,13881836366,江苏省,南京市,芙蓉区,芙蓉区测试路275号5栋903室,1,2026-08-12 19:12:42
1234,620,测试用户620,13811322863,浙江省,杭州市,海淀区,海淀区测试路115号11栋740室,1,2026-08-08 09:28:42
1235,620,测试用户620,13892988418,浙江省,杭州市,天河区,天河区测试路619号19栋870室,0,2026-08-08 01:33:42
1236,621,测试用户621,13888399260,广东省,广州市,芙蓉区,芙蓉区测试路325号8栋276室,1,2026-08-04 12:21:42
1237,622,测试用户622,13886670571,北京市,北京市,朝阳区,朝阳区测试路759号20栋377室,1,2026-08-01 15:49:42
1238,622,测试用户622,13842483979,浙江省,宁波市,天河区,天河区测试路471号20栋270室,0,2026-08-11 11:38:42
1239,622,测试用户622,13851405395,上海市,上海市,天河区,天河区测试路446号19栋982室,0,2026-07-28 06:27:42
1240,623,测试用户623,13864832587,浙江省,杭州市,朝阳区,朝阳区测试路730号15栋554室,1,2026-08-11 18:59:42
1241,624,测试用户624,13846470084,湖北省,武汉市,芙蓉区,芙蓉区测试路211号16栋548室,1,2026-07-31 08:35:42
1242,624,测试用户624,13892629511,北京市,北京市,芙蓉区,芙蓉区测试路398号15栋722室,0,2026-08-10 07:46:42
1243,625,测试用户625,13864224809,上海市,上海市,南山区,南山区测试路213号7栋422室,1,2026-08-05 06:38:42
1244,625,测试用户625,13840990266,浙江省,温州市,西湖区,西湖区测试路389号20栋999室,0,2026-08-01 18:12:42
1245,625,测试用户625,13870699404,浙江省,温州市,朝阳区,朝阳区测试路731号1栋499室,0,2026-07-29 07:32:42
1246,626,测试用户626,13869770852,北京市,北京市,锦江区,锦江区测试路932号14栋192室,1,2026-08-03 10:33:42
1247,626,测试用户626,13844877696,浙江省,宁波市,鼓楼区,鼓楼区测试路491号6栋273室,0,2026-08-09 00:14:42
1248,627,测试用户627,13858932004,浙江省,杭州市,锦江区,锦江区测试路50号8栋193室,1,2026-08-11 16:16:42
1249,627,测试用户627,13880498380,北京市,北京市,朝阳区,朝阳区测试路955号9栋564室,0,2026-08-12 09:46:42
1250,627,测试用户627,13840747760,湖北省,宜昌市,南山区,南山区测试路420号10栋271室,0,2026-07-31 16:41:42
1251,628,测试用户628,13883543067,北京市,北京市,西湖区,西湖区测试路482号14栋272室,1,2026-08-09 18:04:42
1252,629,测试用户629,13846110491,上海市,上海市,朝阳区,朝阳区测试路837号6栋647室,1,2026-08-13 04:20:42
1253,630,测试用户630,13835072772,广东省,广州市,芙蓉区,芙蓉区测试路252号1栋434室,1,2026-08-11 10:23:42
1254,630,测试用户630,13828112562,北京市,北京市,锦江区,锦江区测试路172号2栋581室,0,2026-08-12 14:40:42
1255,631,测试用户631,13842989230,四川省,绵阳市,武昌区,武昌区测试路466号6栋828室,1,2026-08-12 20:40:42
1256,631,测试用户631,13819002523,广东省,珠海市,海淀区,海淀区测试路387号5栋101室,0,2026-08-07 04:22:42
1257,631,测试用户631,13882674732,湖南省,株洲市,芙蓉区,芙蓉区测试路744号13栋638室,0,2026-08-01 22:22:42
1258,632,测试用户632,13864717654,湖北省,宜昌市,芙蓉区,芙蓉区测试路171号17栋979室,1,2026-08-01 14:04:42
1259,632,测试用户632,13890503553,北京市,北京市,朝阳区,朝阳区测试路377号10栋219室,0,2026-07-28 05:31:42
1260,633,测试用户633,13852217539,江苏省,苏州市,海淀区,海淀区测试路499号7栋869室,1,2026-08-16 12:28:42
1261,633,测试用户633,13897116877,广东省,深圳市,南山区,南山区测试路813号10栋506室,0,2026-08-09 14:54:42
1262,634,测试用户634,13863584976,湖南省,株洲市,武昌区,武昌区测试路478号15栋481室,1,2026-08-10 04:47:42
1263,635,测试用户635,13895902415,北京市,北京市,南山区,南山区测试路945号4栋403室,1,2026-08-05 17:33:42
1264,635,测试用户635,13820485555,湖南省,株洲市,锦江区,锦江区测试路613号10栋464室,0,2026-07-31 01:25:42
1265,636,测试用户636,13854486784,湖南省,长沙市,鼓楼区,鼓楼区测试路199号10栋619室,1,2026-08-11 18:49:42
1266,637,测试用户637,13878384832,江苏省,南京市,海淀区,海淀区测试路224号17栋481室,1,2026-08-16 04:30:42
1267,638,测试用户638,13848242277,湖南省,株洲市,鼓楼区,鼓楼区测试路377号2栋921室,1,2026-07-31 00:48:42
1268,638,测试用户638,13878984106,湖南省,株洲市,锦江区,锦江区测试路38号18栋847室,0,2026-07-29 02:51:42
1269,639,测试用户639,13895255730,湖北省,宜昌市,武昌区,武昌区测试路274号5栋246室,1,2026-08-10 16:16:42
1270,640,测试用户640,13815622602,江苏省,苏州市,天河区,天河区测试路46号10栋113室,1,2026-08-12 12:29:42
1271,640,测试用户640,13867299090,浙江省,宁波市,南山区,南山区测试路561号19栋362室,0,2026-08-10 18:51:42
1272,641,测试用户641,13818870325,北京市,北京市,武昌区,武昌区测试路225号15栋270室,1,2026-08-01 15:50:42
1273,642,测试用户642,13872938222,湖南省,株洲市,鼓楼区,鼓楼区测试路979号9栋691室,1,2026-07-30 00:59:42
1274,642,测试用户642,13830884053,四川省,绵阳市,芙蓉区,芙蓉区测试路684号19栋633室,0,2026-08-07 23:06:42
1275,642,测试用户642,13868233497,浙江省,杭州市,海淀区,海淀区测试路495号9栋437室,0,2026-07-31 09:24:42
1276,643,测试用户643,13844580161,湖北省,武汉市,西湖区,西湖区测试路110号5栋669室,1,2026-08-09 10:59:42
1277,643,测试用户643,13823233496,浙江省,宁波市,南山区,南山区测试路715号18栋618室,0,2026-08-05 05:08:42
1278,643,测试用户643,13850142446,湖北省,宜昌市,鼓楼区,鼓楼区测试路84号8栋267室,0,2026-07-28 02:56:42
1279,644,测试用户644,13868468386,上海市,上海市,海淀区,海淀区测试路416号14栋258室,1,2026-08-03 03:54:42
1280,644,测试用户644,13851340055,四川省,绵阳市,朝阳区,朝阳区测试路242号16栋604室,0,2026-08-04 00:42:42
1281,644,测试用户644,13848449029,湖北省,宜昌市,天河区,天河区测试路250号20栋924室,0,2026-08-11 08:45:42
1282,645,测试用户645,13823510334,四川省,绵阳市,朝阳区,朝阳区测试路85号3栋916室,1,2026-08-16 14:21:42
1283,645,测试用户645,13896969029,湖北省,宜昌市,朝阳区,朝阳区测试路156号2栋103室,0,2026-08-01 13:53:42
1284,645,测试用户645,13857949350,广东省,深圳市,鼓楼区,鼓楼区测试路683号19栋190室,0,2026-08-15 12:58:42
1285,646,测试用户646,13888230615,四川省,成都市,海淀区,海淀区测试路85号2栋730室,1,2026-08-16 12:05:42
1286,646,测试用户646,13824433569,广东省,深圳市,武昌区,武昌区测试路274号19栋399室,0,2026-07-28 02:51:42
1287,647,测试用户647,13872053763,江苏省,南京市,朝阳区,朝阳区测试路621号9栋262室,1,2026-07-31 15:24:42
1288,647,测试用户647,13814299495,浙江省,温州市,西湖区,西湖区测试路403号11栋781室,0,2026-08-10 20:25:42
1289,647,测试用户647,13851124145,湖南省,株洲市,芙蓉区,芙蓉区测试路301号13栋529室,0,2026-08-09 09:13:42
1290,648,测试用户648,13829960983,浙江省,杭州市,武昌区,武昌区测试路721号5栋138室,1,2026-08-14 17:18:42
1291,648,测试用户648,13870253048,上海市,上海市,朝阳区,朝阳区测试路130号5栋841室,0,2026-08-14 09:06:42
1292,649,测试用户649,13868429652,四川省,成都市,武昌区,武昌区测试路420号4栋760室,1,2026-07-29 19:18:42
1293,649,测试用户649,13873515624,江苏省,无锡市,天河区,天河区测试路672号2栋473室,0,2026-08-11 06:43:42
1294,650,测试用户650,13843847289,上海市,上海市,海淀区,海淀区测试路399号6栋933室,1,2026-08-01 04:13:42
1295,650,测试用户650,13827837972,湖北省,宜昌市,武昌区,武昌区测试路836号11栋864室,0,2026-08-02 21:35:42
1296,651,测试用户651,13843635013,广东省,广州市,南山区,南山区测试路426号3栋599室,1,2026-08-06 14:53:42
1297,651,测试用户651,13891057016,广东省,广州市,芙蓉区,芙蓉区测试路508号9栋308室,0,2026-08-11 05:53:42
1298,651,测试用户651,13892527384,北京市,北京市,鼓楼区,鼓楼区测试路382号11栋103室,0,2026-08-13 03:06:42
1299,652,测试用户652,13854629799,浙江省,杭州市,南山区,南山区测试路697号17栋381室,1,2026-07-31 05:59:42
1300,652,测试用户652,13871062690,浙江省,宁波市,海淀区,海淀区测试路988号19栋661室,0,2026-08-07 01:07:42
1301,652,测试用户652,13854641542,湖南省,长沙市,西湖区,西湖区测试路19号14栋704室,0,2026-08-14 03:02:42
1302,653,测试用户653,13889308405,湖南省,长沙市,鼓楼区,鼓楼区测试路229号15栋372室,1,2026-08-06 22:01:42
1303,653,测试用户653,13862990847,北京市,北京市,西湖区,西湖区测试路272号1栋644室,0,2026-08-09 17:41:42
1304,654,测试用户654,13867715067,浙江省,宁波市,海淀区,海淀区测试路49号3栋922室,1,2026-08-08 01:03:42
1305,654,测试用户654,13895901983,湖北省,武汉市,芙蓉区,芙蓉区测试路807号10栋888室,0,2026-07-27 21:52:42
1306,655,测试用户655,13848595265,浙江省,温州市,芙蓉区,芙蓉区测试路799号4栋976室,1,2026-08-09 06:20:42
1307,655,测试用户655,13898060591,四川省,成都市,芙蓉区,芙蓉区测试路206号1栋802室,0,2026-08-03 16:34:42
1308,656,测试用户656,13823349287,浙江省,宁波市,海淀区,海淀区测试路133号9栋274室,1,2026-08-06 21:39:42
1309,656,测试用户656,13837392942,湖北省,武汉市,锦江区,锦江区测试路747号6栋471室,0,2026-08-13 09:36:42
1310,656,测试用户656,13826299519,上海市,上海市,南山区,南山区测试路874号1栋346室,0,2026-08-14 10:44:42
1311,657,测试用户657,13877171016,湖南省,株洲市,朝阳区,朝阳区测试路785号18栋577室,1,2026-07-31 15:25:42
1312,658,测试用户658,13822352071,江苏省,南京市,鼓楼区,鼓楼区测试路362号6栋498室,1,2026-08-10 01:39:42
1313,658,测试用户658,13831782481,北京市,北京市,朝阳区,朝阳区测试路150号11栋265室,0,2026-07-30 20:21:42
1314,658,测试用户658,13813998226,浙江省,宁波市,鼓楼区,鼓楼区测试路349号13栋912室,0,2026-08-03 15:04:42
1315,659,测试用户659,13835520653,湖北省,武汉市,南山区,南山区测试路636号16栋893室,1,2026-07-28 19:11:42
1316,659,测试用户659,13884820714,上海市,上海市,武昌区,武昌区测试路790号15栋497室,0,2026-08-05 22:32:42
1317,659,测试用户659,13870788473,浙江省,杭州市,海淀区,海淀区测试路193号1栋685室,0,2026-08-05 18:13:42
1318,660,测试用户660,13852301424,四川省,绵阳市,海淀区,海淀区测试路883号15栋188室,1,2026-08-12 15:17:42
1319,660,测试用户660,13876349917,上海市,上海市,武昌区,武昌区测试路567号18栋844室,0,2026-08-06 15:16:42
1320,661,测试用户661,13882085863,四川省,成都市,西湖区,西湖区测试路842号14栋401室,1,2026-08-15 15:52:42
1321,662,测试用户662,13860946520,广东省,珠海市,西湖区,西湖区测试路157号9栋449室,1,2026-08-03 16:22:42
1322,662,测试用户662,13851390751,四川省,成都市,武昌区,武昌区测试路757号10栋517室,0,2026-08-16 18:37:42
1323,663,测试用户663,13828444834,广东省,珠海市,朝阳区,朝阳区测试路954号17栋718室,1,2026-07-28 15:32:42
1324,663,测试用户663,13854799885,上海市,上海市,西湖区,西湖区测试路326号4栋288室,0,2026-07-29 12:18:42
1325,664,测试用户664,13851807281,浙江省,杭州市,西湖区,西湖区测试路862号18栋873室,1,2026-07-30 16:04:42
1326,665,测试用户665,13823480253,江苏省,无锡市,西湖区,西湖区测试路917号13栋871室,1,2026-08-15 08:57:42
1327,665,测试用户665,13846111036,湖北省,武汉市,鼓楼区,鼓楼区测试路759号2栋241室,0,2026-08-14 15:18:42
1328,665,测试用户665,13815707588,北京市,北京市,武昌区,武昌区测试路481号12栋516室,0,2026-07-30 15:39:42
1329,666,测试用户666,13832599555,浙江省,杭州市,鼓楼区,鼓楼区测试路190号19栋818室,1,2026-08-12 22:04:42
1330,667,测试用户667,13832732400,湖南省,长沙市,南山区,南山区测试路756号17栋345室,1,2026-08-03 18:12:42
1331,668,测试用户668,13876122740,江苏省,无锡市,天河区,天河区测试路561号8栋161室,1,2026-08-03 12:16:42
1332,668,测试用户668,13849286375,湖北省,武汉市,芙蓉区,芙蓉区测试路353号5栋515室,0,2026-07-29 04:57:42
1333,668,测试用户668,13892729773,江苏省,苏州市,天河区,天河区测试路877号4栋824室,0,2026-08-03 10:14:42
1334,669,测试用户669,13864431323,湖南省,长沙市,朝阳区,朝阳区测试路605号7栋865室,1,2026-08-07 20:47:42
1335,669,测试用户669,13843390704,广东省,珠海市,朝阳区,朝阳区测试路136号2栋337室,0,2026-08-08 19:53:42
1336,669,测试用户669,13839277674,上海市,上海市,南山区,南山区测试路284号4栋689室,0,2026-08-15 22:42:42
1337,670,测试用户670,13824355076,上海市,上海市,锦江区,锦江区测试路350号7栋558室,1,2026-08-12 14:09:42
1338,670,测试用户670,13865180510,上海市,上海市,鼓楼区,鼓楼区测试路388号17栋797室,0,2026-08-08 04:13:42
1339,670,测试用户670,13837753738,浙江省,温州市,南山区,南山区测试路399号12栋293室,0,2026-08-09 03:24:42
1340,671,测试用户671,13810410356,湖北省,武汉市,西湖区,西湖区测试路444号15栋263室,1,2026-08-15 17:08:42
1341,671,测试用户671,13865486192,湖南省,株洲市,天河区,天河区测试路114号10栋245室,0,2026-08-07 10:44:42
1342,672,测试用户672,13818763750,北京市,北京市,芙蓉区,芙蓉区测试路601号15栋457室,1,2026-08-06 22:41:42
1343,672,测试用户672,13873999739,湖南省,长沙市,西湖区,西湖区测试路987号13栋377室,0,2026-08-11 03:41:42
1344,673,测试用户673,13896600010,广东省,广州市,天河区,天河区测试路498号13栋325室,1,2026-07-30 02:14:42
1345,673,测试用户673,13859772507,广东省,广州市,西湖区,西湖区测试路535号9栋807室,0,2026-08-13 10:00:42
1346,674,测试用户674,13812724561,江苏省,无锡市,锦江区,锦江区测试路65号19栋210室,1,2026-08-09 09:39:42
1347,674,测试用户674,13892355208,浙江省,温州市,芙蓉区,芙蓉区测试路589号17栋288室,0,2026-08-01 02:55:42
1348,674,测试用户674,13884339493,广东省,广州市,鼓楼区,鼓楼区测试路430号19栋450室,0,2026-08-16 03:43:42
1349,675,测试用户675,13843711159,上海市,上海市,锦江区,锦江区测试路713号9栋701室,1,2026-08-09 22:30:42
1350,676,测试用户676,13873331235,四川省,成都市,锦江区,锦江区测试路640号7栋351室,1,2026-08-06 17:01:42
1351,676,测试用户676,13842368904,四川省,绵阳市,武昌区,武昌区测试路546号11栋605室,0,2026-08-09 05:20:42
1352,676,测试用户676,13885854351,北京市,北京市,朝阳区,朝阳区测试路918号5栋337室,0,2026-08-03 17:42:42
1353,677,测试用户677,13883627558,湖北省,武汉市,朝阳区,朝阳区测试路452号5栋327室,1,2026-08-10 12:32:42
1354,677,测试用户677,13811570055,上海市,上海市,西湖区,西湖区测试路941号19栋519室,0,2026-08-13 10:14:42
1355,678,测试用户678,13855743318,湖南省,长沙市,朝阳区,朝阳区测试路946号8栋727室,1,2026-08-13 16:04:42
1356,678,测试用户678,13894437310,江苏省,无锡市,芙蓉区,芙蓉区测试路961号8栋146室,0,2026-07-31 20:38:42
1357,678,测试用户678,13875706214,广东省,珠海市,海淀区,海淀区测试路837号7栋915室,0,2026-08-03 08:49:42
1358,679,测试用户679,13810012470,浙江省,温州市,西湖区,西湖区测试路438号12栋466室,1,2026-08-02 01:11:42
1359,680,测试用户680,13899563301,北京市,北京市,海淀区,海淀区测试路282号7栋277室,1,2026-08-11 11:08:42
1360,681,测试用户681,13836527418,广东省,广州市,天河区,天河区测试路136号10栋572室,1,2026-08-14 21:27:42
1361,682,测试用户682,13837402375,广东省,广州市,朝阳区,朝阳区测试路376号10栋955室,1,2026-08-03 14:11:42
1362,683,测试用户683,13811023114,广东省,深圳市,锦江区,锦江区测试路176号12栋136室,1,2026-07-30 13:12:42
1363,684,测试用户684,13838425325,上海市,上海市,南山区,南山区测试路75号5栋526室,1,2026-08-13 05:41:42
1364,684,测试用户684,13884490480,广东省,深圳市,芙蓉区,芙蓉区测试路906号17栋706室,0,2026-07-29 07:59:42
1365,685,测试用户685,13898653040,广东省,珠海市,芙蓉区,芙蓉区测试路581号7栋560室,1,2026-08-03 13:16:42
1366,685,测试用户685,13844927300,湖南省,株洲市,鼓楼区,鼓楼区测试路621号7栋852室,0,2026-08-16 12:30:42
1367,686,测试用户686,13888034525,湖北省,宜昌市,朝阳区,朝阳区测试路119号5栋156室,1,2026-08-08 19:11:42
1368,686,测试用户686,13897195255,上海市,上海市,锦江区,锦江区测试路595号5栋155室,0,2026-07-31 13:21:42
1369,687,测试用户687,13878238437,广东省,广州市,海淀区,海淀区测试路879号20栋657室,1,2026-08-14 11:21:42
1370,688,测试用户688,13882150950,上海市,上海市,芙蓉区,芙蓉区测试路96号9栋368室,1,2026-08-06 01:47:42
1371,688,测试用户688,13875834916,广东省,广州市,锦江区,锦江区测试路871号7栋244室,0,2026-08-08 20:15:42
1372,688,测试用户688,13819587874,上海市,上海市,武昌区,武昌区测试路433号18栋183室,0,2026-08-06 04:45:42
1373,689,测试用户689,13814443428,江苏省,苏州市,海淀区,海淀区测试路784号1栋899室,1,2026-08-15 21:11:42
1374,689,测试用户689,13853284762,北京市,北京市,朝阳区,朝阳区测试路169号19栋184室,0,2026-08-13 20:43:42
1375,689,测试用户689,13882347561,湖南省,长沙市,武昌区,武昌区测试路664号12栋159室,0,2026-07-28 18:09:42
1376,690,测试用户690,13825456185,四川省,绵阳市,锦江区,锦江区测试路814号17栋762室,1,2026-08-07 09:39:42
1377,691,测试用户691,13873992105,上海市,上海市,芙蓉区,芙蓉区测试路295号16栋635室,1,2026-08-14 14:44:42
1378,692,测试用户692,13872931255,北京市,北京市,锦江区,锦江区测试路42号17栋546室,1,2026-08-02 18:53:42
1379,692,测试用户692,13842965597,北京市,北京市,西湖区,西湖区测试路387号12栋752室,0,2026-08-06 16:32:42
1380,693,测试用户693,13864382788,江苏省,无锡市,南山区,南山区测试路387号19栋226室,1,2026-08-09 05:46:42
1381,693,测试用户693,13853169846,江苏省,无锡市,天河区,天河区测试路379号2栋475室,0,2026-08-07 13:05:42
1382,693,测试用户693,13815284956,湖北省,武汉市,芙蓉区,芙蓉区测试路641号16栋155室,0,2026-08-03 12:40:42
1383,694,测试用户694,13893805299,湖南省,株洲市,海淀区,海淀区测试路798号17栋290室,1,2026-08-12 16:52:42
1384,694,测试用户694,13862569938,江苏省,南京市,朝阳区,朝阳区测试路259号17栋228室,0,2026-07-30 02:08:42
1385,695,测试用户695,13896406343,江苏省,无锡市,西湖区,西湖区测试路182号18栋586室,1,2026-08-01 11:22:42
1386,696,测试用户696,13896938535,湖北省,武汉市,芙蓉区,芙蓉区测试路66号13栋375室,1,2026-08-09 14:12:42
1387,697,测试用户697,13893090797,广东省,珠海市,锦江区,锦江区测试路695号10栋844室,1,2026-08-11 02:19:42
1388,698,测试用户698,13831285974,江苏省,苏州市,西湖区,西湖区测试路22号8栋530室,1,2026-08-12 07:09:42
1389,698,测试用户698,13851551799,湖北省,武汉市,朝阳区,朝阳区测试路984号9栋185室,0,2026-08-02 17:03:42
1390,698,测试用户698,13831028161,湖北省,宜昌市,锦江区,锦江区测试路364号12栋876室,0,2026-08-07 17:44:42
1391,699,测试用户699,13855624728,浙江省,温州市,鼓楼区,鼓楼区测试路557号6栋401室,1,2026-08-09 19:54:42
1392,699,测试用户699,13851302750,上海市,上海市,锦江区,锦江区测试路422号9栋984室,0,2026-08-07 02:19:42
1393,700,测试用户700,13859442025,北京市,北京市,朝阳区,朝阳区测试路248号18栋815室,1,2026-07-31 02:44:42
1394,700,测试用户700,13872502873,江苏省,苏州市,南山区,南山区测试路625号2栋790室,0,2026-08-06 17:37:42
1395,700,测试用户700,13837466298,北京市,北京市,天河区,天河区测试路939号7栋314室,0,2026-08-05 12:02:42
1396,701,测试用户701,13826398778,江苏省,无锡市,鼓楼区,鼓楼区测试路405号8栋927室,1,2026-08-12 15:50:42
1397,701,测试用户701,13872605861,上海市,上海市,芙蓉区,芙蓉区测试路739号4栋658室,0,2026-08-14 23:43:42
1398,701,测试用户701,13894674420,浙江省,温州市,朝阳区,朝阳区测试路696号7栋605室,0,2026-08-10 14:30:42
1399,702,测试用户702,13864579226,四川省,成都市,海淀区,海淀区测试路876号2栋841室,1,2026-08-14 15:57:42
1400,702,测试用户702,13822791995,湖南省,株洲市,锦江区,锦江区测试路473号17栋979室,0,2026-08-03 01:09:42
1401,702,测试用户702,13838011716,北京市,北京市,南山区,南山区测试路841号1栋931室,0,2026-08-16 00:49:42
1402,703,测试用户703,13827167388,湖北省,武汉市,芙蓉区,芙蓉区测试路858号20栋637室,1,2026-08-16 11:11:42
1403,703,测试用户703,13895474336,湖北省,宜昌市,武昌区,武昌区测试路720号16栋371室,0,2026-08-06 23:48:42
1404,704,测试用户704,13862581326,湖北省,武汉市,天河区,天河区测试路377号20栋912室,1,2026-08-05 13:59:42
1405,704,测试用户704,13891026089,北京市,北京市,西湖区,西湖区测试路73号4栋992室,0,2026-07-30 22:06:42
1406,704,测试用户704,13849224257,江苏省,南京市,芙蓉区,芙蓉区测试路232号8栋507室,0,2026-07-31 03:34:42
1407,705,测试用户705,13832897636,广东省,深圳市,天河区,天河区测试路835号6栋321室,1,2026-07-27 23:23:42
1408,706,测试用户706,13846912514,上海市,上海市,武昌区,武昌区测试路344号11栋529室,1,2026-08-14 16:39:42
1409,707,测试用户707,13881954799,江苏省,南京市,芙蓉区,芙蓉区测试路418号2栋950室,1,2026-08-04 22:54:42
1410,708,测试用户708,13867535049,浙江省,宁波市,锦江区,锦江区测试路446号2栋632室,1,2026-08-13 15:08:42
1411,708,测试用户708,13815658420,广东省,深圳市,海淀区,海淀区测试路967号7栋996室,0,2026-08-15 01:59:42
1412,709,测试用户709,13891527526,四川省,绵阳市,锦江区,锦江区测试路91号1栋496室,1,2026-08-11 21:26:42
1413,710,测试用户710,13833556305,四川省,成都市,朝阳区,朝阳区测试路787号7栋361室,1,2026-08-06 07:52:42
1414,711,测试用户711,13875147422,广东省,深圳市,朝阳区,朝阳区测试路642号16栋535室,1,2026-07-29 21:58:42
1415,711,测试用户711,13880396142,广东省,珠海市,天河区,天河区测试路852号9栋398室,0,2026-08-15 15:40:42
1416,712,测试用户712,13855984239,北京市,北京市,天河区,天河区测试路306号8栋589室,1,2026-07-29 18:58:42
1417,712,测试用户712,13838448890,广东省,深圳市,海淀区,海淀区测试路240号12栋730室,0,2026-08-13 17:49:42
1418,713,测试用户713,13891293269,四川省,绵阳市,海淀区,海淀区测试路842号2栋620室,1,2026-08-05 00:18:42
1419,713,测试用户713,13887052719,上海市,上海市,西湖区,西湖区测试路187号1栋832室,0,2026-08-02 10:18:42
1420,713,测试用户713,13893816810,广东省,深圳市,锦江区,锦江区测试路587号13栋991室,0,2026-08-07 01:14:42
1421,714,测试用户714,13849667716,湖南省,长沙市,芙蓉区,芙蓉区测试路149号18栋903室,1,2026-08-05 00:31:42
1422,714,测试用户714,13885878633,浙江省,杭州市,鼓楼区,鼓楼区测试路106号10栋122室,0,2026-07-31 09:19:42
1423,714,测试用户714,13824543144,浙江省,杭州市,天河区,天河区测试路190号8栋402室,0,2026-08-12 05:30:42
1424,715,测试用户715,13884881217,北京市,北京市,海淀区,海淀区测试路485号5栋508室,1,2026-08-13 04:07:42
1425,715,测试用户715,13833342425,湖北省,武汉市,武昌区,武昌区测试路768号7栋417室,0,2026-07-29 19:41:42
1426,715,测试用户715,13897266969,浙江省,宁波市,鼓楼区,鼓楼区测试路250号17栋242室,0,2026-07-30 18:02:42
1427,716,测试用户716,13899064587,北京市,北京市,锦江区,锦江区测试路121号5栋812室,1,2026-07-28 23:28:42
1428,716,测试用户716,13829762536,四川省,成都市,芙蓉区,芙蓉区测试路416号19栋882室,0,2026-08-05 01:12:42
1429,717,测试用户717,13883902153,湖北省,宜昌市,朝阳区,朝阳区测试路392号19栋488室,1,2026-08-05 05:15:42
1430,718,测试用户718,13874683425,浙江省,杭州市,芙蓉区,芙蓉区测试路829号14栋201室,1,2026-08-12 12:04:42
1431,719,测试用户719,13843813544,四川省,绵阳市,朝阳区,朝阳区测试路864号7栋896室,1,2026-08-08 06:21:42
1432,719,测试用户719,13878321018,广东省,广州市,西湖区,西湖区测试路279号2栋976室,0,2026-08-16 13:25:42
1433,719,测试用户719,13899619369,浙江省,杭州市,海淀区,海淀区测试路873号17栋545室,0,2026-07-28 05:57:42
1434,720,测试用户720,13861967417,上海市,上海市,朝阳区,朝阳区测试路516号7栋177室,1,2026-08-13 21:43:42
1435,720,测试用户720,13818888224,四川省,成都市,海淀区,海淀区测试路385号17栋158室,0,2026-07-27 22:38:42
1436,721,测试用户721,13853136609,江苏省,无锡市,朝阳区,朝阳区测试路56号15栋518室,1,2026-08-10 22:22:42
1437,722,测试用户722,13816751040,湖南省,株洲市,南山区,南山区测试路748号12栋326室,1,2026-08-08 10:54:42
1438,723,测试用户723,13862443962,湖南省,株洲市,西湖区,西湖区测试路167号2栋832室,1,2026-08-02 14:09:42
1439,723,测试用户723,13890035643,湖北省,宜昌市,南山区,南山区测试路141号12栋120室,0,2026-07-30 16:08:42
1440,724,测试用户724,13831605270,湖南省,株洲市,海淀区,海淀区测试路579号20栋169室,1,2026-08-08 18:30:42
1441,724,测试用户724,13836634065,江苏省,南京市,天河区,天河区测试路208号15栋338室,0,2026-08-14 13:56:42
1442,725,测试用户725,13856270369,四川省,成都市,天河区,天河区测试路938号13栋212室,1,2026-08-02 00:56:42
1443,725,测试用户725,13837503499,上海市,上海市,海淀区,海淀区测试路870号6栋795室,0,2026-08-13 16:17:42
1444,726,测试用户726,13839376377,北京市,北京市,朝阳区,朝阳区测试路769号14栋344室,1,2026-07-30 21:35:42
1445,727,测试用户727,13886965229,湖南省,株洲市,芙蓉区,芙蓉区测试路354号13栋225室,1,2026-08-10 12:27:42
1446,728,测试用户728,13889531389,江苏省,苏州市,西湖区,西湖区测试路51号6栋986室,1,2026-07-29 08:52:42
1447,729,测试用户729,13815771530,湖北省,宜昌市,芙蓉区,芙蓉区测试路997号4栋542室,1,2026-08-08 09:52:42
1448,730,测试用户730,13823638593,湖南省,长沙市,西湖区,西湖区测试路408号16栋648室,1,2026-08-13 13:58:42
1449,731,测试用户731,13820090296,湖南省,长沙市,南山区,南山区测试路15号6栋755室,1,2026-08-14 02:58:42
1450,731,测试用户731,13845044029,广东省,广州市,天河区,天河区测试路532号14栋276室,0,2026-07-29 01:34:42
1451,732,测试用户732,13867179503,湖南省,株洲市,天河区,天河区测试路888号8栋996室,1,2026-07-30 10:59:42
1452,732,测试用户732,13852740512,上海市,上海市,芙蓉区,芙蓉区测试路419号1栋447室,0,2026-08-09 00:07:42
1453,732,测试用户732,13889002110,湖南省,长沙市,武昌区,武昌区测试路558号14栋513室,0,2026-08-13 04:25:42
1454,733,测试用户733,13841668661,北京市,北京市,武昌区,武昌区测试路922号13栋631室,1,2026-08-12 18:32:42
1455,733,测试用户733,13829277622,北京市,北京市,芙蓉区,芙蓉区测试路87号6栋285室,0,2026-08-08 22:33:42
1456,733,测试用户733,13862795451,四川省,成都市,朝阳区,朝阳区测试路696号12栋116室,0,2026-08-06 01:27:42
1457,734,测试用户734,13819779395,江苏省,苏州市,南山区,南山区测试路536号6栋175室,1,2026-07-29 14:35:42
1458,735,测试用户735,13884829928,湖北省,宜昌市,海淀区,海淀区测试路605号18栋892室,1,2026-08-08 11:28:42
1459,735,测试用户735,13831251627,江苏省,无锡市,海淀区,海淀区测试路130号2栋972室,0,2026-08-06 17:17:42
1460,735,测试用户735,13868136525,浙江省,温州市,芙蓉区,芙蓉区测试路999号20栋834室,0,2026-08-08 02:37:42
1461,736,测试用户736,13891836571,广东省,深圳市,鼓楼区,鼓楼区测试路525号18栋745室,1,2026-08-13 22:50:42
1462,736,测试用户736,13894029135,江苏省,苏州市,武昌区,武昌区测试路559号17栋569室,0,2026-08-14 20:14:42
1463,736,测试用户736,13834030650,湖南省,长沙市,鼓楼区,鼓楼区测试路241号18栋512室,0,2026-08-02 06:25:42
1464,737,测试用户737,13846896459,广东省,广州市,武昌区,武昌区测试路390号3栋729室,1,2026-08-13 19:15:42
1465,738,测试用户738,13876098362,湖南省,株洲市,芙蓉区,芙蓉区测试路394号18栋254室,1,2026-07-27 23:57:42
1466,738,测试用户738,13827379520,湖北省,宜昌市,南山区,南山区测试路328号17栋691室,0,2026-08-10 03:08:42
1467,738,测试用户738,13810087862,北京市,北京市,芙蓉区,芙蓉区测试路409号6栋799室,0,2026-08-09 07:52:42
1468,739,测试用户739,13862365641,江苏省,南京市,鼓楼区,鼓楼区测试路391号20栋440室,1,2026-08-02 00:53:42
1469,739,测试用户739,13847526885,北京市,北京市,南山区,南山区测试路922号18栋281室,0,2026-08-06 07:38:42
1470,739,测试用户739,13862770835,江苏省,南京市,芙蓉区,芙蓉区测试路472号19栋504室,0,2026-08-10 14:33:42
1471,740,测试用户740,13895087196,江苏省,南京市,天河区,天河区测试路975号5栋800室,1,2026-07-29 19:19:42
1472,740,测试用户740,13836114449,江苏省,苏州市,天河区,天河区测试路560号19栋206室,0,2026-08-06 06:45:42
1473,740,测试用户740,13835045268,江苏省,南京市,鼓楼区,鼓楼区测试路546号11栋840室,0,2026-08-01 12:57:42
1474,741,测试用户741,13864177174,湖北省,武汉市,南山区,南山区测试路969号19栋327室,1,2026-08-09 08:22:42
1475,741,测试用户741,13877710326,四川省,成都市,天河区,天河区测试路109号18栋828室,0,2026-08-04 07:32:42
1476,742,测试用户742,13884985418,湖南省,株洲市,锦江区,锦江区测试路333号1栋725室,1,2026-08-06 03:06:42
1477,743,测试用户743,13811020367,江苏省,苏州市,天河区,天河区测试路199号10栋744室,1,2026-07-28 14:59:42
1478,743,测试用户743,13890396559,上海市,上海市,武昌区,武昌区测试路496号6栋149室,0,2026-08-10 02:02:42
1479,743,测试用户743,13815058739,四川省,成都市,西湖区,西湖区测试路89号12栋316室,0,2026-08-04 09:50:42
1480,744,测试用户744,13853858035,江苏省,苏州市,朝阳区,朝阳区测试路848号11栋308室,1,2026-08-13 12:09:42
1481,744,测试用户744,13866302151,广东省,深圳市,天河区,天河区测试路488号17栋200室,0,2026-08-09 05:27:42
1482,745,测试用户745,13830090581,北京市,北京市,西湖区,西湖区测试路714号4栋391室,1,2026-08-14 17:06:42
1483,745,测试用户745,13861396315,四川省,成都市,武昌区,武昌区测试路631号17栋225室,0,2026-07-29 02:25:42
1484,746,测试用户746,13810902819,北京市,北京市,武昌区,武昌区测试路279号12栋233室,1,2026-08-09 02:22:42
1485,746,测试用户746,13828367664,四川省,绵阳市,南山区,南山区测试路958号11栋671室,0,2026-08-03 05:52:42
1486,746,测试用户746,13882331933,四川省,绵阳市,武昌区,武昌区测试路453号9栋406室,0,2026-08-11 14:24:42
1487,747,测试用户747,13882658694,四川省,绵阳市,西湖区,西湖区测试路648号11栋851室,1,2026-07-29 05:32:42
1488,747,测试用户747,13877381482,四川省,绵阳市,南山区,南山区测试路132号10栋730室,0,2026-08-13 16:04:42
1489,747,测试用户747,13828270424,湖北省,宜昌市,海淀区,海淀区测试路955号1栋141室,0,2026-08-15 14:04:42
1490,748,测试用户748,13819764093,四川省,成都市,天河区,天河区测试路982号8栋235室,1,2026-08-13 08:00:42
1491,748,测试用户748,13810747553,四川省,成都市,天河区,天河区测试路332号11栋593室,0,2026-08-15 02:42:42
1492,749,测试用户749,13848105685,湖北省,武汉市,朝阳区,朝阳区测试路311号10栋972室,1,2026-07-31 02:16:42
1493,749,测试用户749,13829337067,湖北省,宜昌市,武昌区,武昌区测试路512号8栋534室,0,2026-08-01 22:05:42
1494,749,测试用户749,13830093022,湖南省,株洲市,锦江区,锦江区测试路765号1栋233室,0,2026-08-05 02:08:42
1495,750,测试用户750,13838071746,广东省,深圳市,西湖区,西湖区测试路973号3栋639室,1,2026-08-10 13:10:42
1496,750,测试用户750,13818444387,上海市,上海市,天河区,天河区测试路130号7栋722室,0,2026-08-11 22:55:42
1497,750,测试用户750,13817916764,江苏省,无锡市,朝阳区,朝阳区测试路387号1栋193室,0,2026-07-31 11:29:42
1498,751,测试用户751,13884188311,湖南省,长沙市,天河区,天河区测试路475号12栋125室,1,2026-07-30 13:06:42
1499,751,测试用户751,13821689275,湖南省,株洲市,芙蓉区,芙蓉区测试路682号15栋282室,0,2026-08-11 07:25:42
1500,752,测试用户752,13885435906,四川省,绵阳市,鼓楼区,鼓楼区测试路643号9栋596室,1,2026-08-12 06:46:42
1501,752,测试用户752,13893028632,北京市,北京市,南山区,南山区测试路93号17栋937室,0,2026-08-02 05:58:42
1502,753,测试用户753,13862679863,浙江省,温州市,朝阳区,朝阳区测试路55号18栋990室,1,2026-08-10 20:27:42
1503,753,测试用户753,13818498926,上海市,上海市,南山区,南山区测试路469号7栋304室,0,2026-08-01 20:09:42
1504,753,测试用户753,13813928091,浙江省,温州市,南山区,南山区测试路334号6栋277室,0,2026-08-12 00:19:42
1505,754,测试用户754,13832977078,浙江省,温州市,锦江区,锦江区测试路979号4栋851室,1,2026-08-03 08:13:42
1506,754,测试用户754,13884240710,上海市,上海市,天河区,天河区测试路564号5栋343室,0,2026-08-11 08:14:42
1507,754,测试用户754,13837271231,四川省,成都市,芙蓉区,芙蓉区测试路328号18栋416室,0,2026-08-08 05:48:42
1508,755,测试用户755,13831684442,湖南省,株洲市,天河区,天河区测试路828号13栋397室,1,2026-08-09 18:19:42
1509,755,测试用户755,13887525357,四川省,绵阳市,西湖区,西湖区测试路831号16栋726室,0,2026-08-13 12:58:42
1510,756,测试用户756,13886644122,湖南省,长沙市,南山区,南山区测试路179号15栋172室,1,2026-08-11 17:34:42
1511,756,测试用户756,13880732751,浙江省,温州市,武昌区,武昌区测试路933号16栋837室,0,2026-08-13 12:24:42
1512,757,测试用户757,13879651607,四川省,成都市,芙蓉区,芙蓉区测试路249号5栋253室,1,2026-08-15 21:07:42
1513,757,测试用户757,13863302112,上海市,上海市,鼓楼区,鼓楼区测试路747号2栋662室,0,2026-08-10 13:53:42
1514,757,测试用户757,13875625144,北京市,北京市,芙蓉区,芙蓉区测试路622号15栋632室,0,2026-07-31 02:00:42
1515,758,测试用户758,13859954883,湖南省,株洲市,天河区,天河区测试路684号17栋466室,1,2026-08-11 11:15:42
1516,758,测试用户758,13837111336,湖北省,武汉市,海淀区,海淀区测试路18号9栋410室,0,2026-08-09 06:14:42
1517,758,测试用户758,13871768981,上海市,上海市,朝阳区,朝阳区测试路69号12栋956室,0,2026-08-11 12:00:42
1518,759,测试用户759,13896290143,上海市,上海市,南山区,南山区测试路592号6栋898室,1,2026-07-28 19:33:42
1519,759,测试用户759,13836687785,北京市,北京市,西湖区,西湖区测试路490号9栋770室,0,2026-07-31 12:52:42
1520,759,测试用户759,13873095299,浙江省,杭州市,锦江区,锦江区测试路85号7栋804室,0,2026-07-29 03:50:42
1521,760,测试用户760,13816498347,上海市,上海市,锦江区,锦江区测试路649号5栋850室,1,2026-08-12 15:42:42
1522,760,测试用户760,13865044235,广东省,广州市,武昌区,武昌区测试路478号5栋155室,0,2026-08-12 23:06:42
1523,760,测试用户760,13861349294,上海市,上海市,朝阳区,朝阳区测试路413号4栋233室,0,2026-08-11 17:48:42
1524,761,测试用户761,13856028484,北京市,北京市,南山区,南山区测试路678号17栋879室,1,2026-08-02 11:43:42
1525,761,测试用户761,13886756950,浙江省,杭州市,西湖区,西湖区测试路198号14栋490室,0,2026-08-06 12:21:42
1526,761,测试用户761,13897325613,北京市,北京市,武昌区,武昌区测试路898号10栋896室,0,2026-07-31 15:46:42
1527,762,测试用户762,13848178291,广东省,广州市,朝阳区,朝阳区测试路24号18栋800室,1,2026-08-03 22:22:42
1528,762,测试用户762,13887367064,广东省,深圳市,海淀区,海淀区测试路681号11栋238室,0,2026-08-11 23:37:42
1529,763,测试用户763,13859221290,广东省,广州市,天河区,天河区测试路991号12栋839室,1,2026-08-04 16:04:42
1530,763,测试用户763,13827207159,北京市,北京市,鼓楼区,鼓楼区测试路798号19栋609室,0,2026-08-16 15:41:42
1531,764,测试用户764,13835602895,上海市,上海市,西湖区,西湖区测试路435号12栋663室,1,2026-08-06 01:32:42
1532,764,测试用户764,13838455850,湖北省,宜昌市,南山区,南山区测试路867号1栋366室,0,2026-08-13 19:06:42
1533,765,测试用户765,13817222980,北京市,北京市,武昌区,武昌区测试路433号4栋471室,1,2026-07-28 13:25:42
1534,766,测试用户766,13832327365,湖南省,株洲市,海淀区,海淀区测试路614号20栋163室,1,2026-08-01 19:09:42
1535,767,测试用户767,13865343491,湖北省,宜昌市,海淀区,海淀区测试路234号5栋230室,1,2026-08-07 02:14:42
1536,768,测试用户768,13831286722,四川省,绵阳市,西湖区,西湖区测试路848号1栋328室,1,2026-08-07 17:40:42
1537,769,测试用户769,13864430657,上海市,上海市,鼓楼区,鼓楼区测试路980号16栋678室,1,2026-08-02 07:28:42
1538,770,测试用户770,13889204954,上海市,上海市,武昌区,武昌区测试路694号12栋481室,1,2026-08-07 05:02:42
1539,770,测试用户770,13874366996,广东省,广州市,西湖区,西湖区测试路862号4栋241室,0,2026-08-08 04:28:42
1540,771,测试用户771,13817972328,上海市,上海市,芙蓉区,芙蓉区测试路788号4栋917室,1,2026-07-31 15:53:42
1541,772,测试用户772,13840850070,北京市,北京市,芙蓉区,芙蓉区测试路103号15栋509室,1,2026-08-08 16:24:42
1542,773,测试用户773,13811762146,湖北省,武汉市,芙蓉区,芙蓉区测试路530号4栋932室,1,2026-08-05 04:49:42
1543,774,测试用户774,13818160765,北京市,北京市,鼓楼区,鼓楼区测试路475号3栋301室,1,2026-07-31 17:29:42
1544,775,测试用户775,13872001364,上海市,上海市,海淀区,海淀区测试路730号8栋441室,1,2026-08-14 17:03:42
1545,775,测试用户775,13846983398,江苏省,苏州市,芙蓉区,芙蓉区测试路504号10栋305室,0,2026-08-04 13:48:42
1546,776,测试用户776,13885850627,浙江省,杭州市,海淀区,海淀区测试路446号6栋458室,1,2026-07-30 02:12:42
1547,776,测试用户776,13867644489,四川省,绵阳市,锦江区,锦江区测试路611号9栋609室,0,2026-08-16 12:48:42
1548,776,测试用户776,13836892617,北京市,北京市,天河区,天河区测试路622号13栋261室,0,2026-08-02 10:02:42
1549,777,测试用户777,13820594263,湖北省,宜昌市,南山区,南山区测试路362号19栋166室,1,2026-07-31 11:02:42
1550,777,测试用户777,13812547533,广东省,珠海市,武昌区,武昌区测试路33号2栋373室,0,2026-08-04 05:28:42
1551,778,测试用户778,13819101470,江苏省,苏州市,海淀区,海淀区测试路815号4栋152室,1,2026-08-02 00:24:42
1552,779,测试用户779,13815013131,湖南省,长沙市,西湖区,西湖区测试路21号9栋700室,1,2026-08-09 01:06:42
1553,779,测试用户779,13852284889,上海市,上海市,海淀区,海淀区测试路256号3栋425室,0,2026-08-11 17:39:42
1554,779,测试用户779,13863016030,北京市,北京市,武昌区,武昌区测试路803号20栋642室,0,2026-07-31 22:41:42
1555,780,测试用户780,13889231027,上海市,上海市,武昌区,武昌区测试路450号4栋934室,1,2026-08-03 06:17:42
1556,780,测试用户780,13861271711,江苏省,南京市,锦江区,锦江区测试路979号4栋253室,0,2026-08-10 03:37:42
1557,780,测试用户780,13886640725,北京市,北京市,武昌区,武昌区测试路273号8栋339室,0,2026-08-11 08:28:42
1558,781,测试用户781,13899889840,浙江省,温州市,芙蓉区,芙蓉区测试路606号20栋397室,1,2026-07-28 23:57:42
1559,782,测试用户782,13845448743,湖南省,长沙市,朝阳区,朝阳区测试路170号14栋969室,1,2026-08-12 18:42:42
1560,783,测试用户783,13833022123,北京市,北京市,芙蓉区,芙蓉区测试路109号3栋521室,1,2026-08-15 13:13:42
1561,783,测试用户783,13883249011,北京市,北京市,朝阳区,朝阳区测试路967号3栋341室,0,2026-08-04 21:11:42
1562,784,测试用户784,13821207286,湖南省,长沙市,朝阳区,朝阳区测试路456号1栋849室,1,2026-07-30 02:15:42
1563,784,测试用户784,13814098443,江苏省,无锡市,芙蓉区,芙蓉区测试路835号3栋660室,0,2026-08-04 10:36:42
1564,784,测试用户784,13870571298,广东省,广州市,朝阳区,朝阳区测试路970号12栋635室,0,2026-07-30 18:56:42
1565,785,测试用户785,13811548070,湖南省,株洲市,武昌区,武昌区测试路553号6栋164室,1,2026-08-16 10:21:42
1566,786,测试用户786,13873521929,湖北省,宜昌市,鼓楼区,鼓楼区测试路683号3栋949室,1,2026-08-11 12:31:42
1567,787,测试用户787,13822281419,上海市,上海市,锦江区,锦江区测试路783号3栋262室,1,2026-07-31 03:12:42
1568,787,测试用户787,13885120173,江苏省,南京市,锦江区,锦江区测试路926号17栋255室,0,2026-08-01 19:07:42
1569,787,测试用户787,13845854181,湖北省,宜昌市,海淀区,海淀区测试路45号19栋464室,0,2026-08-08 20:48:42
1570,788,测试用户788,13857594954,上海市,上海市,朝阳区,朝阳区测试路438号2栋607室,1,2026-07-29 22:40:42
1571,788,测试用户788,13884250773,广东省,深圳市,西湖区,西湖区测试路572号8栋442室,0,2026-08-04 07:49:42
1572,789,测试用户789,13895899161,湖北省,武汉市,西湖区,西湖区测试路47号20栋532室,1,2026-08-06 23:31:42
1573,789,测试用户789,13892114934,湖北省,武汉市,西湖区,西湖区测试路440号1栋373室,0,2026-08-02 02:36:42
1574,790,测试用户790,13830528501,上海市,上海市,海淀区,海淀区测试路575号11栋205室,1,2026-08-04 14:45:42
1575,791,测试用户791,13846939031,浙江省,温州市,锦江区,锦江区测试路556号18栋229室,1,2026-08-16 02:19:42
1576,791,测试用户791,13863704612,浙江省,宁波市,芙蓉区,芙蓉区测试路546号17栋334室,0,2026-07-28 16:59:42
1577,792,测试用户792,13874360568,广东省,深圳市,锦江区,锦江区测试路155号17栋556室,1,2026-07-28 00:51:42
1578,792,测试用户792,13821969785,湖北省,武汉市,朝阳区,朝阳区测试路308号3栋320室,0,2026-08-12 23:58:42
1579,793,测试用户793,13837457064,浙江省,宁波市,南山区,南山区测试路732号14栋211室,1,2026-08-09 12:25:42
1580,793,测试用户793,13835042392,湖北省,武汉市,鼓楼区,鼓楼区测试路255号2栋361室,0,2026-08-06 01:23:42
1581,793,测试用户793,13812943511,上海市,上海市,鼓楼区,鼓楼区测试路932号6栋469室,0,2026-08-08 09:24:42
1582,794,测试用户794,13867568362,江苏省,南京市,朝阳区,朝阳区测试路326号2栋994室,1,2026-08-09 20:37:42
1583,795,测试用户795,13818479821,北京市,北京市,锦江区,锦江区测试路482号16栋866室,1,2026-08-14 02:47:42
1584,795,测试用户795,13886938242,江苏省,无锡市,芙蓉区,芙蓉区测试路772号18栋746室,0,2026-08-15 01:21:42
1585,796,测试用户796,13883974497,北京市,北京市,武昌区,武昌区测试路149号4栋379室,1,2026-08-14 04:38:42
1586,796,测试用户796,13853815113,湖北省,武汉市,天河区,天河区测试路638号6栋504室,0,2026-08-04 10:21:42
1587,796,测试用户796,13893019717,湖北省,武汉市,锦江区,锦江区测试路563号15栋420室,0,2026-07-31 06:19:42
1588,797,测试用户797,13888967294,上海市,上海市,鼓楼区,鼓楼区测试路268号11栋923室,1,2026-08-15 15:48:42
1589,797,测试用户797,13817863558,广东省,珠海市,南山区,南山区测试路866号16栋470室,0,2026-08-08 19:56:42
1590,798,测试用户798,13819446734,北京市,北京市,朝阳区,朝阳区测试路486号3栋533室,1,2026-08-15 11:02:42
1591,798,测试用户798,13852196444,湖北省,武汉市,锦江区,锦江区测试路255号14栋827室,0,2026-08-12 15:23:42
1592,799,测试用户799,13890462702,江苏省,苏州市,鼓楼区,鼓楼区测试路58号13栋598室,1,2026-08-16 17:54:42
1593,799,测试用户799,13881182754,江苏省,南京市,西湖区,西湖区测试路995号19栋357室,0,2026-08-11 17:37:42
1594,799,测试用户799,13884726038,湖北省,宜昌市,西湖区,西湖区测试路629号14栋542室,0,2026-08-01 05:52:42
1595,800,测试用户800,13811926705,湖北省,宜昌市,南山区,南山区测试路840号10栋423室,1,2026-08-03 07:24:42
1596,800,测试用户800,13813917037,湖南省,株洲市,芙蓉区,芙蓉区测试路585号15栋902室,0,2026-08-07 08:41:42
1597,801,测试用户801,13842550031,北京市,北京市,南山区,南山区测试路878号12栋365室,1,2026-08-04 06:05:42
1598,802,测试用户802,13848814484,广东省,深圳市,鼓楼区,鼓楼区测试路56号4栋507室,1,2026-08-05 23:17:42
1599,803,测试用户803,13867109058,浙江省,杭州市,海淀区,海淀区测试路165号6栋222室,1,2026-08-11 14:37:42
1600,803,测试用户803,13874205049,广东省,深圳市,锦江区,锦江区测试路711号16栋419室,0,2026-08-04 14:07:42
1601,804,测试用户804,13823912513,上海市,上海市,海淀区,海淀区测试路81号6栋388室,1,2026-08-13 16:32:42
1602,804,测试用户804,13895821214,江苏省,无锡市,芙蓉区,芙蓉区测试路398号2栋107室,0,2026-07-30 18:49:42
1603,805,测试用户805,13885004808,湖北省,宜昌市,武昌区,武昌区测试路131号7栋996室,1,2026-08-14 13:19:42
1604,805,测试用户805,13846667896,四川省,绵阳市,海淀区,海淀区测试路457号5栋836室,0,2026-08-03 10:01:42
1605,806,测试用户806,13824885782,湖北省,武汉市,南山区,南山区测试路942号6栋155室,1,2026-08-10 02:39:42
1606,807,测试用户807,13867724859,湖南省,株洲市,天河区,天河区测试路355号19栋848室,1,2026-08-04 01:52:42
1607,808,测试用户808,13845531069,四川省,成都市,鼓楼区,鼓楼区测试路971号17栋280室,1,2026-08-07 14:48:42
1608,808,测试用户808,13843986317,浙江省,温州市,鼓楼区,鼓楼区测试路371号9栋149室,0,2026-08-14 21:28:42
1609,809,测试用户809,13848279828,江苏省,无锡市,鼓楼区,鼓楼区测试路668号15栋447室,1,2026-08-12 12:01:42
1610,809,测试用户809,13835977719,上海市,上海市,南山区,南山区测试路158号15栋393室,0,2026-07-29 23:07:42
1611,810,测试用户810,13868839489,湖南省,长沙市,武昌区,武昌区测试路923号13栋883室,1,2026-08-10 11:13:42
1612,810,测试用户810,13875670749,江苏省,无锡市,南山区,南山区测试路174号1栋297室,0,2026-07-30 01:31:42
1613,810,测试用户810,13857463440,广东省,广州市,武昌区,武昌区测试路732号1栋771室,0,2026-07-30 17:04:42
1614,811,测试用户811,13844216114,湖北省,武汉市,海淀区,海淀区测试路337号7栋134室,1,2026-08-03 23:05:42
1615,812,测试用户812,13893769170,四川省,成都市,西湖区,西湖区测试路916号8栋439室,1,2026-08-09 09:55:42
1616,813,测试用户813,13869128491,上海市,上海市,锦江区,锦江区测试路486号17栋394室,1,2026-07-31 16:02:42
1617,814,测试用户814,13844105074,四川省,成都市,西湖区,西湖区测试路261号12栋368室,1,2026-08-08 05:52:42
1618,814,测试用户814,13818852650,浙江省,温州市,鼓楼区,鼓楼区测试路487号20栋735室,0,2026-08-10 04:10:42
1619,815,测试用户815,13842336213,上海市,上海市,鼓楼区,鼓楼区测试路660号20栋227室,1,2026-08-12 01:26:42
1620,815,测试用户815,13893496702,江苏省,无锡市,锦江区,锦江区测试路582号19栋536室,0,2026-07-29 02:23:42
1621,815,测试用户815,13851080697,广东省,珠海市,海淀区,海淀区测试路323号16栋693室,0,2026-08-12 03:49:42
1622,816,测试用户816,13860578899,湖南省,长沙市,西湖区,西湖区测试路239号2栋930室,1,2026-08-13 19:17:42
1623,816,测试用户816,13845943456,湖北省,宜昌市,南山区,南山区测试路136号7栋952室,0,2026-07-29 22:41:42
1624,817,测试用户817,13841603688,湖南省,长沙市,芙蓉区,芙蓉区测试路244号19栋912室,1,2026-08-13 14:48:42
1625,817,测试用户817,13831087800,湖南省,长沙市,锦江区,锦江区测试路967号19栋316室,0,2026-08-11 02:00:42
1626,817,测试用户817,13829556285,北京市,北京市,南山区,南山区测试路125号2栋936室,0,2026-08-13 18:44:42
1627,818,测试用户818,13818459845,广东省,广州市,海淀区,海淀区测试路709号17栋496室,1,2026-08-02 05:31:42
1628,819,测试用户819,13894742266,北京市,北京市,芙蓉区,芙蓉区测试路612号18栋922室,1,2026-07-31 20:31:42
1629,820,测试用户820,13835414238,北京市,北京市,西湖区,西湖区测试路382号13栋916室,1,2026-08-14 09:52:42
1630,821,测试用户821,13852859035,浙江省,温州市,西湖区,西湖区测试路666号8栋757室,1,2026-08-14 00:23:42
1631,821,测试用户821,13866524475,北京市,北京市,西湖区,西湖区测试路802号18栋757室,0,2026-08-12 12:35:42
1632,821,测试用户821,13823107454,江苏省,苏州市,鼓楼区,鼓楼区测试路36号1栋304室,0,2026-08-16 04:02:42
1633,822,测试用户822,13847439726,广东省,广州市,鼓楼区,鼓楼区测试路967号11栋861室,1,2026-07-29 06:27:42
1634,822,测试用户822,13816184377,上海市,上海市,海淀区,海淀区测试路447号14栋785室,0,2026-08-04 05:38:42
1635,823,测试用户823,13859790543,上海市,上海市,锦江区,锦江区测试路307号3栋826室,1,2026-08-13 20:02:42
1636,824,测试用户824,13882699548,江苏省,南京市,武昌区,武昌区测试路332号4栋509室,1,2026-07-28 00:38:42
1637,825,测试用户825,13892567462,湖南省,长沙市,芙蓉区,芙蓉区测试路16号12栋892室,1,2026-07-30 12:28:42
1638,825,测试用户825,13884351399,湖北省,武汉市,西湖区,西湖区测试路145号13栋648室,0,2026-07-29 00:16:42
1639,825,测试用户825,13891461201,湖北省,武汉市,锦江区,锦江区测试路471号1栋641室,0,2026-08-09 01:28:42
1640,826,测试用户826,13898638976,上海市,上海市,芙蓉区,芙蓉区测试路657号16栋901室,1,2026-07-28 16:32:42
1641,826,测试用户826,13834241075,北京市,北京市,锦江区,锦江区测试路372号15栋965室,0,2026-08-14 00:26:42
1642,826,测试用户826,13826979106,湖北省,武汉市,天河区,天河区测试路23号3栋236室,0,2026-08-02 20:07:42
1643,827,测试用户827,13811971999,湖南省,长沙市,锦江区,锦江区测试路310号3栋667室,1,2026-08-16 00:32:42
1644,827,测试用户827,13858480371,广东省,广州市,武昌区,武昌区测试路344号17栋422室,0,2026-08-13 04:24:42
1645,828,测试用户828,13828517985,江苏省,无锡市,朝阳区,朝阳区测试路500号10栋495室,1,2026-07-28 13:05:42
1646,828,测试用户828,13896567889,上海市,上海市,芙蓉区,芙蓉区测试路565号5栋388室,0,2026-08-13 23:10:42
1647,829,测试用户829,13845738306,湖北省,武汉市,锦江区,锦江区测试路182号6栋245室,1,2026-07-28 03:34:42
1648,829,测试用户829,13845478283,上海市,上海市,海淀区,海淀区测试路739号12栋373室,0,2026-08-12 15:03:42
1649,829,测试用户829,13875244118,四川省,绵阳市,鼓楼区,鼓楼区测试路854号2栋427室,0,2026-08-03 02:47:42
1650,830,测试用户830,13876698823,广东省,广州市,鼓楼区,鼓楼区测试路851号1栋828室,1,2026-07-29 18:09:42
1651,831,测试用户831,13855925432,上海市,上海市,天河区,天河区测试路420号9栋155室,1,2026-08-02 13:42:42
1652,832,测试用户832,13877524762,江苏省,苏州市,南山区,南山区测试路167号18栋726室,1,2026-08-05 18:59:42
1653,833,测试用户833,13875159326,北京市,北京市,朝阳区,朝阳区测试路533号17栋288室,1,2026-08-10 20:39:42
1654,833,测试用户833,13828287127,湖南省,长沙市,朝阳区,朝阳区测试路430号3栋499室,0,2026-07-30 07:55:42
1655,834,测试用户834,13885491870,上海市,上海市,鼓楼区,鼓楼区测试路657号2栋194室,1,2026-08-13 00:32:42
1656,834,测试用户834,13824657555,北京市,北京市,武昌区,武昌区测试路836号3栋423室,0,2026-08-11 05:50:42
1657,835,测试用户835,13869134843,北京市,北京市,天河区,天河区测试路55号19栋240室,1,2026-08-10 17:53:42
1658,835,测试用户835,13889678144,湖南省,长沙市,锦江区,锦江区测试路322号1栋105室,0,2026-08-01 09:58:42
1659,835,测试用户835,13853919906,上海市,上海市,芙蓉区,芙蓉区测试路716号10栋333室,0,2026-08-12 00:22:42
1660,836,测试用户836,13856253278,湖北省,武汉市,锦江区,锦江区测试路135号20栋364室,1,2026-08-08 03:06:42
1661,836,测试用户836,13893806250,上海市,上海市,朝阳区,朝阳区测试路813号17栋245室,0,2026-08-01 12:04:42
1662,837,测试用户837,13814767638,上海市,上海市,朝阳区,朝阳区测试路265号11栋147室,1,2026-08-12 07:06:42
1663,837,测试用户837,13819223541,湖北省,武汉市,南山区,南山区测试路480号10栋319室,0,2026-08-05 04:39:42
1664,838,测试用户838,13866462292,浙江省,宁波市,南山区,南山区测试路543号2栋516室,1,2026-08-08 01:28:42
1665,838,测试用户838,13836005508,北京市,北京市,武昌区,武昌区测试路603号18栋325室,0,2026-08-08 08:56:42
1666,838,测试用户838,13833739994,浙江省,温州市,西湖区,西湖区测试路326号8栋492室,0,2026-08-07 05:57:42
1667,839,测试用户839,13817123333,北京市,北京市,鼓楼区,鼓楼区测试路457号15栋384室,1,2026-08-15 06:32:42
1668,840,测试用户840,13858885059,四川省,绵阳市,朝阳区,朝阳区测试路984号13栋264室,1,2026-08-10 00:44:42
1669,840,测试用户840,13854735640,北京市,北京市,芙蓉区,芙蓉区测试路924号11栋210室,0,2026-08-15 03:15:42
1670,841,测试用户841,13899400067,江苏省,无锡市,海淀区,海淀区测试路615号4栋340室,1,2026-08-13 16:49:42
1671,841,测试用户841,13890668480,湖南省,株洲市,朝阳区,朝阳区测试路704号1栋246室,0,2026-08-06 09:10:42
1672,841,测试用户841,13833776348,湖南省,株洲市,海淀区,海淀区测试路173号1栋516室,0,2026-07-28 06:57:42
1673,842,测试用户842,13833773513,四川省,绵阳市,朝阳区,朝阳区测试路1号3栋783室,1,2026-08-12 13:27:42
1674,843,测试用户843,13831194143,四川省,成都市,海淀区,海淀区测试路881号14栋878室,1,2026-08-15 16:35:42
1675,843,测试用户843,13834574296,上海市,上海市,天河区,天河区测试路929号12栋918室,0,2026-07-29 10:27:42
1676,844,测试用户844,13847919132,四川省,成都市,武昌区,武昌区测试路45号16栋203室,1,2026-08-01 20:43:42
1677,844,测试用户844,13816646123,广东省,深圳市,芙蓉区,芙蓉区测试路954号12栋826室,0,2026-07-28 21:32:42
1678,844,测试用户844,13816461845,北京市,北京市,朝阳区,朝阳区测试路10号13栋395室,0,2026-07-28 12:36:42
1679,845,测试用户845,13810403216,北京市,北京市,朝阳区,朝阳区测试路285号12栋230室,1,2026-08-15 12:28:42
1680,845,测试用户845,13819664837,北京市,北京市,朝阳区,朝阳区测试路556号10栋742室,0,2026-07-28 15:41:42
1681,845,测试用户845,13858207541,四川省,成都市,芙蓉区,芙蓉区测试路355号8栋483室,0,2026-07-29 08:46:42
1682,846,测试用户846,13814463768,四川省,绵阳市,朝阳区,朝阳区测试路61号14栋599室,1,2026-07-29 00:55:42
1683,847,测试用户847,13883483941,北京市,北京市,锦江区,锦江区测试路61号3栋660室,1,2026-08-03 20:27:42
1684,847,测试用户847,13842431822,湖南省,株洲市,海淀区,海淀区测试路491号17栋374室,0,2026-08-11 19:59:42
1685,847,测试用户847,13886541148,浙江省,温州市,天河区,天河区测试路869号10栋415室,0,2026-07-28 20:32:42
1686,848,测试用户848,13875870908,北京市,北京市,锦江区,锦江区测试路470号13栋877室,1,2026-08-11 08:35:42
1687,849,测试用户849,13811483668,浙江省,杭州市,鼓楼区,鼓楼区测试路75号16栋318室,1,2026-08-04 08:39:42
1688,850,测试用户850,13824195922,湖北省,武汉市,西湖区,西湖区测试路471号18栋361室,1,2026-08-11 00:52:42
1689,851,测试用户851,13839371554,广东省,珠海市,南山区,南山区测试路809号8栋416室,1,2026-08-06 15:51:42
1690,851,测试用户851,13896322270,北京市,北京市,海淀区,海淀区测试路917号14栋960室,0,2026-08-15 07:40:42
1691,851,测试用户851,13843994245,北京市,北京市,芙蓉区,芙蓉区测试路249号1栋256室,0,2026-08-13 16:31:42
1692,852,测试用户852,13892713862,湖南省,长沙市,南山区,南山区测试路950号1栋389室,1,2026-08-06 04:34:42
1693,852,测试用户852,13821774497,湖南省,株洲市,南山区,南山区测试路176号19栋855室,0,2026-07-29 05:36:42
1694,853,测试用户853,13842248411,湖北省,武汉市,天河区,天河区测试路430号6栋917室,1,2026-08-15 20:46:42
1695,854,测试用户854,13835036788,四川省,绵阳市,芙蓉区,芙蓉区测试路80号9栋574室,1,2026-08-02 18:11:42
1696,854,测试用户854,13825372552,广东省,广州市,武昌区,武昌区测试路94号12栋963室,0,2026-08-11 11:10:42
1697,855,测试用户855,13867908115,北京市,北京市,天河区,天河区测试路718号6栋202室,1,2026-07-27 19:13:42
1698,855,测试用户855,13880388195,广东省,广州市,鼓楼区,鼓楼区测试路805号4栋635室,0,2026-07-29 03:09:42
1699,855,测试用户855,13868214906,北京市,北京市,朝阳区,朝阳区测试路109号4栋616室,0,2026-08-03 12:21:42
1700,856,测试用户856,13886366538,四川省,成都市,鼓楼区,鼓楼区测试路768号15栋807室,1,2026-08-01 13:10:42
1701,856,测试用户856,13879358894,上海市,上海市,芙蓉区,芙蓉区测试路46号2栋869室,0,2026-08-06 11:25:42
1702,857,测试用户857,13860390396,浙江省,杭州市,芙蓉区,芙蓉区测试路624号5栋621室,1,2026-07-29 02:58:42
1703,857,测试用户857,13854519864,广东省,珠海市,西湖区,西湖区测试路985号10栋988室,0,2026-08-14 21:49:42
1704,857,测试用户857,13831812203,广东省,广州市,武昌区,武昌区测试路2号2栋282室,0,2026-07-30 12:16:42
1705,858,测试用户858,13828155669,广东省,珠海市,天河区,天河区测试路679号5栋161室,1,2026-08-08 16:38:42
1706,858,测试用户858,13897890289,江苏省,苏州市,西湖区,西湖区测试路217号5栋868室,0,2026-07-30 19:48:42
1707,859,测试用户859,13811370078,湖北省,宜昌市,天河区,天河区测试路690号5栋854室,1,2026-08-16 14:53:42
1708,860,测试用户860,13830034371,浙江省,杭州市,西湖区,西湖区测试路225号5栋234室,1,2026-08-02 03:33:42
1709,860,测试用户860,13842708760,广东省,珠海市,朝阳区,朝阳区测试路382号7栋143室,0,2026-08-12 02:50:42
1710,860,测试用户860,13864647821,湖北省,宜昌市,海淀区,海淀区测试路260号13栋302室,0,2026-08-15 21:03:42
1711,861,测试用户861,13871326503,四川省,成都市,武昌区,武昌区测试路471号12栋508室,1,2026-07-29 15:16:42
1712,862,测试用户862,13813075969,浙江省,杭州市,朝阳区,朝阳区测试路668号6栋713室,1,2026-08-14 05:12:42
1713,862,测试用户862,13860750421,上海市,上海市,西湖区,西湖区测试路886号20栋142室,0,2026-08-11 00:08:42
1714,862,测试用户862,13845389275,浙江省,杭州市,海淀区,海淀区测试路254号18栋941室,0,2026-08-08 16:16:42
1715,863,测试用户863,13886167096,湖北省,武汉市,南山区,南山区测试路84号7栋222室,1,2026-08-03 03:55:42
1716,863,测试用户863,13884783439,北京市,北京市,锦江区,锦江区测试路907号12栋962室,0,2026-08-03 06:26:42
1717,864,测试用户864,13830531509,湖北省,武汉市,锦江区,锦江区测试路87号19栋625室,1,2026-08-04 07:32:42
1718,865,测试用户865,13844190049,江苏省,无锡市,西湖区,西湖区测试路308号2栋552室,1,2026-08-03 06:43:42
1719,866,测试用户866,13840161371,江苏省,无锡市,天河区,天河区测试路582号14栋453室,1,2026-08-16 09:14:42
1720,866,测试用户866,13835470866,湖北省,武汉市,武昌区,武昌区测试路133号6栋495室,0,2026-08-12 04:59:42
1721,866,测试用户866,13829710954,上海市,上海市,西湖区,西湖区测试路262号7栋905室,0,2026-08-02 21:47:42
1722,867,测试用户867,13830307891,四川省,绵阳市,西湖区,西湖区测试路104号17栋971室,1,2026-07-30 21:59:42
1723,867,测试用户867,13893587401,北京市,北京市,朝阳区,朝阳区测试路953号14栋252室,0,2026-08-08 19:36:42
1724,867,测试用户867,13839608852,上海市,上海市,西湖区,西湖区测试路206号18栋447室,0,2026-08-09 14:09:42
1725,868,测试用户868,13899484361,湖南省,长沙市,鼓楼区,鼓楼区测试路59号12栋645室,1,2026-08-09 11:40:42
1726,868,测试用户868,13842331122,江苏省,南京市,海淀区,海淀区测试路80号3栋824室,0,2026-08-04 21:22:42
1727,869,测试用户869,13845846358,湖北省,武汉市,鼓楼区,鼓楼区测试路379号15栋898室,1,2026-08-03 20:19:42
1728,869,测试用户869,13870871955,江苏省,苏州市,鼓楼区,鼓楼区测试路412号19栋830室,0,2026-08-07 19:06:42
1729,870,测试用户870,13842202747,四川省,成都市,鼓楼区,鼓楼区测试路448号12栋678室,1,2026-08-01 10:30:42
1730,870,测试用户870,13867835495,湖北省,宜昌市,朝阳区,朝阳区测试路214号9栋230室,0,2026-08-14 13:34:42
1731,870,测试用户870,13881871771,江苏省,苏州市,海淀区,海淀区测试路715号1栋687室,0,2026-08-05 22:57:42
1732,871,测试用户871,13863566423,上海市,上海市,南山区,南山区测试路611号5栋431室,1,2026-08-05 00:31:42
1733,871,测试用户871,13834390563,湖北省,宜昌市,武昌区,武昌区测试路116号8栋114室,0,2026-08-02 10:47:42
1734,872,测试用户872,13834372953,四川省,成都市,西湖区,西湖区测试路395号4栋934室,1,2026-08-07 17:13:42
1735,873,测试用户873,13865761575,浙江省,杭州市,南山区,南山区测试路837号4栋409室,1,2026-08-06 09:42:42
1736,873,测试用户873,13839529338,北京市,北京市,锦江区,锦江区测试路674号15栋332室,0,2026-08-12 20:58:42
1737,874,测试用户874,13881246829,北京市,北京市,武昌区,武昌区测试路842号12栋272室,1,2026-08-12 15:50:42
1738,875,测试用户875,13847695226,湖南省,长沙市,芙蓉区,芙蓉区测试路326号6栋315室,1,2026-08-04 21:38:42
1739,875,测试用户875,13871828022,广东省,深圳市,芙蓉区,芙蓉区测试路266号9栋965室,0,2026-08-01 17:48:42
1740,876,测试用户876,13896987146,浙江省,温州市,南山区,南山区测试路957号1栋809室,1,2026-07-31 05:05:42
1741,876,测试用户876,13869687908,四川省,成都市,天河区,天河区测试路474号15栋236室,0,2026-07-29 05:30:42
1742,877,测试用户877,13836169665,四川省,绵阳市,天河区,天河区测试路480号1栋215室,1,2026-08-08 17:14:42
1743,877,测试用户877,13868965657,北京市,北京市,南山区,南山区测试路955号18栋165室,0,2026-08-16 07:35:42
1744,877,测试用户877,13830398821,北京市,北京市,海淀区,海淀区测试路496号6栋847室,0,2026-08-12 16:36:42
1745,878,测试用户878,13826094731,四川省,绵阳市,天河区,天河区测试路436号1栋719室,1,2026-08-07 11:19:42
1746,879,测试用户879,13881012800,上海市,上海市,锦江区,锦江区测试路826号3栋607室,1,2026-08-11 17:43:42
1747,879,测试用户879,13893541727,上海市,上海市,锦江区,锦江区测试路355号12栋827室,0,2026-08-12 02:06:42
1748,879,测试用户879,13890655868,湖北省,武汉市,海淀区,海淀区测试路661号6栋690室,0,2026-08-01 11:33:42
1749,880,测试用户880,13841491678,四川省,绵阳市,天河区,天河区测试路152号6栋255室,1,2026-08-02 11:11:42
1750,881,测试用户881,13810191149,浙江省,温州市,南山区,南山区测试路295号12栋974室,1,2026-07-31 20:11:42
1751,881,测试用户881,13827341287,浙江省,宁波市,天河区,天河区测试路233号14栋538室,0,2026-08-14 02:33:42
1752,881,测试用户881,13822299448,北京市,北京市,锦江区,锦江区测试路930号2栋665室,0,2026-08-02 17:23:42
1753,882,测试用户882,13877869393,湖北省,宜昌市,朝阳区,朝阳区测试路827号6栋950室,1,2026-08-10 06:53:42
1754,883,测试用户883,13830934062,北京市,北京市,朝阳区,朝阳区测试路406号4栋463室,1,2026-07-30 10:58:42
1755,884,测试用户884,13876168686,广东省,珠海市,朝阳区,朝阳区测试路683号14栋825室,1,2026-08-08 01:00:42
1756,884,测试用户884,13836884363,江苏省,苏州市,武昌区,武昌区测试路333号15栋872室,0,2026-08-08 14:46:42
1757,884,测试用户884,13829009846,浙江省,杭州市,南山区,南山区测试路976号6栋830室,0,2026-07-31 18:15:42
1758,885,测试用户885,13856453576,江苏省,苏州市,南山区,南山区测试路574号19栋258室,1,2026-08-11 13:09:42
1759,886,测试用户886,13834567276,湖北省,武汉市,锦江区,锦江区测试路841号20栋446室,1,2026-08-10 07:14:42
1760,886,测试用户886,13895286200,北京市,北京市,天河区,天河区测试路810号16栋986室,0,2026-08-09 16:01:42
1761,887,测试用户887,13863260244,上海市,上海市,西湖区,西湖区测试路701号16栋383室,1,2026-08-13 11:55:42
1762,887,测试用户887,13885013013,湖南省,株洲市,天河区,天河区测试路973号10栋891室,0,2026-08-12 22:20:42
1763,887,测试用户887,13898582538,四川省,成都市,海淀区,海淀区测试路74号8栋894室,0,2026-08-04 13:30:42
1764,888,测试用户888,13840767884,北京市,北京市,锦江区,锦江区测试路585号16栋773室,1,2026-08-05 06:51:42
1765,888,测试用户888,13816044217,四川省,绵阳市,武昌区,武昌区测试路371号11栋358室,0,2026-07-29 16:04:42
1766,888,测试用户888,13859430703,广东省,珠海市,朝阳区,朝阳区测试路89号14栋838室,0,2026-08-08 16:51:42
1767,889,测试用户889,13846456110,四川省,绵阳市,锦江区,锦江区测试路18号19栋787室,1,2026-08-14 00:09:42
1768,889,测试用户889,13870513308,湖北省,武汉市,鼓楼区,鼓楼区测试路561号16栋467室,0,2026-08-11 17:25:42
1769,889,测试用户889,13844040426,北京市,北京市,海淀区,海淀区测试路173号14栋263室,0,2026-08-16 16:16:42
1770,890,测试用户890,13898802796,湖南省,长沙市,南山区,南山区测试路92号5栋415室,1,2026-08-14 12:19:42
1771,890,测试用户890,13893255820,浙江省,温州市,锦江区,锦江区测试路414号15栋645室,0,2026-07-28 22:26:42
1772,890,测试用户890,13873695233,湖北省,武汉市,芙蓉区,芙蓉区测试路221号3栋269室,0,2026-08-03 02:58:42
1773,891,测试用户891,13827696823,浙江省,杭州市,南山区,南山区测试路449号13栋792室,1,2026-08-16 04:34:42
1774,891,测试用户891,13841840662,湖南省,株洲市,鼓楼区,鼓楼区测试路861号7栋747室,0,2026-07-28 20:11:42
1775,892,测试用户892,13894552507,浙江省,杭州市,朝阳区,朝阳区测试路789号13栋437室,1,2026-08-07 12:54:42
1776,892,测试用户892,13826735503,四川省,成都市,天河区,天河区测试路149号2栋263室,0,2026-08-13 00:51:42
1777,893,测试用户893,13860752545,北京市,北京市,武昌区,武昌区测试路279号10栋677室,1,2026-08-02 09:25:42
1778,893,测试用户893,13828828124,北京市,北京市,海淀区,海淀区测试路431号18栋576室,0,2026-08-04 09:36:42
1779,894,测试用户894,13849962506,湖北省,宜昌市,锦江区,锦江区测试路587号15栋708室,1,2026-08-02 08:59:42
1780,894,测试用户894,13861761995,上海市,上海市,天河区,天河区测试路912号12栋537室,0,2026-08-15 10:01:42
1781,894,测试用户894,13864587161,四川省,成都市,海淀区,海淀区测试路251号12栋423室,0,2026-08-09 03:43:42
1782,895,测试用户895,13892739686,湖北省,宜昌市,锦江区,锦江区测试路191号15栋552室,1,2026-08-14 14:59:42
1783,896,测试用户896,13839895678,四川省,成都市,锦江区,锦江区测试路329号7栋151室,1,2026-08-05 00:26:42
1784,896,测试用户896,13856944606,北京市,北京市,鼓楼区,鼓楼区测试路113号6栋642室,0,2026-08-11 04:29:42
1785,896,测试用户896,13841510394,浙江省,宁波市,西湖区,西湖区测试路81号11栋729室,0,2026-08-07 02:16:42
1786,897,测试用户897,13847808190,四川省,绵阳市,鼓楼区,鼓楼区测试路424号14栋354室,1,2026-08-07 08:07:42
1787,897,测试用户897,13851257395,江苏省,苏州市,天河区,天河区测试路727号9栋905室,0,2026-08-14 09:16:42
1788,897,测试用户897,13891532029,上海市,上海市,天河区,天河区测试路249号9栋383室,0,2026-07-29 04:37:42
1789,898,测试用户898,13812305350,江苏省,苏州市,西湖区,西湖区测试路539号18栋276室,1,2026-08-12 11:52:42
1790,899,测试用户899,13891260613,四川省,绵阳市,南山区,南山区测试路741号16栋841室,1,2026-08-10 00:13:42
1791,899,测试用户899,13831165240,江苏省,南京市,天河区,天河区测试路107号1栋879室,0,2026-07-29 04:47:42
1792,899,测试用户899,13874255018,北京市,北京市,朝阳区,朝阳区测试路780号2栋591室,0,2026-08-06 08:58:42
1793,900,测试用户900,13894597065,四川省,成都市,西湖区,西湖区测试路727号14栋480室,1,2026-08-06 03:04:42
1794,900,测试用户900,13842807356,广东省,广州市,海淀区,海淀区测试路11号2栋410室,0,2026-08-08 00:28:42
1795,900,测试用户900,13829915454,江苏省,苏州市,朝阳区,朝阳区测试路741号20栋329室,0,2026-07-29 17:03:42
1796,901,测试用户901,13824312453,广东省,珠海市,鼓楼区,鼓楼区测试路140号4栋309室,1,2026-08-02 08:01:42
1797,902,测试用户902,13854394844,四川省,绵阳市,天河区,天河区测试路597号11栋744室,1,2026-08-01 18:20:42
1798,902,测试用户902,13819232076,湖北省,武汉市,天河区,天河区测试路268号12栋666室,0,2026-08-07 12:39:42
1799,903,测试用户903,13839700674,四川省,绵阳市,锦江区,锦江区测试路87号3栋329室,1,2026-07-30 01:32:42
1800,903,测试用户903,13834637969,北京市,北京市,西湖区,西湖区测试路196号14栋262室,0,2026-08-12 17:01:42
1801,903,测试用户903,13871407200,浙江省,杭州市,西湖区,西湖区测试路300号6栋372室,0,2026-08-03 12:14:42
1802,904,测试用户904,13899024698,北京市,北京市,天河区,天河区测试路462号19栋526室,1,2026-07-30 19:11:42
1803,905,测试用户905,13884110857,湖北省,武汉市,海淀区,海淀区测试路811号11栋828室,1,2026-08-12 00:00:42
1804,905,测试用户905,13830534055,江苏省,苏州市,海淀区,海淀区测试路908号3栋763室,0,2026-08-01 03:59:42
1805,905,测试用户905,13845365829,江苏省,南京市,武昌区,武昌区测试路193号2栋410室,0,2026-08-10 08:52:42
1806,906,测试用户906,13816299062,浙江省,温州市,鼓楼区,鼓楼区测试路168号6栋935室,1,2026-07-29 23:38:42
1807,907,测试用户907,13870190702,湖北省,宜昌市,南山区,南山区测试路770号11栋848室,1,2026-08-11 12:43:42
1808,907,测试用户907,13893699313,广东省,珠海市,南山区,南山区测试路813号8栋110室,0,2026-08-12 18:47:42
1809,908,测试用户908,13837435603,湖北省,武汉市,天河区,天河区测试路899号1栋336室,1,2026-08-16 11:43:42
1810,908,测试用户908,13869186422,江苏省,苏州市,武昌区,武昌区测试路70号4栋787室,0,2026-08-03 04:32:42
1811,909,测试用户909,13874208166,湖南省,株洲市,南山区,南山区测试路625号20栋456室,1,2026-08-06 10:58:42
1812,910,测试用户910,13896134890,北京市,北京市,西湖区,西湖区测试路380号7栋158室,1,2026-08-14 12:57:42
1813,910,测试用户910,13844670469,浙江省,温州市,芙蓉区,芙蓉区测试路836号16栋275室,0,2026-08-09 18:42:42
1814,910,测试用户910,13816263500,江苏省,无锡市,南山区,南山区测试路131号18栋404室,0,2026-08-02 16:04:42
1815,911,测试用户911,13831883430,北京市,北京市,武昌区,武昌区测试路981号6栋778室,1,2026-08-12 09:52:42
1816,911,测试用户911,13865510726,四川省,成都市,武昌区,武昌区测试路939号9栋777室,0,2026-07-30 04:09:42
1817,911,测试用户911,13853099315,上海市,上海市,武昌区,武昌区测试路845号9栋524室,0,2026-08-12 23:05:42
1818,912,测试用户912,13861850636,广东省,深圳市,海淀区,海淀区测试路369号18栋333室,1,2026-07-30 04:46:42
1819,912,测试用户912,13877885883,湖南省,长沙市,鼓楼区,鼓楼区测试路894号3栋285室,0,2026-08-12 08:17:42
1820,912,测试用户912,13862909020,北京市,北京市,锦江区,锦江区测试路777号18栋389室,0,2026-08-08 02:09:42
1821,913,测试用户913,13843434142,广东省,广州市,武昌区,武昌区测试路643号7栋563室,1,2026-07-29 16:05:42
1822,913,测试用户913,13821346274,广东省,广州市,南山区,南山区测试路89号2栋223室,0,2026-07-31 04:23:42
1823,913,测试用户913,13884195414,北京市,北京市,鼓楼区,鼓楼区测试路426号20栋152室,0,2026-08-14 04:01:42
1824,914,测试用户914,13894460467,湖南省,株洲市,海淀区,海淀区测试路955号8栋713室,1,2026-08-12 07:49:42
1825,915,测试用户915,13833917974,江苏省,无锡市,鼓楼区,鼓楼区测试路613号11栋853室,1,2026-08-13 03:49:42
1826,915,测试用户915,13876065990,广东省,广州市,南山区,南山区测试路969号13栋867室,0,2026-08-08 11:41:42
1827,915,测试用户915,13812880851,湖南省,长沙市,南山区,南山区测试路370号10栋254室,0,2026-08-12 15:31:42
1828,916,测试用户916,13889336448,湖北省,宜昌市,西湖区,西湖区测试路901号13栋971室,1,2026-08-10 12:08:42
1829,917,测试用户917,13848909287,北京市,北京市,天河区,天河区测试路302号10栋554室,1,2026-08-16 09:23:42
1830,917,测试用户917,13846367920,湖南省,株洲市,海淀区,海淀区测试路476号1栋924室,0,2026-08-11 18:00:42
1831,917,测试用户917,13856890422,四川省,绵阳市,芙蓉区,芙蓉区测试路74号20栋885室,0,2026-08-06 12:05:42
1832,918,测试用户918,13893740325,湖南省,株洲市,西湖区,西湖区测试路719号6栋507室,1,2026-08-02 22:13:42
1833,918,测试用户918,13865581553,浙江省,杭州市,鼓楼区,鼓楼区测试路239号9栋290室,0,2026-08-02 03:25:42
1834,918,测试用户918,13858142922,四川省,成都市,南山区,南山区测试路581号5栋118室,0,2026-08-03 15:59:42
1835,919,测试用户919,13891146225,四川省,成都市,南山区,南山区测试路138号1栋770室,1,2026-08-05 00:09:42
1836,919,测试用户919,13825706912,广东省,广州市,西湖区,西湖区测试路74号11栋986室,0,2026-08-03 12:53:42
1837,920,测试用户920,13841217887,四川省,绵阳市,锦江区,锦江区测试路447号8栋575室,1,2026-08-11 22:29:42
1838,921,测试用户921,13815737190,江苏省,无锡市,南山区,南山区测试路442号13栋178室,1,2026-08-05 21:39:42
1839,922,测试用户922,13836109610,北京市,北京市,朝阳区,朝阳区测试路210号4栋329室,1,2026-07-30 17:53:42
1840,922,测试用户922,13840125106,江苏省,无锡市,芙蓉区,芙蓉区测试路722号6栋166室,0,2026-08-14 13:01:42
1841,922,测试用户922,13820236711,广东省,广州市,南山区,南山区测试路382号10栋624室,0,2026-08-12 20:32:42
1842,923,测试用户923,13865989780,广东省,深圳市,芙蓉区,芙蓉区测试路549号16栋512室,1,2026-08-07 18:49:42
1843,923,测试用户923,13884661566,上海市,上海市,西湖区,西湖区测试路551号2栋499室,0,2026-08-07 09:07:42
1844,923,测试用户923,13815715022,广东省,珠海市,海淀区,海淀区测试路814号13栋282室,0,2026-07-29 01:57:42
1845,924,测试用户924,13852101199,湖南省,株洲市,天河区,天河区测试路534号11栋895室,1,2026-08-03 22:30:42
1846,924,测试用户924,13825938617,江苏省,苏州市,西湖区,西湖区测试路611号14栋842室,0,2026-08-12 12:37:42
1847,925,测试用户925,13868534862,广东省,广州市,南山区,南山区测试路829号5栋284室,1,2026-08-14 12:44:42
1848,925,测试用户925,13816103166,北京市,北京市,朝阳区,朝阳区测试路292号6栋727室,0,2026-08-08 01:42:42
1849,925,测试用户925,13878595982,上海市,上海市,武昌区,武昌区测试路940号19栋892室,0,2026-08-13 16:25:42
1850,926,测试用户926,13888937138,湖南省,长沙市,锦江区,锦江区测试路625号20栋728室,1,2026-08-08 00:11:42
1851,926,测试用户926,13836731136,上海市,上海市,芙蓉区,芙蓉区测试路114号18栋121室,0,2026-08-15 10:59:42
1852,926,测试用户926,13812810085,湖北省,宜昌市,锦江区,锦江区测试路756号6栋824室,0,2026-08-16 17:55:42
1853,927,测试用户927,13882375751,浙江省,温州市,南山区,南山区测试路345号7栋658室,1,2026-08-04 12:00:42
1854,927,测试用户927,13894799875,上海市,上海市,鼓楼区,鼓楼区测试路48号11栋930室,0,2026-08-11 10:40:42
1855,928,测试用户928,13857684613,浙江省,温州市,海淀区,海淀区测试路567号6栋528室,1,2026-07-28 13:13:42
1856,928,测试用户928,13863433094,北京市,北京市,武昌区,武昌区测试路547号14栋268室,0,2026-08-02 04:56:42
1857,928,测试用户928,13884599555,浙江省,杭州市,南山区,南山区测试路911号7栋994室,0,2026-07-30 22:58:42
1858,929,测试用户929,13864694937,浙江省,杭州市,武昌区,武昌区测试路922号3栋618室,1,2026-08-05 22:48:42
1859,929,测试用户929,13871052396,湖北省,武汉市,锦江区,锦江区测试路108号8栋545室,0,2026-07-30 09:06:42
1860,930,测试用户930,13830810799,北京市,北京市,天河区,天河区测试路680号17栋911室,1,2026-08-11 11:58:42
1861,931,测试用户931,13878196270,广东省,广州市,芙蓉区,芙蓉区测试路749号8栋458室,1,2026-08-11 04:08:42
1862,932,测试用户932,13812655477,上海市,上海市,鼓楼区,鼓楼区测试路416号16栋605室,1,2026-08-04 15:14:42
1863,932,测试用户932,13888114875,北京市,北京市,鼓楼区,鼓楼区测试路172号1栋751室,0,2026-07-30 02:49:42
1864,932,测试用户932,13893372014,江苏省,南京市,朝阳区,朝阳区测试路131号15栋722室,0,2026-08-02 05:48:42
1865,933,测试用户933,13887786608,上海市,上海市,锦江区,锦江区测试路874号18栋759室,1,2026-08-09 01:11:42
1866,933,测试用户933,13833916938,江苏省,苏州市,武昌区,武昌区测试路753号1栋834室,0,2026-08-11 20:30:42
1867,934,测试用户934,13861602986,四川省,绵阳市,芙蓉区,芙蓉区测试路783号6栋727室,1,2026-08-05 00:02:42
1868,934,测试用户934,13870158717,上海市,上海市,鼓楼区,鼓楼区测试路210号10栋732室,0,2026-07-31 00:19:42
1869,935,测试用户935,13890845239,四川省,绵阳市,天河区,天河区测试路280号14栋744室,1,2026-08-16 04:08:42
1870,936,测试用户936,13869733842,广东省,珠海市,海淀区,海淀区测试路275号16栋247室,1,2026-07-28 05:28:42
1871,936,测试用户936,13887053633,江苏省,南京市,武昌区,武昌区测试路634号13栋597室,0,2026-08-16 01:55:42
1872,937,测试用户937,13844213454,湖南省,株洲市,武昌区,武昌区测试路573号12栋803室,1,2026-07-28 00:37:42
1873,937,测试用户937,13878324734,湖北省,宜昌市,朝阳区,朝阳区测试路199号20栋922室,0,2026-07-31 09:48:42
1874,937,测试用户937,13848785602,湖北省,宜昌市,天河区,天河区测试路860号15栋632室,0,2026-08-06 12:30:42
1875,938,测试用户938,13888420719,上海市,上海市,西湖区,西湖区测试路547号1栋372室,1,2026-08-07 08:55:42
1876,938,测试用户938,13862948689,广东省,珠海市,芙蓉区,芙蓉区测试路897号1栋435室,0,2026-08-11 15:02:42
1877,938,测试用户938,13828728874,北京市,北京市,锦江区,锦江区测试路985号15栋141室,0,2026-08-04 06:37:42
1878,939,测试用户939,13834043964,北京市,北京市,芙蓉区,芙蓉区测试路278号18栋954室,1,2026-08-08 07:22:42
1879,939,测试用户939,13884662900,上海市,上海市,海淀区,海淀区测试路899号18栋687室,0,2026-07-30 12:00:42
1880,939,测试用户939,13850952683,北京市,北京市,武昌区,武昌区测试路683号18栋665室,0,2026-08-08 23:17:42
1881,940,测试用户940,13884266992,湖南省,株洲市,朝阳区,朝阳区测试路356号14栋987室,1,2026-08-09 18:46:42
1882,940,测试用户940,13816340888,湖南省,株洲市,海淀区,海淀区测试路1号7栋148室,0,2026-08-04 19:31:42
1883,940,测试用户940,13896577053,湖北省,武汉市,鼓楼区,鼓楼区测试路209号1栋467室,0,2026-08-04 09:49:42
1884,941,测试用户941,13868824263,江苏省,无锡市,天河区,天河区测试路555号10栋543室,1,2026-08-02 00:52:42
1885,941,测试用户941,13881245386,湖南省,长沙市,朝阳区,朝阳区测试路484号6栋525室,0,2026-08-15 18:48:42
1886,941,测试用户941,13826492036,浙江省,宁波市,鼓楼区,鼓楼区测试路49号8栋378室,0,2026-08-07 09:39:42
1887,942,测试用户942,13846810385,北京市,北京市,武昌区,武昌区测试路682号11栋533室,1,2026-07-30 06:03:42
1888,943,测试用户943,13860711458,广东省,深圳市,海淀区,海淀区测试路146号5栋220室,1,2026-08-06 07:16:42
1889,943,测试用户943,13852335811,湖北省,宜昌市,南山区,南山区测试路955号14栋887室,0,2026-08-11 13:01:42
1890,944,测试用户944,13841663551,上海市,上海市,鼓楼区,鼓楼区测试路221号10栋551室,1,2026-08-16 10:24:42
1891,945,测试用户945,13882636467,湖南省,株洲市,西湖区,西湖区测试路296号11栋482室,1,2026-07-28 11:17:42
1892,945,测试用户945,13822937099,湖北省,宜昌市,南山区,南山区测试路869号8栋648室,0,2026-08-09 08:55:42
1893,946,测试用户946,13854696776,上海市,上海市,西湖区,西湖区测试路747号12栋324室,1,2026-08-13 13:11:42
1894,946,测试用户946,13862933653,北京市,北京市,天河区,天河区测试路131号6栋194室,0,2026-08-13 20:06:42
1895,947,测试用户947,13895001070,浙江省,温州市,南山区,南山区测试路994号15栋607室,1,2026-08-11 05:06:42
1896,947,测试用户947,13843068667,江苏省,无锡市,芙蓉区,芙蓉区测试路633号12栋670室,0,2026-08-05 20:12:42
1897,948,测试用户948,13888444347,四川省,成都市,南山区,南山区测试路685号10栋275室,1,2026-08-05 14:10:42
1898,948,测试用户948,13825523106,四川省,成都市,锦江区,锦江区测试路515号11栋601室,0,2026-08-04 23:50:42
1899,949,测试用户949,13817009579,上海市,上海市,鼓楼区,鼓楼区测试路542号2栋472室,1,2026-08-06 23:50:42
1900,949,测试用户949,13851239244,江苏省,苏州市,武昌区,武昌区测试路276号16栋336室,0,2026-08-04 22:42:42
1901,950,测试用户950,13880991030,广东省,深圳市,武昌区,武昌区测试路750号10栋215室,1,2026-08-02 15:33:42
1902,950,测试用户950,13836768222,江苏省,无锡市,武昌区,武昌区测试路267号10栋968室,0,2026-07-28 12:53:42
1903,951,测试用户951,13881714625,浙江省,宁波市,芙蓉区,芙蓉区测试路32号8栋300室,1,2026-08-13 02:42:42
1904,951,测试用户951,13836983030,湖北省,武汉市,朝阳区,朝阳区测试路246号17栋716室,0,2026-08-11 04:56:42
1905,952,测试用户952,13819169403,湖南省,长沙市,芙蓉区,芙蓉区测试路362号6栋592室,1,2026-07-30 03:43:42
1906,953,测试用户953,13834689953,江苏省,无锡市,锦江区,锦江区测试路324号3栋421室,1,2026-08-11 15:27:42
1907,954,测试用户954,13898703668,江苏省,苏州市,鼓楼区,鼓楼区测试路218号11栋847室,1,2026-08-09 03:04:42
1908,954,测试用户954,13885769270,北京市,北京市,芙蓉区,芙蓉区测试路885号4栋465室,0,2026-08-02 21:25:42
1909,954,测试用户954,13861206200,浙江省,宁波市,西湖区,西湖区测试路509号3栋853室,0,2026-08-01 04:08:42
1910,955,测试用户955,13889034153,广东省,珠海市,锦江区,锦江区测试路955号3栋418室,1,2026-08-09 12:03:42
1911,955,测试用户955,13860475340,湖北省,武汉市,西湖区,西湖区测试路645号14栋369室,0,2026-08-06 17:16:42
1912,956,测试用户956,13816472544,北京市,北京市,朝阳区,朝阳区测试路546号20栋668室,1,2026-08-06 03:41:42
1913,956,测试用户956,13831974909,北京市,北京市,鼓楼区,鼓楼区测试路98号3栋654室,0,2026-07-28 05:13:42
1914,956,测试用户956,13897315490,江苏省,苏州市,南山区,南山区测试路302号13栋384室,0,2026-07-31 02:36:42
1915,957,测试用户957,13832910504,湖南省,株洲市,武昌区,武昌区测试路575号12栋944室,1,2026-08-01 08:15:42
1916,957,测试用户957,13824919894,四川省,成都市,芙蓉区,芙蓉区测试路863号19栋153室,0,2026-08-11 14:51:42
1917,957,测试用户957,13891765803,湖南省,株洲市,芙蓉区,芙蓉区测试路677号3栋940室,0,2026-08-12 09:22:42
1918,958,测试用户958,13820999047,浙江省,温州市,武昌区,武昌区测试路474号1栋437室,1,2026-07-29 02:36:42
1919,958,测试用户958,13845685256,江苏省,苏州市,朝阳区,朝阳区测试路814号7栋536室,0,2026-08-01 13:22:42
1920,958,测试用户958,13834457853,湖北省,武汉市,朝阳区,朝阳区测试路744号7栋754室,0,2026-08-16 12:22:42
1921,959,测试用户959,13825311147,四川省,绵阳市,芙蓉区,芙蓉区测试路794号3栋692室,1,2026-08-08 23:24:42
1922,959,测试用户959,13887368164,上海市,上海市,鼓楼区,鼓楼区测试路12号1栋856室,0,2026-07-27 20:57:42
1923,959,测试用户959,13872815282,广东省,广州市,武昌区,武昌区测试路591号2栋480室,0,2026-08-06 14:20:42
1924,960,测试用户960,13860152980,湖北省,武汉市,天河区,天河区测试路92号11栋863室,1,2026-07-31 01:07:42
1925,960,测试用户960,13899783064,北京市,北京市,海淀区,海淀区测试路327号7栋230室,0,2026-08-04 18:08:42
1926,961,测试用户961,13888449326,上海市,上海市,天河区,天河区测试路82号1栋355室,1,2026-07-30 14:01:42
1927,961,测试用户961,13896747374,湖南省,株洲市,南山区,南山区测试路887号11栋458室,0,2026-08-13 11:09:42
1928,961,测试用户961,13881285557,湖北省,武汉市,海淀区,海淀区测试路336号18栋917室,0,2026-08-13 02:10:42
1929,962,测试用户962,13818186816,北京市,北京市,鼓楼区,鼓楼区测试路901号5栋407室,1,2026-08-09 20:26:42
1930,963,测试用户963,13881260169,湖北省,武汉市,鼓楼区,鼓楼区测试路509号7栋489室,1,2026-08-04 13:57:42
1931,964,测试用户964,13878405004,上海市,上海市,鼓楼区,鼓楼区测试路738号20栋511室,1,2026-07-29 11:42:42
1932,964,测试用户964,13810954878,四川省,成都市,海淀区,海淀区测试路642号11栋658室,0,2026-08-06 05:50:42
1933,965,测试用户965,13821535774,江苏省,苏州市,天河区,天河区测试路667号11栋982室,1,2026-08-04 06:40:42
1934,965,测试用户965,13856535615,湖南省,长沙市,鼓楼区,鼓楼区测试路809号4栋204室,0,2026-08-04 09:40:42
1935,966,测试用户966,13842210133,北京市,北京市,芙蓉区,芙蓉区测试路483号16栋287室,1,2026-08-02 18:01:42
1936,966,测试用户966,13897262584,广东省,珠海市,锦江区,锦江区测试路388号14栋105室,0,2026-08-06 11:37:42
1937,967,测试用户967,13844416747,上海市,上海市,西湖区,西湖区测试路71号14栋179室,1,2026-08-15 15:16:42
1938,968,测试用户968,13854931009,湖南省,株洲市,天河区,天河区测试路549号10栋520室,1,2026-08-08 17:32:42
1939,968,测试用户968,13899829082,上海市,上海市,天河区,天河区测试路574号18栋102室,0,2026-08-12 03:42:42
1940,968,测试用户968,13875311205,北京市,北京市,南山区,南山区测试路430号7栋533室,0,2026-08-12 02:00:42
1941,969,测试用户969,13846317732,江苏省,无锡市,西湖区,西湖区测试路465号4栋642室,1,2026-07-29 11:18:42
1942,970,测试用户970,13887193004,浙江省,杭州市,锦江区,锦江区测试路817号2栋529室,1,2026-08-01 06:39:42
1943,970,测试用户970,13877868041,北京市,北京市,南山区,南山区测试路550号9栋729室,0,2026-07-31 04:07:42
1944,971,测试用户971,13841826980,四川省,绵阳市,朝阳区,朝阳区测试路852号11栋651室,1,2026-08-02 14:01:42
1945,971,测试用户971,13845686084,湖南省,长沙市,武昌区,武昌区测试路910号7栋122室,0,2026-08-03 01:20:42
1946,972,测试用户972,13814713027,上海市,上海市,西湖区,西湖区测试路208号10栋314室,1,2026-07-29 02:07:42
1947,973,测试用户973,13883601876,上海市,上海市,天河区,天河区测试路482号15栋768室,1,2026-08-05 02:41:42
1948,973,测试用户973,13848113094,浙江省,杭州市,锦江区,锦江区测试路780号16栋561室,0,2026-08-16 10:49:42
1949,973,测试用户973,13891207477,浙江省,温州市,海淀区,海淀区测试路13号20栋216室,0,2026-08-05 12:23:42
1950,974,测试用户974,13883142099,湖北省,武汉市,南山区,南山区测试路131号13栋237室,1,2026-08-05 10:05:42
1951,974,测试用户974,13819102656,广东省,广州市,西湖区,西湖区测试路671号6栋984室,0,2026-08-09 16:16:42
1952,974,测试用户974,13871985141,北京市,北京市,武昌区,武昌区测试路138号1栋375室,0,2026-08-08 16:54:42
1953,975,测试用户975,13885836526,湖南省,株洲市,朝阳区,朝阳区测试路221号6栋378室,1,2026-08-05 11:02:42
1954,976,测试用户976,13892694983,上海市,上海市,武昌区,武昌区测试路317号4栋750室,1,2026-08-12 14:07:42
1955,976,测试用户976,13813779742,江苏省,无锡市,武昌区,武昌区测试路602号18栋587室,0,2026-08-11 19:31:42
1956,976,测试用户976,13837472503,江苏省,无锡市,锦江区,锦江区测试路188号6栋483室,0,2026-08-14 03:02:42
1957,977,测试用户977,13811877542,广东省,广州市,西湖区,西湖区测试路272号7栋277室,1,2026-08-03 15:49:42
1958,977,测试用户977,13851000665,北京市,北京市,天河区,天河区测试路392号17栋542室,0,2026-08-12 20:31:42
1959,978,测试用户978,13830039953,北京市,北京市,海淀区,海淀区测试路560号13栋560室,1,2026-08-11 16:56:42
1960,979,测试用户979,13841735204,北京市,北京市,鼓楼区,鼓楼区测试路401号14栋839室,1,2026-08-12 16:19:42
1961,980,测试用户980,13888301601,浙江省,宁波市,芙蓉区,芙蓉区测试路32号1栋448室,1,2026-08-02 03:17:42
1962,980,测试用户980,13822855332,四川省,成都市,海淀区,海淀区测试路507号8栋240室,0,2026-08-06 00:55:42
1963,981,测试用户981,13822009163,湖南省,长沙市,武昌区,武昌区测试路195号2栋771室,1,2026-08-02 13:45:42
1964,982,测试用户982,13861093299,上海市,上海市,芙蓉区,芙蓉区测试路580号2栋862室,1,2026-07-31 02:59:42
1965,983,测试用户983,13834915893,湖北省,宜昌市,南山区,南山区测试路123号1栋924室,1,2026-08-08 08:00:42
1966,984,测试用户984,13825015562,江苏省,无锡市,锦江区,锦江区测试路508号4栋684室,1,2026-08-11 01:04:42
1967,984,测试用户984,13871040634,上海市,上海市,海淀区,海淀区测试路263号10栋351室,0,2026-08-03 17:46:42
1968,984,测试用户984,13827682464,浙江省,宁波市,西湖区,西湖区测试路189号12栋248室,0,2026-08-13 22:30:42
1969,985,测试用户985,13838813033,广东省,深圳市,南山区,南山区测试路934号19栋377室,1,2026-08-14 14:09:42
1970,986,测试用户986,13869871522,北京市,北京市,西湖区,西湖区测试路817号16栋285室,1,2026-08-03 23:54:42
1971,986,测试用户986,13866460869,浙江省,温州市,南山区,南山区测试路657号12栋424室,0,2026-08-13 10:56:42
1972,986,测试用户986,13820590155,广东省,深圳市,锦江区,锦江区测试路668号15栋718室,0,2026-08-06 19:20:42
1973,987,测试用户987,13858196283,广东省,深圳市,鼓楼区,鼓楼区测试路599号18栋460室,1,2026-08-13 06:53:42
1974,988,测试用户988,13852905265,上海市,上海市,朝阳区,朝阳区测试路979号18栋696室,1,2026-08-14 13:04:42
1975,989,测试用户989,13865515657,湖北省,宜昌市,芙蓉区,芙蓉区测试路262号16栋670室,1,2026-08-03 02:12:42
1976,989,测试用户989,13872224542,湖北省,武汉市,天河区,天河区测试路389号2栋110室,0,2026-07-31 02:38:42
1977,990,测试用户990,13878608323,湖南省,株洲市,海淀区,海淀区测试路768号8栋549室,1,2026-07-30 16:19:42
1978,990,测试用户990,13849134657,上海市,上海市,武昌区,武昌区测试路635号19栋234室,0,2026-08-14 05:36:42
1979,991,测试用户991,13837058295,北京市,北京市,芙蓉区,芙蓉区测试路403号20栋848室,1,2026-08-12 12:05:42
1980,992,测试用户992,13846106651,浙江省,宁波市,芙蓉区,芙蓉区测试路523号14栋377室,1,2026-08-02 17:23:42
1981,992,测试用户992,13887052284,广东省,广州市,天河区,天河区测试路989号17栋521室,0,2026-08-06 10:28:42
1982,993,测试用户993,13832571736,广东省,珠海市,海淀区,海淀区测试路68号6栋305室,1,2026-07-31 21:08:42
1983,994,测试用户994,13810199996,北京市,北京市,鼓楼区,鼓楼区测试路900号7栋880室,1,2026-08-10 18:52:42
1984,995,测试用户995,13849150077,北京市,北京市,天河区,天河区测试路762号13栋565室,1,2026-08-09 00:48:42
1985,996,测试用户996,13879939821,北京市,北京市,芙蓉区,芙蓉区测试路586号19栋193室,1,2026-08-13 10:48:42
1986,996,测试用户996,13887798642,湖北省,武汉市,海淀区,海淀区测试路978号3栋494室,0,2026-07-28 19:15:42
1987,996,测试用户996,13876366924,广东省,广州市,南山区,南山区测试路207号15栋860室,0,2026-07-28 21:21:42
1988,997,测试用户997,13811195394,湖南省,长沙市,锦江区,锦江区测试路555号11栋408室,1,2026-07-30 16:01:42
1989,997,测试用户997,13862144644,湖北省,宜昌市,西湖区,西湖区测试路251号2栋152室,0,2026-08-15 23:03:42
1990,997,测试用户997,13843425740,江苏省,无锡市,天河区,天河区测试路445号4栋200室,0,2026-08-09 04:50:42
1991,998,测试用户998,13898872644,上海市,上海市,朝阳区,朝阳区测试路619号18栋762室,1,2026-08-04 20:39:42
1992,999,测试用户999,13830143561,广东省,珠海市,西湖区,西湖区测试路997号1栋294室,1,2026-08-07 21:55:42
1993,999,测试用户999,13853478750,上海市,上海市,天河区,天河区测试路781号8栋385室,0,2026-08-03 05:54:42
1994,1000,测试用户1000,13848035096,四川省,绵阳市,西湖区,西湖区测试路596号9栋984室,1,2026-08-04 05:27:42
1995,1000,测试用户1000,13822816522,广东省,珠海市,海淀区,海淀区测试路60号18栋242室,0,2026-08-07 22:09:42
